phase	kind	file	line	target	change	text
p002	c-include	include/drivers/gpu-share.h	16	include/drivers/gpu-scanout.h	drivers/gpu-scanout.h -> drivers/gpu/gpu-scanout.h	#include <drivers/gpu-scanout.h>
p002	c-include	include/drivers/gpu.h	16	include/drivers/gpu-display.h	drivers/gpu-display.h -> drivers/gpu/gpu-display.h	#include <drivers/gpu-display.h>
p002	c-include	include/drivers/gpu.h	17	include/drivers/gpu-share.h	drivers/gpu-share.h -> drivers/gpu/gpu-share.h	#include <drivers/gpu-share.h>
p002	c-include	include/drivers/gpu.h	18	include/drivers/gpu-scanout.h	drivers/gpu-scanout.h -> drivers/gpu/gpu-scanout.h	#include <drivers/gpu-scanout.h>
p002	c-include	include/drivers/pci-xhci-control.h	15	include/drivers/usb.h	drivers/usb.h -> drivers/usb/usb.h	#include <drivers/usb.h>
p002	c-include	include/drivers/pci.h	22	include/drivers/dma.h	drivers/dma.h -> drivers/generic/dma.h	#include <drivers/dma.h>
p002	c-include	include/drivers/usb.h	25	include/drivers/dma.h	drivers/dma.h -> drivers/generic/dma.h	#include <drivers/dma.h>
p002	c-include	src/drivers/disklabel/gpt.c	12	include/drivers/disklabel.h	drivers/disklabel.h -> drivers/disklabel/disklabel.h	#include <drivers/disklabel.h>
p002	c-include	src/drivers/disklabel/mbr.c	11	include/drivers/disklabel.h	drivers/disklabel.h -> drivers/disklabel/disklabel.h	#include <drivers/disklabel.h>
p002	c-include	src/drivers/disklabel/pc98.c	12	include/drivers/disklabel.h	drivers/disklabel.h -> drivers/disklabel/disklabel.h	#include <drivers/disklabel.h>
p002	c-include	src/drivers/disklabel/pcat.c	12	include/drivers/disklabel.h	drivers/disklabel.h -> drivers/disklabel/disklabel.h	#include <drivers/disklabel.h>
p002	c-include	src/drivers/disklabel/sun.c	12	include/drivers/disklabel.h	drivers/disklabel.h -> drivers/disklabel/disklabel.h	#include <drivers/disklabel.h>
p002	c-include	src/drivers/disklabel/x68k.c	12	include/drivers/disklabel.h	drivers/disklabel.h -> drivers/disklabel/disklabel.h	#include <drivers/disklabel.h>
p002	c-include	src/drivers/ethernet/dp8390.c	12	include/drivers/dp8390.h	drivers/dp8390.h -> drivers/ethernet/dp8390.h	#include "drivers/dp8390.h"
p002	c-include	src/drivers/generic/dma.c	12	include/drivers/dma.h	drivers/dma.h -> drivers/generic/dma.h	#include <drivers/dma.h>
p002	c-include	src/drivers/gpu/gpu-fence.c	14	include/drivers/gpu-fence.h	drivers/gpu-fence.h -> drivers/gpu/gpu-fence.h	#include <drivers/gpu-fence.h>
p002	c-include	src/drivers/gpu/gpu.c	13	include/drivers/gpu.h	drivers/gpu.h -> drivers/gpu/gpu.h	#include <drivers/gpu.h>
p002	c-include	src/drivers/gpu/gpu.c	14	include/drivers/gpu-scanout.h	drivers/gpu-scanout.h -> drivers/gpu/gpu-scanout.h	#include <drivers/gpu-scanout.h>
p002	c-include	src/drivers/gpu/gpu.c	18	include/drivers/gpu-fence.h	drivers/gpu-fence.h -> drivers/gpu/gpu-fence.h	#include <drivers/gpu-fence.h>
p002	c-include	src/drivers/gpu/i915-old/i915.c	21	include/drivers/gpu.h	drivers/gpu.h -> drivers/gpu/gpu.h	#include <drivers/gpu.h>
p002	c-include	src/drivers/gpu/i915-old/i915.c	22	include/drivers/i915.h	drivers/i915.h -> drivers/pci/pci-i915.h	#include <drivers/i915.h>
p002	c-include	src/drivers/gpu/i915-old/i915.c	32	include/drivers/gpu-display.h	drivers/gpu-display.h -> drivers/gpu/gpu-display.h	#include <drivers/gpu-display.h>
p002	c-include	src/drivers/gpu/i915-old/i915.c	33	include/drivers/gpu-scanout.h	drivers/gpu-scanout.h -> drivers/gpu/gpu-scanout.h	#include <drivers/gpu-scanout.h>
p002	c-include	src/drivers/gpu/i915-old/i915.c	34	include/drivers/gpu-share.h	drivers/gpu-share.h -> drivers/gpu/gpu-share.h	#include <drivers/gpu-share.h>
p002	c-include	src/drivers/gpu/i915-old/internal.h	19	include/drivers/pci.h	drivers/pci.h -> drivers/pci/pci.h	#include <drivers/pci.h>
p002	c-include	src/drivers/gpu/i915-old/parity/backend_dma.c	11	include/drivers/dma.h	drivers/dma.h -> drivers/generic/dma.h	#include <drivers/dma.h>
p002	c-include	src/drivers/gpu/i915-old/parity/gt_mem.c	16	include/drivers/dma.h	drivers/dma.h -> drivers/generic/dma.h	#include <drivers/dma.h>
p002	c-include	src/drivers/gpu/i915-old/parity/gt_mem.h	39	include/drivers/dma.h	drivers/dma.h -> drivers/generic/dma.h	#include <drivers/dma.h>
p002	c-include	src/drivers/gpu/i915-old/parity/ktest.c	54	include/drivers/dma.h	drivers/dma.h -> drivers/generic/dma.h	#include <drivers/dma.h>
p002	c-include	src/drivers/gpu/i915-old/parity/pch.c	6	include/drivers/pci.h	drivers/pci.h -> drivers/pci/pci.h	#include <drivers/pci.h>
p002	c-include	src/drivers/gpu/i915-old/parity/probe.c	12	include/drivers/dma.h	drivers/dma.h -> drivers/generic/dma.h	#include <drivers/dma.h>
p002	c-include	src/drivers/gpu/i915-old/parity/resident_display.c	35	include/drivers/gpu.h	drivers/gpu.h -> drivers/gpu/gpu.h	#include <drivers/gpu.h>
p002	c-include	src/drivers/gpu/i915-old/parity/resident_display.c	36	include/drivers/gpu-display.h	drivers/gpu-display.h -> drivers/gpu/gpu-display.h	#include <drivers/gpu-display.h>
p002	c-include	src/drivers/gpu/i915-old/parity/resident_display.c	37	include/drivers/gpu-scanout.h	drivers/gpu-scanout.h -> drivers/gpu/gpu-scanout.h	#include <drivers/gpu-scanout.h>
p002	c-include	src/drivers/gpu/i915-old/parity/vga.c	14	include/drivers/pci.h	drivers/pci.h -> drivers/pci/pci.h	#include <drivers/pci.h>
p002	c-include	src/drivers/gpu/i915-old/request.c	25	include/drivers/gpu.h	drivers/gpu.h -> drivers/gpu/gpu.h	#include <drivers/gpu.h>
p002	c-include	src/drivers/gpu/i915/command.c	32	include/drivers/gpu.h	drivers/gpu.h -> drivers/gpu/gpu.h	#include <drivers/gpu.h>
p002	c-include	src/drivers/gpu/i915/device.c	29	include/drivers/dma.h	drivers/dma.h -> drivers/generic/dma.h	#include <drivers/dma.h>
p002	c-include	src/drivers/gpu/i915/device.c	30	include/drivers/i915.h	drivers/i915.h -> drivers/pci/pci-i915.h	#include <drivers/i915.h>
p002	c-include	src/drivers/gpu/i915/device.c	31	include/drivers/pci.h	drivers/pci.h -> drivers/pci/pci.h	#include <drivers/pci.h>
p002	c-include	src/drivers/gpu/i915/display/capture.c	93	include/drivers/gpu.h	drivers/gpu.h -> drivers/gpu/gpu.h	#include <drivers/gpu.h>
p002	c-include	src/drivers/gpu/i915/display/capture.c	94	include/drivers/gpu-display.h	drivers/gpu-display.h -> drivers/gpu/gpu-display.h	#include <drivers/gpu-display.h>
p002	c-include	src/drivers/gpu/i915/display/display.c	57	include/drivers/gpu.h	drivers/gpu.h -> drivers/gpu/gpu.h	#include <drivers/gpu.h>
p002	c-include	src/drivers/gpu/i915/display/display.c	58	include/drivers/gpu-display.h	drivers/gpu-display.h -> drivers/gpu/gpu-display.h	#include <drivers/gpu-display.h>
p002	c-include	src/drivers/gpu/i915/display/display.c	59	include/drivers/gpu-scanout.h	drivers/gpu-scanout.h -> drivers/gpu/gpu-scanout.h	#include <drivers/gpu-scanout.h>
p002	c-include	src/drivers/gpu/i915/display/display.c	60	include/drivers/pci.h	drivers/pci.h -> drivers/pci/pci.h	#include <drivers/pci.h>
p002	c-include	src/drivers/gpu/i915/display/present.c	52	include/drivers/gpu.h	drivers/gpu.h -> drivers/gpu/gpu.h	#include <drivers/gpu.h>
p002	c-include	src/drivers/gpu/i915/display/present.c	53	include/drivers/gpu-display.h	drivers/gpu-display.h -> drivers/gpu/gpu-display.h	#include <drivers/gpu-display.h>
p002	c-include	src/drivers/gpu/i915/display/scanout.c	46	include/drivers/gpu.h	drivers/gpu.h -> drivers/gpu/gpu.h	#include <drivers/gpu.h>
p002	c-include	src/drivers/gpu/i915/display/scanout.c	47	include/drivers/gpu-scanout.h	drivers/gpu-scanout.h -> drivers/gpu/gpu-scanout.h	#include <drivers/gpu-scanout.h>
p002	c-include	src/drivers/gpu/i915/display/takeover.c	76	include/drivers/pci.h	drivers/pci.h -> drivers/pci/pci.h	#include <drivers/pci.h>
p002	c-include	src/drivers/gpu/i915/dma.c	23	include/drivers/dma.h	drivers/dma.h -> drivers/generic/dma.h	#include <drivers/dma.h>
p002	c-include	src/drivers/gpu/i915/gt.h	19	include/drivers/dma.h	drivers/dma.h -> drivers/generic/dma.h	#include <drivers/dma.h>
p002	c-include	src/drivers/gpu/i915/gt.h	20	include/drivers/pci.h	drivers/pci.h -> drivers/pci/pci.h	#include <drivers/pci.h>
p002	c-include	src/drivers/gpu/i915/i915.c	27	include/drivers/gpu.h	drivers/gpu.h -> drivers/gpu/gpu.h	#include <drivers/gpu.h>
p002	c-include	src/drivers/gpu/i915/i915.c	28	include/drivers/i915.h	drivers/i915.h -> drivers/pci/pci-i915.h	#include <drivers/i915.h>
p002	c-include	src/drivers/gpu/i915/i915.c	29	include/drivers/pci.h	drivers/pci.h -> drivers/pci/pci.h	#include <drivers/pci.h>
p002	c-include	src/drivers/gpu/i915/i915.h	19	include/drivers/gpu.h	drivers/gpu.h -> drivers/gpu/gpu.h	#include <drivers/gpu.h>
p002	c-include	src/drivers/gpu/i915/i915.h	20	include/drivers/pci.h	drivers/pci.h -> drivers/pci/pci.h	#include <drivers/pci.h>
p002	c-include	src/drivers/gpu/i915/job.c	25	include/drivers/gpu.h	drivers/gpu.h -> drivers/gpu/gpu.h	#include <drivers/gpu.h>
p002	c-include	src/drivers/gpu/i915/memory.c	26	include/drivers/dma.h	drivers/dma.h -> drivers/generic/dma.h	#include <drivers/dma.h>
p002	c-include	src/drivers/gpu/i915/memory.h	33	include/drivers/dma.h	drivers/dma.h -> drivers/generic/dma.h	#include <drivers/dma.h>
p002	c-include	src/drivers/gpu/i915/pci.c	21	include/drivers/pci.h	drivers/pci.h -> drivers/pci/pci.h	#include <drivers/pci.h>
p002	c-include	src/drivers/gpu/i915/request-queue.c	20	include/drivers/gpu.h	drivers/gpu.h -> drivers/gpu/gpu.h	#include <drivers/gpu.h>
p002	c-include	src/drivers/gpu/i915/reset.c	29	include/drivers/gpu.h	drivers/gpu.h -> drivers/gpu/gpu.h	#include <drivers/gpu.h>
p002	c-include	src/drivers/gpu/i915/resource.c	28	include/drivers/gpu.h	drivers/gpu.h -> drivers/gpu/gpu.h	#include <drivers/gpu.h>
p002	c-include	src/drivers/gpu/i915/resource.c	29	include/drivers/gpu-share.h	drivers/gpu-share.h -> drivers/gpu/gpu-share.h	#include <drivers/gpu-share.h>
p002	c-include	src/drivers/gpu/i915/session.c	27	include/drivers/gpu.h	drivers/gpu.h -> drivers/gpu/gpu.h	#include <drivers/gpu.h>
p002	c-include	src/drivers/gpu/i915/tests/contracts/host_unreached.c	23	include/drivers/dma.h	drivers/dma.h -> drivers/generic/dma.h	#include <drivers/dma.h>
p002	c-include	src/drivers/gpu/i915/tests/contracts/host_unreached.c	24	include/drivers/pci.h	drivers/pci.h -> drivers/pci/pci.h	#include <drivers/pci.h>
p002	c-include	src/drivers/gpu/i915/tests/display/host-kernel.c	45	include/drivers/pci.h	drivers/pci.h -> drivers/pci/pci.h	#include <drivers/pci.h>
p002	c-include	src/drivers/gpu/i915/tests/display/lcd-show-ktest.c	55	include/drivers/dma.h	drivers/dma.h -> drivers/generic/dma.h	#include <drivers/dma.h>
p002	c-include	src/drivers/gpu/i915/tests/display/lcdg-ktest.c	46	include/drivers/dma.h	drivers/dma.h -> drivers/generic/dma.h	#include <drivers/dma.h>
p002	c-include	src/drivers/gpu/i915/tests/display/scanout-ktest.c	28	include/drivers/dma.h	drivers/dma.h -> drivers/generic/dma.h	#include <drivers/dma.h>
p002	c-include	src/drivers/gpu/i915/tests/execution/ktest-gt.c	53	include/drivers/dma.h	drivers/dma.h -> drivers/generic/dma.h	#include <drivers/dma.h>
p002	c-include	src/drivers/gpu/i915/tests/render/compiler.c	44	include/drivers/gpu.h	drivers/gpu.h -> drivers/gpu/gpu.h	#include <drivers/gpu.h>
p002	c-include	src/drivers/gpu/i915/tests/render/executor.c	42	include/drivers/gpu.h	drivers/gpu.h -> drivers/gpu/gpu.h	#include <drivers/gpu.h>
p002	c-include	src/drivers/gpu/i915/tests/render/features.c	47	include/drivers/gpu.h	drivers/gpu.h -> drivers/gpu/gpu.h	#include <drivers/gpu.h>
p002	c-include	src/drivers/gpu/i915/tests/render/generality.c	57	include/drivers/gpu.h	drivers/gpu.h -> drivers/gpu/gpu.h	#include <drivers/gpu.h>
p002	c-include	src/drivers/gpu/venus/display.c	15	include/drivers/gpu.h	drivers/gpu.h -> drivers/gpu/gpu.h	#include <drivers/gpu.h>
p002	c-include	src/drivers/gpu/venus/internal.h	15	include/drivers/dma.h	drivers/dma.h -> drivers/generic/dma.h	#include <drivers/dma.h>
p002	c-include	src/drivers/gpu/venus/internal.h	16	include/drivers/pci.h	drivers/pci.h -> drivers/pci/pci.h	#include <drivers/pci.h>
p002	c-include	src/drivers/gpu/venus/share.c	14	include/drivers/gpu-share.h	drivers/gpu-share.h -> drivers/gpu/gpu-share.h	#include <drivers/gpu-share.h>
p002	c-include	src/drivers/gpu/venus/transport.c	14	include/drivers/gpu.h	drivers/gpu.h -> drivers/gpu/gpu.h	#include <drivers/gpu.h>
p002	c-include	src/drivers/gpu/venus/venus.c	14	include/drivers/gpu.h	drivers/gpu.h -> drivers/gpu/gpu.h	#include <drivers/gpu.h>
p002	c-include	src/drivers/gpu/venus/venus.c	18	include/drivers/venus.h	drivers/venus.h -> drivers/pci/pci-venus.h	#include <drivers/venus.h>
p002	c-include	src/drivers/isa/ne2000.c	12	include/drivers/pcat-ne2000.h	drivers/pcat-ne2000.h -> drivers/isa/pcat-ne2000.h	#include "drivers/pcat-ne2000.h"
p002	c-include	src/drivers/isa/ne2000.c	13	include/drivers/dp8390.h	drivers/dp8390.h -> drivers/ethernet/dp8390.h	#include "drivers/dp8390.h"
p002	c-include	src/drivers/pci/pci-ehci.c	12	include/drivers/pci-ehci.h	drivers/pci-ehci.h -> drivers/pci/pci-ehci.h	#include <drivers/pci-ehci.h>
p002	c-include	src/drivers/pci/pci-ehci.c	13	include/drivers/pci.h	drivers/pci.h -> drivers/pci/pci.h	#include <drivers/pci.h>
p002	c-include	src/drivers/pci/pci-ehci.c	14	include/drivers/usb.h	drivers/usb.h -> drivers/usb/usb.h	#include <drivers/usb.h>
p002	c-include	src/drivers/pci/pci-nvme.c	12	include/drivers/pci-nvme.h	drivers/pci-nvme.h -> drivers/pci/pci-nvme.h	#include <drivers/pci-nvme.h>
p002	c-include	src/drivers/pci/pci-nvme.c	13	include/drivers/pci-nvme-protocol.h	drivers/pci-nvme-protocol.h -> drivers/pci/pci-nvme-protocol.h	#include <drivers/pci-nvme-protocol.h>
p002	c-include	src/drivers/pci/pci-nvme.c	14	include/drivers/pci.h	drivers/pci.h -> drivers/pci/pci.h	#include <drivers/pci.h>
p002	c-include	src/drivers/pci/pci-pcat.c	12	include/drivers/pci-pcat.h	drivers/pci-pcat.h -> drivers/pci/pci-pcat.h	#include <drivers/pci-pcat.h>
p002	c-include	src/drivers/pci/pci-pcat.c	13	include/drivers/pci.h	drivers/pci.h -> drivers/pci/pci.h	#include <drivers/pci.h>
p002	c-include	src/drivers/pci/pci-uhci.c	12	include/drivers/pci-uhci.h	drivers/pci-uhci.h -> drivers/pci/pci-uhci.h	#include <drivers/pci-uhci.h>
p002	c-include	src/drivers/pci/pci-uhci.c	13	include/drivers/pci.h	drivers/pci.h -> drivers/pci/pci.h	#include <drivers/pci.h>
p002	c-include	src/drivers/pci/pci-uhci.c	14	include/drivers/usb.h	drivers/usb.h -> drivers/usb/usb.h	#include <drivers/usb.h>
p002	c-include	src/drivers/pci/pci-xhci.c	12	include/drivers/pci-xhci.h	drivers/pci-xhci.h -> drivers/pci/pci-xhci.h	#include <drivers/pci-xhci.h>
p002	c-include	src/drivers/pci/pci-xhci.c	13	include/drivers/pci.h	drivers/pci.h -> drivers/pci/pci.h	#include <drivers/pci.h>
p002	c-include	src/drivers/pci/pci-xhci.c	14	include/drivers/pci-xhci-capability.h	drivers/pci-xhci-capability.h -> drivers/pci/pci-xhci-capability.h	#include <drivers/pci-xhci-capability.h>
p002	c-include	src/drivers/pci/pci-xhci.c	15	include/drivers/pci-xhci-control.h	drivers/pci-xhci-control.h -> drivers/pci/pci-xhci-control.h	#include <drivers/pci-xhci-control.h>
p002	c-include	src/drivers/pci/pci-xhci.c	16	include/drivers/pci-xhci-lifecycle.h	drivers/pci-xhci-lifecycle.h -> drivers/pci/pci-xhci-lifecycle.h	#include <drivers/pci-xhci-lifecycle.h>
p002	c-include	src/drivers/pci/pci-xhci.c	17	include/drivers/usb.h	drivers/usb.h -> drivers/usb/usb.h	#include <drivers/usb.h>
p002	c-include	src/drivers/pci/pci.c	12	include/drivers/pci.h	drivers/pci.h -> drivers/pci/pci.h	#include <drivers/pci.h>
p002	c-include	src/drivers/platform/pc98/graphics/backend.c	13	include/drivers/graphics/pc98.h	drivers/graphics/pc98.h -> drivers/platform/pc98/graphics/pc98.h	#include "drivers/graphics/pc98.h"
p002	c-include	src/drivers/platform/pc98/pc98-busmouse.c	12	include/drivers/hid/pc98-busmouse.h	drivers/hid/pc98-busmouse.h -> drivers/platform/pc98/pc98-busmouse.h	#include "drivers/hid/pc98-busmouse.h"
p002	c-include	src/drivers/platform/pc98/pc98-lgy98.c	13	include/drivers/pc98-lgy98.h	drivers/pc98-lgy98.h -> drivers/platform/pc98/pc98-lgy98.h	#include "drivers/pc98-lgy98.h"
p002	c-include	src/drivers/platform/pc98/pc98-lgy98.c	14	include/drivers/dp8390.h	drivers/dp8390.h -> drivers/ethernet/dp8390.h	#include "drivers/dp8390.h"
p002	c-include	src/drivers/platform/pcat/graphics/backend.c	15	include/drivers/graphics/pcat.h	drivers/graphics/pcat.h -> drivers/platform/pcat/graphics/pcat.h	#include "drivers/graphics/pcat.h"
p002	c-include	src/drivers/platform/pcat/graphics/backend.c	17	include/drivers/pci.h	drivers/pci.h -> drivers/pci/pci.h	#include <drivers/pci.h>
p002	c-include	src/drivers/platform/pcat/pcat-ide.c	12	include/drivers/pcat-ide.h	drivers/pcat-ide.h -> drivers/platform/pcat/pcat-ide.h	#include "drivers/pcat-ide.h"
p002	c-include	src/drivers/platform/pcat/ps2-8042.c	12	include/drivers/hid/ps2-8042.h	drivers/hid/ps2-8042.h -> drivers/platform/pcat/ps2-8042.h	#include "drivers/hid/ps2-8042.h"
p002	c-include	src/drivers/usb/usb-cdc-ecm.c	14	include/drivers/usb-cdc-ecm.h	drivers/usb-cdc-ecm.h -> drivers/usb/usb-cdc-ecm.h	#include <drivers/usb-cdc-ecm.h>
p002	c-include	src/drivers/usb/usb-cdc-ecm.c	15	include/drivers/usb.h	drivers/usb.h -> drivers/usb/usb.h	#include <drivers/usb.h>
p002	c-include	src/drivers/usb/usb-cdc-ncm-net.c	14	include/drivers/usb-cdc-ncm.h	drivers/usb-cdc-ncm.h -> drivers/usb/usb-cdc-ncm.h	#include <drivers/usb-cdc-ncm.h>
p002	c-include	src/drivers/usb/usb-cdc-ncm-net.c	15	include/drivers/usb.h	drivers/usb.h -> drivers/usb/usb.h	#include <drivers/usb.h>
p002	c-include	src/drivers/usb/usb-cdc-ncm.c	14	include/drivers/usb-cdc-ncm.h	drivers/usb-cdc-ncm.h -> drivers/usb/usb-cdc-ncm.h	#include <drivers/usb-cdc-ncm.h>
p002	c-include	src/drivers/usb/usb-hid-checkpoint.c	14	include/drivers/usb.h	drivers/usb.h -> drivers/usb/usb.h	#include <drivers/usb.h>
p002	c-include	src/drivers/usb/usb-hid.c	14	include/drivers/hid/hid-report.h	drivers/hid/hid-report.h -> drivers/usb/hid-report.h	#include <drivers/hid/hid-report.h>
p002	c-include	src/drivers/usb/usb-hid.c	15	include/drivers/usb-hid.h	drivers/usb-hid.h -> drivers/usb/usb-hid.h	#include <drivers/usb-hid.h>
p002	c-include	src/drivers/usb/usb-hid.c	16	include/drivers/usb.h	drivers/usb.h -> drivers/usb/usb.h	#include <drivers/usb.h>
p002	c-include	src/drivers/usb/usb-rtl8822bu.c	18	include/drivers/usb-rtl8822bu.h	drivers/usb-rtl8822bu.h -> drivers/usb/usb-rtl8822bu.h	#include <drivers/usb-rtl8822bu.h>
p002	c-include	src/drivers/usb/usb-rtl8822bu.c	19	include/drivers/usb.h	drivers/usb.h -> drivers/usb/usb.h	#include <drivers/usb.h>
p002	c-include	src/drivers/usb/usb-storage.c	12	include/drivers/usb-storage.h	drivers/usb-storage.h -> drivers/usb/usb-storage.h	#include <drivers/usb-storage.h>
p002	c-include	src/drivers/usb/usb-storage.c	13	include/drivers/usb-storage-bot.h	drivers/usb-storage-bot.h -> drivers/usb/usb-storage-bot.h	#include <drivers/usb-storage-bot.h>
p002	c-include	src/drivers/usb/usb-storage.c	14	include/drivers/usb-storage-scsi.h	drivers/usb-storage-scsi.h -> drivers/usb/usb-storage-scsi.h	#include <drivers/usb-storage-scsi.h>
p002	c-include	src/drivers/usb/usb-storage.c	15	include/drivers/usb.h	drivers/usb.h -> drivers/usb/usb.h	#include <drivers/usb.h>
p002	c-include	src/drivers/usb/usb-uas-disk.c	14	include/drivers/usb.h	drivers/usb.h -> drivers/usb/usb.h	#include <drivers/usb.h>
p002	c-include	src/drivers/usb/usb-uas-disk.c	15	include/drivers/usb-uas.h	drivers/usb-uas.h -> drivers/usb/usb-uas.h	#include <drivers/usb-uas.h>
p002	c-include	src/drivers/usb/usb-uas-disk.c	16	include/drivers/usb-storage-scsi.h	drivers/usb-storage-scsi.h -> drivers/usb/usb-storage-scsi.h	#include <drivers/usb-storage-scsi.h>
p002	c-include	src/drivers/usb/usb-uas-transport.c	14	include/drivers/usb.h	drivers/usb.h -> drivers/usb/usb.h	#include <drivers/usb.h>
p002	c-include	src/drivers/usb/usb-uas-transport.c	15	include/drivers/usb-uas.h	drivers/usb-uas.h -> drivers/usb/usb-uas.h	#include <drivers/usb-uas.h>
p002	c-include	src/drivers/usb/usb-uas.c	14	include/drivers/usb-uas.h	drivers/usb-uas.h -> drivers/usb/usb-uas.h	#include <drivers/usb-uas.h>
p002	c-include	src/drivers/usb/usb.c	18	include/drivers/usb.h	drivers/usb.h -> drivers/usb/usb.h	#include <drivers/usb.h>
p002	c-include	src/drivers/wifi/intel-ax211/intel-ax211-dma.h	56	include/drivers/dma.h	drivers/dma.h -> drivers/generic/dma.h	#include <drivers/dma.h>
p002	c-include	src/drivers/wifi/intel-ax211/intel-ax211-tx-ring.h	58	include/drivers/dma.h	drivers/dma.h -> drivers/generic/dma.h	#include <drivers/dma.h>
p002	c-include	src/drivers/wifi/intel-ax211/intel-ax211.c	1209	include/drivers/pci-intel-ax211.h	drivers/pci-intel-ax211.h -> drivers/wifi/intel-ax211/pci-intel-ax211.h	#include <drivers/pci-intel-ax211.h>
p002	c-include	src/drivers/wifi/intel-ax211/intel-ax211.c	1210	include/drivers/pci.h	drivers/pci.h -> drivers/pci/pci.h	#include <drivers/pci.h>
p002	c-include	src/kern/main.c	18	include/drivers/i915.h	drivers/i915.h -> drivers/pci/pci-i915.h	#include <drivers/i915.h>
p002	c-include	src/kern/platform/pc98.c	20	include/drivers/disklabel.h	drivers/disklabel.h -> drivers/disklabel/disklabel.h	#include <drivers/disklabel.h>
p002	c-include	src/kern/platform/pc98.c	22	include/drivers/hid/pc98-busmouse.h	drivers/hid/pc98-busmouse.h -> drivers/platform/pc98/pc98-busmouse.h	#include "drivers/hid/pc98-busmouse.h"
p002	c-include	src/kern/platform/pc98.c	25	include/drivers/pc98-lgy98.h	drivers/pc98-lgy98.h -> drivers/platform/pc98/pc98-lgy98.h	#include "drivers/pc98-lgy98.h"
p002	c-include	src/kern/platform/pc98.c	28	include/drivers/graphics/pc98.h	drivers/graphics/pc98.h -> drivers/platform/pc98/graphics/pc98.h	#include "drivers/graphics/pc98.h"
p002	c-include	src/kern/platform/pcat.c	21	include/drivers/disklabel.h	drivers/disklabel.h -> drivers/disklabel/disklabel.h	#include <drivers/disklabel.h>
p002	c-include	src/kern/platform/pcat.c	22	include/drivers/pcat-ide.h	drivers/pcat-ide.h -> drivers/platform/pcat/pcat-ide.h	#include "drivers/pcat-ide.h"
p002	c-include	src/kern/platform/pcat.c	23	include/drivers/pci-pcat.h	drivers/pci-pcat.h -> drivers/pci/pci-pcat.h	#include "drivers/pci-pcat.h"
p002	c-include	src/kern/platform/pcat.c	24	include/drivers/hid/ps2-8042.h	drivers/hid/ps2-8042.h -> drivers/platform/pcat/ps2-8042.h	#include "drivers/hid/ps2-8042.h"
p002	c-include	src/kern/platform/pcat.c	26	include/drivers/pci-uhci.h	drivers/pci-uhci.h -> drivers/pci/pci-uhci.h	#include "drivers/pci-uhci.h"
p002	c-include	src/kern/platform/pcat.c	29	include/drivers/pci-ehci.h	drivers/pci-ehci.h -> drivers/pci/pci-ehci.h	#include "drivers/pci-ehci.h"
p002	c-include	src/kern/platform/pcat.c	32	include/drivers/pci-xhci.h	drivers/pci-xhci.h -> drivers/pci/pci-xhci.h	#include "drivers/pci-xhci.h"
p002	c-include	src/kern/platform/pcat.c	35	include/drivers/pci-nvme.h	drivers/pci-nvme.h -> drivers/pci/pci-nvme.h	#include <drivers/pci-nvme.h>
p002	c-include	src/kern/platform/pcat.c	38	include/drivers/pci-intel-ax211.h	drivers/pci-intel-ax211.h -> drivers/wifi/intel-ax211/pci-intel-ax211.h	#include <drivers/pci-intel-ax211.h>
p002	c-include	src/kern/platform/pcat.c	41	include/drivers/venus.h	drivers/venus.h -> drivers/pci/pci-venus.h	#include <drivers/venus.h>
p002	c-include	src/kern/platform/pcat.c	44	include/drivers/i915.h	drivers/i915.h -> drivers/pci/pci-i915.h	#include <drivers/i915.h>
p002	c-include	src/kern/platform/pcat.c	47	include/drivers/usb-storage.h	drivers/usb-storage.h -> drivers/usb/usb-storage.h	#include "drivers/usb-storage.h"
p002	c-include	src/kern/platform/pcat.c	48	include/drivers/usb-uas.h	drivers/usb-uas.h -> drivers/usb/usb-uas.h	#include <drivers/usb-uas.h>
p002	c-include	src/kern/platform/pcat.c	51	include/drivers/usb-cdc-ncm.h	drivers/usb-cdc-ncm.h -> drivers/usb/usb-cdc-ncm.h	#include <drivers/usb-cdc-ncm.h>
p002	c-include	src/kern/platform/pcat.c	54	include/drivers/usb-cdc-ecm.h	drivers/usb-cdc-ecm.h -> drivers/usb/usb-cdc-ecm.h	#include <drivers/usb-cdc-ecm.h>
p002	c-include	src/kern/platform/pcat.c	57	include/drivers/usb-hid.h	drivers/usb-hid.h -> drivers/usb/usb-hid.h	#include <drivers/usb-hid.h>
p002	c-include	src/kern/platform/pcat.c	60	include/drivers/usb-rtl8822bu.h	drivers/usb-rtl8822bu.h -> drivers/usb/usb-rtl8822bu.h	#include <drivers/usb-rtl8822bu.h>
p002	c-include	src/kern/platform/pcat.c	62	include/drivers/pci.h	drivers/pci.h -> drivers/pci/pci.h	#include <drivers/pci.h>
p002	c-include	src/kern/platform/pcat.c	63	include/drivers/usb.h	drivers/usb.h -> drivers/usb/usb.h	#include <drivers/usb.h>
p002	c-include	src/kern/platform/pcat.c	65	include/drivers/pcat-ne2000.h	drivers/pcat-ne2000.h -> drivers/isa/pcat-ne2000.h	#include "drivers/pcat-ne2000.h"
p002	c-include	src/kern/platform/pcat.c	68	include/drivers/graphics/pcat.h	drivers/graphics/pcat.h -> drivers/platform/pcat/graphics/pcat.h	#include "drivers/graphics/pcat.h"
p002	c-include	src/kern/platform/rpi4.c	17	include/drivers/disklabel.h	drivers/disklabel.h -> drivers/disklabel/disklabel.h	#include <drivers/disklabel.h>
p002	c-include	src/kern/platform/sun4u.c	17	include/drivers/disklabel.h	drivers/disklabel.h -> drivers/disklabel/disklabel.h	#include <drivers/disklabel.h>
p002	c-include	src/kern/platform/x68k.c	18	include/drivers/disklabel.h	drivers/disklabel.h -> drivers/disklabel/disklabel.h	#include <drivers/disklabel.h>
p002	docs	AGENTS.md	386	include/drivers/i915.h	path	- `include/drivers/i915.h`: `drv_i915_pci_driver_register()` のみ公開。
p002	plan-tests	plan/ws014/tests/run-venus-remote.py	37	include/drivers/gpu.h	path	'plan/ws014/tests/config-wayland-amd64.mk', 'include/drivers/gpu.h', 'include/drivers/venus.h',
p002	plan-tests	plan/ws014/tests/run-venus-remote.py	37	include/drivers/venus.h	path	'plan/ws014/tests/config-wayland-amd64.mk', 'include/drivers/gpu.h', 'include/drivers/venus.h',
p002	plan-tests	plan/ws014/tests/run-venus-remote.py	39	include/drivers/gpu-fence.h	path	'include/drivers/gpu-fence.h', 'src/drivers/gpu/gpu-fence.c', 'include/uapi/gpu-fence.h',
p002	plan-tests	plan/ws014/tests/run-venus-remote.py	40	include/drivers/gpu-scanout.h	path	'include/uapi/gpu-scanout.h', 'include/drivers/gpu-scanout.h',
p002	plan-tests	plan/ws014/tests/run-venus-remote.py	53	include/drivers/gpu-display.h	path	'include/drivers/gpu-display.h', 'include/uapi/gpu-display.h',
p002	plan-tests	plan/ws014/tests/run-venus-remote.py	54	include/drivers/pci.h	path	'include/drivers/pci.h', 'src/drivers/pci/pci-pcat.c',
p002	plan-tests	plan/ws014/tests/run-venus-remote.py	96	include/drivers/gpu-fence.h	path	'include/drivers/gpu-fence.h', 'src/drivers/gpu/gpu-fence.c',
p002	plan-tests	plan/ws014/tests/run-venus-remote.py	98	include/drivers/gpu-scanout.h	path	'include/drivers/gpu-scanout.h',
p002	plan-tests	plan/ws014/tests/run-venus-remote.py	105	include/drivers/gpu-share.h	path	'include/drivers/gpu-share.h', 'libc/include/errno.h', 'libc/include/stddef.h', 'libc/string.c',
p002	plan-tests	plan/ws025/tests/run-usb-reserve-host.py	20	include/drivers/usb.h	path	(out/'source.json').write_text(json.dumps({p:hashlib.sha256((repo/p).read_bytes()).hexdigest() for p in ('src/drivers/usb/usb.c','src/drivers/pci/pci-xhci.c','src/drivers/usb/usb-storage.c','include/drivers/usb.h')},indent=2)+'\n')
p002	plan-tests	plan/ws029/tests/retired/run-i915-remote.py	37	include/drivers/i915.h	path	'source_files': ['include/drivers/i915.h'],
p002	plan-tests	plan/ws030/tests/run-pci-device-cache-test.py	41	include/drivers/pci.h	path	paths = [*sources, "include/drivers/pci.h", "include/kern/pmem.h", "include/hal/hal.h",
p002	plan-tests	plan/ws035/tests/kernel-include-audit.py	95	include/drivers/	path	if p.startswith(("include/kern/", "include/hal/", "include/drivers/",
p002	plan-tests	plan/ws035/tests/refactor-refs.py	9	include/drivers/	path	p002  include/drivers/*                  -> include/drivers/<src/drivers layout>/*
p002	plan-tests	plan/ws035/tests/refactor-refs.py	38	include/drivers/	path	# p002: include/drivers/<file> -> include/drivers/<dir under src/drivers>/<file>.
p002	plan-tests	plan/ws035/tests/refactor-refs.py	118	include/drivers/	path	return f"include/drivers/{rule[0]}/{base}"
p002	plan-tests	plan/ws035/tests/refactor-refs.py	130	include/drivers/	path	if f.startswith("include/drivers/"):
p002	plan-tests	plan/ws035/tests/refactor-refs.py	131	include/drivers/	path	rel = f[len("include/drivers/"):]
p002	plan-tests	plan/ws035/tests/refactor-refs.py	145	include/drivers/	path	old, new = "include/drivers/" + rel, p002_new_path(rel)
p002	plan-tests	plan/ws035/tests/refactor-refs.py	372	include/drivers/	path	"include/drivers": "p002", "include/drivers/graphics": "p002",
p002	plan-tests	plan/ws035/tests/refactor-refs.py	372	include/drivers/graphics/	path	"include/drivers": "p002", "include/drivers/graphics": "p002",
p002	plan-tests	plan/ws035/tests/refactor-refs.py	373	include/drivers/hid/	path	"include/drivers/hid": "p002",
p002	plan-tests	plan/ws035/tests/refactor-refs.py	421	include/drivers/	path	and not f.startswith("include/drivers/") or f.startswith("include/boot/")}
p002	plan-tests	plan/ws035/tests/refactor-refs.py	567	include/drivers/	path	titles = {"p002": "p002: `include/drivers/*` → `src/drivers/` と同じ階層",
p002	plan-tests/include	plan/ws003/tests/dma-allocation-lock-test.c	6	include/drivers/dma.h	drivers/dma.h -> drivers/generic/dma.h	#include <drivers/dma.h>
p002	plan-tests/include	plan/ws003/tests/usb-hcd-unregister-test.c	6	include/drivers/usb.h	drivers/usb.h -> drivers/usb/usb.h	#include <drivers/usb.h>
p002	plan-tests/include	plan/ws003/tests/usb-storage-flush-test.c	2	include/drivers/usb-storage-bot.h	drivers/usb-storage-bot.h -> drivers/usb/usb-storage-bot.h	#include <drivers/usb-storage-bot.h>
p002	plan-tests/include	plan/ws003/tests/usb-storage-flush-test.c	3	include/drivers/usb-storage-scsi.h	drivers/usb-storage-scsi.h -> drivers/usb/usb-storage-scsi.h	#include <drivers/usb-storage-scsi.h>
p002	plan-tests/include	plan/ws003/tests/xhci-cancel-command-test.c	6	include/drivers/pci-xhci-lifecycle.h	drivers/pci-xhci-lifecycle.h -> drivers/pci/pci-xhci-lifecycle.h	#include <drivers/pci-xhci-lifecycle.h>
p002	plan-tests/include	plan/ws003/tests/xhci-capability-mmio-test.c	6	include/drivers/pci-xhci-capability.h	drivers/pci-xhci-capability.h -> drivers/pci/pci-xhci-capability.h	#include <drivers/pci-xhci-capability.h>
p002	plan-tests/include	plan/ws003/tests/xhci-capability-mmio-test.c	7	include/drivers/pci.h	drivers/pci.h -> drivers/pci/pci.h	#include <drivers/pci.h>
p002	plan-tests/include	plan/ws003/tests/xhci-control-ep0-reset-test.c	6	include/drivers/pci-xhci-control.h	drivers/pci-xhci-control.h -> drivers/pci/pci-xhci-control.h	#include <drivers/pci-xhci-control.h>
p002	plan-tests/include	plan/ws004/tests/dma-constraints-test.c	1	include/drivers/dma.h	drivers/dma.h -> drivers/generic/dma.h	#include <drivers/dma.h>
p002	plan-tests/include	plan/ws004/tests/gpt-host-test.c	6	include/drivers/disklabel.h	drivers/disklabel.h -> drivers/disklabel/disklabel.h	#include <drivers/disklabel.h>
p002	plan-tests/include	plan/ws004/tests/intel-ax211-dma-test.c	7	include/drivers/dma.h	drivers/dma.h -> drivers/generic/dma.h	#include <drivers/dma.h>
p002	plan-tests/include	plan/ws004/tests/intel-ax211-pci-test.c	6	include/drivers/pci.h	drivers/pci.h -> drivers/pci/pci.h	#include <drivers/pci.h>
p002	plan-tests/include	plan/ws004/tests/intel-ax211-tx-ring-test.c	4	include/drivers/dma.h	drivers/dma.h -> drivers/generic/dma.h	#include <drivers/dma.h>
p002	plan-tests/include	plan/ws004/tests/nvme-admin-test.c	6	include/drivers/pci-nvme-protocol.h	drivers/pci-nvme-protocol.h -> drivers/pci/pci-nvme-protocol.h	#include <drivers/pci-nvme-protocol.h>
p002	plan-tests/include	plan/ws004/tests/nvme-io-test.c	6	include/drivers/pci-nvme-protocol.h	drivers/pci-nvme-protocol.h -> drivers/pci/pci-nvme-protocol.h	#include <drivers/pci-nvme-protocol.h>
p002	plan-tests/include	plan/ws004/tests/pci-msi-qemu.c	4	include/drivers/pci.h	drivers/pci.h -> drivers/pci/pci.h	#include <drivers/pci.h>
p002	plan-tests/include	plan/ws004/tests/pci-msi-test.c	1	include/drivers/pci.h	drivers/pci.h -> drivers/pci/pci.h	#include <drivers/pci.h>
p002	plan-tests/include	plan/ws004/tests/pci-rescan-test.c	1	include/drivers/pci.h	drivers/pci.h -> drivers/pci/pci.h	#include <drivers/pci.h>
p002	plan-tests/include	plan/ws004/tests/pci-shared-intx-test.c	4	include/drivers/pci.h	drivers/pci.h -> drivers/pci/pci.h	#include <drivers/pci.h>
p002	plan-tests/include	plan/ws004/tests/pcie-capability-test.c	1	include/drivers/pci.h	drivers/pci.h -> drivers/pci/pci.h	#include <drivers/pci.h>
p002	plan-tests/include	plan/ws004/tests/usb-cdc-ncm-wire-test.c	2	include/drivers/usb-cdc-ncm.h	drivers/usb-cdc-ncm.h -> drivers/usb/usb-cdc-ncm.h	#include <drivers/usb-cdc-ncm.h>
p002	plan-tests/include	plan/ws004/tests/usb-function-model-test.c	6	include/drivers/usb.h	drivers/usb.h -> drivers/usb/usb.h	#include <drivers/usb.h>
p002	plan-tests/include	plan/ws004/tests/usb-rtl8822bu-driver-test.c	6	include/drivers/usb.h	drivers/usb.h -> drivers/usb/usb.h	#include <drivers/usb.h>
p002	plan-tests/include	plan/ws004/tests/usb-storage-scsi-test.c	2	include/drivers/usb-storage-scsi.h	drivers/usb-storage-scsi.h -> drivers/usb/usb-storage-scsi.h	#include <drivers/usb-storage-scsi.h>
p002	plan-tests/include	plan/ws004/tests/xhci-concurrent-urbs-test.c	2	include/drivers/pci-xhci-lifecycle.h	drivers/pci-xhci-lifecycle.h -> drivers/pci/pci-xhci-lifecycle.h	#include <drivers/pci-xhci-lifecycle.h>
p002	plan-tests/include	plan/ws004/tests/xhci-concurrent-urbs-test.c	3	include/drivers/usb.h	drivers/usb.h -> drivers/usb/usb.h	#include <drivers/usb.h>
p002	plan-tests/include	plan/ws004/tests/xhci-model-test.c	2	include/drivers/pci-xhci-capability.h	drivers/pci-xhci-capability.h -> drivers/pci/pci-xhci-capability.h	#include <drivers/pci-xhci-capability.h>
p002	plan-tests/include	plan/ws004/tests/xhci-model-test.c	3	include/drivers/pci-xhci-lifecycle.h	drivers/pci-xhci-lifecycle.h -> drivers/pci/pci-xhci-lifecycle.h	#include <drivers/pci-xhci-lifecycle.h>
p002	plan-tests/include	plan/ws004/tests/xhci-superspeed-interrupt-context-test.c	6	include/drivers/pci-xhci-control.h	drivers/pci-xhci-control.h -> drivers/pci/pci-xhci-control.h	#include <drivers/pci-xhci-control.h>
p002	plan-tests/include	plan/ws006/tests/hid-report-test.c	2	include/drivers/hid/hid-report.h	drivers/hid/hid-report.h -> drivers/usb/hid-report.h	#include "drivers/hid/hid-report.h"
p002	plan-tests/include	plan/ws006/tests/usb-hid-driver-test.c	2	include/drivers/usb.h	drivers/usb.h -> drivers/usb/usb.h	#include <drivers/usb.h>
p002	plan-tests/include	plan/ws006/tests/xhci-hid-hot-unplug-test.c	2	include/drivers/pci-xhci-lifecycle.h	drivers/pci-xhci-lifecycle.h -> drivers/pci/pci-xhci-lifecycle.h	#include <drivers/pci-xhci-lifecycle.h>
p002	plan-tests/include	plan/ws014/tests/gpu-fence-payload.c	12	include/drivers/gpu-fence.h	drivers/gpu-fence.h -> drivers/gpu/gpu-fence.h	#include <drivers/gpu-fence.h>
p002	plan-tests/include	plan/ws014/tests/gpu-fence.c	15	include/drivers/gpu-fence.h	drivers/gpu-fence.h -> drivers/gpu/gpu-fence.h	#include <drivers/gpu-fence.h>
p002	plan-tests/include	plan/ws014/tests/gpu-framework.c	18	include/drivers/gpu.h	drivers/gpu.h -> drivers/gpu/gpu.h	#include <drivers/gpu.h>
p002	plan-tests/include	plan/ws014/tests/gpu-framework.c	19	include/drivers/pci.h	drivers/pci.h -> drivers/pci/pci.h	#include <drivers/pci.h>
p002	plan-tests/include	plan/ws014/tests/pci-service-lifecycle-host.c	14	include/drivers/pci.h	drivers/pci.h -> drivers/pci/pci.h	#include <drivers/pci.h>
p002	plan-tests/include	plan/ws018/tests/disklabel-host-test.c	6	include/drivers/disklabel.h	drivers/disklabel.h -> drivers/disklabel/disklabel.h	#include <drivers/disklabel.h>
p002	plan-tests/include	plan/ws019/tests/storage-foundation-test.c	13	include/drivers/disklabel.h	drivers/disklabel.h -> drivers/disklabel/disklabel.h	#include <drivers/disklabel.h>
p002	plan-tests/include	plan/ws025/tests/media-control-probe.c	2	include/drivers/usb.h	drivers/usb.h -> drivers/usb/usb.h	#include <drivers/usb.h>
p002	plan-tests/include	plan/ws025/tests/sg-kernel.c	3	include/drivers/dma.h	drivers/dma.h -> drivers/generic/dma.h	#include <drivers/dma.h>
p002	plan-tests/include	plan/ws025/tests/sg-kernel.c	4	include/drivers/usb.h	drivers/usb.h -> drivers/usb/usb.h	#include <drivers/usb.h>
p002	plan-tests/include	plan/ws025/tests/uas-command-host.c	2	include/drivers/usb-uas.h	drivers/usb-uas.h -> drivers/usb/usb-uas.h	#include <drivers/usb-uas.h>
p002	plan-tests/include	plan/ws025/tests/uas-descriptor-host.c	2	include/drivers/usb-uas.h	drivers/usb-uas.h -> drivers/usb/usb-uas.h	#include <drivers/usb-uas.h>
p002	plan-tests/include	plan/ws025/tests/uas-super-host.c	2	include/drivers/usb.h	drivers/usb.h -> drivers/usb/usb.h	#include <drivers/usb.h>
p002	plan-tests/include	plan/ws025/tests/uas-super-host.c	3	include/drivers/usb-uas.h	drivers/usb-uas.h -> drivers/usb/usb-uas.h	#include <drivers/usb-uas.h>
p002	plan-tests/include	plan/ws025/tests/uas-transport-host.c	2	include/drivers/usb.h	drivers/usb.h -> drivers/usb/usb.h	#include <drivers/usb.h>
p002	plan-tests/include	plan/ws025/tests/uas-transport-host.c	3	include/drivers/usb-uas.h	drivers/usb-uas.h -> drivers/usb/usb-uas.h	#include <drivers/usb-uas.h>
p002	plan-tests/include	plan/ws029/tests/i915-host-stubs.inc	32	include/drivers/gpu.h	drivers/gpu.h -> drivers/gpu/gpu.h	#include <drivers/gpu.h>
p002	plan-tests/include	plan/ws030/tests/pci-device-cache.c	12	include/drivers/pci.h	drivers/pci.h -> drivers/pci/pci.h	#include <drivers/pci.h>
p003	build	Makefile	15	libc/	path	# libc/ freestanding libc subset
p003	build	Makefile	513	libc/libc.mk	path	include libc/libc.mk
p003	build	libc/libc.mk	8	libc/regex/regcomp.c	path	ZEDBSD_REGEX_SOURCES := libc/regex/regcomp.c libc/regex/regexec.c \
p003	build	libc/libc.mk	8	libc/regex/regexec.c	path	ZEDBSD_REGEX_SOURCES := libc/regex/regcomp.c libc/regex/regexec.c \
p003	build	libc/libc.mk	9	libc/regex/regerror.c	path	libc/regex/regerror.c libc/regex/tre-mem.c
p003	build	libc/libc.mk	9	libc/regex/tre-mem.c	path	libc/regex/regerror.c libc/regex/tre-mem.c
p003	build	libc/libc.mk	13	libc/string-extra.c	path	libc/string-extra.c libc/fenv.c libc/wide-extra.c libc/inttypes.c \
p003	build	libc/libc.mk	13	libc/fenv.c	path	libc/string-extra.c libc/fenv.c libc/wide-extra.c libc/inttypes.c \
p003	build	libc/libc.mk	13	libc/wide-extra.c	path	libc/string-extra.c libc/fenv.c libc/wide-extra.c libc/inttypes.c \
p003	build	libc/libc.mk	13	libc/inttypes.c	path	libc/string-extra.c libc/fenv.c libc/wide-extra.c libc/inttypes.c \
p003	build	libc/libc.mk	14	libc/stdlib-extra.c	path	libc/stdlib-extra.c libc/time-extra.c libc/stdio-extra.c \
p003	build	libc/libc.mk	14	libc/time-extra.c	path	libc/stdlib-extra.c libc/time-extra.c libc/stdio-extra.c \
p003	build	libc/libc.mk	14	libc/stdio-extra.c	path	libc/stdlib-extra.c libc/time-extra.c libc/stdio-extra.c \
p003	build	libc/libc.mk	15	libc/setjmp.c	path	libc/setjmp.c libc/err.c libc/libgen.c libc/search.c \
p003	build	libc/libc.mk	15	libc/err.c	path	libc/setjmp.c libc/err.c libc/libgen.c libc/search.c \
p003	build	libc/libc.mk	15	libc/libgen.c	path	libc/setjmp.c libc/err.c libc/libgen.c libc/search.c \
p003	build	libc/libc.mk	15	libc/search.c	path	libc/setjmp.c libc/err.c libc/libgen.c libc/search.c \
p003	build	libc/libc.mk	16	libc/random48.c	path	libc/random48.c libc/random.c libc/xsi-crypto.c \
p003	build	libc/libc.mk	16	libc/random.c	path	libc/random48.c libc/random.c libc/xsi-crypto.c \
p003	build	libc/libc.mk	16	libc/xsi-crypto.c	path	libc/random48.c libc/random.c libc/xsi-crypto.c \
p003	build	libc/libc.mk	17	libc/ftw.c	path	libc/ftw.c libc/ndbm.c libc/realpath.c libc/tempnam.c \
p003	build	libc/libc.mk	17	libc/ndbm.c	path	libc/ftw.c libc/ndbm.c libc/realpath.c libc/tempnam.c \
p003	build	libc/libc.mk	17	libc/realpath.c	path	libc/ftw.c libc/ndbm.c libc/realpath.c libc/tempnam.c \
p003	build	libc/libc.mk	17	libc/tempnam.c	path	libc/ftw.c libc/ndbm.c libc/realpath.c libc/tempnam.c \
p003	build	libc/libc.mk	18	libc/xsi-process.c	path	libc/xsi-process.c libc/fmtmsg.c libc/syslog.c libc/sysv-ipc.c \
p003	build	libc/libc.mk	18	libc/fmtmsg.c	path	libc/xsi-process.c libc/fmtmsg.c libc/syslog.c libc/sysv-ipc.c \
p003	build	libc/libc.mk	18	libc/syslog.c	path	libc/xsi-process.c libc/fmtmsg.c libc/syslog.c libc/sysv-ipc.c \
p003	build	libc/libc.mk	18	libc/sysv-ipc.c	path	libc/xsi-process.c libc/fmtmsg.c libc/syslog.c libc/sysv-ipc.c \
p003	build	libc/libc.mk	19	libc/catalog.c	path	libc/catalog.c libc/locale-db.c libc/fnmatch.c libc/openbsd.c libc/openbsd-vis.c \
p003	build	libc/libc.mk	19	libc/locale-db.c	path	libc/catalog.c libc/locale-db.c libc/fnmatch.c libc/openbsd.c libc/openbsd-vis.c \
p003	build	libc/libc.mk	19	libc/fnmatch.c	path	libc/catalog.c libc/locale-db.c libc/fnmatch.c libc/openbsd.c libc/openbsd-vis.c \
p003	build	libc/libc.mk	19	libc/openbsd.c	path	libc/catalog.c libc/locale-db.c libc/fnmatch.c libc/openbsd.c libc/openbsd-vis.c \
p003	build	libc/libc.mk	19	libc/openbsd-vis.c	path	libc/catalog.c libc/locale-db.c libc/fnmatch.c libc/openbsd.c libc/openbsd-vis.c \
p003	build	libc/libc.mk	20	libc/openbsd-base64.c	path	libc/openbsd-base64.c libc/readpassphrase.c \
p003	build	libc/libc.mk	20	libc/readpassphrase.c	path	libc/openbsd-base64.c libc/readpassphrase.c \
p003	build	libc/libc.mk	21	libc/openbsd-opts.c	path	libc/openbsd-opts.c libc/openbsd-glob.c \
p003	build	libc/libc.mk	21	libc/openbsd-glob.c	path	libc/openbsd-opts.c libc/openbsd-glob.c \
p003	build	libc/libc.mk	22	libc/openbsd-digest.c	path	libc/openbsd-digest.c libc/openbsd-sha2.c \
p003	build	libc/libc.mk	22	libc/openbsd-sha2.c	path	libc/openbsd-digest.c libc/openbsd-sha2.c \
p003	build	libc/libc.mk	27	libc/heap.c	path	libc/heap.c \
p003	build	libc/libc.mk	28	libc/string.c	path	libc/string.c \
p003	build	libc/libc.mk	29	libc/string-extra.c	path	libc/string-extra.c \
p003	build	libc/libc.mk	30	libc/ctype.c	path	libc/ctype.c \
p003	build	libc/libc.mk	31	libc/fenv.c	path	libc/fenv.c \
p003	build	libc/libc.mk	32	libc/locale.c	path	libc/locale.c \
p003	build	libc/libc.mk	33	libc/wide.c	path	libc/wide.c \
p003	build	libc/libc.mk	34	libc/wide-extra.c	path	libc/wide-extra.c \
p003	build	libc/libc.mk	35	libc/int64.c	path	libc/int64.c \
p003	build	libc/libc.mk	36	libc/inttypes.c	path	libc/inttypes.c \
p003	build	libc/libc.mk	37	libc/strto.c	path	libc/strto.c \
p003	build	libc/libc.mk	38	libc/stdlib-extra.c	path	libc/stdlib-extra.c \
p003	build	libc/libc.mk	39	libc/time-extra.c	path	libc/time-extra.c \
p003	build	libc/libc.mk	40	libc/format.c	path	libc/format.c \
p003	build	libc/libc.mk	41	libc/stdio.c	path	libc/stdio.c \
p003	build	libc/libc.mk	42	libc/stdio-extra.c	path	libc/stdio-extra.c \
p003	build	libc/libc.mk	43	libc/setjmp.c	path	libc/setjmp.c \
p003	build	libc/libc.mk	44	libc/err.c	path	libc/err.c \
p003	build	libc/libc.mk	45	libc/libgen.c	path	libc/libgen.c \
p003	build	libc/libc.mk	46	libc/search.c	path	libc/search.c \
p003	build	libc/libc.mk	47	libc/random48.c	path	libc/random48.c \
p003	build	libc/libc.mk	48	libc/random.c	path	libc/random.c \
p003	build	libc/libc.mk	49	libc/xsi-crypto.c	path	libc/xsi-crypto.c \
p003	build	libc/libc.mk	50	libc/ftw.c	path	libc/ftw.c \
p003	build	libc/libc.mk	51	libc/ndbm.c	path	libc/ndbm.c \
p003	build	libc/libc.mk	52	libc/realpath.c	path	libc/realpath.c \
p003	build	libc/libc.mk	53	libc/tempnam.c	path	libc/tempnam.c \
p003	build	platform/amd64/vmunix.mk	516	libc/heap.c	path	userland/base/libc/utmpx.c libc/heap.c libc/string.c libc/ctype.c \
p003	build	platform/amd64/vmunix.mk	516	libc/string.c	path	userland/base/libc/utmpx.c libc/heap.c libc/string.c libc/ctype.c \
p003	build	platform/amd64/vmunix.mk	516	libc/ctype.c	path	userland/base/libc/utmpx.c libc/heap.c libc/string.c libc/ctype.c \
p003	build	platform/amd64/vmunix.mk	517	libc/locale.c	path	libc/locale.c libc/wide.c \
p003	build	platform/amd64/vmunix.mk	517	libc/wide.c	path	libc/locale.c libc/wide.c \
p003	build	platform/amd64/vmunix.mk	518	libc/int64.c	path	libc/int64.c libc/strto.c libc/format.c libc/stdio.c \
p003	build	platform/amd64/vmunix.mk	518	libc/strto.c	path	libc/int64.c libc/strto.c libc/format.c libc/stdio.c \
p003	build	platform/amd64/vmunix.mk	518	libc/format.c	path	libc/int64.c libc/strto.c libc/format.c libc/stdio.c \
p003	build	platform/amd64/vmunix.mk	518	libc/stdio.c	path	libc/int64.c libc/strto.c libc/format.c libc/stdio.c \
p003	build	platform/amd64/vmunix.mk	719	libc/heap.c	path	userland/base/libc/account.c userland/base/libc/crypt.c userland/base/libc/utmpx.c libc/heap.c \
p003	build	platform/amd64/vmunix.mk	720	libc/string.c	path	libc/string.c libc/ctype.c libc/locale.c libc/wide.c libc/int64.c \
p003	build	platform/amd64/vmunix.mk	720	libc/ctype.c	path	libc/string.c libc/ctype.c libc/locale.c libc/wide.c libc/int64.c \
p003	build	platform/amd64/vmunix.mk	720	libc/locale.c	path	libc/string.c libc/ctype.c libc/locale.c libc/wide.c libc/int64.c \
p003	build	platform/amd64/vmunix.mk	720	libc/wide.c	path	libc/string.c libc/ctype.c libc/locale.c libc/wide.c libc/int64.c \
p003	build	platform/amd64/vmunix.mk	720	libc/int64.c	path	libc/string.c libc/ctype.c libc/locale.c libc/wide.c libc/int64.c \
p003	build	platform/amd64/vmunix.mk	721	libc/strto.c	path	libc/strto.c libc/format.c \
p003	build	platform/amd64/vmunix.mk	721	libc/format.c	path	libc/strto.c libc/format.c \
p003	build	platform/amd64/vmunix.mk	722	libc/stdio.c	path	libc/stdio.c $(ZEDBSD_LIBC_USER_EXTRA_SOURCES)
p003	build	platform/amd64/vmunix.mk	755	libc/math.c	path	$(DYNAMIC_LIBM_OBJ): libc/math.c src/softfloat/zed-softfloat.h
p003	build	platform/amd64/vmunix.mk	766	libc/float-parse.c	path	$(DYNAMIC_FLOAT_DIR)/float-parse.o: libc/float-parse.c \
p003	build	platform/amd64/vmunix.mk	787	libc/	path	DYNAMIC_LIBUTIL_OBJS := $(DYNAMIC_DIR)/obj/libc/libutil.o
p003	build	platform/arm64/vmunix.mk	32	libc/setjmp-aarch64.S	path	libc/setjmp-aarch64.S \
p003	build	platform/arm64/vmunix.mk	96	libc/heap.c	path	libc/heap.c libc/string.c libc/ctype.c libc/locale.c libc/wide.c \
p003	build	platform/arm64/vmunix.mk	96	libc/string.c	path	libc/heap.c libc/string.c libc/ctype.c libc/locale.c libc/wide.c \
p003	build	platform/arm64/vmunix.mk	96	libc/ctype.c	path	libc/heap.c libc/string.c libc/ctype.c libc/locale.c libc/wide.c \
p003	build	platform/arm64/vmunix.mk	96	libc/locale.c	path	libc/heap.c libc/string.c libc/ctype.c libc/locale.c libc/wide.c \
p003	build	platform/arm64/vmunix.mk	96	libc/wide.c	path	libc/heap.c libc/string.c libc/ctype.c libc/locale.c libc/wide.c \
p003	build	platform/arm64/vmunix.mk	97	libc/int64.c	path	libc/int64.c libc/strto.c \
p003	build	platform/arm64/vmunix.mk	97	libc/strto.c	path	libc/int64.c libc/strto.c \
p003	build	platform/arm64/vmunix.mk	98	libc/format.c	path	libc/format.c libc/stdio.c $(ZEDBSD_LIBC_USER_EXTRA_SOURCES)
p003	build	platform/arm64/vmunix.mk	98	libc/stdio.c	path	libc/format.c libc/stdio.c $(ZEDBSD_LIBC_USER_EXTRA_SOURCES)
p003	build	platform/arm64/vmunix.mk	135	libc/	path	$(BUILD)/libc/%.o: libc/%.S
p003	build	platform/arm64/vmunix.mk	144	libc/	path	$(BUILD)/kernel/libc/%.o: libc/%.c
p003	build	platform/arm64/vmunix.mk	300	libc/heap.c	path	userland/base/libc/socket.c userland/base/libc/signal.c libc/heap.c libc/string.c \
p003	build	platform/arm64/vmunix.mk	300	libc/string.c	path	userland/base/libc/socket.c userland/base/libc/signal.c libc/heap.c libc/string.c \
p003	build	platform/arm64/vmunix.mk	301	libc/ctype.c	path	libc/ctype.c libc/locale.c libc/wide.c libc/int64.c libc/strto.c \
p003	build	platform/arm64/vmunix.mk	301	libc/locale.c	path	libc/ctype.c libc/locale.c libc/wide.c libc/int64.c libc/strto.c \
p003	build	platform/arm64/vmunix.mk	301	libc/wide.c	path	libc/ctype.c libc/locale.c libc/wide.c libc/int64.c libc/strto.c \
p003	build	platform/arm64/vmunix.mk	301	libc/int64.c	path	libc/ctype.c libc/locale.c libc/wide.c libc/int64.c libc/strto.c \
p003	build	platform/arm64/vmunix.mk	301	libc/strto.c	path	libc/ctype.c libc/locale.c libc/wide.c libc/int64.c libc/strto.c \
p003	build	platform/arm64/vmunix.mk	302	libc/format.c	path	libc/format.c libc/stdio.c $(ZEDBSD_LIBC_USER_EXTRA_SOURCES)
p003	build	platform/arm64/vmunix.mk	302	libc/stdio.c	path	libc/format.c libc/stdio.c $(ZEDBSD_LIBC_USER_EXTRA_SOURCES)
p003	build	platform/arm64/vmunix.mk	336	libc/math.c	path	$(DYNAMIC_LIBM_OBJ): libc/math.c src/softfloat/zed-softfloat.h
p003	build	platform/arm64/vmunix.mk	358	libc/float-parse.c	path	$(DYNAMIC_FLOAT_DIR)/float-parse.o: libc/float-parse.c src/softfloat/zed-softfloat.h
p003	build	platform/pc98/vmunix.mk	324	libc/	path	$(BUILD)/libc/heap.o $(BUILD)/libc/string.o $(BUILD)/libc/ctype.o \
p003	build	platform/pc98/vmunix.mk	325	libc/	path	$(BUILD)/libc/locale.o $(BUILD)/libc/wide.o \
p003	build	platform/pc98/vmunix.mk	326	libc/	path	$(BUILD)/libc/int64.o $(BUILD)/libc/strto.o $(BUILD)/libc/format.o \
p003	build	platform/pc98/vmunix.mk	327	libc/	path	$(BUILD)/libc/stdio.o \
p003	build	platform/pc98/vmunix.mk	505	libc/heap.c	path	userland/base/libc/account.c userland/base/libc/crypt.c userland/base/libc/utmpx.c libc/heap.c \
p003	build	platform/pc98/vmunix.mk	506	libc/string.c	path	libc/string.c libc/ctype.c libc/locale.c libc/wide.c libc/int64.c \
p003	build	platform/pc98/vmunix.mk	506	libc/ctype.c	path	libc/string.c libc/ctype.c libc/locale.c libc/wide.c libc/int64.c \
p003	build	platform/pc98/vmunix.mk	506	libc/locale.c	path	libc/string.c libc/ctype.c libc/locale.c libc/wide.c libc/int64.c \
p003	build	platform/pc98/vmunix.mk	506	libc/wide.c	path	libc/string.c libc/ctype.c libc/locale.c libc/wide.c libc/int64.c \
p003	build	platform/pc98/vmunix.mk	506	libc/int64.c	path	libc/string.c libc/ctype.c libc/locale.c libc/wide.c libc/int64.c \
p003	build	platform/pc98/vmunix.mk	507	libc/strto.c	path	libc/strto.c libc/format.c \
p003	build	platform/pc98/vmunix.mk	507	libc/format.c	path	libc/strto.c libc/format.c \
p003	build	platform/pc98/vmunix.mk	508	libc/stdio.c	path	libc/stdio.c $(ZEDBSD_LIBC_USER_EXTRA_SOURCES)
p003	build	platform/pc98/vmunix.mk	542	libc/float-parse.c	path	$(DYNAMIC_FLOAT_PARSE_OBJ): libc/float-parse.c \
p003	build	platform/pc98/vmunix.mk	548	libc/math.c	path	$(DYNAMIC_LIBM_OBJ): libc/math.c src/softfloat/zed-softfloat.h
p003	build	platform/pcat/vmunix.mk	361	libc/	path	$(BUILD)/libc/heap.o \
p003	build	platform/pcat/vmunix.mk	362	libc/	path	$(BUILD)/libc/string.o $(BUILD)/libc/ctype.o $(BUILD)/libc/locale.o \
p003	build	platform/pcat/vmunix.mk	363	libc/	path	$(BUILD)/libc/wide.o $(BUILD)/libc/int64.o \
p003	build	platform/pcat/vmunix.mk	364	libc/	path	$(BUILD)/libc/strto.o $(BUILD)/libc/format.o $(BUILD)/libc/stdio.o \
p003	build	platform/pcat/vmunix.mk	537	libc/heap.c	path	userland/base/libc/utmpx.c libc/heap.c libc/string.c libc/ctype.c \
p003	build	platform/pcat/vmunix.mk	537	libc/string.c	path	userland/base/libc/utmpx.c libc/heap.c libc/string.c libc/ctype.c \
p003	build	platform/pcat/vmunix.mk	537	libc/ctype.c	path	userland/base/libc/utmpx.c libc/heap.c libc/string.c libc/ctype.c \
p003	build	platform/pcat/vmunix.mk	538	libc/locale.c	path	libc/locale.c libc/wide.c \
p003	build	platform/pcat/vmunix.mk	538	libc/wide.c	path	libc/locale.c libc/wide.c \
p003	build	platform/pcat/vmunix.mk	539	libc/int64.c	path	libc/int64.c libc/strto.c libc/format.c libc/stdio.c \
p003	build	platform/pcat/vmunix.mk	539	libc/strto.c	path	libc/int64.c libc/strto.c libc/format.c libc/stdio.c \
p003	build	platform/pcat/vmunix.mk	539	libc/format.c	path	libc/int64.c libc/strto.c libc/format.c libc/stdio.c \
p003	build	platform/pcat/vmunix.mk	539	libc/stdio.c	path	libc/int64.c libc/strto.c libc/format.c libc/stdio.c \
p003	build	platform/pcat/vmunix.mk	575	libc/float-parse.c	path	$(DYNAMIC_FLOAT_PARSE_OBJ): libc/float-parse.c \
p003	build	platform/pcat/vmunix.mk	581	libc/math.c	path	$(DYNAMIC_LIBM_OBJ): libc/math.c src/softfloat/zed-softfloat.h
p003	build	platform/sparcv9/vmunix.mk	100	libc/heap.c	path	libc/heap.c libc/string.c libc/ctype.c libc/locale.c libc/wide.c libc/int64.c libc/strto.c \
p003	build	platform/sparcv9/vmunix.mk	100	libc/string.c	path	libc/heap.c libc/string.c libc/ctype.c libc/locale.c libc/wide.c libc/int64.c libc/strto.c \
p003	build	platform/sparcv9/vmunix.mk	100	libc/ctype.c	path	libc/heap.c libc/string.c libc/ctype.c libc/locale.c libc/wide.c libc/int64.c libc/strto.c \
p003	build	platform/sparcv9/vmunix.mk	100	libc/locale.c	path	libc/heap.c libc/string.c libc/ctype.c libc/locale.c libc/wide.c libc/int64.c libc/strto.c \
p003	build	platform/sparcv9/vmunix.mk	100	libc/wide.c	path	libc/heap.c libc/string.c libc/ctype.c libc/locale.c libc/wide.c libc/int64.c libc/strto.c \
p003	build	platform/sparcv9/vmunix.mk	100	libc/int64.c	path	libc/heap.c libc/string.c libc/ctype.c libc/locale.c libc/wide.c libc/int64.c libc/strto.c \
p003	build	platform/sparcv9/vmunix.mk	100	libc/strto.c	path	libc/heap.c libc/string.c libc/ctype.c libc/locale.c libc/wide.c libc/int64.c libc/strto.c \
p003	build	platform/sparcv9/vmunix.mk	101	libc/format.c	path	libc/format.c libc/stdio.c $(ZEDBSD_LIBC_USER_EXTRA_SOURCES) \
p003	build	platform/sparcv9/vmunix.mk	101	libc/stdio.c	path	libc/format.c libc/stdio.c $(ZEDBSD_LIBC_USER_EXTRA_SOURCES) \
p003	build	platform/sparcv9/vmunix.mk	137	libc/	path	$(BUILD)/kernel/libc/%.o: libc/%.c
p003	build	platform/sparcv9/vmunix.mk	309	libc/heap.c	path	libc/heap.c libc/string.c libc/ctype.c libc/locale.c libc/wide.c libc/int64.c libc/strto.c \
p003	build	platform/sparcv9/vmunix.mk	309	libc/string.c	path	libc/heap.c libc/string.c libc/ctype.c libc/locale.c libc/wide.c libc/int64.c libc/strto.c \
p003	build	platform/sparcv9/vmunix.mk	309	libc/ctype.c	path	libc/heap.c libc/string.c libc/ctype.c libc/locale.c libc/wide.c libc/int64.c libc/strto.c \
p003	build	platform/sparcv9/vmunix.mk	309	libc/locale.c	path	libc/heap.c libc/string.c libc/ctype.c libc/locale.c libc/wide.c libc/int64.c libc/strto.c \
p003	build	platform/sparcv9/vmunix.mk	309	libc/wide.c	path	libc/heap.c libc/string.c libc/ctype.c libc/locale.c libc/wide.c libc/int64.c libc/strto.c \
p003	build	platform/sparcv9/vmunix.mk	309	libc/int64.c	path	libc/heap.c libc/string.c libc/ctype.c libc/locale.c libc/wide.c libc/int64.c libc/strto.c \
p003	build	platform/sparcv9/vmunix.mk	309	libc/strto.c	path	libc/heap.c libc/string.c libc/ctype.c libc/locale.c libc/wide.c libc/int64.c libc/strto.c \
p003	build	platform/sparcv9/vmunix.mk	310	libc/format.c	path	libc/format.c libc/stdio.c $(ZEDBSD_LIBC_USER_EXTRA_SOURCES)
p003	build	platform/sparcv9/vmunix.mk	310	libc/stdio.c	path	libc/format.c libc/stdio.c $(ZEDBSD_LIBC_USER_EXTRA_SOURCES)
p003	build	platform/sparcv9/vmunix.mk	358	libc/math.c	path	$(SPARCV9_DYNAMIC_LIBM_OBJ): libc/math.c src/softfloat/zed-softfloat.h
p003	build	platform/sparcv9/vmunix.mk	363	libc/float-parse.c	path	$(SPARCV9_DYNAMIC_FLOAT_PARSE_OBJ): libc/float-parse.c \
p003	build	platform/x68k/vmunix.mk	38	libc/	path	# The generic softfloat host executable links target libc/softfloat objects.
p003	build	platform/x68k/vmunix.mk	58	libc/heap.c	path	libc/heap.c libc/string.c libc/ctype.c libc/locale.c libc/wide.c \
p003	build	platform/x68k/vmunix.mk	58	libc/string.c	path	libc/heap.c libc/string.c libc/ctype.c libc/locale.c libc/wide.c \
p003	build	platform/x68k/vmunix.mk	58	libc/ctype.c	path	libc/heap.c libc/string.c libc/ctype.c libc/locale.c libc/wide.c \
p003	build	platform/x68k/vmunix.mk	58	libc/locale.c	path	libc/heap.c libc/string.c libc/ctype.c libc/locale.c libc/wide.c \
p003	build	platform/x68k/vmunix.mk	58	libc/wide.c	path	libc/heap.c libc/string.c libc/ctype.c libc/locale.c libc/wide.c \
p003	build	platform/x68k/vmunix.mk	59	libc/int64.c	path	libc/int64.c libc/strto.c libc/format.c libc/stdio.c \
p003	build	platform/x68k/vmunix.mk	59	libc/strto.c	path	libc/int64.c libc/strto.c libc/format.c libc/stdio.c \
p003	build	platform/x68k/vmunix.mk	59	libc/format.c	path	libc/int64.c libc/strto.c libc/format.c libc/stdio.c \
p003	build	platform/x68k/vmunix.mk	59	libc/stdio.c	path	libc/int64.c libc/strto.c libc/format.c libc/stdio.c \
p003	build	platform/x68k/vmunix.mk	203	libc/	path	$(BUILD)/kernel/libc/%.o: libc/%.c
p003	build	src/softfloat/softfloat.mk	37	libc/float-parse.c	path	$(ZEDBSD_FLOAT_PARSE_OBJECT): libc/float-parse.c \
p003	build	src/softfloat/softfloat.mk	44	libc/math.c	path	$(ZEDBSD_LIBM_OBJECT): libc/math.c src/softfloat/zed-softfloat.h
p003	build	src/softfloat/softfloat.mk	66	libc/fenv.c	path	src/softfloat/zed-softfloat.c src/softfloat/zed-softfloat.h libc/fenv.c
p003	build	src/softfloat/softfloat.mk	71	libc/fenv.c	path	libc/fenv.c -o $@
p003	build	src/softfloat/softfloat.mk	78	libc/float-parse.c	path	libc/float-parse.c src/softfloat/zed-softfloat.c \
p003	build	src/softfloat/softfloat.mk	79	libc/fenv.c	path	src/softfloat/zed-softfloat.h libc/fenv.c
p003	build	src/softfloat/softfloat.mk	83	libc/float-parse.c	path	tests/float-parse-host-test.c libc/float-parse.c \
p003	build	src/softfloat/softfloat.mk	84	libc/fenv.c	path	src/softfloat/zed-softfloat.c libc/fenv.c -o $@
p003	build	src/softfloat/softfloat.mk	90	libc/math.c	path	$(BUILD)/tests/math-host-test: tests/math-host-test.c libc/math.c \
p003	build	src/softfloat/softfloat.mk	91	libc/fenv.c	path	src/softfloat/zed-softfloat.c src/softfloat/zed-softfloat.h libc/fenv.c
p003	build	src/softfloat/softfloat.mk	94	libc/math.c	path	-Ilibc/include -Iinclude -I. tests/math-host-test.c libc/math.c \
p003	build	src/softfloat/softfloat.mk	95	libc/fenv.c	path	src/softfloat/zed-softfloat.c libc/fenv.c -o $@
p003	build	src/softfloat/softfloat.mk	104	libc/fenv.c	path	src/softfloat/zed-softfloat.h libc/fenv.c
p003	build	src/softfloat/softfloat.mk	109	libc/fenv.c	path	src/softfloat/zed-softfloat.c libc/fenv.c -o $@
p003	c-include	libc/heap.c	8	libc/heap.h	keep-root .->src	#include "libc/heap.h"
p003	c-include	libc/locale-db.c	8	libc/locale-db.h	keep-root .->src	#include "libc/locale-db.h"
p003	c-include	libc/locale.c	12	libc/stdio-internal.h	keep-root .->src	#include "libc/stdio-internal.h"
p003	c-include	libc/locale.c	13	libc/locale-db.h	keep-root .->src	#include "libc/locale-db.h"
p003	c-include	libc/regex/regcomp.c	39	libc/regex/tre.h	keep	#include "tre.h"
p003	c-include	libc/regex/regexec.c	41	libc/regex/tre.h	keep	#include "tre.h"
p003	c-include	libc/regex/tre-mem.c	42	libc/regex/tre.h	keep	#include "tre.h"
p003	c-include	libc/stdio.c	16	libc/stdio-internal.h	keep-root .->src	#include "libc/stdio-internal.h"
p003	c-include	libc/stdlib-extra.c	12	libc/heap.h	keep-root .->src	#include "libc/heap.h"
p003	c-include	libc/string.c	8	libc/heap.h	keep-root .->src	#include "libc/heap.h"
p003	c-include	libc/wide.c	12	libc/stdio-internal.h	keep-root .->src	#include "libc/stdio-internal.h"
p003	c-include	src/kern/entry.c	22	libc/heap.h	keep-root .->src	#include "libc/heap.h"
p003	c-include	src/kern/locale-record.c	12	libc/locale-db.h	keep-root .->src	#include "libc/locale-db.h"
p003	c-include	userland/base/libc/posix.c	15	libc/heap.h	keep-root .->src	#include "libc/heap.h"
p003	c-include	userland/base/libc/posix.c	16	libc/stdio-internal.h	keep-root .->src	#include "libc/stdio-internal.h"
p003	docs	docs/reference/tls.md	18	libc/	path	libc/rtldの私有ABIはversion 5。ABI v4のバイナリ互換を提供せず、成果物を再構築する。
p003	plan-tests	plan/ws004/tests/README.md	678	libc/heap.c	path	-c libc/heap.c -o /tmp/ws004-heap.o
p003	plan-tests	plan/ws004/tests/q009-hwt12-evidence.md	51	libc/heap.c	path	to `remove_free()` in `libc/heap.c`. Disassembly identifies the faulting
p003	plan-tests	plan/ws004/tests/qemu-usb-root-evidence.md	97	libc/	path	corruption. q010 proved the unlocked libc/kernel heap lock-domain mismatch,
p003	plan-tests	plan/ws006/tests/usb-hid-guest-probe.c	573	libc/	path	/* Verifies actual libc/kernel PTY identity, not a mock console ioctl. */
p003	plan-tests	plan/ws014/tests/run-venus-remote.py	105	libc/string.c	path	'include/drivers/gpu-share.h', 'libc/include/errno.h', 'libc/include/stddef.h', 'libc/string.c',
p003	plan-tests	plan/ws035/tests/kernel-include-audit.py	17	libc/	path	libc-internal  libc/<file> (src/libc/<file> after p003), private libc headers
p003	plan-tests	plan/ws035/tests/kernel-include-audit.py	70	libc/	path	if src.startswith("libc/") or src.startswith("src/libc/"):
p003	plan-tests	plan/ws035/tests/kernel-include-audit.py	90	libc/	path	# after p003 the private libc headers are src/libc/*; before, libc/*
p003	plan-tests	plan/ws035/tests/kernel-include-audit.py	93	libc/	path	if p.startswith("libc/"):
p003	plan-tests	plan/ws035/tests/refactor-refs.py	10	libc/	path	p003  libc/* (not libc/include)          -> src/libc/*
p003	plan-tests	plan/ws035/tests/refactor-refs.py	140	libc/	path	elif f.startswith("libc/"):
p003	plan-tests	plan/ws035/tests/refactor-refs.py	279	libc/	path	if d == "libc" and not name.startswith("libc/"):
p003	plan-tests	plan/ws035/tests/refactor-refs.py	374	libc/regex/	path	"libc/include": "p023", "libc/regex": "p003",
p003	plan-tests	plan/ws035/tests/refactor-refs.py	378	libc/	path	# 'libc/' alone (e.g. libc/%.c, libc/*.c) belongs to p003
p003	plan-tests	plan/ws035/tests/refactor-refs.py	466	libc/	path	if "libc/" not in line and "include/" not in line:
p003	plan-tests	plan/ws035/tests/refactor-refs.py	568	libc/	path	"p003": "p003: `libc/` のsource → `src/libc/`",
p003	plan-tests	plan/ws035/tests/refactor-refs.py	595	libc/	path	lines += ["", "ディレクトリ単位の参照（`-Ilibc/include`、`libc/%.c` など）:", "",
p003	plan-tests/include	plan/ws002/tests/heap-trace-validator.c	12	libc/heap.c	keep-root .->src	#include "libc/heap.c"
p003	plan-tests/include	plan/ws004/tests/kernel-heap-lock-test.c	9	libc/heap.h	keep-root .->src	#include "libc/heap.h"
p003	source-text	libc/heap.h	29	libc/	path	* instance; the active instance exists only for libc/Noct compatibility.
p003	sysroot	toolchain/llvm/sysroot.mk	34	libc/heap.c	path	libc/heap.c libc/string.c libc/ctype.c libc/locale.c libc/wide.c \
p003	sysroot	toolchain/llvm/sysroot.mk	34	libc/string.c	path	libc/heap.c libc/string.c libc/ctype.c libc/locale.c libc/wide.c \
p003	sysroot	toolchain/llvm/sysroot.mk	34	libc/ctype.c	path	libc/heap.c libc/string.c libc/ctype.c libc/locale.c libc/wide.c \
p003	sysroot	toolchain/llvm/sysroot.mk	34	libc/locale.c	path	libc/heap.c libc/string.c libc/ctype.c libc/locale.c libc/wide.c \
p003	sysroot	toolchain/llvm/sysroot.mk	34	libc/wide.c	path	libc/heap.c libc/string.c libc/ctype.c libc/locale.c libc/wide.c \
p003	sysroot	toolchain/llvm/sysroot.mk	35	libc/int64.c	path	libc/int64.c libc/strto.c libc/format.c libc/stdio.c \
p003	sysroot	toolchain/llvm/sysroot.mk	35	libc/strto.c	path	libc/int64.c libc/strto.c libc/format.c libc/stdio.c \
p003	sysroot	toolchain/llvm/sysroot.mk	35	libc/format.c	path	libc/int64.c libc/strto.c libc/format.c libc/stdio.c \
p003	sysroot	toolchain/llvm/sysroot.mk	35	libc/stdio.c	path	libc/int64.c libc/strto.c libc/format.c libc/stdio.c \
p003	sysroot	toolchain/llvm/sysroot.mk	41	libc/math.c	path	libc/math.c libc/float-parse.c
p003	sysroot	toolchain/llvm/sysroot.mk	41	libc/float-parse.c	path	libc/math.c libc/float-parse.c
p023	build	Makefile	495	libc/include/	path	-I$(BUILD) -Ilibc/include $(ZEDBSD_CONFIG_CPPFLAGS)
p023	build	libc/libc.mk	59	libc/include/	path	-I$(BUILD) -Ilibc/include
p023	build	platform/amd64/vmunix.mk	757	libc/include/	path	$(CC) -nostdinc -Ilibc/include -Iinclude -I. $(DYNAMIC_CFLAGS) \
p023	build	platform/amd64/vmunix.mk	763	libc/include/	path	$(CC) -nostdinc -Ilibc/include -Iinclude -I. $(DYNAMIC_CFLAGS) \
p023	build	platform/amd64/vmunix.mk	769	libc/include/	path	$(CC) -nostdinc -Ilibc/include -Iinclude -I. $(DYNAMIC_CFLAGS) \
p023	build	platform/arm64/vmunix.mk	14	libc/include/	path	-Ilibc/include -Isrc/hal/arm64 -DHAL_ARCH_ARM64 -DHAL_BOARD_RPI4 \
p023	build	platform/arm64/vmunix.mk	79	libc/include/	path	-Ilibc/include -DHAL_ARCH_ARM64 -DKERN_USER_ABI_AARCH64 \
p023	build	platform/arm64/vmunix.mk	290	libc/include/	path	DYNAMIC_CPPFLAGS := -nostdinc -I. -Iinclude -Ilibc/include \
p023	build	platform/arm64/vmunix.mk	338	libc/include/	path	$(ARM64_CC) -nostdinc -Ilibc/include -Iinclude -I. \
p023	build	platform/arm64/vmunix.mk	342	libc/include/	path	$(ARM64_CC) -nostdinc -Ilibc/include -Iinclude -I. \
p023	build	platform/arm64/vmunix.mk	346	libc/include/	path	$(ARM64_CC) -nostdinc -Ilibc/include -Iinclude -I. \
p023	build	platform/arm64/vmunix.mk	351	libc/include/	path	$(ARM64_CC) -nostdinc -Ilibc/include -Iinclude -I. \
p023	build	platform/arm64/vmunix.mk	356	libc/include/	path	$(ARM64_CC) -nostdinc -Ilibc/include -Iinclude -I. \
p023	build	platform/arm64/vmunix.mk	360	libc/include/	path	$(ARM64_CC) -nostdinc -Ilibc/include -Iinclude -I. \
p023	build	platform/pc98/vmunix.mk	539	libc/include/	path	$(CC) -nostdinc -Ilibc/include -Iinclude -I. $(DYNAMIC_CFLAGS) \
p023	build	platform/pc98/vmunix.mk	545	libc/include/	path	$(CC) -nostdinc -Ilibc/include -Iinclude -I. $(DYNAMIC_CFLAGS) \
p023	build	platform/pc98/vmunix.mk	550	libc/include/	path	$(CC) -nostdinc -Ilibc/include -Iinclude -I. $(DYNAMIC_CFLAGS) \
p023	build	platform/pcat/vmunix.mk	572	libc/include/	path	$(CC) -nostdinc -Ilibc/include -Iinclude -I. $(DYNAMIC_CFLAGS) \
p023	build	platform/pcat/vmunix.mk	578	libc/include/	path	$(CC) -nostdinc -Ilibc/include -Iinclude -I. $(DYNAMIC_CFLAGS) \
p023	build	platform/pcat/vmunix.mk	583	libc/include/	path	$(CC) -nostdinc -Ilibc/include -Iinclude -I. $(DYNAMIC_CFLAGS) \
p023	build	platform/sparcv9/vmunix.mk	15	libc/include/	path	-Ilibc/include -Isrc/hal/sparcv9 -DHAL_ARCH_SPARCV9 \
p023	build	platform/sparcv9/vmunix.mk	296	libc/include/	path	-Ilibc/include -DHAL_ARCH_SPARCV9 -DKERN_USER_ABI_SPARCV9 \
p023	build	platform/sparcv9/vmunix.mk	333	libc/include/	path	$(SPARCV9_CC) -nostdinc -Ilibc/include -Iinclude -I. \
p023	build	platform/sparcv9/vmunix.mk	360	libc/include/	path	$(SPARCV9_CC) -nostdinc -Ilibc/include -Iinclude -I. \
p023	build	platform/sparcv9/vmunix.mk	366	libc/include/	path	$(SPARCV9_CC) -nostdinc -Ilibc/include -Iinclude -I. \
p023	build	platform/x68k/vmunix.mk	12	libc/include/	path	-Ilibc/include -Isrc/hal/m68k -DHAL_ARCH_M68K -DHAL_BOARD_X68K \
p023	build	platform/x68k/vmunix.mk	25	libc/include/	path	-Ilibc/include -DHAL_ARCH_M68K -DKERN_USER_ABI_M68K \
p023	build	src/softfloat/softfloat.mk	28	libc/include/errno.h	path	$(ZEDBSD_SOFTFLOAT_OBJECTS): libc/include/errno.h
p023	build	src/softfloat/softfloat.mk	33	libc/include/	path	$(ZEDBSD_SOFTFLOAT_CC) -nostdinc -Ilibc/include -Iinclude -I. \
p023	build	src/softfloat/softfloat.mk	40	libc/include/	path	$(ZEDBSD_SOFTFLOAT_CC) -nostdinc -Ilibc/include -Iinclude -I. \
p023	build	src/softfloat/softfloat.mk	46	libc/include/	path	$(ZEDBSD_SOFTFLOAT_CC) -nostdinc -Ilibc/include -Iinclude -I. \
p023	build	src/softfloat/softfloat.mk	68	libc/include/	path	$(HOSTCC) -std=c11 -O2 -Wall -Wextra -Werror -Ilibc/include \
p023	build	src/softfloat/softfloat.mk	81	libc/include/	path	$(HOSTCC) -std=c11 -O2 -Wall -Wextra -Werror -Ilibc/include \
p023	build	src/softfloat/softfloat.mk	94	libc/include/	path	-Ilibc/include -Iinclude -I. tests/math-host-test.c libc/math.c \
p023	build	src/softfloat/softfloat.mk	106	libc/include/	path	$(HOSTCC) -std=c11 -O2 -Wall -Wextra -Werror -Ilibc/include \
p023	build	userland/base/curses/Makefile	10	libc/include/curses.h	path	libc/include/curses.h))
p023	build	userland/base/noct/zedbsd-i386.cmake	41	libc/include/stdint.h	path	libc/include/stdint.h
p023	c-include	bootloader/bios/fat-directory.h	19	libc/include/stddef.h	keep-root libc/include->include	#include <stddef.h>
p023	c-include	bootloader/bios/fat-directory.h	20	libc/include/stdint.h	keep-root libc/include->include	#include <stdint.h>
p023	c-include	bootloader/include/amd64-handoff.h	128	libc/include/stdint.h	keep-root libc/include->include	#include <stdint.h>
p023	c-include	bootloader/uefi/elf64.h	6	libc/include/stdint.h	keep-root libc/include->include	#include <stdint.h>
p023	c-include	bootloader/uefi/framebuffer.c	5	libc/include/stddef.h	keep-root libc/include->include	#include <stddef.h>
p023	c-include	bootloader/uefi/framebuffer.c	6	libc/include/stdint.h	keep-root libc/include->include	#include <stdint.h>
p023	c-include	bootloader/uefi/framebuffer.h	6	libc/include/stdint.h	keep-root libc/include->include	#include <stdint.h>
p023	c-include	bootloader/uefi/include/uefi.h	6	libc/include/stddef.h	keep-root libc/include->include	#include <stddef.h>
p023	c-include	bootloader/uefi/include/uefi.h	7	libc/include/stdint.h	keep-root libc/include->include	#include <stdint.h>
p023	c-include	bootloader/uefi/video.h	7	libc/include/stddef.h	keep-root libc/include->include	#include <stddef.h>
p023	c-include	bootloader/uefi/volume-discovery.h	6	libc/include/stddef.h	keep-root libc/include->include	#include <stddef.h>
p023	c-include	bootloader/uefi/volume-discovery.h	7	libc/include/stdint.h	keep-root libc/include->include	#include <stdint.h>
p023	c-include	bootloader/uefi/zedbsd-config.h	22	libc/include/stddef.h	keep-root libc/include->include	#include <stddef.h>
p023	c-include	bootloader/x68k/boot-layout.h	49	libc/include/stdint.h	keep-root libc/include->include	#include <stdint.h>
p023	c-include	bootloader/x68k/stage2.c	9	libc/include/stdint.h	keep-root libc/include->include	#include <stdint.h>
p023	c-include	include/boot/parameter-handoff.h	25	libc/include/stdint.h	keep-root libc/include->include	#include <stdint.h>
p023	c-include	include/boot/provenance.h	9	libc/include/stdint.h	keep-root libc/include->include	#include <stdint.h>
p023	c-include	include/drivers/dma.h	15	libc/include/stddef.h	keep-root libc/include->include	#include <stddef.h>
p023	c-include	include/drivers/dma.h	16	libc/include/stdint.h	keep-root libc/include->include	#include <stdint.h>
p023	c-include	include/drivers/dp8390.h	15	libc/include/stddef.h	keep-root libc/include->include	#include <stddef.h>
p023	c-include	include/drivers/dp8390.h	16	libc/include/stdint.h	keep-root libc/include->include	#include <stdint.h>
p023	c-include	include/drivers/gpu-fence.h	16	libc/include/stdint.h	keep-root libc/include->include	#include <stdint.h>
p023	c-include	include/drivers/gpu.h	20	libc/include/stdint.h	keep-root libc/include->include	#include <stdint.h>
p023	c-include	include/drivers/hid/hid-report.h	7	libc/include/stddef.h	keep-root libc/include->include	#include <stddef.h>
p023	c-include	include/drivers/hid/hid-report.h	8	libc/include/stdint.h	keep-root libc/include->include	#include <stdint.h>
p023	c-include	include/drivers/pci-nvme-protocol.h	15	libc/include/errno.h	keep-root libc/include->include	#include <errno.h>
p023	c-include	include/drivers/pci-nvme-protocol.h	16	libc/include/stddef.h	keep-root libc/include->include	#include <stddef.h>
p023	c-include	include/drivers/pci-nvme-protocol.h	17	libc/include/stdint.h	keep-root libc/include->include	#include <stdint.h>
p023	c-include	include/drivers/pci-xhci-capability.h	15	libc/include/stddef.h	keep-root libc/include->include	#include <stddef.h>
p023	c-include	include/drivers/pci-xhci-capability.h	16	libc/include/stdint.h	keep-root libc/include->include	#include <stdint.h>
p023	c-include	include/drivers/pci-xhci-control.h	17	libc/include/stdint.h	keep-root libc/include->include	#include <stdint.h>
p023	c-include	include/drivers/pci-xhci-lifecycle.h	15	libc/include/stddef.h	keep-root libc/include->include	#include <stddef.h>
p023	c-include	include/drivers/pci-xhci-lifecycle.h	16	libc/include/stdint.h	keep-root libc/include->include	#include <stdint.h>
p023	c-include	include/drivers/pci.h	18	libc/include/stdbool.h	keep-root libc/include->include	#include <stdbool.h>
p023	c-include	include/drivers/pci.h	19	libc/include/stddef.h	keep-root libc/include->include	#include <stddef.h>
p023	c-include	include/drivers/pci.h	20	libc/include/stdint.h	keep-root libc/include->include	#include <stdint.h>
p023	c-include	include/drivers/usb-cdc-ncm.h	15	libc/include/stddef.h	keep-root libc/include->include	#include <stddef.h>
p023	c-include	include/drivers/usb-cdc-ncm.h	16	libc/include/stdint.h	keep-root libc/include->include	#include <stdint.h>
p023	c-include	include/drivers/usb-storage-bot.h	15	libc/include/stddef.h	keep-root libc/include->include	#include <stddef.h>
p023	c-include	include/drivers/usb-storage-bot.h	16	libc/include/stdint.h	keep-root libc/include->include	#include <stdint.h>
p023	c-include	include/drivers/usb-storage-scsi.h	15	libc/include/stddef.h	keep-root libc/include->include	#include <stddef.h>
p023	c-include	include/drivers/usb-storage-scsi.h	16	libc/include/stdint.h	keep-root libc/include->include	#include <stdint.h>
p023	c-include	include/drivers/usb-uas.h	15	libc/include/stddef.h	keep-root libc/include->include	#include <stddef.h>
p023	c-include	include/drivers/usb-uas.h	16	libc/include/stdint.h	keep-root libc/include->include	#include <stdint.h>
p023	c-include	include/drivers/usb.h	21	libc/include/stdbool.h	keep-root libc/include->include	#include <stdbool.h>
p023	c-include	include/drivers/usb.h	22	libc/include/stddef.h	keep-root libc/include->include	#include <stddef.h>
p023	c-include	include/drivers/usb.h	23	libc/include/stdint.h	keep-root libc/include->include	#include <stdint.h>
p023	c-include	include/hal/types.h	9	libc/include/stdbool.h	keep-root libc/include->include	#include <stdbool.h>
p023	c-include	include/hal/types.h	10	libc/include/stddef.h	keep-root libc/include->include	#include <stddef.h>
p023	c-include	include/hal/types.h	11	libc/include/stdint.h	keep-root libc/include->include	#include <stdint.h>
p023	c-include	include/kern/atomic.h	12	libc/include/limits.h	keep-root libc/include->include	#include <limits.h>
p023	c-include	include/kern/atomic.h	13	libc/include/stdint.h	keep-root libc/include->include	#include <stdint.h>
p023	c-include	include/kern/backing-claim.h	5	libc/include/stdint.h	keep-root libc/include->include	#include <stdint.h>
p023	c-include	include/kern/boot.h	15	libc/include/stddef.h	keep-root libc/include->include	#include <stddef.h>
p023	c-include	include/kern/boot.h	16	libc/include/stdint.h	keep-root libc/include->include	#include <stdint.h>
p023	c-include	include/kern/buf.h	11	libc/include/stddef.h	keep-root libc/include->include	#include <stddef.h>
p023	c-include	include/kern/buf.h	12	libc/include/stdint.h	keep-root libc/include->include	#include <stdint.h>
p023	c-include	include/kern/cache-memory.h	5	libc/include/stddef.h	keep-root libc/include->include	#include <stddef.h>
p023	c-include	include/kern/cache-memory.h	6	libc/include/stdint.h	keep-root libc/include->include	#include <stdint.h>
p023	c-include	include/kern/cdev.h	18	libc/include/stddef.h	keep-root libc/include->include	#include <stddef.h>
p023	c-include	include/kern/cdev.h	19	libc/include/stdint.h	keep-root libc/include->include	#include <stdint.h>
p023	c-include	include/kern/cdev.h	20	libc/include/sys/types.h	keep-root libc/include->include	#include <sys/types.h>
p023	c-include	include/kern/clock.h	15	libc/include/stdbool.h	keep-root libc/include->include	#include <stdbool.h>
p023	c-include	include/kern/clock.h	16	libc/include/stdint.h	keep-root libc/include->include	#include <stdint.h>
p023	c-include	include/kern/clock.h	17	libc/include/time.h	keep-root libc/include->include	#include <time.h>
p023	c-include	include/kern/cred.h	12	libc/include/sys/types.h	keep-root libc/include->include	#include <sys/types.h>
p023	c-include	include/kern/device-io.h	21	libc/include/stdint.h	keep-root libc/include->include	#include <stdint.h>
p023	c-include	include/kern/disk.h	15	libc/include/stddef.h	keep-root libc/include->include	#include <stddef.h>
p023	c-include	include/kern/disk.h	16	libc/include/stdint.h	keep-root libc/include->include	#include <stdint.h>
p023	c-include	include/kern/disk.h	17	libc/include/sys/types.h	keep-root libc/include->include	#include <sys/types.h>
p023	c-include	include/kern/elf.h	15	libc/include/stdint.h	keep-root libc/include->include	#include <stdint.h>
p023	c-include	include/kern/exec.h	15	libc/include/stddef.h	keep-root libc/include->include	#include <stddef.h>
p023	c-include	include/kern/exec.h	16	libc/include/stdint.h	keep-root libc/include->include	#include <stdint.h>
p023	c-include	include/kern/exec.h	17	libc/include/limits.h	keep-root libc/include->include	#include <limits.h>
p023	c-include	include/kern/exec.h	18	libc/include/sys/stat.h	keep-root libc/include->include	#include <sys/stat.h>
p023	c-include	include/kern/fat.h	14	libc/include/stdint.h	keep-root libc/include->include	#include <stdint.h>
p023	c-include	include/kern/file-backing.h	10	libc/include/errno.h	keep-root libc/include->include	#include <errno.h>
p023	c-include	include/kern/file.h	24	libc/include/fcntl.h	keep-root libc/include->include	#include <fcntl.h>
p023	c-include	include/kern/file.h	25	libc/include/limits.h	keep-root libc/include->include	#include <limits.h>
p023	c-include	include/kern/file.h	26	libc/include/stddef.h	keep-root libc/include->include	#include <stddef.h>
p023	c-include	include/kern/file.h	27	libc/include/stdint.h	keep-root libc/include->include	#include <stdint.h>
p023	c-include	include/kern/handle.h	16	libc/include/stdint.h	keep-root libc/include->include	#include <stdint.h>
p023	c-include	include/kern/inode.h	15	libc/include/stddef.h	keep-root libc/include->include	#include <stddef.h>
p023	c-include	include/kern/inode.h	16	libc/include/stdint.h	keep-root libc/include->include	#include <stdint.h>
p023	c-include	include/kern/inode.h	17	libc/include/sys/stat.h	keep-root libc/include->include	#include <sys/stat.h>
p023	c-include	include/kern/inode.h	18	libc/include/sys/types.h	keep-root libc/include->include	#include <sys/types.h>
p023	c-include	include/kern/input-capability.h	6	libc/include/stddef.h	keep-root libc/include->include	#include <stddef.h>
p023	c-include	include/kern/input-capability.h	7	libc/include/stdint.h	keep-root libc/include->include	#include <stdint.h>
p023	c-include	include/kern/input-device.h	9	libc/include/stddef.h	keep-root libc/include->include	#include <stddef.h>
p023	c-include	include/kern/input-device.h	10	libc/include/stdint.h	keep-root libc/include->include	#include <stdint.h>
p023	c-include	include/kern/input-keymap.h	5	libc/include/stdint.h	keep-root libc/include->include	#include <stdint.h>
p023	c-include	include/kern/input-queue.h	6	libc/include/stddef.h	keep-root libc/include->include	#include <stddef.h>
p023	c-include	include/kern/input-queue.h	7	libc/include/stdint.h	keep-root libc/include->include	#include <stdint.h>
p023	c-include	include/kern/io-context.h	13	libc/include/stdint.h	keep-root libc/include->include	#include <stdint.h>
p023	c-include	include/kern/io-context.h	14	libc/include/stddef.h	keep-root libc/include->include	#include <stddef.h>
p023	c-include	include/kern/io-context.h	15	libc/include/errno.h	keep-root libc/include->include	#include <errno.h>
p023	c-include	include/kern/io-pool.h	11	libc/include/stddef.h	keep-root libc/include->include	#include <stddef.h>
p023	c-include	include/kern/io-pool.h	12	libc/include/stdint.h	keep-root libc/include->include	#include <stdint.h>
p023	c-include	include/kern/irq.h	21	libc/include/stdbool.h	keep-root libc/include->include	#include <stdbool.h>
p023	c-include	include/kern/irq.h	22	libc/include/stdint.h	keep-root libc/include->include	#include <stdint.h>
p023	c-include	include/kern/klog.h	11	libc/include/stddef.h	keep-root libc/include->include	#include <stddef.h>
p023	c-include	include/kern/klog.h	12	libc/include/stdint.h	keep-root libc/include->include	#include <stdint.h>
p023	c-include	include/kern/kmem.h	15	libc/include/stddef.h	keep-root libc/include->include	#include <stddef.h>
p023	c-include	include/kern/mount.h	23	libc/include/limits.h	keep-root libc/include->include	#include <limits.h>
p023	c-include	include/kern/namei.h	18	libc/include/limits.h	keep-root libc/include->include	#include <limits.h>
p023	c-include	include/kern/net.h	15	libc/include/stddef.h	keep-root libc/include->include	#include <stddef.h>
p023	c-include	include/kern/net.h	16	libc/include/stdint.h	keep-root libc/include->include	#include <stdint.h>
p023	c-include	include/kern/net/byteorder.h	15	libc/include/stdint.h	keep-root libc/include->include	#include <stdint.h>
p023	c-include	include/kern/net/ethernet.h	10	libc/include/stddef.h	keep-root libc/include->include	#include <stddef.h>
p023	c-include	include/kern/net/ethernet.h	11	libc/include/stdint.h	keep-root libc/include->include	#include <stdint.h>
p023	c-include	include/kern/net/inet-socket.h	17	libc/include/stdint.h	keep-root libc/include->include	#include <stdint.h>
p023	c-include	include/kern/net/net-device.h	16	libc/include/stddef.h	keep-root libc/include->include	#include <stddef.h>
p023	c-include	include/kern/net/net-device.h	17	libc/include/stdint.h	keep-root libc/include->include	#include <stdint.h>
p023	c-include	include/kern/net/packet-buf.h	16	libc/include/stddef.h	keep-root libc/include->include	#include <stddef.h>
p023	c-include	include/kern/net/packet-buf.h	17	libc/include/stdint.h	keep-root libc/include->include	#include <stdint.h>
p023	c-include	include/kern/net/route.h	15	libc/include/stdint.h	keep-root libc/include->include	#include <stdint.h>
p023	c-include	include/kern/net/socket.h	20	libc/include/stddef.h	keep-root libc/include->include	#include <stddef.h>
p023	c-include	include/kern/net/socket.h	21	libc/include/stdint.h	keep-root libc/include->include	#include <stdint.h>
p023	c-include	include/kern/net/socket.h	22	libc/include/sys/types.h	keep-root libc/include->include	#include <sys/types.h>
p023	c-include	include/kern/net/wlan.h	11	libc/include/stddef.h	keep-root libc/include->include	#include <stddef.h>
p023	c-include	include/kern/net/wlan.h	12	libc/include/stdint.h	keep-root libc/include->include	#include <stdint.h>
p023	c-include	include/kern/platform.h	15	libc/include/stddef.h	keep-root libc/include->include	#include <stddef.h>
p023	c-include	include/kern/platform.h	16	libc/include/stdint.h	keep-root libc/include->include	#include <stdint.h>
p023	c-include	include/kern/pmem.h	14	libc/include/stdint.h	keep-root libc/include->include	#include <stdint.h>
p023	c-include	include/kern/poll.h	11	libc/include/stdint.h	keep-root libc/include->include	#include <stdint.h>
p023	c-include	include/kern/posix-acl.h	11	libc/include/stddef.h	keep-root libc/include->include	#include <stddef.h>
p023	c-include	include/kern/posix-acl.h	12	libc/include/stdint.h	keep-root libc/include->include	#include <stdint.h>
p023	c-include	include/kern/posix-acl.h	13	libc/include/sys/types.h	keep-root libc/include->include	#include <sys/types.h>
p023	c-include	include/kern/process-timer.h	12	libc/include/stdint.h	keep-root libc/include->include	#include <stdint.h>
p023	c-include	include/kern/process-timer.h	13	libc/include/time.h	keep-root libc/include->include	#include <time.h>
p023	c-include	include/kern/process.h	15	libc/include/sys/types.h	keep-root libc/include->include	#include <sys/types.h>
p023	c-include	include/kern/process.h	16	libc/include/stdint.h	keep-root libc/include->include	#include <stdint.h>
p023	c-include	include/kern/quota.h	13	libc/include/stddef.h	keep-root libc/include->include	#include <stddef.h>
p023	c-include	include/kern/quota.h	14	libc/include/stdint.h	keep-root libc/include->include	#include <stdint.h>
p023	c-include	include/kern/quota.h	15	libc/include/sys/types.h	keep-root libc/include->include	#include <sys/types.h>
p023	c-include	include/kern/readahead.h	12	libc/include/stdint.h	keep-root libc/include->include	#include <stdint.h>
p023	c-include	include/kern/readahead.h	13	libc/include/stddef.h	keep-root libc/include->include	#include <stddef.h>
p023	c-include	include/kern/record-lock.h	11	libc/include/stdint.h	keep-root libc/include->include	#include <stdint.h>
p023	c-include	include/kern/resource-limit.h	11	libc/include/stdint.h	keep-root libc/include->include	#include <stdint.h>
p023	c-include	include/kern/sched.h	16	libc/include/stdint.h	keep-root libc/include->include	#include <stdint.h>
p023	c-include	include/kern/signal.h	16	libc/include/stdint.h	keep-root libc/include->include	#include <stdint.h>
p023	c-include	include/kern/signal.h	17	libc/include/sys/types.h	keep-root libc/include->include	#include <sys/types.h>
p023	c-include	include/kern/swap-source.h	11	libc/include/stdint.h	keep-root libc/include->include	#include <stdint.h>
p023	c-include	include/kern/swap.h	15	libc/include/stddef.h	keep-root libc/include->include	#include <stddef.h>
p023	c-include	include/kern/swap.h	16	libc/include/stdint.h	keep-root libc/include->include	#include <stdint.h>
p023	c-include	include/kern/syscall.h	11	libc/include/stdint.h	keep-root libc/include->include	#include <stdint.h>
p023	c-include	include/kern/sysctl.h	11	libc/include/stddef.h	keep-root libc/include->include	#include <stddef.h>
p023	c-include	include/kern/system-swap-device.h	11	libc/include/stdint.h	keep-root libc/include->include	#include <stdint.h>
p023	c-include	include/kern/test-fault.h	11	libc/include/stddef.h	keep-root libc/include->include	#include <stddef.h>
p023	c-include	include/kern/test-fault.h	12	libc/include/stdint.h	keep-root libc/include->include	#include <stdint.h>
p023	c-include	include/kern/text-display.h	26	libc/include/stddef.h	keep-root libc/include->include	#include <stddef.h>
p023	c-include	include/kern/text-display.h	27	libc/include/stdint.h	keep-root libc/include->include	#include <stdint.h>
p023	c-include	include/kern/thread.h	21	libc/include/sys/types.h	keep-root libc/include->include	#include <sys/types.h>
p023	c-include	include/kern/thread.h	22	libc/include/stdint.h	keep-root libc/include->include	#include <stdint.h>
p023	c-include	include/kern/tty.h	11	libc/include/stddef.h	keep-root libc/include->include	#include <stddef.h>
p023	c-include	include/kern/tty.h	12	libc/include/stdint.h	keep-root libc/include->include	#include <stdint.h>
p023	c-include	include/kern/tty.h	13	libc/include/sys/types.h	keep-root libc/include->include	#include <sys/types.h>
p023	c-include	include/kern/uaccess.h	15	libc/include/stddef.h	keep-root libc/include->include	#include <stddef.h>
p023	c-include	include/kern/uaccess.h	16	libc/include/stdint.h	keep-root libc/include->include	#include <stdint.h>
p023	c-include	include/kern/uaccess.h	17	libc/include/sys/types.h	keep-root libc/include->include	#include <sys/types.h>
p023	c-include	include/kern/user-probe.h	16	libc/include/stdint.h	keep-root libc/include->include	#include <stdint.h>
p023	c-include	include/kern/usync.h	10	libc/include/stdint.h	keep-root libc/include->include	#include <stdint.h>
p023	c-include	include/kern/vm-commit.h	15	libc/include/stddef.h	keep-root libc/include->include	#include <stddef.h>
p023	c-include	include/kern/vm-commit.h	16	libc/include/stdint.h	keep-root libc/include->include	#include <stdint.h>
p023	c-include	include/kern/vm-device.h	16	libc/include/stddef.h	keep-root libc/include->include	#include <stddef.h>
p023	c-include	include/kern/vm-device.h	17	libc/include/stdint.h	keep-root libc/include->include	#include <stdint.h>
p023	c-include	include/kern/vm-object.h	22	libc/include/stddef.h	keep-root libc/include->include	#include <stddef.h>
p023	c-include	include/kern/vm-object.h	23	libc/include/stdint.h	keep-root libc/include->include	#include <stdint.h>
p023	c-include	include/kern/vm-object.h	24	libc/include/sys/types.h	keep-root libc/include->include	#include <sys/types.h>
p023	c-include	include/kern/vm-reclaim.h	15	libc/include/stdint.h	keep-root libc/include->include	#include <stdint.h>
p023	c-include	include/kern/vmspace.h	20	libc/include/stddef.h	keep-root libc/include->include	#include <stddef.h>
p023	c-include	include/kern/vmspace.h	21	libc/include/stdint.h	keep-root libc/include->include	#include <stdint.h>
p023	c-include	include/kern/vmspace.h	22	libc/include/sys/types.h	keep-root libc/include->include	#include <sys/types.h>
p023	c-include	include/kern/waitq.h	10	libc/include/stdint.h	keep-root libc/include->include	#include <stdint.h>
p023	c-include	include/kern/writeback.h	4	libc/include/stdint.h	keep-root libc/include->include	#include <stdint.h>
p023	c-include	include/kern/writeback.h	5	libc/include/stddef.h	keep-root libc/include->include	#include <stddef.h>
p023	c-include	include/uapi/blkid.h	14	libc/include/stdint.h	keep-root libc/include->include	#include <stdint.h>
p023	c-include	include/uapi/blkid.h	15	libc/include/sys/ioctl.h	keep-root libc/include->include	#include <sys/ioctl.h>
p023	c-include	include/uapi/block.h	15	libc/include/stdint.h	keep-root libc/include->include	#include <stdint.h>
p023	c-include	include/uapi/block.h	16	libc/include/stddef.h	keep-root libc/include->include	#include <stddef.h>
p023	c-include	include/uapi/block.h	17	libc/include/sys/ioctl.h	keep-root libc/include->include	#include <sys/ioctl.h>
p023	c-include	include/uapi/cache-memory.h	11	libc/include/stdint.h	keep-root libc/include->include	#include <stdint.h>
p023	c-include	include/uapi/console.h	15	libc/include/stdint.h	keep-root libc/include->include	#include <stdint.h>
p023	c-include	include/uapi/console.h	16	libc/include/sys/ioctl.h	keep-root libc/include->include	#include <sys/ioctl.h>
p023	c-include	include/uapi/dirent.h	15	libc/include/stdint.h	keep-root libc/include->include	#include <stdint.h>
p023	c-include	include/uapi/fcntl.h	15	libc/include/stdint.h	keep-root libc/include->include	#include <stdint.h>
p023	c-include	include/uapi/fcntl.h	16	libc/include/stddef.h	keep-root libc/include->include	#include <stddef.h>
p023	c-include	include/uapi/fcntl.h	17	libc/include/sys/ioctl.h	keep-root libc/include->include	#include <sys/ioctl.h>
p023	c-include	include/uapi/gpu-display.h	15	libc/include/stdint.h	keep-root libc/include->include	#include <stdint.h>
p023	c-include	include/uapi/gpu-display.h	16	libc/include/sys/ioctl.h	keep-root libc/include->include	#include <sys/ioctl.h>
p023	c-include	include/uapi/gpu-scanout.h	15	libc/include/stdint.h	keep-root libc/include->include	#include <stdint.h>
p023	c-include	include/uapi/gpu-scanout.h	17	libc/include/sys/ioctl.h	keep-root libc/include->include	#include <sys/ioctl.h>
p023	c-include	include/uapi/gpu.h	17	libc/include/stdint.h	keep-root libc/include->include	#include <stdint.h>
p023	c-include	include/uapi/gpu.h	18	libc/include/sys/ioctl.h	keep-root libc/include->include	#include <sys/ioctl.h>
p023	c-include	include/uapi/graphics.h	19	libc/include/stdint.h	keep-root libc/include->include	#include <stdint.h>
p023	c-include	include/uapi/graphics.h	20	libc/include/sys/ioctl.h	keep-root libc/include->include	#include <sys/ioctl.h>
p023	c-include	include/uapi/input.h	15	libc/include/stdint.h	keep-root libc/include->include	#include <stdint.h>
p023	c-include	include/uapi/input.h	16	libc/include/sys/ioctl.h	keep-root libc/include->include	#include <sys/ioctl.h>
p023	c-include	include/uapi/input.h	17	libc/include/sys/time.h	keep-root libc/include->include	#include <sys/time.h>
p023	c-include	include/uapi/io-stats.h	15	libc/include/stdint.h	keep-root libc/include->include	#include <stdint.h>
p023	c-include	include/uapi/mountinfo.h	15	libc/include/stdint.h	keep-root libc/include->include	#include <stdint.h>
p023	c-include	include/uapi/mountinfo.h	16	libc/include/stddef.h	keep-root libc/include->include	#include <stddef.h>
p023	c-include	include/uapi/mountinfo.h	17	libc/include/sys/ioctl.h	keep-root libc/include->include	#include <sys/ioctl.h>
p023	c-include	include/uapi/netif.h	16	libc/include/stdint.h	keep-root libc/include->include	#include <stdint.h>
p023	c-include	include/uapi/netinet.h	20	libc/include/stdint.h	keep-root libc/include->include	#include <stdint.h>
p023	c-include	include/uapi/poll.h	10	libc/include/stdint.h	keep-root libc/include->include	#include <stdint.h>
p023	c-include	include/uapi/process.h	11	libc/include/stddef.h	keep-root libc/include->include	#include <stddef.h>
p023	c-include	include/uapi/process.h	12	libc/include/stdint.h	keep-root libc/include->include	#include <stdint.h>
p023	c-include	include/uapi/process.h	13	libc/include/sys/types.h	keep-root libc/include->include	#include <sys/types.h>
p023	c-include	include/uapi/ptrace.h	20	libc/include/stdint.h	keep-root libc/include->include	#include <stdint.h>
p023	c-include	include/uapi/ptrace.h	21	libc/include/stddef.h	keep-root libc/include->include	#include <stddef.h>
p023	c-include	include/uapi/quota.h	11	libc/include/stdint.h	keep-root libc/include->include	#include <stdint.h>
p023	c-include	include/uapi/readahead.h	11	libc/include/stdint.h	keep-root libc/include->include	#include <stdint.h>
p023	c-include	include/uapi/reg.h	21	libc/include/stdint.h	keep-root libc/include->include	#include <stdint.h>
p023	c-include	include/uapi/resource.h	11	libc/include/stdint.h	keep-root libc/include->include	#include <stdint.h>
p023	c-include	include/uapi/route.h	20	libc/include/stdint.h	keep-root libc/include->include	#include <stdint.h>
p023	c-include	include/uapi/select.h	11	libc/include/stdint.h	keep-root libc/include->include	#include <stdint.h>
p023	c-include	include/uapi/signal.h	15	libc/include/stdint.h	keep-root libc/include->include	#include <stdint.h>
p023	c-include	include/uapi/signal.h	16	libc/include/stddef.h	keep-root libc/include->include	#include <stddef.h>
p023	c-include	include/uapi/snapshot.h	11	libc/include/stdint.h	keep-root libc/include->include	#include <stdint.h>
p023	c-include	include/uapi/socket.h	19	libc/include/stddef.h	keep-root libc/include->include	#include <stddef.h>
p023	c-include	include/uapi/socket.h	20	libc/include/stdint.h	keep-root libc/include->include	#include <stdint.h>
p023	c-include	include/uapi/socket.h	22	libc/include/sys/time.h	keep-root libc/include->include	#include <sys/time.h>
p023	c-include	include/uapi/socket.h	23	libc/include/sys/types.h	keep-root libc/include->include	#include <sys/types.h>
p023	c-include	include/uapi/sysctl.h	11	libc/include/stdint.h	keep-root libc/include->include	#include <stdint.h>
p023	c-include	include/uapi/system.h	19	libc/include/stdint.h	keep-root libc/include->include	#include <stdint.h>
p023	c-include	include/uapi/system.h	20	libc/include/stddef.h	keep-root libc/include->include	#include <stddef.h>
p023	c-include	include/uapi/system.h	21	libc/include/sys/ioctl.h	keep-root libc/include->include	#include <sys/ioctl.h>
p023	c-include	include/uapi/termios.h	11	libc/include/stdint.h	keep-root libc/include->include	#include <stdint.h>
p023	c-include	include/uapi/termios.h	12	libc/include/sys/ioctl.h	keep-root libc/include->include	#include <sys/ioctl.h>
p023	c-include	include/uapi/tls.h	10	libc/include/stddef.h	keep-root libc/include->include	#include <stddef.h>
p023	c-include	include/uapi/tls.h	11	libc/include/stdint.h	keep-root libc/include->include	#include <stdint.h>
p023	c-include	include/uapi/types.h	15	libc/include/stdint.h	keep-root libc/include->include	#include <stdint.h>
p023	c-include	include/uapi/wlan.h	15	libc/include/stdint.h	keep-root libc/include->include	#include <stdint.h>
p023	c-include	include/uapi/wlan.h	16	libc/include/sys/ioctl.h	keep-root libc/include->include	#include <sys/ioctl.h>
p023	c-include	include/uapi/writeback.h	11	libc/include/stdint.h	keep-root libc/include->include	#include <stdint.h>
p023	c-include	libc/catalog.c	8	libc/include/nl_types.h	libc/include/nl_types.h -> include/nl_types.h	#include "libc/include/nl_types.h"
p023	c-include	libc/catalog.c	9	libc/include/catalog-format.h	libc/include/catalog-format.h -> include/catalog-format.h	#include "libc/include/catalog-format.h"
p023	c-include	libc/catalog.c	11	libc/include/errno.h	keep-root libc/include->include	#include <errno.h>
p023	c-include	libc/catalog.c	12	libc/include/fcntl.h	keep-root libc/include->include	#include <fcntl.h>
p023	c-include	libc/catalog.c	13	libc/include/limits.h	keep-root libc/include->include	#include <limits.h>
p023	c-include	libc/catalog.c	14	libc/include/locale.h	keep-root libc/include->include	#include <locale.h>
p023	c-include	libc/catalog.c	15	libc/include/stdint.h	keep-root libc/include->include	#include <stdint.h>
p023	c-include	libc/catalog.c	16	libc/include/stdlib.h	keep-root libc/include->include	#include <stdlib.h>
p023	c-include	libc/catalog.c	17	libc/include/string.h	keep-root libc/include->include	#include <string.h>
p023	c-include	libc/catalog.c	18	libc/include/unistd.h	keep-root libc/include->include	#include <unistd.h>
p023	c-include	libc/ctype.c	8	libc/include/ctype.h	keep-root libc/include->include	#include <ctype.h>
p023	c-include	libc/err.c	12	libc/include/err.h	keep-root libc/include->include	#include <err.h>
p023	c-include	libc/err.c	13	libc/include/errno.h	keep-root libc/include->include	#include <errno.h>
p023	c-include	libc/err.c	14	libc/include/stdlib.h	keep-root libc/include->include	#include <stdlib.h>
p023	c-include	libc/err.c	15	libc/include/string.h	keep-root libc/include->include	#include <string.h>
p023	c-include	libc/fenv.c	8	libc/include/fenv.h	keep-root libc/include->include	#include <fenv.h>
p023	c-include	libc/float-parse.c	16	libc/include/errno.h	keep-root libc/include->include	#include <errno.h>
p023	c-include	libc/float-parse.c	17	libc/include/stdint.h	keep-root libc/include->include	#include <stdint.h>
p023	c-include	libc/float-parse.c	18	libc/include/stdlib.h	keep-root libc/include->include	#include <stdlib.h>
p023	c-include	libc/fmtmsg.c	12	libc/include/errno.h	keep-root libc/include->include	#include <errno.h>
p023	c-include	libc/fmtmsg.c	13	libc/include/fcntl.h	keep-root libc/include->include	#include <fcntl.h>
p023	c-include	libc/fmtmsg.c	14	libc/include/fmtmsg.h	keep-root libc/include->include	#include <fmtmsg.h>
p023	c-include	libc/fmtmsg.c	15	libc/include/stdio.h	keep-root libc/include->include	#include <stdio.h>
p023	c-include	libc/fmtmsg.c	16	libc/include/stdlib.h	keep-root libc/include->include	#include <stdlib.h>
p023	c-include	libc/fmtmsg.c	17	libc/include/string.h	keep-root libc/include->include	#include <string.h>
p023	c-include	libc/fmtmsg.c	18	libc/include/unistd.h	keep-root libc/include->include	#include <unistd.h>
p023	c-include	libc/fnmatch.c	8	libc/include/ctype.h	keep-root libc/include->include	#include <ctype.h>
p023	c-include	libc/fnmatch.c	9	libc/include/fnmatch.h	libc/include/fnmatch.h -> include/fnmatch.h	#include "libc/include/fnmatch.h"
p023	c-include	libc/fnmatch.c	10	libc/include/stddef.h	keep-root libc/include->include	#include <stddef.h>
p023	c-include	libc/fnmatch.c	11	libc/include/string.h	keep-root libc/include->include	#include <string.h>
p023	c-include	libc/format.c	8	libc/include/limits.h	keep-root libc/include->include	#include <limits.h>
p023	c-include	libc/format.c	9	libc/include/stdarg.h	keep-root libc/include->include	#include <stdarg.h>
p023	c-include	libc/format.c	10	libc/include/stddef.h	keep-root libc/include->include	#include <stddef.h>
p023	c-include	libc/format.c	11	libc/include/stdint.h	keep-root libc/include->include	#include <stdint.h>
p023	c-include	libc/format.c	12	libc/include/stdio.h	keep-root libc/include->include	#include <stdio.h>
p023	c-include	libc/format.c	13	libc/include/string.h	keep-root libc/include->include	#include <string.h>
p023	c-include	libc/format.c	14	libc/include/wchar.h	keep-root libc/include->include	#include <wchar.h>
p023	c-include	libc/ftw.c	12	libc/include/dirent.h	keep-root libc/include->include	#include <dirent.h>
p023	c-include	libc/ftw.c	13	libc/include/errno.h	keep-root libc/include->include	#include <errno.h>
p023	c-include	libc/ftw.c	14	libc/include/ftw.h	keep-root libc/include->include	#include <ftw.h>
p023	c-include	libc/ftw.c	15	libc/include/limits.h	keep-root libc/include->include	#include <limits.h>
p023	c-include	libc/ftw.c	16	libc/include/string.h	keep-root libc/include->include	#include <string.h>
p023	c-include	libc/ftw.c	17	libc/include/unistd.h	keep-root libc/include->include	#include <unistd.h>
p023	c-include	libc/heap.c	10	libc/include/errno.h	keep-root libc/include->include	#include <errno.h>
p023	c-include	libc/heap.c	11	libc/include/stdint.h	keep-root libc/include->include	#include <stdint.h>
p023	c-include	libc/heap.c	12	libc/include/stdlib.h	keep-root libc/include->include	#include <stdlib.h>
p023	c-include	libc/heap.c	13	libc/include/string.h	keep-root libc/include->include	#include <string.h>
p023	c-include	libc/heap.h	11	libc/include/stddef.h	keep-root libc/include->include	#include <stddef.h>
p023	c-include	libc/heap.h	12	libc/include/stdint.h	keep-root libc/include->include	#include <stdint.h>
p023	c-include	libc/include/X11/X.h	11	libc/include/stdint.h	keep-root libc/include->include	#include <stdint.h>
p023	c-include	libc/include/X11/Xlib.h	15	libc/include/X11/X.h	keep-root libc/include->include	#include <X11/X.h>
p023	c-include	libc/include/X11/Xzed.h	15	libc/include/X11/Xlib.h	keep-root libc/include->include	#include <X11/Xlib.h>
p023	c-include	libc/include/aio.h	15	libc/include/signal.h	keep-root libc/include->include	#include <signal.h>
p023	c-include	libc/include/aio.h	16	libc/include/stddef.h	keep-root libc/include->include	#include <stddef.h>
p023	c-include	libc/include/aio.h	17	libc/include/sys/types.h	keep-root libc/include->include	#include <sys/types.h>
p023	c-include	libc/include/aio.h	18	libc/include/time.h	keep-root libc/include->include	#include <time.h>
p023	c-include	libc/include/arpa/inet.h	15	libc/include/netinet/in.h	keep-root libc/include->include	#include <netinet/in.h>
p023	c-include	libc/include/catalog-format.h	21	libc/include/stdint.h	keep-root libc/include->include	#include <stdint.h>
p023	c-include	libc/include/ctype.h	11	libc/include/locale.h	keep-root libc/include->include	#include <locale.h>
p023	c-include	libc/include/devctl.h	15	libc/include/sys/types.h	keep-root libc/include->include	#include <sys/types.h>
p023	c-include	libc/include/dirent.h	15	libc/include/stddef.h	keep-root libc/include->include	#include <stddef.h>
p023	c-include	libc/include/dirent.h	16	libc/include/stdint.h	keep-root libc/include->include	#include <stdint.h>
p023	c-include	libc/include/dirent.h	17	libc/include/sys/types.h	keep-root libc/include->include	#include <sys/types.h>
p023	c-include	libc/include/endian.h	15	libc/include/stdint.h	keep-root libc/include->include	#include <stdint.h>
p023	c-include	libc/include/err.h	19	libc/include/stdarg.h	keep-root libc/include->include	#include <stdarg.h>
p023	c-include	libc/include/err.h	20	libc/include/stdio.h	keep-root libc/include->include	#include <stdio.h>
p023	c-include	libc/include/fcntl.h	63	libc/include/sys/types.h	keep-root libc/include->include	#include <sys/types.h>
p023	c-include	libc/include/ftw.h	19	libc/include/features.h	keep-root libc/include->include	#include <features.h>
p023	c-include	libc/include/ftw.h	20	libc/include/sys/stat.h	keep-root libc/include->include	#include <sys/stat.h>
p023	c-include	libc/include/getopt.h	11	libc/include/unistd.h	keep-root libc/include->include	#include <unistd.h>
p023	c-include	libc/include/glob.h	11	libc/include/sys/stat.h	keep-root libc/include->include	#include <sys/stat.h>
p023	c-include	libc/include/glob.h	12	libc/include/sys/types.h	keep-root libc/include->include	#include <sys/types.h>
p023	c-include	libc/include/glob.h	13	libc/include/dirent.h	keep-root libc/include->include	#include <dirent.h>
p023	c-include	libc/include/glob.h	14	libc/include/stddef.h	keep-root libc/include->include	#include <stddef.h>
p023	c-include	libc/include/grp.h	15	libc/include/stddef.h	keep-root libc/include->include	#include <stddef.h>
p023	c-include	libc/include/grp.h	16	libc/include/sys/types.h	keep-root libc/include->include	#include <sys/types.h>
p023	c-include	libc/include/inttypes.h	15	libc/include/stdint.h	keep-root libc/include->include	#include <stdint.h>
p023	c-include	libc/include/inttypes.h	16	libc/include/wchar.h	keep-root libc/include->include	#include <wchar.h>
p023	c-include	libc/include/langinfo.h	11	libc/include/locale.h	keep-root libc/include->include	#include <locale.h>
p023	c-include	libc/include/langinfo.h	17	libc/include/locale-format.h	keep-root libc/include->include	#include <locale-format.h>
p023	c-include	libc/include/libintl.h	15	libc/include/limits.h	keep-root libc/include->include	#include <limits.h>
p023	c-include	libc/include/libintl.h	16	libc/include/locale.h	keep-root libc/include->include	#include <locale.h>
p023	c-include	libc/include/link.h	23	libc/include/stddef.h	keep-root libc/include->include	#include <stddef.h>
p023	c-include	libc/include/link.h	24	libc/include/stdint.h	keep-root libc/include->include	#include <stdint.h>
p023	c-include	libc/include/locale-format.h	21	libc/include/stdint.h	keep-root libc/include->include	#include <stdint.h>
p023	c-include	libc/include/locale.h	15	libc/include/stddef.h	keep-root libc/include->include	#include <stddef.h>
p023	c-include	libc/include/locale.h	16	libc/include/stdint.h	keep-root libc/include->include	#include <stdint.h>
p023	c-include	libc/include/machine/endian.h	20	libc/include/endian.h	keep-root libc/include->include	#include <endian.h>
p023	c-include	libc/include/md5.h	11	libc/include/stddef.h	keep-root libc/include->include	#include <stddef.h>
p023	c-include	libc/include/md5.h	12	libc/include/stdint.h	keep-root libc/include->include	#include <stdint.h>
p023	c-include	libc/include/mqueue.h	15	libc/include/signal.h	keep-root libc/include->include	#include <signal.h>
p023	c-include	libc/include/mqueue.h	16	libc/include/sys/types.h	keep-root libc/include->include	#include <sys/types.h>
p023	c-include	libc/include/mqueue.h	17	libc/include/time.h	keep-root libc/include->include	#include <time.h>
p023	c-include	libc/include/ndbm.h	15	libc/include/sys/types.h	keep-root libc/include->include	#include <sys/types.h>
p023	c-include	libc/include/netdb.h	15	libc/include/sys/socket.h	keep-root libc/include->include	#include <sys/socket.h>
p023	c-include	libc/include/netinet/in_systm.h	11	libc/include/stdint.h	keep-root libc/include->include	#include <stdint.h>
p023	c-include	libc/include/netinet/ip.h	11	libc/include/netinet/in.h	keep-root libc/include->include	#include <netinet/in.h>
p023	c-include	libc/include/netinet/ip.h	12	libc/include/netinet/in_systm.h	keep-root libc/include->include	#include <netinet/in_systm.h>
p023	c-include	libc/include/netinet/ip.h	13	libc/include/stdint.h	keep-root libc/include->include	#include <stdint.h>
p023	c-include	libc/include/nl_types.h	15	libc/include/stdint.h	keep-root libc/include->include	#include <stdint.h>
p023	c-include	libc/include/poll.h	16	libc/include/signal.h	keep-root libc/include->include	#include <signal.h>
p023	c-include	libc/include/poll.h	17	libc/include/time.h	keep-root libc/include->include	#include <time.h>
p023	c-include	libc/include/pthread.h	15	libc/include/stddef.h	keep-root libc/include->include	#include <stddef.h>
p023	c-include	libc/include/pthread.h	16	libc/include/stdint.h	keep-root libc/include->include	#include <stdint.h>
p023	c-include	libc/include/pthread.h	17	libc/include/signal.h	keep-root libc/include->include	#include <signal.h>
p023	c-include	libc/include/pthread.h	18	libc/include/sched.h	keep-root libc/include->include	#include <sched.h>
p023	c-include	libc/include/pthread.h	19	libc/include/time.h	keep-root libc/include->include	#include <time.h>
p023	c-include	libc/include/pthread.h	20	libc/include/sys/types.h	keep-root libc/include->include	#include <sys/types.h>
p023	c-include	libc/include/pty.h	15	libc/include/sys/types.h	keep-root libc/include->include	#include <sys/types.h>
p023	c-include	libc/include/pwd.h	15	libc/include/stddef.h	keep-root libc/include->include	#include <stddef.h>
p023	c-include	libc/include/pwd.h	16	libc/include/sys/types.h	keep-root libc/include->include	#include <sys/types.h>
p023	c-include	libc/include/readpassphrase.h	11	libc/include/stddef.h	keep-root libc/include->include	#include <stddef.h>
p023	c-include	libc/include/regex.h	19	libc/include/stddef.h	keep-root libc/include->include	#include <stddef.h>
p023	c-include	libc/include/resolv.h	11	libc/include/netdb.h	keep-root libc/include->include	#include <netdb.h>
p023	c-include	libc/include/resolv.h	12	libc/include/netinet/in.h	keep-root libc/include->include	#include <netinet/in.h>
p023	c-include	libc/include/resolv.h	13	libc/include/sys/types.h	keep-root libc/include->include	#include <sys/types.h>
p023	c-include	libc/include/resolv.h	14	libc/include/stddef.h	keep-root libc/include->include	#include <stddef.h>
p023	c-include	libc/include/resolv.h	15	libc/include/stdint.h	keep-root libc/include->include	#include <stdint.h>
p023	c-include	libc/include/rtld-abi.h	21	libc/include/stddef.h	keep-root libc/include->include	#include <stddef.h>
p023	c-include	libc/include/rtld-abi.h	22	libc/include/stdint.h	keep-root libc/include->include	#include <stdint.h>
p023	c-include	libc/include/sched.h	15	libc/include/sys/types.h	keep-root libc/include->include	#include <sys/types.h>
p023	c-include	libc/include/search.h	15	libc/include/stddef.h	keep-root libc/include->include	#include <stddef.h>
p023	c-include	libc/include/semaphore.h	15	libc/include/stdint.h	keep-root libc/include->include	#include <stdint.h>
p023	c-include	libc/include/semaphore.h	16	libc/include/time.h	keep-root libc/include->include	#include <time.h>
p023	c-include	libc/include/setjmp.h	15	libc/include/features.h	keep-root libc/include->include	#include <features.h>
p023	c-include	libc/include/setjmp.h	16	libc/include/signal.h	keep-root libc/include->include	#include <signal.h>
p023	c-include	libc/include/sha1.h	11	libc/include/stddef.h	keep-root libc/include->include	#include <stddef.h>
p023	c-include	libc/include/sha1.h	12	libc/include/stdint.h	keep-root libc/include->include	#include <stdint.h>
p023	c-include	libc/include/sha2.h	11	libc/include/stddef.h	keep-root libc/include->include	#include <stddef.h>
p023	c-include	libc/include/sha2.h	12	libc/include/stdint.h	keep-root libc/include->include	#include <stdint.h>
p023	c-include	libc/include/shadow.h	15	libc/include/stddef.h	keep-root libc/include->include	#include <stddef.h>
p023	c-include	libc/include/signal.h	15	libc/include/features.h	keep-root libc/include->include	#include <features.h>
p023	c-include	libc/include/signal.h	17	libc/include/sys/types.h	keep-root libc/include->include	#include <sys/types.h>
p023	c-include	libc/include/signal.h	18	libc/include/time.h	keep-root libc/include->include	#include <time.h>
p023	c-include	libc/include/spawn.h	15	libc/include/fcntl.h	keep-root libc/include->include	#include <fcntl.h>
p023	c-include	libc/include/spawn.h	16	libc/include/signal.h	keep-root libc/include->include	#include <signal.h>
p023	c-include	libc/include/spawn.h	17	libc/include/sys/types.h	keep-root libc/include->include	#include <sys/types.h>
p023	c-include	libc/include/stdatomic.h	15	libc/include/stdbool.h	keep-root libc/include->include	#include <stdbool.h>
p023	c-include	libc/include/stdatomic.h	16	libc/include/stddef.h	keep-root libc/include->include	#include <stddef.h>
p023	c-include	libc/include/stdatomic.h	17	libc/include/stdint.h	keep-root libc/include->include	#include <stdint.h>
p023	c-include	libc/include/stdatomic.h	18	libc/include/atomic-compiler.h	keep-root libc/include->include	#include <atomic-compiler.h>
p023	c-include	libc/include/stdio.h	11	libc/include/locale.h	keep-root libc/include->include	#include <locale.h>
p023	c-include	libc/include/stdio.h	17	libc/include/stdarg.h	keep-root libc/include->include	#include <stdarg.h>
p023	c-include	libc/include/stdio.h	18	libc/include/stddef.h	keep-root libc/include->include	#include <stddef.h>
p023	c-include	libc/include/stdio.h	20	libc/include/stdint.h	keep-root libc/include->include	#include <stdint.h>
p023	c-include	libc/include/stdio.h	21	libc/include/sys/types.h	keep-root libc/include->include	#include <sys/types.h>
p023	c-include	libc/include/stdlib.h	5	libc/include/locale.h	keep-root libc/include->include	#include <locale.h>
p023	c-include	libc/include/stdlib.h	11	libc/include/stddef.h	keep-root libc/include->include	#include <stddef.h>
p023	c-include	libc/include/stdlib.h	12	libc/include/stdint.h	keep-root libc/include->include	#include <stdint.h>
p023	c-include	libc/include/stdlib.h	13	libc/include/wchar.h	keep-root libc/include->include	#include <wchar.h>
p023	c-include	libc/include/string.h	5	libc/include/locale.h	keep-root libc/include->include	#include <locale.h>
p023	c-include	libc/include/string.h	11	libc/include/stddef.h	keep-root libc/include->include	#include <stddef.h>
p023	c-include	libc/include/strings.h	8	libc/include/stddef.h	keep-root libc/include->include	#include <stddef.h>
p023	c-include	libc/include/sys/file.h	11	libc/include/fcntl.h	keep-root libc/include->include	#include <fcntl.h>
p023	c-include	libc/include/sys/ioctl.h	15	libc/include/features.h	keep-root libc/include->include	#include <features.h>
p023	c-include	libc/include/sys/ioctl.h	16	libc/include/stddef.h	keep-root libc/include->include	#include <stddef.h>
p023	c-include	libc/include/sys/ipc.h	19	libc/include/sys/types.h	keep-root libc/include->include	#include <sys/types.h>
p023	c-include	libc/include/sys/mman.h	15	libc/include/stddef.h	keep-root libc/include->include	#include <stddef.h>
p023	c-include	libc/include/sys/mman.h	16	libc/include/sys/types.h	keep-root libc/include->include	#include <sys/types.h>
p023	c-include	libc/include/sys/mount.h	15	libc/include/stdint.h	keep-root libc/include->include	#include <stdint.h>
p023	c-include	libc/include/sys/msg.h	19	libc/include/sys/ipc.h	keep-root libc/include->include	#include <sys/ipc.h>
p023	c-include	libc/include/sys/msg.h	20	libc/include/time.h	keep-root libc/include->include	#include <time.h>
p023	c-include	libc/include/sys/param.h	18	libc/include/limits.h	keep-root libc/include->include	#include <limits.h>
p023	c-include	libc/include/sys/param.h	19	libc/include/sys/types.h	keep-root libc/include->include	#include <sys/types.h>
p023	c-include	libc/include/sys/ptrace.h	15	libc/include/sys/types.h	keep-root libc/include->include	#include <sys/types.h>
p023	c-include	libc/include/sys/random.h	11	libc/include/stddef.h	keep-root libc/include->include	#include <stddef.h>
p023	c-include	libc/include/sys/random.h	12	libc/include/sys/types.h	keep-root libc/include->include	#include <sys/types.h>
p023	c-include	libc/include/sys/resource.h	15	libc/include/stdint.h	keep-root libc/include->include	#include <stdint.h>
p023	c-include	libc/include/sys/resource.h	17	libc/include/sys/time.h	keep-root libc/include->include	#include <sys/time.h>
p023	c-include	libc/include/sys/select.h	16	libc/include/signal.h	keep-root libc/include->include	#include <signal.h>
p023	c-include	libc/include/sys/select.h	17	libc/include/sys/time.h	keep-root libc/include->include	#include <sys/time.h>
p023	c-include	libc/include/sys/select.h	18	libc/include/time.h	keep-root libc/include->include	#include <time.h>
p023	c-include	libc/include/sys/sem.h	19	libc/include/sys/ipc.h	keep-root libc/include->include	#include <sys/ipc.h>
p023	c-include	libc/include/sys/sem.h	20	libc/include/time.h	keep-root libc/include->include	#include <time.h>
p023	c-include	libc/include/sys/shm.h	19	libc/include/sys/ipc.h	keep-root libc/include->include	#include <sys/ipc.h>
p023	c-include	libc/include/sys/shm.h	20	libc/include/time.h	keep-root libc/include->include	#include <time.h>
p023	c-include	libc/include/sys/stat.h	15	libc/include/sys/types.h	keep-root libc/include->include	#include <sys/types.h>
p023	c-include	libc/include/sys/stat.h	16	libc/include/sys/time.h	keep-root libc/include->include	#include <sys/time.h>
p023	c-include	libc/include/sys/stat.h	17	libc/include/time.h	keep-root libc/include->include	#include <time.h>
p023	c-include	libc/include/sys/statvfs.h	15	libc/include/stdint.h	keep-root libc/include->include	#include <stdint.h>
p023	c-include	libc/include/sys/sysctl.h	15	libc/include/stddef.h	keep-root libc/include->include	#include <stddef.h>
p023	c-include	libc/include/sys/time.h	15	libc/include/features.h	keep-root libc/include->include	#include <features.h>
p023	c-include	libc/include/sys/time.h	16	libc/include/sys/types.h	keep-root libc/include->include	#include <sys/types.h>
p023	c-include	libc/include/sys/time.h	17	libc/include/time.h	keep-root libc/include->include	#include <time.h>
p023	c-include	libc/include/sys/times.h	15	libc/include/sys/types.h	keep-root libc/include->include	#include <sys/types.h>
p023	c-include	libc/include/sys/types.h	11	libc/include/stddef.h	keep-root libc/include->include	#include <stddef.h>
p023	c-include	libc/include/sys/types.h	12	libc/include/stdint.h	keep-root libc/include->include	#include <stdint.h>
p023	c-include	libc/include/sys/uio.h	15	libc/include/stddef.h	keep-root libc/include->include	#include <stddef.h>
p023	c-include	libc/include/sys/uio.h	16	libc/include/sys/types.h	keep-root libc/include->include	#include <sys/types.h>
p023	c-include	libc/include/sys/un.h	11	libc/include/sys/socket.h	keep-root libc/include->include	#include <sys/socket.h>
p023	c-include	libc/include/sys/wait.h	15	libc/include/sys/types.h	keep-root libc/include->include	#include <sys/types.h>
p023	c-include	libc/include/sys/wait.h	16	libc/include/signal.h	keep-root libc/include->include	#include <signal.h>
p023	c-include	libc/include/sys/xattr.h	15	libc/include/stddef.h	keep-root libc/include->include	#include <stddef.h>
p023	c-include	libc/include/sys/xattr.h	16	libc/include/sys/types.h	keep-root libc/include->include	#include <sys/types.h>
p023	c-include	libc/include/syslog.h	8	libc/include/stdarg.h	keep-root libc/include->include	#include <stdarg.h>
p023	c-include	libc/include/terminfo.h	19	libc/include/stddef.h	keep-root libc/include->include	#include <stddef.h>
p023	c-include	libc/include/terminfo.h	20	libc/include/stdio.h	keep-root libc/include->include	#include <stdio.h>
p023	c-include	libc/include/termios.h	10	libc/include/sys/types.h	keep-root libc/include->include	#include <sys/types.h>
p023	c-include	libc/include/threads.h	15	libc/include/pthread.h	keep-root libc/include->include	#include <pthread.h>
p023	c-include	libc/include/threads.h	16	libc/include/time.h	keep-root libc/include->include	#include <time.h>
p023	c-include	libc/include/time.h	9	libc/include/stdint.h	keep-root libc/include->include	#include <stdint.h>
p023	c-include	libc/include/time.h	10	libc/include/stddef.h	keep-root libc/include->include	#include <stddef.h>
p023	c-include	libc/include/time.h	11	libc/include/locale.h	keep-root libc/include->include	#include <locale.h>
p023	c-include	libc/include/uchar.h	19	libc/include/stddef.h	keep-root libc/include->include	#include <stddef.h>
p023	c-include	libc/include/uchar.h	20	libc/include/stdint.h	keep-root libc/include->include	#include <stdint.h>
p023	c-include	libc/include/uchar.h	21	libc/include/wchar.h	keep-root libc/include->include	#include <wchar.h>
p023	c-include	libc/include/unistd.h	15	libc/include/features.h	keep-root libc/include->include	#include <features.h>
p023	c-include	libc/include/unistd.h	17	libc/include/stddef.h	keep-root libc/include->include	#include <stddef.h>
p023	c-include	libc/include/unistd.h	18	libc/include/stdint.h	keep-root libc/include->include	#include <stdint.h>
p023	c-include	libc/include/unistd.h	19	libc/include/sys/types.h	keep-root libc/include->include	#include <sys/types.h>
p023	c-include	libc/include/util.h	11	libc/include/sys/types.h	keep-root libc/include->include	#include <sys/types.h>
p023	c-include	libc/include/util.h	12	libc/include/stdio.h	keep-root libc/include->include	#include <stdio.h>
p023	c-include	libc/include/utmpx.h	15	libc/include/sys/time.h	keep-root libc/include->include	#include <sys/time.h>
p023	c-include	libc/include/utmpx.h	16	libc/include/stdint.h	keep-root libc/include->include	#include <stdint.h>
p023	c-include	libc/include/utmpx.h	17	libc/include/sys/types.h	keep-root libc/include->include	#include <sys/types.h>
p023	c-include	libc/include/vis.h	11	libc/include/stddef.h	keep-root libc/include->include	#include <stddef.h>
p023	c-include	libc/include/vulkan/vk_platform.h	16	libc/include/stddef.h	keep-root libc/include->include	#include <stddef.h>
p023	c-include	libc/include/vulkan/vk_platform.h	20	libc/include/stdint.h	keep-root libc/include->include	#include <stdint.h>
p023	c-include	libc/include/vulkan/vulkan.h	15	libc/include/vulkan/vulkan_core.h	keep	#include "vulkan_core.h"
p023	c-include	libc/include/vulkan/vulkan.h	18	libc/include/vulkan/vulkan_wayland.h	keep	#include "vulkan_wayland.h"
p023	c-include	libc/include/vulkan/vulkan_core.h	21	libc/include/vulkan/vk_platform.h	keep	#include "vk_platform.h"
p023	c-include	libc/include/vulkan/vulkan_core.h	5679	libc/include/vulkan/vulkan_external.h	keep	#include "vulkan_external.h"
p023	c-include	libc/include/vulkan/vulkan_external.h	11	libc/include/vulkan/vulkan_core.h	keep	#include "vulkan_core.h"
p023	c-include	libc/include/vulkan/vulkan_wayland.h	9	libc/include/vulkan/vulkan_core.h	keep	#include "vulkan_core.h"
p023	c-include	libc/include/wayland-client-core.h	13	libc/include/wayland/wayland-client-core.h	keep-root libc/include->include	#include <wayland/wayland-client-core.h>
p023	c-include	libc/include/wayland-client-protocol.h	13	libc/include/wayland/wayland-client-protocol.h	keep-root libc/include->include	#include <wayland/wayland-client-protocol.h>
p023	c-include	libc/include/wayland-client.h	13	libc/include/wayland/wayland-client.h	keep-root libc/include->include	#include <wayland/wayland-client.h>
p023	c-include	libc/include/wayland-util.h	13	libc/include/wayland/wayland-util.h	keep-root libc/include->include	#include <wayland/wayland-util.h>
p023	c-include	libc/include/wayland/wayland-client-core.h	15	libc/include/wayland/wayland-util.h	keep-root libc/include->include	#include <wayland/wayland-util.h>
p023	c-include	libc/include/wayland/wayland-client-protocol.h	13	libc/include/wayland/wayland-client-core.h	keep-root libc/include->include	#include <wayland/wayland-client-core.h>
p023	c-include	libc/include/wayland/wayland-client.h	15	libc/include/wayland/wayland-client-core.h	keep-root libc/include->include	#include <wayland/wayland-client-core.h>
p023	c-include	libc/include/wayland/wayland-client.h	16	libc/include/wayland/wayland-client-protocol.h	keep-root libc/include->include	#include <wayland/wayland-client-protocol.h>
p023	c-include	libc/include/wayland/wayland-util.h	15	libc/include/stddef.h	keep-root libc/include->include	#include <stddef.h>
p023	c-include	libc/include/wayland/wayland-util.h	16	libc/include/stdint.h	keep-root libc/include->include	#include <stdint.h>
p023	c-include	libc/include/wayland/xdg-shell-client-protocol.h	13	libc/include/wayland/wayland-client-core.h	keep-root libc/include->include	#include <wayland/wayland-client-core.h>
p023	c-include	libc/include/wayland/xdg-shell-client-protocol.h	14	libc/include/wayland/wayland-client-protocol.h	keep-root libc/include->include	#include <wayland/wayland-client-protocol.h>
p023	c-include	libc/include/wayland/zed-gpu-buffer-v1-client-protocol.h	13	libc/include/wayland/wayland-client-core.h	keep-root libc/include->include	#include <wayland/wayland-client-core.h>
p023	c-include	libc/include/wayland/zed-gpu-buffer-v1-client-protocol.h	14	libc/include/wayland/wayland-client-protocol.h	keep-root libc/include->include	#include <wayland/wayland-client-protocol.h>
p023	c-include	libc/include/wchar.h	11	libc/include/locale.h	keep-root libc/include->include	#include <locale.h>
p023	c-include	libc/include/wchar.h	17	libc/include/stddef.h	keep-root libc/include->include	#include <stddef.h>
p023	c-include	libc/include/wchar.h	18	libc/include/stdint.h	keep-root libc/include->include	#include <stdint.h>
p023	c-include	libc/include/wchar.h	19	libc/include/stdio.h	keep-root libc/include->include	#include <stdio.h>
p023	c-include	libc/include/wchar.h	20	libc/include/stdarg.h	keep-root libc/include->include	#include <stdarg.h>
p023	c-include	libc/include/wchar.h	21	libc/include/time.h	keep-root libc/include->include	#include <time.h>
p023	c-include	libc/include/wctype.h	11	libc/include/locale.h	keep-root libc/include->include	#include <locale.h>
p023	c-include	libc/include/wctype.h	17	libc/include/wchar.h	keep-root libc/include->include	#include <wchar.h>
p023	c-include	libc/include/xdg-shell-client-protocol.h	13	libc/include/wayland/xdg-shell-client-protocol.h	keep-root libc/include->include	#include <wayland/xdg-shell-client-protocol.h>
p023	c-include	libc/int64.c	8	libc/include/stdint.h	keep-root libc/include->include	#include <stdint.h>
p023	c-include	libc/inttypes.c	12	libc/include/inttypes.h	keep-root libc/include->include	#include <inttypes.h>
p023	c-include	libc/inttypes.c	13	libc/include/stdlib.h	keep-root libc/include->include	#include <stdlib.h>
p023	c-include	libc/libgen.c	12	libc/include/libgen.h	keep-root libc/include->include	#include <libgen.h>
p023	c-include	libc/libgen.c	13	libc/include/stddef.h	keep-root libc/include->include	#include <stddef.h>
p023	c-include	libc/libgen.c	14	libc/include/string.h	keep-root libc/include->include	#include <string.h>
p023	c-include	libc/libutil.c	21	libc/include/ctype.h	keep-root libc/include->include	#include <ctype.h>
p023	c-include	libc/libutil.c	22	libc/include/errno.h	keep-root libc/include->include	#include <errno.h>
p023	c-include	libc/libutil.c	23	libc/include/limits.h	keep-root libc/include->include	#include <limits.h>
p023	c-include	libc/libutil.c	24	libc/include/stdio.h	keep-root libc/include->include	#include <stdio.h>
p023	c-include	libc/libutil.c	25	libc/include/string.h	keep-root libc/include->include	#include <string.h>
p023	c-include	libc/libutil.c	26	libc/include/util.h	keep-root libc/include->include	#include <util.h>
p023	c-include	libc/locale-db.c	10	libc/include/errno.h	keep-root libc/include->include	#include <errno.h>
p023	c-include	libc/locale-db.c	11	libc/include/fcntl.h	keep-root libc/include->include	#include <fcntl.h>
p023	c-include	libc/locale-db.c	12	libc/include/limits.h	keep-root libc/include->include	#include <limits.h>
p023	c-include	libc/locale-db.c	13	libc/include/locale.h	keep-root libc/include->include	#include <locale.h>
p023	c-include	libc/locale-db.c	14	libc/include/stdint.h	keep-root libc/include->include	#include <stdint.h>
p023	c-include	libc/locale-db.c	15	libc/include/stdio.h	keep-root libc/include->include	#include <stdio.h>
p023	c-include	libc/locale-db.c	16	libc/include/stdlib.h	keep-root libc/include->include	#include <stdlib.h>
p023	c-include	libc/locale-db.c	17	libc/include/string.h	keep-root libc/include->include	#include <string.h>
p023	c-include	libc/locale-db.c	18	libc/include/unistd.h	keep-root libc/include->include	#include <unistd.h>
p023	c-include	libc/locale-db.h	11	libc/include/locale-format.h	keep-root libc/include->include	#include <locale-format.h>
p023	c-include	libc/locale.c	14	libc/include/ctype.h	keep-root libc/include->include	#include <ctype.h>
p023	c-include	libc/locale.c	15	libc/include/errno.h	keep-root libc/include->include	#include <errno.h>
p023	c-include	libc/locale.c	16	libc/include/fcntl.h	keep-root libc/include->include	#include <fcntl.h>
p023	c-include	libc/locale.c	17	libc/include/langinfo.h	keep-root libc/include->include	#include <langinfo.h>
p023	c-include	libc/locale.c	18	libc/include/libintl.h	keep-root libc/include->include	#include <libintl.h>
p023	c-include	libc/locale.c	19	libc/include/limits.h	keep-root libc/include->include	#include <limits.h>
p023	c-include	libc/locale.c	20	libc/include/locale.h	keep-root libc/include->include	#include <locale.h>
p023	c-include	libc/locale.c	21	libc/include/stdint.h	keep-root libc/include->include	#include <stdint.h>
p023	c-include	libc/locale.c	22	libc/include/stdio.h	keep-root libc/include->include	#include <stdio.h>
p023	c-include	libc/locale.c	23	libc/include/stdlib.h	keep-root libc/include->include	#include <stdlib.h>
p023	c-include	libc/locale.c	24	libc/include/string.h	keep-root libc/include->include	#include <string.h>
p023	c-include	libc/locale.c	25	libc/include/unistd.h	keep-root libc/include->include	#include <unistd.h>
p023	c-include	libc/locale.c	26	libc/include/wchar.h	keep-root libc/include->include	#include <wchar.h>
p023	c-include	libc/locale.c	27	libc/include/wctype.h	keep-root libc/include->include	#include <wctype.h>
p023	c-include	libc/math.c	12	libc/include/errno.h	keep-root libc/include->include	#include <errno.h>
p023	c-include	libc/math.c	13	libc/include/fenv.h	keep-root libc/include->include	#include <fenv.h>
p023	c-include	libc/math.c	14	libc/include/limits.h	keep-root libc/include->include	#include <limits.h>
p023	c-include	libc/math.c	15	libc/include/math.h	keep-root libc/include->include	#include <math.h>
p023	c-include	libc/math.c	16	libc/include/stdint.h	keep-root libc/include->include	#include <stdint.h>
p023	c-include	libc/ndbm.c	23	libc/include/errno.h	keep-root libc/include->include	#include <errno.h>
p023	c-include	libc/ndbm.c	24	libc/include/fcntl.h	keep-root libc/include->include	#include <fcntl.h>
p023	c-include	libc/ndbm.c	25	libc/include/ndbm.h	keep-root libc/include->include	#include <ndbm.h>
p023	c-include	libc/ndbm.c	26	libc/include/stdint.h	keep-root libc/include->include	#include <stdint.h>
p023	c-include	libc/ndbm.c	27	libc/include/stdio.h	keep-root libc/include->include	#include <stdio.h>
p023	c-include	libc/ndbm.c	28	libc/include/stdlib.h	keep-root libc/include->include	#include <stdlib.h>
p023	c-include	libc/ndbm.c	29	libc/include/string.h	keep-root libc/include->include	#include <string.h>
p023	c-include	libc/ndbm.c	30	libc/include/unistd.h	keep-root libc/include->include	#include <unistd.h>
p023	c-include	libc/openbsd-base64.c	18	libc/include/ctype.h	keep-root libc/include->include	#include <ctype.h>
p023	c-include	libc/openbsd-base64.c	19	libc/include/resolv.h	keep-root libc/include->include	#include <resolv.h>
p023	c-include	libc/openbsd-base64.c	20	libc/include/string.h	keep-root libc/include->include	#include <string.h>
p023	c-include	libc/openbsd-digest.c	19	libc/include/md5.h	keep-root libc/include->include	#include <md5.h>
p023	c-include	libc/openbsd-digest.c	20	libc/include/sha1.h	keep-root libc/include->include	#include <sha1.h>
p023	c-include	libc/openbsd-digest.c	21	libc/include/stdio.h	keep-root libc/include->include	#include <stdio.h>
p023	c-include	libc/openbsd-digest.c	22	libc/include/string.h	keep-root libc/include->include	#include <string.h>
p023	c-include	libc/openbsd-digest.c	23	libc/include/strings.h	keep-root libc/include->include	#include <strings.h>
p023	c-include	libc/openbsd-glob.c	23	libc/include/sys/stat.h	keep-root libc/include->include	#include <sys/stat.h>
p023	c-include	libc/openbsd-glob.c	24	libc/include/dirent.h	keep-root libc/include->include	#include <dirent.h>
p023	c-include	libc/openbsd-glob.c	25	libc/include/errno.h	keep-root libc/include->include	#include <errno.h>
p023	c-include	libc/openbsd-glob.c	26	libc/include/fnmatch.h	keep-root libc/include->include	#include <fnmatch.h>
p023	c-include	libc/openbsd-glob.c	27	libc/include/glob.h	keep-root libc/include->include	#include <glob.h>
p023	c-include	libc/openbsd-glob.c	28	libc/include/limits.h	keep-root libc/include->include	#include <limits.h>
p023	c-include	libc/openbsd-glob.c	29	libc/include/pwd.h	keep-root libc/include->include	#include <pwd.h>
p023	c-include	libc/openbsd-glob.c	30	libc/include/stdlib.h	keep-root libc/include->include	#include <stdlib.h>
p023	c-include	libc/openbsd-glob.c	31	libc/include/string.h	keep-root libc/include->include	#include <string.h>
p023	c-include	libc/openbsd-glob.c	32	libc/include/unistd.h	keep-root libc/include->include	#include <unistd.h>
p023	c-include	libc/openbsd-opts.c	17	libc/include/sys/stat.h	keep-root libc/include->include	#include <sys/stat.h>
p023	c-include	libc/openbsd-opts.c	18	libc/include/ctype.h	keep-root libc/include->include	#include <ctype.h>
p023	c-include	libc/openbsd-opts.c	19	libc/include/errno.h	keep-root libc/include->include	#include <errno.h>
p023	c-include	libc/openbsd-opts.c	20	libc/include/getopt.h	keep-root libc/include->include	#include <getopt.h>
p023	c-include	libc/openbsd-opts.c	21	libc/include/stdio.h	keep-root libc/include->include	#include <stdio.h>
p023	c-include	libc/openbsd-opts.c	22	libc/include/stdlib.h	keep-root libc/include->include	#include <stdlib.h>
p023	c-include	libc/openbsd-opts.c	23	libc/include/string.h	keep-root libc/include->include	#include <string.h>
p023	c-include	libc/openbsd-opts.c	24	libc/include/unistd.h	keep-root libc/include->include	#include <unistd.h>
p023	c-include	libc/openbsd-sha2.c	20	libc/include/sha2.h	keep-root libc/include->include	#include <sha2.h>
p023	c-include	libc/openbsd-sha2.c	21	libc/include/string.h	keep-root libc/include->include	#include <string.h>
p023	c-include	libc/openbsd-sha2.c	22	libc/include/strings.h	keep-root libc/include->include	#include <strings.h>
p023	c-include	libc/openbsd-vis.c	22	libc/include/ctype.h	keep-root libc/include->include	#include <ctype.h>
p023	c-include	libc/openbsd-vis.c	23	libc/include/errno.h	keep-root libc/include->include	#include <errno.h>
p023	c-include	libc/openbsd-vis.c	24	libc/include/stdlib.h	keep-root libc/include->include	#include <stdlib.h>
p023	c-include	libc/openbsd-vis.c	25	libc/include/string.h	keep-root libc/include->include	#include <string.h>
p023	c-include	libc/openbsd-vis.c	26	libc/include/vis.h	keep-root libc/include->include	#include <vis.h>
p023	c-include	libc/openbsd.c	18	libc/include/sys/socket.h	keep-root libc/include->include	#include <sys/socket.h>
p023	c-include	libc/openbsd.c	20	libc/include/sys/stat.h	keep-root libc/include->include	#include <sys/stat.h>
p023	c-include	libc/openbsd.c	21	libc/include/sys/types.h	keep-root libc/include->include	#include <sys/types.h>
p023	c-include	libc/openbsd.c	22	libc/include/errno.h	keep-root libc/include->include	#include <errno.h>
p023	c-include	libc/openbsd.c	23	libc/include/fcntl.h	keep-root libc/include->include	#include <fcntl.h>
p023	c-include	libc/openbsd.c	24	libc/include/grp.h	keep-root libc/include->include	#include <grp.h>
p023	c-include	libc/openbsd.c	25	libc/include/limits.h	keep-root libc/include->include	#include <limits.h>
p023	c-include	libc/openbsd.c	26	libc/include/pwd.h	keep-root libc/include->include	#include <pwd.h>
p023	c-include	libc/openbsd.c	27	libc/include/stdint.h	keep-root libc/include->include	#include <stdint.h>
p023	c-include	libc/openbsd.c	28	libc/include/stdio.h	keep-root libc/include->include	#include <stdio.h>
p023	c-include	libc/openbsd.c	29	libc/include/stdlib.h	keep-root libc/include->include	#include <stdlib.h>
p023	c-include	libc/openbsd.c	30	libc/include/string.h	keep-root libc/include->include	#include <string.h>
p023	c-include	libc/openbsd.c	31	libc/include/strings.h	keep-root libc/include->include	#include <strings.h>
p023	c-include	libc/openbsd.c	32	libc/include/time.h	keep-root libc/include->include	#include <time.h>
p023	c-include	libc/openbsd.c	33	libc/include/unistd.h	keep-root libc/include->include	#include <unistd.h>
p023	c-include	libc/random.c	12	libc/include/errno.h	keep-root libc/include->include	#include <errno.h>
p023	c-include	libc/random.c	13	libc/include/stdint.h	keep-root libc/include->include	#include <stdint.h>
p023	c-include	libc/random.c	14	libc/include/stdlib.h	keep-root libc/include->include	#include <stdlib.h>
p023	c-include	libc/random48.c	12	libc/include/stdint.h	keep-root libc/include->include	#include <stdint.h>
p023	c-include	libc/random48.c	13	libc/include/stdlib.h	keep-root libc/include->include	#include <stdlib.h>
p023	c-include	libc/readpassphrase.c	20	libc/include/ctype.h	keep-root libc/include->include	#include <ctype.h>
p023	c-include	libc/readpassphrase.c	21	libc/include/errno.h	keep-root libc/include->include	#include <errno.h>
p023	c-include	libc/readpassphrase.c	22	libc/include/fcntl.h	keep-root libc/include->include	#include <fcntl.h>
p023	c-include	libc/readpassphrase.c	23	libc/include/readpassphrase.h	keep-root libc/include->include	#include <readpassphrase.h>
p023	c-include	libc/readpassphrase.c	24	libc/include/signal.h	keep-root libc/include->include	#include <signal.h>
p023	c-include	libc/readpassphrase.c	25	libc/include/string.h	keep-root libc/include->include	#include <string.h>
p023	c-include	libc/readpassphrase.c	26	libc/include/strings.h	keep-root libc/include->include	#include <strings.h>
p023	c-include	libc/readpassphrase.c	27	libc/include/termios.h	keep-root libc/include->include	#include <termios.h>
p023	c-include	libc/readpassphrase.c	28	libc/include/unistd.h	keep-root libc/include->include	#include <unistd.h>
p023	c-include	libc/realpath.c	12	libc/include/errno.h	keep-root libc/include->include	#include <errno.h>
p023	c-include	libc/realpath.c	13	libc/include/limits.h	keep-root libc/include->include	#include <limits.h>
p023	c-include	libc/realpath.c	14	libc/include/stdlib.h	keep-root libc/include->include	#include <stdlib.h>
p023	c-include	libc/realpath.c	15	libc/include/string.h	keep-root libc/include->include	#include <string.h>
p023	c-include	libc/realpath.c	16	libc/include/sys/stat.h	keep-root libc/include->include	#include <sys/stat.h>
p023	c-include	libc/realpath.c	17	libc/include/unistd.h	keep-root libc/include->include	#include <unistd.h>
p023	c-include	libc/regex/regcomp.c	32	libc/include/string.h	keep-root libc/include->include	#include <string.h>
p023	c-include	libc/regex/regcomp.c	33	libc/include/stdlib.h	keep-root libc/include->include	#include <stdlib.h>
p023	c-include	libc/regex/regcomp.c	34	libc/include/regex.h	keep-root libc/include->include	#include <regex.h>
p023	c-include	libc/regex/regcomp.c	35	libc/include/limits.h	keep-root libc/include->include	#include <limits.h>
p023	c-include	libc/regex/regcomp.c	36	libc/include/stdint.h	keep-root libc/include->include	#include <stdint.h>
p023	c-include	libc/regex/regcomp.c	37	libc/include/ctype.h	keep-root libc/include->include	#include <ctype.h>
p023	c-include	libc/regex/regcomp.c	41	libc/include/assert.h	keep-root libc/include->include	#include <assert.h>
p023	c-include	libc/regex/regerror.c	6	libc/include/regex.h	keep-root libc/include->include	#include <regex.h>
p023	c-include	libc/regex/regerror.c	7	libc/include/stdio.h	keep-root libc/include->include	#include <stdio.h>
p023	c-include	libc/regex/regerror.c	8	libc/include/string.h	keep-root libc/include->include	#include <string.h>
p023	c-include	libc/regex/regexec.c	32	libc/include/stdlib.h	keep-root libc/include->include	#include <stdlib.h>
p023	c-include	libc/regex/regexec.c	33	libc/include/string.h	keep-root libc/include->include	#include <string.h>
p023	c-include	libc/regex/regexec.c	34	libc/include/wchar.h	keep-root libc/include->include	#include <wchar.h>
p023	c-include	libc/regex/regexec.c	35	libc/include/wctype.h	keep-root libc/include->include	#include <wctype.h>
p023	c-include	libc/regex/regexec.c	36	libc/include/limits.h	keep-root libc/include->include	#include <limits.h>
p023	c-include	libc/regex/regexec.c	37	libc/include/stdint.h	keep-root libc/include->include	#include <stdint.h>
p023	c-include	libc/regex/regexec.c	39	libc/include/regex.h	keep-root libc/include->include	#include <regex.h>
p023	c-include	libc/regex/regexec.c	43	libc/include/assert.h	keep-root libc/include->include	#include <assert.h>
p023	c-include	libc/regex/tre-mem.c	39	libc/include/stdlib.h	keep-root libc/include->include	#include <stdlib.h>
p023	c-include	libc/regex/tre-mem.c	40	libc/include/string.h	keep-root libc/include->include	#include <string.h>
p023	c-include	libc/regex/tre.h	32	libc/include/regex.h	keep-root libc/include->include	#include <regex.h>
p023	c-include	libc/regex/tre.h	33	libc/include/wchar.h	keep-root libc/include->include	#include <wchar.h>
p023	c-include	libc/regex/tre.h	34	libc/include/wctype.h	keep-root libc/include->include	#include <wctype.h>
p023	c-include	libc/search.c	12	libc/include/errno.h	keep-root libc/include->include	#include <errno.h>
p023	c-include	libc/search.c	13	libc/include/search.h	keep-root libc/include->include	#include <search.h>
p023	c-include	libc/search.c	14	libc/include/stdint.h	keep-root libc/include->include	#include <stdint.h>
p023	c-include	libc/search.c	15	libc/include/stdlib.h	keep-root libc/include->include	#include <stdlib.h>
p023	c-include	libc/search.c	16	libc/include/string.h	keep-root libc/include->include	#include <string.h>
p023	c-include	libc/setjmp.c	12	libc/include/setjmp.h	keep-root libc/include->include	#include <setjmp.h>
p023	c-include	libc/stdio-extra.c	12	libc/include/ctype.h	keep-root libc/include->include	#include <ctype.h>
p023	c-include	libc/stdio-extra.c	13	libc/include/errno.h	keep-root libc/include->include	#include <errno.h>
p023	c-include	libc/stdio-extra.c	14	libc/include/limits.h	keep-root libc/include->include	#include <limits.h>
p023	c-include	libc/stdio-extra.c	15	libc/include/stdarg.h	keep-root libc/include->include	#include <stdarg.h>
p023	c-include	libc/stdio-extra.c	16	libc/include/stdint.h	keep-root libc/include->include	#include <stdint.h>
p023	c-include	libc/stdio-extra.c	17	libc/include/stdio.h	keep-root libc/include->include	#include <stdio.h>
p023	c-include	libc/stdio-extra.c	18	libc/include/stdlib.h	keep-root libc/include->include	#include <stdlib.h>
p023	c-include	libc/stdio-extra.c	19	libc/include/string.h	keep-root libc/include->include	#include <string.h>
p023	c-include	libc/stdio-extra.c	20	libc/include/unistd.h	keep-root libc/include->include	#include <unistd.h>
p023	c-include	libc/stdio-extra.c	21	libc/include/wchar.h	keep-root libc/include->include	#include <wchar.h>
p023	c-include	libc/stdio-internal.h	11	libc/include/stdio.h	keep-root libc/include->include	#include <stdio.h>
p023	c-include	libc/stdio-internal.h	12	libc/include/stdint.h	keep-root libc/include->include	#include <stdint.h>
p023	c-include	libc/stdio.c	8	libc/include/errno.h	keep-root libc/include->include	#include <errno.h>
p023	c-include	libc/stdio.c	9	libc/include/stdarg.h	keep-root libc/include->include	#include <stdarg.h>
p023	c-include	libc/stdio.c	10	libc/include/stddef.h	keep-root libc/include->include	#include <stddef.h>
p023	c-include	libc/stdio.c	11	libc/include/stdio.h	keep-root libc/include->include	#include <stdio.h>
p023	c-include	libc/stdio.c	12	libc/include/stdlib.h	keep-root libc/include->include	#include <stdlib.h>
p023	c-include	libc/stdio.c	13	libc/include/string.h	keep-root libc/include->include	#include <string.h>
p023	c-include	libc/stdio.c	14	libc/include/time.h	keep-root libc/include->include	#include <time.h>
p023	c-include	libc/stdio.c	15	libc/include/unistd.h	keep-root libc/include->include	#include <unistd.h>
p023	c-include	libc/stdlib-extra.c	14	libc/include/errno.h	keep-root libc/include->include	#include <errno.h>
p023	c-include	libc/stdlib-extra.c	15	libc/include/fcntl.h	keep-root libc/include->include	#include <fcntl.h>
p023	c-include	libc/stdlib-extra.c	16	libc/include/limits.h	keep-root libc/include->include	#include <limits.h>
p023	c-include	libc/stdlib-extra.c	17	libc/include/stdint.h	keep-root libc/include->include	#include <stdint.h>
p023	c-include	libc/stdlib-extra.c	18	libc/include/stdlib.h	keep-root libc/include->include	#include <stdlib.h>
p023	c-include	libc/stdlib-extra.c	19	libc/include/string.h	keep-root libc/include->include	#include <string.h>
p023	c-include	libc/stdlib-extra.c	20	libc/include/time.h	keep-root libc/include->include	#include <time.h>
p023	c-include	libc/stdlib-extra.c	21	libc/include/unistd.h	keep-root libc/include->include	#include <unistd.h>
p023	c-include	libc/string-extra.c	12	libc/include/ctype.h	keep-root libc/include->include	#include <ctype.h>
p023	c-include	libc/string-extra.c	13	libc/include/endian.h	keep-root libc/include->include	#include <endian.h>
p023	c-include	libc/string-extra.c	14	libc/include/stddef.h	keep-root libc/include->include	#include <stddef.h>
p023	c-include	libc/string-extra.c	15	libc/include/stdlib.h	keep-root libc/include->include	#include <stdlib.h>
p023	c-include	libc/string-extra.c	16	libc/include/string.h	keep-root libc/include->include	#include <string.h>
p023	c-include	libc/string-extra.c	17	libc/include/strings.h	keep-root libc/include->include	#include <strings.h>
p023	c-include	libc/string.c	10	libc/include/stddef.h	keep-root libc/include->include	#include <stddef.h>
p023	c-include	libc/string.c	11	libc/include/errno.h	keep-root libc/include->include	#include <errno.h>
p023	c-include	libc/string.c	12	libc/include/string.h	keep-root libc/include->include	#include <string.h>
p023	c-include	libc/strto.c	8	libc/include/ctype.h	keep-root libc/include->include	#include <ctype.h>
p023	c-include	libc/strto.c	9	libc/include/errno.h	keep-root libc/include->include	#include <errno.h>
p023	c-include	libc/strto.c	10	libc/include/limits.h	keep-root libc/include->include	#include <limits.h>
p023	c-include	libc/strto.c	11	libc/include/stdint.h	keep-root libc/include->include	#include <stdint.h>
p023	c-include	libc/strto.c	12	libc/include/stdlib.h	keep-root libc/include->include	#include <stdlib.h>
p023	c-include	libc/syslog.c	12	libc/include/errno.h	keep-root libc/include->include	#include <errno.h>
p023	c-include	libc/syslog.c	13	libc/include/fcntl.h	keep-root libc/include->include	#include <fcntl.h>
p023	c-include	libc/syslog.c	14	libc/include/stdio.h	keep-root libc/include->include	#include <stdio.h>
p023	c-include	libc/syslog.c	15	libc/include/string.h	keep-root libc/include->include	#include <string.h>
p023	c-include	libc/syslog.c	16	libc/include/sys/socket.h	keep-root libc/include->include	#include <sys/socket.h>
p023	c-include	libc/syslog.c	17	libc/include/sys/un.h	keep-root libc/include->include	#include <sys/un.h>
p023	c-include	libc/syslog.c	18	libc/include/syslog.h	keep-root libc/include->include	#include <syslog.h>
p023	c-include	libc/syslog.c	19	libc/include/time.h	keep-root libc/include->include	#include <time.h>
p023	c-include	libc/syslog.c	20	libc/include/unistd.h	keep-root libc/include->include	#include <unistd.h>
p023	c-include	libc/sysv-ipc.c	16	libc/include/errno.h	keep-root libc/include->include	#include <errno.h>
p023	c-include	libc/sysv-ipc.c	17	libc/include/fcntl.h	keep-root libc/include->include	#include <fcntl.h>
p023	c-include	libc/sysv-ipc.c	18	libc/include/mqueue.h	keep-root libc/include->include	#include <mqueue.h>
p023	c-include	libc/sysv-ipc.c	19	libc/include/semaphore.h	keep-root libc/include->include	#include <semaphore.h>
p023	c-include	libc/sysv-ipc.c	20	libc/include/stdarg.h	keep-root libc/include->include	#include <stdarg.h>
p023	c-include	libc/sysv-ipc.c	21	libc/include/stdint.h	keep-root libc/include->include	#include <stdint.h>
p023	c-include	libc/sysv-ipc.c	22	libc/include/stdio.h	keep-root libc/include->include	#include <stdio.h>
p023	c-include	libc/sysv-ipc.c	23	libc/include/stdlib.h	keep-root libc/include->include	#include <stdlib.h>
p023	c-include	libc/sysv-ipc.c	24	libc/include/string.h	keep-root libc/include->include	#include <string.h>
p023	c-include	libc/sysv-ipc.c	25	libc/include/sys/mman.h	keep-root libc/include->include	#include <sys/mman.h>
p023	c-include	libc/sysv-ipc.c	26	libc/include/sys/msg.h	keep-root libc/include->include	#include <sys/msg.h>
p023	c-include	libc/sysv-ipc.c	27	libc/include/sys/sem.h	keep-root libc/include->include	#include <sys/sem.h>
p023	c-include	libc/sysv-ipc.c	28	libc/include/sys/shm.h	keep-root libc/include->include	#include <sys/shm.h>
p023	c-include	libc/sysv-ipc.c	29	libc/include/sys/stat.h	keep-root libc/include->include	#include <sys/stat.h>
p023	c-include	libc/sysv-ipc.c	30	libc/include/unistd.h	keep-root libc/include->include	#include <unistd.h>
p023	c-include	libc/tempnam.c	12	libc/include/errno.h	keep-root libc/include->include	#include <errno.h>
p023	c-include	libc/tempnam.c	13	libc/include/fcntl.h	keep-root libc/include->include	#include <fcntl.h>
p023	c-include	libc/tempnam.c	14	libc/include/stdio.h	keep-root libc/include->include	#include <stdio.h>
p023	c-include	libc/tempnam.c	15	libc/include/stdlib.h	keep-root libc/include->include	#include <stdlib.h>
p023	c-include	libc/tempnam.c	16	libc/include/string.h	keep-root libc/include->include	#include <string.h>
p023	c-include	libc/tempnam.c	17	libc/include/unistd.h	keep-root libc/include->include	#include <unistd.h>
p023	c-include	libc/time-extra.c	12	libc/include/ctype.h	keep-root libc/include->include	#include <ctype.h>
p023	c-include	libc/time-extra.c	13	libc/include/errno.h	keep-root libc/include->include	#include <errno.h>
p023	c-include	libc/time-extra.c	14	libc/include/stdio.h	keep-root libc/include->include	#include <stdio.h>
p023	c-include	libc/time-extra.c	15	libc/include/stdlib.h	keep-root libc/include->include	#include <stdlib.h>
p023	c-include	libc/time-extra.c	16	libc/include/string.h	keep-root libc/include->include	#include <string.h>
p023	c-include	libc/time-extra.c	17	libc/include/time.h	keep-root libc/include->include	#include <time.h>
p023	c-include	libc/wide-extra.c	12	libc/include/errno.h	keep-root libc/include->include	#include <errno.h>
p023	c-include	libc/wide-extra.c	13	libc/include/stdarg.h	keep-root libc/include->include	#include <stdarg.h>
p023	c-include	libc/wide-extra.c	14	libc/include/stdio.h	keep-root libc/include->include	#include <stdio.h>
p023	c-include	libc/wide-extra.c	15	libc/include/stdlib.h	keep-root libc/include->include	#include <stdlib.h>
p023	c-include	libc/wide-extra.c	16	libc/include/string.h	keep-root libc/include->include	#include <string.h>
p023	c-include	libc/wide-extra.c	17	libc/include/time.h	keep-root libc/include->include	#include <time.h>
p023	c-include	libc/wide-extra.c	18	libc/include/uchar.h	keep-root libc/include->include	#include <uchar.h>
p023	c-include	libc/wide-extra.c	19	libc/include/wchar.h	keep-root libc/include->include	#include <wchar.h>
p023	c-include	libc/wide.c	13	libc/include/errno.h	keep-root libc/include->include	#include <errno.h>
p023	c-include	libc/wide.c	14	libc/include/locale.h	keep-root libc/include->include	#include <locale.h>
p023	c-include	libc/wide.c	15	libc/include/stdio.h	keep-root libc/include->include	#include <stdio.h>
p023	c-include	libc/wide.c	16	libc/include/string.h	keep-root libc/include->include	#include <string.h>
p023	c-include	libc/wide.c	17	libc/include/wchar.h	keep-root libc/include->include	#include <wchar.h>
p023	c-include	libc/wide.c	18	libc/include/wctype.h	keep-root libc/include->include	#include <wctype.h>
p023	c-include	libc/xsi-crypto.c	12	libc/include/stddef.h	keep-root libc/include->include	#include <stddef.h>
p023	c-include	libc/xsi-crypto.c	13	libc/include/stdint.h	keep-root libc/include->include	#include <stdint.h>
p023	c-include	libc/xsi-crypto.c	14	libc/include/string.h	keep-root libc/include->include	#include <string.h>
p023	c-include	libc/xsi-crypto.c	15	libc/include/unistd.h	keep-root libc/include->include	#include <unistd.h>
p023	c-include	libc/xsi-process.c	12	libc/include/errno.h	keep-root libc/include->include	#include <errno.h>
p023	c-include	libc/xsi-process.c	13	libc/include/fcntl.h	keep-root libc/include->include	#include <fcntl.h>
p023	c-include	libc/xsi-process.c	14	libc/include/limits.h	keep-root libc/include->include	#include <limits.h>
p023	c-include	libc/xsi-process.c	15	libc/include/pthread.h	keep-root libc/include->include	#include <pthread.h>
p023	c-include	libc/xsi-process.c	16	libc/include/signal.h	keep-root libc/include->include	#include <signal.h>
p023	c-include	libc/xsi-process.c	17	libc/include/stdarg.h	keep-root libc/include->include	#include <stdarg.h>
p023	c-include	libc/xsi-process.c	18	libc/include/stdint.h	keep-root libc/include->include	#include <stdint.h>
p023	c-include	libc/xsi-process.c	19	libc/include/stdio.h	keep-root libc/include->include	#include <stdio.h>
p023	c-include	libc/xsi-process.c	20	libc/include/string.h	keep-root libc/include->include	#include <string.h>
p023	c-include	libc/xsi-process.c	21	libc/include/sys/ipc.h	keep-root libc/include->include	#include <sys/ipc.h>
p023	c-include	libc/xsi-process.c	22	libc/include/sys/stat.h	keep-root libc/include->include	#include <sys/stat.h>
p023	c-include	libc/xsi-process.c	23	libc/include/sys/time.h	keep-root libc/include->include	#include <sys/time.h>
p023	c-include	libc/xsi-process.c	24	libc/include/ulimit.h	keep-root libc/include->include	#include <ulimit.h>
p023	c-include	libc/xsi-process.c	25	libc/include/unistd.h	keep-root libc/include->include	#include <unistd.h>
p023	c-include	src/drivers/disklabel/gpt.c	14	libc/include/errno.h	keep-root libc/include->include	#include <errno.h>
p023	c-include	src/drivers/disklabel/gpt.c	16	libc/include/stdint.h	keep-root libc/include->include	#include <stdint.h>
p023	c-include	src/drivers/disklabel/gpt.c	17	libc/include/string.h	keep-root libc/include->include	#include <string.h>
p023	c-include	src/drivers/disklabel/pcat.c	14	libc/include/errno.h	keep-root libc/include->include	#include <errno.h>
p023	c-include	src/drivers/disklabel/pcat.c	16	libc/include/string.h	keep-root libc/include->include	#include <string.h>
p023	c-include	src/drivers/ethernet/dp8390.c	16	libc/include/errno.h	keep-root libc/include->include	#include <errno.h>
p023	c-include	src/drivers/ethernet/dp8390.c	17	libc/include/string.h	keep-root libc/include->include	#include <string.h>
p023	c-include	src/drivers/fs/fat.c	21	libc/include/errno.h	keep-root libc/include->include	#include <errno.h>
p023	c-include	src/drivers/fs/fat.c	22	libc/include/stdint.h	keep-root libc/include->include	#include <stdint.h>
p023	c-include	src/drivers/fs/fat.c	23	libc/include/string.h	keep-root libc/include->include	#include <string.h>
p023	c-include	src/drivers/fs/fat.c	24	libc/include/sys/statvfs.h	keep-root libc/include->include	#include <sys/statvfs.h>
p023	c-include	src/drivers/fs/overlayfs.c	28	libc/include/errno.h	keep-root libc/include->include	#include <errno.h>
p023	c-include	src/drivers/fs/overlayfs.c	29	libc/include/fcntl.h	keep-root libc/include->include	#include <fcntl.h>
p023	c-include	src/drivers/fs/overlayfs.c	30	libc/include/stdint.h	keep-root libc/include->include	#include <stdint.h>
p023	c-include	src/drivers/fs/overlayfs.c	31	libc/include/string.h	keep-root libc/include->include	#include <string.h>
p023	c-include	src/drivers/fs/ufs.c	47	libc/include/errno.h	keep-root libc/include->include	#include <errno.h>
p023	c-include	src/drivers/fs/ufs.c	48	libc/include/limits.h	keep-root libc/include->include	#include <limits.h>
p023	c-include	src/drivers/fs/ufs.c	49	libc/include/stddef.h	keep-root libc/include->include	#include <stddef.h>
p023	c-include	src/drivers/fs/ufs.c	50	libc/include/stdint.h	keep-root libc/include->include	#include <stdint.h>
p023	c-include	src/drivers/fs/ufs.c	51	libc/include/string.h	keep-root libc/include->include	#include <string.h>
p023	c-include	src/drivers/fs/ufs.c	52	libc/include/sys/statvfs.h	keep-root libc/include->include	#include <sys/statvfs.h>
p023	c-include	src/drivers/generic/console.c	26	libc/include/errno.h	keep-root libc/include->include	#include <errno.h>
p023	c-include	src/drivers/generic/console.c	27	libc/include/fcntl.h	keep-root libc/include->include	#include <fcntl.h>
p023	c-include	src/drivers/generic/console.c	29	libc/include/string.h	keep-root libc/include->include	#include <string.h>
p023	c-include	src/drivers/generic/dma.c	13	libc/include/errno.h	keep-root libc/include->include	#include <errno.h>
p023	c-include	src/drivers/generic/dma.c	17	libc/include/limits.h	keep-root libc/include->include	#include <limits.h>
p023	c-include	src/drivers/generic/dma.c	18	libc/include/string.h	keep-root libc/include->include	#include <string.h>
p023	c-include	src/drivers/generic/input.c	28	libc/include/errno.h	keep-root libc/include->include	#include <errno.h>
p023	c-include	src/drivers/generic/input.c	29	libc/include/string.h	keep-root libc/include->include	#include <string.h>
p023	c-include	src/drivers/generic/input.c	30	libc/include/fcntl.h	keep-root libc/include->include	#include <fcntl.h>
p023	c-include	src/drivers/generic/input.c	31	libc/include/stdio.h	keep-root libc/include->include	#include <stdio.h>
p023	c-include	src/drivers/generic/input.c	32	libc/include/string.h	keep-root libc/include->include	#include <string.h>
p023	c-include	src/drivers/generic/loop.c	26	libc/include/errno.h	keep-root libc/include->include	#include <errno.h>
p023	c-include	src/drivers/generic/loop.c	27	libc/include/fcntl.h	keep-root libc/include->include	#include <fcntl.h>
p023	c-include	src/drivers/generic/loop.c	28	libc/include/stdbool.h	keep-root libc/include->include	#include <stdbool.h>
p023	c-include	src/drivers/generic/loop.c	29	libc/include/stdint.h	keep-root libc/include->include	#include <stdint.h>
p023	c-include	src/drivers/generic/loop.c	30	libc/include/string.h	keep-root libc/include->include	#include <string.h>
p023	c-include	src/drivers/generic/memory-device.c	10	libc/include/errno.h	keep-root libc/include->include	#include <errno.h>
p023	c-include	src/drivers/generic/memory-device.c	12	libc/include/stdint.h	keep-root libc/include->include	#include <stdint.h>
p023	c-include	src/drivers/generic/memory-device.c	13	libc/include/string.h	keep-root libc/include->include	#include <string.h>
p023	c-include	src/drivers/generic/system-device.c	39	libc/include/errno.h	keep-root libc/include->include	#include <errno.h>
p023	c-include	src/drivers/generic/system-device.c	40	libc/include/string.h	keep-root libc/include->include	#include <string.h>
p023	c-include	src/drivers/gpu/gpu-fence.c	19	libc/include/errno.h	keep-root libc/include->include	#include <errno.h>
p023	c-include	src/drivers/gpu/gpu-fence.c	20	libc/include/stddef.h	keep-root libc/include->include	#include <stddef.h>
p023	c-include	src/drivers/gpu/gpu.c	39	libc/include/errno.h	keep-root libc/include->include	#include <errno.h>
p023	c-include	src/drivers/gpu/gpu.c	40	libc/include/limits.h	keep-root libc/include->include	#include <limits.h>
p023	c-include	src/drivers/gpu/gpu.c	41	libc/include/stdio.h	keep-root libc/include->include	#include <stdio.h>
p023	c-include	src/drivers/gpu/gpu.c	42	libc/include/string.h	keep-root libc/include->include	#include <string.h>
p023	c-include	src/drivers/gpu/i915-old/draw_fixture.h	10	libc/include/stdint.h	keep-root libc/include->include	#include <stdint.h>
p023	c-include	src/drivers/gpu/i915-old/engine.c	26	libc/include/errno.h	keep-root libc/include->include	#include <errno.h>
p023	c-include	src/drivers/gpu/i915-old/engine.c	27	libc/include/string.h	keep-root libc/include->include	#include <string.h>
p023	c-include	src/drivers/gpu/i915-old/gem.c	25	libc/include/errno.h	keep-root libc/include->include	#include <errno.h>
p023	c-include	src/drivers/gpu/i915-old/gem.c	26	libc/include/string.h	keep-root libc/include->include	#include <string.h>
p023	c-include	src/drivers/gpu/i915-old/ggtt.c	26	libc/include/errno.h	keep-root libc/include->include	#include <errno.h>
p023	c-include	src/drivers/gpu/i915-old/ggtt.c	27	libc/include/string.h	keep-root libc/include->include	#include <string.h>
p023	c-include	src/drivers/gpu/i915-old/i915.c	41	libc/include/errno.h	keep-root libc/include->include	#include <errno.h>
p023	c-include	src/drivers/gpu/i915-old/i915.c	42	libc/include/stdint.h	keep-root libc/include->include	#include <stdint.h>
p023	c-include	src/drivers/gpu/i915-old/i915.c	43	libc/include/string.h	keep-root libc/include->include	#include <string.h>
p023	c-include	src/drivers/gpu/i915-old/internal.h	23	libc/include/stdint.h	keep-root libc/include->include	#include <stdint.h>
p023	c-include	src/drivers/gpu/i915-old/irq.c	28	libc/include/errno.h	keep-root libc/include->include	#include <errno.h>
p023	c-include	src/drivers/gpu/i915-old/lrc.c	27	libc/include/errno.h	keep-root libc/include->include	#include <errno.h>
p023	c-include	src/drivers/gpu/i915-old/lrc.c	28	libc/include/string.h	keep-root libc/include->include	#include <string.h>
p023	c-include	src/drivers/gpu/i915-old/parity/backend_delayed.h	22	libc/include/stdint.h	keep-root libc/include->include	#include <stdint.h>
p023	c-include	src/drivers/gpu/i915-old/parity/backend_sync.h	13	libc/include/stdint.h	keep-root libc/include->include	#include <stdint.h>
p023	c-include	src/drivers/gpu/i915-old/parity/bios.h	16	libc/include/stdint.h	keep-root libc/include->include	#include <stdint.h>
p023	c-include	src/drivers/gpu/i915-old/parity/bios.h	17	libc/include/stddef.h	keep-root libc/include->include	#include <stddef.h>
p023	c-include	src/drivers/gpu/i915-old/parity/cdclk.h	15	libc/include/stdint.h	keep-root libc/include->include	#include <stdint.h>
p023	c-include	src/drivers/gpu/i915-old/parity/combo_phy.h	15	libc/include/stdint.h	keep-root libc/include->include	#include <stdint.h>
p023	c-include	src/drivers/gpu/i915-old/parity/display_core.c	13	libc/include/errno.h	keep-root libc/include->include	#include <errno.h>
p023	c-include	src/drivers/gpu/i915-old/parity/display_core.h	16	libc/include/stdint.h	keep-root libc/include->include	#include <stdint.h>
p023	c-include	src/drivers/gpu/i915-old/parity/display_nogem.c	14	libc/include/errno.h	keep-root libc/include->include	#include <errno.h>
p023	c-include	src/drivers/gpu/i915-old/parity/display_nogem.h	33	libc/include/stdint.h	keep-root libc/include->include	#include <stdint.h>
p023	c-include	src/drivers/gpu/i915-old/parity/display_state.c	13	libc/include/errno.h	keep-root libc/include->include	#include <errno.h>
p023	c-include	src/drivers/gpu/i915-old/parity/display_state.h	34	libc/include/stdint.h	keep-root libc/include->include	#include <stdint.h>
p023	c-include	src/drivers/gpu/i915-old/parity/dmc.c	11	libc/include/errno.h	keep-root libc/include->include	#include <errno.h>
p023	c-include	src/drivers/gpu/i915-old/parity/dmc.h	15	libc/include/stdint.h	keep-root libc/include->include	#include <stdint.h>
p023	c-include	src/drivers/gpu/i915-old/parity/dp/dp_fake_hw.h	15	libc/include/stdint.h	keep-root libc/include->include	#include <stdint.h>
p023	c-include	src/drivers/gpu/i915-old/parity/dp/dp_fake_hw.h	16	libc/include/stddef.h	keep-root libc/include->include	#include <stddef.h>
p023	c-include	src/drivers/gpu/i915-old/parity/dp/dp_fixture_latitude5330.h	10	libc/include/stdint.h	keep-root libc/include->include	#include <stdint.h>
p023	c-include	src/drivers/gpu/i915-old/parity/dp/edp_ktest.c	9	libc/include/stdint.h	keep-root libc/include->include	#include <stdint.h>
p023	c-include	src/drivers/gpu/i915-old/parity/dp/edp_ktest.c	10	libc/include/string.h	keep-root libc/include->include	#include <string.h>
p023	c-include	src/drivers/gpu/i915-old/parity/dp/edp_sync_ktest.c	16	libc/include/string.h	keep-root libc/include->include	#include <string.h>
p023	c-include	src/drivers/gpu/i915-old/parity/dp/parity_dp_kernel.c	13	libc/include/string.h	keep-root libc/include->include	#include <string.h>
p023	c-include	src/drivers/gpu/i915-old/parity/dp/parity_dp_kernel.c	14	libc/include/errno.h	keep-root libc/include->include	#include <errno.h>
p023	c-include	src/drivers/gpu/i915-old/parity/dp/parity_dp_kernel.h	14	libc/include/stdint.h	keep-root libc/include->include	#include <stdint.h>
p023	c-include	src/drivers/gpu/i915-old/parity/dp/parity_edp.h	18	libc/include/stdint.h	keep-root libc/include->include	#include <stdint.h>
p023	c-include	src/drivers/gpu/i915-old/parity/dp/parity_edp.h	19	libc/include/stddef.h	keep-root libc/include->include	#include <stddef.h>
p023	c-include	src/drivers/gpu/i915-old/parity/dram_bw.c	12	libc/include/errno.h	keep-root libc/include->include	#include <errno.h>
p023	c-include	src/drivers/gpu/i915-old/parity/dram_bw.h	13	libc/include/stdint.h	keep-root libc/include->include	#include <stdint.h>
p023	c-include	src/drivers/gpu/i915-old/parity/driver_probe.c	7	libc/include/errno.h	keep-root libc/include->include	#include <errno.h>
p023	c-include	src/drivers/gpu/i915-old/parity/driver_probe.c	8	libc/include/string.h	keep-root libc/include->include	#include <string.h>
p023	c-include	src/drivers/gpu/i915-old/parity/driver_probe.h	51	libc/include/stdint.h	keep-root libc/include->include	#include <stdint.h>
p023	c-include	src/drivers/gpu/i915-old/parity/drm_device.h	12	libc/include/stdint.h	keep-root libc/include->include	#include <stdint.h>
p023	c-include	src/drivers/gpu/i915-old/parity/eu_test.c	7	libc/include/errno.h	keep-root libc/include->include	#include <errno.h>
p023	c-include	src/drivers/gpu/i915-old/parity/eu_test.c	8	libc/include/string.h	keep-root libc/include->include	#include <string.h>
p023	c-include	src/drivers/gpu/i915-old/parity/eu_test.h	29	libc/include/stdint.h	keep-root libc/include->include	#include <stdint.h>
p023	c-include	src/drivers/gpu/i915-old/parity/gt_defaults.c	7	libc/include/errno.h	keep-root libc/include->include	#include <errno.h>
p023	c-include	src/drivers/gpu/i915-old/parity/gt_defaults.c	8	libc/include/string.h	keep-root libc/include->include	#include <string.h>
p023	c-include	src/drivers/gpu/i915-old/parity/gt_defaults.h	42	libc/include/stdint.h	keep-root libc/include->include	#include <stdint.h>
p023	c-include	src/drivers/gpu/i915-old/parity/gt_engine.c	8	libc/include/errno.h	keep-root libc/include->include	#include <errno.h>
p023	c-include	src/drivers/gpu/i915-old/parity/gt_engine.c	9	libc/include/string.h	keep-root libc/include->include	#include <string.h>
p023	c-include	src/drivers/gpu/i915-old/parity/gt_engine.h	33	libc/include/stdint.h	keep-root libc/include->include	#include <stdint.h>
p023	c-include	src/drivers/gpu/i915-old/parity/gt_init.h	22	libc/include/stdint.h	keep-root libc/include->include	#include <stdint.h>
p023	c-include	src/drivers/gpu/i915-old/parity/gt_init_base.c	13	libc/include/errno.h	keep-root libc/include->include	#include <errno.h>
p023	c-include	src/drivers/gpu/i915-old/parity/gt_lrc.c	7	libc/include/errno.h	keep-root libc/include->include	#include <errno.h>
p023	c-include	src/drivers/gpu/i915-old/parity/gt_lrc.c	8	libc/include/string.h	keep-root libc/include->include	#include <string.h>
p023	c-include	src/drivers/gpu/i915-old/parity/gt_lrc.h	38	libc/include/stdint.h	keep-root libc/include->include	#include <stdint.h>
p023	c-include	src/drivers/gpu/i915-old/parity/gt_mem.c	17	libc/include/errno.h	keep-root libc/include->include	#include <errno.h>
p023	c-include	src/drivers/gpu/i915-old/parity/gt_mem.c	18	libc/include/string.h	keep-root libc/include->include	#include <string.h>
p023	c-include	src/drivers/gpu/i915-old/parity/gt_mem.h	38	libc/include/stdint.h	keep-root libc/include->include	#include <stdint.h>
p023	c-include	src/drivers/gpu/i915-old/parity/gt_migrate.c	7	libc/include/errno.h	keep-root libc/include->include	#include <errno.h>
p023	c-include	src/drivers/gpu/i915-old/parity/gt_migrate.c	8	libc/include/string.h	keep-root libc/include->include	#include <string.h>
p023	c-include	src/drivers/gpu/i915-old/parity/gt_migrate.h	42	libc/include/stdint.h	keep-root libc/include->include	#include <stdint.h>
p023	c-include	src/drivers/gpu/i915-old/parity/gt_mmio.c	7	libc/include/errno.h	keep-root libc/include->include	#include <errno.h>
p023	c-include	src/drivers/gpu/i915-old/parity/gt_mmio.h	25	libc/include/stdint.h	keep-root libc/include->include	#include <stdint.h>
p023	c-include	src/drivers/gpu/i915-old/parity/gt_request.c	7	libc/include/errno.h	keep-root libc/include->include	#include <errno.h>
p023	c-include	src/drivers/gpu/i915-old/parity/gt_request.h	45	libc/include/stdint.h	keep-root libc/include->include	#include <stdint.h>
p023	c-include	src/drivers/gpu/i915-old/parity/gt_resume.c	7	libc/include/errno.h	keep-root libc/include->include	#include <errno.h>
p023	c-include	src/drivers/gpu/i915-old/parity/gt_resume.h	38	libc/include/stdint.h	keep-root libc/include->include	#include <stdint.h>
p023	c-include	src/drivers/gpu/i915-old/parity/gt_submit.c	8	libc/include/errno.h	keep-root libc/include->include	#include <errno.h>
p023	c-include	src/drivers/gpu/i915-old/parity/gt_submit.h	38	libc/include/stdint.h	keep-root libc/include->include	#include <stdint.h>
p023	c-include	src/drivers/gpu/i915-old/parity/gt_tlb.c	9	libc/include/errno.h	keep-root libc/include->include	#include <errno.h>
p023	c-include	src/drivers/gpu/i915-old/parity/gt_tlb.h	8	libc/include/stdint.h	keep-root libc/include->include	#include <stdint.h>
p023	c-include	src/drivers/gpu/i915-old/parity/gt_verify_wa.c	7	libc/include/errno.h	keep-root libc/include->include	#include <errno.h>
p023	c-include	src/drivers/gpu/i915-old/parity/gt_verify_wa.c	8	libc/include/string.h	keep-root libc/include->include	#include <string.h>
p023	c-include	src/drivers/gpu/i915-old/parity/gt_verify_wa.h	43	libc/include/stdint.h	keep-root libc/include->include	#include <stdint.h>
p023	c-include	src/drivers/gpu/i915-old/parity/gt_verify_wa.h	44	libc/include/errno.h	keep-root libc/include->include	#include <errno.h>
p023	c-include	src/drivers/gpu/i915-old/parity/irq.c	11	libc/include/errno.h	keep-root libc/include->include	#include <errno.h>
p023	c-include	src/drivers/gpu/i915-old/parity/irq.h	27	libc/include/stdint.h	keep-root libc/include->include	#include <stdint.h>
p023	c-include	src/drivers/gpu/i915-old/parity/ktest.c	9	libc/include/string.h	keep-root libc/include->include	#include <string.h>
p023	c-include	src/drivers/gpu/i915-old/parity/ktest.c	66	libc/include/errno.h	keep-root libc/include->include	#include <errno.h>
p023	c-include	src/drivers/gpu/i915-old/parity/lcd/hpd_compat.h	21	libc/include/stdint.h	keep-root libc/include->include	#include <stdint.h>
p023	c-include	src/drivers/gpu/i915-old/parity/lcd/hpd_compat.h	22	libc/include/stddef.h	keep-root libc/include->include	#include <stddef.h>
p023	c-include	src/drivers/gpu/i915-old/parity/lcd/hpd_compat.h	23	libc/include/stdbool.h	keep-root libc/include->include	#include <stdbool.h>
p023	c-include	src/drivers/gpu/i915-old/parity/lcd/hpd_compat.h	24	libc/include/string.h	keep-root libc/include->include	#include <string.h>
p023	c-include	src/drivers/gpu/i915-old/parity/lcd/hpd_compat.h	25	libc/include/errno.h	keep-root libc/include->include	#include <errno.h>
p023	c-include	src/drivers/gpu/i915-old/parity/lcd/hpd_ktest.c	16	libc/include/stdint.h	keep-root libc/include->include	#include <stdint.h>
p023	c-include	src/drivers/gpu/i915-old/parity/lcd/hpd_ktest.c	17	libc/include/string.h	keep-root libc/include->include	#include <string.h>
p023	c-include	src/drivers/gpu/i915-old/parity/lcd/lcd_compat.h	11	libc/include/stdint.h	keep-root libc/include->include	#include <stdint.h>
p023	c-include	src/drivers/gpu/i915-old/parity/lcd/lcd_compat.h	12	libc/include/stddef.h	keep-root libc/include->include	#include <stddef.h>
p023	c-include	src/drivers/gpu/i915-old/parity/lcd/lcd_compat.h	13	libc/include/string.h	keep-root libc/include->include	#include <string.h>
p023	c-include	src/drivers/gpu/i915-old/parity/lcd/lcd_fake_hw.c	10	libc/include/string.h	keep-root libc/include->include	#include <string.h>
p023	c-include	src/drivers/gpu/i915-old/parity/lcd/lcd_fake_hw.h	16	libc/include/stdint.h	keep-root libc/include->include	#include <stdint.h>
p023	c-include	src/drivers/gpu/i915-old/parity/lcd/lcd_hw_check.c	10	libc/include/string.h	keep-root libc/include->include	#include <string.h>
p023	c-include	src/drivers/gpu/i915-old/parity/lcd/lcd_hw_check.c	11	libc/include/errno.h	keep-root libc/include->include	#include <errno.h>
p023	c-include	src/drivers/gpu/i915-old/parity/lcd/lcd_modeset_ktest.c	19	libc/include/string.h	keep-root libc/include->include	#include <string.h>
p023	c-include	src/drivers/gpu/i915-old/parity/lcd/lcd_pattern.h	19	libc/include/stdint.h	keep-root libc/include->include	#include <stdint.h>
p023	c-include	src/drivers/gpu/i915-old/parity/lcd/lcd_show_ktest.c	13	libc/include/string.h	keep-root libc/include->include	#include <string.h>
p023	c-include	src/drivers/gpu/i915-old/parity/lcd/lcd_show_ktest.c	14	libc/include/errno.h	keep-root libc/include->include	#include <errno.h>
p023	c-include	src/drivers/gpu/i915-old/parity/lcd/lcd_show_ktest.h	5	libc/include/stdint.h	keep-root libc/include->include	#include <stdint.h>
p023	c-include	src/drivers/gpu/i915-old/parity/lcd/lcdg_ktest.c	10	libc/include/string.h	keep-root libc/include->include	#include <string.h>
p023	c-include	src/drivers/gpu/i915-old/parity/lcd/lcdg_ktest.c	11	libc/include/errno.h	keep-root libc/include->include	#include <errno.h>
p023	c-include	src/drivers/gpu/i915-old/parity/lcd/lcdg_ktest.h	5	libc/include/stdint.h	keep-root libc/include->include	#include <stdint.h>
p023	c-include	src/drivers/gpu/i915-old/parity/lcd/opregion_compat.h	17	libc/include/stdint.h	keep-root libc/include->include	#include <stdint.h>
p023	c-include	src/drivers/gpu/i915-old/parity/lcd/opregion_compat.h	18	libc/include/stddef.h	keep-root libc/include->include	#include <stddef.h>
p023	c-include	src/drivers/gpu/i915-old/parity/lcd/opregion_compat.h	19	libc/include/string.h	keep-root libc/include->include	#include <string.h>
p023	c-include	src/drivers/gpu/i915-old/parity/lcd/opregion_compat.h	20	libc/include/errno.h	keep-root libc/include->include	#include <errno.h>
p023	c-include	src/drivers/gpu/i915-old/parity/lcd/opregion_fwtest.c	13	libc/include/string.h	keep-root libc/include->include	#include <string.h>
p023	c-include	src/drivers/gpu/i915-old/parity/lcd/opregion_fwtest.c	14	libc/include/errno.h	keep-root libc/include->include	#include <errno.h>
p023	c-include	src/drivers/gpu/i915-old/parity/lcd/opregion_fwtest.h	5	libc/include/stdint.h	keep-root libc/include->include	#include <stdint.h>
p023	c-include	src/drivers/gpu/i915-old/parity/lcd/opregion_ktest.c	12	libc/include/string.h	keep-root libc/include->include	#include <string.h>
p023	c-include	src/drivers/gpu/i915-old/parity/lcd/opregion_ktest.c	13	libc/include/errno.h	keep-root libc/include->include	#include <errno.h>
p023	c-include	src/drivers/gpu/i915-old/parity/lcd/parity_hotplug.h	14	libc/include/stdint.h	keep-root libc/include->include	#include <stdint.h>
p023	c-include	src/drivers/gpu/i915-old/parity/lcd/parity_hpd_test.c	13	libc/include/stdint.h	keep-root libc/include->include	#include <stdint.h>
p023	c-include	src/drivers/gpu/i915-old/parity/lcd/parity_lcd_calc.h	18	libc/include/stdint.h	keep-root libc/include->include	#include <stdint.h>
p023	c-include	src/drivers/gpu/i915-old/parity/lcd/parity_lcd_kernel.c	27	libc/include/string.h	keep-root libc/include->include	#include <string.h>
p023	c-include	src/drivers/gpu/i915-old/parity/lcd/parity_lcd_kernel.c	28	libc/include/errno.h	keep-root libc/include->include	#include <errno.h>
p023	c-include	src/drivers/gpu/i915-old/parity/lcd/parity_lcd_kernel.h	9	libc/include/stdint.h	keep-root libc/include->include	#include <stdint.h>
p023	c-include	src/drivers/gpu/i915-old/parity/lcd/parity_lcd_modeset.h	16	libc/include/stdint.h	keep-root libc/include->include	#include <stdint.h>
p023	c-include	src/drivers/gpu/i915-old/parity/lcd/parity_lcd_observe.h	23	libc/include/stdint.h	keep-root libc/include->include	#include <stdint.h>
p023	c-include	src/drivers/gpu/i915-old/parity/lcd/parity_lcd_ops.h	19	libc/include/stdint.h	keep-root libc/include->include	#include <stdint.h>
p023	c-include	src/drivers/gpu/i915-old/parity/lcd/parity_lcd_ops.h	20	libc/include/stddef.h	keep-root libc/include->include	#include <stddef.h>
p023	c-include	src/drivers/gpu/i915-old/parity/lcd/parity_lcd_show.c	6	libc/include/string.h	keep-root libc/include->include	#include <string.h>
p023	c-include	src/drivers/gpu/i915-old/parity/lcd/parity_lcd_show.c	7	libc/include/errno.h	keep-root libc/include->include	#include <errno.h>
p023	c-include	src/drivers/gpu/i915-old/parity/lcd/parity_lcd_show.h	21	libc/include/stdint.h	keep-root libc/include->include	#include <stdint.h>
p023	c-include	src/drivers/gpu/i915-old/parity/lcd/parity_lcd_trace.c	5	libc/include/string.h	keep-root libc/include->include	#include <string.h>
p023	c-include	src/drivers/gpu/i915-old/parity/lcd/parity_lcd_trace.h	10	libc/include/stdint.h	keep-root libc/include->include	#include <stdint.h>
p023	c-include	src/drivers/gpu/i915-old/parity/lcd/parity_n1.h	16	libc/include/stdint.h	keep-root libc/include->include	#include <stdint.h>
p023	c-include	src/drivers/gpu/i915-old/parity/lcd/parity_opregion.h	9	libc/include/stdint.h	keep-root libc/include->include	#include <stdint.h>
p023	c-include	src/drivers/gpu/i915-old/parity/lcd/scanout.c	23	libc/include/string.h	keep-root libc/include->include	#include <string.h>
p023	c-include	src/drivers/gpu/i915-old/parity/lcd/scanout.c	24	libc/include/errno.h	keep-root libc/include->include	#include <errno.h>
p023	c-include	src/drivers/gpu/i915-old/parity/lcd/scanout.h	31	libc/include/stdint.h	keep-root libc/include->include	#include <stdint.h>
p023	c-include	src/drivers/gpu/i915-old/parity/lcd/scanout_ktest.c	9	libc/include/string.h	keep-root libc/include->include	#include <string.h>
p023	c-include	src/drivers/gpu/i915-old/parity/lcd/scanout_ktest.c	10	libc/include/errno.h	keep-root libc/include->include	#include <errno.h>
p023	c-include	src/drivers/gpu/i915-old/parity/lcd/scanout_ktest.h	5	libc/include/stdint.h	keep-root libc/include->include	#include <stdint.h>
p023	c-include	src/drivers/gpu/i915-old/parity/legacy_shim.c	12	libc/include/errno.h	keep-root libc/include->include	#include <errno.h>
p023	c-include	src/drivers/gpu/i915-old/parity/legacy_shim.c	13	libc/include/string.h	keep-root libc/include->include	#include <string.h>
p023	c-include	src/drivers/gpu/i915-old/parity/legacy_shim.h	17	libc/include/stdint.h	keep-root libc/include->include	#include <stdint.h>
p023	c-include	src/drivers/gpu/i915-old/parity/native_precheck.c	9	libc/include/string.h	keep-root libc/include->include	#include <string.h>
p023	c-include	src/drivers/gpu/i915-old/parity/native_precheck.h	14	libc/include/stdint.h	keep-root libc/include->include	#include <stdint.h>
p023	c-include	src/drivers/gpu/i915-old/parity/opregion_service.c	7	libc/include/string.h	keep-root libc/include->include	#include <string.h>
p023	c-include	src/drivers/gpu/i915-old/parity/opregion_service.c	8	libc/include/errno.h	keep-root libc/include->include	#include <errno.h>
p023	c-include	src/drivers/gpu/i915-old/parity/opregion_service.h	23	libc/include/stdint.h	keep-root libc/include->include	#include <stdint.h>
p023	c-include	src/drivers/gpu/i915-old/parity/opregion_vbt.h	10	libc/include/stdint.h	keep-root libc/include->include	#include <stdint.h>
p023	c-include	src/drivers/gpu/i915-old/parity/opregion_vbt.h	11	libc/include/stddef.h	keep-root libc/include->include	#include <stddef.h>
p023	c-include	src/drivers/gpu/i915-old/parity/osdep/address_types.h	20	libc/include/stdint.h	keep-root libc/include->include	#include <stdint.h>
p023	c-include	src/drivers/gpu/i915-old/parity/osdep/dma.h	26	libc/include/stdint.h	keep-root libc/include->include	#include <stdint.h>
p023	c-include	src/drivers/gpu/i915-old/parity/osdep/firmware.c	5	libc/include/errno.h	keep-root libc/include->include	#include <errno.h>
p023	c-include	src/drivers/gpu/i915-old/parity/osdep/firmware.h	10	libc/include/stdint.h	keep-root libc/include->include	#include <stdint.h>
p023	c-include	src/drivers/gpu/i915-old/parity/osdep/mmio.h	22	libc/include/stdint.h	keep-root libc/include->include	#include <stdint.h>
p023	c-include	src/drivers/gpu/i915-old/parity/osdep/pci.h	20	libc/include/stdint.h	keep-root libc/include->include	#include <stdint.h>
p023	c-include	src/drivers/gpu/i915-old/parity/osdep/runtime_pm.h	22	libc/include/stdint.h	keep-root libc/include->include	#include <stdint.h>
p023	c-include	src/drivers/gpu/i915-old/parity/osdep/sync.h	28	libc/include/stdint.h	keep-root libc/include->include	#include <stdint.h>
p023	c-include	src/drivers/gpu/i915-old/parity/osdep/trace.h	16	libc/include/stdint.h	keep-root libc/include->include	#include <stdint.h>
p023	c-include	src/drivers/gpu/i915-old/parity/pch.h	18	libc/include/stdint.h	keep-root libc/include->include	#include <stdint.h>
p023	c-include	src/drivers/gpu/i915-old/parity/pcode.c	14	libc/include/errno.h	keep-root libc/include->include	#include <errno.h>
p023	c-include	src/drivers/gpu/i915-old/parity/pcode.h	13	libc/include/stdint.h	keep-root libc/include->include	#include <stdint.h>
p023	c-include	src/drivers/gpu/i915-old/parity/power_domains.c	27	libc/include/errno.h	keep-root libc/include->include	#include <errno.h>
p023	c-include	src/drivers/gpu/i915-old/parity/power_domains.h	18	libc/include/stdint.h	keep-root libc/include->include	#include <stdint.h>
p023	c-include	src/drivers/gpu/i915-old/parity/probe.c	11	libc/include/string.h	keep-root libc/include->include	#include <string.h>
p023	c-include	src/drivers/gpu/i915-old/parity/probe.c	57	libc/include/errno.h	keep-root libc/include->include	#include <errno.h>
p023	c-include	src/drivers/gpu/i915-old/parity/pte.h	16	libc/include/stdint.h	keep-root libc/include->include	#include <stdint.h>
p023	c-include	src/drivers/gpu/i915-old/parity/pxp.c	7	libc/include/errno.h	keep-root libc/include->include	#include <errno.h>
p023	c-include	src/drivers/gpu/i915-old/parity/pxp.c	8	libc/include/string.h	keep-root libc/include->include	#include <string.h>
p023	c-include	src/drivers/gpu/i915-old/parity/pxp.h	28	libc/include/stdint.h	keep-root libc/include->include	#include <stdint.h>
p023	c-include	src/drivers/gpu/i915-old/parity/reset.c	12	libc/include/errno.h	keep-root libc/include->include	#include <errno.h>
p023	c-include	src/drivers/gpu/i915-old/parity/reset.h	11	libc/include/stdint.h	keep-root libc/include->include	#include <stdint.h>
p023	c-include	src/drivers/gpu/i915-old/parity/resident.h	12	libc/include/stdint.h	keep-root libc/include->include	#include <stdint.h>
p023	c-include	src/drivers/gpu/i915-old/parity/resident_display.c	43	libc/include/errno.h	keep-root libc/include->include	#include <errno.h>
p023	c-include	src/drivers/gpu/i915-old/parity/resident_display.c	44	libc/include/string.h	keep-root libc/include->include	#include <string.h>
p023	c-include	src/drivers/gpu/i915-old/parity/tests/dma_contract_test.c	7	libc/include/stdio.h	keep-root libc/include->include	#include <stdio.h>
p023	c-include	src/drivers/gpu/i915-old/parity/tests/mmio_contract_test.c	5	libc/include/stdio.h	keep-root libc/include->include	#include <stdio.h>
p023	c-include	src/drivers/gpu/i915-old/parity/tests/pci_contract_test.c	7	libc/include/stdio.h	keep-root libc/include->include	#include <stdio.h>
p023	c-include	src/drivers/gpu/i915-old/parity/tests/pte_contract_test.c	7	libc/include/stdio.h	keep-root libc/include->include	#include <stdio.h>
p023	c-include	src/drivers/gpu/i915-old/parity/tests/rpm_contract_test.c	6	libc/include/stdio.h	keep-root libc/include->include	#include <stdio.h>
p023	c-include	src/drivers/gpu/i915-old/parity/tests/sync_contract_test.c	6	libc/include/stdio.h	keep-root libc/include->include	#include <stdio.h>
p023	c-include	src/drivers/gpu/i915-old/parity/timer_calc.h	14	libc/include/stdint.h	keep-root libc/include->include	#include <stdint.h>
p023	c-include	src/drivers/gpu/i915-old/parity/vbt/parity_vbt.h	13	libc/include/stdint.h	keep-root libc/include->include	#include <stdint.h>
p023	c-include	src/drivers/gpu/i915-old/parity/vbt/parity_vbt.h	14	libc/include/stddef.h	keep-root libc/include->include	#include <stddef.h>
p023	c-include	src/drivers/gpu/i915-old/parity/vbt/vbt_compat.h	14	libc/include/stdint.h	keep-root libc/include->include	#include <stdint.h>
p023	c-include	src/drivers/gpu/i915-old/parity/vbt/vbt_compat.h	15	libc/include/stddef.h	keep-root libc/include->include	#include <stddef.h>
p023	c-include	src/drivers/gpu/i915-old/parity/vbt/vbt_compat.h	16	libc/include/string.h	keep-root libc/include->include	#include <string.h>
p023	c-include	src/drivers/gpu/i915-old/parity/vbt/vbt_compat.h	121	libc/include/stdio.h	keep-root libc/include->include	#include <stdio.h>
p023	c-include	src/drivers/gpu/i915-old/parity/vga.c	16	libc/include/errno.h	keep-root libc/include->include	#include <errno.h>
p023	c-include	src/drivers/gpu/i915-old/parity/vga.h	15	libc/include/stdint.h	keep-root libc/include->include	#include <stdint.h>
p023	c-include	src/drivers/gpu/i915-old/parity/wait.c	28	libc/include/errno.h	keep-root libc/include->include	#include <errno.h>
p023	c-include	src/drivers/gpu/i915-old/parity/wait.h	12	libc/include/stdint.h	keep-root libc/include->include	#include <stdint.h>
p023	c-include	src/drivers/gpu/i915-old/ppgtt.c	28	libc/include/errno.h	keep-root libc/include->include	#include <errno.h>
p023	c-include	src/drivers/gpu/i915-old/ppgtt.c	29	libc/include/string.h	keep-root libc/include->include	#include <string.h>
p023	c-include	src/drivers/gpu/i915-old/request.c	30	libc/include/errno.h	keep-root libc/include->include	#include <errno.h>
p023	c-include	src/drivers/gpu/i915-old/request.c	31	libc/include/string.h	keep-root libc/include->include	#include <string.h>
p023	c-include	src/drivers/gpu/i915-old/selftest.c	29	libc/include/string.h	keep-root libc/include->include	#include <string.h>
p023	c-include	src/drivers/gpu/i915-old/selftest.c	31	libc/include/errno.h	keep-root libc/include->include	#include <errno.h>
p023	c-include	src/drivers/gpu/i915-old/uncore.c	28	libc/include/errno.h	keep-root libc/include->include	#include <errno.h>
p023	c-include	src/drivers/gpu/i915-old/vk/cmd.c	25	libc/include/errno.h	keep-root libc/include->include	#include <errno.h>
p023	c-include	src/drivers/gpu/i915-old/vk/cmd.c	26	libc/include/string.h	keep-root libc/include->include	#include <string.h>
p023	c-include	src/drivers/gpu/i915-old/vk/cmdbuf.c	30	libc/include/errno.h	keep-root libc/include->include	#include <errno.h>
p023	c-include	src/drivers/gpu/i915-old/vk/compile.c	28	libc/include/errno.h	keep-root libc/include->include	#include <errno.h>
p023	c-include	src/drivers/gpu/i915-old/vk/compile.c	29	libc/include/string.h	keep-root libc/include->include	#include <string.h>
p023	c-include	src/drivers/gpu/i915-old/vk/display.c	21	libc/include/errno.h	keep-root libc/include->include	#include <errno.h>
p023	c-include	src/drivers/gpu/i915-old/vk/eu.c	34	libc/include/errno.h	keep-root libc/include->include	#include <errno.h>
p023	c-include	src/drivers/gpu/i915-old/vk/eu.c	35	libc/include/string.h	keep-root libc/include->include	#include <string.h>
p023	c-include	src/drivers/gpu/i915-old/vk/gfx-draw.c	37	libc/include/errno.h	keep-root libc/include->include	#include <errno.h>
p023	c-include	src/drivers/gpu/i915-old/vk/gfx-draw.c	38	libc/include/string.h	keep-root libc/include->include	#include <string.h>
p023	c-include	src/drivers/gpu/i915-old/vk/gfx-obj.c	28	libc/include/errno.h	keep-root libc/include->include	#include <errno.h>
p023	c-include	src/drivers/gpu/i915-old/vk/gfx-rec.c	30	libc/include/errno.h	keep-root libc/include->include	#include <errno.h>
p023	c-include	src/drivers/gpu/i915-old/vk/gfx.h	34	libc/include/vulkan/vulkan_core.h	keep-root libc/include->include	#include <vulkan/vulkan_core.h>
p023	c-include	src/drivers/gpu/i915-old/vk/inst.c	28	libc/include/errno.h	keep-root libc/include->include	#include <errno.h>
p023	c-include	src/drivers/gpu/i915-old/vk/pipe.c	32	libc/include/errno.h	keep-root libc/include->include	#include <errno.h>
p023	c-include	src/drivers/gpu/i915-old/vk/pipe.c	33	libc/include/string.h	keep-root libc/include->include	#include <string.h>
p023	c-include	src/drivers/gpu/i915-old/vk/res.c	30	libc/include/errno.h	keep-root libc/include->include	#include <errno.h>
p023	c-include	src/drivers/gpu/i915-old/vk/res.c	31	libc/include/string.h	keep-root libc/include->include	#include <string.h>
p023	c-include	src/drivers/gpu/i915-old/vk/spirv.c	37	libc/include/errno.h	keep-root libc/include->include	#include <errno.h>
p023	c-include	src/drivers/gpu/i915-old/vk/spirv.c	38	libc/include/string.h	keep-root libc/include->include	#include <string.h>
p023	c-include	src/drivers/gpu/i915-old/vk/sync.c	26	libc/include/errno.h	keep-root libc/include->include	#include <errno.h>
p023	c-include	src/drivers/gpu/i915-old/vk/vk-internal.h	21	libc/include/stdint.h	keep-root libc/include->include	#include <stdint.h>
p023	c-include	src/drivers/gpu/i915-old/vk/vk-internal.h	22	libc/include/stddef.h	keep-root libc/include->include	#include <stddef.h>
p023	c-include	src/drivers/gpu/i915-old/vk/vk.c	24	libc/include/errno.h	keep-root libc/include->include	#include <errno.h>
p023	c-include	src/drivers/gpu/i915-old/vk/vk.c	25	libc/include/string.h	keep-root libc/include->include	#include <string.h>
p023	c-include	src/drivers/gpu/i915-old/vk/vkc.h	28	libc/include/vulkan/vulkan_core.h	keep-root libc/include->include	#include <vulkan/vulkan_core.h>
p023	c-include	src/drivers/gpu/i915-old/vk/vkc.h	30	libc/include/string.h	keep-root libc/include->include	#include <string.h>
p023	c-include	src/drivers/gpu/i915-old/vk/wsi.c	26	libc/include/errno.h	keep-root libc/include->include	#include <errno.h>
p023	c-include	src/drivers/gpu/i915/command.c	38	libc/include/errno.h	keep-root libc/include->include	#include <errno.h>
p023	c-include	src/drivers/gpu/i915/command.c	39	libc/include/stddef.h	keep-root libc/include->include	#include <stddef.h>
p023	c-include	src/drivers/gpu/i915/command.c	40	libc/include/stdint.h	keep-root libc/include->include	#include <stdint.h>
p023	c-include	src/drivers/gpu/i915/command.c	41	libc/include/string.h	keep-root libc/include->include	#include <string.h>
p023	c-include	src/drivers/gpu/i915/command.h	21	libc/include/stdint.h	keep-root libc/include->include	#include <stdint.h>
p023	c-include	src/drivers/gpu/i915/compiler/compile.c	43	libc/include/errno.h	keep-root libc/include->include	#include <errno.h>
p023	c-include	src/drivers/gpu/i915/compiler/compile.c	44	libc/include/string.h	keep-root libc/include->include	#include <string.h>
p023	c-include	src/drivers/gpu/i915/compiler/compiler.h	22	libc/include/stddef.h	keep-root libc/include->include	#include <stddef.h>
p023	c-include	src/drivers/gpu/i915/compiler/compiler.h	23	libc/include/stdint.h	keep-root libc/include->include	#include <stdint.h>
p023	c-include	src/drivers/gpu/i915/compiler/eu.c	45	libc/include/errno.h	keep-root libc/include->include	#include <errno.h>
p023	c-include	src/drivers/gpu/i915/compiler/eu.c	46	libc/include/string.h	keep-root libc/include->include	#include <string.h>
p023	c-include	src/drivers/gpu/i915/compiler/eu.h	20	libc/include/stddef.h	keep-root libc/include->include	#include <stddef.h>
p023	c-include	src/drivers/gpu/i915/compiler/eu.h	21	libc/include/stdint.h	keep-root libc/include->include	#include <stdint.h>
p023	c-include	src/drivers/gpu/i915/compiler/ir.h	39	libc/include/stdint.h	keep-root libc/include->include	#include <stdint.h>
p023	c-include	src/drivers/gpu/i915/compiler/spirv.c	69	libc/include/errno.h	keep-root libc/include->include	#include <errno.h>
p023	c-include	src/drivers/gpu/i915/compiler/spirv.c	70	libc/include/string.h	keep-root libc/include->include	#include <string.h>
p023	c-include	src/drivers/gpu/i915/context.c	26	libc/include/errno.h	keep-root libc/include->include	#include <errno.h>
p023	c-include	src/drivers/gpu/i915/context.c	27	libc/include/stddef.h	keep-root libc/include->include	#include <stddef.h>
p023	c-include	src/drivers/gpu/i915/context.c	28	libc/include/stdint.h	keep-root libc/include->include	#include <stdint.h>
p023	c-include	src/drivers/gpu/i915/context.c	29	libc/include/string.h	keep-root libc/include->include	#include <string.h>
p023	c-include	src/drivers/gpu/i915/context.h	35	libc/include/stdint.h	keep-root libc/include->include	#include <stdint.h>
p023	c-include	src/drivers/gpu/i915/defaults.c	23	libc/include/errno.h	keep-root libc/include->include	#include <errno.h>
p023	c-include	src/drivers/gpu/i915/defaults.c	24	libc/include/stddef.h	keep-root libc/include->include	#include <stddef.h>
p023	c-include	src/drivers/gpu/i915/defaults.c	25	libc/include/string.h	keep-root libc/include->include	#include <string.h>
p023	c-include	src/drivers/gpu/i915/defaults.h	48	libc/include/stdint.h	keep-root libc/include->include	#include <stdint.h>
p023	c-include	src/drivers/gpu/i915/device-info.c	24	libc/include/stddef.h	keep-root libc/include->include	#include <stddef.h>
p023	c-include	src/drivers/gpu/i915/device-info.h	29	libc/include/stdint.h	keep-root libc/include->include	#include <stdint.h>
p023	c-include	src/drivers/gpu/i915/device.c	39	libc/include/errno.h	keep-root libc/include->include	#include <errno.h>
p023	c-include	src/drivers/gpu/i915/device.c	40	libc/include/stddef.h	keep-root libc/include->include	#include <stddef.h>
p023	c-include	src/drivers/gpu/i915/device.c	41	libc/include/string.h	keep-root libc/include->include	#include <string.h>
p023	c-include	src/drivers/gpu/i915/display/capture.c	101	libc/include/errno.h	keep-root libc/include->include	#include <errno.h>
p023	c-include	src/drivers/gpu/i915/display/capture.c	102	libc/include/stddef.h	keep-root libc/include->include	#include <stddef.h>
p023	c-include	src/drivers/gpu/i915/display/capture.c	103	libc/include/string.h	keep-root libc/include->include	#include <string.h>
p023	c-include	src/drivers/gpu/i915/display/capture.h	20	libc/include/stdint.h	keep-root libc/include->include	#include <stdint.h>
p023	c-include	src/drivers/gpu/i915/display/clock.c	89	libc/include/errno.h	keep-root libc/include->include	#include <errno.h>
p023	c-include	src/drivers/gpu/i915/display/clock.c	90	libc/include/string.h	keep-root libc/include->include	#include <string.h>
p023	c-include	src/drivers/gpu/i915/display/diagnostics.c	52	libc/include/errno.h	keep-root libc/include->include	#include <errno.h>
p023	c-include	src/drivers/gpu/i915/display/diagnostics.c	53	libc/include/stddef.h	keep-root libc/include->include	#include <stddef.h>
p023	c-include	src/drivers/gpu/i915/display/diagnostics.c	54	libc/include/stdint.h	keep-root libc/include->include	#include <stdint.h>
p023	c-include	src/drivers/gpu/i915/display/diagnostics.c	55	libc/include/string.h	keep-root libc/include->include	#include <string.h>
p023	c-include	src/drivers/gpu/i915/display/display.c	69	libc/include/errno.h	keep-root libc/include->include	#include <errno.h>
p023	c-include	src/drivers/gpu/i915/display/display.c	70	libc/include/stddef.h	keep-root libc/include->include	#include <stddef.h>
p023	c-include	src/drivers/gpu/i915/display/display.c	71	libc/include/string.h	keep-root libc/include->include	#include <string.h>
p023	c-include	src/drivers/gpu/i915/display/display.h	38	libc/include/stdint.h	keep-root libc/include->include	#include <stdint.h>
p023	c-include	src/drivers/gpu/i915/display/dmc.c	67	libc/include/errno.h	keep-root libc/include->include	#include <errno.h>
p023	c-include	src/drivers/gpu/i915/display/dmc.c	68	libc/include/string.h	keep-root libc/include->include	#include <string.h>
p023	c-include	src/drivers/gpu/i915/display/dp-sink.c	74	libc/include/errno.h	keep-root libc/include->include	#include <errno.h>
p023	c-include	src/drivers/gpu/i915/display/dp.c	120	libc/include/errno.h	keep-root libc/include->include	#include <errno.h>
p023	c-include	src/drivers/gpu/i915/display/edid.c	93	libc/include/errno.h	keep-root libc/include->include	#include <errno.h>
p023	c-include	src/drivers/gpu/i915/display/gmbus.c	59	libc/include/stddef.h	keep-root libc/include->include	#include <stddef.h>
p023	c-include	src/drivers/gpu/i915/display/gmbus.c	60	libc/include/string.h	keep-root libc/include->include	#include <string.h>
p023	c-include	src/drivers/gpu/i915/display/hdmi.c	64	libc/include/stddef.h	keep-root libc/include->include	#include <stddef.h>
p023	c-include	src/drivers/gpu/i915/display/hdmi.c	65	libc/include/string.h	keep-root libc/include->include	#include <string.h>
p023	c-include	src/drivers/gpu/i915/display/hotplug-internal.h	84	libc/include/errno.h	keep-root libc/include->include	#include <errno.h>
p023	c-include	src/drivers/gpu/i915/display/hotplug.c	111	libc/include/errno.h	keep-root libc/include->include	#include <errno.h>
p023	c-include	src/drivers/gpu/i915/display/hotplug.c	112	libc/include/stddef.h	keep-root libc/include->include	#include <stddef.h>
p023	c-include	src/drivers/gpu/i915/display/hotplug.c	113	libc/include/string.h	keep-root libc/include->include	#include <string.h>
p023	c-include	src/drivers/gpu/i915/display/internal.h	72	libc/include/limits.h	keep-root libc/include->include	#include <limits.h>
p023	c-include	src/drivers/gpu/i915/display/internal.h	73	libc/include/stdbool.h	keep-root libc/include->include	#include <stdbool.h>
p023	c-include	src/drivers/gpu/i915/display/internal.h	74	libc/include/stddef.h	keep-root libc/include->include	#include <stddef.h>
p023	c-include	src/drivers/gpu/i915/display/internal.h	75	libc/include/stdint.h	keep-root libc/include->include	#include <stdint.h>
p023	c-include	src/drivers/gpu/i915/display/internal.h	76	libc/include/string.h	keep-root libc/include->include	#include <string.h>
p023	c-include	src/drivers/gpu/i915/display/interrupts.c	45	libc/include/errno.h	keep-root libc/include->include	#include <errno.h>
p023	c-include	src/drivers/gpu/i915/display/interrupts.c	46	libc/include/stddef.h	keep-root libc/include->include	#include <stddef.h>
p023	c-include	src/drivers/gpu/i915/display/interrupts.c	47	libc/include/string.h	keep-root libc/include->include	#include <string.h>
p023	c-include	src/drivers/gpu/i915/display/modeset.c	72	libc/include/errno.h	keep-root libc/include->include	#include <errno.h>
p023	c-include	src/drivers/gpu/i915/display/modeset.c	73	libc/include/stddef.h	keep-root libc/include->include	#include <stddef.h>
p023	c-include	src/drivers/gpu/i915/display/modeset.c	74	libc/include/string.h	keep-root libc/include->include	#include <string.h>
p023	c-include	src/drivers/gpu/i915/display/opregion-internal.h	47	libc/include/errno.h	keep-root libc/include->include	#include <errno.h>
p023	c-include	src/drivers/gpu/i915/display/plane.c	67	libc/include/errno.h	keep-root libc/include->include	#include <errno.h>
p023	c-include	src/drivers/gpu/i915/display/power.c	56	libc/include/errno.h	keep-root libc/include->include	#include <errno.h>
p023	c-include	src/drivers/gpu/i915/display/power.c	57	libc/include/string.h	keep-root libc/include->include	#include <string.h>
p023	c-include	src/drivers/gpu/i915/display/present.c	60	libc/include/errno.h	keep-root libc/include->include	#include <errno.h>
p023	c-include	src/drivers/gpu/i915/display/present.c	61	libc/include/stddef.h	keep-root libc/include->include	#include <stddef.h>
p023	c-include	src/drivers/gpu/i915/display/present.c	62	libc/include/string.h	keep-root libc/include->include	#include <string.h>
p023	c-include	src/drivers/gpu/i915/display/present.h	25	libc/include/stdint.h	keep-root libc/include->include	#include <stdint.h>
p023	c-include	src/drivers/gpu/i915/display/scanout.c	51	libc/include/errno.h	keep-root libc/include->include	#include <errno.h>
p023	c-include	src/drivers/gpu/i915/display/scanout.c	52	libc/include/stddef.h	keep-root libc/include->include	#include <stddef.h>
p023	c-include	src/drivers/gpu/i915/display/scanout.c	53	libc/include/string.h	keep-root libc/include->include	#include <string.h>
p023	c-include	src/drivers/gpu/i915/display/state.c	52	libc/include/errno.h	keep-root libc/include->include	#include <errno.h>
p023	c-include	src/drivers/gpu/i915/display/state.c	53	libc/include/stddef.h	keep-root libc/include->include	#include <stddef.h>
p023	c-include	src/drivers/gpu/i915/display/state.c	54	libc/include/string.h	keep-root libc/include->include	#include <string.h>
p023	c-include	src/drivers/gpu/i915/display/takeover.c	84	libc/include/errno.h	keep-root libc/include->include	#include <errno.h>
p023	c-include	src/drivers/gpu/i915/display/takeover.c	85	libc/include/stddef.h	keep-root libc/include->include	#include <stddef.h>
p023	c-include	src/drivers/gpu/i915/display/takeover.c	86	libc/include/stdint.h	keep-root libc/include->include	#include <stdint.h>
p023	c-include	src/drivers/gpu/i915/display/takeover.c	87	libc/include/string.h	keep-root libc/include->include	#include <string.h>
p023	c-include	src/drivers/gpu/i915/display/vblank.c	41	libc/include/errno.h	keep-root libc/include->include	#include <errno.h>
p023	c-include	src/drivers/gpu/i915/display/vbt.c	65	libc/include/errno.h	keep-root libc/include->include	#include <errno.h>
p023	c-include	src/drivers/gpu/i915/display/watermark.c	81	libc/include/errno.h	keep-root libc/include->include	#include <errno.h>
p023	c-include	src/drivers/gpu/i915/display/watermark.c	82	libc/include/limits.h	keep-root libc/include->include	#include <limits.h>
p023	c-include	src/drivers/gpu/i915/display/watermark.c	83	libc/include/stddef.h	keep-root libc/include->include	#include <stddef.h>
p023	c-include	src/drivers/gpu/i915/display/watermark.c	84	libc/include/string.h	keep-root libc/include->include	#include <string.h>
p023	c-include	src/drivers/gpu/i915/dma.c	25	libc/include/errno.h	keep-root libc/include->include	#include <errno.h>
p023	c-include	src/drivers/gpu/i915/dma.c	26	libc/include/stddef.h	keep-root libc/include->include	#include <stddef.h>
p023	c-include	src/drivers/gpu/i915/dma.h	38	libc/include/stdint.h	keep-root libc/include->include	#include <stdint.h>
p023	c-include	src/drivers/gpu/i915/engine.c	27	libc/include/errno.h	keep-root libc/include->include	#include <errno.h>
p023	c-include	src/drivers/gpu/i915/engine.c	28	libc/include/stddef.h	keep-root libc/include->include	#include <stddef.h>
p023	c-include	src/drivers/gpu/i915/engine.c	29	libc/include/string.h	keep-root libc/include->include	#include <string.h>
p023	c-include	src/drivers/gpu/i915/engine.h	38	libc/include/stdint.h	keep-root libc/include->include	#include <stdint.h>
p023	c-include	src/drivers/gpu/i915/firmware.c	22	libc/include/errno.h	keep-root libc/include->include	#include <errno.h>
p023	c-include	src/drivers/gpu/i915/firmware.c	23	libc/include/fcntl.h	keep-root libc/include->include	#include <fcntl.h>
p023	c-include	src/drivers/gpu/i915/firmware.c	24	libc/include/stddef.h	keep-root libc/include->include	#include <stddef.h>
p023	c-include	src/drivers/gpu/i915/firmware.c	25	libc/include/string.h	keep-root libc/include->include	#include <string.h>
p023	c-include	src/drivers/gpu/i915/firmware.h	20	libc/include/stdint.h	keep-root libc/include->include	#include <stdint.h>
p023	c-include	src/drivers/gpu/i915/ggtt.c	25	libc/include/errno.h	keep-root libc/include->include	#include <errno.h>
p023	c-include	src/drivers/gpu/i915/ggtt.c	26	libc/include/stddef.h	keep-root libc/include->include	#include <stddef.h>
p023	c-include	src/drivers/gpu/i915/ggtt.h	41	libc/include/stdint.h	keep-root libc/include->include	#include <stdint.h>
p023	c-include	src/drivers/gpu/i915/gt-power.c	24	libc/include/stddef.h	keep-root libc/include->include	#include <stddef.h>
p023	c-include	src/drivers/gpu/i915/gt-power.c	25	libc/include/stdint.h	keep-root libc/include->include	#include <stdint.h>
p023	c-include	src/drivers/gpu/i915/gt-power.h	24	libc/include/stdint.h	keep-root libc/include->include	#include <stdint.h>
p023	c-include	src/drivers/gpu/i915/gt.h	22	libc/include/stdint.h	keep-root libc/include->include	#include <stdint.h>
p023	c-include	src/drivers/gpu/i915/i915.c	35	libc/include/errno.h	keep-root libc/include->include	#include <errno.h>
p023	c-include	src/drivers/gpu/i915/i915.c	36	libc/include/stddef.h	keep-root libc/include->include	#include <stddef.h>
p023	c-include	src/drivers/gpu/i915/i915.c	37	libc/include/string.h	keep-root libc/include->include	#include <string.h>
p023	c-include	src/drivers/gpu/i915/i915.h	23	libc/include/stdint.h	keep-root libc/include->include	#include <stdint.h>
p023	c-include	src/drivers/gpu/i915/intel/gt-power.h	58	libc/include/stdint.h	keep-root libc/include->include	#include <stdint.h>
p023	c-include	src/drivers/gpu/i915/intel/lrc-offsets.h	36	libc/include/stdint.h	keep-root libc/include->include	#include <stdint.h>
p023	c-include	src/drivers/gpu/i915/intel/mocs.h	54	libc/include/stdint.h	keep-root libc/include->include	#include <stdint.h>
p023	c-include	src/drivers/gpu/i915/intel/workarounds.h	36	libc/include/stdint.h	keep-root libc/include->include	#include <stdint.h>
p023	c-include	src/drivers/gpu/i915/irq.c	28	libc/include/errno.h	keep-root libc/include->include	#include <errno.h>
p023	c-include	src/drivers/gpu/i915/irq.c	29	libc/include/stddef.h	keep-root libc/include->include	#include <stddef.h>
p023	c-include	src/drivers/gpu/i915/irq.h	39	libc/include/stdint.h	keep-root libc/include->include	#include <stdint.h>
p023	c-include	src/drivers/gpu/i915/job.c	28	libc/include/errno.h	keep-root libc/include->include	#include <errno.h>
p023	c-include	src/drivers/gpu/i915/job.c	29	libc/include/stddef.h	keep-root libc/include->include	#include <stddef.h>
p023	c-include	src/drivers/gpu/i915/job.c	30	libc/include/stdint.h	keep-root libc/include->include	#include <stdint.h>
p023	c-include	src/drivers/gpu/i915/memory.c	28	libc/include/errno.h	keep-root libc/include->include	#include <errno.h>
p023	c-include	src/drivers/gpu/i915/memory.c	29	libc/include/stddef.h	keep-root libc/include->include	#include <stddef.h>
p023	c-include	src/drivers/gpu/i915/memory.c	30	libc/include/string.h	keep-root libc/include->include	#include <string.h>
p023	c-include	src/drivers/gpu/i915/memory.h	35	libc/include/stddef.h	keep-root libc/include->include	#include <stddef.h>
p023	c-include	src/drivers/gpu/i915/memory.h	36	libc/include/stdint.h	keep-root libc/include->include	#include <stdint.h>
p023	c-include	src/drivers/gpu/i915/migrate.c	20	libc/include/errno.h	keep-root libc/include->include	#include <errno.h>
p023	c-include	src/drivers/gpu/i915/migrate.c	21	libc/include/stddef.h	keep-root libc/include->include	#include <stddef.h>
p023	c-include	src/drivers/gpu/i915/migrate.c	22	libc/include/string.h	keep-root libc/include->include	#include <string.h>
p023	c-include	src/drivers/gpu/i915/migrate.h	38	libc/include/stdint.h	keep-root libc/include->include	#include <stdint.h>
p023	c-include	src/drivers/gpu/i915/mmio.c	22	libc/include/errno.h	keep-root libc/include->include	#include <errno.h>
p023	c-include	src/drivers/gpu/i915/mmio.c	23	libc/include/stddef.h	keep-root libc/include->include	#include <stddef.h>
p023	c-include	src/drivers/gpu/i915/mmio.h	30	libc/include/stdint.h	keep-root libc/include->include	#include <stdint.h>
p023	c-include	src/drivers/gpu/i915/pci.c	24	libc/include/errno.h	keep-root libc/include->include	#include <errno.h>
p023	c-include	src/drivers/gpu/i915/pci.c	25	libc/include/stddef.h	keep-root libc/include->include	#include <stddef.h>
p023	c-include	src/drivers/gpu/i915/pci.h	35	libc/include/stdint.h	keep-root libc/include->include	#include <stdint.h>
p023	c-include	src/drivers/gpu/i915/perf.c	19	libc/include/stdbool.h	keep-root libc/include->include	#include <stdbool.h>
p023	c-include	src/drivers/gpu/i915/perf.c	20	libc/include/stdint.h	keep-root libc/include->include	#include <stdint.h>
p023	c-include	src/drivers/gpu/i915/perf.c	21	libc/include/string.h	keep-root libc/include->include	#include <string.h>
p023	c-include	src/drivers/gpu/i915/perf.h	23	libc/include/stdint.h	keep-root libc/include->include	#include <stdint.h>
p023	c-include	src/drivers/gpu/i915/power.c	28	libc/include/errno.h	keep-root libc/include->include	#include <errno.h>
p023	c-include	src/drivers/gpu/i915/power.c	29	libc/include/stdbool.h	keep-root libc/include->include	#include <stdbool.h>
p023	c-include	src/drivers/gpu/i915/power.c	30	libc/include/stddef.h	keep-root libc/include->include	#include <stddef.h>
p023	c-include	src/drivers/gpu/i915/power.h	19	libc/include/stdint.h	keep-root libc/include->include	#include <stdint.h>
p023	c-include	src/drivers/gpu/i915/ppgtt.c	26	libc/include/errno.h	keep-root libc/include->include	#include <errno.h>
p023	c-include	src/drivers/gpu/i915/ppgtt.c	27	libc/include/stddef.h	keep-root libc/include->include	#include <stddef.h>
p023	c-include	src/drivers/gpu/i915/ppgtt.c	28	libc/include/string.h	keep-root libc/include->include	#include <string.h>
p023	c-include	src/drivers/gpu/i915/ppgtt.h	47	libc/include/stdint.h	keep-root libc/include->include	#include <stdint.h>
p023	c-include	src/drivers/gpu/i915/pxp.c	18	libc/include/errno.h	keep-root libc/include->include	#include <errno.h>
p023	c-include	src/drivers/gpu/i915/pxp.c	19	libc/include/stddef.h	keep-root libc/include->include	#include <stddef.h>
p023	c-include	src/drivers/gpu/i915/pxp.c	20	libc/include/string.h	keep-root libc/include->include	#include <string.h>
p023	c-include	src/drivers/gpu/i915/pxp.h	35	libc/include/stdint.h	keep-root libc/include->include	#include <stdint.h>
p023	c-include	src/drivers/gpu/i915/render/batch.c	14	libc/include/stdint.h	keep-root libc/include->include	#include <stdint.h>
p023	c-include	src/drivers/gpu/i915/render/batch.h	21	libc/include/stdint.h	keep-root libc/include->include	#include <stdint.h>
p023	c-include	src/drivers/gpu/i915/render/blit.c	40	libc/include/errno.h	keep-root libc/include->include	#include <errno.h>
p023	c-include	src/drivers/gpu/i915/render/blit.c	41	libc/include/stddef.h	keep-root libc/include->include	#include <stddef.h>
p023	c-include	src/drivers/gpu/i915/render/blit.c	42	libc/include/stdint.h	keep-root libc/include->include	#include <stdint.h>
p023	c-include	src/drivers/gpu/i915/render/blit.c	43	libc/include/string.h	keep-root libc/include->include	#include <string.h>
p023	c-include	src/drivers/gpu/i915/render/blit.h	30	libc/include/stdint.h	keep-root libc/include->include	#include <stdint.h>
p023	c-include	src/drivers/gpu/i915/render/codec.c	19	libc/include/stddef.h	keep-root libc/include->include	#include <stddef.h>
p023	c-include	src/drivers/gpu/i915/render/codec.c	20	libc/include/stdint.h	keep-root libc/include->include	#include <stdint.h>
p023	c-include	src/drivers/gpu/i915/render/codec.c	21	libc/include/string.h	keep-root libc/include->include	#include <string.h>
p023	c-include	src/drivers/gpu/i915/render/codec.h	28	libc/include/vulkan/vulkan_core.h	keep-root libc/include->include	#include <vulkan/vulkan_core.h>
p023	c-include	src/drivers/gpu/i915/render/codec.h	30	libc/include/stddef.h	keep-root libc/include->include	#include <stddef.h>
p023	c-include	src/drivers/gpu/i915/render/codec.h	31	libc/include/stdint.h	keep-root libc/include->include	#include <stdint.h>
p023	c-include	src/drivers/gpu/i915/render/codec.h	32	libc/include/string.h	keep-root libc/include->include	#include <string.h>
p023	c-include	src/drivers/gpu/i915/render/command.c	28	libc/include/vulkan/vulkan_core.h	keep-root libc/include->include	#include <vulkan/vulkan_core.h>
p023	c-include	src/drivers/gpu/i915/render/command.c	30	libc/include/errno.h	keep-root libc/include->include	#include <errno.h>
p023	c-include	src/drivers/gpu/i915/render/command.c	31	libc/include/stddef.h	keep-root libc/include->include	#include <stddef.h>
p023	c-include	src/drivers/gpu/i915/render/command.c	32	libc/include/stdint.h	keep-root libc/include->include	#include <stdint.h>
p023	c-include	src/drivers/gpu/i915/render/command.c	33	libc/include/string.h	keep-root libc/include->include	#include <string.h>
p023	c-include	src/drivers/gpu/i915/render/command.h	27	libc/include/stdint.h	keep-root libc/include->include	#include <stdint.h>
p023	c-include	src/drivers/gpu/i915/render/descriptor.c	27	libc/include/vulkan/vulkan_core.h	keep-root libc/include->include	#include <vulkan/vulkan_core.h>
p023	c-include	src/drivers/gpu/i915/render/descriptor.c	29	libc/include/errno.h	keep-root libc/include->include	#include <errno.h>
p023	c-include	src/drivers/gpu/i915/render/descriptor.c	30	libc/include/stddef.h	keep-root libc/include->include	#include <stddef.h>
p023	c-include	src/drivers/gpu/i915/render/descriptor.c	31	libc/include/stdint.h	keep-root libc/include->include	#include <stdint.h>
p023	c-include	src/drivers/gpu/i915/render/descriptor.c	32	libc/include/string.h	keep-root libc/include->include	#include <string.h>
p023	c-include	src/drivers/gpu/i915/render/dispatch.c	31	libc/include/errno.h	keep-root libc/include->include	#include <errno.h>
p023	c-include	src/drivers/gpu/i915/render/dispatch.c	32	libc/include/stdint.h	keep-root libc/include->include	#include <stdint.h>
p023	c-include	src/drivers/gpu/i915/render/draw.c	36	libc/include/errno.h	keep-root libc/include->include	#include <errno.h>
p023	c-include	src/drivers/gpu/i915/render/draw.c	37	libc/include/stddef.h	keep-root libc/include->include	#include <stddef.h>
p023	c-include	src/drivers/gpu/i915/render/draw.c	38	libc/include/stdint.h	keep-root libc/include->include	#include <stdint.h>
p023	c-include	src/drivers/gpu/i915/render/draw.c	39	libc/include/string.h	keep-root libc/include->include	#include <string.h>
p023	c-include	src/drivers/gpu/i915/render/draw.h	24	libc/include/stdint.h	keep-root libc/include->include	#include <stdint.h>
p023	c-include	src/drivers/gpu/i915/render/fence.c	28	libc/include/errno.h	keep-root libc/include->include	#include <errno.h>
p023	c-include	src/drivers/gpu/i915/render/fence.c	29	libc/include/stddef.h	keep-root libc/include->include	#include <stddef.h>
p023	c-include	src/drivers/gpu/i915/render/fence.h	15	libc/include/stdint.h	keep-root libc/include->include	#include <stdint.h>
p023	c-include	src/drivers/gpu/i915/render/gfx.h	37	libc/include/vulkan/vulkan_core.h	keep-root libc/include->include	#include <vulkan/vulkan_core.h>
p023	c-include	src/drivers/gpu/i915/render/gfx.h	39	libc/include/stdint.h	keep-root libc/include->include	#include <stdint.h>
p023	c-include	src/drivers/gpu/i915/render/image.c	26	libc/include/vulkan/vulkan_core.h	keep-root libc/include->include	#include <vulkan/vulkan_core.h>
p023	c-include	src/drivers/gpu/i915/render/image.c	28	libc/include/errno.h	keep-root libc/include->include	#include <errno.h>
p023	c-include	src/drivers/gpu/i915/render/image.c	29	libc/include/stddef.h	keep-root libc/include->include	#include <stddef.h>
p023	c-include	src/drivers/gpu/i915/render/image.c	30	libc/include/stdint.h	keep-root libc/include->include	#include <stdint.h>
p023	c-include	src/drivers/gpu/i915/render/image.c	31	libc/include/string.h	keep-root libc/include->include	#include <string.h>
p023	c-include	src/drivers/gpu/i915/render/instance.c	27	libc/include/errno.h	keep-root libc/include->include	#include <errno.h>
p023	c-include	src/drivers/gpu/i915/render/instance.c	28	libc/include/stdint.h	keep-root libc/include->include	#include <stdint.h>
p023	c-include	src/drivers/gpu/i915/render/instance.c	29	libc/include/string.h	keep-root libc/include->include	#include <string.h>
p023	c-include	src/drivers/gpu/i915/render/instance.h	22	libc/include/stdint.h	keep-root libc/include->include	#include <stdint.h>
p023	c-include	src/drivers/gpu/i915/render/internal.h	21	libc/include/stddef.h	keep-root libc/include->include	#include <stddef.h>
p023	c-include	src/drivers/gpu/i915/render/internal.h	22	libc/include/stdint.h	keep-root libc/include->include	#include <stdint.h>
p023	c-include	src/drivers/gpu/i915/render/math.c	18	libc/include/stdint.h	keep-root libc/include->include	#include <stdint.h>
p023	c-include	src/drivers/gpu/i915/render/math.h	22	libc/include/stdint.h	keep-root libc/include->include	#include <stdint.h>
p023	c-include	src/drivers/gpu/i915/render/memory.c	29	libc/include/vulkan/vulkan_core.h	keep-root libc/include->include	#include <vulkan/vulkan_core.h>
p023	c-include	src/drivers/gpu/i915/render/memory.c	31	libc/include/errno.h	keep-root libc/include->include	#include <errno.h>
p023	c-include	src/drivers/gpu/i915/render/memory.c	32	libc/include/stddef.h	keep-root libc/include->include	#include <stddef.h>
p023	c-include	src/drivers/gpu/i915/render/memory.c	33	libc/include/stdint.h	keep-root libc/include->include	#include <stdint.h>
p023	c-include	src/drivers/gpu/i915/render/memory.c	34	libc/include/string.h	keep-root libc/include->include	#include <string.h>
p023	c-include	src/drivers/gpu/i915/render/memory.h	21	libc/include/stdint.h	keep-root libc/include->include	#include <stdint.h>
p023	c-include	src/drivers/gpu/i915/render/object.c	20	libc/include/errno.h	keep-root libc/include->include	#include <errno.h>
p023	c-include	src/drivers/gpu/i915/render/object.c	21	libc/include/stddef.h	keep-root libc/include->include	#include <stddef.h>
p023	c-include	src/drivers/gpu/i915/render/object.c	22	libc/include/string.h	keep-root libc/include->include	#include <string.h>
p023	c-include	src/drivers/gpu/i915/render/objects.c	32	libc/include/errno.h	keep-root libc/include->include	#include <errno.h>
p023	c-include	src/drivers/gpu/i915/render/objects.c	33	libc/include/stddef.h	keep-root libc/include->include	#include <stddef.h>
p023	c-include	src/drivers/gpu/i915/render/objects.c	34	libc/include/stdint.h	keep-root libc/include->include	#include <stdint.h>
p023	c-include	src/drivers/gpu/i915/render/pipeline-prepare.c	30	libc/include/errno.h	keep-root libc/include->include	#include <errno.h>
p023	c-include	src/drivers/gpu/i915/render/pipeline-prepare.c	31	libc/include/stddef.h	keep-root libc/include->include	#include <stddef.h>
p023	c-include	src/drivers/gpu/i915/render/pipeline-prepare.c	32	libc/include/stdint.h	keep-root libc/include->include	#include <stdint.h>
p023	c-include	src/drivers/gpu/i915/render/pipeline-prepare.c	33	libc/include/string.h	keep-root libc/include->include	#include <string.h>
p023	c-include	src/drivers/gpu/i915/render/pipeline.c	27	libc/include/vulkan/vulkan_core.h	keep-root libc/include->include	#include <vulkan/vulkan_core.h>
p023	c-include	src/drivers/gpu/i915/render/pipeline.c	29	libc/include/errno.h	keep-root libc/include->include	#include <errno.h>
p023	c-include	src/drivers/gpu/i915/render/pipeline.c	30	libc/include/stddef.h	keep-root libc/include->include	#include <stddef.h>
p023	c-include	src/drivers/gpu/i915/render/pipeline.c	31	libc/include/stdint.h	keep-root libc/include->include	#include <stdint.h>
p023	c-include	src/drivers/gpu/i915/render/pipeline.c	32	libc/include/string.h	keep-root libc/include->include	#include <string.h>
p023	c-include	src/drivers/gpu/i915/render/render-pass.c	25	libc/include/vulkan/vulkan_core.h	keep-root libc/include->include	#include <vulkan/vulkan_core.h>
p023	c-include	src/drivers/gpu/i915/render/render-pass.c	27	libc/include/errno.h	keep-root libc/include->include	#include <errno.h>
p023	c-include	src/drivers/gpu/i915/render/render-pass.c	28	libc/include/stddef.h	keep-root libc/include->include	#include <stddef.h>
p023	c-include	src/drivers/gpu/i915/render/render-pass.c	29	libc/include/stdint.h	keep-root libc/include->include	#include <stdint.h>
p023	c-include	src/drivers/gpu/i915/render/render-pass.c	30	libc/include/string.h	keep-root libc/include->include	#include <string.h>
p023	c-include	src/drivers/gpu/i915/render/render.h	20	libc/include/stddef.h	keep-root libc/include->include	#include <stddef.h>
p023	c-include	src/drivers/gpu/i915/render/render.h	21	libc/include/stdint.h	keep-root libc/include->include	#include <stdint.h>
p023	c-include	src/drivers/gpu/i915/render/reply.c	20	libc/include/vulkan/vulkan_core.h	keep-root libc/include->include	#include <vulkan/vulkan_core.h>
p023	c-include	src/drivers/gpu/i915/render/reply.c	22	libc/include/errno.h	keep-root libc/include->include	#include <errno.h>
p023	c-include	src/drivers/gpu/i915/render/reply.c	23	libc/include/stddef.h	keep-root libc/include->include	#include <stddef.h>
p023	c-include	src/drivers/gpu/i915/render/reply.c	24	libc/include/stdint.h	keep-root libc/include->include	#include <stdint.h>
p023	c-include	src/drivers/gpu/i915/render/reply.h	25	libc/include/stdint.h	keep-root libc/include->include	#include <stdint.h>
p023	c-include	src/drivers/gpu/i915/render/state.c	26	libc/include/errno.h	keep-root libc/include->include	#include <errno.h>
p023	c-include	src/drivers/gpu/i915/render/state.c	27	libc/include/stdint.h	keep-root libc/include->include	#include <stdint.h>
p023	c-include	src/drivers/gpu/i915/render/state.c	28	libc/include/string.h	keep-root libc/include->include	#include <string.h>
p023	c-include	src/drivers/gpu/i915/render/state.h	22	libc/include/stdint.h	keep-root libc/include->include	#include <stdint.h>
p023	c-include	src/drivers/gpu/i915/render/sync.c	23	libc/include/errno.h	keep-root libc/include->include	#include <errno.h>
p023	c-include	src/drivers/gpu/i915/render/sync.c	24	libc/include/stddef.h	keep-root libc/include->include	#include <stddef.h>
p023	c-include	src/drivers/gpu/i915/render/sync.c	25	libc/include/stdint.h	keep-root libc/include->include	#include <stdint.h>
p023	c-include	src/drivers/gpu/i915/render/transport.c	28	libc/include/errno.h	keep-root libc/include->include	#include <errno.h>
p023	c-include	src/drivers/gpu/i915/render/transport.c	29	libc/include/stddef.h	keep-root libc/include->include	#include <stddef.h>
p023	c-include	src/drivers/gpu/i915/render/transport.c	30	libc/include/stdint.h	keep-root libc/include->include	#include <stdint.h>
p023	c-include	src/drivers/gpu/i915/render/transport.c	31	libc/include/string.h	keep-root libc/include->include	#include <string.h>
p023	c-include	src/drivers/gpu/i915/render/transport.h	25	libc/include/stddef.h	keep-root libc/include->include	#include <stddef.h>
p023	c-include	src/drivers/gpu/i915/render/transport.h	26	libc/include/stdint.h	keep-root libc/include->include	#include <stdint.h>
p023	c-include	src/drivers/gpu/i915/render/vulkan.c	29	libc/include/errno.h	keep-root libc/include->include	#include <errno.h>
p023	c-include	src/drivers/gpu/i915/render/vulkan.c	30	libc/include/stddef.h	keep-root libc/include->include	#include <stddef.h>
p023	c-include	src/drivers/gpu/i915/render/vulkan.c	31	libc/include/stdint.h	keep-root libc/include->include	#include <stdint.h>
p023	c-include	src/drivers/gpu/i915/render/vulkan.c	32	libc/include/string.h	keep-root libc/include->include	#include <string.h>
p023	c-include	src/drivers/gpu/i915/request-queue.c	24	libc/include/errno.h	keep-root libc/include->include	#include <errno.h>
p023	c-include	src/drivers/gpu/i915/request-queue.c	25	libc/include/stddef.h	keep-root libc/include->include	#include <stddef.h>
p023	c-include	src/drivers/gpu/i915/request-queue.c	26	libc/include/string.h	keep-root libc/include->include	#include <string.h>
p023	c-include	src/drivers/gpu/i915/request-queue.h	22	libc/include/stdint.h	keep-root libc/include->include	#include <stdint.h>
p023	c-include	src/drivers/gpu/i915/request.c	25	libc/include/errno.h	keep-root libc/include->include	#include <errno.h>
p023	c-include	src/drivers/gpu/i915/request.c	26	libc/include/stddef.h	keep-root libc/include->include	#include <stddef.h>
p023	c-include	src/drivers/gpu/i915/request.c	27	libc/include/string.h	keep-root libc/include->include	#include <string.h>
p023	c-include	src/drivers/gpu/i915/request.h	51	libc/include/stdint.h	keep-root libc/include->include	#include <stdint.h>
p023	c-include	src/drivers/gpu/i915/reset.c	34	libc/include/errno.h	keep-root libc/include->include	#include <errno.h>
p023	c-include	src/drivers/gpu/i915/reset.c	35	libc/include/stddef.h	keep-root libc/include->include	#include <stddef.h>
p023	c-include	src/drivers/gpu/i915/reset.c	36	libc/include/stdint.h	keep-root libc/include->include	#include <stdint.h>
p023	c-include	src/drivers/gpu/i915/resource.c	35	libc/include/errno.h	keep-root libc/include->include	#include <errno.h>
p023	c-include	src/drivers/gpu/i915/resource.c	36	libc/include/stddef.h	keep-root libc/include->include	#include <stddef.h>
p023	c-include	src/drivers/gpu/i915/resource.c	37	libc/include/stdint.h	keep-root libc/include->include	#include <stdint.h>
p023	c-include	src/drivers/gpu/i915/resource.c	38	libc/include/string.h	keep-root libc/include->include	#include <string.h>
p023	c-include	src/drivers/gpu/i915/runtime-pm.c	23	libc/include/stddef.h	keep-root libc/include->include	#include <stddef.h>
p023	c-include	src/drivers/gpu/i915/session.c	32	libc/include/errno.h	keep-root libc/include->include	#include <errno.h>
p023	c-include	src/drivers/gpu/i915/session.c	33	libc/include/stddef.h	keep-root libc/include->include	#include <stddef.h>
p023	c-include	src/drivers/gpu/i915/session.c	34	libc/include/stdint.h	keep-root libc/include->include	#include <stdint.h>
p023	c-include	src/drivers/gpu/i915/session.c	35	libc/include/string.h	keep-root libc/include->include	#include <string.h>
p023	c-include	src/drivers/gpu/i915/session.h	22	libc/include/stdint.h	keep-root libc/include->include	#include <stdint.h>
p023	c-include	src/drivers/gpu/i915/submit.c	22	libc/include/errno.h	keep-root libc/include->include	#include <errno.h>
p023	c-include	src/drivers/gpu/i915/submit.c	23	libc/include/stddef.h	keep-root libc/include->include	#include <stddef.h>
p023	c-include	src/drivers/gpu/i915/submit.c	24	libc/include/string.h	keep-root libc/include->include	#include <string.h>
p023	c-include	src/drivers/gpu/i915/submit.h	44	libc/include/stdint.h	keep-root libc/include->include	#include <stdint.h>
p023	c-include	src/drivers/gpu/i915/sync.c	32	libc/include/errno.h	keep-root libc/include->include	#include <errno.h>
p023	c-include	src/drivers/gpu/i915/sync.c	33	libc/include/stdbool.h	keep-root libc/include->include	#include <stdbool.h>
p023	c-include	src/drivers/gpu/i915/sync.c	34	libc/include/stddef.h	keep-root libc/include->include	#include <stddef.h>
p023	c-include	src/drivers/gpu/i915/sync.h	33	libc/include/stdint.h	keep-root libc/include->include	#include <stdint.h>
p023	c-include	src/drivers/gpu/i915/tests/contracts/contract.c	14	libc/include/stdio.h	keep-root libc/include->include	#include <stdio.h>
p023	c-include	src/drivers/gpu/i915/tests/contracts/dma_contract_test.c	24	libc/include/errno.h	keep-root libc/include->include	#include <errno.h>
p023	c-include	src/drivers/gpu/i915/tests/contracts/dma_contract_test.c	25	libc/include/stddef.h	keep-root libc/include->include	#include <stddef.h>
p023	c-include	src/drivers/gpu/i915/tests/contracts/dma_contract_test.c	26	libc/include/stdint.h	keep-root libc/include->include	#include <stdint.h>
p023	c-include	src/drivers/gpu/i915/tests/contracts/host_kernel.c	21	libc/include/errno.h	keep-root libc/include->include	#include <errno.h>
p023	c-include	src/drivers/gpu/i915/tests/contracts/host_kernel.c	22	libc/include/stdarg.h	keep-root libc/include->include	#include <stdarg.h>
p023	c-include	src/drivers/gpu/i915/tests/contracts/host_kernel.c	23	libc/include/stddef.h	keep-root libc/include->include	#include <stddef.h>
p023	c-include	src/drivers/gpu/i915/tests/contracts/host_kernel.c	24	libc/include/stdio.h	keep-root libc/include->include	#include <stdio.h>
p023	c-include	src/drivers/gpu/i915/tests/contracts/host_kernel.c	25	libc/include/stdlib.h	keep-root libc/include->include	#include <stdlib.h>
p023	c-include	src/drivers/gpu/i915/tests/contracts/host_kernel.h	23	libc/include/stdint.h	keep-root libc/include->include	#include <stdint.h>
p023	c-include	src/drivers/gpu/i915/tests/contracts/host_thread.c	24	libc/include/stddef.h	keep-root libc/include->include	#include <stddef.h>
p023	c-include	src/drivers/gpu/i915/tests/contracts/host_thread.c	25	libc/include/string.h	keep-root libc/include->include	#include <string.h>
p023	c-include	src/drivers/gpu/i915/tests/contracts/host_unreached.c	31	libc/include/stdio.h	keep-root libc/include->include	#include <stdio.h>
p023	c-include	src/drivers/gpu/i915/tests/contracts/host_unreached.c	32	libc/include/stdlib.h	keep-root libc/include->include	#include <stdlib.h>
p023	c-include	src/drivers/gpu/i915/tests/contracts/mmio_contract_test.c	25	libc/include/errno.h	keep-root libc/include->include	#include <errno.h>
p023	c-include	src/drivers/gpu/i915/tests/contracts/mmio_contract_test.c	26	libc/include/stdint.h	keep-root libc/include->include	#include <stdint.h>
p023	c-include	src/drivers/gpu/i915/tests/contracts/mock_dma.h	30	libc/include/stdint.h	keep-root libc/include->include	#include <stdint.h>
p023	c-include	src/drivers/gpu/i915/tests/contracts/mock_mmio.h	22	libc/include/stdint.h	keep-root libc/include->include	#include <stdint.h>
p023	c-include	src/drivers/gpu/i915/tests/contracts/mock_pci.c	22	libc/include/errno.h	keep-root libc/include->include	#include <errno.h>
p023	c-include	src/drivers/gpu/i915/tests/contracts/mock_pci.h	22	libc/include/stdint.h	keep-root libc/include->include	#include <stdint.h>
p023	c-include	src/drivers/gpu/i915/tests/contracts/mock_rpm.c	14	libc/include/errno.h	keep-root libc/include->include	#include <errno.h>
p023	c-include	src/drivers/gpu/i915/tests/contracts/pci_contract_test.c	24	libc/include/errno.h	keep-root libc/include->include	#include <errno.h>
p023	c-include	src/drivers/gpu/i915/tests/contracts/pci_contract_test.c	25	libc/include/stdint.h	keep-root libc/include->include	#include <stdint.h>
p023	c-include	src/drivers/gpu/i915/tests/contracts/pte_contract_test.c	24	libc/include/stdint.h	keep-root libc/include->include	#include <stdint.h>
p023	c-include	src/drivers/gpu/i915/tests/contracts/rpm_contract_test.c	22	libc/include/errno.h	keep-root libc/include->include	#include <errno.h>
p023	c-include	src/drivers/gpu/i915/tests/contracts/sync_contract_test.c	29	libc/include/stdint.h	keep-root libc/include->include	#include <stdint.h>
p023	c-include	src/drivers/gpu/i915/tests/display/aux.c	43	libc/include/errno.h	keep-root libc/include->include	#include <errno.h>
p023	c-include	src/drivers/gpu/i915/tests/display/aux.c	44	libc/include/stdint.h	keep-root libc/include->include	#include <stdint.h>
p023	c-include	src/drivers/gpu/i915/tests/display/aux.c	45	libc/include/string.h	keep-root libc/include->include	#include <string.h>
p023	c-include	src/drivers/gpu/i915/tests/display/display-ktest.c	23	libc/include/stddef.h	keep-root libc/include->include	#include <stddef.h>
p023	c-include	src/drivers/gpu/i915/tests/display/dp-fake-hw.c	23	libc/include/string.h	keep-root libc/include->include	#include <string.h>
p023	c-include	src/drivers/gpu/i915/tests/display/dp-fake-hw.h	28	libc/include/stddef.h	keep-root libc/include->include	#include <stddef.h>
p023	c-include	src/drivers/gpu/i915/tests/display/dp-fake-hw.h	29	libc/include/stdint.h	keep-root libc/include->include	#include <stdint.h>
p023	c-include	src/drivers/gpu/i915/tests/display/dp-fixture-latitude5330.h	22	libc/include/stdint.h	keep-root libc/include->include	#include <stdint.h>
p023	c-include	src/drivers/gpu/i915/tests/display/edp-ktest.c	38	libc/include/errno.h	keep-root libc/include->include	#include <errno.h>
p023	c-include	src/drivers/gpu/i915/tests/display/edp-ktest.c	39	libc/include/stdint.h	keep-root libc/include->include	#include <stdint.h>
p023	c-include	src/drivers/gpu/i915/tests/display/edp-ktest.c	40	libc/include/string.h	keep-root libc/include->include	#include <string.h>
p023	c-include	src/drivers/gpu/i915/tests/display/edp-sync-ktest.c	38	libc/include/stdint.h	keep-root libc/include->include	#include <stdint.h>
p023	c-include	src/drivers/gpu/i915/tests/display/edp-sync-ktest.c	39	libc/include/string.h	keep-root libc/include->include	#include <string.h>
p023	c-include	src/drivers/gpu/i915/tests/display/hdmi-hotplug.c	46	libc/include/stdint.h	keep-root libc/include->include	#include <stdint.h>
p023	c-include	src/drivers/gpu/i915/tests/display/hdmi-output.c	43	libc/include/errno.h	keep-root libc/include->include	#include <errno.h>
p023	c-include	src/drivers/gpu/i915/tests/display/hdmi-output.c	44	libc/include/stddef.h	keep-root libc/include->include	#include <stddef.h>
p023	c-include	src/drivers/gpu/i915/tests/display/hdmi-output.c	45	libc/include/string.h	keep-root libc/include->include	#include <string.h>
p023	c-include	src/drivers/gpu/i915/tests/display/host-capture-test.c	27	libc/include/stdio.h	keep-root libc/include->include	#include <stdio.h>
p023	c-include	src/drivers/gpu/i915/tests/display/host-capture-test.c	28	libc/include/stdlib.h	keep-root libc/include->include	#include <stdlib.h>
p023	c-include	src/drivers/gpu/i915/tests/display/host-dp-test.c	23	libc/include/stdio.h	keep-root libc/include->include	#include <stdio.h>
p023	c-include	src/drivers/gpu/i915/tests/display/host-dp-test.c	24	libc/include/string.h	keep-root libc/include->include	#include <string.h>
p023	c-include	src/drivers/gpu/i915/tests/display/host-kernel.c	58	libc/include/errno.h	keep-root libc/include->include	#include <errno.h>
p023	c-include	src/drivers/gpu/i915/tests/display/host-kernel.c	59	libc/include/stdarg.h	keep-root libc/include->include	#include <stdarg.h>
p023	c-include	src/drivers/gpu/i915/tests/display/host-kernel.c	60	libc/include/stdio.h	keep-root libc/include->include	#include <stdio.h>
p023	c-include	src/drivers/gpu/i915/tests/display/host-kernel.c	61	libc/include/stdlib.h	keep-root libc/include->include	#include <stdlib.h>
p023	c-include	src/drivers/gpu/i915/tests/display/host-kernel.c	62	libc/include/string.h	keep-root libc/include->include	#include <string.h>
p023	c-include	src/drivers/gpu/i915/tests/display/host-lcd-modeset-test.c	47	libc/include/errno.h	keep-root libc/include->include	#include <errno.h>
p023	c-include	src/drivers/gpu/i915/tests/display/host-lcd-modeset-test.c	48	libc/include/stdio.h	keep-root libc/include->include	#include <stdio.h>
p023	c-include	src/drivers/gpu/i915/tests/display/host-lcd-modeset-test.c	49	libc/include/stdlib.h	keep-root libc/include->include	#include <stdlib.h>
p023	c-include	src/drivers/gpu/i915/tests/display/host-lcd-modeset-test.c	50	libc/include/string.h	keep-root libc/include->include	#include <string.h>
p023	c-include	src/drivers/gpu/i915/tests/display/host-lcd-test.c	27	libc/include/errno.h	keep-root libc/include->include	#include <errno.h>
p023	c-include	src/drivers/gpu/i915/tests/display/host-lcd-test.c	28	libc/include/stdio.h	keep-root libc/include->include	#include <stdio.h>
p023	c-include	src/drivers/gpu/i915/tests/display/host-lcd-test.c	29	libc/include/string.h	keep-root libc/include->include	#include <string.h>
p023	c-include	src/drivers/gpu/i915/tests/display/host-native-decide-test.c	22	libc/include/string.h	keep-root libc/include->include	#include <string.h>
p023	c-include	src/drivers/gpu/i915/tests/display/host-opregion-test.c	23	libc/include/errno.h	keep-root libc/include->include	#include <errno.h>
p023	c-include	src/drivers/gpu/i915/tests/display/host-opregion-test.c	24	libc/include/stdio.h	keep-root libc/include->include	#include <stdio.h>
p023	c-include	src/drivers/gpu/i915/tests/display/host-opregion-test.c	25	libc/include/string.h	keep-root libc/include->include	#include <string.h>
p023	c-include	src/drivers/gpu/i915/tests/display/host-test.c	15	libc/include/stdio.h	keep-root libc/include->include	#include <stdio.h>
p023	c-include	src/drivers/gpu/i915/tests/display/host-test.c	16	libc/include/stdlib.h	keep-root libc/include->include	#include <stdlib.h>
p023	c-include	src/drivers/gpu/i915/tests/display/host-test.h	20	libc/include/stddef.h	keep-root libc/include->include	#include <stddef.h>
p023	c-include	src/drivers/gpu/i915/tests/display/host-test.h	21	libc/include/stdint.h	keep-root libc/include->include	#include <stdint.h>
p023	c-include	src/drivers/gpu/i915/tests/display/hpd-ktest.c	50	libc/include/errno.h	keep-root libc/include->include	#include <errno.h>
p023	c-include	src/drivers/gpu/i915/tests/display/hpd-ktest.c	51	libc/include/stdint.h	keep-root libc/include->include	#include <stdint.h>
p023	c-include	src/drivers/gpu/i915/tests/display/hpd-ktest.c	52	libc/include/string.h	keep-root libc/include->include	#include <string.h>
p023	c-include	src/drivers/gpu/i915/tests/display/hpd-model.c	26	libc/include/errno.h	keep-root libc/include->include	#include <errno.h>
p023	c-include	src/drivers/gpu/i915/tests/display/hpd-model.c	27	libc/include/stddef.h	keep-root libc/include->include	#include <stddef.h>
p023	c-include	src/drivers/gpu/i915/tests/display/hpd-model.h	23	libc/include/stdint.h	keep-root libc/include->include	#include <stdint.h>
p023	c-include	src/drivers/gpu/i915/tests/display/lcd-fake-hw.c	24	libc/include/string.h	keep-root libc/include->include	#include <string.h>
p023	c-include	src/drivers/gpu/i915/tests/display/lcd-fake-hw.h	36	libc/include/stdint.h	keep-root libc/include->include	#include <stdint.h>
p023	c-include	src/drivers/gpu/i915/tests/display/lcd-flip.c	30	libc/include/errno.h	keep-root libc/include->include	#include <errno.h>
p023	c-include	src/drivers/gpu/i915/tests/display/lcd-flip.c	31	libc/include/stddef.h	keep-root libc/include->include	#include <stddef.h>
p023	c-include	src/drivers/gpu/i915/tests/display/lcd-flip.c	32	libc/include/string.h	keep-root libc/include->include	#include <string.h>
p023	c-include	src/drivers/gpu/i915/tests/display/lcd-gpu.c	43	libc/include/errno.h	keep-root libc/include->include	#include <errno.h>
p023	c-include	src/drivers/gpu/i915/tests/display/lcd-gpu.c	44	libc/include/stddef.h	keep-root libc/include->include	#include <stddef.h>
p023	c-include	src/drivers/gpu/i915/tests/display/lcd-gpu.c	45	libc/include/string.h	keep-root libc/include->include	#include <string.h>
p023	c-include	src/drivers/gpu/i915/tests/display/lcd-modeset-ktest.c	53	libc/include/errno.h	keep-root libc/include->include	#include <errno.h>
p023	c-include	src/drivers/gpu/i915/tests/display/lcd-modeset-ktest.c	54	libc/include/stdint.h	keep-root libc/include->include	#include <stdint.h>
p023	c-include	src/drivers/gpu/i915/tests/display/lcd-modeset-ktest.c	55	libc/include/string.h	keep-root libc/include->include	#include <string.h>
p023	c-include	src/drivers/gpu/i915/tests/display/lcd-opregion.c	36	libc/include/errno.h	keep-root libc/include->include	#include <errno.h>
p023	c-include	src/drivers/gpu/i915/tests/display/lcd-opregion.c	37	libc/include/stddef.h	keep-root libc/include->include	#include <stddef.h>
p023	c-include	src/drivers/gpu/i915/tests/display/lcd-opregion.c	38	libc/include/string.h	keep-root libc/include->include	#include <string.h>
p023	c-include	src/drivers/gpu/i915/tests/display/lcd-run.c	44	libc/include/errno.h	keep-root libc/include->include	#include <errno.h>
p023	c-include	src/drivers/gpu/i915/tests/display/lcd-run.c	45	libc/include/stddef.h	keep-root libc/include->include	#include <stddef.h>
p023	c-include	src/drivers/gpu/i915/tests/display/lcd-run.c	46	libc/include/string.h	keep-root libc/include->include	#include <string.h>
p023	c-include	src/drivers/gpu/i915/tests/display/lcd-run.h	25	libc/include/stdint.h	keep-root libc/include->include	#include <stdint.h>
p023	c-include	src/drivers/gpu/i915/tests/display/lcd-show-ktest.c	60	libc/include/errno.h	keep-root libc/include->include	#include <errno.h>
p023	c-include	src/drivers/gpu/i915/tests/display/lcd-show-ktest.c	61	libc/include/stdint.h	keep-root libc/include->include	#include <stdint.h>
p023	c-include	src/drivers/gpu/i915/tests/display/lcd-show-ktest.c	62	libc/include/string.h	keep-root libc/include->include	#include <string.h>
p023	c-include	src/drivers/gpu/i915/tests/display/lcdg-ktest.c	50	libc/include/errno.h	keep-root libc/include->include	#include <errno.h>
p023	c-include	src/drivers/gpu/i915/tests/display/lcdg-ktest.c	51	libc/include/stdint.h	keep-root libc/include->include	#include <stdint.h>
p023	c-include	src/drivers/gpu/i915/tests/display/lcdg-ktest.c	52	libc/include/string.h	keep-root libc/include->include	#include <string.h>
p023	c-include	src/drivers/gpu/i915/tests/display/opregion-ktest.c	29	libc/include/errno.h	keep-root libc/include->include	#include <errno.h>
p023	c-include	src/drivers/gpu/i915/tests/display/opregion-ktest.c	30	libc/include/stdint.h	keep-root libc/include->include	#include <stdint.h>
p023	c-include	src/drivers/gpu/i915/tests/display/opregion-ktest.c	31	libc/include/string.h	keep-root libc/include->include	#include <string.h>
p023	c-include	src/drivers/gpu/i915/tests/display/scanout-ktest.c	31	libc/include/errno.h	keep-root libc/include->include	#include <errno.h>
p023	c-include	src/drivers/gpu/i915/tests/display/scanout-ktest.c	32	libc/include/stdint.h	keep-root libc/include->include	#include <stdint.h>
p023	c-include	src/drivers/gpu/i915/tests/display/scanout-ktest.c	33	libc/include/string.h	keep-root libc/include->include	#include <string.h>
p023	c-include	src/drivers/gpu/i915/tests/execution/draw-test.c	36	libc/include/errno.h	keep-root libc/include->include	#include <errno.h>
p023	c-include	src/drivers/gpu/i915/tests/execution/draw-test.c	37	libc/include/stddef.h	keep-root libc/include->include	#include <stddef.h>
p023	c-include	src/drivers/gpu/i915/tests/execution/draw-test.c	38	libc/include/stdint.h	keep-root libc/include->include	#include <stdint.h>
p023	c-include	src/drivers/gpu/i915/tests/execution/draw-test.c	39	libc/include/string.h	keep-root libc/include->include	#include <string.h>
p023	c-include	src/drivers/gpu/i915/tests/execution/eu-internal.h	27	libc/include/stddef.h	keep-root libc/include->include	#include <stddef.h>
p023	c-include	src/drivers/gpu/i915/tests/execution/eu-internal.h	28	libc/include/stdint.h	keep-root libc/include->include	#include <stdint.h>
p023	c-include	src/drivers/gpu/i915/tests/execution/eu-test.c	50	libc/include/errno.h	keep-root libc/include->include	#include <errno.h>
p023	c-include	src/drivers/gpu/i915/tests/execution/eu-test.c	51	libc/include/stddef.h	keep-root libc/include->include	#include <stddef.h>
p023	c-include	src/drivers/gpu/i915/tests/execution/eu-test.c	52	libc/include/stdint.h	keep-root libc/include->include	#include <stdint.h>
p023	c-include	src/drivers/gpu/i915/tests/execution/eu-test.c	53	libc/include/string.h	keep-root libc/include->include	#include <string.h>
p023	c-include	src/drivers/gpu/i915/tests/execution/eu-test.h	22	libc/include/stdint.h	keep-root libc/include->include	#include <stdint.h>
p023	c-include	src/drivers/gpu/i915/tests/execution/fhd-render.c	31	libc/include/errno.h	keep-root libc/include->include	#include <errno.h>
p023	c-include	src/drivers/gpu/i915/tests/execution/fhd-render.c	32	libc/include/stddef.h	keep-root libc/include->include	#include <stddef.h>
p023	c-include	src/drivers/gpu/i915/tests/execution/fhd-render.c	33	libc/include/string.h	keep-root libc/include->include	#include <string.h>
p023	c-include	src/drivers/gpu/i915/tests/execution/fhd-render.h	31	libc/include/stdint.h	keep-root libc/include->include	#include <stdint.h>
p023	c-include	src/drivers/gpu/i915/tests/execution/firmware-override.c	20	libc/include/stddef.h	keep-root libc/include->include	#include <stddef.h>
p023	c-include	src/drivers/gpu/i915/tests/execution/ktest-display-probe.c	40	libc/include/errno.h	keep-root libc/include->include	#include <errno.h>
p023	c-include	src/drivers/gpu/i915/tests/execution/ktest-display-probe.c	41	libc/include/stddef.h	keep-root libc/include->include	#include <stddef.h>
p023	c-include	src/drivers/gpu/i915/tests/execution/ktest-display-probe.c	42	libc/include/stdint.h	keep-root libc/include->include	#include <stdint.h>
p023	c-include	src/drivers/gpu/i915/tests/execution/ktest-display-probe.c	43	libc/include/string.h	keep-root libc/include->include	#include <string.h>
p023	c-include	src/drivers/gpu/i915/tests/execution/ktest-display.c	51	libc/include/errno.h	keep-root libc/include->include	#include <errno.h>
p023	c-include	src/drivers/gpu/i915/tests/execution/ktest-display.c	52	libc/include/stdint.h	keep-root libc/include->include	#include <stdint.h>
p023	c-include	src/drivers/gpu/i915/tests/execution/ktest-display.c	53	libc/include/string.h	keep-root libc/include->include	#include <string.h>
p023	c-include	src/drivers/gpu/i915/tests/execution/ktest-gt.c	58	libc/include/errno.h	keep-root libc/include->include	#include <errno.h>
p023	c-include	src/drivers/gpu/i915/tests/execution/ktest-gt.c	59	libc/include/stddef.h	keep-root libc/include->include	#include <stddef.h>
p023	c-include	src/drivers/gpu/i915/tests/execution/ktest-gt.c	60	libc/include/stdint.h	keep-root libc/include->include	#include <stdint.h>
p023	c-include	src/drivers/gpu/i915/tests/execution/ktest-gt.c	61	libc/include/string.h	keep-root libc/include->include	#include <string.h>
p023	c-include	src/drivers/gpu/i915/tests/execution/ktest-sync.c	42	libc/include/errno.h	keep-root libc/include->include	#include <errno.h>
p023	c-include	src/drivers/gpu/i915/tests/execution/ktest-sync.c	43	libc/include/stddef.h	keep-root libc/include->include	#include <stddef.h>
p023	c-include	src/drivers/gpu/i915/tests/execution/ktest-sync.c	44	libc/include/stdint.h	keep-root libc/include->include	#include <stdint.h>
p023	c-include	src/drivers/gpu/i915/tests/execution/ktest-sync.c	45	libc/include/string.h	keep-root libc/include->include	#include <string.h>
p023	c-include	src/drivers/gpu/i915/tests/execution/ktest.c	23	libc/include/errno.h	keep-root libc/include->include	#include <errno.h>
p023	c-include	src/drivers/gpu/i915/tests/execution/ktest.c	24	libc/include/stdint.h	keep-root libc/include->include	#include <stdint.h>
p023	c-include	src/drivers/gpu/i915/tests/execution/ktest.h	21	libc/include/stdint.h	keep-root libc/include->include	#include <stdint.h>
p023	c-include	src/drivers/gpu/i915/tests/execution/ppgtt-walk.c	21	libc/include/errno.h	keep-root libc/include->include	#include <errno.h>
p023	c-include	src/drivers/gpu/i915/tests/execution/ppgtt-walk.c	22	libc/include/stddef.h	keep-root libc/include->include	#include <stddef.h>
p023	c-include	src/drivers/gpu/i915/tests/execution/ppgtt-walk.c	23	libc/include/stdint.h	keep-root libc/include->include	#include <stdint.h>
p023	c-include	src/drivers/gpu/i915/tests/execution/ppgtt-walk.c	24	libc/include/string.h	keep-root libc/include->include	#include <string.h>
p023	c-include	src/drivers/gpu/i915/tests/execution/runner.c	30	libc/include/stddef.h	keep-root libc/include->include	#include <stddef.h>
p023	c-include	src/drivers/gpu/i915/tests/execution/runner.c	31	libc/include/string.h	keep-root libc/include->include	#include <string.h>
p023	c-include	src/drivers/gpu/i915/tests/fixtures/draw-fixture.c	30	libc/include/stdint.h	keep-root libc/include->include	#include <stdint.h>
p023	c-include	src/drivers/gpu/i915/tests/fixtures/draw-fixture.c	31	libc/include/string.h	keep-root libc/include->include	#include <string.h>
p023	c-include	src/drivers/gpu/i915/tests/fixtures/draw-fixture.h	26	libc/include/stdint.h	keep-root libc/include->include	#include <stdint.h>
p023	c-include	src/drivers/gpu/i915/tests/render/compiler.c	51	libc/include/vulkan/vulkan_core.h	keep-root libc/include->include	#include <vulkan/vulkan_core.h>
p023	c-include	src/drivers/gpu/i915/tests/render/compiler.c	53	libc/include/errno.h	keep-root libc/include->include	#include <errno.h>
p023	c-include	src/drivers/gpu/i915/tests/render/compiler.c	54	libc/include/stddef.h	keep-root libc/include->include	#include <stddef.h>
p023	c-include	src/drivers/gpu/i915/tests/render/compiler.c	55	libc/include/stdint.h	keep-root libc/include->include	#include <stdint.h>
p023	c-include	src/drivers/gpu/i915/tests/render/compiler.c	56	libc/include/string.h	keep-root libc/include->include	#include <string.h>
p023	c-include	src/drivers/gpu/i915/tests/render/executor.c	49	libc/include/vulkan/vulkan_core.h	keep-root libc/include->include	#include <vulkan/vulkan_core.h>
p023	c-include	src/drivers/gpu/i915/tests/render/executor.c	51	libc/include/errno.h	keep-root libc/include->include	#include <errno.h>
p023	c-include	src/drivers/gpu/i915/tests/render/executor.c	52	libc/include/stddef.h	keep-root libc/include->include	#include <stddef.h>
p023	c-include	src/drivers/gpu/i915/tests/render/executor.c	53	libc/include/stdint.h	keep-root libc/include->include	#include <stdint.h>
p023	c-include	src/drivers/gpu/i915/tests/render/executor.c	54	libc/include/string.h	keep-root libc/include->include	#include <string.h>
p023	c-include	src/drivers/gpu/i915/tests/render/features.c	54	libc/include/vulkan/vulkan_core.h	keep-root libc/include->include	#include <vulkan/vulkan_core.h>
p023	c-include	src/drivers/gpu/i915/tests/render/features.c	56	libc/include/errno.h	keep-root libc/include->include	#include <errno.h>
p023	c-include	src/drivers/gpu/i915/tests/render/features.c	57	libc/include/stddef.h	keep-root libc/include->include	#include <stddef.h>
p023	c-include	src/drivers/gpu/i915/tests/render/features.c	58	libc/include/stdint.h	keep-root libc/include->include	#include <stdint.h>
p023	c-include	src/drivers/gpu/i915/tests/render/features.c	59	libc/include/string.h	keep-root libc/include->include	#include <string.h>
p023	c-include	src/drivers/gpu/i915/tests/render/generality.c	64	libc/include/vulkan/vulkan_core.h	keep-root libc/include->include	#include <vulkan/vulkan_core.h>
p023	c-include	src/drivers/gpu/i915/tests/render/generality.c	66	libc/include/errno.h	keep-root libc/include->include	#include <errno.h>
p023	c-include	src/drivers/gpu/i915/tests/render/generality.c	67	libc/include/stddef.h	keep-root libc/include->include	#include <stddef.h>
p023	c-include	src/drivers/gpu/i915/tests/render/generality.c	68	libc/include/stdint.h	keep-root libc/include->include	#include <stdint.h>
p023	c-include	src/drivers/gpu/i915/tests/render/generality.c	69	libc/include/string.h	keep-root libc/include->include	#include <string.h>
p023	c-include	src/drivers/gpu/i915/tests/render/readback.c	24	libc/include/vulkan/vulkan_core.h	keep-root libc/include->include	#include <vulkan/vulkan_core.h>
p023	c-include	src/drivers/gpu/i915/tests/render/readback.c	26	libc/include/stddef.h	keep-root libc/include->include	#include <stddef.h>
p023	c-include	src/drivers/gpu/i915/tests/render/readback.c	27	libc/include/stdint.h	keep-root libc/include->include	#include <stdint.h>
p023	c-include	src/drivers/gpu/i915/tlb.c	40	libc/include/errno.h	keep-root libc/include->include	#include <errno.h>
p023	c-include	src/drivers/gpu/i915/tlb.c	41	libc/include/stddef.h	keep-root libc/include->include	#include <stddef.h>
p023	c-include	src/drivers/gpu/i915/tlb.h	21	libc/include/stdint.h	keep-root libc/include->include	#include <stdint.h>
p023	c-include	src/drivers/gpu/i915/trace.c	14	libc/include/stddef.h	keep-root libc/include->include	#include <stddef.h>
p023	c-include	src/drivers/gpu/i915/trace.h	22	libc/include/stdint.h	keep-root libc/include->include	#include <stdint.h>
p023	c-include	src/drivers/gpu/i915/verify-workarounds.c	28	libc/include/errno.h	keep-root libc/include->include	#include <errno.h>
p023	c-include	src/drivers/gpu/i915/verify-workarounds.c	29	libc/include/stddef.h	keep-root libc/include->include	#include <stddef.h>
p023	c-include	src/drivers/gpu/i915/verify-workarounds.c	30	libc/include/stdint.h	keep-root libc/include->include	#include <stdint.h>
p023	c-include	src/drivers/gpu/i915/verify-workarounds.c	31	libc/include/string.h	keep-root libc/include->include	#include <string.h>
p023	c-include	src/drivers/gpu/i915/verify-workarounds.h	41	libc/include/stdint.h	keep-root libc/include->include	#include <stdint.h>
p023	c-include	src/drivers/gpu/i915/workarounds.c	27	libc/include/stddef.h	keep-root libc/include->include	#include <stddef.h>
p023	c-include	src/drivers/gpu/i915/workarounds.c	28	libc/include/stdint.h	keep-root libc/include->include	#include <stdint.h>
p023	c-include	src/drivers/gpu/i915/workarounds.h	22	libc/include/stdint.h	keep-root libc/include->include	#include <stdint.h>
p023	c-include	src/drivers/gpu/i915/worker.c	44	libc/include/errno.h	keep-root libc/include->include	#include <errno.h>
p023	c-include	src/drivers/gpu/i915/worker.c	45	libc/include/stddef.h	keep-root libc/include->include	#include <stddef.h>
p023	c-include	src/drivers/gpu/i915/worker.c	46	libc/include/stdint.h	keep-root libc/include->include	#include <stdint.h>
p023	c-include	src/drivers/gpu/i915/worker.c	47	libc/include/string.h	keep-root libc/include->include	#include <string.h>
p023	c-include	src/drivers/gpu/i915/worker.h	31	libc/include/stdint.h	keep-root libc/include->include	#include <stdint.h>
p023	c-include	src/drivers/gpu/i915/workqueue.c	26	libc/include/stddef.h	keep-root libc/include->include	#include <stddef.h>
p023	c-include	src/drivers/gpu/i915/workqueue.h	36	libc/include/stdint.h	keep-root libc/include->include	#include <stdint.h>
p023	c-include	src/drivers/gpu/venus/display.c	24	libc/include/errno.h	keep-root libc/include->include	#include <errno.h>
p023	c-include	src/drivers/gpu/venus/display.c	25	libc/include/stdio.h	keep-root libc/include->include	#include <stdio.h>
p023	c-include	src/drivers/gpu/venus/display.c	26	libc/include/string.h	keep-root libc/include->include	#include <string.h>
p023	c-include	src/drivers/gpu/venus/internal.h	20	libc/include/stdint.h	keep-root libc/include->include	#include <stdint.h>
p023	c-include	src/drivers/gpu/venus/share.c	18	libc/include/errno.h	keep-root libc/include->include	#include <errno.h>
p023	c-include	src/drivers/gpu/venus/share.c	19	libc/include/limits.h	keep-root libc/include->include	#include <limits.h>
p023	c-include	src/drivers/gpu/venus/share.c	20	libc/include/string.h	keep-root libc/include->include	#include <string.h>
p023	c-include	src/drivers/gpu/venus/transport.c	23	libc/include/errno.h	keep-root libc/include->include	#include <errno.h>
p023	c-include	src/drivers/gpu/venus/transport.c	24	libc/include/limits.h	keep-root libc/include->include	#include <limits.h>
p023	c-include	src/drivers/gpu/venus/transport.c	25	libc/include/string.h	keep-root libc/include->include	#include <string.h>
p023	c-include	src/drivers/gpu/venus/venus.c	23	libc/include/errno.h	keep-root libc/include->include	#include <errno.h>
p023	c-include	src/drivers/gpu/venus/venus.c	24	libc/include/limits.h	keep-root libc/include->include	#include <limits.h>
p023	c-include	src/drivers/gpu/venus/venus.c	25	libc/include/string.h	keep-root libc/include->include	#include <string.h>
p023	c-include	src/drivers/isa/ne2000.c	16	libc/include/errno.h	keep-root libc/include->include	#include <errno.h>
p023	c-include	src/drivers/isa/ne2000.c	17	libc/include/stdint.h	keep-root libc/include->include	#include <stdint.h>
p023	c-include	src/drivers/isa/ne2000.c	18	libc/include/string.h	keep-root libc/include->include	#include <string.h>
p023	c-include	src/drivers/pci/pci-ehci.c	15	libc/include/errno.h	keep-root libc/include->include	#include <errno.h>
p023	c-include	src/drivers/pci/pci-ehci.c	19	libc/include/limits.h	keep-root libc/include->include	#include <limits.h>
p023	c-include	src/drivers/pci/pci-ehci.c	20	libc/include/string.h	keep-root libc/include->include	#include <string.h>
p023	c-include	src/drivers/pci/pci-nvme.c	26	libc/include/limits.h	keep-root libc/include->include	#include <limits.h>
p023	c-include	src/drivers/pci/pci-nvme.c	27	libc/include/string.h	keep-root libc/include->include	#include <string.h>
p023	c-include	src/drivers/pci/pci-nvme.c	28	libc/include/errno.h	keep-root libc/include->include	#include <errno.h>
p023	c-include	src/drivers/pci/pci-nvme.c	29	libc/include/stddef.h	keep-root libc/include->include	#include <stddef.h>
p023	c-include	src/drivers/pci/pci-pcat.c	14	libc/include/errno.h	keep-root libc/include->include	#include <errno.h>
p023	c-include	src/drivers/pci/pci-pcat.c	16	libc/include/string.h	keep-root libc/include->include	#include <string.h>
p023	c-include	src/drivers/pci/pci-uhci.c	15	libc/include/errno.h	keep-root libc/include->include	#include <errno.h>
p023	c-include	src/drivers/pci/pci-uhci.c	19	libc/include/string.h	keep-root libc/include->include	#include <string.h>
p023	c-include	src/drivers/pci/pci-xhci.c	25	libc/include/errno.h	keep-root libc/include->include	#include <errno.h>
p023	c-include	src/drivers/pci/pci-xhci.c	26	libc/include/limits.h	keep-root libc/include->include	#include <limits.h>
p023	c-include	src/drivers/pci/pci-xhci.c	27	libc/include/string.h	keep-root libc/include->include	#include <string.h>
p023	c-include	src/drivers/pci/pci.c	14	libc/include/errno.h	keep-root libc/include->include	#include <errno.h>
p023	c-include	src/drivers/pci/pci.c	15	libc/include/string.h	keep-root libc/include->include	#include <string.h>
p023	c-include	src/drivers/platform/pc98/graphics/backend.c	20	libc/include/string.h	keep-root libc/include->include	#include <string.h>
p023	c-include	src/drivers/platform/pc98/graphics/backend.c	23	libc/include/errno.h	keep-root libc/include->include	#include "errno.h"
p023	c-include	src/drivers/platform/pc98/graphics/backend.h	15	libc/include/stddef.h	keep-root libc/include->include	#include <stddef.h>
p023	c-include	src/drivers/platform/pc98/graphics/backend.h	16	libc/include/stdint.h	keep-root libc/include->include	#include <stdint.h>
p023	c-include	src/drivers/platform/pc98/graphics/display-auto.c	14	libc/include/string.h	keep-root libc/include->include	#include <string.h>
p023	c-include	src/drivers/platform/pc98/graphics/display-cirrus.c	14	libc/include/string.h	keep-root libc/include->include	#include <string.h>
p023	c-include	src/drivers/platform/pc98/graphics/display-gdc.c	14	libc/include/string.h	keep-root libc/include->include	#include <string.h>
p023	c-include	src/drivers/platform/pc98/graphics/display-glyph.c	14	libc/include/string.h	keep-root libc/include->include	#include <string.h>
p023	c-include	src/drivers/platform/pc98/graphics/display.h	15	libc/include/stddef.h	keep-root libc/include->include	#include <stddef.h>
p023	c-include	src/drivers/platform/pc98/graphics/display.h	16	libc/include/stdint.h	keep-root libc/include->include	#include <stdint.h>
p023	c-include	src/drivers/platform/pc98/graphics/pc98-graphics.c	21	libc/include/errno.h	keep-root libc/include->include	#include <errno.h>
p023	c-include	src/drivers/platform/pc98/graphics/pc98-graphics.c	23	libc/include/string.h	keep-root libc/include->include	#include <string.h>
p023	c-include	src/drivers/platform/pc98/graphics/text.c	26	libc/include/stddef.h	keep-root libc/include->include	#include <stddef.h>
p023	c-include	src/drivers/platform/pc98/graphics/text.c	27	libc/include/stdint.h	keep-root libc/include->include	#include <stdint.h>
p023	c-include	src/drivers/platform/pc98/graphics/text.h	21	libc/include/stdint.h	keep-root libc/include->include	#include <stdint.h>
p023	c-include	src/drivers/platform/pc98/pc98-busmouse.c	25	libc/include/errno.h	keep-root libc/include->include	#include <errno.h>
p023	c-include	src/drivers/platform/pc98/pc98-busmouse.c	27	libc/include/limits.h	keep-root libc/include->include	#include <limits.h>
p023	c-include	src/drivers/platform/pc98/pc98-busmouse.c	28	libc/include/stdint.h	keep-root libc/include->include	#include <stdint.h>
p023	c-include	src/drivers/platform/pc98/pc98-ide.c	24	libc/include/errno.h	keep-root libc/include->include	#include <errno.h>
p023	c-include	src/drivers/platform/pc98/pc98-keyboard.c	22	libc/include/errno.h	keep-root libc/include->include	#include <errno.h>
p023	c-include	src/drivers/platform/pc98/pc98-keyboard.c	23	libc/include/stddef.h	keep-root libc/include->include	#include <stddef.h>
p023	c-include	src/drivers/platform/pc98/pc98-keyboard.c	24	libc/include/stdint.h	keep-root libc/include->include	#include <stdint.h>
p023	c-include	src/drivers/platform/pc98/pc98-lgy98.c	17	libc/include/errno.h	keep-root libc/include->include	#include <errno.h>
p023	c-include	src/drivers/platform/pc98/pc98-lgy98.c	19	libc/include/string.h	keep-root libc/include->include	#include <string.h>
p023	c-include	src/drivers/platform/pcat/graphics/backend.c	18	libc/include/string.h	keep-root libc/include->include	#include <string.h>
p023	c-include	src/drivers/platform/pcat/graphics/backend.c	23	libc/include/errno.h	keep-root libc/include->include	#include "errno.h"
p023	c-include	src/drivers/platform/pcat/graphics/backend.h	15	libc/include/stddef.h	keep-root libc/include->include	#include <stddef.h>
p023	c-include	src/drivers/platform/pcat/graphics/backend.h	16	libc/include/stdint.h	keep-root libc/include->include	#include <stdint.h>
p023	c-include	src/drivers/platform/pcat/graphics/font.c	15	libc/include/string.h	keep-root libc/include->include	#include <string.h>
p023	c-include	src/drivers/platform/pcat/graphics/font.h	15	libc/include/stdint.h	keep-root libc/include->include	#include <stdint.h>
p023	c-include	src/drivers/platform/pcat/graphics/pcat-graphics.c	21	libc/include/errno.h	keep-root libc/include->include	#include <errno.h>
p023	c-include	src/drivers/platform/pcat/graphics/pcat-graphics.c	23	libc/include/string.h	keep-root libc/include->include	#include <string.h>
p023	c-include	src/drivers/platform/pcat/graphics/text.c	19	libc/include/errno.h	keep-root libc/include->include	#include <errno.h>
p023	c-include	src/drivers/platform/pcat/graphics/text.c	24	libc/include/stddef.h	keep-root libc/include->include	#include <stddef.h>
p023	c-include	src/drivers/platform/pcat/graphics/text.c	25	libc/include/stdint.h	keep-root libc/include->include	#include <stdint.h>
p023	c-include	src/drivers/platform/pcat/graphics/text.h	19	libc/include/stdint.h	keep-root libc/include->include	#include <stdint.h>
p023	c-include	src/drivers/platform/pcat/graphics/vgafont.h	15	libc/include/stdint.h	keep-root libc/include->include	#include <stdint.h>
p023	c-include	src/drivers/platform/pcat/pcat-ide.c	13	libc/include/errno.h	keep-root libc/include->include	#include <errno.h>
p023	c-include	src/drivers/platform/pcat/ps2-8042.c	17	libc/include/errno.h	keep-root libc/include->include	#include <errno.h>
p023	c-include	src/drivers/platform/pcat/ps2-8042.c	18	libc/include/limits.h	keep-root libc/include->include	#include <limits.h>
p023	c-include	src/drivers/platform/pcat/ps2-8042.c	19	libc/include/stdint.h	keep-root libc/include->include	#include <stdint.h>
p023	c-include	src/drivers/platform/pcat/serial-mirror.c	10	libc/include/stdint.h	keep-root libc/include->include	#include <stdint.h>
p023	c-include	src/drivers/platform/rpi4/rpi4-sdhci.c	16	libc/include/errno.h	keep-root libc/include->include	#include <errno.h>
p023	c-include	src/drivers/platform/rpi4/rpi4-sdhci.h	15	libc/include/stdint.h	keep-root libc/include->include	#include <stdint.h>
p023	c-include	src/drivers/platform/sun4u/sun4u-cmd646.c	16	libc/include/errno.h	keep-root libc/include->include	#include <errno.h>
p023	c-include	src/drivers/platform/sun4u/sun4u-cmd646.h	15	libc/include/stdint.h	keep-root libc/include->include	#include <stdint.h>
p023	c-include	src/drivers/platform/x68k/x68k-mb89352.h	15	libc/include/stddef.h	keep-root libc/include->include	#include <stddef.h>
p023	c-include	src/drivers/platform/x68k/x68k-mb89352.h	16	libc/include/stdint.h	keep-root libc/include->include	#include <stdint.h>
p023	c-include	src/drivers/platform/x68k/x68k-spc-disk.c	14	libc/include/errno.h	keep-root libc/include->include	#include <errno.h>
p023	c-include	src/drivers/usb/usb-cdc-ecm.c	16	libc/include/errno.h	keep-root libc/include->include	#include <errno.h>
p023	c-include	src/drivers/usb/usb-cdc-ecm.c	21	libc/include/limits.h	keep-root libc/include->include	#include <limits.h>
p023	c-include	src/drivers/usb/usb-cdc-ecm.c	22	libc/include/string.h	keep-root libc/include->include	#include <string.h>
p023	c-include	src/drivers/usb/usb-cdc-ncm-net.c	16	libc/include/errno.h	keep-root libc/include->include	#include <errno.h>
p023	c-include	src/drivers/usb/usb-cdc-ncm-net.c	21	libc/include/limits.h	keep-root libc/include->include	#include <limits.h>
p023	c-include	src/drivers/usb/usb-cdc-ncm-net.c	22	libc/include/string.h	keep-root libc/include->include	#include <string.h>
p023	c-include	src/drivers/usb/usb-cdc-ncm.c	15	libc/include/errno.h	keep-root libc/include->include	#include <errno.h>
p023	c-include	src/drivers/usb/usb-cdc-ncm.c	16	libc/include/limits.h	keep-root libc/include->include	#include <limits.h>
p023	c-include	src/drivers/usb/usb-cdc-ncm.c	17	libc/include/string.h	keep-root libc/include->include	#include <string.h>
p023	c-include	src/drivers/usb/usb-hid-checkpoint.c	15	libc/include/errno.h	keep-root libc/include->include	#include <errno.h>
p023	c-include	src/drivers/usb/usb-hid-checkpoint.c	19	libc/include/stdint.h	keep-root libc/include->include	#include <stdint.h>
p023	c-include	src/drivers/usb/usb-hid-checkpoint.c	20	libc/include/string.h	keep-root libc/include->include	#include <string.h>
p023	c-include	src/drivers/usb/usb-hid.c	23	libc/include/stdint.h	keep-root libc/include->include	#include <stdint.h>
p023	c-include	src/drivers/usb/usb-hid.c	24	libc/include/stdio.h	keep-root libc/include->include	#include <stdio.h>
p023	c-include	src/drivers/usb/usb-hid.c	25	libc/include/string.h	keep-root libc/include->include	#include <string.h>
p023	c-include	src/drivers/usb/usb-hid.c	26	libc/include/errno.h	keep-root libc/include->include	#include <errno.h>
p023	c-include	src/drivers/usb/usb-hid.c	27	libc/include/string.h	keep-root libc/include->include	#include <string.h>
p023	c-include	src/drivers/usb/usb-rtl8822bu.c	20	libc/include/errno.h	keep-root libc/include->include	#include <errno.h>
p023	c-include	src/drivers/usb/usb-rtl8822bu.c	27	libc/include/string.h	keep-root libc/include->include	#include <string.h>
p023	c-include	src/drivers/usb/usb-storage.c	16	libc/include/errno.h	keep-root libc/include->include	#include <errno.h>
p023	c-include	src/drivers/usb/usb-storage.c	23	libc/include/string.h	keep-root libc/include->include	#include <string.h>
p023	c-include	src/drivers/usb/usb-uas-disk.c	22	libc/include/errno.h	keep-root libc/include->include	#include <errno.h>
p023	c-include	src/drivers/usb/usb-uas-disk.c	23	libc/include/string.h	keep-root libc/include->include	#include <string.h>
p023	c-include	src/drivers/usb/usb-uas-transport.c	17	libc/include/errno.h	keep-root libc/include->include	#include <errno.h>
p023	c-include	src/drivers/usb/usb-uas-transport.c	18	libc/include/string.h	keep-root libc/include->include	#include <string.h>
p023	c-include	src/drivers/usb/usb-uas.c	16	libc/include/errno.h	keep-root libc/include->include	#include <errno.h>
p023	c-include	src/drivers/usb/usb-uas.c	17	libc/include/string.h	keep-root libc/include->include	#include <string.h>
p023	c-include	src/drivers/usb/usb.c	19	libc/include/errno.h	keep-root libc/include->include	#include <errno.h>
p023	c-include	src/drivers/usb/usb.c	23	libc/include/string.h	keep-root libc/include->include	#include <string.h>
p023	c-include	src/drivers/wifi/intel-ax211/intel-ax211-assoc.c	59	libc/include/string.h	keep-root libc/include->include	#include <string.h>
p023	c-include	src/drivers/wifi/intel-ax211/intel-ax211-assoc.h	60	libc/include/stddef.h	keep-root libc/include->include	#include <stddef.h>
p023	c-include	src/drivers/wifi/intel-ax211/intel-ax211-assoc.h	61	libc/include/stdint.h	keep-root libc/include->include	#include <stdint.h>
p023	c-include	src/drivers/wifi/intel-ax211/intel-ax211-boot.c	11	libc/include/string.h	keep-root libc/include->include	#include <string.h>
p023	c-include	src/drivers/wifi/intel-ax211/intel-ax211-boot.h	20	libc/include/stddef.h	keep-root libc/include->include	#include <stddef.h>
p023	c-include	src/drivers/wifi/intel-ax211/intel-ax211-boot.h	21	libc/include/stdint.h	keep-root libc/include->include	#include <stdint.h>
p023	c-include	src/drivers/wifi/intel-ax211/intel-ax211-bss.c	59	libc/include/stddef.h	keep-root libc/include->include	#include <stddef.h>
p023	c-include	src/drivers/wifi/intel-ax211/intel-ax211-bss.c	60	libc/include/stdint.h	keep-root libc/include->include	#include <stdint.h>
p023	c-include	src/drivers/wifi/intel-ax211/intel-ax211-bss.c	61	libc/include/string.h	keep-root libc/include->include	#include <string.h>
p023	c-include	src/drivers/wifi/intel-ax211/intel-ax211-bss.h	60	libc/include/stddef.h	keep-root libc/include->include	#include <stddef.h>
p023	c-include	src/drivers/wifi/intel-ax211/intel-ax211-bss.h	61	libc/include/stdint.h	keep-root libc/include->include	#include <stdint.h>
p023	c-include	src/drivers/wifi/intel-ax211/intel-ax211-command.c	57	libc/include/string.h	keep-root libc/include->include	#include <string.h>
p023	c-include	src/drivers/wifi/intel-ax211/intel-ax211-command.h	12	libc/include/stddef.h	keep-root libc/include->include	#include <stddef.h>
p023	c-include	src/drivers/wifi/intel-ax211/intel-ax211-command.h	13	libc/include/stdint.h	keep-root libc/include->include	#include <stdint.h>
p023	c-include	src/drivers/wifi/intel-ax211/intel-ax211-dma.c	55	libc/include/errno.h	keep-root libc/include->include	#include <errno.h>
p023	c-include	src/drivers/wifi/intel-ax211/intel-ax211-dma.c	56	libc/include/string.h	keep-root libc/include->include	#include <string.h>
p023	c-include	src/drivers/wifi/intel-ax211/intel-ax211-firmware.c	11	libc/include/errno.h	keep-root libc/include->include	#include <errno.h>
p023	c-include	src/drivers/wifi/intel-ax211/intel-ax211-firmware.c	12	libc/include/fcntl.h	keep-root libc/include->include	#include <fcntl.h>
p023	c-include	src/drivers/wifi/intel-ax211/intel-ax211-firmware.c	13	libc/include/string.h	keep-root libc/include->include	#include <string.h>
p023	c-include	src/drivers/wifi/intel-ax211/intel-ax211-firmware.h	14	libc/include/stddef.h	keep-root libc/include->include	#include <stddef.h>
p023	c-include	src/drivers/wifi/intel-ax211/intel-ax211-firmware.h	15	libc/include/stdint.h	keep-root libc/include->include	#include <stdint.h>
p023	c-include	src/drivers/wifi/intel-ax211/intel-ax211-init.h	58	libc/include/stddef.h	keep-root libc/include->include	#include <stddef.h>
p023	c-include	src/drivers/wifi/intel-ax211/intel-ax211-init.h	59	libc/include/stdint.h	keep-root libc/include->include	#include <stdint.h>
p023	c-include	src/drivers/wifi/intel-ax211/intel-ax211-internal.h	54	libc/include/stddef.h	keep-root libc/include->include	#include <stddef.h>
p023	c-include	src/drivers/wifi/intel-ax211/intel-ax211-internal.h	55	libc/include/stdint.h	keep-root libc/include->include	#include <stdint.h>
p023	c-include	src/drivers/wifi/intel-ax211/intel-ax211-key.c	54	libc/include/stdint.h	keep-root libc/include->include	#include <stdint.h>
p023	c-include	src/drivers/wifi/intel-ax211/intel-ax211-key.c	55	libc/include/string.h	keep-root libc/include->include	#include <string.h>
p023	c-include	src/drivers/wifi/intel-ax211/intel-ax211-key.h	55	libc/include/stddef.h	keep-root libc/include->include	#include <stddef.h>
p023	c-include	src/drivers/wifi/intel-ax211/intel-ax211-key.h	56	libc/include/stdint.h	keep-root libc/include->include	#include <stdint.h>
p023	c-include	src/drivers/wifi/intel-ax211/intel-ax211-mmio.c	54	libc/include/stddef.h	keep-root libc/include->include	#include <stddef.h>
p023	c-include	src/drivers/wifi/intel-ax211/intel-ax211-mmio.c	55	libc/include/stdint.h	keep-root libc/include->include	#include <stdint.h>
p023	c-include	src/drivers/wifi/intel-ax211/intel-ax211-mmio.c	56	libc/include/string.h	keep-root libc/include->include	#include <string.h>
p023	c-include	src/drivers/wifi/intel-ax211/intel-ax211-mmio.h	55	libc/include/stdint.h	keep-root libc/include->include	#include <stdint.h>
p023	c-include	src/drivers/wifi/intel-ax211/intel-ax211-pci-mmio.c	11	libc/include/errno.h	keep-root libc/include->include	#include <errno.h>
p023	c-include	src/drivers/wifi/intel-ax211/intel-ax211-pci-mmio.c	13	libc/include/limits.h	keep-root libc/include->include	#include <limits.h>
p023	c-include	src/drivers/wifi/intel-ax211/intel-ax211-pci-mmio.c	14	libc/include/string.h	keep-root libc/include->include	#include <string.h>
p023	c-include	src/drivers/wifi/intel-ax211/intel-ax211-pci-mmio.h	12	libc/include/stddef.h	keep-root libc/include->include	#include <stddef.h>
p023	c-include	src/drivers/wifi/intel-ax211/intel-ax211-pci-mmio.h	13	libc/include/stdint.h	keep-root libc/include->include	#include <stdint.h>
p023	c-include	src/drivers/wifi/intel-ax211/intel-ax211-protocol.c	57	libc/include/string.h	keep-root libc/include->include	#include <string.h>
p023	c-include	src/drivers/wifi/intel-ax211/intel-ax211-protocol.h	58	libc/include/stddef.h	keep-root libc/include->include	#include <stddef.h>
p023	c-include	src/drivers/wifi/intel-ax211/intel-ax211-protocol.h	59	libc/include/stdint.h	keep-root libc/include->include	#include <stdint.h>
p023	c-include	src/drivers/wifi/intel-ax211/intel-ax211-runtime-start.c	11	libc/include/string.h	keep-root libc/include->include	#include <string.h>
p023	c-include	src/drivers/wifi/intel-ax211/intel-ax211-runtime-start.h	15	libc/include/stddef.h	keep-root libc/include->include	#include <stddef.h>
p023	c-include	src/drivers/wifi/intel-ax211/intel-ax211-runtime-start.h	16	libc/include/stdint.h	keep-root libc/include->include	#include <stdint.h>
p023	c-include	src/drivers/wifi/intel-ax211/intel-ax211-runtime.c	57	libc/include/string.h	keep-root libc/include->include	#include <string.h>
p023	c-include	src/drivers/wifi/intel-ax211/intel-ax211-runtime.h	58	libc/include/stddef.h	keep-root libc/include->include	#include <stddef.h>
p023	c-include	src/drivers/wifi/intel-ax211/intel-ax211-runtime.h	59	libc/include/stdint.h	keep-root libc/include->include	#include <stdint.h>
p023	c-include	src/drivers/wifi/intel-ax211/intel-ax211-rx.c	55	libc/include/stddef.h	keep-root libc/include->include	#include <stddef.h>
p023	c-include	src/drivers/wifi/intel-ax211/intel-ax211-rx.c	56	libc/include/stdint.h	keep-root libc/include->include	#include <stdint.h>
p023	c-include	src/drivers/wifi/intel-ax211/intel-ax211-rx.c	57	libc/include/string.h	keep-root libc/include->include	#include <string.h>
p023	c-include	src/drivers/wifi/intel-ax211/intel-ax211-rx.h	56	libc/include/stddef.h	keep-root libc/include->include	#include <stddef.h>
p023	c-include	src/drivers/wifi/intel-ax211/intel-ax211-rx.h	57	libc/include/stdint.h	keep-root libc/include->include	#include <stdint.h>
p023	c-include	src/drivers/wifi/intel-ax211/intel-ax211-scan-session.c	57	libc/include/string.h	keep-root libc/include->include	#include <string.h>
p023	c-include	src/drivers/wifi/intel-ax211/intel-ax211-scan-session.h	58	libc/include/stddef.h	keep-root libc/include->include	#include <stddef.h>
p023	c-include	src/drivers/wifi/intel-ax211/intel-ax211-scan-session.h	59	libc/include/stdint.h	keep-root libc/include->include	#include <stdint.h>
p023	c-include	src/drivers/wifi/intel-ax211/intel-ax211-scan.c	57	libc/include/string.h	keep-root libc/include->include	#include <string.h>
p023	c-include	src/drivers/wifi/intel-ax211/intel-ax211-scan.h	58	libc/include/stddef.h	keep-root libc/include->include	#include <stddef.h>
p023	c-include	src/drivers/wifi/intel-ax211/intel-ax211-scan.h	59	libc/include/stdint.h	keep-root libc/include->include	#include <stdint.h>
p023	c-include	src/drivers/wifi/intel-ax211/intel-ax211-transport-backend.c	11	libc/include/stddef.h	keep-root libc/include->include	#include <stddef.h>
p023	c-include	src/drivers/wifi/intel-ax211/intel-ax211-transport-backend.c	12	libc/include/stdint.h	keep-root libc/include->include	#include <stdint.h>
p023	c-include	src/drivers/wifi/intel-ax211/intel-ax211-transport-backend.c	13	libc/include/string.h	keep-root libc/include->include	#include <string.h>
p023	c-include	src/drivers/wifi/intel-ax211/intel-ax211-transport-backend.h	16	libc/include/stdint.h	keep-root libc/include->include	#include <stdint.h>
p023	c-include	src/drivers/wifi/intel-ax211/intel-ax211-transport.c	54	libc/include/stddef.h	keep-root libc/include->include	#include <stddef.h>
p023	c-include	src/drivers/wifi/intel-ax211/intel-ax211-transport.c	55	libc/include/stdint.h	keep-root libc/include->include	#include <stdint.h>
p023	c-include	src/drivers/wifi/intel-ax211/intel-ax211-transport.c	56	libc/include/string.h	keep-root libc/include->include	#include <string.h>
p023	c-include	src/drivers/wifi/intel-ax211/intel-ax211-transport.h	58	libc/include/stddef.h	keep-root libc/include->include	#include <stddef.h>
p023	c-include	src/drivers/wifi/intel-ax211/intel-ax211-transport.h	59	libc/include/stdint.h	keep-root libc/include->include	#include <stdint.h>
p023	c-include	src/drivers/wifi/intel-ax211/intel-ax211-tx-ring.c	57	libc/include/string.h	keep-root libc/include->include	#include <string.h>
p023	c-include	src/drivers/wifi/intel-ax211/intel-ax211-tx-ring.h	60	libc/include/stddef.h	keep-root libc/include->include	#include <stddef.h>
p023	c-include	src/drivers/wifi/intel-ax211/intel-ax211-tx-ring.h	61	libc/include/stdint.h	keep-root libc/include->include	#include <stdint.h>
p023	c-include	src/drivers/wifi/intel-ax211/intel-ax211-tx.c	55	libc/include/stddef.h	keep-root libc/include->include	#include <stddef.h>
p023	c-include	src/drivers/wifi/intel-ax211/intel-ax211-tx.c	56	libc/include/stdint.h	keep-root libc/include->include	#include <stdint.h>
p023	c-include	src/drivers/wifi/intel-ax211/intel-ax211-tx.c	57	libc/include/string.h	keep-root libc/include->include	#include <string.h>
p023	c-include	src/drivers/wifi/intel-ax211/intel-ax211-tx.h	56	libc/include/stddef.h	keep-root libc/include->include	#include <stddef.h>
p023	c-include	src/drivers/wifi/intel-ax211/intel-ax211-tx.h	57	libc/include/stdint.h	keep-root libc/include->include	#include <stdint.h>
p023	c-include	src/drivers/wifi/intel-ax211/intel-ax211.c	54	libc/include/string.h	keep-root libc/include->include	#include <string.h>
p023	c-include	src/drivers/wifi/intel-ax211/intel-ax211.c	1224	libc/include/errno.h	keep-root libc/include->include	#include <errno.h>
p023	c-include	src/drivers/wifi/intel-ax211/intel-ax211.c	1225	libc/include/limits.h	keep-root libc/include->include	#include <limits.h>
p023	c-include	src/drivers/wifi/intel-ax211/intel-ax211.c	1232	libc/include/stdint.h	keep-root libc/include->include	#include <stdint.h>
p023	c-include	src/drivers/wifi/intel-ax211/intel-ax211.c	1233	libc/include/string.h	keep-root libc/include->include	#include <string.h>
p023	c-include	src/drivers/wifi/rtl8822b/rtl8822b-internal.h	15	libc/include/stddef.h	keep-root libc/include->include	#include <stddef.h>
p023	c-include	src/drivers/wifi/rtl8822b/rtl8822b-internal.h	16	libc/include/stdint.h	keep-root libc/include->include	#include <stdint.h>
p023	c-include	src/drivers/wifi/rtl8822b/rtl8822b-security.c	14	libc/include/errno.h	keep-root libc/include->include	#include <errno.h>
p023	c-include	src/drivers/wifi/rtl8822b/rtl8822b-security.c	15	libc/include/limits.h	keep-root libc/include->include	#include <limits.h>
p023	c-include	src/drivers/wifi/rtl8822b/rtl8822b-security.c	16	libc/include/string.h	keep-root libc/include->include	#include <string.h>
p023	c-include	src/drivers/wifi/rtl8822b/rtl8822b.c	14	libc/include/errno.h	keep-root libc/include->include	#include <errno.h>
p023	c-include	src/drivers/wifi/rtl8822b/rtl8822b.c	15	libc/include/limits.h	keep-root libc/include->include	#include <limits.h>
p023	c-include	src/drivers/wifi/rtl8822b/rtl8822b.c	16	libc/include/string.h	keep-root libc/include->include	#include <string.h>
p023	c-include	src/drivers/wifi/rtl8822b/rtl8822b.c	22	libc/include/fcntl.h	keep-root libc/include->include	#include <fcntl.h>
p023	c-include	src/hal/amd64/bsp-pcat/cons.c	22	libc/include/string.h	keep-root libc/include->include	#include <string.h>
p023	c-include	src/hal/amd64/bsp-pcat/handoff-validation.c	14	libc/include/stddef.h	keep-root libc/include->include	#include <stddef.h>
p023	c-include	src/hal/amd64/bsp-pcat/handoff-validation.h	17	libc/include/stdint.h	keep-root libc/include->include	#include <stdint.h>
p023	c-include	src/hal/amd64/framebuffer-map.h	4	libc/include/stdint.h	keep-root libc/include->include	#include <stdint.h>
p023	c-include	src/hal/amd64/int.c	15	libc/include/errno.h	keep-root libc/include->include	#include <errno.h>
p023	c-include	src/hal/amd64/pmem-range.h	5	libc/include/stdint.h	keep-root libc/include->include	#include <stdint.h>
p023	c-include	src/hal/amd64/ram-map.h	5	libc/include/stdint.h	keep-root libc/include->include	#include <stdint.h>
p023	c-include	src/hal/arm64/int.c	7	libc/include/errno.h	keep-root libc/include->include	#include <errno.h>
p023	c-include	src/hal/i386/bsp-pc98/cons.c	27	libc/include/string.h	keep-root libc/include->include	#include <string.h>
p023	c-include	src/hal/i386/bsp-pc98/display.c	14	libc/include/stdint.h	keep-root libc/include->include	#include <stdint.h>
p023	c-include	src/hal/i386/bsp-pc98/jisx0208.c	15	libc/include/stdint.h	keep-root libc/include->include	#include <stdint.h>
p023	c-include	src/hal/i386/bsp-pcat/cons.c	22	libc/include/string.h	keep-root libc/include->include	#include <string.h>
p023	c-include	src/hal/i386/int.c	14	libc/include/errno.h	keep-root libc/include->include	#include <errno.h>
p023	c-include	src/hal/m68k/bsp-x68k/console.c	7	libc/include/string.h	keep-root libc/include->include	#include <string.h>
p023	c-include	src/hal/m68k/bsp-x68k/handoff.c	5	libc/include/stddef.h	keep-root libc/include->include	#include <stddef.h>
p023	c-include	src/hal/m68k/bsp-x68k/keyboard-map.h	7	libc/include/stdint.h	keep-root libc/include->include	#include <stdint.h>
p023	c-include	src/hal/m68k/bsp-x68k/keyboard.c	10	libc/include/string.h	keep-root libc/include->include	#include <string.h>
p023	c-include	src/hal/m68k/trap.c	4	libc/include/errno.h	keep-root libc/include->include	#include <errno.h>
p023	c-include	src/hal/sparcv9/trap.c	11	libc/include/errno.h	keep-root libc/include->include	#include <errno.h>
p023	c-include	src/hal/x86/boot-parameters.h	15	libc/include/stddef.h	keep-root libc/include->include	#include <stddef.h>
p023	c-include	src/kern/acl.c	21	libc/include/errno.h	keep-root libc/include->include	#include <errno.h>
p023	c-include	src/kern/acl.c	22	libc/include/string.h	keep-root libc/include->include	#include <string.h>
p023	c-include	src/kern/acl.c	23	libc/include/unistd.h	keep-root libc/include->include	#include <unistd.h>
p023	c-include	src/kern/backing-claim.c	28	libc/include/errno.h	keep-root libc/include->include	#include <errno.h>
p023	c-include	src/kern/backing-claim.c	29	libc/include/string.h	keep-root libc/include->include	#include <string.h>
p023	c-include	src/kern/block-identity.c	23	libc/include/errno.h	keep-root libc/include->include	#include <errno.h>
p023	c-include	src/kern/block-identity.c	24	libc/include/string.h	keep-root libc/include->include	#include <string.h>
p023	c-include	src/kern/boot.c	24	libc/include/errno.h	keep-root libc/include->include	#include <errno.h>
p023	c-include	src/kern/boot.c	25	libc/include/string.h	keep-root libc/include->include	#include <string.h>
p023	c-include	src/kern/buf.c	25	libc/include/errno.h	keep-root libc/include->include	#include <errno.h>
p023	c-include	src/kern/buf.c	26	libc/include/string.h	keep-root libc/include->include	#include <string.h>
p023	c-include	src/kern/cache.c	21	libc/include/errno.h	keep-root libc/include->include	#include <errno.h>
p023	c-include	src/kern/cache.c	22	libc/include/string.h	keep-root libc/include->include	#include <string.h>
p023	c-include	src/kern/cdev.c	25	libc/include/errno.h	keep-root libc/include->include	#include <errno.h>
p023	c-include	src/kern/cdev.c	26	libc/include/limits.h	keep-root libc/include->include	#include <limits.h>
p023	c-include	src/kern/cdev.c	27	libc/include/string.h	keep-root libc/include->include	#include <string.h>
p023	c-include	src/kern/clock.c	28	libc/include/errno.h	keep-root libc/include->include	#include <errno.h>
p023	c-include	src/kern/clock.c	30	libc/include/limits.h	keep-root libc/include->include	#include <limits.h>
p023	c-include	src/kern/cred.c	24	libc/include/errno.h	keep-root libc/include->include	#include <errno.h>
p023	c-include	src/kern/cred.c	25	libc/include/string.h	keep-root libc/include->include	#include <string.h>
p023	c-include	src/kern/cred.c	26	libc/include/unistd.h	keep-root libc/include->include	#include <unistd.h>
p023	c-include	src/kern/cwdinfo.c	15	libc/include/errno.h	keep-root libc/include->include	#include <errno.h>
p023	c-include	src/kern/cwdinfo.c	16	libc/include/string.h	keep-root libc/include->include	#include <string.h>
p023	c-include	src/kern/devfs.c	40	libc/include/errno.h	keep-root libc/include->include	#include <errno.h>
p023	c-include	src/kern/devfs.c	41	libc/include/fcntl.h	keep-root libc/include->include	#include <fcntl.h>
p023	c-include	src/kern/devfs.c	42	libc/include/limits.h	keep-root libc/include->include	#include <limits.h>
p023	c-include	src/kern/devfs.c	43	libc/include/stdint.h	keep-root libc/include->include	#include <stdint.h>
p023	c-include	src/kern/devfs.c	44	libc/include/string.h	keep-root libc/include->include	#include <string.h>
p023	c-include	src/kern/devfs.c	45	libc/include/sys/statvfs.h	keep-root libc/include->include	#include <sys/statvfs.h>
p023	c-include	src/kern/disk.c	31	libc/include/errno.h	keep-root libc/include->include	#include <errno.h>
p023	c-include	src/kern/disk.c	32	libc/include/limits.h	keep-root libc/include->include	#include <limits.h>
p023	c-include	src/kern/disk.c	35	libc/include/string.h	keep-root libc/include->include	#include <string.h>
p023	c-include	src/kern/elf.c	29	libc/include/errno.h	keep-root libc/include->include	#include <errno.h>
p023	c-include	src/kern/elf.c	30	libc/include/stdint.h	keep-root libc/include->include	#include <stdint.h>
p023	c-include	src/kern/elf.c	31	libc/include/string.h	keep-root libc/include->include	#include <string.h>
p023	c-include	src/kern/entry.c	18	libc/include/stddef.h	keep-root libc/include->include	#include <stddef.h>
p023	c-include	src/kern/entry.c	19	libc/include/stdint.h	keep-root libc/include->include	#include <stdint.h>
p023	c-include	src/kern/entry.c	20	libc/include/string.h	keep-root libc/include->include	#include <string.h>
p023	c-include	src/kern/exec.c	37	libc/include/errno.h	keep-root libc/include->include	#include <errno.h>
p023	c-include	src/kern/exec.c	38	libc/include/fcntl.h	keep-root libc/include->include	#include <fcntl.h>
p023	c-include	src/kern/exec.c	40	libc/include/stdint.h	keep-root libc/include->include	#include <stdint.h>
p023	c-include	src/kern/exec.c	41	libc/include/string.h	keep-root libc/include->include	#include <string.h>
p023	c-include	src/kern/exec.c	42	libc/include/unistd.h	keep-root libc/include->include	#include <unistd.h>
p023	c-include	src/kern/fd-object.c	15	libc/include/errno.h	keep-root libc/include->include	#include <errno.h>
p023	c-include	src/kern/fd-object.c	16	libc/include/stddef.h	keep-root libc/include->include	#include <stddef.h>
p023	c-include	src/kern/file.c	39	libc/include/errno.h	keep-root libc/include->include	#include <errno.h>
p023	c-include	src/kern/file.c	40	libc/include/fcntl.h	keep-root libc/include->include	#include <fcntl.h>
p023	c-include	src/kern/file.c	42	libc/include/stdint.h	keep-root libc/include->include	#include <stdint.h>
p023	c-include	src/kern/file.c	43	libc/include/string.h	keep-root libc/include->include	#include <string.h>
p023	c-include	src/kern/file.c	44	libc/include/unistd.h	keep-root libc/include->include	#include <unistd.h>
p023	c-include	src/kern/filedesc.c	25	libc/include/errno.h	keep-root libc/include->include	#include <errno.h>
p023	c-include	src/kern/filedesc.c	26	libc/include/string.h	keep-root libc/include->include	#include <string.h>
p023	c-include	src/kern/handle.c	18	libc/include/fcntl.h	keep-root libc/include->include	#include <fcntl.h>
p023	c-include	src/kern/handle.c	19	libc/include/errno.h	keep-root libc/include->include	#include <errno.h>
p023	c-include	src/kern/handle.c	20	libc/include/stddef.h	keep-root libc/include->include	#include <stddef.h>
p023	c-include	src/kern/init.c	15	libc/include/stddef.h	keep-root libc/include->include	#include <stddef.h>
p023	c-include	src/kern/inode.c	33	libc/include/errno.h	keep-root libc/include->include	#include <errno.h>
p023	c-include	src/kern/inode.c	34	libc/include/string.h	keep-root libc/include->include	#include <string.h>
p023	c-include	src/kern/io.c	24	libc/include/string.h	keep-root libc/include->include	#include <string.h>
p023	c-include	src/kern/irq.c	18	libc/include/errno.h	keep-root libc/include->include	#include <errno.h>
p023	c-include	src/kern/klog.c	20	libc/include/stdarg.h	keep-root libc/include->include	#include <stdarg.h>
p023	c-include	src/kern/klog.c	21	libc/include/string.h	keep-root libc/include->include	#include <string.h>
p023	c-include	src/kern/locale-record.c	14	libc/include/locale.h	keep-root libc/include->include	#include <locale.h>
p023	c-include	src/kern/locale-record.c	15	libc/include/string.h	keep-root libc/include->include	#include <string.h>
p023	c-include	src/kern/lock.c	22	libc/include/errno.h	keep-root libc/include->include	#include <errno.h>
p023	c-include	src/kern/main.c	29	libc/include/string.h	keep-root libc/include->include	#include <string.h>
p023	c-include	src/kern/mount.c	30	libc/include/errno.h	keep-root libc/include->include	#include <errno.h>
p023	c-include	src/kern/mount.c	31	libc/include/string.h	keep-root libc/include->include	#include <string.h>
p023	c-include	src/kern/mount.c	32	libc/include/sys/statvfs.h	keep-root libc/include->include	#include <sys/statvfs.h>
p023	c-include	src/kern/namecache.c	24	libc/include/errno.h	keep-root libc/include->include	#include <errno.h>
p023	c-include	src/kern/namecache.c	25	libc/include/string.h	keep-root libc/include->include	#include <string.h>
p023	c-include	src/kern/namei.c	23	libc/include/errno.h	keep-root libc/include->include	#include <errno.h>
p023	c-include	src/kern/namei.c	24	libc/include/fcntl.h	keep-root libc/include->include	#include <fcntl.h>
p023	c-include	src/kern/namei.c	25	libc/include/string.h	keep-root libc/include->include	#include <string.h>
p023	c-include	src/kern/namei.c	26	libc/include/unistd.h	keep-root libc/include->include	#include <unistd.h>
p023	c-include	src/kern/net/arp.c	29	libc/include/errno.h	keep-root libc/include->include	#include <errno.h>
p023	c-include	src/kern/net/arp.c	30	libc/include/string.h	keep-root libc/include->include	#include <string.h>
p023	c-include	src/kern/net/checksum.c	14	libc/include/stdint.h	keep-root libc/include->include	#include <stdint.h>
p023	c-include	src/kern/net/core.c	33	libc/include/errno.h	keep-root libc/include->include	#include <errno.h>
p023	c-include	src/kern/net/core.c	35	libc/include/stdbool.h	keep-root libc/include->include	#include <stdbool.h>
p023	c-include	src/kern/net/core.c	36	libc/include/string.h	keep-root libc/include->include	#include <string.h>
p023	c-include	src/kern/net/ethernet.c	22	libc/include/errno.h	keep-root libc/include->include	#include <errno.h>
p023	c-include	src/kern/net/ethernet.c	23	libc/include/string.h	keep-root libc/include->include	#include <string.h>
p023	c-include	src/kern/net/icmp.c	26	libc/include/errno.h	keep-root libc/include->include	#include <errno.h>
p023	c-include	src/kern/net/icmp.c	27	libc/include/string.h	keep-root libc/include->include	#include <string.h>
p023	c-include	src/kern/net/inet-socket.c	31	libc/include/errno.h	keep-root libc/include->include	#include <errno.h>
p023	c-include	src/kern/net/inet-socket.c	32	libc/include/stdbool.h	keep-root libc/include->include	#include <stdbool.h>
p023	c-include	src/kern/net/inet-socket.c	33	libc/include/string.h	keep-root libc/include->include	#include <string.h>
p023	c-include	src/kern/net/internal.h	20	libc/include/stddef.h	keep-root libc/include->include	#include <stddef.h>
p023	c-include	src/kern/net/internal.h	21	libc/include/stdint.h	keep-root libc/include->include	#include <stdint.h>
p023	c-include	src/kern/net/ipv4.c	26	libc/include/errno.h	keep-root libc/include->include	#include <errno.h>
p023	c-include	src/kern/net/ipv4.c	27	libc/include/string.h	keep-root libc/include->include	#include <string.h>
p023	c-include	src/kern/net/net-device.c	26	libc/include/errno.h	keep-root libc/include->include	#include <errno.h>
p023	c-include	src/kern/net/net-device.c	27	libc/include/stdbool.h	keep-root libc/include->include	#include <stdbool.h>
p023	c-include	src/kern/net/net-device.c	28	libc/include/string.h	keep-root libc/include->include	#include <string.h>
p023	c-include	src/kern/net/packet-buf.c	23	libc/include/errno.h	keep-root libc/include->include	#include <errno.h>
p023	c-include	src/kern/net/packet-buf.c	24	libc/include/stdbool.h	keep-root libc/include->include	#include <stdbool.h>
p023	c-include	src/kern/net/packet-buf.c	25	libc/include/string.h	keep-root libc/include->include	#include <string.h>
p023	c-include	src/kern/net/packet-socket.c	24	libc/include/errno.h	keep-root libc/include->include	#include <errno.h>
p023	c-include	src/kern/net/packet-socket.c	25	libc/include/string.h	keep-root libc/include->include	#include <string.h>
p023	c-include	src/kern/net/route-socket.c	18	libc/include/errno.h	keep-root libc/include->include	#include <errno.h>
p023	c-include	src/kern/net/route-socket.c	19	libc/include/string.h	keep-root libc/include->include	#include <string.h>
p023	c-include	src/kern/net/route.c	25	libc/include/errno.h	keep-root libc/include->include	#include <errno.h>
p023	c-include	src/kern/net/route.c	26	libc/include/stdbool.h	keep-root libc/include->include	#include <stdbool.h>
p023	c-include	src/kern/net/route.c	27	libc/include/string.h	keep-root libc/include->include	#include <string.h>
p023	c-include	src/kern/net/socket-file.c	22	libc/include/errno.h	keep-root libc/include->include	#include <errno.h>
p023	c-include	src/kern/net/socket-file.c	23	libc/include/fcntl.h	keep-root libc/include->include	#include <fcntl.h>
p023	c-include	src/kern/net/socket.c	28	libc/include/errno.h	keep-root libc/include->include	#include <errno.h>
p023	c-include	src/kern/net/socket.c	30	libc/include/string.h	keep-root libc/include->include	#include <string.h>
p023	c-include	src/kern/net/tcp.c	39	libc/include/errno.h	keep-root libc/include->include	#include <errno.h>
p023	c-include	src/kern/net/tcp.c	40	libc/include/string.h	keep-root libc/include->include	#include <string.h>
p023	c-include	src/kern/net/udp.c	28	libc/include/errno.h	keep-root libc/include->include	#include <errno.h>
p023	c-include	src/kern/net/udp.c	29	libc/include/string.h	keep-root libc/include->include	#include <string.h>
p023	c-include	src/kern/net/unix-socket.c	35	libc/include/errno.h	keep-root libc/include->include	#include <errno.h>
p023	c-include	src/kern/net/unix-socket.c	36	libc/include/stddef.h	keep-root libc/include->include	#include <stddef.h>
p023	c-include	src/kern/net/unix-socket.c	37	libc/include/string.h	keep-root libc/include->include	#include <string.h>
p023	c-include	src/kern/net/unix-socket.c	38	libc/include/sys/un.h	keep-root libc/include->include	#include <sys/un.h>
p023	c-include	src/kern/net/unix-socket.c	39	libc/include/unistd.h	keep-root libc/include->include	#include <unistd.h>
p023	c-include	src/kern/net/wifi/wlan-crypto.c	20	libc/include/errno.h	keep-root libc/include->include	#include <errno.h>
p023	c-include	src/kern/net/wifi/wlan-crypto.c	21	libc/include/stdint.h	keep-root libc/include->include	#include <stdint.h>
p023	c-include	src/kern/net/wifi/wlan-crypto.c	22	libc/include/string.h	keep-root libc/include->include	#include <string.h>
p023	c-include	src/kern/net/wifi/wlan-crypto.h	19	libc/include/stddef.h	keep-root libc/include->include	#include <stddef.h>
p023	c-include	src/kern/net/wifi/wlan-crypto.h	20	libc/include/stdint.h	keep-root libc/include->include	#include <stdint.h>
p023	c-include	src/kern/net/wifi/wlan-frame.c	19	libc/include/errno.h	keep-root libc/include->include	#include <errno.h>
p023	c-include	src/kern/net/wifi/wlan-frame.c	20	libc/include/string.h	keep-root libc/include->include	#include <string.h>
p023	c-include	src/kern/net/wifi/wlan-l2.c	20	libc/include/errno.h	keep-root libc/include->include	#include <errno.h>
p023	c-include	src/kern/net/wifi/wlan-l2.c	21	libc/include/string.h	keep-root libc/include->include	#include <string.h>
p023	c-include	src/kern/net/wifi/wlan-l2.h	20	libc/include/stddef.h	keep-root libc/include->include	#include <stddef.h>
p023	c-include	src/kern/net/wifi/wlan-l2.h	21	libc/include/stdint.h	keep-root libc/include->include	#include <stdint.h>
p023	c-include	src/kern/net/wifi/wlan-wpa2-codec.c	20	libc/include/errno.h	keep-root libc/include->include	#include <errno.h>
p023	c-include	src/kern/net/wifi/wlan-wpa2-codec.c	21	libc/include/string.h	keep-root libc/include->include	#include <string.h>
p023	c-include	src/kern/net/wifi/wlan-wpa2-codec.h	20	libc/include/stddef.h	keep-root libc/include->include	#include <stddef.h>
p023	c-include	src/kern/net/wifi/wlan-wpa2-codec.h	21	libc/include/stdint.h	keep-root libc/include->include	#include <stdint.h>
p023	c-include	src/kern/net/wifi/wlan-wpa2.c	21	libc/include/errno.h	keep-root libc/include->include	#include <errno.h>
p023	c-include	src/kern/net/wifi/wlan-wpa2.c	22	libc/include/string.h	keep-root libc/include->include	#include <string.h>
p023	c-include	src/kern/net/wifi/wlan-wpa2.h	20	libc/include/stddef.h	keep-root libc/include->include	#include <stddef.h>
p023	c-include	src/kern/net/wifi/wlan-wpa2.h	21	libc/include/stdint.h	keep-root libc/include->include	#include <stdint.h>
p023	c-include	src/kern/net/wifi/wlan.c	30	libc/include/errno.h	keep-root libc/include->include	#include <errno.h>
p023	c-include	src/kern/net/wifi/wlan.c	31	libc/include/limits.h	keep-root libc/include->include	#include <limits.h>
p023	c-include	src/kern/net/wifi/wlan.c	32	libc/include/stdint.h	keep-root libc/include->include	#include <stdint.h>
p023	c-include	src/kern/net/wifi/wlan.c	33	libc/include/string.h	keep-root libc/include->include	#include <string.h>
p023	c-include	src/kern/net/wire.h	19	libc/include/stdint.h	keep-root libc/include->include	#include <stdint.h>
p023	c-include	src/kern/panic.c	13	libc/include/stddef.h	keep-root libc/include->include	#include <stddef.h>
p023	c-include	src/kern/partition.c	21	libc/include/errno.h	keep-root libc/include->include	#include <errno.h>
p023	c-include	src/kern/partition.c	22	libc/include/limits.h	keep-root libc/include->include	#include <limits.h>
p023	c-include	src/kern/partition.c	23	libc/include/string.h	keep-root libc/include->include	#include <string.h>
p023	c-include	src/kern/pipe.c	27	libc/include/errno.h	keep-root libc/include->include	#include <errno.h>
p023	c-include	src/kern/pipe.c	28	libc/include/fcntl.h	keep-root libc/include->include	#include <fcntl.h>
p023	c-include	src/kern/pipe.c	29	libc/include/stdint.h	keep-root libc/include->include	#include <stdint.h>
p023	c-include	src/kern/pipe.c	30	libc/include/string.h	keep-root libc/include->include	#include <string.h>
p023	c-include	src/kern/platform/pc98.c	30	libc/include/errno.h	keep-root libc/include->include	#include <errno.h>
p023	c-include	src/kern/platform/pcat.c	70	libc/include/errno.h	keep-root libc/include->include	#include <errno.h>
p023	c-include	src/kern/platform/rpi4.c	15	libc/include/errno.h	keep-root libc/include->include	#include <errno.h>
p023	c-include	src/kern/platform/sun4u.c	15	libc/include/errno.h	keep-root libc/include->include	#include <errno.h>
p023	c-include	src/kern/platform/x68k.c	16	libc/include/errno.h	keep-root libc/include->include	#include <errno.h>
p023	c-include	src/kern/pmem.c	18	libc/include/errno.h	keep-root libc/include->include	#include <errno.h>
p023	c-include	src/kern/poll.c	28	libc/include/errno.h	keep-root libc/include->include	#include <errno.h>
p023	c-include	src/kern/poll.c	29	libc/include/fcntl.h	keep-root libc/include->include	#include <fcntl.h>
p023	c-include	src/kern/process.c	42	libc/include/errno.h	keep-root libc/include->include	#include <errno.h>
p023	c-include	src/kern/process.c	44	libc/include/string.h	keep-root libc/include->include	#include <string.h>
p023	c-include	src/kern/process.c	45	libc/include/sys/wait.h	keep-root libc/include->include	#include <sys/wait.h>
p023	c-include	src/kern/ptrace.c	33	libc/include/errno.h	keep-root libc/include->include	#include <errno.h>
p023	c-include	src/kern/ptrace.c	35	libc/include/string.h	keep-root libc/include->include	#include <string.h>
p023	c-include	src/kern/quota.c	20	libc/include/errno.h	keep-root libc/include->include	#include <errno.h>
p023	c-include	src/kern/quota.c	21	libc/include/string.h	keep-root libc/include->include	#include <string.h>
p023	c-include	src/kern/readahead.c	20	libc/include/errno.h	keep-root libc/include->include	#include <errno.h>
p023	c-include	src/kern/readahead.c	21	libc/include/string.h	keep-root libc/include->include	#include <string.h>
p023	c-include	src/kern/record-lock.c	26	libc/include/errno.h	keep-root libc/include->include	#include <errno.h>
p023	c-include	src/kern/record-lock.c	27	libc/include/fcntl.h	keep-root libc/include->include	#include <fcntl.h>
p023	c-include	src/kern/record-lock.c	28	libc/include/stdint.h	keep-root libc/include->include	#include <stdint.h>
p023	c-include	src/kern/record-lock.c	29	libc/include/stdio.h	keep-root libc/include->include	#include <stdio.h>
p023	c-include	src/kern/resource.c	30	libc/include/string.h	keep-root libc/include->include	#include <string.h>
p023	c-include	src/kern/resource.c	36	libc/include/errno.h	keep-root libc/include->include	#include <errno.h>
p023	c-include	src/kern/sched.c	29	libc/include/errno.h	keep-root libc/include->include	#include <errno.h>
p023	c-include	src/kern/sched.c	35	libc/include/string.h	keep-root libc/include->include	#include <string.h>
p023	c-include	src/kern/sched.c	108	libc/include/string.h	keep-root libc/include->include	#include <string.h>
p023	c-include	src/kern/shutdown.c	19	libc/include/errno.h	keep-root libc/include->include	#include <errno.h>
p023	c-include	src/kern/signal.c	29	libc/include/errno.h	keep-root libc/include->include	#include <errno.h>
p023	c-include	src/kern/signal.c	31	libc/include/stddef.h	keep-root libc/include->include	#include <stddef.h>
p023	c-include	src/kern/signal.c	32	libc/include/string.h	keep-root libc/include->include	#include <string.h>
p023	c-include	src/kern/swap.c	20	libc/include/errno.h	keep-root libc/include->include	#include <errno.h>
p023	c-include	src/kern/swap.c	22	libc/include/stddef.h	keep-root libc/include->include	#include <stddef.h>
p023	c-include	src/kern/swap.c	23	libc/include/string.h	keep-root libc/include->include	#include <string.h>
p023	c-include	src/kern/swap.c	44	libc/include/fcntl.h	keep-root libc/include->include	#include <fcntl.h>
p023	c-include	src/kern/swap.c	45	libc/include/limits.h	keep-root libc/include->include	#include <limits.h>
p023	c-include	src/kern/swap.c	46	libc/include/sys/stat.h	keep-root libc/include->include	#include <sys/stat.h>
p023	c-include	src/kern/syscall.c	66	libc/include/errno.h	keep-root libc/include->include	#include <errno.h>
p023	c-include	src/kern/syscall.c	67	libc/include/fcntl.h	keep-root libc/include->include	#include <fcntl.h>
p023	c-include	src/kern/syscall.c	69	libc/include/limits.h	keep-root libc/include->include	#include <limits.h>
p023	c-include	src/kern/syscall.c	70	libc/include/stdint.h	keep-root libc/include->include	#include <stdint.h>
p023	c-include	src/kern/syscall.c	71	libc/include/string.h	keep-root libc/include->include	#include <string.h>
p023	c-include	src/kern/syscall.c	72	libc/include/sys/mman.h	keep-root libc/include->include	#include <sys/mman.h>
p023	c-include	src/kern/syscall.c	73	libc/include/sys/resource.h	keep-root libc/include->include	#include <sys/resource.h>
p023	c-include	src/kern/syscall.c	74	libc/include/sys/time.h	keep-root libc/include->include	#include <sys/time.h>
p023	c-include	src/kern/syscall.c	75	libc/include/sys/mount.h	keep-root libc/include->include	#include <sys/mount.h>
p023	c-include	src/kern/syscall.c	76	libc/include/sys/select.h	keep-root libc/include->include	#include <sys/select.h>
p023	c-include	src/kern/syscall.c	77	libc/include/sys/socket.h	keep-root libc/include->include	#include <sys/socket.h>
p023	c-include	src/kern/syscall.c	78	libc/include/sys/stat.h	keep-root libc/include->include	#include <sys/stat.h>
p023	c-include	src/kern/syscall.c	79	libc/include/sys/statvfs.h	keep-root libc/include->include	#include <sys/statvfs.h>
p023	c-include	src/kern/syscall.c	80	libc/include/sys/sysctl.h	keep-root libc/include->include	#include <sys/sysctl.h>
p023	c-include	src/kern/syscall.c	81	libc/include/sys/wait.h	keep-root libc/include->include	#include <sys/wait.h>
p023	c-include	src/kern/syscall.c	82	libc/include/time.h	keep-root libc/include->include	#include <time.h>
p023	c-include	src/kern/syscall.c	83	libc/include/unistd.h	keep-root libc/include->include	#include <unistd.h>
p023	c-include	src/kern/syscall.c	84	libc/include/stdlib.h	keep-root libc/include->include	#include <stdlib.h>
p023	c-include	src/kern/sysctl.c	28	libc/include/errno.h	keep-root libc/include->include	#include <errno.h>
p023	c-include	src/kern/sysctl.c	30	libc/include/stdint.h	keep-root libc/include->include	#include <stdint.h>
p023	c-include	src/kern/sysctl.c	31	libc/include/string.h	keep-root libc/include->include	#include <string.h>
p023	c-include	src/kern/test-fault.c	20	libc/include/errno.h	keep-root libc/include->include	#include <errno.h>
p023	c-include	src/kern/test-fault.c	22	libc/include/string.h	keep-root libc/include->include	#include <string.h>
p023	c-include	src/kern/text-display.c	17	libc/include/errno.h	keep-root libc/include->include	#include <errno.h>
p023	c-include	src/kern/text-display.c	18	libc/include/stddef.h	keep-root libc/include->include	#include <stddef.h>
p023	c-include	src/kern/thread.c	24	libc/include/errno.h	keep-root libc/include->include	#include <errno.h>
p023	c-include	src/kern/thread.c	26	libc/include/string.h	keep-root libc/include->include	#include <string.h>
p023	c-include	src/kern/timer.c	27	libc/include/errno.h	keep-root libc/include->include	#include <errno.h>
p023	c-include	src/kern/timer.c	28	libc/include/limits.h	keep-root libc/include->include	#include <limits.h>
p023	c-include	src/kern/timer.c	29	libc/include/string.h	keep-root libc/include->include	#include <string.h>
p023	c-include	src/kern/tmpfs.c	27	libc/include/errno.h	keep-root libc/include->include	#include <errno.h>
p023	c-include	src/kern/tmpfs.c	28	libc/include/stdint.h	keep-root libc/include->include	#include <stdint.h>
p023	c-include	src/kern/tmpfs.c	29	libc/include/string.h	keep-root libc/include->include	#include <string.h>
p023	c-include	src/kern/tmpfs.c	30	libc/include/sys/statvfs.h	keep-root libc/include->include	#include <sys/statvfs.h>
p023	c-include	src/kern/tty.c	36	libc/include/errno.h	keep-root libc/include->include	#include <errno.h>
p023	c-include	src/kern/tty.c	37	libc/include/fcntl.h	keep-root libc/include->include	#include <fcntl.h>
p023	c-include	src/kern/tty.c	40	libc/include/poll.h	keep-root libc/include->include	#include <poll.h>
p023	c-include	src/kern/tty.c	41	libc/include/string.h	keep-root libc/include->include	#include <string.h>
p023	c-include	src/kern/tty.c	42	libc/include/termios.h	keep-root libc/include->include	#include <termios.h>
p023	c-include	src/kern/uaccess.c	27	libc/include/errno.h	keep-root libc/include->include	#include <errno.h>
p023	c-include	src/kern/uaccess.c	30	libc/include/limits.h	keep-root libc/include->include	#include <limits.h>
p023	c-include	src/kern/uaccess.c	31	libc/include/string.h	keep-root libc/include->include	#include <string.h>
p023	c-include	src/kern/user-probe.c	24	libc/include/errno.h	keep-root libc/include->include	#include <errno.h>
p023	c-include	src/kern/user-probe.c	26	libc/include/string.h	keep-root libc/include->include	#include <string.h>
p023	c-include	src/kern/usync.c	22	libc/include/errno.h	keep-root libc/include->include	#include <errno.h>
p023	c-include	src/kern/vfs.c	47	libc/include/errno.h	keep-root libc/include->include	#include <errno.h>
p023	c-include	src/kern/vfs.c	48	libc/include/fcntl.h	keep-root libc/include->include	#include <fcntl.h>
p023	c-include	src/kern/vfs.c	50	libc/include/string.h	keep-root libc/include->include	#include <string.h>
p023	c-include	src/kern/vm-device.c	19	libc/include/errno.h	keep-root libc/include->include	#include <errno.h>
p023	c-include	src/kern/vm-device.c	20	libc/include/string.h	keep-root libc/include->include	#include <string.h>
p023	c-include	src/kern/vm.c	32	libc/include/errno.h	keep-root libc/include->include	#include <errno.h>
p023	c-include	src/kern/vm.c	33	libc/include/string.h	keep-root libc/include->include	#include <string.h>
p023	c-include	src/kern/vm.c	34	libc/include/sys/mman.h	keep-root libc/include->include	#include <sys/mman.h>
p023	c-include	src/kern/vm.c	39	libc/include/limits.h	keep-root libc/include->include	#include <limits.h>
p023	c-include	src/kern/vmspace.c	30	libc/include/errno.h	keep-root libc/include->include	#include <errno.h>
p023	c-include	src/kern/vmspace.c	31	libc/include/string.h	keep-root libc/include->include	#include <string.h>
p023	c-include	src/kern/vmspace.c	32	libc/include/sys/mman.h	keep-root libc/include->include	#include <sys/mman.h>
p023	c-include	src/kern/waitq.c	27	libc/include/errno.h	keep-root libc/include->include	#include <errno.h>
p023	c-include	src/kern/writeback.c	22	libc/include/errno.h	keep-root libc/include->include	#include <errno.h>
p023	c-include	src/kern/writeback.c	23	libc/include/string.h	keep-root libc/include->include	#include <string.h>
p023	c-include	src/kern/writeback.c	26	libc/include/stddef.h	keep-root libc/include->include	#include <stddef.h>
p023	c-include	src/rtld/elf.h	17	libc/include/stddef.h	keep-root libc/include->include	#include <stddef.h>
p023	c-include	src/rtld/elf.h	18	libc/include/stdint.h	keep-root libc/include->include	#include <stdint.h>
p023	c-include	src/rtld/rtld.c	16	libc/include/link.h	keep-root libc/include->include	#include <link.h>
p023	c-include	src/rtld/rtld.c	18	libc/include/rtld-abi.h	keep-root libc/include->include	#include <rtld-abi.h>
p023	c-include	src/rtld/rtld.c	22	libc/include/dlfcn.h	keep-root libc/include->include	#include <dlfcn.h>
p023	c-include	src/rtld/rtld.c	23	libc/include/fcntl.h	keep-root libc/include->include	#include <fcntl.h>
p023	c-include	src/rtld/rtld.c	24	libc/include/sys/mman.h	keep-root libc/include->include	#include <sys/mman.h>
p023	c-include	src/rtld/rtld.c	25	libc/include/sys/stat.h	keep-root libc/include->include	#include <sys/stat.h>
p023	c-include	src/rtld/rtld.h	18	libc/include/stddef.h	keep-root libc/include->include	#include <stddef.h>
p023	c-include	src/rtld/rtld.h	19	libc/include/stdint.h	keep-root libc/include->include	#include <stdint.h>
p023	c-include	src/softfloat/compiler-runtime.c	21	libc/include/stdint.h	keep-root libc/include->include	#include <stdint.h>
p023	c-include	src/softfloat/compiler-runtime128.c	21	libc/include/stdint.h	keep-root libc/include->include	#include <stdint.h>
p023	c-include	src/softfloat/zed-softfloat.c	22	libc/include/fenv.h	keep-root libc/include->include	#include <fenv.h>
p023	c-include	src/softfloat/zed-softfloat.c	23	libc/include/stdint.h	keep-root libc/include->include	#include <stdint.h>
p023	c-include	src/softfloat/zed-softfloat.h	20	libc/include/stdint.h	keep-root libc/include->include	#include <stdint.h>
p023	c-include	src/softfloat/zed-softfloat128.c	23	libc/include/fenv.h	keep-root libc/include->include	#include <fenv.h>
p023	c-include	src/softfloat/zed-softfloat128.c	24	libc/include/stdint.h	keep-root libc/include->include	#include <stdint.h>
p023	c-include	src/softfloat/zed-softfloat128.h	20	libc/include/stdint.h	keep-root libc/include->include	#include <stdint.h>
p023	c-include	tools/build/zedimage-host.c	4	libc/include/dirent.h	keep-root libc/include->include	#include <dirent.h>
p023	c-include	tools/build/zedimage-host.c	5	libc/include/errno.h	keep-root libc/include->include	#include <errno.h>
p023	c-include	tools/build/zedimage-host.c	6	libc/include/fcntl.h	keep-root libc/include->include	#include <fcntl.h>
p023	c-include	tools/build/zedimage-host.c	7	libc/include/limits.h	keep-root libc/include->include	#include <limits.h>
p023	c-include	tools/build/zedimage-host.c	8	libc/include/stdint.h	keep-root libc/include->include	#include <stdint.h>
p023	c-include	tools/build/zedimage-host.c	9	libc/include/stdio.h	keep-root libc/include->include	#include <stdio.h>
p023	c-include	tools/build/zedimage-host.c	10	libc/include/stdlib.h	keep-root libc/include->include	#include <stdlib.h>
p023	c-include	tools/build/zedimage-host.c	11	libc/include/string.h	keep-root libc/include->include	#include <string.h>
p023	c-include	tools/build/zedimage-host.c	12	libc/include/sys/stat.h	keep-root libc/include->include	#include <sys/stat.h>
p023	c-include	tools/build/zedimage-host.c	13	libc/include/sys/types.h	keep-root libc/include->include	#include <sys/types.h>
p023	c-include	tools/build/zedimage-host.c	14	libc/include/time.h	keep-root libc/include->include	#include <time.h>
p023	c-include	tools/build/zedimage-host.c	15	libc/include/unistd.h	keep-root libc/include->include	#include <unistd.h>
p023	c-include	userland/X11/libX11/xlib.c	14	libc/include/X11/Xlib.h	keep-root libc/include->include	#include <X11/Xlib.h>
p023	c-include	userland/X11/libX11/xlib.c	15	libc/include/X11/Xzed.h	keep-root libc/include->include	#include <X11/Xzed.h>
p023	c-include	userland/X11/libX11/xlib.c	16	libc/include/X11/keysym.h	keep-root libc/include->include	#include <X11/keysym.h>
p023	c-include	userland/X11/libX11/xlib.c	17	libc/include/errno.h	keep-root libc/include->include	#include <errno.h>
p023	c-include	userland/X11/libX11/xlib.c	18	libc/include/fcntl.h	keep-root libc/include->include	#include <fcntl.h>
p023	c-include	userland/X11/libX11/xlib.c	19	libc/include/stdlib.h	keep-root libc/include->include	#include <stdlib.h>
p023	c-include	userland/X11/libX11/xlib.c	20	libc/include/string.h	keep-root libc/include->include	#include <string.h>
p023	c-include	userland/X11/libX11/xlib.c	21	libc/include/sys/socket.h	keep-root libc/include->include	#include <sys/socket.h>
p023	c-include	userland/X11/libX11/xlib.c	22	libc/include/sys/un.h	keep-root libc/include->include	#include <sys/un.h>
p023	c-include	userland/X11/libX11/xlib.c	23	libc/include/unistd.h	keep-root libc/include->include	#include <unistd.h>
p023	c-include	userland/X11/xzed/input-posix.c	16	libc/include/fcntl.h	keep-root libc/include->include	#include <fcntl.h>
p023	c-include	userland/X11/xzed/input-posix.c	17	libc/include/sys/ioctl.h	keep-root libc/include->include	#include <sys/ioctl.h>
p023	c-include	userland/X11/xzed/input-posix.c	18	libc/include/unistd.h	keep-root libc/include->include	#include <unistd.h>
p023	c-include	userland/X11/xzed/input.c	16	libc/include/dirent.h	keep-root libc/include->include	#include <dirent.h>
p023	c-include	userland/X11/xzed/input.c	17	libc/include/errno.h	keep-root libc/include->include	#include <errno.h>
p023	c-include	userland/X11/xzed/input.c	18	libc/include/limits.h	keep-root libc/include->include	#include <limits.h>
p023	c-include	userland/X11/xzed/input.c	19	libc/include/stdio.h	keep-root libc/include->include	#include <stdio.h>
p023	c-include	userland/X11/xzed/input.c	20	libc/include/stdlib.h	keep-root libc/include->include	#include <stdlib.h>
p023	c-include	userland/X11/xzed/input.c	21	libc/include/string.h	keep-root libc/include->include	#include <string.h>
p023	c-include	userland/X11/xzed/input.h	17	libc/include/poll.h	keep-root libc/include->include	#include <poll.h>
p023	c-include	userland/X11/xzed/input.h	18	libc/include/stddef.h	keep-root libc/include->include	#include <stddef.h>
p023	c-include	userland/X11/xzed/input.h	19	libc/include/stdint.h	keep-root libc/include->include	#include <stdint.h>
p023	c-include	userland/X11/xzed/input.h	20	libc/include/sys/types.h	keep-root libc/include->include	#include <sys/types.h>
p023	c-include	userland/X11/xzed/main.c	16	libc/include/errno.h	keep-root libc/include->include	#include <errno.h>
p023	c-include	userland/X11/xzed/main.c	17	libc/include/fcntl.h	keep-root libc/include->include	#include <fcntl.h>
p023	c-include	userland/X11/xzed/main.c	18	libc/include/poll.h	keep-root libc/include->include	#include <poll.h>
p023	c-include	userland/X11/xzed/main.c	19	libc/include/signal.h	keep-root libc/include->include	#include <signal.h>
p023	c-include	userland/X11/xzed/main.c	20	libc/include/stdint.h	keep-root libc/include->include	#include <stdint.h>
p023	c-include	userland/X11/xzed/main.c	21	libc/include/stdio.h	keep-root libc/include->include	#include <stdio.h>
p023	c-include	userland/X11/xzed/main.c	22	libc/include/stdlib.h	keep-root libc/include->include	#include <stdlib.h>
p023	c-include	userland/X11/xzed/main.c	23	libc/include/string.h	keep-root libc/include->include	#include <string.h>
p023	c-include	userland/X11/xzed/main.c	24	libc/include/sys/ioctl.h	keep-root libc/include->include	#include <sys/ioctl.h>
p023	c-include	userland/X11/xzed/main.c	25	libc/include/sys/socket.h	keep-root libc/include->include	#include <sys/socket.h>
p023	c-include	userland/X11/xzed/main.c	26	libc/include/sys/stat.h	keep-root libc/include->include	#include <sys/stat.h>
p023	c-include	userland/X11/xzed/main.c	27	libc/include/sys/un.h	keep-root libc/include->include	#include <sys/un.h>
p023	c-include	userland/X11/xzed/main.c	28	libc/include/unistd.h	keep-root libc/include->include	#include <unistd.h>
p023	c-include	userland/X11/xzed/pointer.h	17	libc/include/stdint.h	keep-root libc/include->include	#include <stdint.h>
p023	c-include	userland/X11/zshell/main.c	14	libc/include/X11/Xlib.h	keep-root libc/include->include	#include <X11/Xlib.h>
p023	c-include	userland/X11/zshell/main.c	15	libc/include/X11/Xzed.h	keep-root libc/include->include	#include <X11/Xzed.h>
p023	c-include	userland/X11/zshell/main.c	17	libc/include/errno.h	keep-root libc/include->include	#include <errno.h>
p023	c-include	userland/X11/zshell/main.c	18	libc/include/fcntl.h	keep-root libc/include->include	#include <fcntl.h>
p023	c-include	userland/X11/zshell/main.c	19	libc/include/poll.h	keep-root libc/include->include	#include <poll.h>
p023	c-include	userland/X11/zshell/main.c	20	libc/include/stdint.h	keep-root libc/include->include	#include <stdint.h>
p023	c-include	userland/X11/zshell/main.c	21	libc/include/stdio.h	keep-root libc/include->include	#include <stdio.h>
p023	c-include	userland/X11/zshell/main.c	22	libc/include/stdlib.h	keep-root libc/include->include	#include <stdlib.h>
p023	c-include	userland/X11/zshell/main.c	23	libc/include/string.h	keep-root libc/include->include	#include <string.h>
p023	c-include	userland/X11/zshell/main.c	24	libc/include/sys/stat.h	keep-root libc/include->include	#include <sys/stat.h>
p023	c-include	userland/X11/zshell/main.c	25	libc/include/time.h	keep-root libc/include->include	#include <time.h>
p023	c-include	userland/X11/zshell/main.c	26	libc/include/unistd.h	keep-root libc/include->include	#include <unistd.h>
p023	c-include	userland/X11/zterm/main.c	14	libc/include/X11/Xlib.h	keep-root libc/include->include	#include <X11/Xlib.h>
p023	c-include	userland/X11/zterm/main.c	15	libc/include/X11/Xzed.h	keep-root libc/include->include	#include <X11/Xzed.h>
p023	c-include	userland/X11/zterm/main.c	16	libc/include/X11/keysym.h	keep-root libc/include->include	#include <X11/keysym.h>
p023	c-include	userland/X11/zterm/main.c	18	libc/include/errno.h	keep-root libc/include->include	#include <errno.h>
p023	c-include	userland/X11/zterm/main.c	19	libc/include/poll.h	keep-root libc/include->include	#include <poll.h>
p023	c-include	userland/X11/zterm/main.c	20	libc/include/pty.h	keep-root libc/include->include	#include <pty.h>
p023	c-include	userland/X11/zterm/main.c	21	libc/include/stdint.h	keep-root libc/include->include	#include <stdint.h>
p023	c-include	userland/X11/zterm/main.c	22	libc/include/stdio.h	keep-root libc/include->include	#include <stdio.h>
p023	c-include	userland/X11/zterm/main.c	23	libc/include/stdlib.h	keep-root libc/include->include	#include <stdlib.h>
p023	c-include	userland/X11/zterm/main.c	24	libc/include/string.h	keep-root libc/include->include	#include <string.h>
p023	c-include	userland/X11/zterm/main.c	25	libc/include/sys/wait.h	keep-root libc/include->include	#include <sys/wait.h>
p023	c-include	userland/X11/zterm/main.c	26	libc/include/sys/ioctl.h	keep-root libc/include->include	#include <sys/ioctl.h>
p023	c-include	userland/X11/zterm/main.c	27	libc/include/termios.h	keep-root libc/include->include	#include <termios.h>
p023	c-include	userland/X11/zterm/main.c	28	libc/include/unistd.h	keep-root libc/include->include	#include <unistd.h>
p023	c-include	userland/X11/zwm/main.c	14	libc/include/X11/Xlib.h	keep-root libc/include->include	#include <X11/Xlib.h>
p023	c-include	userland/X11/zwm/main.c	15	libc/include/X11/Xzed.h	keep-root libc/include->include	#include <X11/Xzed.h>
p023	c-include	userland/X11/zwm/main.c	17	libc/include/errno.h	keep-root libc/include->include	#include <errno.h>
p023	c-include	userland/X11/zwm/main.c	18	libc/include/fcntl.h	keep-root libc/include->include	#include <fcntl.h>
p023	c-include	userland/X11/zwm/main.c	19	libc/include/stdint.h	keep-root libc/include->include	#include <stdint.h>
p023	c-include	userland/X11/zwm/main.c	20	libc/include/stdio.h	keep-root libc/include->include	#include <stdio.h>
p023	c-include	userland/X11/zwm/main.c	21	libc/include/stdlib.h	keep-root libc/include->include	#include <stdlib.h>
p023	c-include	userland/X11/zwm/main.c	22	libc/include/string.h	keep-root libc/include->include	#include <string.h>
p023	c-include	userland/X11/zwm/main.c	23	libc/include/sys/stat.h	keep-root libc/include->include	#include <sys/stat.h>
p023	c-include	userland/X11/zwm/main.c	24	libc/include/unistd.h	keep-root libc/include->include	#include <unistd.h>
p023	c-include	userland/base/ar/main.c	17	libc/include/errno.h	keep-root libc/include->include	#include <errno.h>
p023	c-include	userland/base/ar/main.c	18	libc/include/fcntl.h	keep-root libc/include->include	#include <fcntl.h>
p023	c-include	userland/base/ar/main.c	19	libc/include/stdio.h	keep-root libc/include->include	#include <stdio.h>
p023	c-include	userland/base/ar/main.c	20	libc/include/stdlib.h	keep-root libc/include->include	#include <stdlib.h>
p023	c-include	userland/base/ar/main.c	21	libc/include/string.h	keep-root libc/include->include	#include <string.h>
p023	c-include	userland/base/ar/main.c	22	libc/include/sys/stat.h	keep-root libc/include->include	#include <sys/stat.h>
p023	c-include	userland/base/ar/main.c	23	libc/include/time.h	keep-root libc/include->include	#include <time.h>
p023	c-include	userland/base/ar/main.c	24	libc/include/unistd.h	keep-root libc/include->include	#include <unistd.h>
p023	c-include	userland/base/at/main.c	14	libc/include/dirent.h	keep-root libc/include->include	#include <dirent.h>
p023	c-include	userland/base/at/main.c	15	libc/include/errno.h	keep-root libc/include->include	#include <errno.h>
p023	c-include	userland/base/at/main.c	16	libc/include/fcntl.h	keep-root libc/include->include	#include <fcntl.h>
p023	c-include	userland/base/at/main.c	17	libc/include/stdio.h	keep-root libc/include->include	#include <stdio.h>
p023	c-include	userland/base/at/main.c	18	libc/include/stdlib.h	keep-root libc/include->include	#include <stdlib.h>
p023	c-include	userland/base/at/main.c	19	libc/include/string.h	keep-root libc/include->include	#include <string.h>
p023	c-include	userland/base/at/main.c	20	libc/include/sys/stat.h	keep-root libc/include->include	#include <sys/stat.h>
p023	c-include	userland/base/at/main.c	21	libc/include/time.h	keep-root libc/include->include	#include <time.h>
p023	c-include	userland/base/at/main.c	22	libc/include/unistd.h	keep-root libc/include->include	#include <unistd.h>
p023	c-include	userland/base/awk/main.c	15	libc/include/ctype.h	keep-root libc/include->include	#include <ctype.h>
p023	c-include	userland/base/awk/main.c	16	libc/include/stdio.h	keep-root libc/include->include	#include <stdio.h>
p023	c-include	userland/base/awk/main.c	17	libc/include/stdlib.h	keep-root libc/include->include	#include <stdlib.h>
p023	c-include	userland/base/awk/main.c	18	libc/include/string.h	keep-root libc/include->include	#include <string.h>
p023	c-include	userland/base/basename/main.c	14	libc/include/stdio.h	keep-root libc/include->include	#include <stdio.h>
p023	c-include	userland/base/basename/main.c	15	libc/include/stdlib.h	keep-root libc/include->include	#include <stdlib.h>
p023	c-include	userland/base/basename/main.c	16	libc/include/string.h	keep-root libc/include->include	#include <string.h>
p023	c-include	userland/base/bc/main.c	17	libc/include/errno.h	keep-root libc/include->include	#include <errno.h>
p023	c-include	userland/base/bc/main.c	18	libc/include/stddef.h	keep-root libc/include->include	#include <stddef.h>
p023	c-include	userland/base/bc/main.c	19	libc/include/stdint.h	keep-root libc/include->include	#include <stdint.h>
p023	c-include	userland/base/bc/main.c	20	libc/include/stdio.h	keep-root libc/include->include	#include <stdio.h>
p023	c-include	userland/base/bc/main.c	21	libc/include/stdlib.h	keep-root libc/include->include	#include <stdlib.h>
p023	c-include	userland/base/bc/main.c	22	libc/include/string.h	keep-root libc/include->include	#include <string.h>
p023	c-include	userland/base/bc/number.c	16	libc/include/errno.h	keep-root libc/include->include	#include <errno.h>
p023	c-include	userland/base/bc/number.c	17	libc/include/limits.h	keep-root libc/include->include	#include <limits.h>
p023	c-include	userland/base/bc/number.c	18	libc/include/stdint.h	keep-root libc/include->include	#include <stdint.h>
p023	c-include	userland/base/bc/number.c	19	libc/include/stdio.h	keep-root libc/include->include	#include <stdio.h>
p023	c-include	userland/base/bc/number.c	20	libc/include/stdlib.h	keep-root libc/include->include	#include <stdlib.h>
p023	c-include	userland/base/bc/number.c	21	libc/include/string.h	keep-root libc/include->include	#include <string.h>
p023	c-include	userland/base/bc/number.h	17	libc/include/stddef.h	keep-root libc/include->include	#include <stddef.h>
p023	c-include	userland/base/bc/number.h	18	libc/include/stdint.h	keep-root libc/include->include	#include <stdint.h>
p023	c-include	userland/base/blkid/main.c	14	libc/include/errno.h	keep-root libc/include->include	#include <errno.h>
p023	c-include	userland/base/blkid/main.c	15	libc/include/fcntl.h	keep-root libc/include->include	#include <fcntl.h>
p023	c-include	userland/base/blkid/main.c	16	libc/include/stdio.h	keep-root libc/include->include	#include <stdio.h>
p023	c-include	userland/base/blkid/main.c	17	libc/include/string.h	keep-root libc/include->include	#include <string.h>
p023	c-include	userland/base/blkid/main.c	18	libc/include/unistd.h	keep-root libc/include->include	#include <unistd.h>
p023	c-include	userland/base/blkid/main.c	19	libc/include/sys/ioctl.h	keep-root libc/include->include	#include <sys/ioctl.h>
p023	c-include	userland/base/cal/main.c	14	libc/include/errno.h	keep-root libc/include->include	#include <errno.h>
p023	c-include	userland/base/cal/main.c	15	libc/include/locale.h	keep-root libc/include->include	#include <locale.h>
p023	c-include	userland/base/cal/main.c	16	libc/include/stdio.h	keep-root libc/include->include	#include <stdio.h>
p023	c-include	userland/base/cal/main.c	17	libc/include/stdlib.h	keep-root libc/include->include	#include <stdlib.h>
p023	c-include	userland/base/cal/main.c	18	libc/include/time.h	keep-root libc/include->include	#include <time.h>
p023	c-include	userland/base/cat/main.c	16	libc/include/errno.h	keep-root libc/include->include	#include <errno.h>
p023	c-include	userland/base/cat/main.c	17	libc/include/fcntl.h	keep-root libc/include->include	#include <fcntl.h>
p023	c-include	userland/base/cat/main.c	18	libc/include/stdio.h	keep-root libc/include->include	#include <stdio.h>
p023	c-include	userland/base/cat/main.c	19	libc/include/string.h	keep-root libc/include->include	#include <string.h>
p023	c-include	userland/base/cat/main.c	20	libc/include/unistd.h	keep-root libc/include->include	#include <unistd.h>
p023	c-include	userland/base/cflow/main.c	16	libc/include/errno.h	keep-root libc/include->include	#include <errno.h>
p023	c-include	userland/base/cflow/main.c	17	libc/include/stdio.h	keep-root libc/include->include	#include <stdio.h>
p023	c-include	userland/base/cflow/main.c	18	libc/include/stdint.h	keep-root libc/include->include	#include <stdint.h>
p023	c-include	userland/base/cflow/main.c	19	libc/include/stdlib.h	keep-root libc/include->include	#include <stdlib.h>
p023	c-include	userland/base/cflow/main.c	20	libc/include/string.h	keep-root libc/include->include	#include <string.h>
p023	c-include	userland/base/cflow/main.c	21	libc/include/unistd.h	keep-root libc/include->include	#include <unistd.h>
p023	c-include	userland/base/chgrp/main.c	15	libc/include/stdio.h	keep-root libc/include->include	#include <stdio.h>
p023	c-include	userland/base/chgrp/main.c	16	libc/include/unistd.h	keep-root libc/include->include	#include <unistd.h>
p023	c-include	userland/base/chmod/main.c	15	libc/include/dirent.h	keep-root libc/include->include	#include <dirent.h>
p023	c-include	userland/base/chmod/main.c	16	libc/include/errno.h	keep-root libc/include->include	#include <errno.h>
p023	c-include	userland/base/chmod/main.c	17	libc/include/stdio.h	keep-root libc/include->include	#include <stdio.h>
p023	c-include	userland/base/chmod/main.c	18	libc/include/string.h	keep-root libc/include->include	#include <string.h>
p023	c-include	userland/base/chmod/main.c	19	libc/include/sys/stat.h	keep-root libc/include->include	#include <sys/stat.h>
p023	c-include	userland/base/chmod/main.c	20	libc/include/unistd.h	keep-root libc/include->include	#include <unistd.h>
p023	c-include	userland/base/chown/main.c	15	libc/include/limits.h	keep-root libc/include->include	#include <limits.h>
p023	c-include	userland/base/chown/main.c	16	libc/include/stdio.h	keep-root libc/include->include	#include <stdio.h>
p023	c-include	userland/base/chown/main.c	17	libc/include/string.h	keep-root libc/include->include	#include <string.h>
p023	c-include	userland/base/chown/main.c	18	libc/include/unistd.h	keep-root libc/include->include	#include <unistd.h>
p023	c-include	userland/base/cksum/main.c	15	libc/include/fcntl.h	keep-root libc/include->include	#include <fcntl.h>
p023	c-include	userland/base/cksum/main.c	16	libc/include/errno.h	keep-root libc/include->include	#include <errno.h>
p023	c-include	userland/base/cksum/main.c	18	libc/include/stdio.h	keep-root libc/include->include	#include <stdio.h>
p023	c-include	userland/base/cksum/main.c	19	libc/include/string.h	keep-root libc/include->include	#include <string.h>
p023	c-include	userland/base/cksum/main.c	20	libc/include/unistd.h	keep-root libc/include->include	#include <unistd.h>
p023	c-include	userland/base/cmp/main.c	16	libc/include/errno.h	keep-root libc/include->include	#include <errno.h>
p023	c-include	userland/base/cmp/main.c	17	libc/include/fcntl.h	keep-root libc/include->include	#include <fcntl.h>
p023	c-include	userland/base/cmp/main.c	18	libc/include/limits.h	keep-root libc/include->include	#include <limits.h>
p023	c-include	userland/base/cmp/main.c	19	libc/include/stdio.h	keep-root libc/include->include	#include <stdio.h>
p023	c-include	userland/base/cmp/main.c	20	libc/include/stdlib.h	keep-root libc/include->include	#include <stdlib.h>
p023	c-include	userland/base/cmp/main.c	21	libc/include/string.h	keep-root libc/include->include	#include <string.h>
p023	c-include	userland/base/cmp/main.c	22	libc/include/unistd.h	keep-root libc/include->include	#include <unistd.h>
p023	c-include	userland/base/comm/main.c	15	libc/include/stdio.h	keep-root libc/include->include	#include <stdio.h>
p023	c-include	userland/base/comm/main.c	16	libc/include/stdlib.h	keep-root libc/include->include	#include <stdlib.h>
p023	c-include	userland/base/comm/main.c	17	libc/include/string.h	keep-root libc/include->include	#include <string.h>
p023	c-include	userland/base/common/archive.c	16	libc/include/errno.h	keep-root libc/include->include	#include <errno.h>
p023	c-include	userland/base/common/archive.c	17	libc/include/fcntl.h	keep-root libc/include->include	#include <fcntl.h>
p023	c-include	userland/base/common/archive.c	18	libc/include/limits.h	keep-root libc/include->include	#include <limits.h>
p023	c-include	userland/base/common/archive.c	19	libc/include/stdio.h	keep-root libc/include->include	#include <stdio.h>
p023	c-include	userland/base/common/archive.c	20	libc/include/stdlib.h	keep-root libc/include->include	#include <stdlib.h>
p023	c-include	userland/base/common/archive.c	21	libc/include/string.h	keep-root libc/include->include	#include <string.h>
p023	c-include	userland/base/common/archive.c	22	libc/include/sys/stat.h	keep-root libc/include->include	#include <sys/stat.h>
p023	c-include	userland/base/common/archive.c	23	libc/include/unistd.h	keep-root libc/include->include	#include <unistd.h>
p023	c-include	userland/base/common/archive.h	17	libc/include/stddef.h	keep-root libc/include->include	#include <stddef.h>
p023	c-include	userland/base/common/archive.h	18	libc/include/stdint.h	keep-root libc/include->include	#include <stdint.h>
p023	c-include	userland/base/common/c_parser.c	16	libc/include/ctype.h	keep-root libc/include->include	#include <ctype.h>
p023	c-include	userland/base/common/c_parser.c	17	libc/include/errno.h	keep-root libc/include->include	#include <errno.h>
p023	c-include	userland/base/common/c_parser.c	18	libc/include/fcntl.h	keep-root libc/include->include	#include <fcntl.h>
p023	c-include	userland/base/common/c_parser.c	19	libc/include/stdint.h	keep-root libc/include->include	#include <stdint.h>
p023	c-include	userland/base/common/c_parser.c	20	libc/include/stdlib.h	keep-root libc/include->include	#include <stdlib.h>
p023	c-include	userland/base/common/c_parser.c	21	libc/include/string.h	keep-root libc/include->include	#include <string.h>
p023	c-include	userland/base/common/c_parser.c	22	libc/include/unistd.h	keep-root libc/include->include	#include <unistd.h>
p023	c-include	userland/base/common/c_parser.h	17	libc/include/stddef.h	keep-root libc/include->include	#include <stddef.h>
p023	c-include	userland/base/common/command.c	16	libc/include/errno.h	keep-root libc/include->include	#include <errno.h>
p023	c-include	userland/base/common/command.c	17	libc/include/limits.h	keep-root libc/include->include	#include <limits.h>
p023	c-include	userland/base/common/command.c	18	libc/include/stdint.h	keep-root libc/include->include	#include <stdint.h>
p023	c-include	userland/base/common/command.c	19	libc/include/stdio.h	keep-root libc/include->include	#include <stdio.h>
p023	c-include	userland/base/common/command.c	20	libc/include/stdlib.h	keep-root libc/include->include	#include <stdlib.h>
p023	c-include	userland/base/common/command.c	21	libc/include/string.h	keep-root libc/include->include	#include <string.h>
p023	c-include	userland/base/common/command.c	22	libc/include/unistd.h	keep-root libc/include->include	#include <unistd.h>
p023	c-include	userland/base/common/command.h	17	libc/include/stddef.h	keep-root libc/include->include	#include <stddef.h>
p023	c-include	userland/base/common/command.h	18	libc/include/stdio.h	keep-root libc/include->include	#include <stdio.h>
p023	c-include	userland/base/common/elf_symbols.c	16	libc/include/errno.h	keep-root libc/include->include	#include <errno.h>
p023	c-include	userland/base/common/elf_symbols.c	17	libc/include/stdlib.h	keep-root libc/include->include	#include <stdlib.h>
p023	c-include	userland/base/common/elf_symbols.c	18	libc/include/string.h	keep-root libc/include->include	#include <string.h>
p023	c-include	userland/base/common/elf_symbols.h	17	libc/include/stddef.h	keep-root libc/include->include	#include <stddef.h>
p023	c-include	userland/base/common/elf_symbols.h	18	libc/include/stdint.h	keep-root libc/include->include	#include <stdint.h>
p023	c-include	userland/base/common/format-file.c	16	libc/include/errno.h	keep-root libc/include->include	#include <errno.h>
p023	c-include	userland/base/common/format-file.c	17	libc/include/fcntl.h	keep-root libc/include->include	#include <fcntl.h>
p023	c-include	userland/base/common/format-file.c	18	libc/include/string.h	keep-root libc/include->include	#include <string.h>
p023	c-include	userland/base/common/format-file.c	19	libc/include/sys/ioctl.h	keep-root libc/include->include	#include <sys/ioctl.h>
p023	c-include	userland/base/common/format-file.c	20	libc/include/sys/stat.h	keep-root libc/include->include	#include <sys/stat.h>
p023	c-include	userland/base/common/format-file.c	21	libc/include/unistd.h	keep-root libc/include->include	#include <unistd.h>
p023	c-include	userland/base/common/format-file.h	13	libc/include/stdint.h	keep-root libc/include->include	#include <stdint.h>
p023	c-include	userland/base/common/fstab.h	5	libc/include/errno.h	keep-root libc/include->include	#include <errno.h>
p023	c-include	userland/base/common/fstab.h	6	libc/include/stdio.h	keep-root libc/include->include	#include <stdio.h>
p023	c-include	userland/base/common/fstab.h	7	libc/include/string.h	keep-root libc/include->include	#include <string.h>
p023	c-include	userland/base/common/lzw.c	16	libc/include/errno.h	keep-root libc/include->include	#include <errno.h>
p023	c-include	userland/base/common/lzw.c	17	libc/include/stdint.h	keep-root libc/include->include	#include <stdint.h>
p023	c-include	userland/base/common/lzw.c	18	libc/include/stdlib.h	keep-root libc/include->include	#include <stdlib.h>
p023	c-include	userland/base/common/lzw.c	19	libc/include/string.h	keep-root libc/include->include	#include <string.h>
p023	c-include	userland/base/common/lzw.c	20	libc/include/unistd.h	keep-root libc/include->include	#include <unistd.h>
p023	c-include	userland/base/common/pager.c	16	libc/include/errno.h	keep-root libc/include->include	#include <errno.h>
p023	c-include	userland/base/common/pager.c	17	libc/include/fcntl.h	keep-root libc/include->include	#include <fcntl.h>
p023	c-include	userland/base/common/pager.c	18	libc/include/signal.h	keep-root libc/include->include	#include <signal.h>
p023	c-include	userland/base/common/pager.c	19	libc/include/stdint.h	keep-root libc/include->include	#include <stdint.h>
p023	c-include	userland/base/common/pager.c	20	libc/include/stdio.h	keep-root libc/include->include	#include <stdio.h>
p023	c-include	userland/base/common/pager.c	21	libc/include/stdlib.h	keep-root libc/include->include	#include <stdlib.h>
p023	c-include	userland/base/common/pager.c	22	libc/include/string.h	keep-root libc/include->include	#include <string.h>
p023	c-include	userland/base/common/pager.c	23	libc/include/sys/ioctl.h	keep-root libc/include->include	#include <sys/ioctl.h>
p023	c-include	userland/base/common/pager.c	24	libc/include/sys/stat.h	keep-root libc/include->include	#include <sys/stat.h>
p023	c-include	userland/base/common/pager.c	25	libc/include/termios.h	keep-root libc/include->include	#include <termios.h>
p023	c-include	userland/base/common/pager.c	26	libc/include/unistd.h	keep-root libc/include->include	#include <unistd.h>
p023	c-include	userland/base/common/pager.c	27	libc/include/wchar.h	keep-root libc/include->include	#include <wchar.h>
p023	c-include	userland/base/common/sccs.c	16	libc/include/errno.h	keep-root libc/include->include	#include <errno.h>
p023	c-include	userland/base/common/sccs.c	17	libc/include/fcntl.h	keep-root libc/include->include	#include <fcntl.h>
p023	c-include	userland/base/common/sccs.c	18	libc/include/limits.h	keep-root libc/include->include	#include <limits.h>
p023	c-include	userland/base/common/sccs.c	19	libc/include/stdarg.h	keep-root libc/include->include	#include <stdarg.h>
p023	c-include	userland/base/common/sccs.c	20	libc/include/stdint.h	keep-root libc/include->include	#include <stdint.h>
p023	c-include	userland/base/common/sccs.c	21	libc/include/signal.h	keep-root libc/include->include	#include <signal.h>
p023	c-include	userland/base/common/sccs.c	22	libc/include/stdio.h	keep-root libc/include->include	#include <stdio.h>
p023	c-include	userland/base/common/sccs.c	23	libc/include/stdlib.h	keep-root libc/include->include	#include <stdlib.h>
p023	c-include	userland/base/common/sccs.c	24	libc/include/string.h	keep-root libc/include->include	#include <string.h>
p023	c-include	userland/base/common/sccs.c	25	libc/include/sys/stat.h	keep-root libc/include->include	#include <sys/stat.h>
p023	c-include	userland/base/common/sccs.c	26	libc/include/time.h	keep-root libc/include->include	#include <time.h>
p023	c-include	userland/base/common/sccs.c	27	libc/include/unistd.h	keep-root libc/include->include	#include <unistd.h>
p023	c-include	userland/base/common/sccs.h	17	libc/include/stddef.h	keep-root libc/include->include	#include <stddef.h>
p023	c-include	userland/base/common/sha256.c	4	libc/include/errno.h	keep-root libc/include->include	#include <errno.h>
p023	c-include	userland/base/common/sha256.c	5	libc/include/string.h	keep-root libc/include->include	#include <string.h>
p023	c-include	userland/base/common/sha256.h	4	libc/include/stddef.h	keep-root libc/include->include	#include <stddef.h>
p023	c-include	userland/base/common/sha256.h	5	libc/include/stdint.h	keep-root libc/include->include	#include <stdint.h>
p023	c-include	userland/base/common/terminfo.c	14	libc/include/terminfo.h	keep-root libc/include->include	#include <terminfo.h>
p023	c-include	userland/base/common/terminfo.c	16	libc/include/ctype.h	keep-root libc/include->include	#include <ctype.h>
p023	c-include	userland/base/common/terminfo.c	17	libc/include/errno.h	keep-root libc/include->include	#include <errno.h>
p023	c-include	userland/base/common/terminfo.c	18	libc/include/limits.h	keep-root libc/include->include	#include <limits.h>
p023	c-include	userland/base/common/terminfo.c	19	libc/include/stdio.h	keep-root libc/include->include	#include <stdio.h>
p023	c-include	userland/base/common/terminfo.c	20	libc/include/stdlib.h	keep-root libc/include->include	#include <stdlib.h>
p023	c-include	userland/base/common/terminfo.c	21	libc/include/string.h	keep-root libc/include->include	#include <string.h>
p023	c-include	userland/base/common/terminfo.h	8	libc/include/terminfo.h	keep-root libc/include->include	#include <terminfo.h>
p023	c-include	userland/base/common/uucodec.c	16	libc/include/errno.h	keep-root libc/include->include	#include <errno.h>
p023	c-include	userland/base/common/uucodec.c	17	libc/include/fcntl.h	keep-root libc/include->include	#include <fcntl.h>
p023	c-include	userland/base/common/uucodec.c	18	libc/include/stdio.h	keep-root libc/include->include	#include <stdio.h>
p023	c-include	userland/base/common/uucodec.c	19	libc/include/stdlib.h	keep-root libc/include->include	#include <stdlib.h>
p023	c-include	userland/base/common/uucodec.c	20	libc/include/string.h	keep-root libc/include->include	#include <string.h>
p023	c-include	userland/base/common/uucodec.c	21	libc/include/sys/stat.h	keep-root libc/include->include	#include <sys/stat.h>
p023	c-include	userland/base/common/uucodec.c	22	libc/include/unistd.h	keep-root libc/include->include	#include <unistd.h>
p023	c-include	userland/base/compress/main.c	16	libc/include/errno.h	keep-root libc/include->include	#include <errno.h>
p023	c-include	userland/base/compress/main.c	17	libc/include/fcntl.h	keep-root libc/include->include	#include <fcntl.h>
p023	c-include	userland/base/compress/main.c	18	libc/include/stdio.h	keep-root libc/include->include	#include <stdio.h>
p023	c-include	userland/base/compress/main.c	19	libc/include/stdint.h	keep-root libc/include->include	#include <stdint.h>
p023	c-include	userland/base/compress/main.c	20	libc/include/stdlib.h	keep-root libc/include->include	#include <stdlib.h>
p023	c-include	userland/base/compress/main.c	21	libc/include/string.h	keep-root libc/include->include	#include <string.h>
p023	c-include	userland/base/compress/main.c	22	libc/include/sys/stat.h	keep-root libc/include->include	#include <sys/stat.h>
p023	c-include	userland/base/compress/main.c	23	libc/include/unistd.h	keep-root libc/include->include	#include <unistd.h>
p023	c-include	userland/base/cp/main.c	6	libc/include/dirent.h	keep-root libc/include->include	#include <dirent.h>
p023	c-include	userland/base/cp/main.c	7	libc/include/errno.h	keep-root libc/include->include	#include <errno.h>
p023	c-include	userland/base/cp/main.c	8	libc/include/fcntl.h	keep-root libc/include->include	#include <fcntl.h>
p023	c-include	userland/base/cp/main.c	9	libc/include/limits.h	keep-root libc/include->include	#include <limits.h>
p023	c-include	userland/base/cp/main.c	10	libc/include/stdio.h	keep-root libc/include->include	#include <stdio.h>
p023	c-include	userland/base/cp/main.c	11	libc/include/stdlib.h	keep-root libc/include->include	#include <stdlib.h>
p023	c-include	userland/base/cp/main.c	12	libc/include/string.h	keep-root libc/include->include	#include <string.h>
p023	c-include	userland/base/cp/main.c	13	libc/include/sys/stat.h	keep-root libc/include->include	#include <sys/stat.h>
p023	c-include	userland/base/cp/main.c	14	libc/include/unistd.h	keep-root libc/include->include	#include <unistd.h>
p023	c-include	userland/base/cron/main.c	14	libc/include/dirent.h	keep-root libc/include->include	#include <dirent.h>
p023	c-include	userland/base/cron/main.c	15	libc/include/errno.h	keep-root libc/include->include	#include <errno.h>
p023	c-include	userland/base/cron/main.c	16	libc/include/fcntl.h	keep-root libc/include->include	#include <fcntl.h>
p023	c-include	userland/base/cron/main.c	17	libc/include/grp.h	keep-root libc/include->include	#include <grp.h>
p023	c-include	userland/base/cron/main.c	18	libc/include/pwd.h	keep-root libc/include->include	#include <pwd.h>
p023	c-include	userland/base/cron/main.c	19	libc/include/signal.h	keep-root libc/include->include	#include <signal.h>
p023	c-include	userland/base/cron/main.c	20	libc/include/stdio.h	keep-root libc/include->include	#include <stdio.h>
p023	c-include	userland/base/cron/main.c	21	libc/include/stdlib.h	keep-root libc/include->include	#include <stdlib.h>
p023	c-include	userland/base/cron/main.c	22	libc/include/string.h	keep-root libc/include->include	#include <string.h>
p023	c-include	userland/base/cron/main.c	23	libc/include/sys/stat.h	keep-root libc/include->include	#include <sys/stat.h>
p023	c-include	userland/base/cron/main.c	24	libc/include/sys/wait.h	keep-root libc/include->include	#include <sys/wait.h>
p023	c-include	userland/base/cron/main.c	25	libc/include/time.h	keep-root libc/include->include	#include <time.h>
p023	c-include	userland/base/cron/main.c	26	libc/include/unistd.h	keep-root libc/include->include	#include <unistd.h>
p023	c-include	userland/base/crontab/main.c	14	libc/include/errno.h	keep-root libc/include->include	#include <errno.h>
p023	c-include	userland/base/crontab/main.c	15	libc/include/fcntl.h	keep-root libc/include->include	#include <fcntl.h>
p023	c-include	userland/base/crontab/main.c	16	libc/include/stdio.h	keep-root libc/include->include	#include <stdio.h>
p023	c-include	userland/base/crontab/main.c	17	libc/include/string.h	keep-root libc/include->include	#include <string.h>
p023	c-include	userland/base/crontab/main.c	18	libc/include/sys/stat.h	keep-root libc/include->include	#include <sys/stat.h>
p023	c-include	userland/base/crontab/main.c	19	libc/include/unistd.h	keep-root libc/include->include	#include <unistd.h>
p023	c-include	userland/base/csplit/main.c	15	libc/include/fcntl.h	keep-root libc/include->include	#include <fcntl.h>
p023	c-include	userland/base/csplit/main.c	16	libc/include/stdio.h	keep-root libc/include->include	#include <stdio.h>
p023	c-include	userland/base/csplit/main.c	17	libc/include/stdlib.h	keep-root libc/include->include	#include <stdlib.h>
p023	c-include	userland/base/csplit/main.c	18	libc/include/string.h	keep-root libc/include->include	#include <string.h>
p023	c-include	userland/base/csplit/main.c	19	libc/include/unistd.h	keep-root libc/include->include	#include <unistd.h>
p023	c-include	userland/base/curses/curses.c	14	libc/include/curses.h	keep-root libc/include->include	#include <curses.h>
p023	c-include	userland/base/curses/curses.c	18	libc/include/errno.h	keep-root libc/include->include	#include <errno.h>
p023	c-include	userland/base/curses/curses.c	19	libc/include/stdio.h	keep-root libc/include->include	#include <stdio.h>
p023	c-include	userland/base/curses/curses.c	20	libc/include/stdlib.h	keep-root libc/include->include	#include <stdlib.h>
p023	c-include	userland/base/curses/curses.c	21	libc/include/string.h	keep-root libc/include->include	#include <string.h>
p023	c-include	userland/base/curses/curses.c	22	libc/include/termios.h	keep-root libc/include->include	#include <termios.h>
p023	c-include	userland/base/curses/curses.c	23	libc/include/unistd.h	keep-root libc/include->include	#include <unistd.h>
p023	c-include	userland/base/cut/main.c	15	libc/include/errno.h	keep-root libc/include->include	#include <errno.h>
p023	c-include	userland/base/cut/main.c	16	libc/include/stdio.h	keep-root libc/include->include	#include <stdio.h>
p023	c-include	userland/base/cut/main.c	17	libc/include/stdlib.h	keep-root libc/include->include	#include <stdlib.h>
p023	c-include	userland/base/cut/main.c	18	libc/include/string.h	keep-root libc/include->include	#include <string.h>
p023	c-include	userland/base/cxref/main.c	16	libc/include/errno.h	keep-root libc/include->include	#include <errno.h>
p023	c-include	userland/base/cxref/main.c	17	libc/include/stdio.h	keep-root libc/include->include	#include <stdio.h>
p023	c-include	userland/base/cxref/main.c	18	libc/include/stdint.h	keep-root libc/include->include	#include <stdint.h>
p023	c-include	userland/base/cxref/main.c	19	libc/include/stdlib.h	keep-root libc/include->include	#include <stdlib.h>
p023	c-include	userland/base/cxref/main.c	20	libc/include/string.h	keep-root libc/include->include	#include <string.h>
p023	c-include	userland/base/cxref/main.c	21	libc/include/unistd.h	keep-root libc/include->include	#include <unistd.h>
p023	c-include	userland/base/date/main.c	15	libc/include/stdio.h	keep-root libc/include->include	#include <stdio.h>
p023	c-include	userland/base/date/main.c	16	libc/include/time.h	keep-root libc/include->include	#include <time.h>
p023	c-include	userland/base/dd/main.c	15	libc/include/errno.h	keep-root libc/include->include	#include <errno.h>
p023	c-include	userland/base/dd/main.c	16	libc/include/fcntl.h	keep-root libc/include->include	#include <fcntl.h>
p023	c-include	userland/base/dd/main.c	17	libc/include/signal.h	keep-root libc/include->include	#include <signal.h>
p023	c-include	userland/base/dd/main.c	18	libc/include/stdint.h	keep-root libc/include->include	#include <stdint.h>
p023	c-include	userland/base/dd/main.c	19	libc/include/stdio.h	keep-root libc/include->include	#include <stdio.h>
p023	c-include	userland/base/dd/main.c	20	libc/include/stdlib.h	keep-root libc/include->include	#include <stdlib.h>
p023	c-include	userland/base/dd/main.c	21	libc/include/string.h	keep-root libc/include->include	#include <string.h>
p023	c-include	userland/base/dd/main.c	22	libc/include/unistd.h	keep-root libc/include->include	#include <unistd.h>
p023	c-include	userland/base/deferred-stub/main.c	14	libc/include/stdio.h	keep-root libc/include->include	#include <stdio.h>
p023	c-include	userland/base/deferred-stub/main.c	15	libc/include/string.h	keep-root libc/include->include	#include <string.h>
p023	c-include	userland/base/df/main.c	15	libc/include/errno.h	keep-root libc/include->include	#include <errno.h>
p023	c-include	userland/base/df/main.c	16	libc/include/limits.h	keep-root libc/include->include	#include <limits.h>
p023	c-include	userland/base/df/main.c	17	libc/include/stdio.h	keep-root libc/include->include	#include <stdio.h>
p023	c-include	userland/base/df/main.c	18	libc/include/string.h	keep-root libc/include->include	#include <string.h>
p023	c-include	userland/base/df/main.c	19	libc/include/sys/statvfs.h	keep-root libc/include->include	#include <sys/statvfs.h>
p023	c-include	userland/base/dhcpc/main.c	17	libc/include/arpa/inet.h	keep-root libc/include->include	#include <arpa/inet.h>
p023	c-include	userland/base/dhcpc/main.c	18	libc/include/errno.h	keep-root libc/include->include	#include <errno.h>
p023	c-include	userland/base/dhcpc/main.c	19	libc/include/fcntl.h	keep-root libc/include->include	#include <fcntl.h>
p023	c-include	userland/base/dhcpc/main.c	20	libc/include/net/route.h	keep-root libc/include->include	#include <net/route.h>
p023	c-include	userland/base/dhcpc/main.c	21	libc/include/signal.h	keep-root libc/include->include	#include <signal.h>
p023	c-include	userland/base/dhcpc/main.c	22	libc/include/stdarg.h	keep-root libc/include->include	#include <stdarg.h>
p023	c-include	userland/base/dhcpc/main.c	23	libc/include/stdio.h	keep-root libc/include->include	#include <stdio.h>
p023	c-include	userland/base/dhcpc/main.c	24	libc/include/stdlib.h	keep-root libc/include->include	#include <stdlib.h>
p023	c-include	userland/base/dhcpc/main.c	25	libc/include/string.h	keep-root libc/include->include	#include <string.h>
p023	c-include	userland/base/dhcpc/main.c	26	libc/include/sys/ioctl.h	keep-root libc/include->include	#include <sys/ioctl.h>
p023	c-include	userland/base/dhcpc/main.c	27	libc/include/sys/socket.h	keep-root libc/include->include	#include <sys/socket.h>
p023	c-include	userland/base/dhcpc/main.c	28	libc/include/sys/time.h	keep-root libc/include->include	#include <sys/time.h>
p023	c-include	userland/base/dhcpc/main.c	29	libc/include/time.h	keep-root libc/include->include	#include <time.h>
p023	c-include	userland/base/dhcpc/main.c	30	libc/include/unistd.h	keep-root libc/include->include	#include <unistd.h>
p023	c-include	userland/base/diff/main.c	15	libc/include/errno.h	keep-root libc/include->include	#include <errno.h>
p023	c-include	userland/base/diff/main.c	16	libc/include/stdio.h	keep-root libc/include->include	#include <stdio.h>
p023	c-include	userland/base/diff/main.c	17	libc/include/stdlib.h	keep-root libc/include->include	#include <stdlib.h>
p023	c-include	userland/base/diff/main.c	18	libc/include/string.h	keep-root libc/include->include	#include <string.h>
p023	c-include	userland/base/diff/tree.c	12	libc/include/dirent.h	keep-root libc/include->include	#include <dirent.h>
p023	c-include	userland/base/diff/tree.c	13	libc/include/errno.h	keep-root libc/include->include	#include <errno.h>
p023	c-include	userland/base/diff/tree.c	14	libc/include/fcntl.h	keep-root libc/include->include	#include <fcntl.h>
p023	c-include	userland/base/diff/tree.c	15	libc/include/limits.h	keep-root libc/include->include	#include <limits.h>
p023	c-include	userland/base/diff/tree.c	16	libc/include/stdint.h	keep-root libc/include->include	#include <stdint.h>
p023	c-include	userland/base/diff/tree.c	17	libc/include/stdio.h	keep-root libc/include->include	#include <stdio.h>
p023	c-include	userland/base/diff/tree.c	18	libc/include/stdlib.h	keep-root libc/include->include	#include <stdlib.h>
p023	c-include	userland/base/diff/tree.c	19	libc/include/string.h	keep-root libc/include->include	#include <string.h>
p023	c-include	userland/base/diff/tree.c	20	libc/include/sys/stat.h	keep-root libc/include->include	#include <sys/stat.h>
p023	c-include	userland/base/diff/tree.c	21	libc/include/unistd.h	keep-root libc/include->include	#include <unistd.h>
p023	c-include	userland/base/dirname/main.c	14	libc/include/stdio.h	keep-root libc/include->include	#include <stdio.h>
p023	c-include	userland/base/dirname/main.c	15	libc/include/stdlib.h	keep-root libc/include->include	#include <stdlib.h>
p023	c-include	userland/base/dirname/main.c	16	libc/include/string.h	keep-root libc/include->include	#include <string.h>
p023	c-include	userland/base/diskpart/main.c	4	libc/include/dirent.h	keep-root libc/include->include	#include <dirent.h>
p023	c-include	userland/base/diskpart/main.c	5	libc/include/errno.h	keep-root libc/include->include	#include <errno.h>
p023	c-include	userland/base/diskpart/main.c	6	libc/include/fcntl.h	keep-root libc/include->include	#include <fcntl.h>
p023	c-include	userland/base/diskpart/main.c	7	libc/include/stdint.h	keep-root libc/include->include	#include <stdint.h>
p023	c-include	userland/base/diskpart/main.c	8	libc/include/stdio.h	keep-root libc/include->include	#include <stdio.h>
p023	c-include	userland/base/diskpart/main.c	9	libc/include/stdlib.h	keep-root libc/include->include	#include <stdlib.h>
p023	c-include	userland/base/diskpart/main.c	10	libc/include/string.h	keep-root libc/include->include	#include <string.h>
p023	c-include	userland/base/diskpart/main.c	11	libc/include/sys/stat.h	keep-root libc/include->include	#include <sys/stat.h>
p023	c-include	userland/base/diskpart/main.c	12	libc/include/unistd.h	keep-root libc/include->include	#include <unistd.h>
p023	c-include	userland/base/diskpart/table.c	4	libc/include/errno.h	keep-root libc/include->include	#include <errno.h>
p023	c-include	userland/base/diskpart/table.c	5	libc/include/stdlib.h	keep-root libc/include->include	#include <stdlib.h>
p023	c-include	userland/base/diskpart/table.c	6	libc/include/string.h	keep-root libc/include->include	#include <string.h>
p023	c-include	userland/base/diskpart/table.c	7	libc/include/stdio.h	keep-root libc/include->include	#include <stdio.h>
p023	c-include	userland/base/diskpart/table.h	4	libc/include/stddef.h	keep-root libc/include->include	#include <stddef.h>
p023	c-include	userland/base/diskpart/table.h	5	libc/include/stdint.h	keep-root libc/include->include	#include <stdint.h>
p023	c-include	userland/base/dmesg/main.c	15	libc/include/errno.h	keep-root libc/include->include	#include <errno.h>
p023	c-include	userland/base/dmesg/main.c	16	libc/include/stdio.h	keep-root libc/include->include	#include <stdio.h>
p023	c-include	userland/base/dmesg/main.c	17	libc/include/stdlib.h	keep-root libc/include->include	#include <stdlib.h>
p023	c-include	userland/base/dmesg/main.c	18	libc/include/sys/sysctl.h	keep-root libc/include->include	#include <sys/sysctl.h>
p023	c-include	userland/base/dmesg/main.c	19	libc/include/unistd.h	keep-root libc/include->include	#include <unistd.h>
p023	c-include	userland/base/du/main.c	15	libc/include/dirent.h	keep-root libc/include->include	#include <dirent.h>
p023	c-include	userland/base/du/main.c	16	libc/include/stdio.h	keep-root libc/include->include	#include <stdio.h>
p023	c-include	userland/base/du/main.c	17	libc/include/stdlib.h	keep-root libc/include->include	#include <stdlib.h>
p023	c-include	userland/base/du/main.c	18	libc/include/string.h	keep-root libc/include->include	#include <string.h>
p023	c-include	userland/base/du/main.c	19	libc/include/sys/stat.h	keep-root libc/include->include	#include <sys/stat.h>
p023	c-include	userland/base/ed/buffer.c	16	libc/include/errno.h	keep-root libc/include->include	#include <errno.h>
p023	c-include	userland/base/ed/buffer.c	17	libc/include/stdint.h	keep-root libc/include->include	#include <stdint.h>
p023	c-include	userland/base/ed/buffer.c	18	libc/include/stdlib.h	keep-root libc/include->include	#include <stdlib.h>
p023	c-include	userland/base/ed/buffer.c	19	libc/include/string.h	keep-root libc/include->include	#include <string.h>
p023	c-include	userland/base/ed/editor.h	17	libc/include/stddef.h	keep-root libc/include->include	#include <stddef.h>
p023	c-include	userland/base/ed/main.c	17	libc/include/errno.h	keep-root libc/include->include	#include <errno.h>
p023	c-include	userland/base/ed/main.c	18	libc/include/fcntl.h	keep-root libc/include->include	#include <fcntl.h>
p023	c-include	userland/base/ed/main.c	19	libc/include/regex.h	keep-root libc/include->include	#include <regex.h>
p023	c-include	userland/base/ed/main.c	20	libc/include/stddef.h	keep-root libc/include->include	#include <stddef.h>
p023	c-include	userland/base/ed/main.c	21	libc/include/stdint.h	keep-root libc/include->include	#include <stdint.h>
p023	c-include	userland/base/ed/main.c	22	libc/include/stdio.h	keep-root libc/include->include	#include <stdio.h>
p023	c-include	userland/base/ed/main.c	23	libc/include/stdlib.h	keep-root libc/include->include	#include <stdlib.h>
p023	c-include	userland/base/ed/main.c	24	libc/include/string.h	keep-root libc/include->include	#include <string.h>
p023	c-include	userland/base/ed/main.c	25	libc/include/sys/stat.h	keep-root libc/include->include	#include <sys/stat.h>
p023	c-include	userland/base/ed/main.c	26	libc/include/unistd.h	keep-root libc/include->include	#include <unistd.h>
p023	c-include	userland/base/expand/main.c	15	libc/include/stdio.h	keep-root libc/include->include	#include <stdio.h>
p023	c-include	userland/base/expand/main.c	16	libc/include/string.h	keep-root libc/include->include	#include <string.h>
p023	c-include	userland/base/expr/main.c	14	libc/include/limits.h	keep-root libc/include->include	#include <limits.h>
p023	c-include	userland/base/expr/main.c	15	libc/include/locale.h	keep-root libc/include->include	#include <locale.h>
p023	c-include	userland/base/expr/main.c	16	libc/include/regex.h	keep-root libc/include->include	#include <regex.h>
p023	c-include	userland/base/expr/main.c	17	libc/include/stdint.h	keep-root libc/include->include	#include <stdint.h>
p023	c-include	userland/base/expr/main.c	18	libc/include/stdio.h	keep-root libc/include->include	#include <stdio.h>
p023	c-include	userland/base/expr/main.c	19	libc/include/stdlib.h	keep-root libc/include->include	#include <stdlib.h>
p023	c-include	userland/base/expr/main.c	20	libc/include/string.h	keep-root libc/include->include	#include <string.h>
p023	c-include	userland/base/expr/main.c	21	libc/include/wchar.h	keep-root libc/include->include	#include <wchar.h>
p023	c-include	userland/base/fetch/main.c	14	libc/include/arpa/inet.h	keep-root libc/include->include	#include <arpa/inet.h>
p023	c-include	userland/base/fetch/main.c	15	libc/include/errno.h	keep-root libc/include->include	#include <errno.h>
p023	c-include	userland/base/fetch/main.c	16	libc/include/fcntl.h	keep-root libc/include->include	#include <fcntl.h>
p023	c-include	userland/base/fetch/main.c	17	libc/include/netdb.h	keep-root libc/include->include	#include <netdb.h>
p023	c-include	userland/base/fetch/main.c	18	libc/include/netinet/in.h	keep-root libc/include->include	#include <netinet/in.h>
p023	c-include	userland/base/fetch/main.c	19	libc/include/stdio.h	keep-root libc/include->include	#include <stdio.h>
p023	c-include	userland/base/fetch/main.c	20	libc/include/stdlib.h	keep-root libc/include->include	#include <stdlib.h>
p023	c-include	userland/base/fetch/main.c	21	libc/include/string.h	keep-root libc/include->include	#include <string.h>
p023	c-include	userland/base/fetch/main.c	22	libc/include/sys/socket.h	keep-root libc/include->include	#include <sys/socket.h>
p023	c-include	userland/base/fetch/main.c	23	libc/include/unistd.h	keep-root libc/include->include	#include <unistd.h>
p023	c-include	userland/base/file/main.c	15	libc/include/ctype.h	keep-root libc/include->include	#include <ctype.h>
p023	c-include	userland/base/file/main.c	16	libc/include/errno.h	keep-root libc/include->include	#include <errno.h>
p023	c-include	userland/base/file/main.c	17	libc/include/fcntl.h	keep-root libc/include->include	#include <fcntl.h>
p023	c-include	userland/base/file/main.c	18	libc/include/stdio.h	keep-root libc/include->include	#include <stdio.h>
p023	c-include	userland/base/file/main.c	19	libc/include/string.h	keep-root libc/include->include	#include <string.h>
p023	c-include	userland/base/file/main.c	20	libc/include/sys/stat.h	keep-root libc/include->include	#include <sys/stat.h>
p023	c-include	userland/base/file/main.c	21	libc/include/unistd.h	keep-root libc/include->include	#include <unistd.h>
p023	c-include	userland/base/find/main.c	14	libc/include/dirent.h	keep-root libc/include->include	#include <dirent.h>
p023	c-include	userland/base/find/main.c	15	libc/include/errno.h	keep-root libc/include->include	#include <errno.h>
p023	c-include	userland/base/find/main.c	16	libc/include/fnmatch.h	libc/include/fnmatch.h -> include/fnmatch.h	#include "libc/include/fnmatch.h"
p023	c-include	userland/base/find/main.c	17	libc/include/grp.h	keep-root libc/include->include	#include <grp.h>
p023	c-include	userland/base/find/main.c	18	libc/include/limits.h	keep-root libc/include->include	#include <limits.h>
p023	c-include	userland/base/find/main.c	19	libc/include/pwd.h	keep-root libc/include->include	#include <pwd.h>
p023	c-include	userland/base/find/main.c	20	libc/include/stdio.h	keep-root libc/include->include	#include <stdio.h>
p023	c-include	userland/base/find/main.c	21	libc/include/stdlib.h	keep-root libc/include->include	#include <stdlib.h>
p023	c-include	userland/base/find/main.c	22	libc/include/string.h	keep-root libc/include->include	#include <string.h>
p023	c-include	userland/base/find/main.c	23	libc/include/sys/stat.h	keep-root libc/include->include	#include <sys/stat.h>
p023	c-include	userland/base/find/main.c	24	libc/include/sys/types.h	keep-root libc/include->include	#include <sys/types.h>
p023	c-include	userland/base/find/main.c	25	libc/include/sys/wait.h	keep-root libc/include->include	#include <sys/wait.h>
p023	c-include	userland/base/find/main.c	26	libc/include/time.h	keep-root libc/include->include	#include <time.h>
p023	c-include	userland/base/find/main.c	27	libc/include/unistd.h	keep-root libc/include->include	#include <unistd.h>
p023	c-include	userland/base/fmt/main.c	15	libc/include/ctype.h	keep-root libc/include->include	#include <ctype.h>
p023	c-include	userland/base/fmt/main.c	16	libc/include/stdio.h	keep-root libc/include->include	#include <stdio.h>
p023	c-include	userland/base/fmt/main.c	17	libc/include/stdlib.h	keep-root libc/include->include	#include <stdlib.h>
p023	c-include	userland/base/fmt/main.c	18	libc/include/string.h	keep-root libc/include->include	#include <string.h>
p023	c-include	userland/base/fold/main.c	15	libc/include/stdio.h	keep-root libc/include->include	#include <stdio.h>
p023	c-include	userland/base/fold/main.c	16	libc/include/stdlib.h	keep-root libc/include->include	#include <stdlib.h>
p023	c-include	userland/base/fold/main.c	17	libc/include/string.h	keep-root libc/include->include	#include <string.h>
p023	c-include	userland/base/fuser/main.c	14	libc/include/errno.h	keep-root libc/include->include	#include <errno.h>
p023	c-include	userland/base/fuser/main.c	15	libc/include/fcntl.h	keep-root libc/include->include	#include <fcntl.h>
p023	c-include	userland/base/fuser/main.c	16	libc/include/pwd.h	keep-root libc/include->include	#include <pwd.h>
p023	c-include	userland/base/fuser/main.c	17	libc/include/stdio.h	keep-root libc/include->include	#include <stdio.h>
p023	c-include	userland/base/fuser/main.c	18	libc/include/string.h	keep-root libc/include->include	#include <string.h>
p023	c-include	userland/base/fuser/main.c	19	libc/include/sys/ioctl.h	keep-root libc/include->include	#include <sys/ioctl.h>
p023	c-include	userland/base/fuser/main.c	20	libc/include/unistd.h	keep-root libc/include->include	#include <unistd.h>
p023	c-include	userland/base/gencat/main.c	16	libc/include/ctype.h	keep-root libc/include->include	#include <ctype.h>
p023	c-include	userland/base/gencat/main.c	17	libc/include/errno.h	keep-root libc/include->include	#include <errno.h>
p023	c-include	userland/base/gencat/main.c	18	libc/include/fcntl.h	keep-root libc/include->include	#include <fcntl.h>
p023	c-include	userland/base/gencat/main.c	19	libc/include/limits.h	keep-root libc/include->include	#include <limits.h>
p023	c-include	userland/base/gencat/main.c	20	libc/include/nl_types.h	keep-root libc/include->include	#include <nl_types.h>
p023	c-include	userland/base/gencat/main.c	21	libc/include/stdint.h	keep-root libc/include->include	#include <stdint.h>
p023	c-include	userland/base/gencat/main.c	22	libc/include/stdio.h	keep-root libc/include->include	#include <stdio.h>
p023	c-include	userland/base/gencat/main.c	23	libc/include/stdlib.h	keep-root libc/include->include	#include <stdlib.h>
p023	c-include	userland/base/gencat/main.c	24	libc/include/string.h	keep-root libc/include->include	#include <string.h>
p023	c-include	userland/base/gencat/main.c	25	libc/include/sys/stat.h	keep-root libc/include->include	#include <sys/stat.h>
p023	c-include	userland/base/gencat/main.c	26	libc/include/unistd.h	keep-root libc/include->include	#include <unistd.h>
p023	c-include	userland/base/gencat/main.c	27	libc/include/catalog-format.h	libc/include/catalog-format.h -> include/catalog-format.h	#include "libc/include/catalog-format.h"
p023	c-include	userland/base/getconf/main.c	14	libc/include/errno.h	keep-root libc/include->include	#include <errno.h>
p023	c-include	userland/base/getconf/main.c	15	libc/include/limits.h	keep-root libc/include->include	#include <limits.h>
p023	c-include	userland/base/getconf/main.c	16	libc/include/stdio.h	keep-root libc/include->include	#include <stdio.h>
p023	c-include	userland/base/getconf/main.c	17	libc/include/stdlib.h	keep-root libc/include->include	#include <stdlib.h>
p023	c-include	userland/base/getconf/main.c	18	libc/include/string.h	keep-root libc/include->include	#include <string.h>
p023	c-include	userland/base/getconf/main.c	19	libc/include/unistd.h	keep-root libc/include->include	#include <unistd.h>
p023	c-include	userland/base/gettext/main.c	16	libc/include/errno.h	keep-root libc/include->include	#include <errno.h>
p023	c-include	userland/base/gettext/main.c	17	libc/include/libintl.h	keep-root libc/include->include	#include <libintl.h>
p023	c-include	userland/base/gettext/main.c	18	libc/include/locale.h	keep-root libc/include->include	#include <locale.h>
p023	c-include	userland/base/gettext/main.c	19	libc/include/stdio.h	keep-root libc/include->include	#include <stdio.h>
p023	c-include	userland/base/gettext/main.c	20	libc/include/stdlib.h	keep-root libc/include->include	#include <stdlib.h>
p023	c-include	userland/base/gettext/main.c	21	libc/include/string.h	keep-root libc/include->include	#include <string.h>
p023	c-include	userland/base/gettext/main.c	22	libc/include/unistd.h	keep-root libc/include->include	#include <unistd.h>
p023	c-include	userland/base/getty/main.c	14	libc/include/errno.h	keep-root libc/include->include	#include <errno.h>
p023	c-include	userland/base/getty/main.c	15	libc/include/fcntl.h	keep-root libc/include->include	#include <fcntl.h>
p023	c-include	userland/base/getty/main.c	16	libc/include/pty.h	keep-root libc/include->include	#include <pty.h>
p023	c-include	userland/base/getty/main.c	17	libc/include/stdio.h	keep-root libc/include->include	#include <stdio.h>
p023	c-include	userland/base/getty/main.c	18	libc/include/string.h	keep-root libc/include->include	#include <string.h>
p023	c-include	userland/base/getty/main.c	19	libc/include/termios.h	keep-root libc/include->include	#include <termios.h>
p023	c-include	userland/base/getty/main.c	20	libc/include/unistd.h	keep-root libc/include->include	#include <unistd.h>
p023	c-include	userland/base/getty/main.c	21	libc/include/utmpx.h	keep-root libc/include->include	#include <utmpx.h>
p023	c-include	userland/base/grep/main.c	15	libc/include/stdio.h	keep-root libc/include->include	#include <stdio.h>
p023	c-include	userland/base/grep/main.c	16	libc/include/stdlib.h	keep-root libc/include->include	#include <stdlib.h>
p023	c-include	userland/base/grep/main.c	17	libc/include/string.h	keep-root libc/include->include	#include <string.h>
p023	c-include	userland/base/head/main.c	16	libc/include/errno.h	keep-root libc/include->include	#include <errno.h>
p023	c-include	userland/base/head/main.c	17	libc/include/fcntl.h	keep-root libc/include->include	#include <fcntl.h>
p023	c-include	userland/base/head/main.c	18	libc/include/stdio.h	keep-root libc/include->include	#include <stdio.h>
p023	c-include	userland/base/head/main.c	19	libc/include/string.h	keep-root libc/include->include	#include <string.h>
p023	c-include	userland/base/head/main.c	20	libc/include/unistd.h	keep-root libc/include->include	#include <unistd.h>
p023	c-include	userland/base/host/main.c	14	libc/include/arpa/inet.h	keep-root libc/include->include	#include <arpa/inet.h>
p023	c-include	userland/base/host/main.c	15	libc/include/netdb.h	keep-root libc/include->include	#include <netdb.h>
p023	c-include	userland/base/host/main.c	16	libc/include/stdio.h	keep-root libc/include->include	#include <stdio.h>
p023	c-include	userland/base/host/main.c	17	libc/include/string.h	keep-root libc/include->include	#include <string.h>
p023	c-include	userland/base/hostname/main.c	16	libc/include/stdio.h	keep-root libc/include->include	#include <stdio.h>
p023	c-include	userland/base/hostname/main.c	17	libc/include/string.h	keep-root libc/include->include	#include <string.h>
p023	c-include	userland/base/hostname/main.c	18	libc/include/unistd.h	keep-root libc/include->include	#include <unistd.h>
p023	c-include	userland/base/iconv/main.c	15	libc/include/errno.h	keep-root libc/include->include	#include <errno.h>
p023	c-include	userland/base/iconv/main.c	16	libc/include/stdio.h	keep-root libc/include->include	#include <stdio.h>
p023	c-include	userland/base/iconv/main.c	17	libc/include/string.h	keep-root libc/include->include	#include <string.h>
p023	c-include	userland/base/iconv/main.c	18	libc/include/unistd.h	keep-root libc/include->include	#include <unistd.h>
p023	c-include	userland/base/id/main.c	15	libc/include/stdio.h	keep-root libc/include->include	#include <stdio.h>
p023	c-include	userland/base/id/main.c	16	libc/include/string.h	keep-root libc/include->include	#include <string.h>
p023	c-include	userland/base/id/main.c	17	libc/include/unistd.h	keep-root libc/include->include	#include <unistd.h>
p023	c-include	userland/base/ifconfig/main.c	16	libc/include/arpa/inet.h	keep-root libc/include->include	#include <arpa/inet.h>
p023	c-include	userland/base/ifconfig/main.c	17	libc/include/errno.h	keep-root libc/include->include	#include <errno.h>
p023	c-include	userland/base/ifconfig/main.c	18	libc/include/net/if.h	keep-root libc/include->include	#include <net/if.h>
p023	c-include	userland/base/ifconfig/main.c	19	libc/include/stdio.h	keep-root libc/include->include	#include <stdio.h>
p023	c-include	userland/base/ifconfig/main.c	20	libc/include/stdlib.h	keep-root libc/include->include	#include <stdlib.h>
p023	c-include	userland/base/ifconfig/main.c	21	libc/include/string.h	keep-root libc/include->include	#include <string.h>
p023	c-include	userland/base/ifconfig/main.c	22	libc/include/sys/ioctl.h	keep-root libc/include->include	#include <sys/ioctl.h>
p023	c-include	userland/base/ifconfig/main.c	23	libc/include/sys/socket.h	keep-root libc/include->include	#include <sys/socket.h>
p023	c-include	userland/base/ifconfig/main.c	24	libc/include/unistd.h	keep-root libc/include->include	#include <unistd.h>
p023	c-include	userland/base/infocmp/main.c	16	libc/include/errno.h	keep-root libc/include->include	#include <errno.h>
p023	c-include	userland/base/infocmp/main.c	17	libc/include/stdio.h	keep-root libc/include->include	#include <stdio.h>
p023	c-include	userland/base/infocmp/main.c	18	libc/include/stdlib.h	keep-root libc/include->include	#include <stdlib.h>
p023	c-include	userland/base/infocmp/main.c	19	libc/include/string.h	keep-root libc/include->include	#include <string.h>
p023	c-include	userland/base/infocmp/main.c	20	libc/include/unistd.h	keep-root libc/include->include	#include <unistd.h>
p023	c-include	userland/base/init/main.c	18	libc/include/dirent.h	keep-root libc/include->include	#include <dirent.h>
p023	c-include	userland/base/init/main.c	19	libc/include/errno.h	keep-root libc/include->include	#include <errno.h>
p023	c-include	userland/base/init/main.c	20	libc/include/fcntl.h	keep-root libc/include->include	#include <fcntl.h>
p023	c-include	userland/base/init/main.c	21	libc/include/signal.h	keep-root libc/include->include	#include <signal.h>
p023	c-include	userland/base/init/main.c	22	libc/include/stdint.h	keep-root libc/include->include	#include <stdint.h>
p023	c-include	userland/base/init/main.c	23	libc/include/stdio.h	keep-root libc/include->include	#include <stdio.h>
p023	c-include	userland/base/init/main.c	24	libc/include/stdlib.h	keep-root libc/include->include	#include <stdlib.h>
p023	c-include	userland/base/init/main.c	25	libc/include/string.h	keep-root libc/include->include	#include <string.h>
p023	c-include	userland/base/init/main.c	26	libc/include/sys/ioctl.h	keep-root libc/include->include	#include <sys/ioctl.h>
p023	c-include	userland/base/init/main.c	27	libc/include/sys/socket.h	keep-root libc/include->include	#include <sys/socket.h>
p023	c-include	userland/base/init/main.c	28	libc/include/sys/stat.h	keep-root libc/include->include	#include <sys/stat.h>
p023	c-include	userland/base/init/main.c	29	libc/include/sys/un.h	keep-root libc/include->include	#include <sys/un.h>
p023	c-include	userland/base/init/main.c	30	libc/include/sys/wait.h	keep-root libc/include->include	#include <sys/wait.h>
p023	c-include	userland/base/init/main.c	31	libc/include/time.h	keep-root libc/include->include	#include <time.h>
p023	c-include	userland/base/init/main.c	32	libc/include/unistd.h	keep-root libc/include->include	#include <unistd.h>
p023	c-include	userland/base/ipcrm/main.c	14	libc/include/errno.h	keep-root libc/include->include	#include <errno.h>
p023	c-include	userland/base/ipcrm/main.c	15	libc/include/stdio.h	keep-root libc/include->include	#include <stdio.h>
p023	c-include	userland/base/ipcrm/main.c	16	libc/include/stdlib.h	keep-root libc/include->include	#include <stdlib.h>
p023	c-include	userland/base/ipcrm/main.c	17	libc/include/string.h	keep-root libc/include->include	#include <string.h>
p023	c-include	userland/base/ipcrm/main.c	18	libc/include/sys/ipc.h	keep-root libc/include->include	#include <sys/ipc.h>
p023	c-include	userland/base/ipcrm/main.c	19	libc/include/sys/msg.h	keep-root libc/include->include	#include <sys/msg.h>
p023	c-include	userland/base/ipcrm/main.c	20	libc/include/sys/sem.h	keep-root libc/include->include	#include <sys/sem.h>
p023	c-include	userland/base/ipcrm/main.c	21	libc/include/sys/shm.h	keep-root libc/include->include	#include <sys/shm.h>
p023	c-include	userland/base/ipcrm/main.c	22	libc/include/unistd.h	keep-root libc/include->include	#include <unistd.h>
p023	c-include	userland/base/ipcs/main.c	14	libc/include/dirent.h	keep-root libc/include->include	#include <dirent.h>
p023	c-include	userland/base/ipcs/main.c	15	libc/include/errno.h	keep-root libc/include->include	#include <errno.h>
p023	c-include	userland/base/ipcs/main.c	16	libc/include/stdio.h	keep-root libc/include->include	#include <stdio.h>
p023	c-include	userland/base/ipcs/main.c	17	libc/include/stdlib.h	keep-root libc/include->include	#include <stdlib.h>
p023	c-include	userland/base/ipcs/main.c	18	libc/include/string.h	keep-root libc/include->include	#include <string.h>
p023	c-include	userland/base/ipcs/main.c	19	libc/include/sys/ipc.h	keep-root libc/include->include	#include <sys/ipc.h>
p023	c-include	userland/base/ipcs/main.c	20	libc/include/sys/msg.h	keep-root libc/include->include	#include <sys/msg.h>
p023	c-include	userland/base/ipcs/main.c	21	libc/include/sys/sem.h	keep-root libc/include->include	#include <sys/sem.h>
p023	c-include	userland/base/ipcs/main.c	22	libc/include/sys/shm.h	keep-root libc/include->include	#include <sys/shm.h>
p023	c-include	userland/base/ipcs/main.c	23	libc/include/unistd.h	keep-root libc/include->include	#include <unistd.h>
p023	c-include	userland/base/join/main.c	15	libc/include/stdio.h	keep-root libc/include->include	#include <stdio.h>
p023	c-include	userland/base/join/main.c	16	libc/include/stdlib.h	keep-root libc/include->include	#include <stdlib.h>
p023	c-include	userland/base/join/main.c	17	libc/include/string.h	keep-root libc/include->include	#include <string.h>
p023	c-include	userland/base/kill/main.c	15	libc/include/signal.h	keep-root libc/include->include	#include <signal.h>
p023	c-include	userland/base/kill/main.c	16	libc/include/stdio.h	keep-root libc/include->include	#include <stdio.h>
p023	c-include	userland/base/kill/main.c	17	libc/include/string.h	keep-root libc/include->include	#include <string.h>
p023	c-include	userland/base/kill/main.c	18	libc/include/stdlib.h	keep-root libc/include->include	#include <stdlib.h>
p023	c-include	userland/base/libc/account.c	14	libc/include/pwd.h	keep-root libc/include->include	#include <pwd.h>
p023	c-include	userland/base/libc/account.c	15	libc/include/grp.h	keep-root libc/include->include	#include <grp.h>
p023	c-include	userland/base/libc/account.c	16	libc/include/shadow.h	keep-root libc/include->include	#include <shadow.h>
p023	c-include	userland/base/libc/account.c	18	libc/include/errno.h	keep-root libc/include->include	#include <errno.h>
p023	c-include	userland/base/libc/account.c	19	libc/include/limits.h	keep-root libc/include->include	#include <limits.h>
p023	c-include	userland/base/libc/account.c	20	libc/include/pthread.h	keep-root libc/include->include	#include <pthread.h>
p023	c-include	userland/base/libc/account.c	21	libc/include/stdio.h	keep-root libc/include->include	#include <stdio.h>
p023	c-include	userland/base/libc/account.c	22	libc/include/stdlib.h	keep-root libc/include->include	#include <stdlib.h>
p023	c-include	userland/base/libc/account.c	23	libc/include/string.h	keep-root libc/include->include	#include <string.h>
p023	c-include	userland/base/libc/account.c	24	libc/include/unistd.h	keep-root libc/include->include	#include <unistd.h>
p023	c-include	userland/base/libc/atomic-runtime.c	16	libc/include/stdbool.h	keep-root libc/include->include	#include <stdbool.h>
p023	c-include	userland/base/libc/atomic-runtime.c	17	libc/include/stddef.h	keep-root libc/include->include	#include <stddef.h>
p023	c-include	userland/base/libc/atomic-runtime.c	18	libc/include/stdint.h	keep-root libc/include->include	#include <stdint.h>
p023	c-include	userland/base/libc/atomic-runtime.c	19	libc/include/unistd.h	keep-root libc/include->include	#include <unistd.h>
p023	c-include	userland/base/libc/crypt.c	14	libc/include/crypt.h	keep-root libc/include->include	#include <crypt.h>
p023	c-include	userland/base/libc/crypt.c	16	libc/include/errno.h	keep-root libc/include->include	#include <errno.h>
p023	c-include	userland/base/libc/crypt.c	17	libc/include/stdint.h	keep-root libc/include->include	#include <stdint.h>
p023	c-include	userland/base/libc/crypt.c	18	libc/include/stdio.h	keep-root libc/include->include	#include <stdio.h>
p023	c-include	userland/base/libc/crypt.c	19	libc/include/stdlib.h	keep-root libc/include->include	#include <stdlib.h>
p023	c-include	userland/base/libc/crypt.c	20	libc/include/string.h	keep-root libc/include->include	#include <string.h>
p023	c-include	userland/base/libc/dlfcn.c	14	libc/include/dlfcn.h	keep-root libc/include->include	#include <dlfcn.h>
p023	c-include	userland/base/libc/dlfcn.c	15	libc/include/link.h	keep-root libc/include->include	#include <link.h>
p023	c-include	userland/base/libc/dlfcn.c	16	libc/include/rtld-abi.h	keep-root libc/include->include	#include <rtld-abi.h>
p023	c-include	userland/base/libc/mqueue.c	17	libc/include/errno.h	keep-root libc/include->include	#include <errno.h>
p023	c-include	userland/base/libc/mqueue.c	18	libc/include/fcntl.h	keep-root libc/include->include	#include <fcntl.h>
p023	c-include	userland/base/libc/mqueue.c	19	libc/include/mqueue.h	keep-root libc/include->include	#include <mqueue.h>
p023	c-include	userland/base/libc/mqueue.c	20	libc/include/limits.h	keep-root libc/include->include	#include <limits.h>
p023	c-include	userland/base/libc/mqueue.c	21	libc/include/stdarg.h	keep-root libc/include->include	#include <stdarg.h>
p023	c-include	userland/base/libc/mqueue.c	22	libc/include/stdint.h	keep-root libc/include->include	#include <stdint.h>
p023	c-include	userland/base/libc/mqueue.c	23	libc/include/string.h	keep-root libc/include->include	#include <string.h>
p023	c-include	userland/base/libc/mqueue.c	24	libc/include/sys/mman.h	keep-root libc/include->include	#include <sys/mman.h>
p023	c-include	userland/base/libc/mqueue.c	25	libc/include/sys/stat.h	keep-root libc/include->include	#include <sys/stat.h>
p023	c-include	userland/base/libc/mqueue.c	26	libc/include/unistd.h	keep-root libc/include->include	#include <unistd.h>
p023	c-include	userland/base/libc/poll.c	17	libc/include/errno.h	keep-root libc/include->include	#include <errno.h>
p023	c-include	userland/base/libc/poll.c	18	libc/include/poll.h	keep-root libc/include->include	#include <poll.h>
p023	c-include	userland/base/libc/poll.c	19	libc/include/stdint.h	keep-root libc/include->include	#include <stdint.h>
p023	c-include	userland/base/libc/poll.c	20	libc/include/sys/select.h	keep-root libc/include->include	#include <sys/select.h>
p023	c-include	userland/base/libc/posix.c	22	libc/include/sys/file.h	keep-root libc/include->include	#include <sys/file.h>
p023	c-include	userland/base/libc/posix.c	23	libc/include/sys/random.h	keep-root libc/include->include	#include <sys/random.h>
p023	c-include	userland/base/libc/posix.c	25	libc/include/sys/sysctl.h	keep-root libc/include->include	#include <sys/sysctl.h>
p023	c-include	userland/base/libc/posix.c	29	libc/include/rtld-abi.h	keep-root libc/include->include	#include <rtld-abi.h>
p023	c-include	userland/base/libc/posix.c	30	libc/include/dirent.h	keep-root libc/include->include	#include <dirent.h>
p023	c-include	userland/base/libc/posix.c	31	libc/include/devctl.h	keep-root libc/include->include	#include <devctl.h>
p023	c-include	userland/base/libc/posix.c	32	libc/include/aio.h	keep-root libc/include->include	#include <aio.h>
p023	c-include	userland/base/libc/posix.c	33	libc/include/errno.h	keep-root libc/include->include	#include <errno.h>
p023	c-include	userland/base/libc/posix.c	34	libc/include/fcntl.h	keep-root libc/include->include	#include <fcntl.h>
p023	c-include	userland/base/libc/posix.c	35	libc/include/stdarg.h	keep-root libc/include->include	#include <stdarg.h>
p023	c-include	userland/base/libc/posix.c	36	libc/include/stdint.h	keep-root libc/include->include	#include <stdint.h>
p023	c-include	userland/base/libc/posix.c	37	libc/include/limits.h	keep-root libc/include->include	#include <limits.h>
p023	c-include	userland/base/libc/posix.c	38	libc/include/pthread.h	keep-root libc/include->include	#include <pthread.h>
p023	c-include	userland/base/libc/posix.c	39	libc/include/sched.h	keep-root libc/include->include	#include <sched.h>
p023	c-include	userland/base/libc/posix.c	40	libc/include/signal.h	keep-root libc/include->include	#include <signal.h>
p023	c-include	userland/base/libc/posix.c	41	libc/include/spawn.h	keep-root libc/include->include	#include <spawn.h>
p023	c-include	userland/base/libc/posix.c	42	libc/include/stdio.h	keep-root libc/include->include	#include <stdio.h>
p023	c-include	userland/base/libc/posix.c	43	libc/include/stdlib.h	keep-root libc/include->include	#include <stdlib.h>
p023	c-include	userland/base/libc/posix.c	44	libc/include/string.h	keep-root libc/include->include	#include <string.h>
p023	c-include	userland/base/libc/posix.c	45	libc/include/sys/ioctl.h	keep-root libc/include->include	#include <sys/ioctl.h>
p023	c-include	userland/base/libc/posix.c	46	libc/include/sys/mman.h	keep-root libc/include->include	#include <sys/mman.h>
p023	c-include	userland/base/libc/posix.c	47	libc/include/sys/mount.h	keep-root libc/include->include	#include <sys/mount.h>
p023	c-include	userland/base/libc/posix.c	48	libc/include/sys/resource.h	keep-root libc/include->include	#include <sys/resource.h>
p023	c-include	userland/base/libc/posix.c	49	libc/include/sys/quota.h	keep-root libc/include->include	#include <sys/quota.h>
p023	c-include	userland/base/libc/posix.c	50	libc/include/sys/snapshot.h	keep-root libc/include->include	#include <sys/snapshot.h>
p023	c-include	userland/base/libc/posix.c	51	libc/include/sys/stat.h	keep-root libc/include->include	#include <sys/stat.h>
p023	c-include	userland/base/libc/posix.c	52	libc/include/sys/statvfs.h	keep-root libc/include->include	#include <sys/statvfs.h>
p023	c-include	userland/base/libc/posix.c	53	libc/include/sys/time.h	keep-root libc/include->include	#include <sys/time.h>
p023	c-include	userland/base/libc/posix.c	54	libc/include/sys/times.h	keep-root libc/include->include	#include <sys/times.h>
p023	c-include	userland/base/libc/posix.c	55	libc/include/sys/uio.h	keep-root libc/include->include	#include <sys/uio.h>
p023	c-include	userland/base/libc/posix.c	56	libc/include/sys/utsname.h	keep-root libc/include->include	#include <sys/utsname.h>
p023	c-include	userland/base/libc/posix.c	57	libc/include/netinet/in.h	keep-root libc/include->include	#include <netinet/in.h>
p023	c-include	userland/base/libc/posix.c	58	libc/include/sys/ptrace.h	keep-root libc/include->include	#include <sys/ptrace.h>
p023	c-include	userland/base/libc/posix.c	59	libc/include/sys/wait.h	keep-root libc/include->include	#include <sys/wait.h>
p023	c-include	userland/base/libc/posix.c	60	libc/include/termios.h	keep-root libc/include->include	#include <termios.h>
p023	c-include	userland/base/libc/posix.c	61	libc/include/time.h	keep-root libc/include->include	#include <time.h>
p023	c-include	userland/base/libc/posix.c	62	libc/include/unistd.h	keep-root libc/include->include	#include <unistd.h>
p023	c-include	userland/base/libc/pthread.c	18	libc/include/rtld-abi.h	keep-root libc/include->include	#include <rtld-abi.h>
p023	c-include	userland/base/libc/pthread.c	19	libc/include/errno.h	keep-root libc/include->include	#include <errno.h>
p023	c-include	userland/base/libc/pthread.c	20	libc/include/fenv.h	keep-root libc/include->include	#include <fenv.h>
p023	c-include	userland/base/libc/pthread.c	21	libc/include/pthread.h	keep-root libc/include->include	#include <pthread.h>
p023	c-include	userland/base/libc/pthread.c	22	libc/include/stdint.h	keep-root libc/include->include	#include <stdint.h>
p023	c-include	userland/base/libc/pthread.c	23	libc/include/stdlib.h	keep-root libc/include->include	#include <stdlib.h>
p023	c-include	userland/base/libc/pthread.c	24	libc/include/string.h	keep-root libc/include->include	#include <string.h>
p023	c-include	userland/base/libc/pthread.c	25	libc/include/sys/mman.h	keep-root libc/include->include	#include <sys/mman.h>
p023	c-include	userland/base/libc/pthread.c	26	libc/include/time.h	keep-root libc/include->include	#include <time.h>
p023	c-include	userland/base/libc/pthread.c	27	libc/include/threads.h	keep-root libc/include->include	#include <threads.h>
p023	c-include	userland/base/libc/resolv.c	21	libc/include/sys/socket.h	keep-root libc/include->include	#include <sys/socket.h>
p023	c-include	userland/base/libc/resolv.c	22	libc/include/sys/time.h	keep-root libc/include->include	#include <sys/time.h>
p023	c-include	userland/base/libc/resolv.c	23	libc/include/arpa/inet.h	keep-root libc/include->include	#include <arpa/inet.h>
p023	c-include	userland/base/libc/resolv.c	24	libc/include/errno.h	keep-root libc/include->include	#include <errno.h>
p023	c-include	userland/base/libc/resolv.c	25	libc/include/netdb.h	keep-root libc/include->include	#include <netdb.h>
p023	c-include	userland/base/libc/resolv.c	26	libc/include/resolv.h	keep-root libc/include->include	#include <resolv.h>
p023	c-include	userland/base/libc/resolv.c	27	libc/include/stdio.h	keep-root libc/include->include	#include <stdio.h>
p023	c-include	userland/base/libc/resolv.c	28	libc/include/stdlib.h	keep-root libc/include->include	#include <stdlib.h>
p023	c-include	userland/base/libc/resolv.c	29	libc/include/string.h	keep-root libc/include->include	#include <string.h>
p023	c-include	userland/base/libc/resolv.c	30	libc/include/unistd.h	keep-root libc/include->include	#include <unistd.h>
p023	c-include	userland/base/libc/resolver-dns.c	16	libc/include/netdb.h	keep-root libc/include->include	#include <netdb.h>
p023	c-include	userland/base/libc/resolver-dns.c	17	libc/include/string.h	keep-root libc/include->include	#include <string.h>
p023	c-include	userland/base/libc/resolver-internal.h	17	libc/include/netinet/in.h	keep-root libc/include->include	#include <netinet/in.h>
p023	c-include	userland/base/libc/resolver-internal.h	18	libc/include/stddef.h	keep-root libc/include->include	#include <stddef.h>
p023	c-include	userland/base/libc/resolver-internal.h	19	libc/include/stdint.h	keep-root libc/include->include	#include <stdint.h>
p023	c-include	userland/base/libc/resolver.c	16	libc/include/arpa/inet.h	keep-root libc/include->include	#include <arpa/inet.h>
p023	c-include	userland/base/libc/resolver.c	17	libc/include/errno.h	keep-root libc/include->include	#include <errno.h>
p023	c-include	userland/base/libc/resolver.c	18	libc/include/fcntl.h	keep-root libc/include->include	#include <fcntl.h>
p023	c-include	userland/base/libc/resolver.c	19	libc/include/netdb.h	keep-root libc/include->include	#include <netdb.h>
p023	c-include	userland/base/libc/resolver.c	20	libc/include/pthread.h	keep-root libc/include->include	#include <pthread.h>
p023	c-include	userland/base/libc/resolver.c	21	libc/include/stdio.h	keep-root libc/include->include	#include <stdio.h>
p023	c-include	userland/base/libc/resolver.c	22	libc/include/stdlib.h	keep-root libc/include->include	#include <stdlib.h>
p023	c-include	userland/base/libc/resolver.c	23	libc/include/string.h	keep-root libc/include->include	#include <string.h>
p023	c-include	userland/base/libc/resolver.c	24	libc/include/sys/socket.h	keep-root libc/include->include	#include <sys/socket.h>
p023	c-include	userland/base/libc/resolver.c	25	libc/include/sys/time.h	keep-root libc/include->include	#include <sys/time.h>
p023	c-include	userland/base/libc/resolver.c	26	libc/include/time.h	keep-root libc/include->include	#include <time.h>
p023	c-include	userland/base/libc/resolver.c	27	libc/include/unistd.h	keep-root libc/include->include	#include <unistd.h>
p023	c-include	userland/base/libc/semaphore.c	17	libc/include/errno.h	keep-root libc/include->include	#include <errno.h>
p023	c-include	userland/base/libc/semaphore.c	18	libc/include/fcntl.h	keep-root libc/include->include	#include <fcntl.h>
p023	c-include	userland/base/libc/semaphore.c	19	libc/include/limits.h	keep-root libc/include->include	#include <limits.h>
p023	c-include	userland/base/libc/semaphore.c	20	libc/include/semaphore.h	keep-root libc/include->include	#include <semaphore.h>
p023	c-include	userland/base/libc/semaphore.c	21	libc/include/stdarg.h	keep-root libc/include->include	#include <stdarg.h>
p023	c-include	userland/base/libc/semaphore.c	22	libc/include/stdint.h	keep-root libc/include->include	#include <stdint.h>
p023	c-include	userland/base/libc/semaphore.c	23	libc/include/string.h	keep-root libc/include->include	#include <string.h>
p023	c-include	userland/base/libc/semaphore.c	24	libc/include/sys/mman.h	keep-root libc/include->include	#include <sys/mman.h>
p023	c-include	userland/base/libc/semaphore.c	25	libc/include/time.h	keep-root libc/include->include	#include <time.h>
p023	c-include	userland/base/libc/semaphore.c	26	libc/include/unistd.h	keep-root libc/include->include	#include <unistd.h>
p023	c-include	userland/base/libc/shm.c	14	libc/include/errno.h	keep-root libc/include->include	#include <errno.h>
p023	c-include	userland/base/libc/shm.c	15	libc/include/fcntl.h	keep-root libc/include->include	#include <fcntl.h>
p023	c-include	userland/base/libc/shm.c	16	libc/include/limits.h	keep-root libc/include->include	#include <limits.h>
p023	c-include	userland/base/libc/shm.c	17	libc/include/string.h	keep-root libc/include->include	#include <string.h>
p023	c-include	userland/base/libc/shm.c	18	libc/include/sys/mman.h	keep-root libc/include->include	#include <sys/mman.h>
p023	c-include	userland/base/libc/shm.c	19	libc/include/unistd.h	keep-root libc/include->include	#include <unistd.h>
p023	c-include	userland/base/libc/signal.c	16	libc/include/errno.h	keep-root libc/include->include	#include <errno.h>
p023	c-include	userland/base/libc/signal.c	17	libc/include/signal.h	keep-root libc/include->include	#include <signal.h>
p023	c-include	userland/base/libc/signal.c	18	libc/include/pthread.h	keep-root libc/include->include	#include <pthread.h>
p023	c-include	userland/base/libc/signal.c	19	libc/include/stdint.h	keep-root libc/include->include	#include <stdint.h>
p023	c-include	userland/base/libc/signal.c	20	libc/include/stdio.h	keep-root libc/include->include	#include <stdio.h>
p023	c-include	userland/base/libc/signal.c	21	libc/include/string.h	keep-root libc/include->include	#include <string.h>
p023	c-include	userland/base/libc/signal.c	22	libc/include/unistd.h	keep-root libc/include->include	#include <unistd.h>
p023	c-include	userland/base/libc/socket.c	18	libc/include/errno.h	keep-root libc/include->include	#include <errno.h>
p023	c-include	userland/base/libc/socket.c	19	libc/include/stdint.h	keep-root libc/include->include	#include <stdint.h>
p023	c-include	userland/base/libc/socket.c	20	libc/include/string.h	keep-root libc/include->include	#include <string.h>
p023	c-include	userland/base/libc/socket.c	21	libc/include/sys/socket.h	keep-root libc/include->include	#include <sys/socket.h>
p023	c-include	userland/base/libc/socket.c	22	libc/include/sys/uio.h	keep-root libc/include->include	#include <sys/uio.h>
p023	c-include	userland/base/libc/socket.c	23	libc/include/stdlib.h	keep-root libc/include->include	#include <stdlib.h>
p023	c-include	userland/base/libc/static-tls.c	15	libc/include/rtld-abi.h	keep-root libc/include->include	#include <rtld-abi.h>
p023	c-include	userland/base/libc/static-tls.c	18	libc/include/stdint.h	keep-root libc/include->include	#include <stdint.h>
p023	c-include	userland/base/libc/static-tls.c	19	libc/include/string.h	keep-root libc/include->include	#include <string.h>
p023	c-include	userland/base/libc/static-tls.c	20	libc/include/sys/mman.h	keep-root libc/include->include	#include <sys/mman.h>
p023	c-include	userland/base/libc/syscall.h	16	libc/include/stdint.h	keep-root libc/include->include	#include <stdint.h>
p023	c-include	userland/base/libc/termios.c	14	libc/include/errno.h	keep-root libc/include->include	#include <errno.h>
p023	c-include	userland/base/libc/termios.c	15	libc/include/fcntl.h	keep-root libc/include->include	#include <fcntl.h>
p023	c-include	userland/base/libc/termios.c	16	libc/include/pty.h	keep-root libc/include->include	#include <pty.h>
p023	c-include	userland/base/libc/termios.c	17	libc/include/stdio.h	keep-root libc/include->include	#include <stdio.h>
p023	c-include	userland/base/libc/termios.c	18	libc/include/stdlib.h	keep-root libc/include->include	#include <stdlib.h>
p023	c-include	userland/base/libc/termios.c	19	libc/include/string.h	keep-root libc/include->include	#include <string.h>
p023	c-include	userland/base/libc/termios.c	20	libc/include/sys/ioctl.h	keep-root libc/include->include	#include <sys/ioctl.h>
p023	c-include	userland/base/libc/termios.c	21	libc/include/termios.h	keep-root libc/include->include	#include <termios.h>
p023	c-include	userland/base/libc/termios.c	22	libc/include/unistd.h	keep-root libc/include->include	#include <unistd.h>
p023	c-include	userland/base/libc/timer.c	21	libc/include/errno.h	keep-root libc/include->include	#include <errno.h>
p023	c-include	userland/base/libc/timer.c	22	libc/include/pthread.h	keep-root libc/include->include	#include <pthread.h>
p023	c-include	userland/base/libc/timer.c	23	libc/include/sched.h	keep-root libc/include->include	#include <sched.h>
p023	c-include	userland/base/libc/timer.c	24	libc/include/signal.h	keep-root libc/include->include	#include <signal.h>
p023	c-include	userland/base/libc/timer.c	25	libc/include/stdint.h	keep-root libc/include->include	#include <stdint.h>
p023	c-include	userland/base/libc/timer.c	26	libc/include/stdlib.h	keep-root libc/include->include	#include <stdlib.h>
p023	c-include	userland/base/libc/timer.c	27	libc/include/string.h	keep-root libc/include->include	#include <string.h>
p023	c-include	userland/base/libc/timer.c	28	libc/include/time.h	keep-root libc/include->include	#include <time.h>
p023	c-include	userland/base/libc/utmpx.c	14	libc/include/utmpx.h	keep-root libc/include->include	#include <utmpx.h>
p023	c-include	userland/base/libc/utmpx.c	16	libc/include/errno.h	keep-root libc/include->include	#include <errno.h>
p023	c-include	userland/base/libc/utmpx.c	17	libc/include/fcntl.h	keep-root libc/include->include	#include <fcntl.h>
p023	c-include	userland/base/libc/utmpx.c	18	libc/include/pthread.h	keep-root libc/include->include	#include <pthread.h>
p023	c-include	userland/base/libc/utmpx.c	19	libc/include/stdio.h	keep-root libc/include->include	#include <stdio.h>
p023	c-include	userland/base/libc/utmpx.c	20	libc/include/string.h	keep-root libc/include->include	#include <string.h>
p023	c-include	userland/base/libc/utmpx.c	21	libc/include/unistd.h	keep-root libc/include->include	#include <unistd.h>
p023	c-include	userland/base/libedit/readline.c	18	libc/include/errno.h	keep-root libc/include->include	#include <errno.h>
p023	c-include	userland/base/libedit/readline.c	19	libc/include/stdlib.h	keep-root libc/include->include	#include <stdlib.h>
p023	c-include	userland/base/libedit/readline.c	20	libc/include/string.h	keep-root libc/include->include	#include <string.h>
p023	c-include	userland/base/libedit/readline.c	21	libc/include/termios.h	keep-root libc/include->include	#include <termios.h>
p023	c-include	userland/base/libedit/readline.c	22	libc/include/unistd.h	keep-root libc/include->include	#include <unistd.h>
p023	c-include	userland/base/libvulkan/commands.c	12	libc/include/string.h	keep-root libc/include->include	#include <string.h>
p023	c-include	userland/base/libvulkan/context.c	12	libc/include/errno.h	keep-root libc/include->include	#include <errno.h>
p023	c-include	userland/base/libvulkan/context.c	13	libc/include/fcntl.h	keep-root libc/include->include	#include <fcntl.h>
p023	c-include	userland/base/libvulkan/context.c	14	libc/include/stdlib.h	keep-root libc/include->include	#include <stdlib.h>
p023	c-include	userland/base/libvulkan/context.c	15	libc/include/string.h	keep-root libc/include->include	#include <string.h>
p023	c-include	userland/base/libvulkan/context.c	16	libc/include/time.h	keep-root libc/include->include	#include <time.h>
p023	c-include	userland/base/libvulkan/context.c	17	libc/include/sys/mman.h	keep-root libc/include->include	#include <sys/mman.h>
p023	c-include	userland/base/libvulkan/context.c	18	libc/include/unistd.h	keep-root libc/include->include	#include <unistd.h>
p023	c-include	userland/base/libvulkan/descriptors.c	15	libc/include/string.h	keep-root libc/include->include	#include <string.h>
p023	c-include	userland/base/libvulkan/device.c	12	libc/include/stdlib.h	keep-root libc/include->include	#include <stdlib.h>
p023	c-include	userland/base/libvulkan/device.c	13	libc/include/string.h	keep-root libc/include->include	#include <string.h>
p023	c-include	userland/base/libvulkan/dispatch.c	12	libc/include/string.h	keep-root libc/include->include	#include <string.h>
p023	c-include	userland/base/libvulkan/external-fence.c	12	libc/include/errno.h	keep-root libc/include->include	#include <errno.h>
p023	c-include	userland/base/libvulkan/external-fence.c	13	libc/include/fcntl.h	keep-root libc/include->include	#include <fcntl.h>
p023	c-include	userland/base/libvulkan/external-fence.c	14	libc/include/stdlib.h	keep-root libc/include->include	#include <stdlib.h>
p023	c-include	userland/base/libvulkan/external-fence.c	15	libc/include/string.h	keep-root libc/include->include	#include <string.h>
p023	c-include	userland/base/libvulkan/external-fence.c	16	libc/include/unistd.h	keep-root libc/include->include	#include <unistd.h>
p023	c-include	userland/base/libvulkan/external-properties.c	12	libc/include/string.h	keep-root libc/include->include	#include <string.h>
p023	c-include	userland/base/libvulkan/instance.c	12	libc/include/dirent.h	keep-root libc/include->include	#include <dirent.h>
p023	c-include	userland/base/libvulkan/instance.c	13	libc/include/errno.h	keep-root libc/include->include	#include <errno.h>
p023	c-include	userland/base/libvulkan/instance.c	14	libc/include/stdlib.h	keep-root libc/include->include	#include <stdlib.h>
p023	c-include	userland/base/libvulkan/instance.c	15	libc/include/string.h	keep-root libc/include->include	#include <string.h>
p023	c-include	userland/base/libvulkan/internal.h	15	libc/include/stddef.h	keep-root libc/include->include	#include <stddef.h>
p023	c-include	userland/base/libvulkan/internal.h	16	libc/include/stdint.h	keep-root libc/include->include	#include <stdint.h>
p023	c-include	userland/base/libvulkan/internal.h	17	libc/include/pthread.h	keep-root libc/include->include	#include <pthread.h>
p023	c-include	userland/base/libvulkan/internal.h	18	libc/include/vulkan/vulkan.h	keep-root libc/include->include	#include <vulkan/vulkan.h>
p023	c-include	userland/base/libvulkan/internal.h	19	libc/include/vulkan/vulkan_wayland.h	keep-root libc/include->include	#include <vulkan/vulkan_wayland.h>
p023	c-include	userland/base/libvulkan/memory.c	17	libc/include/errno.h	keep-root libc/include->include	#include <errno.h>
p023	c-include	userland/base/libvulkan/memory.c	18	libc/include/string.h	keep-root libc/include->include	#include <string.h>
p023	c-include	userland/base/libvulkan/memory.c	19	libc/include/sys/ioctl.h	keep-root libc/include->include	#include <sys/ioctl.h>
p023	c-include	userland/base/libvulkan/memory.c	20	libc/include/sys/mman.h	keep-root libc/include->include	#include <sys/mman.h>
p023	c-include	userland/base/libvulkan/memory.c	21	libc/include/unistd.h	keep-root libc/include->include	#include <unistd.h>
p023	c-include	userland/base/libvulkan/objects.c	16	libc/include/errno.h	keep-root libc/include->include	#include <errno.h>
p023	c-include	userland/base/libvulkan/objects.c	17	libc/include/fcntl.h	keep-root libc/include->include	#include <fcntl.h>
p023	c-include	userland/base/libvulkan/objects.c	18	libc/include/unistd.h	keep-root libc/include->include	#include <unistd.h>
p023	c-include	userland/base/libvulkan/objects.c	19	libc/include/stdlib.h	keep-root libc/include->include	#include <stdlib.h>
p023	c-include	userland/base/libvulkan/objects.c	20	libc/include/string.h	keep-root libc/include->include	#include <string.h>
p023	c-include	userland/base/libvulkan/pipeline.c	14	libc/include/string.h	keep-root libc/include->include	#include <string.h>
p023	c-include	userland/base/libvulkan/query.c	12	libc/include/string.h	keep-root libc/include->include	#include <string.h>
p023	c-include	userland/base/libvulkan/queue.c	12	libc/include/stdlib.h	keep-root libc/include->include	#include <stdlib.h>
p023	c-include	userland/base/libvulkan/queue.c	13	libc/include/string.h	keep-root libc/include->include	#include <string.h>
p023	c-include	userland/base/libvulkan/resources.c	12	libc/include/string.h	keep-root libc/include->include	#include <string.h>
p023	c-include	userland/base/libvulkan/sync.c	12	libc/include/errno.h	keep-root libc/include->include	#include <errno.h>
p023	c-include	userland/base/libvulkan/sync.c	13	libc/include/stdio.h	keep-root libc/include->include	#include <stdio.h>
p023	c-include	userland/base/libvulkan/sync.c	14	libc/include/string.h	keep-root libc/include->include	#include <string.h>
p023	c-include	userland/base/libvulkan/sync.c	15	libc/include/time.h	keep-root libc/include->include	#include <time.h>
p023	c-include	userland/base/libvulkan/sync.c	16	libc/include/stdlib.h	keep-root libc/include->include	#include <stdlib.h>
p023	c-include	userland/base/libvulkan/sync.c	17	libc/include/poll.h	keep-root libc/include->include	#include <poll.h>
p023	c-include	userland/base/libvulkan/wire.c	12	libc/include/stdlib.h	keep-root libc/include->include	#include <stdlib.h>
p023	c-include	userland/base/libvulkan/wire.c	13	libc/include/string.h	keep-root libc/include->include	#include <string.h>
p023	c-include	userland/base/libvulkan/wsi-display-nodes.c	15	libc/include/dirent.h	keep-root libc/include->include	#include <dirent.h>
p023	c-include	userland/base/libvulkan/wsi-display-nodes.c	16	libc/include/errno.h	keep-root libc/include->include	#include <errno.h>
p023	c-include	userland/base/libvulkan/wsi-display-nodes.c	17	libc/include/fcntl.h	keep-root libc/include->include	#include <fcntl.h>
p023	c-include	userland/base/libvulkan/wsi-display-nodes.c	18	libc/include/string.h	keep-root libc/include->include	#include <string.h>
p023	c-include	userland/base/libvulkan/wsi-display-nodes.c	19	libc/include/sys/ioctl.h	keep-root libc/include->include	#include <sys/ioctl.h>
p023	c-include	userland/base/libvulkan/wsi-display-nodes.c	20	libc/include/unistd.h	keep-root libc/include->include	#include <unistd.h>
p023	c-include	userland/base/libvulkan/wsi-display.c	19	libc/include/errno.h	keep-root libc/include->include	#include <errno.h>
p023	c-include	userland/base/libvulkan/wsi-display.c	20	libc/include/fcntl.h	keep-root libc/include->include	#include <fcntl.h>
p023	c-include	userland/base/libvulkan/wsi-display.c	21	libc/include/poll.h	keep-root libc/include->include	#include <poll.h>
p023	c-include	userland/base/libvulkan/wsi-display.c	22	libc/include/string.h	keep-root libc/include->include	#include <string.h>
p023	c-include	userland/base/libvulkan/wsi-display.c	23	libc/include/sys/ioctl.h	keep-root libc/include->include	#include <sys/ioctl.h>
p023	c-include	userland/base/libvulkan/wsi-display.c	24	libc/include/unistd.h	keep-root libc/include->include	#include <unistd.h>
p023	c-include	userland/base/libvulkan/wsi-image.c	14	libc/include/string.h	keep-root libc/include->include	#include <string.h>
p023	c-include	userland/base/libvulkan/wsi-image.c	15	libc/include/sys/ioctl.h	keep-root libc/include->include	#include <sys/ioctl.h>
p023	c-include	userland/base/libvulkan/wsi-image.c	16	libc/include/unistd.h	keep-root libc/include->include	#include <unistd.h>
p023	c-include	userland/base/libvulkan/wsi-swapchain.c	19	libc/include/errno.h	keep-root libc/include->include	#include <errno.h>
p023	c-include	userland/base/libvulkan/wsi-swapchain.c	20	libc/include/poll.h	keep-root libc/include->include	#include <poll.h>
p023	c-include	userland/base/libvulkan/wsi-swapchain.c	22	libc/include/sys/ioctl.h	keep-root libc/include->include	#include <sys/ioctl.h>
p023	c-include	userland/base/libvulkan/wsi-swapchain.c	23	libc/include/string.h	keep-root libc/include->include	#include <string.h>
p023	c-include	userland/base/libvulkan/wsi-swapchain.c	24	libc/include/time.h	keep-root libc/include->include	#include <time.h>
p023	c-include	userland/base/libvulkan/wsi-swapchain.c	25	libc/include/unistd.h	keep-root libc/include->include	#include <unistd.h>
p023	c-include	userland/base/libvulkan/wsi-wayland.c	14	libc/include/wayland-client.h	keep-root libc/include->include	#include <wayland-client.h>
p023	c-include	userland/base/libvulkan/wsi-wayland.c	15	libc/include/wayland/zed-gpu-buffer-v1-client-protocol.h	keep-root libc/include->include	#include <wayland/zed-gpu-buffer-v1-client-protocol.h>
p023	c-include	userland/base/libvulkan/wsi-wayland.c	16	libc/include/errno.h	keep-root libc/include->include	#include <errno.h>
p023	c-include	userland/base/libvulkan/wsi-wayland.c	17	libc/include/poll.h	keep-root libc/include->include	#include <poll.h>
p023	c-include	userland/base/libvulkan/wsi-wayland.c	18	libc/include/string.h	keep-root libc/include->include	#include <string.h>
p023	c-include	userland/base/libvulkan/wsi-wayland.c	19	libc/include/time.h	keep-root libc/include->include	#include <time.h>
p023	c-include	userland/base/libvulkan/wsi.c	14	libc/include/limits.h	keep-root libc/include->include	#include <limits.h>
p023	c-include	userland/base/libvulkan/wsi.c	15	libc/include/string.h	keep-root libc/include->include	#include <string.h>
p023	c-include	userland/base/libwayland/client.c	13	libc/include/fcntl.h	keep-root libc/include->include	#include <fcntl.h>
p023	c-include	userland/base/libwayland/client.c	14	libc/include/poll.h	keep-root libc/include->include	#include <poll.h>
p023	c-include	userland/base/libwayland/client.c	15	libc/include/stdio.h	keep-root libc/include->include	#include <stdio.h>
p023	c-include	userland/base/libwayland/client.c	16	libc/include/sys/socket.h	keep-root libc/include->include	#include <sys/socket.h>
p023	c-include	userland/base/libwayland/client.c	17	libc/include/sys/un.h	keep-root libc/include->include	#include <sys/un.h>
p023	c-include	userland/base/libwayland/client.c	18	libc/include/unistd.h	keep-root libc/include->include	#include <unistd.h>
p023	c-include	userland/base/libwayland/event.c	13	libc/include/unistd.h	keep-root libc/include->include	#include <unistd.h>
p023	c-include	userland/base/libwayland/internal.h	15	libc/include/wayland/wayland-client.h	keep-root libc/include->include	#include <wayland/wayland-client.h>
p023	c-include	userland/base/libwayland/internal.h	16	libc/include/wayland/xdg-shell-client-protocol.h	keep-root libc/include->include	#include <wayland/xdg-shell-client-protocol.h>
p023	c-include	userland/base/libwayland/internal.h	17	libc/include/wayland/zed-gpu-buffer-v1-client-protocol.h	keep-root libc/include->include	#include <wayland/zed-gpu-buffer-v1-client-protocol.h>
p023	c-include	userland/base/libwayland/internal.h	18	libc/include/errno.h	keep-root libc/include->include	#include <errno.h>
p023	c-include	userland/base/libwayland/internal.h	19	libc/include/limits.h	keep-root libc/include->include	#include <limits.h>
p023	c-include	userland/base/libwayland/internal.h	20	libc/include/pthread.h	keep-root libc/include->include	#include <pthread.h>
p023	c-include	userland/base/libwayland/internal.h	21	libc/include/stdarg.h	keep-root libc/include->include	#include <stdarg.h>
p023	c-include	userland/base/libwayland/internal.h	22	libc/include/stdint.h	keep-root libc/include->include	#include <stdint.h>
p023	c-include	userland/base/libwayland/internal.h	23	libc/include/stdlib.h	keep-root libc/include->include	#include <stdlib.h>
p023	c-include	userland/base/libwayland/internal.h	24	libc/include/string.h	keep-root libc/include->include	#include <string.h>
p023	c-include	userland/base/libwayland/wire.c	13	libc/include/fcntl.h	keep-root libc/include->include	#include <fcntl.h>
p023	c-include	userland/base/libwayland/wire.c	14	libc/include/sys/socket.h	keep-root libc/include->include	#include <sys/socket.h>
p023	c-include	userland/base/libwayland/wire.c	15	libc/include/sys/uio.h	keep-root libc/include->include	#include <sys/uio.h>
p023	c-include	userland/base/libwayland/wire.c	16	libc/include/unistd.h	keep-root libc/include->include	#include <unistd.h>
p023	c-include	userland/base/link/main.c	15	libc/include/stdio.h	keep-root libc/include->include	#include <stdio.h>
p023	c-include	userland/base/link/main.c	16	libc/include/string.h	keep-root libc/include->include	#include <string.h>
p023	c-include	userland/base/link/main.c	17	libc/include/unistd.h	keep-root libc/include->include	#include <unistd.h>
p023	c-include	userland/base/ln/main.c	15	libc/include/stdio.h	keep-root libc/include->include	#include <stdio.h>
p023	c-include	userland/base/ln/main.c	16	libc/include/string.h	keep-root libc/include->include	#include <string.h>
p023	c-include	userland/base/ln/main.c	17	libc/include/unistd.h	keep-root libc/include->include	#include <unistd.h>
p023	c-include	userland/base/locale/main.c	14	libc/include/dirent.h	keep-root libc/include->include	#include <dirent.h>
p023	c-include	userland/base/locale/main.c	15	libc/include/errno.h	keep-root libc/include->include	#include <errno.h>
p023	c-include	userland/base/locale/main.c	16	libc/include/langinfo.h	keep-root libc/include->include	#include <langinfo.h>
p023	c-include	userland/base/locale/main.c	17	libc/include/locale.h	keep-root libc/include->include	#include <locale.h>
p023	c-include	userland/base/locale/main.c	18	libc/include/stdio.h	keep-root libc/include->include	#include <stdio.h>
p023	c-include	userland/base/locale/main.c	19	libc/include/stdlib.h	keep-root libc/include->include	#include <stdlib.h>
p023	c-include	userland/base/locale/main.c	20	libc/include/string.h	keep-root libc/include->include	#include <string.h>
p023	c-include	userland/base/locale/main.c	22	libc/include/locale-format.h	libc/include/locale-format.h -> include/locale-format.h	#include "libc/include/locale-format.h"
p023	c-include	userland/base/localedef/main.c	16	libc/include/ctype.h	keep-root libc/include->include	#include <ctype.h>
p023	c-include	userland/base/localedef/main.c	17	libc/include/errno.h	keep-root libc/include->include	#include <errno.h>
p023	c-include	userland/base/localedef/main.c	18	libc/include/fcntl.h	keep-root libc/include->include	#include <fcntl.h>
p023	c-include	userland/base/localedef/main.c	19	libc/include/limits.h	keep-root libc/include->include	#include <limits.h>
p023	c-include	userland/base/localedef/main.c	20	libc/include/locale.h	keep-root libc/include->include	#include <locale.h>
p023	c-include	userland/base/localedef/main.c	21	libc/include/stdint.h	keep-root libc/include->include	#include <stdint.h>
p023	c-include	userland/base/localedef/main.c	22	libc/include/stdio.h	keep-root libc/include->include	#include <stdio.h>
p023	c-include	userland/base/localedef/main.c	23	libc/include/stdlib.h	keep-root libc/include->include	#include <stdlib.h>
p023	c-include	userland/base/localedef/main.c	24	libc/include/string.h	keep-root libc/include->include	#include <string.h>
p023	c-include	userland/base/localedef/main.c	25	libc/include/unistd.h	keep-root libc/include->include	#include <unistd.h>
p023	c-include	userland/base/localedef/main.c	27	libc/include/locale-format.h	libc/include/locale-format.h -> include/locale-format.h	#include "libc/include/locale-format.h"
p023	c-include	userland/base/logger/main.c	14	libc/include/errno.h	keep-root libc/include->include	#include <errno.h>
p023	c-include	userland/base/logger/main.c	15	libc/include/stdio.h	keep-root libc/include->include	#include <stdio.h>
p023	c-include	userland/base/logger/main.c	16	libc/include/stdlib.h	keep-root libc/include->include	#include <stdlib.h>
p023	c-include	userland/base/logger/main.c	17	libc/include/string.h	keep-root libc/include->include	#include <string.h>
p023	c-include	userland/base/logger/main.c	18	libc/include/syslog.h	keep-root libc/include->include	#include <syslog.h>
p023	c-include	userland/base/logger/main.c	19	libc/include/unistd.h	keep-root libc/include->include	#include <unistd.h>
p023	c-include	userland/base/login/main.c	14	libc/include/crypt.h	keep-root libc/include->include	#include <crypt.h>
p023	c-include	userland/base/login/main.c	15	libc/include/grp.h	keep-root libc/include->include	#include <grp.h>
p023	c-include	userland/base/login/main.c	16	libc/include/pwd.h	keep-root libc/include->include	#include <pwd.h>
p023	c-include	userland/base/login/main.c	17	libc/include/shadow.h	keep-root libc/include->include	#include <shadow.h>
p023	c-include	userland/base/login/main.c	18	libc/include/utmpx.h	keep-root libc/include->include	#include <utmpx.h>
p023	c-include	userland/base/login/main.c	20	libc/include/errno.h	keep-root libc/include->include	#include <errno.h>
p023	c-include	userland/base/login/main.c	21	libc/include/fcntl.h	keep-root libc/include->include	#include <fcntl.h>
p023	c-include	userland/base/login/main.c	22	libc/include/signal.h	keep-root libc/include->include	#include <signal.h>
p023	c-include	userland/base/login/main.c	23	libc/include/stdio.h	keep-root libc/include->include	#include <stdio.h>
p023	c-include	userland/base/login/main.c	24	libc/include/stdlib.h	keep-root libc/include->include	#include <stdlib.h>
p023	c-include	userland/base/login/main.c	25	libc/include/string.h	keep-root libc/include->include	#include <string.h>
p023	c-include	userland/base/login/main.c	26	libc/include/sys/ioctl.h	keep-root libc/include->include	#include <sys/ioctl.h>
p023	c-include	userland/base/login/main.c	27	libc/include/sys/wait.h	keep-root libc/include->include	#include <sys/wait.h>
p023	c-include	userland/base/login/main.c	28	libc/include/termios.h	keep-root libc/include->include	#include <termios.h>
p023	c-include	userland/base/login/main.c	29	libc/include/time.h	keep-root libc/include->include	#include <time.h>
p023	c-include	userland/base/login/main.c	30	libc/include/unistd.h	keep-root libc/include->include	#include <unistd.h>
p023	c-include	userland/base/logname/main.c	15	libc/include/stdio.h	keep-root libc/include->include	#include <stdio.h>
p023	c-include	userland/base/logname/main.c	16	libc/include/unistd.h	keep-root libc/include->include	#include <unistd.h>
p023	c-include	userland/base/lp/lpd-client.c	18	libc/include/errno.h	keep-root libc/include->include	#include <errno.h>
p023	c-include	userland/base/lp/lpd-client.c	19	libc/include/netdb.h	keep-root libc/include->include	#include <netdb.h>
p023	c-include	userland/base/lp/lpd-client.c	20	libc/include/stdio.h	keep-root libc/include->include	#include <stdio.h>
p023	c-include	userland/base/lp/lpd-client.c	21	libc/include/stdlib.h	keep-root libc/include->include	#include <stdlib.h>
p023	c-include	userland/base/lp/lpd-client.c	22	libc/include/string.h	keep-root libc/include->include	#include <string.h>
p023	c-include	userland/base/lp/lpd-client.c	23	libc/include/sys/socket.h	keep-root libc/include->include	#include <sys/socket.h>
p023	c-include	userland/base/lp/lpd-client.c	24	libc/include/sys/time.h	keep-root libc/include->include	#include <sys/time.h>
p023	c-include	userland/base/lp/lpd-client.c	25	libc/include/unistd.h	keep-root libc/include->include	#include <unistd.h>
p023	c-include	userland/base/lp/lpd-client.h	17	libc/include/stddef.h	keep-root libc/include->include	#include <stddef.h>
p023	c-include	userland/base/lp/lpd-client.h	18	libc/include/stdint.h	keep-root libc/include->include	#include <stdint.h>
p023	c-include	userland/base/lp/main.c	18	libc/include/errno.h	keep-root libc/include->include	#include <errno.h>
p023	c-include	userland/base/lp/main.c	19	libc/include/fcntl.h	keep-root libc/include->include	#include <fcntl.h>
p023	c-include	userland/base/lp/main.c	20	libc/include/pwd.h	keep-root libc/include->include	#include <pwd.h>
p023	c-include	userland/base/lp/main.c	21	libc/include/signal.h	keep-root libc/include->include	#include <signal.h>
p023	c-include	userland/base/lp/main.c	22	libc/include/stdint.h	keep-root libc/include->include	#include <stdint.h>
p023	c-include	userland/base/lp/main.c	23	libc/include/stdio.h	keep-root libc/include->include	#include <stdio.h>
p023	c-include	userland/base/lp/main.c	24	libc/include/stdlib.h	keep-root libc/include->include	#include <stdlib.h>
p023	c-include	userland/base/lp/main.c	25	libc/include/string.h	keep-root libc/include->include	#include <string.h>
p023	c-include	userland/base/lp/main.c	26	libc/include/sys/types.h	keep-root libc/include->include	#include <sys/types.h>
p023	c-include	userland/base/lp/main.c	27	libc/include/unistd.h	keep-root libc/include->include	#include <unistd.h>
p023	c-include	userland/base/ls/main.c	15	libc/include/dirent.h	keep-root libc/include->include	#include <dirent.h>
p023	c-include	userland/base/ls/main.c	16	libc/include/errno.h	keep-root libc/include->include	#include <errno.h>
p023	c-include	userland/base/ls/main.c	17	libc/include/grp.h	keep-root libc/include->include	#include <grp.h>
p023	c-include	userland/base/ls/main.c	18	libc/include/pwd.h	keep-root libc/include->include	#include <pwd.h>
p023	c-include	userland/base/ls/main.c	19	libc/include/stdio.h	keep-root libc/include->include	#include <stdio.h>
p023	c-include	userland/base/ls/main.c	20	libc/include/stdlib.h	keep-root libc/include->include	#include <stdlib.h>
p023	c-include	userland/base/ls/main.c	21	libc/include/string.h	keep-root libc/include->include	#include <string.h>
p023	c-include	userland/base/ls/main.c	22	libc/include/sys/stat.h	keep-root libc/include->include	#include <sys/stat.h>
p023	c-include	userland/base/ls/main.c	23	libc/include/time.h	keep-root libc/include->include	#include <time.h>
p023	c-include	userland/base/ls/main.c	24	libc/include/unistd.h	keep-root libc/include->include	#include <unistd.h>
p023	c-include	userland/base/m4/engine.c	17	libc/include/errno.h	keep-root libc/include->include	#include <errno.h>
p023	c-include	userland/base/m4/engine.c	18	libc/include/limits.h	keep-root libc/include->include	#include <limits.h>
p023	c-include	userland/base/m4/engine.c	19	libc/include/stddef.h	keep-root libc/include->include	#include <stddef.h>
p023	c-include	userland/base/m4/engine.c	20	libc/include/stdint.h	keep-root libc/include->include	#include <stdint.h>
p023	c-include	userland/base/m4/engine.c	21	libc/include/stdio.h	keep-root libc/include->include	#include <stdio.h>
p023	c-include	userland/base/m4/engine.c	22	libc/include/stdlib.h	keep-root libc/include->include	#include <stdlib.h>
p023	c-include	userland/base/m4/engine.c	23	libc/include/string.h	keep-root libc/include->include	#include <string.h>
p023	c-include	userland/base/m4/m4.h	17	libc/include/stddef.h	keep-root libc/include->include	#include <stddef.h>
p023	c-include	userland/base/m4/main.c	17	libc/include/errno.h	keep-root libc/include->include	#include <errno.h>
p023	c-include	userland/base/m4/main.c	18	libc/include/stdint.h	keep-root libc/include->include	#include <stdint.h>
p023	c-include	userland/base/m4/main.c	19	libc/include/stdio.h	keep-root libc/include->include	#include <stdio.h>
p023	c-include	userland/base/m4/main.c	20	libc/include/stdlib.h	keep-root libc/include->include	#include <stdlib.h>
p023	c-include	userland/base/m4/main.c	21	libc/include/string.h	keep-root libc/include->include	#include <string.h>
p023	c-include	userland/base/mesg/main.c	15	libc/include/stdio.h	keep-root libc/include->include	#include <stdio.h>
p023	c-include	userland/base/mesg/main.c	16	libc/include/string.h	keep-root libc/include->include	#include <string.h>
p023	c-include	userland/base/mesg/main.c	17	libc/include/sys/stat.h	keep-root libc/include->include	#include <sys/stat.h>
p023	c-include	userland/base/mesg/main.c	18	libc/include/unistd.h	keep-root libc/include->include	#include <unistd.h>
p023	c-include	userland/base/mkdir/main.c	15	libc/include/errno.h	keep-root libc/include->include	#include <errno.h>
p023	c-include	userland/base/mkdir/main.c	16	libc/include/stdio.h	keep-root libc/include->include	#include <stdio.h>
p023	c-include	userland/base/mkdir/main.c	17	libc/include/string.h	keep-root libc/include->include	#include <string.h>
p023	c-include	userland/base/mkdir/main.c	18	libc/include/sys/stat.h	keep-root libc/include->include	#include <sys/stat.h>
p023	c-include	userland/base/mkfifo/main.c	15	libc/include/stdio.h	keep-root libc/include->include	#include <stdio.h>
p023	c-include	userland/base/mkfifo/main.c	16	libc/include/string.h	keep-root libc/include->include	#include <string.h>
p023	c-include	userland/base/mkfifo/main.c	17	libc/include/sys/stat.h	keep-root libc/include->include	#include <sys/stat.h>
p023	c-include	userland/base/mkfs/block-command.c	6	libc/include/errno.h	keep-root libc/include->include	#include <errno.h>
p023	c-include	userland/base/mkfs/block-command.c	7	libc/include/fcntl.h	keep-root libc/include->include	#include <fcntl.h>
p023	c-include	userland/base/mkfs/block-command.c	8	libc/include/stdio.h	keep-root libc/include->include	#include <stdio.h>
p023	c-include	userland/base/mkfs/block-command.c	9	libc/include/string.h	keep-root libc/include->include	#include <string.h>
p023	c-include	userland/base/mkfs/block-command.c	10	libc/include/sys/stat.h	keep-root libc/include->include	#include <sys/stat.h>
p023	c-include	userland/base/mkfs/block-command.c	11	libc/include/unistd.h	keep-root libc/include->include	#include <unistd.h>
p023	c-include	userland/base/mkfs/fat32-format.c	5	libc/include/errno.h	keep-root libc/include->include	#include <errno.h>
p023	c-include	userland/base/mkfs/fat32-format.c	6	libc/include/stdlib.h	keep-root libc/include->include	#include <stdlib.h>
p023	c-include	userland/base/mkfs/fat32-format.c	7	libc/include/string.h	keep-root libc/include->include	#include <string.h>
p023	c-include	userland/base/mkfs/fat32-format.c	8	libc/include/sys/types.h	keep-root libc/include->include	#include <sys/types.h>
p023	c-include	userland/base/mkfs/fat32-format.c	9	libc/include/unistd.h	keep-root libc/include->include	#include <unistd.h>
p023	c-include	userland/base/mkfs/fat32-format.h	5	libc/include/stdint.h	keep-root libc/include->include	#include <stdint.h>
p023	c-include	userland/base/mkfs/main.c	18	libc/include/inttypes.h	keep-root libc/include->include	#include <inttypes.h>
p023	c-include	userland/base/mkfs/main.c	19	libc/include/stdio.h	keep-root libc/include->include	#include <stdio.h>
p023	c-include	userland/base/mkfs/main.c	20	libc/include/string.h	keep-root libc/include->include	#include <string.h>
p023	c-include	userland/base/mkfs/ufs-disk.h	7	libc/include/stddef.h	keep-root libc/include->include	#include <stddef.h>
p023	c-include	userland/base/mkfs/ufs-disk.h	8	libc/include/stdint.h	keep-root libc/include->include	#include <stdint.h>
p023	c-include	userland/base/mkfs/ufs-endian.h	6	libc/include/stddef.h	keep-root libc/include->include	#include <stddef.h>
p023	c-include	userland/base/mkfs/ufs-endian.h	7	libc/include/stdint.h	keep-root libc/include->include	#include <stdint.h>
p023	c-include	userland/base/mkfs/ufs-format.c	17	libc/include/errno.h	keep-root libc/include->include	#include <errno.h>
p023	c-include	userland/base/mkfs/ufs-format.c	18	libc/include/stddef.h	keep-root libc/include->include	#include <stddef.h>
p023	c-include	userland/base/mkfs/ufs-format.c	19	libc/include/stdint.h	keep-root libc/include->include	#include <stdint.h>
p023	c-include	userland/base/mkfs/ufs-format.c	20	libc/include/stdlib.h	keep-root libc/include->include	#include <stdlib.h>
p023	c-include	userland/base/mkfs/ufs-format.c	21	libc/include/string.h	keep-root libc/include->include	#include <string.h>
p023	c-include	userland/base/mkfs/ufs-format.c	22	libc/include/sys/types.h	keep-root libc/include->include	#include <sys/types.h>
p023	c-include	userland/base/mkfs/ufs-format.c	23	libc/include/unistd.h	keep-root libc/include->include	#include <unistd.h>
p023	c-include	userland/base/mkfs/ufs-format.h	17	libc/include/stdint.h	keep-root libc/include->include	#include <stdint.h>
p023	c-include	userland/base/mkfs/ufs-super.c	7	libc/include/errno.h	keep-root libc/include->include	#include <errno.h>
p023	c-include	userland/base/mkfs/ufs-super.c	8	libc/include/string.h	keep-root libc/include->include	#include <string.h>
p023	c-include	userland/base/mkswap/main.c	17	libc/include/inttypes.h	keep-root libc/include->include	#include <inttypes.h>
p023	c-include	userland/base/mkswap/main.c	18	libc/include/stdio.h	keep-root libc/include->include	#include <stdio.h>
p023	c-include	userland/base/mkswap/main.c	19	libc/include/string.h	keep-root libc/include->include	#include <string.h>
p023	c-include	userland/base/mkswap/swap-codec.c	13	libc/include/errno.h	keep-root libc/include->include	#include <errno.h>
p023	c-include	userland/base/mkswap/swap-codec.c	14	libc/include/string.h	keep-root libc/include->include	#include <string.h>
p023	c-include	userland/base/mkswap/swap-format.c	16	libc/include/errno.h	keep-root libc/include->include	#include <errno.h>
p023	c-include	userland/base/mkswap/swap-format.c	18	libc/include/stdint.h	keep-root libc/include->include	#include <stdint.h>
p023	c-include	userland/base/mkswap/swap-format.c	19	libc/include/string.h	keep-root libc/include->include	#include <string.h>
p023	c-include	userland/base/mkswap/swap-format.c	20	libc/include/unistd.h	keep-root libc/include->include	#include <unistd.h>
p023	c-include	userland/base/mkswap/swap-format.h	13	libc/include/stdint.h	keep-root libc/include->include	#include <stdint.h>
p023	c-include	userland/base/mount/main.c	16	libc/include/errno.h	keep-root libc/include->include	#include <errno.h>
p023	c-include	userland/base/mount/main.c	17	libc/include/stdio.h	keep-root libc/include->include	#include <stdio.h>
p023	c-include	userland/base/mount/main.c	18	libc/include/stdlib.h	keep-root libc/include->include	#include <stdlib.h>
p023	c-include	userland/base/mount/main.c	19	libc/include/string.h	keep-root libc/include->include	#include <string.h>
p023	c-include	userland/base/mount/main.c	20	libc/include/sys/mount.h	keep-root libc/include->include	#include <sys/mount.h>
p023	c-include	userland/base/mount/main.c	21	libc/include/fcntl.h	keep-root libc/include->include	#include <fcntl.h>
p023	c-include	userland/base/mount/main.c	22	libc/include/unistd.h	keep-root libc/include->include	#include <unistd.h>
p023	c-include	userland/base/msgfmt/main.c	14	libc/include/ctype.h	keep-root libc/include->include	#include <ctype.h>
p023	c-include	userland/base/msgfmt/main.c	15	libc/include/errno.h	keep-root libc/include->include	#include <errno.h>
p023	c-include	userland/base/msgfmt/main.c	16	libc/include/stdint.h	keep-root libc/include->include	#include <stdint.h>
p023	c-include	userland/base/msgfmt/main.c	17	libc/include/stdio.h	keep-root libc/include->include	#include <stdio.h>
p023	c-include	userland/base/msgfmt/main.c	18	libc/include/stdlib.h	keep-root libc/include->include	#include <stdlib.h>
p023	c-include	userland/base/msgfmt/main.c	19	libc/include/string.h	keep-root libc/include->include	#include <string.h>
p023	c-include	userland/base/mv/main.c	6	libc/include/errno.h	keep-root libc/include->include	#include <errno.h>
p023	c-include	userland/base/mv/main.c	7	libc/include/fcntl.h	keep-root libc/include->include	#include <fcntl.h>
p023	c-include	userland/base/mv/main.c	8	libc/include/stdio.h	keep-root libc/include->include	#include <stdio.h>
p023	c-include	userland/base/mv/main.c	9	libc/include/string.h	keep-root libc/include->include	#include <string.h>
p023	c-include	userland/base/mv/main.c	10	libc/include/sys/stat.h	keep-root libc/include->include	#include <sys/stat.h>
p023	c-include	userland/base/mv/main.c	11	libc/include/unistd.h	keep-root libc/include->include	#include <unistd.h>
p023	c-include	userland/base/mview/camera.c	14	libc/include/math.h	keep-root libc/include->include	#include <math.h>
p023	c-include	userland/base/mview/camera.c	15	libc/include/string.h	keep-root libc/include->include	#include <string.h>
p023	c-include	userland/base/mview/input.c	14	libc/include/stdio.h	keep-root libc/include->include	#include <stdio.h>
p023	c-include	userland/base/mview/input.c	15	libc/include/string.h	keep-root libc/include->include	#include <string.h>
p023	c-include	userland/base/mview/main.c	15	libc/include/errno.h	keep-root libc/include->include	#include <errno.h>
p023	c-include	userland/base/mview/main.c	16	libc/include/stdio.h	keep-root libc/include->include	#include <stdio.h>
p023	c-include	userland/base/mview/main.c	17	libc/include/stdlib.h	keep-root libc/include->include	#include <stdlib.h>
p023	c-include	userland/base/mview/main.c	18	libc/include/string.h	keep-root libc/include->include	#include <string.h>
p023	c-include	userland/base/mview/main.c	19	libc/include/time.h	keep-root libc/include->include	#include <time.h>
p023	c-include	userland/base/mview/model.c	14	libc/include/errno.h	keep-root libc/include->include	#include <errno.h>
p023	c-include	userland/base/mview/model.c	15	libc/include/math.h	keep-root libc/include->include	#include <math.h>
p023	c-include	userland/base/mview/model.c	16	libc/include/stdarg.h	keep-root libc/include->include	#include <stdarg.h>
p023	c-include	userland/base/mview/model.c	17	libc/include/stdio.h	keep-root libc/include->include	#include <stdio.h>
p023	c-include	userland/base/mview/model.c	18	libc/include/stdlib.h	keep-root libc/include->include	#include <stdlib.h>
p023	c-include	userland/base/mview/model.c	19	libc/include/string.h	keep-root libc/include->include	#include <string.h>
p023	c-include	userland/base/mview/model.h	16	libc/include/stddef.h	keep-root libc/include->include	#include <stddef.h>
p023	c-include	userland/base/mview/model.h	17	libc/include/stdint.h	keep-root libc/include->include	#include <stdint.h>
p023	c-include	userland/base/mview/mview.h	17	libc/include/vulkan/vulkan.h	keep-root libc/include->include	#include <vulkan/vulkan.h>
p023	c-include	userland/base/mview/mview.h	18	libc/include/wayland-client.h	keep-root libc/include->include	#include <wayland-client.h>
p023	c-include	userland/base/mview/mview.h	19	libc/include/xdg-shell-client-protocol.h	keep-root libc/include->include	#include <xdg-shell-client-protocol.h>
p023	c-include	userland/base/mview/renderer.c	24	libc/include/stdlib.h	keep-root libc/include->include	#include <stdlib.h>
p023	c-include	userland/base/mview/renderer.c	25	libc/include/string.h	keep-root libc/include->include	#include <string.h>
p023	c-include	userland/base/mview/shaders.h	15	libc/include/stdint.h	keep-root libc/include->include	#include <stdint.h>
p023	c-include	userland/base/mview/window.c	14	libc/include/errno.h	keep-root libc/include->include	#include <errno.h>
p023	c-include	userland/base/mview/window.c	15	libc/include/poll.h	keep-root libc/include->include	#include <poll.h>
p023	c-include	userland/base/mview/window.c	16	libc/include/string.h	keep-root libc/include->include	#include <string.h>
p023	c-include	userland/base/mview/window.c	17	libc/include/unistd.h	keep-root libc/include->include	#include <unistd.h>
p023	c-include	userland/base/net/dhcp.c	16	libc/include/string.h	keep-root libc/include->include	#include <string.h>
p023	c-include	userland/base/net/dhcp.h	17	libc/include/stddef.h	keep-root libc/include->include	#include <stddef.h>
p023	c-include	userland/base/net/dhcp.h	18	libc/include/stdint.h	keep-root libc/include->include	#include <stdint.h>
p023	c-include	userland/base/net/main.c	24	libc/include/arpa/inet.h	keep-root libc/include->include	#include <arpa/inet.h>
p023	c-include	userland/base/net/main.c	25	libc/include/ctype.h	keep-root libc/include->include	#include <ctype.h>
p023	c-include	userland/base/net/main.c	26	libc/include/errno.h	keep-root libc/include->include	#include <errno.h>
p023	c-include	userland/base/net/main.c	27	libc/include/limits.h	keep-root libc/include->include	#include <limits.h>
p023	c-include	userland/base/net/main.c	28	libc/include/net/if.h	keep-root libc/include->include	#include <net/if.h>
p023	c-include	userland/base/net/main.c	29	libc/include/netinet/in.h	keep-root libc/include->include	#include <netinet/in.h>
p023	c-include	userland/base/net/main.c	30	libc/include/stdio.h	keep-root libc/include->include	#include <stdio.h>
p023	c-include	userland/base/net/main.c	31	libc/include/stdlib.h	keep-root libc/include->include	#include <stdlib.h>
p023	c-include	userland/base/net/main.c	32	libc/include/string.h	keep-root libc/include->include	#include <string.h>
p023	c-include	userland/base/net/main.c	33	libc/include/strings.h	keep-root libc/include->include	#include <strings.h>
p023	c-include	userland/base/net/main.c	34	libc/include/sys/ioctl.h	keep-root libc/include->include	#include <sys/ioctl.h>
p023	c-include	userland/base/net/main.c	35	libc/include/sys/socket.h	keep-root libc/include->include	#include <sys/socket.h>
p023	c-include	userland/base/net/main.c	36	libc/include/sys/stat.h	keep-root libc/include->include	#include <sys/stat.h>
p023	c-include	userland/base/net/main.c	37	libc/include/sys/wait.h	keep-root libc/include->include	#include <sys/wait.h>
p023	c-include	userland/base/net/main.c	38	libc/include/sys/un.h	keep-root libc/include->include	#include <sys/un.h>
p023	c-include	userland/base/net/main.c	39	libc/include/unistd.h	keep-root libc/include->include	#include <unistd.h>
p023	c-include	userland/base/net/netconf.c	17	libc/include/ctype.h	keep-root libc/include->include	#include <ctype.h>
p023	c-include	userland/base/net/netconf.c	18	libc/include/errno.h	keep-root libc/include->include	#include <errno.h>
p023	c-include	userland/base/net/netconf.c	19	libc/include/fcntl.h	keep-root libc/include->include	#include <fcntl.h>
p023	c-include	userland/base/net/netconf.c	20	libc/include/stdarg.h	keep-root libc/include->include	#include <stdarg.h>
p023	c-include	userland/base/net/netconf.c	21	libc/include/stdlib.h	keep-root libc/include->include	#include <stdlib.h>
p023	c-include	userland/base/net/netconf.c	22	libc/include/string.h	keep-root libc/include->include	#include <string.h>
p023	c-include	userland/base/net/netconf.c	23	libc/include/sys/stat.h	keep-root libc/include->include	#include <sys/stat.h>
p023	c-include	userland/base/net/netconf.c	24	libc/include/unistd.h	keep-root libc/include->include	#include <unistd.h>
p023	c-include	userland/base/net/netconf.h	17	libc/include/stddef.h	keep-root libc/include->include	#include <stddef.h>
p023	c-include	userland/base/net/netconf.h	18	libc/include/stdio.h	keep-root libc/include->include	#include <stdio.h>
p023	c-include	userland/base/net/netutil.c	16	libc/include/arpa/inet.h	keep-root libc/include->include	#include <arpa/inet.h>
p023	c-include	userland/base/net/netutil.c	17	libc/include/errno.h	keep-root libc/include->include	#include <errno.h>
p023	c-include	userland/base/net/netutil.c	18	libc/include/stdlib.h	keep-root libc/include->include	#include <stdlib.h>
p023	c-include	userland/base/net/netutil.c	19	libc/include/string.h	keep-root libc/include->include	#include <string.h>
p023	c-include	userland/base/net/netutil.c	20	libc/include/sys/ioctl.h	keep-root libc/include->include	#include <sys/ioctl.h>
p023	c-include	userland/base/net/netutil.c	21	libc/include/sys/socket.h	keep-root libc/include->include	#include <sys/socket.h>
p023	c-include	userland/base/net/netutil.c	22	libc/include/time.h	keep-root libc/include->include	#include <time.h>
p023	c-include	userland/base/net/netutil.h	17	libc/include/net/if.h	keep-root libc/include->include	#include <net/if.h>
p023	c-include	userland/base/net/netutil.h	18	libc/include/netinet/in.h	keep-root libc/include->include	#include <netinet/in.h>
p023	c-include	userland/base/net/netutil.h	19	libc/include/stdint.h	keep-root libc/include->include	#include <stdint.h>
p023	c-include	userland/base/net/protocol.c	16	libc/include/errno.h	keep-root libc/include->include	#include <errno.h>
p023	c-include	userland/base/net/protocol.c	17	libc/include/limits.h	keep-root libc/include->include	#include <limits.h>
p023	c-include	userland/base/net/protocol.c	18	libc/include/poll.h	keep-root libc/include->include	#include <poll.h>
p023	c-include	userland/base/net/protocol.c	19	libc/include/stdio.h	keep-root libc/include->include	#include <stdio.h>
p023	c-include	userland/base/net/protocol.c	20	libc/include/string.h	keep-root libc/include->include	#include <string.h>
p023	c-include	userland/base/net/protocol.c	21	libc/include/sys/socket.h	keep-root libc/include->include	#include <sys/socket.h>
p023	c-include	userland/base/net/protocol.c	22	libc/include/time.h	keep-root libc/include->include	#include <time.h>
p023	c-include	userland/base/net/protocol.c	23	libc/include/unistd.h	keep-root libc/include->include	#include <unistd.h>
p023	c-include	userland/base/net/protocol.h	17	libc/include/stddef.h	keep-root libc/include->include	#include <stddef.h>
p023	c-include	userland/base/net/protocol.h	18	libc/include/stdint.h	keep-root libc/include->include	#include <stdint.h>
p023	c-include	userland/base/net/publication-trace.h	7	libc/include/errno.h	keep-root libc/include->include	#include <errno.h>
p023	c-include	userland/base/net/publication-trace.h	8	libc/include/stdio.h	keep-root libc/include->include	#include <stdio.h>
p023	c-include	userland/base/net/publication-trace.h	9	libc/include/unistd.h	keep-root libc/include->include	#include <unistd.h>
p023	c-include	userland/base/net/reconcile.c	14	libc/include/errno.h	keep-root libc/include->include	#include <errno.h>
p023	c-include	userland/base/net/reconcile.c	15	libc/include/stdio.h	keep-root libc/include->include	#include <stdio.h>
p023	c-include	userland/base/net/reconcile.c	16	libc/include/string.h	keep-root libc/include->include	#include <string.h>
p023	c-include	userland/base/net/wifi-conf.c	4	libc/include/errno.h	keep-root libc/include->include	#include <errno.h>
p023	c-include	userland/base/net/wifi-conf.c	5	libc/include/stdarg.h	keep-root libc/include->include	#include <stdarg.h>
p023	c-include	userland/base/net/wifi-conf.c	6	libc/include/stdio.h	keep-root libc/include->include	#include <stdio.h>
p023	c-include	userland/base/net/wifi-conf.c	7	libc/include/string.h	keep-root libc/include->include	#include <string.h>
p023	c-include	userland/base/net/wifi-conf.h	5	libc/include/stddef.h	keep-root libc/include->include	#include <stddef.h>
p023	c-include	userland/base/net/wifi-store.c	5	libc/include/errno.h	keep-root libc/include->include	#include <errno.h>
p023	c-include	userland/base/net/wifi-store.c	6	libc/include/fcntl.h	keep-root libc/include->include	#include <fcntl.h>
p023	c-include	userland/base/net/wifi-store.c	7	libc/include/limits.h	keep-root libc/include->include	#include <limits.h>
p023	c-include	userland/base/net/wifi-store.c	8	libc/include/pwd.h	keep-root libc/include->include	#include <pwd.h>
p023	c-include	userland/base/net/wifi-store.c	9	libc/include/stdint.h	keep-root libc/include->include	#include <stdint.h>
p023	c-include	userland/base/net/wifi-store.c	10	libc/include/stdio.h	keep-root libc/include->include	#include <stdio.h>
p023	c-include	userland/base/net/wifi-store.c	11	libc/include/stdlib.h	keep-root libc/include->include	#include <stdlib.h>
p023	c-include	userland/base/net/wifi-store.c	12	libc/include/string.h	keep-root libc/include->include	#include <string.h>
p023	c-include	userland/base/net/wifi-store.c	13	libc/include/sys/stat.h	keep-root libc/include->include	#include <sys/stat.h>
p023	c-include	userland/base/net/wifi-store.c	14	libc/include/time.h	keep-root libc/include->include	#include <time.h>
p023	c-include	userland/base/net/wifi-store.c	15	libc/include/unistd.h	keep-root libc/include->include	#include <unistd.h>
p023	c-include	userland/base/net/wifi-store.h	7	libc/include/stddef.h	keep-root libc/include->include	#include <stddef.h>
p023	c-include	userland/base/net/wifi-store.h	8	libc/include/sys/types.h	keep-root libc/include->include	#include <sys/types.h>
p023	c-include	userland/base/networkd/confirmed.c	14	libc/include/errno.h	keep-root libc/include->include	#include <errno.h>
p023	c-include	userland/base/networkd/confirmed.c	15	libc/include/fcntl.h	keep-root libc/include->include	#include <fcntl.h>
p023	c-include	userland/base/networkd/confirmed.c	16	libc/include/limits.h	keep-root libc/include->include	#include <limits.h>
p023	c-include	userland/base/networkd/confirmed.c	17	libc/include/stdio.h	keep-root libc/include->include	#include <stdio.h>
p023	c-include	userland/base/networkd/confirmed.c	18	libc/include/string.h	keep-root libc/include->include	#include <string.h>
p023	c-include	userland/base/networkd/confirmed.c	19	libc/include/sys/stat.h	keep-root libc/include->include	#include <sys/stat.h>
p023	c-include	userland/base/networkd/confirmed.c	20	libc/include/unistd.h	keep-root libc/include->include	#include <unistd.h>
p023	c-include	userland/base/networkd/confirmed.h	15	libc/include/stddef.h	keep-root libc/include->include	#include <stddef.h>
p023	c-include	userland/base/networkd/confirmed.h	16	libc/include/stdint.h	keep-root libc/include->include	#include <stdint.h>
p023	c-include	userland/base/networkd/confirmed.h	17	libc/include/sys/types.h	keep-root libc/include->include	#include <sys/types.h>
p023	c-include	userland/base/networkd/main.c	23	libc/include/arpa/inet.h	keep-root libc/include->include	#include <arpa/inet.h>
p023	c-include	userland/base/networkd/main.c	24	libc/include/errno.h	keep-root libc/include->include	#include <errno.h>
p023	c-include	userland/base/networkd/main.c	25	libc/include/fcntl.h	keep-root libc/include->include	#include <fcntl.h>
p023	c-include	userland/base/networkd/main.c	26	libc/include/grp.h	keep-root libc/include->include	#include <grp.h>
p023	c-include	userland/base/networkd/main.c	27	libc/include/limits.h	keep-root libc/include->include	#include <limits.h>
p023	c-include	userland/base/networkd/main.c	28	libc/include/net/if.h	keep-root libc/include->include	#include <net/if.h>
p023	c-include	userland/base/networkd/main.c	29	libc/include/net/route.h	keep-root libc/include->include	#include <net/route.h>
p023	c-include	userland/base/networkd/main.c	30	libc/include/poll.h	keep-root libc/include->include	#include <poll.h>
p023	c-include	userland/base/networkd/main.c	31	libc/include/signal.h	keep-root libc/include->include	#include <signal.h>
p023	c-include	userland/base/networkd/main.c	32	libc/include/stdio.h	keep-root libc/include->include	#include <stdio.h>
p023	c-include	userland/base/networkd/main.c	33	libc/include/stdlib.h	keep-root libc/include->include	#include <stdlib.h>
p023	c-include	userland/base/networkd/main.c	34	libc/include/string.h	keep-root libc/include->include	#include <string.h>
p023	c-include	userland/base/networkd/main.c	35	libc/include/sys/ioctl.h	keep-root libc/include->include	#include <sys/ioctl.h>
p023	c-include	userland/base/networkd/main.c	36	libc/include/sys/socket.h	keep-root libc/include->include	#include <sys/socket.h>
p023	c-include	userland/base/networkd/main.c	37	libc/include/sys/stat.h	keep-root libc/include->include	#include <sys/stat.h>
p023	c-include	userland/base/networkd/main.c	38	libc/include/sys/time.h	keep-root libc/include->include	#include <sys/time.h>
p023	c-include	userland/base/networkd/main.c	39	libc/include/sys/un.h	keep-root libc/include->include	#include <sys/un.h>
p023	c-include	userland/base/networkd/main.c	40	libc/include/sys/wait.h	keep-root libc/include->include	#include <sys/wait.h>
p023	c-include	userland/base/networkd/main.c	41	libc/include/time.h	keep-root libc/include->include	#include <time.h>
p023	c-include	userland/base/networkd/main.c	42	libc/include/unistd.h	keep-root libc/include->include	#include <unistd.h>
p023	c-include	userland/base/networkd/managed-lan.c	16	libc/include/stdio.h	keep-root libc/include->include	#include <stdio.h>
p023	c-include	userland/base/networkd/managed-lan.c	17	libc/include/string.h	keep-root libc/include->include	#include <string.h>
p023	c-include	userland/base/networkd/managed-lan.h	26	libc/include/net/if.h	keep-root libc/include->include	#include <net/if.h>
p023	c-include	userland/base/networkd/managed-lan.h	27	libc/include/net/route.h	keep-root libc/include->include	#include <net/route.h>
p023	c-include	userland/base/networkd/managed-lan.h	28	libc/include/stddef.h	keep-root libc/include->include	#include <stddef.h>
p023	c-include	userland/base/networkd/managed-lan.h	29	libc/include/stdint.h	keep-root libc/include->include	#include <stdint.h>
p023	c-include	userland/base/networkd/managed-wlan.c	16	libc/include/errno.h	keep-root libc/include->include	#include <errno.h>
p023	c-include	userland/base/networkd/managed-wlan.c	17	libc/include/string.h	keep-root libc/include->include	#include <string.h>
p023	c-include	userland/base/networkd/managed-wlan.h	17	libc/include/net/if.h	keep-root libc/include->include	#include <net/if.h>
p023	c-include	userland/base/networkd/managed-wlan.h	18	libc/include/net/route.h	keep-root libc/include->include	#include <net/route.h>
p023	c-include	userland/base/networkd/managed-wlan.h	19	libc/include/stddef.h	keep-root libc/include->include	#include <stddef.h>
p023	c-include	userland/base/networkd/managed-wlan.h	20	libc/include/stdint.h	keep-root libc/include->include	#include <stdint.h>
p023	c-include	userland/base/networkd/managed-wlan.h	21	libc/include/sys/types.h	keep-root libc/include->include	#include <sys/types.h>
p023	c-include	userland/base/networkd/wifi-child.c	16	libc/include/errno.h	keep-root libc/include->include	#include <errno.h>
p023	c-include	userland/base/networkd/wifi-child.c	17	libc/include/fcntl.h	keep-root libc/include->include	#include <fcntl.h>
p023	c-include	userland/base/networkd/wifi-child.c	18	libc/include/limits.h	keep-root libc/include->include	#include <limits.h>
p023	c-include	userland/base/networkd/wifi-child.c	19	libc/include/poll.h	keep-root libc/include->include	#include <poll.h>
p023	c-include	userland/base/networkd/wifi-child.c	20	libc/include/signal.h	keep-root libc/include->include	#include <signal.h>
p023	c-include	userland/base/networkd/wifi-child.c	21	libc/include/stdint.h	keep-root libc/include->include	#include <stdint.h>
p023	c-include	userland/base/networkd/wifi-child.c	22	libc/include/stdlib.h	keep-root libc/include->include	#include <stdlib.h>
p023	c-include	userland/base/networkd/wifi-child.c	23	libc/include/string.h	keep-root libc/include->include	#include <string.h>
p023	c-include	userland/base/networkd/wifi-child.c	24	libc/include/sys/wait.h	keep-root libc/include->include	#include <sys/wait.h>
p023	c-include	userland/base/networkd/wifi-child.c	25	libc/include/time.h	keep-root libc/include->include	#include <time.h>
p023	c-include	userland/base/networkd/wifi-child.c	26	libc/include/unistd.h	keep-root libc/include->include	#include <unistd.h>
p023	c-include	userland/base/networkd/wifi-child.h	19	libc/include/stddef.h	keep-root libc/include->include	#include <stddef.h>
p023	c-include	userland/base/newgrp/main.c	14	libc/include/crypt.h	keep-root libc/include->include	#include <crypt.h>
p023	c-include	userland/base/newgrp/main.c	15	libc/include/errno.h	keep-root libc/include->include	#include <errno.h>
p023	c-include	userland/base/newgrp/main.c	16	libc/include/fcntl.h	keep-root libc/include->include	#include <fcntl.h>
p023	c-include	userland/base/newgrp/main.c	17	libc/include/grp.h	keep-root libc/include->include	#include <grp.h>
p023	c-include	userland/base/newgrp/main.c	18	libc/include/pwd.h	keep-root libc/include->include	#include <pwd.h>
p023	c-include	userland/base/newgrp/main.c	19	libc/include/stdio.h	keep-root libc/include->include	#include <stdio.h>
p023	c-include	userland/base/newgrp/main.c	20	libc/include/stdlib.h	keep-root libc/include->include	#include <stdlib.h>
p023	c-include	userland/base/newgrp/main.c	21	libc/include/string.h	keep-root libc/include->include	#include <string.h>
p023	c-include	userland/base/newgrp/main.c	22	libc/include/termios.h	keep-root libc/include->include	#include <termios.h>
p023	c-include	userland/base/newgrp/main.c	23	libc/include/unistd.h	keep-root libc/include->include	#include <unistd.h>
p023	c-include	userland/base/nice/main.c	16	libc/include/errno.h	keep-root libc/include->include	#include <errno.h>
p023	c-include	userland/base/nice/main.c	17	libc/include/limits.h	keep-root libc/include->include	#include <limits.h>
p023	c-include	userland/base/nice/main.c	18	libc/include/stdio.h	keep-root libc/include->include	#include <stdio.h>
p023	c-include	userland/base/nice/main.c	19	libc/include/stdlib.h	keep-root libc/include->include	#include <stdlib.h>
p023	c-include	userland/base/nice/main.c	20	libc/include/string.h	keep-root libc/include->include	#include <string.h>
p023	c-include	userland/base/nice/main.c	21	libc/include/unistd.h	keep-root libc/include->include	#include <unistd.h>
p023	c-include	userland/base/nl/main.c	15	libc/include/stdio.h	keep-root libc/include->include	#include <stdio.h>
p023	c-include	userland/base/nl/main.c	16	libc/include/stdlib.h	keep-root libc/include->include	#include <stdlib.h>
p023	c-include	userland/base/nl/main.c	17	libc/include/string.h	keep-root libc/include->include	#include <string.h>
p023	c-include	userland/base/nm/main.c	17	libc/include/errno.h	keep-root libc/include->include	#include <errno.h>
p023	c-include	userland/base/nm/main.c	18	libc/include/fcntl.h	keep-root libc/include->include	#include <fcntl.h>
p023	c-include	userland/base/nm/main.c	19	libc/include/stdio.h	keep-root libc/include->include	#include <stdio.h>
p023	c-include	userland/base/nm/main.c	20	libc/include/stdlib.h	keep-root libc/include->include	#include <stdlib.h>
p023	c-include	userland/base/nm/main.c	21	libc/include/string.h	keep-root libc/include->include	#include <string.h>
p023	c-include	userland/base/nm/main.c	22	libc/include/sys/stat.h	keep-root libc/include->include	#include <sys/stat.h>
p023	c-include	userland/base/nm/main.c	23	libc/include/unistd.h	keep-root libc/include->include	#include <unistd.h>
p023	c-include	userland/base/nohup/main.c	15	libc/include/errno.h	keep-root libc/include->include	#include <errno.h>
p023	c-include	userland/base/nohup/main.c	16	libc/include/fcntl.h	keep-root libc/include->include	#include <fcntl.h>
p023	c-include	userland/base/nohup/main.c	17	libc/include/signal.h	keep-root libc/include->include	#include <signal.h>
p023	c-include	userland/base/nohup/main.c	18	libc/include/stdio.h	keep-root libc/include->include	#include <stdio.h>
p023	c-include	userland/base/nohup/main.c	19	libc/include/unistd.h	keep-root libc/include->include	#include <unistd.h>
p023	c-include	userland/base/nslookup/main.c	16	libc/include/arpa/inet.h	keep-root libc/include->include	#include <arpa/inet.h>
p023	c-include	userland/base/nslookup/main.c	17	libc/include/netdb.h	keep-root libc/include->include	#include <netdb.h>
p023	c-include	userland/base/nslookup/main.c	18	libc/include/stdio.h	keep-root libc/include->include	#include <stdio.h>
p023	c-include	userland/base/nslookup/main.c	19	libc/include/stdlib.h	keep-root libc/include->include	#include <stdlib.h>
p023	c-include	userland/base/nslookup/main.c	20	libc/include/string.h	keep-root libc/include->include	#include <string.h>
p023	c-include	userland/base/ntpdate/main.c	16	libc/include/arpa/inet.h	keep-root libc/include->include	#include <arpa/inet.h>
p023	c-include	userland/base/ntpdate/main.c	17	libc/include/errno.h	keep-root libc/include->include	#include <errno.h>
p023	c-include	userland/base/ntpdate/main.c	18	libc/include/netdb.h	keep-root libc/include->include	#include <netdb.h>
p023	c-include	userland/base/ntpdate/main.c	19	libc/include/stdio.h	keep-root libc/include->include	#include <stdio.h>
p023	c-include	userland/base/ntpdate/main.c	20	libc/include/stdlib.h	keep-root libc/include->include	#include <stdlib.h>
p023	c-include	userland/base/ntpdate/main.c	21	libc/include/string.h	keep-root libc/include->include	#include <string.h>
p023	c-include	userland/base/ntpdate/main.c	22	libc/include/sys/socket.h	keep-root libc/include->include	#include <sys/socket.h>
p023	c-include	userland/base/ntpdate/main.c	23	libc/include/sys/time.h	keep-root libc/include->include	#include <sys/time.h>
p023	c-include	userland/base/ntpdate/main.c	24	libc/include/time.h	keep-root libc/include->include	#include <time.h>
p023	c-include	userland/base/ntpdate/main.c	25	libc/include/unistd.h	keep-root libc/include->include	#include <unistd.h>
p023	c-include	userland/base/od/main.c	15	libc/include/errno.h	keep-root libc/include->include	#include <errno.h>
p023	c-include	userland/base/od/main.c	16	libc/include/fcntl.h	keep-root libc/include->include	#include <fcntl.h>
p023	c-include	userland/base/od/main.c	17	libc/include/stdio.h	keep-root libc/include->include	#include <stdio.h>
p023	c-include	userland/base/od/main.c	18	libc/include/string.h	keep-root libc/include->include	#include <string.h>
p023	c-include	userland/base/od/main.c	19	libc/include/unistd.h	keep-root libc/include->include	#include <unistd.h>
p023	c-include	userland/base/paste/main.c	15	libc/include/stdio.h	keep-root libc/include->include	#include <stdio.h>
p023	c-include	userland/base/paste/main.c	16	libc/include/stdlib.h	keep-root libc/include->include	#include <stdlib.h>
p023	c-include	userland/base/paste/main.c	17	libc/include/string.h	keep-root libc/include->include	#include <string.h>
p023	c-include	userland/base/patch/main.c	15	libc/include/errno.h	keep-root libc/include->include	#include <errno.h>
p023	c-include	userland/base/patch/main.c	16	libc/include/stdio.h	keep-root libc/include->include	#include <stdio.h>
p023	c-include	userland/base/patch/main.c	17	libc/include/stdlib.h	keep-root libc/include->include	#include <stdlib.h>
p023	c-include	userland/base/patch/main.c	18	libc/include/string.h	keep-root libc/include->include	#include <string.h>
p023	c-include	userland/base/pathchk/main.c	15	libc/include/errno.h	keep-root libc/include->include	#include <errno.h>
p023	c-include	userland/base/pathchk/main.c	16	libc/include/stdio.h	keep-root libc/include->include	#include <stdio.h>
p023	c-include	userland/base/pathchk/main.c	17	libc/include/string.h	keep-root libc/include->include	#include <string.h>
p023	c-include	userland/base/pathchk/main.c	18	libc/include/unistd.h	keep-root libc/include->include	#include <unistd.h>
p023	c-include	userland/base/pax/main.c	14	libc/include/sys/stat.h	keep-root libc/include->include	#include <sys/stat.h>
p023	c-include	userland/base/pax/main.c	15	libc/include/dirent.h	keep-root libc/include->include	#include <dirent.h>
p023	c-include	userland/base/pax/main.c	16	libc/include/errno.h	keep-root libc/include->include	#include <errno.h>
p023	c-include	userland/base/pax/main.c	17	libc/include/fcntl.h	keep-root libc/include->include	#include <fcntl.h>
p023	c-include	userland/base/pax/main.c	18	libc/include/fnmatch.h	keep-root libc/include->include	#include <fnmatch.h>
p023	c-include	userland/base/pax/main.c	19	libc/include/inttypes.h	keep-root libc/include->include	#include <inttypes.h>
p023	c-include	userland/base/pax/main.c	20	libc/include/limits.h	keep-root libc/include->include	#include <limits.h>
p023	c-include	userland/base/pax/main.c	21	libc/include/regex.h	keep-root libc/include->include	#include <regex.h>
p023	c-include	userland/base/pax/main.c	22	libc/include/stddef.h	keep-root libc/include->include	#include <stddef.h>
p023	c-include	userland/base/pax/main.c	23	libc/include/stdio.h	keep-root libc/include->include	#include <stdio.h>
p023	c-include	userland/base/pax/main.c	24	libc/include/stdlib.h	keep-root libc/include->include	#include <stdlib.h>
p023	c-include	userland/base/pax/main.c	25	libc/include/string.h	keep-root libc/include->include	#include <string.h>
p023	c-include	userland/base/pax/main.c	26	libc/include/time.h	keep-root libc/include->include	#include <time.h>
p023	c-include	userland/base/pax/main.c	27	libc/include/unistd.h	keep-root libc/include->include	#include <unistd.h>
p023	c-include	userland/base/ping/main.c	16	libc/include/arpa/inet.h	keep-root libc/include->include	#include <arpa/inet.h>
p023	c-include	userland/base/ping/main.c	17	libc/include/errno.h	keep-root libc/include->include	#include <errno.h>
p023	c-include	userland/base/ping/main.c	18	libc/include/netdb.h	keep-root libc/include->include	#include <netdb.h>
p023	c-include	userland/base/ping/main.c	19	libc/include/stdio.h	keep-root libc/include->include	#include <stdio.h>
p023	c-include	userland/base/ping/main.c	20	libc/include/stdlib.h	keep-root libc/include->include	#include <stdlib.h>
p023	c-include	userland/base/ping/main.c	21	libc/include/string.h	keep-root libc/include->include	#include <string.h>
p023	c-include	userland/base/ping/main.c	22	libc/include/sys/socket.h	keep-root libc/include->include	#include <sys/socket.h>
p023	c-include	userland/base/ping/main.c	23	libc/include/sys/time.h	keep-root libc/include->include	#include <sys/time.h>
p023	c-include	userland/base/ping/main.c	24	libc/include/time.h	keep-root libc/include->include	#include <time.h>
p023	c-include	userland/base/ping/main.c	25	libc/include/unistd.h	keep-root libc/include->include	#include <unistd.h>
p023	c-include	userland/base/pr/main.c	15	libc/include/stdio.h	keep-root libc/include->include	#include <stdio.h>
p023	c-include	userland/base/pr/main.c	16	libc/include/stdlib.h	keep-root libc/include->include	#include <stdlib.h>
p023	c-include	userland/base/pr/main.c	17	libc/include/string.h	keep-root libc/include->include	#include <string.h>
p023	c-include	userland/base/ps/main.c	14	libc/include/errno.h	keep-root libc/include->include	#include <errno.h>
p023	c-include	userland/base/ps/main.c	15	libc/include/fcntl.h	keep-root libc/include->include	#include <fcntl.h>
p023	c-include	userland/base/ps/main.c	16	libc/include/grp.h	keep-root libc/include->include	#include <grp.h>
p023	c-include	userland/base/ps/main.c	17	libc/include/pwd.h	keep-root libc/include->include	#include <pwd.h>
p023	c-include	userland/base/ps/main.c	18	libc/include/stdio.h	keep-root libc/include->include	#include <stdio.h>
p023	c-include	userland/base/ps/main.c	19	libc/include/stdlib.h	keep-root libc/include->include	#include <stdlib.h>
p023	c-include	userland/base/ps/main.c	20	libc/include/string.h	keep-root libc/include->include	#include <string.h>
p023	c-include	userland/base/ps/main.c	21	libc/include/sys/ioctl.h	keep-root libc/include->include	#include <sys/ioctl.h>
p023	c-include	userland/base/ps/main.c	22	libc/include/unistd.h	keep-root libc/include->include	#include <unistd.h>
p023	c-include	userland/base/readlink/main.c	16	libc/include/limits.h	keep-root libc/include->include	#include <limits.h>
p023	c-include	userland/base/readlink/main.c	17	libc/include/stdio.h	keep-root libc/include->include	#include <stdio.h>
p023	c-include	userland/base/readlink/main.c	18	libc/include/string.h	keep-root libc/include->include	#include <string.h>
p023	c-include	userland/base/readlink/main.c	19	libc/include/unistd.h	keep-root libc/include->include	#include <unistd.h>
p023	c-include	userland/base/realpath/main.c	16	libc/include/errno.h	keep-root libc/include->include	#include <errno.h>
p023	c-include	userland/base/realpath/main.c	17	libc/include/limits.h	keep-root libc/include->include	#include <limits.h>
p023	c-include	userland/base/realpath/main.c	18	libc/include/stdio.h	keep-root libc/include->include	#include <stdio.h>
p023	c-include	userland/base/realpath/main.c	19	libc/include/stdint.h	keep-root libc/include->include	#include <stdint.h>
p023	c-include	userland/base/realpath/main.c	20	libc/include/stdlib.h	keep-root libc/include->include	#include <stdlib.h>
p023	c-include	userland/base/realpath/main.c	21	libc/include/string.h	keep-root libc/include->include	#include <string.h>
p023	c-include	userland/base/realpath/main.c	22	libc/include/sys/stat.h	keep-root libc/include->include	#include <sys/stat.h>
p023	c-include	userland/base/realpath/main.c	23	libc/include/unistd.h	keep-root libc/include->include	#include <unistd.h>
p023	c-include	userland/base/renice/main.c	14	libc/include/errno.h	keep-root libc/include->include	#include <errno.h>
p023	c-include	userland/base/renice/main.c	15	libc/include/limits.h	keep-root libc/include->include	#include <limits.h>
p023	c-include	userland/base/renice/main.c	16	libc/include/pwd.h	keep-root libc/include->include	#include <pwd.h>
p023	c-include	userland/base/renice/main.c	17	libc/include/stdio.h	keep-root libc/include->include	#include <stdio.h>
p023	c-include	userland/base/renice/main.c	18	libc/include/stdlib.h	keep-root libc/include->include	#include <stdlib.h>
p023	c-include	userland/base/renice/main.c	19	libc/include/string.h	keep-root libc/include->include	#include <string.h>
p023	c-include	userland/base/renice/main.c	20	libc/include/sys/resource.h	keep-root libc/include->include	#include <sys/resource.h>
p023	c-include	userland/base/renice/main.c	21	libc/include/sys/types.h	keep-root libc/include->include	#include <sys/types.h>
p023	c-include	userland/base/rm/main.c	15	libc/include/errno.h	keep-root libc/include->include	#include <errno.h>
p023	c-include	userland/base/rm/main.c	16	libc/include/stdio.h	keep-root libc/include->include	#include <stdio.h>
p023	c-include	userland/base/rm/main.c	17	libc/include/string.h	keep-root libc/include->include	#include <string.h>
p023	c-include	userland/base/rm/main.c	18	libc/include/unistd.h	keep-root libc/include->include	#include <unistd.h>
p023	c-include	userland/base/rmdir/main.c	15	libc/include/stdio.h	keep-root libc/include->include	#include <stdio.h>
p023	c-include	userland/base/rmdir/main.c	16	libc/include/string.h	keep-root libc/include->include	#include <string.h>
p023	c-include	userland/base/rmdir/main.c	17	libc/include/unistd.h	keep-root libc/include->include	#include <unistd.h>
p023	c-include	userland/base/route/main.c	16	libc/include/arpa/inet.h	keep-root libc/include->include	#include <arpa/inet.h>
p023	c-include	userland/base/route/main.c	17	libc/include/errno.h	keep-root libc/include->include	#include <errno.h>
p023	c-include	userland/base/route/main.c	18	libc/include/net/route.h	keep-root libc/include->include	#include <net/route.h>
p023	c-include	userland/base/route/main.c	19	libc/include/stdio.h	keep-root libc/include->include	#include <stdio.h>
p023	c-include	userland/base/route/main.c	20	libc/include/string.h	keep-root libc/include->include	#include <string.h>
p023	c-include	userland/base/route/main.c	21	libc/include/sys/ioctl.h	keep-root libc/include->include	#include <sys/ioctl.h>
p023	c-include	userland/base/route/main.c	22	libc/include/sys/socket.h	keep-root libc/include->include	#include <sys/socket.h>
p023	c-include	userland/base/route/main.c	23	libc/include/unistd.h	keep-root libc/include->include	#include <unistd.h>
p023	c-include	userland/base/sccs/main.c	16	libc/include/errno.h	keep-root libc/include->include	#include <errno.h>
p023	c-include	userland/base/sccs/main.c	17	libc/include/fcntl.h	keep-root libc/include->include	#include <fcntl.h>
p023	c-include	userland/base/sccs/main.c	18	libc/include/stdint.h	keep-root libc/include->include	#include <stdint.h>
p023	c-include	userland/base/sccs/main.c	19	libc/include/stdio.h	keep-root libc/include->include	#include <stdio.h>
p023	c-include	userland/base/sccs/main.c	20	libc/include/stdlib.h	keep-root libc/include->include	#include <stdlib.h>
p023	c-include	userland/base/sccs/main.c	21	libc/include/string.h	keep-root libc/include->include	#include <string.h>
p023	c-include	userland/base/sccs/main.c	22	libc/include/sys/stat.h	keep-root libc/include->include	#include <sys/stat.h>
p023	c-include	userland/base/sccs/main.c	23	libc/include/unistd.h	keep-root libc/include->include	#include <unistd.h>
p023	c-include	userland/base/sed/main.c	15	libc/include/stdio.h	keep-root libc/include->include	#include <stdio.h>
p023	c-include	userland/base/sed/main.c	16	libc/include/stdlib.h	keep-root libc/include->include	#include <stdlib.h>
p023	c-include	userland/base/sed/main.c	17	libc/include/string.h	keep-root libc/include->include	#include <string.h>
p023	c-include	userland/base/service/main.c	17	libc/include/stdio.h	keep-root libc/include->include	#include <stdio.h>
p023	c-include	userland/base/service/rcconf.c	19	libc/include/ctype.h	keep-root libc/include->include	#include <ctype.h>
p023	c-include	userland/base/service/rcconf.c	20	libc/include/errno.h	keep-root libc/include->include	#include <errno.h>
p023	c-include	userland/base/service/rcconf.c	21	libc/include/fcntl.h	keep-root libc/include->include	#include <fcntl.h>
p023	c-include	userland/base/service/rcconf.c	22	libc/include/stdint.h	keep-root libc/include->include	#include <stdint.h>
p023	c-include	userland/base/service/rcconf.c	23	libc/include/stdio.h	keep-root libc/include->include	#include <stdio.h>
p023	c-include	userland/base/service/rcconf.c	24	libc/include/stdlib.h	keep-root libc/include->include	#include <stdlib.h>
p023	c-include	userland/base/service/rcconf.c	25	libc/include/string.h	keep-root libc/include->include	#include <string.h>
p023	c-include	userland/base/service/rcconf.c	26	libc/include/sys/stat.h	keep-root libc/include->include	#include <sys/stat.h>
p023	c-include	userland/base/service/rcconf.c	27	libc/include/sys/types.h	keep-root libc/include->include	#include <sys/types.h>
p023	c-include	userland/base/service/rcconf.c	28	libc/include/unistd.h	keep-root libc/include->include	#include <unistd.h>
p023	c-include	userland/base/service/rcconf.h	17	libc/include/stddef.h	keep-root libc/include->include	#include <stddef.h>
p023	c-include	userland/base/service/rcconf.h	18	libc/include/stdio.h	keep-root libc/include->include	#include <stdio.h>
p023	c-include	userland/base/service/service-command.c	19	libc/include/errno.h	keep-root libc/include->include	#include <errno.h>
p023	c-include	userland/base/service/service-command.c	20	libc/include/stdio.h	keep-root libc/include->include	#include <stdio.h>
p023	c-include	userland/base/service/service-command.c	21	libc/include/stdlib.h	keep-root libc/include->include	#include <stdlib.h>
p023	c-include	userland/base/service/service-command.c	22	libc/include/string.h	keep-root libc/include->include	#include <string.h>
p023	c-include	userland/base/service/service-command.c	23	libc/include/unistd.h	keep-root libc/include->include	#include <unistd.h>
p023	c-include	userland/base/service/service-command.h	19	libc/include/stdio.h	keep-root libc/include->include	#include <stdio.h>
p023	c-include	userland/base/service/service-command.h	20	libc/include/sys/types.h	keep-root libc/include->include	#include <sys/types.h>
p023	c-include	userland/base/service/service-config.c	16	libc/include/ctype.h	keep-root libc/include->include	#include <ctype.h>
p023	c-include	userland/base/service/service-config.c	17	libc/include/errno.h	keep-root libc/include->include	#include <errno.h>
p023	c-include	userland/base/service/service-config.c	18	libc/include/stdio.h	keep-root libc/include->include	#include <stdio.h>
p023	c-include	userland/base/service/service-config.c	19	libc/include/string.h	keep-root libc/include->include	#include <string.h>
p023	c-include	userland/base/service/service-config.h	17	libc/include/stddef.h	keep-root libc/include->include	#include <stddef.h>
p023	c-include	userland/base/service/service-console.c	16	libc/include/errno.h	keep-root libc/include->include	#include <errno.h>
p023	c-include	userland/base/service/service-console.c	17	libc/include/stdio.h	keep-root libc/include->include	#include <stdio.h>
p023	c-include	userland/base/service/service-console.c	18	libc/include/string.h	keep-root libc/include->include	#include <string.h>
p023	c-include	userland/base/service/service-console.h	19	libc/include/stdio.h	keep-root libc/include->include	#include <stdio.h>
p023	c-include	userland/base/service/zsv1-client.c	17	libc/include/errno.h	keep-root libc/include->include	#include <errno.h>
p023	c-include	userland/base/service/zsv1-client.c	18	libc/include/fcntl.h	keep-root libc/include->include	#include <fcntl.h>
p023	c-include	userland/base/service/zsv1-client.c	19	libc/include/limits.h	keep-root libc/include->include	#include <limits.h>
p023	c-include	userland/base/service/zsv1-client.c	20	libc/include/poll.h	keep-root libc/include->include	#include <poll.h>
p023	c-include	userland/base/service/zsv1-client.c	21	libc/include/stdint.h	keep-root libc/include->include	#include <stdint.h>
p023	c-include	userland/base/service/zsv1-client.c	22	libc/include/string.h	keep-root libc/include->include	#include <string.h>
p023	c-include	userland/base/service/zsv1-client.c	23	libc/include/sys/socket.h	keep-root libc/include->include	#include <sys/socket.h>
p023	c-include	userland/base/service/zsv1-client.c	24	libc/include/sys/un.h	keep-root libc/include->include	#include <sys/un.h>
p023	c-include	userland/base/service/zsv1-client.c	25	libc/include/time.h	keep-root libc/include->include	#include <time.h>
p023	c-include	userland/base/service/zsv1-client.c	26	libc/include/unistd.h	keep-root libc/include->include	#include <unistd.h>
p023	c-include	userland/base/service/zsv1-client.h	19	libc/include/time.h	keep-root libc/include->include	#include <time.h>
p023	c-include	userland/base/service/zsv1-protocol.c	16	libc/include/errno.h	keep-root libc/include->include	#include <errno.h>
p023	c-include	userland/base/service/zsv1-protocol.c	17	libc/include/limits.h	keep-root libc/include->include	#include <limits.h>
p023	c-include	userland/base/service/zsv1-protocol.c	18	libc/include/stdint.h	keep-root libc/include->include	#include <stdint.h>
p023	c-include	userland/base/service/zsv1-protocol.c	19	libc/include/stdio.h	keep-root libc/include->include	#include <stdio.h>
p023	c-include	userland/base/service/zsv1-protocol.c	20	libc/include/string.h	keep-root libc/include->include	#include <string.h>
p023	c-include	userland/base/service/zsv1-protocol.h	17	libc/include/stddef.h	keep-root libc/include->include	#include <stddef.h>
p023	c-include	userland/base/service/zsv1-protocol.h	18	libc/include/sys/types.h	keep-root libc/include->include	#include <sys/types.h>
p023	c-include	userland/base/service/zsv1-server.c	17	libc/include/errno.h	keep-root libc/include->include	#include <errno.h>
p023	c-include	userland/base/service/zsv1-server.c	18	libc/include/fcntl.h	keep-root libc/include->include	#include <fcntl.h>
p023	c-include	userland/base/service/zsv1-server.c	19	libc/include/limits.h	keep-root libc/include->include	#include <limits.h>
p023	c-include	userland/base/service/zsv1-server.c	20	libc/include/poll.h	keep-root libc/include->include	#include <poll.h>
p023	c-include	userland/base/service/zsv1-server.c	21	libc/include/stdint.h	keep-root libc/include->include	#include <stdint.h>
p023	c-include	userland/base/service/zsv1-server.c	22	libc/include/string.h	keep-root libc/include->include	#include <string.h>
p023	c-include	userland/base/service/zsv1-server.c	23	libc/include/sys/socket.h	keep-root libc/include->include	#include <sys/socket.h>
p023	c-include	userland/base/service/zsv1-server.c	24	libc/include/time.h	keep-root libc/include->include	#include <time.h>
p023	c-include	userland/base/service/zsv1-server.h	19	libc/include/time.h	keep-root libc/include->include	#include <time.h>
p023	c-include	userland/base/sh/alias.c	16	libc/include/errno.h	keep-root libc/include->include	#include <errno.h>
p023	c-include	userland/base/sh/alias.c	17	libc/include/stdio.h	keep-root libc/include->include	#include <stdio.h>
p023	c-include	userland/base/sh/alias.c	18	libc/include/stdlib.h	keep-root libc/include->include	#include <stdlib.h>
p023	c-include	userland/base/sh/alias.c	19	libc/include/string.h	keep-root libc/include->include	#include <string.h>
p023	c-include	userland/base/sh/arithmetic.c	16	libc/include/ctype.h	keep-root libc/include->include	#include <ctype.h>
p023	c-include	userland/base/sh/arithmetic.c	17	libc/include/stdlib.h	keep-root libc/include->include	#include <stdlib.h>
p023	c-include	userland/base/sh/arithmetic.c	18	libc/include/string.h	keep-root libc/include->include	#include <string.h>
p023	c-include	userland/base/sh/builtins.c	17	libc/include/dirent.h	keep-root libc/include->include	#include <dirent.h>
p023	c-include	userland/base/sh/builtins.c	18	libc/include/errno.h	keep-root libc/include->include	#include <errno.h>
p023	c-include	userland/base/sh/builtins.c	19	libc/include/fcntl.h	keep-root libc/include->include	#include <fcntl.h>
p023	c-include	userland/base/sh/builtins.c	20	libc/include/grp.h	keep-root libc/include->include	#include <grp.h>
p023	c-include	userland/base/sh/builtins.c	21	libc/include/pwd.h	keep-root libc/include->include	#include <pwd.h>
p023	c-include	userland/base/sh/builtins.c	22	libc/include/stdio.h	keep-root libc/include->include	#include <stdio.h>
p023	c-include	userland/base/sh/builtins.c	23	libc/include/stdlib.h	keep-root libc/include->include	#include <stdlib.h>
p023	c-include	userland/base/sh/builtins.c	24	libc/include/string.h	keep-root libc/include->include	#include <string.h>
p023	c-include	userland/base/sh/builtins.c	25	libc/include/sys/ioctl.h	keep-root libc/include->include	#include <sys/ioctl.h>
p023	c-include	userland/base/sh/builtins.c	26	libc/include/sys/resource.h	keep-root libc/include->include	#include <sys/resource.h>
p023	c-include	userland/base/sh/builtins.c	27	libc/include/sys/stat.h	keep-root libc/include->include	#include <sys/stat.h>
p023	c-include	userland/base/sh/builtins.c	28	libc/include/time.h	keep-root libc/include->include	#include <time.h>
p023	c-include	userland/base/sh/builtins.c	29	libc/include/unistd.h	keep-root libc/include->include	#include <unistd.h>
p023	c-include	userland/base/sh/expand.c	18	libc/include/stdlib.h	keep-root libc/include->include	#include <stdlib.h>
p023	c-include	userland/base/sh/expand.c	19	libc/include/string.h	keep-root libc/include->include	#include <string.h>
p023	c-include	userland/base/sh/glob.c	16	libc/include/dirent.h	keep-root libc/include->include	#include <dirent.h>
p023	c-include	userland/base/sh/glob.c	17	libc/include/stdlib.h	keep-root libc/include->include	#include <stdlib.h>
p023	c-include	userland/base/sh/glob.c	18	libc/include/string.h	keep-root libc/include->include	#include <string.h>
p023	c-include	userland/base/sh/lexer.c	16	libc/include/stdlib.h	keep-root libc/include->include	#include <stdlib.h>
p023	c-include	userland/base/sh/lexer.c	17	libc/include/string.h	keep-root libc/include->include	#include <string.h>
p023	c-include	userland/base/sh/lexer.h	17	libc/include/stddef.h	keep-root libc/include->include	#include <stddef.h>
p023	c-include	userland/base/sh/main.c	22	libc/include/errno.h	keep-root libc/include->include	#include <errno.h>
p023	c-include	userland/base/sh/main.c	23	libc/include/fcntl.h	keep-root libc/include->include	#include <fcntl.h>
p023	c-include	userland/base/sh/main.c	26	libc/include/stdio.h	keep-root libc/include->include	#include <stdio.h>
p023	c-include	userland/base/sh/main.c	27	libc/include/stdint.h	keep-root libc/include->include	#include <stdint.h>
p023	c-include	userland/base/sh/main.c	28	libc/include/stdlib.h	keep-root libc/include->include	#include <stdlib.h>
p023	c-include	userland/base/sh/main.c	29	libc/include/string.h	keep-root libc/include->include	#include <string.h>
p023	c-include	userland/base/sh/main.c	30	libc/include/signal.h	keep-root libc/include->include	#include <signal.h>
p023	c-include	userland/base/sh/main.c	31	libc/include/spawn.h	keep-root libc/include->include	#include <spawn.h>
p023	c-include	userland/base/sh/main.c	32	libc/include/sys/stat.h	keep-root libc/include->include	#include <sys/stat.h>
p023	c-include	userland/base/sh/main.c	33	libc/include/sys/times.h	keep-root libc/include->include	#include <sys/times.h>
p023	c-include	userland/base/sh/main.c	34	libc/include/sys/wait.h	keep-root libc/include->include	#include <sys/wait.h>
p023	c-include	userland/base/sh/main.c	35	libc/include/termios.h	keep-root libc/include->include	#include <termios.h>
p023	c-include	userland/base/sh/main.c	36	libc/include/unistd.h	keep-root libc/include->include	#include <unistd.h>
p023	c-include	userland/base/sh/parser.c	25	libc/include/stdlib.h	keep-root libc/include->include	#include <stdlib.h>
p023	c-include	userland/base/sh/parser.c	26	libc/include/string.h	keep-root libc/include->include	#include <string.h>
p023	c-include	userland/base/sh/parser.h	19	libc/include/stddef.h	keep-root libc/include->include	#include <stddef.h>
p023	c-include	userland/base/sh/vars.c	17	libc/include/errno.h	keep-root libc/include->include	#include <errno.h>
p023	c-include	userland/base/sh/vars.c	18	libc/include/stdlib.h	keep-root libc/include->include	#include <stdlib.h>
p023	c-include	userland/base/sh/vars.c	19	libc/include/string.h	keep-root libc/include->include	#include <string.h>
p023	c-include	userland/base/shutdown-control/main.c	16	libc/include/errno.h	keep-root libc/include->include	#include <errno.h>
p023	c-include	userland/base/shutdown-control/main.c	17	libc/include/stdio.h	keep-root libc/include->include	#include <stdio.h>
p023	c-include	userland/base/shutdown-control/main.c	18	libc/include/string.h	keep-root libc/include->include	#include <string.h>
p023	c-include	userland/base/sleep/main.c	16	libc/include/errno.h	keep-root libc/include->include	#include <errno.h>
p023	c-include	userland/base/sleep/main.c	17	libc/include/limits.h	keep-root libc/include->include	#include <limits.h>
p023	c-include	userland/base/sleep/main.c	18	libc/include/stdio.h	keep-root libc/include->include	#include <stdio.h>
p023	c-include	userland/base/sleep/main.c	19	libc/include/time.h	keep-root libc/include->include	#include <time.h>
p023	c-include	userland/base/sort/main.c	15	libc/include/stdio.h	keep-root libc/include->include	#include <stdio.h>
p023	c-include	userland/base/sort/main.c	16	libc/include/stdlib.h	keep-root libc/include->include	#include <stdlib.h>
p023	c-include	userland/base/sort/main.c	17	libc/include/string.h	keep-root libc/include->include	#include <string.h>
p023	c-include	userland/base/split/main.c	15	libc/include/errno.h	keep-root libc/include->include	#include <errno.h>
p023	c-include	userland/base/split/main.c	16	libc/include/fcntl.h	keep-root libc/include->include	#include <fcntl.h>
p023	c-include	userland/base/split/main.c	17	libc/include/stdio.h	keep-root libc/include->include	#include <stdio.h>
p023	c-include	userland/base/split/main.c	18	libc/include/string.h	keep-root libc/include->include	#include <string.h>
p023	c-include	userland/base/split/main.c	19	libc/include/unistd.h	keep-root libc/include->include	#include <unistd.h>
p023	c-include	userland/base/stat/main.c	15	libc/include/stdio.h	keep-root libc/include->include	#include <stdio.h>
p023	c-include	userland/base/stat/main.c	16	libc/include/string.h	keep-root libc/include->include	#include <string.h>
p023	c-include	userland/base/stat/main.c	17	libc/include/sys/stat.h	keep-root libc/include->include	#include <sys/stat.h>
p023	c-include	userland/base/strings/main.c	15	libc/include/fcntl.h	keep-root libc/include->include	#include <fcntl.h>
p023	c-include	userland/base/strings/main.c	16	libc/include/stdio.h	keep-root libc/include->include	#include <stdio.h>
p023	c-include	userland/base/strings/main.c	17	libc/include/string.h	keep-root libc/include->include	#include <string.h>
p023	c-include	userland/base/strings/main.c	18	libc/include/unistd.h	keep-root libc/include->include	#include <unistd.h>
p023	c-include	userland/base/stty/main.c	15	libc/include/stdio.h	keep-root libc/include->include	#include <stdio.h>
p023	c-include	userland/base/stty/main.c	16	libc/include/string.h	keep-root libc/include->include	#include <string.h>
p023	c-include	userland/base/stty/main.c	17	libc/include/termios.h	keep-root libc/include->include	#include <termios.h>
p023	c-include	userland/base/swap-control/swap-command.h	17	libc/include/errno.h	keep-root libc/include->include	#include <errno.h>
p023	c-include	userland/base/swap-control/swap-command.h	18	libc/include/fcntl.h	keep-root libc/include->include	#include <fcntl.h>
p023	c-include	userland/base/swap-control/swap-command.h	19	libc/include/stdint.h	keep-root libc/include->include	#include <stdint.h>
p023	c-include	userland/base/swap-control/swap-command.h	20	libc/include/stdio.h	keep-root libc/include->include	#include <stdio.h>
p023	c-include	userland/base/swap-control/swap-command.h	21	libc/include/string.h	keep-root libc/include->include	#include <string.h>
p023	c-include	userland/base/swap-control/swap-command.h	22	libc/include/unistd.h	keep-root libc/include->include	#include <unistd.h>
p023	c-include	userland/base/swap-control/swap-command.h	23	libc/include/sys/ioctl.h	keep-root libc/include->include	#include <sys/ioctl.h>
p023	c-include	userland/base/sync/main.c	6	libc/include/errno.h	keep-root libc/include->include	#include <errno.h>
p023	c-include	userland/base/sync/main.c	7	libc/include/fcntl.h	keep-root libc/include->include	#include <fcntl.h>
p023	c-include	userland/base/sync/main.c	8	libc/include/stdio.h	keep-root libc/include->include	#include <stdio.h>
p023	c-include	userland/base/sync/main.c	9	libc/include/string.h	keep-root libc/include->include	#include <string.h>
p023	c-include	userland/base/sync/main.c	10	libc/include/unistd.h	keep-root libc/include->include	#include <unistd.h>
p023	c-include	userland/base/sysctl/main.c	14	libc/include/errno.h	keep-root libc/include->include	#include <errno.h>
p023	c-include	userland/base/sysctl/main.c	15	libc/include/stdio.h	keep-root libc/include->include	#include <stdio.h>
p023	c-include	userland/base/sysctl/main.c	16	libc/include/stdlib.h	keep-root libc/include->include	#include <stdlib.h>
p023	c-include	userland/base/sysctl/main.c	17	libc/include/string.h	keep-root libc/include->include	#include <string.h>
p023	c-include	userland/base/sysctl/main.c	18	libc/include/sys/sysctl.h	keep-root libc/include->include	#include <sys/sysctl.h>
p023	c-include	userland/base/syslogd/main.c	14	libc/include/errno.h	keep-root libc/include->include	#include <errno.h>
p023	c-include	userland/base/syslogd/main.c	15	libc/include/fcntl.h	keep-root libc/include->include	#include <fcntl.h>
p023	c-include	userland/base/syslogd/main.c	16	libc/include/signal.h	keep-root libc/include->include	#include <signal.h>
p023	c-include	userland/base/syslogd/main.c	17	libc/include/stdio.h	keep-root libc/include->include	#include <stdio.h>
p023	c-include	userland/base/syslogd/main.c	18	libc/include/string.h	keep-root libc/include->include	#include <string.h>
p023	c-include	userland/base/syslogd/main.c	19	libc/include/sys/socket.h	keep-root libc/include->include	#include <sys/socket.h>
p023	c-include	userland/base/syslogd/main.c	20	libc/include/sys/stat.h	keep-root libc/include->include	#include <sys/stat.h>
p023	c-include	userland/base/syslogd/main.c	21	libc/include/sys/sysctl.h	keep-root libc/include->include	#include <sys/sysctl.h>
p023	c-include	userland/base/syslogd/main.c	22	libc/include/sys/un.h	keep-root libc/include->include	#include <sys/un.h>
p023	c-include	userland/base/syslogd/main.c	23	libc/include/unistd.h	keep-root libc/include->include	#include <unistd.h>
p023	c-include	userland/base/tabs/main.c	17	libc/include/ctype.h	keep-root libc/include->include	#include <ctype.h>
p023	c-include	userland/base/tabs/main.c	18	libc/include/errno.h	keep-root libc/include->include	#include <errno.h>
p023	c-include	userland/base/tabs/main.c	19	libc/include/limits.h	keep-root libc/include->include	#include <limits.h>
p023	c-include	userland/base/tabs/main.c	20	libc/include/stdio.h	keep-root libc/include->include	#include <stdio.h>
p023	c-include	userland/base/tabs/main.c	21	libc/include/stdlib.h	keep-root libc/include->include	#include <stdlib.h>
p023	c-include	userland/base/tabs/main.c	22	libc/include/string.h	keep-root libc/include->include	#include <string.h>
p023	c-include	userland/base/tabs/main.c	23	libc/include/unistd.h	keep-root libc/include->include	#include <unistd.h>
p023	c-include	userland/base/tail/main.c	15	libc/include/fcntl.h	keep-root libc/include->include	#include <fcntl.h>
p023	c-include	userland/base/tail/main.c	16	libc/include/stdio.h	keep-root libc/include->include	#include <stdio.h>
p023	c-include	userland/base/tail/main.c	17	libc/include/stdlib.h	keep-root libc/include->include	#include <stdlib.h>
p023	c-include	userland/base/tail/main.c	18	libc/include/string.h	keep-root libc/include->include	#include <string.h>
p023	c-include	userland/base/tail/main.c	19	libc/include/unistd.h	keep-root libc/include->include	#include <unistd.h>
p023	c-include	userland/base/tee/main.c	16	libc/include/errno.h	keep-root libc/include->include	#include <errno.h>
p023	c-include	userland/base/tee/main.c	17	libc/include/fcntl.h	keep-root libc/include->include	#include <fcntl.h>
p023	c-include	userland/base/tee/main.c	18	libc/include/signal.h	keep-root libc/include->include	#include <signal.h>
p023	c-include	userland/base/tee/main.c	19	libc/include/stdint.h	keep-root libc/include->include	#include <stdint.h>
p023	c-include	userland/base/tee/main.c	20	libc/include/stdio.h	keep-root libc/include->include	#include <stdio.h>
p023	c-include	userland/base/tee/main.c	21	libc/include/stdlib.h	keep-root libc/include->include	#include <stdlib.h>
p023	c-include	userland/base/tee/main.c	22	libc/include/string.h	keep-root libc/include->include	#include <string.h>
p023	c-include	userland/base/tee/main.c	23	libc/include/unistd.h	keep-root libc/include->include	#include <unistd.h>
p023	c-include	userland/base/tests/dyntest.c	14	libc/include/stdio.h	keep-root libc/include->include	#include <stdio.h>
p023	c-include	userland/base/tests/dyntest.c	15	libc/include/stdlib.h	keep-root libc/include->include	#include <stdlib.h>
p023	c-include	userland/base/tests/dyntest.c	16	libc/include/string.h	keep-root libc/include->include	#include <string.h>
p023	c-include	userland/base/tests/dyntest.c	17	libc/include/dlfcn.h	keep-root libc/include->include	#include <dlfcn.h>
p023	c-include	userland/base/tests/dyntest.c	18	libc/include/errno.h	keep-root libc/include->include	#include <errno.h>
p023	c-include	userland/base/tests/dyntest.c	19	libc/include/fcntl.h	keep-root libc/include->include	#include <fcntl.h>
p023	c-include	userland/base/tests/dyntest.c	20	libc/include/pthread.h	keep-root libc/include->include	#include <pthread.h>
p023	c-include	userland/base/tests/dyntest.c	21	libc/include/stdint.h	keep-root libc/include->include	#include <stdint.h>
p023	c-include	userland/base/tests/dyntest.c	22	libc/include/unistd.h	keep-root libc/include->include	#include <unistd.h>
p023	c-include	userland/base/tests/gpu-admission/main.c	12	libc/include/errno.h	keep-root libc/include->include	#include <errno.h>
p023	c-include	userland/base/tests/gpu-admission/main.c	13	libc/include/fcntl.h	keep-root libc/include->include	#include <fcntl.h>
p023	c-include	userland/base/tests/gpu-admission/main.c	14	libc/include/pthread.h	keep-root libc/include->include	#include <pthread.h>
p023	c-include	userland/base/tests/gpu-admission/main.c	15	libc/include/poll.h	keep-root libc/include->include	#include <poll.h>
p023	c-include	userland/base/tests/gpu-admission/main.c	16	libc/include/sched.h	keep-root libc/include->include	#include <sched.h>
p023	c-include	userland/base/tests/gpu-admission/main.c	17	libc/include/stdint.h	keep-root libc/include->include	#include <stdint.h>
p023	c-include	userland/base/tests/gpu-admission/main.c	18	libc/include/stdio.h	keep-root libc/include->include	#include <stdio.h>
p023	c-include	userland/base/tests/gpu-admission/main.c	19	libc/include/string.h	keep-root libc/include->include	#include <string.h>
p023	c-include	userland/base/tests/gpu-admission/main.c	20	libc/include/unistd.h	keep-root libc/include->include	#include <unistd.h>
p023	c-include	userland/base/tests/gpu-fence/main.c	12	libc/include/errno.h	keep-root libc/include->include	#include <errno.h>
p023	c-include	userland/base/tests/gpu-fence/main.c	13	libc/include/fcntl.h	keep-root libc/include->include	#include <fcntl.h>
p023	c-include	userland/base/tests/gpu-fence/main.c	14	libc/include/signal.h	keep-root libc/include->include	#include <signal.h>
p023	c-include	userland/base/tests/gpu-fence/main.c	15	libc/include/stdint.h	keep-root libc/include->include	#include <stdint.h>
p023	c-include	userland/base/tests/gpu-fence/main.c	16	libc/include/stdio.h	keep-root libc/include->include	#include <stdio.h>
p023	c-include	userland/base/tests/gpu-fence/main.c	17	libc/include/stdlib.h	keep-root libc/include->include	#include <stdlib.h>
p023	c-include	userland/base/tests/gpu-fence/main.c	18	libc/include/string.h	keep-root libc/include->include	#include <string.h>
p023	c-include	userland/base/tests/gpu-fence/main.c	19	libc/include/sys/socket.h	keep-root libc/include->include	#include <sys/socket.h>
p023	c-include	userland/base/tests/gpu-fence/main.c	20	libc/include/sys/types.h	keep-root libc/include->include	#include <sys/types.h>
p023	c-include	userland/base/tests/gpu-fence/main.c	21	libc/include/sys/resource.h	keep-root libc/include->include	#include <sys/resource.h>
p023	c-include	userland/base/tests/gpu-fence/main.c	22	libc/include/sys/uio.h	keep-root libc/include->include	#include <sys/uio.h>
p023	c-include	userland/base/tests/gpu-fence/main.c	23	libc/include/sys/wait.h	keep-root libc/include->include	#include <sys/wait.h>
p023	c-include	userland/base/tests/gpu-fence/main.c	24	libc/include/time.h	keep-root libc/include->include	#include <time.h>
p023	c-include	userland/base/tests/gpu-fence/main.c	25	libc/include/unistd.h	keep-root libc/include->include	#include <unistd.h>
p023	c-include	userland/base/tests/gpu-fence/main.c	26	libc/include/vulkan/vulkan.h	keep-root libc/include->include	#include <vulkan/vulkan.h>
p023	c-include	userland/base/tests/gpu-i915/main.c	18	libc/include/errno.h	keep-root libc/include->include	#include <errno.h>
p023	c-include	userland/base/tests/gpu-i915/main.c	19	libc/include/fcntl.h	keep-root libc/include->include	#include <fcntl.h>
p023	c-include	userland/base/tests/gpu-i915/main.c	20	libc/include/stdint.h	keep-root libc/include->include	#include <stdint.h>
p023	c-include	userland/base/tests/gpu-i915/main.c	21	libc/include/stdio.h	keep-root libc/include->include	#include <stdio.h>
p023	c-include	userland/base/tests/gpu-i915/main.c	22	libc/include/string.h	keep-root libc/include->include	#include <string.h>
p023	c-include	userland/base/tests/gpu-i915/main.c	23	libc/include/sys/ioctl.h	keep-root libc/include->include	#include <sys/ioctl.h>
p023	c-include	userland/base/tests/gpu-i915/main.c	24	libc/include/sys/wait.h	keep-root libc/include->include	#include <sys/wait.h>
p023	c-include	userland/base/tests/gpu-i915/main.c	25	libc/include/unistd.h	keep-root libc/include->include	#include <unistd.h>
p023	c-include	userland/base/tests/gpu-recovery/main.c	13	libc/include/errno.h	keep-root libc/include->include	#include <errno.h>
p023	c-include	userland/base/tests/gpu-recovery/main.c	14	libc/include/fcntl.h	keep-root libc/include->include	#include <fcntl.h>
p023	c-include	userland/base/tests/gpu-recovery/main.c	15	libc/include/poll.h	keep-root libc/include->include	#include <poll.h>
p023	c-include	userland/base/tests/gpu-recovery/main.c	16	libc/include/stdint.h	keep-root libc/include->include	#include <stdint.h>
p023	c-include	userland/base/tests/gpu-recovery/main.c	17	libc/include/stdio.h	keep-root libc/include->include	#include <stdio.h>
p023	c-include	userland/base/tests/gpu-recovery/main.c	18	libc/include/string.h	keep-root libc/include->include	#include <string.h>
p023	c-include	userland/base/tests/gpu-recovery/main.c	19	libc/include/sys/ioctl.h	keep-root libc/include->include	#include <sys/ioctl.h>
p023	c-include	userland/base/tests/gpu-recovery/main.c	20	libc/include/time.h	keep-root libc/include->include	#include <time.h>
p023	c-include	userland/base/tests/gpu-recovery/main.c	21	libc/include/unistd.h	keep-root libc/include->include	#include <unistd.h>
p023	c-include	userland/base/tests/gpu-share/main.c	18	libc/include/sys/socket.h	keep-root libc/include->include	#include <sys/socket.h>
p023	c-include	userland/base/tests/gpu-share/main.c	19	libc/include/sys/uio.h	keep-root libc/include->include	#include <sys/uio.h>
p023	c-include	userland/base/tests/gpu-share/main.c	20	libc/include/sys/wait.h	keep-root libc/include->include	#include <sys/wait.h>
p023	c-include	userland/base/tests/gpu-share/main.c	21	libc/include/sys/ioctl.h	keep-root libc/include->include	#include <sys/ioctl.h>
p023	c-include	userland/base/tests/gpu-share/main.c	22	libc/include/fcntl.h	keep-root libc/include->include	#include <fcntl.h>
p023	c-include	userland/base/tests/gpu-share/main.c	23	libc/include/errno.h	keep-root libc/include->include	#include <errno.h>
p023	c-include	userland/base/tests/gpu-share/main.c	24	libc/include/stdio.h	keep-root libc/include->include	#include <stdio.h>
p023	c-include	userland/base/tests/gpu-share/main.c	25	libc/include/string.h	keep-root libc/include->include	#include <string.h>
p023	c-include	userland/base/tests/gpu-share/main.c	26	libc/include/unistd.h	keep-root libc/include->include	#include <unistd.h>
p023	c-include	userland/base/tests/posix-phase5-helper.c	14	libc/include/errno.h	keep-root libc/include->include	#include <errno.h>
p023	c-include	userland/base/tests/posix-phase5-helper.c	15	libc/include/fcntl.h	keep-root libc/include->include	#include <fcntl.h>
p023	c-include	userland/base/tests/posix-phase5-helper.c	16	libc/include/stdio.h	keep-root libc/include->include	#include <stdio.h>
p023	c-include	userland/base/tests/posix-phase5-helper.c	17	libc/include/string.h	keep-root libc/include->include	#include <string.h>
p023	c-include	userland/base/tests/posix-phase5-helper.c	18	libc/include/sys/msg.h	keep-root libc/include->include	#include <sys/msg.h>
p023	c-include	userland/base/tests/posix-phase5-helper.c	19	libc/include/sys/sem.h	keep-root libc/include->include	#include <sys/sem.h>
p023	c-include	userland/base/tests/posix-phase5-helper.c	20	libc/include/sys/shm.h	keep-root libc/include->include	#include <sys/shm.h>
p023	c-include	userland/base/tests/posix-phase5-helper.c	21	libc/include/unistd.h	keep-root libc/include->include	#include <unistd.h>
p023	c-include	userland/base/tests/posix-r2-remaining.c	14	libc/include/errno.h	keep-root libc/include->include	#include <errno.h>
p023	c-include	userland/base/tests/posix-r2-remaining.c	15	libc/include/aio.h	keep-root libc/include->include	#include <aio.h>
p023	c-include	userland/base/tests/posix-r2-remaining.c	16	libc/include/dirent.h	keep-root libc/include->include	#include <dirent.h>
p023	c-include	userland/base/tests/posix-r2-remaining.c	17	libc/include/fcntl.h	keep-root libc/include->include	#include <fcntl.h>
p023	c-include	userland/base/tests/posix-r2-remaining.c	18	libc/include/signal.h	keep-root libc/include->include	#include <signal.h>
p023	c-include	userland/base/tests/posix-r2-remaining.c	19	libc/include/sched.h	keep-root libc/include->include	#include <sched.h>
p023	c-include	userland/base/tests/posix-r2-remaining.c	20	libc/include/pthread.h	keep-root libc/include->include	#include <pthread.h>
p023	c-include	userland/base/tests/posix-r2-remaining.c	21	libc/include/stddef.h	keep-root libc/include->include	#include <stddef.h>
p023	c-include	userland/base/tests/posix-r2-remaining.c	22	libc/include/stdint.h	keep-root libc/include->include	#include <stdint.h>
p023	c-include	userland/base/tests/posix-r2-remaining.c	23	libc/include/stdatomic.h	keep-root libc/include->include	#include <stdatomic.h>
p023	c-include	userland/base/tests/posix-r2-remaining.c	24	libc/include/stdio.h	keep-root libc/include->include	#include <stdio.h>
p023	c-include	userland/base/tests/posix-r2-remaining.c	25	libc/include/stdlib.h	keep-root libc/include->include	#include <stdlib.h>
p023	c-include	userland/base/tests/posix-r2-remaining.c	26	libc/include/string.h	keep-root libc/include->include	#include <string.h>
p023	c-include	userland/base/tests/posix-r2-remaining.c	27	libc/include/sys/mman.h	keep-root libc/include->include	#include <sys/mman.h>
p023	c-include	userland/base/tests/posix-r2-remaining.c	28	libc/include/sys/resource.h	keep-root libc/include->include	#include <sys/resource.h>
p023	c-include	userland/base/tests/posix-r2-remaining.c	29	libc/include/sys/socket.h	keep-root libc/include->include	#include <sys/socket.h>
p023	c-include	userland/base/tests/posix-r2-remaining.c	30	libc/include/sys/stat.h	keep-root libc/include->include	#include <sys/stat.h>
p023	c-include	userland/base/tests/posix-r2-remaining.c	31	libc/include/sys/times.h	keep-root libc/include->include	#include <sys/times.h>
p023	c-include	userland/base/tests/posix-r2-remaining.c	32	libc/include/sys/un.h	keep-root libc/include->include	#include <sys/un.h>
p023	c-include	userland/base/tests/posix-r2-remaining.c	33	libc/include/sys/uio.h	keep-root libc/include->include	#include <sys/uio.h>
p023	c-include	userland/base/tests/posix-r2-remaining.c	34	libc/include/sys/wait.h	keep-root libc/include->include	#include <sys/wait.h>
p023	c-include	userland/base/tests/posix-r2-remaining.c	35	libc/include/termios.h	keep-root libc/include->include	#include <termios.h>
p023	c-include	userland/base/tests/posix-r2-remaining.c	36	libc/include/time.h	keep-root libc/include->include	#include <time.h>
p023	c-include	userland/base/tests/posix-r2-remaining.c	37	libc/include/unistd.h	keep-root libc/include->include	#include <unistd.h>
p023	c-include	userland/base/tests/posix-r2.c	14	libc/include/poll.h	keep-root libc/include->include	#include <poll.h>
p023	c-include	userland/base/tests/posix-r2.c	15	libc/include/pty.h	keep-root libc/include->include	#include <pty.h>
p023	c-include	userland/base/tests/posix-r2.c	16	libc/include/pthread.h	keep-root libc/include->include	#include <pthread.h>
p023	c-include	userland/base/tests/posix-r2.c	17	libc/include/semaphore.h	keep-root libc/include->include	#include <semaphore.h>
p023	c-include	userland/base/tests/posix-r2.c	18	libc/include/string.h	keep-root libc/include->include	#include <string.h>
p023	c-include	userland/base/tests/posix-r2.c	19	libc/include/sys/socket.h	keep-root libc/include->include	#include <sys/socket.h>
p023	c-include	userland/base/tests/posix-r2.c	20	libc/include/sys/un.h	keep-root libc/include->include	#include <sys/un.h>
p023	c-include	userland/base/tests/posix-r2.c	21	libc/include/sys/uio.h	keep-root libc/include->include	#include <sys/uio.h>
p023	c-include	userland/base/tests/posix-r2.c	22	libc/include/sys/wait.h	keep-root libc/include->include	#include <sys/wait.h>
p023	c-include	userland/base/tests/posix-r2.c	23	libc/include/unistd.h	keep-root libc/include->include	#include <unistd.h>
p023	c-include	userland/base/tests/posix-r2.c	24	libc/include/errno.h	keep-root libc/include->include	#include <errno.h>
p023	c-include	userland/base/tests/posix-r2.c	25	libc/include/fcntl.h	keep-root libc/include->include	#include <fcntl.h>
p023	c-include	userland/base/tests/posix-r2.c	26	libc/include/mqueue.h	keep-root libc/include->include	#include <mqueue.h>
p023	c-include	userland/base/tests/posix-r2.c	27	libc/include/langinfo.h	keep-root libc/include->include	#include <langinfo.h>
p023	c-include	userland/base/tests/posix-r2.c	28	libc/include/limits.h	keep-root libc/include->include	#include <limits.h>
p023	c-include	userland/base/tests/posix-r2.c	29	libc/include/locale.h	keep-root libc/include->include	#include <locale.h>
p023	c-include	userland/base/tests/posix-r2.c	30	libc/include/stdlib.h	keep-root libc/include->include	#include <stdlib.h>
p023	c-include	userland/base/tests/posix-r2.c	31	libc/include/spawn.h	keep-root libc/include->include	#include <spawn.h>
p023	c-include	userland/base/tests/posix-r2.c	32	libc/include/stdio.h	keep-root libc/include->include	#include <stdio.h>
p023	c-include	userland/base/tests/posix-r2.c	33	libc/include/dirent.h	keep-root libc/include->include	#include <dirent.h>
p023	c-include	userland/base/tests/posix-r2.c	34	libc/include/sys/stat.h	keep-root libc/include->include	#include <sys/stat.h>
p023	c-include	userland/base/tests/posix-r2.c	35	libc/include/sys/resource.h	keep-root libc/include->include	#include <sys/resource.h>
p023	c-include	userland/base/tests/posix-r2.c	36	libc/include/sys/mount.h	keep-root libc/include->include	#include <sys/mount.h>
p023	c-include	userland/base/tests/posix-r2.c	37	libc/include/sys/statvfs.h	keep-root libc/include->include	#include <sys/statvfs.h>
p023	c-include	userland/base/tests/posix-r2.c	38	libc/include/sys/utsname.h	keep-root libc/include->include	#include <sys/utsname.h>
p023	c-include	userland/base/tests/posix-r2.c	39	libc/include/time.h	keep-root libc/include->include	#include <time.h>
p023	c-include	userland/base/tests/posix-r2.c	40	libc/include/termios.h	keep-root libc/include->include	#include <termios.h>
p023	c-include	userland/base/tests/posix-r2.c	41	libc/include/wchar.h	keep-root libc/include->include	#include <wchar.h>
p023	c-include	userland/base/tests/posix-r2.c	42	libc/include/wctype.h	keep-root libc/include->include	#include <wctype.h>
p023	c-include	userland/base/tests/smp-resource-stress.c	14	libc/include/errno.h	keep-root libc/include->include	#include <errno.h>
p023	c-include	userland/base/tests/smp-resource-stress.c	15	libc/include/fcntl.h	keep-root libc/include->include	#include <fcntl.h>
p023	c-include	userland/base/tests/smp-resource-stress.c	16	libc/include/stdint.h	keep-root libc/include->include	#include <stdint.h>
p023	c-include	userland/base/tests/smp-resource-stress.c	17	libc/include/stdio.h	keep-root libc/include->include	#include <stdio.h>
p023	c-include	userland/base/tests/smp-resource-stress.c	18	libc/include/string.h	keep-root libc/include->include	#include <string.h>
p023	c-include	userland/base/tests/smp-resource-stress.c	19	libc/include/sys/ioctl.h	keep-root libc/include->include	#include <sys/ioctl.h>
p023	c-include	userland/base/tests/smp-resource-stress.c	20	libc/include/sys/mman.h	keep-root libc/include->include	#include <sys/mman.h>
p023	c-include	userland/base/tests/smp-resource-stress.c	21	libc/include/sys/socket.h	keep-root libc/include->include	#include <sys/socket.h>
p023	c-include	userland/base/tests/smp-resource-stress.c	22	libc/include/sys/stat.h	keep-root libc/include->include	#include <sys/stat.h>
p023	c-include	userland/base/tests/smp-resource-stress.c	23	libc/include/sys/wait.h	keep-root libc/include->include	#include <sys/wait.h>
p023	c-include	userland/base/tests/smp-resource-stress.c	24	libc/include/unistd.h	keep-root libc/include->include	#include <unistd.h>
p023	c-include	userland/base/tests/susv4-xsi.c	14	libc/include/errno.h	keep-root libc/include->include	#include <errno.h>
p023	c-include	userland/base/tests/susv4-xsi.c	15	libc/include/fcntl.h	keep-root libc/include->include	#include <fcntl.h>
p023	c-include	userland/base/tests/susv4-xsi.c	16	libc/include/stdio.h	keep-root libc/include->include	#include <stdio.h>
p023	c-include	userland/base/tests/susv4-xsi.c	17	libc/include/stdlib.h	keep-root libc/include->include	#include <stdlib.h>
p023	c-include	userland/base/tests/susv4-xsi.c	18	libc/include/string.h	keep-root libc/include->include	#include <string.h>
p023	c-include	userland/base/tests/susv4-xsi.c	19	libc/include/sys/msg.h	keep-root libc/include->include	#include <sys/msg.h>
p023	c-include	userland/base/tests/susv4-xsi.c	20	libc/include/sys/resource.h	keep-root libc/include->include	#include <sys/resource.h>
p023	c-include	userland/base/tests/susv4-xsi.c	21	libc/include/sys/sem.h	keep-root libc/include->include	#include <sys/sem.h>
p023	c-include	userland/base/tests/susv4-xsi.c	22	libc/include/sys/shm.h	keep-root libc/include->include	#include <sys/shm.h>
p023	c-include	userland/base/tests/susv4-xsi.c	23	libc/include/sys/stat.h	keep-root libc/include->include	#include <sys/stat.h>
p023	c-include	userland/base/tests/susv4-xsi.c	24	libc/include/sys/time.h	keep-root libc/include->include	#include <sys/time.h>
p023	c-include	userland/base/tests/susv4-xsi.c	25	libc/include/unistd.h	keep-root libc/include->include	#include <unistd.h>
p023	c-include	userland/base/tests/syscall-smoke.c	14	libc/include/fcntl.h	keep-root libc/include->include	#include <fcntl.h>
p023	c-include	userland/base/tests/syscall-smoke.c	15	libc/include/errno.h	keep-root libc/include->include	#include <errno.h>
p023	c-include	userland/base/tests/syscall-smoke.c	16	libc/include/limits.h	keep-root libc/include->include	#include <limits.h>
p023	c-include	userland/base/tests/syscall-smoke.c	17	libc/include/signal.h	keep-root libc/include->include	#include <signal.h>
p023	c-include	userland/base/tests/syscall-smoke.c	18	libc/include/stdint.h	keep-root libc/include->include	#include <stdint.h>
p023	c-include	userland/base/tests/syscall-smoke.c	19	libc/include/stdio.h	keep-root libc/include->include	#include <stdio.h>
p023	c-include	userland/base/tests/syscall-smoke.c	20	libc/include/stdlib.h	keep-root libc/include->include	#include <stdlib.h>
p023	c-include	userland/base/tests/syscall-smoke.c	21	libc/include/string.h	keep-root libc/include->include	#include <string.h>
p023	c-include	userland/base/tests/syscall-smoke.c	22	libc/include/sys/wait.h	keep-root libc/include->include	#include <sys/wait.h>
p023	c-include	userland/base/tests/syscall-smoke.c	23	libc/include/sys/mman.h	keep-root libc/include->include	#include <sys/mman.h>
p023	c-include	userland/base/tests/syscall-smoke.c	24	libc/include/sys/stat.h	keep-root libc/include->include	#include <sys/stat.h>
p023	c-include	userland/base/tests/syscall-smoke.c	25	libc/include/sys/uio.h	keep-root libc/include->include	#include <sys/uio.h>
p023	c-include	userland/base/tests/syscall-smoke.c	26	libc/include/time.h	keep-root libc/include->include	#include <time.h>
p023	c-include	userland/base/tests/syscall-smoke.c	27	libc/include/unistd.h	keep-root libc/include->include	#include <unistd.h>
p023	c-include	userland/base/tests/tlstest.c	14	libc/include/stdint.h	keep-root libc/include->include	#include <stdint.h>
p023	c-include	userland/base/tests/tlstest.c	15	libc/include/dlfcn.h	keep-root libc/include->include	#include <dlfcn.h>
p023	c-include	userland/base/tic/main.c	16	libc/include/ctype.h	keep-root libc/include->include	#include <ctype.h>
p023	c-include	userland/base/tic/main.c	17	libc/include/errno.h	keep-root libc/include->include	#include <errno.h>
p023	c-include	userland/base/tic/main.c	18	libc/include/limits.h	keep-root libc/include->include	#include <limits.h>
p023	c-include	userland/base/tic/main.c	19	libc/include/stdio.h	keep-root libc/include->include	#include <stdio.h>
p023	c-include	userland/base/tic/main.c	20	libc/include/stdlib.h	keep-root libc/include->include	#include <stdlib.h>
p023	c-include	userland/base/tic/main.c	21	libc/include/string.h	keep-root libc/include->include	#include <string.h>
p023	c-include	userland/base/tic/main.c	22	libc/include/sys/stat.h	keep-root libc/include->include	#include <sys/stat.h>
p023	c-include	userland/base/tic/main.c	23	libc/include/unistd.h	keep-root libc/include->include	#include <unistd.h>
p023	c-include	userland/base/time/main.c	15	libc/include/errno.h	keep-root libc/include->include	#include <errno.h>
p023	c-include	userland/base/time/main.c	16	libc/include/stdio.h	keep-root libc/include->include	#include <stdio.h>
p023	c-include	userland/base/time/main.c	17	libc/include/sys/wait.h	keep-root libc/include->include	#include <sys/wait.h>
p023	c-include	userland/base/time/main.c	18	libc/include/time.h	keep-root libc/include->include	#include <time.h>
p023	c-include	userland/base/time/main.c	19	libc/include/unistd.h	keep-root libc/include->include	#include <unistd.h>
p023	c-include	userland/base/timeout/main.c	16	libc/include/ctype.h	keep-root libc/include->include	#include <ctype.h>
p023	c-include	userland/base/timeout/main.c	17	libc/include/errno.h	keep-root libc/include->include	#include <errno.h>
p023	c-include	userland/base/timeout/main.c	18	libc/include/limits.h	keep-root libc/include->include	#include <limits.h>
p023	c-include	userland/base/timeout/main.c	19	libc/include/signal.h	keep-root libc/include->include	#include <signal.h>
p023	c-include	userland/base/timeout/main.c	20	libc/include/stdio.h	keep-root libc/include->include	#include <stdio.h>
p023	c-include	userland/base/timeout/main.c	21	libc/include/stdint.h	keep-root libc/include->include	#include <stdint.h>
p023	c-include	userland/base/timeout/main.c	22	libc/include/stdlib.h	keep-root libc/include->include	#include <stdlib.h>
p023	c-include	userland/base/timeout/main.c	23	libc/include/string.h	keep-root libc/include->include	#include <string.h>
p023	c-include	userland/base/timeout/main.c	24	libc/include/sys/wait.h	keep-root libc/include->include	#include <sys/wait.h>
p023	c-include	userland/base/timeout/main.c	25	libc/include/time.h	keep-root libc/include->include	#include <time.h>
p023	c-include	userland/base/timeout/main.c	26	libc/include/unistd.h	keep-root libc/include->include	#include <unistd.h>
p023	c-include	userland/base/top/main.c	15	libc/include/errno.h	keep-root libc/include->include	#include <errno.h>
p023	c-include	userland/base/top/main.c	16	libc/include/fcntl.h	keep-root libc/include->include	#include <fcntl.h>
p023	c-include	userland/base/top/main.c	17	libc/include/poll.h	keep-root libc/include->include	#include <poll.h>
p023	c-include	userland/base/top/main.c	18	libc/include/stdio.h	keep-root libc/include->include	#include <stdio.h>
p023	c-include	userland/base/top/main.c	19	libc/include/stdlib.h	keep-root libc/include->include	#include <stdlib.h>
p023	c-include	userland/base/top/main.c	20	libc/include/string.h	keep-root libc/include->include	#include <string.h>
p023	c-include	userland/base/top/main.c	21	libc/include/sys/ioctl.h	keep-root libc/include->include	#include <sys/ioctl.h>
p023	c-include	userland/base/top/main.c	22	libc/include/termios.h	keep-root libc/include->include	#include <termios.h>
p023	c-include	userland/base/top/main.c	23	libc/include/time.h	keep-root libc/include->include	#include <time.h>
p023	c-include	userland/base/top/main.c	24	libc/include/unistd.h	keep-root libc/include->include	#include <unistd.h>
p023	c-include	userland/base/touch/main.c	15	libc/include/fcntl.h	keep-root libc/include->include	#include <fcntl.h>
p023	c-include	userland/base/touch/main.c	16	libc/include/stdio.h	keep-root libc/include->include	#include <stdio.h>
p023	c-include	userland/base/touch/main.c	17	libc/include/string.h	keep-root libc/include->include	#include <string.h>
p023	c-include	userland/base/touch/main.c	18	libc/include/sys/stat.h	keep-root libc/include->include	#include <sys/stat.h>
p023	c-include	userland/base/touch/main.c	19	libc/include/time.h	keep-root libc/include->include	#include <time.h>
p023	c-include	userland/base/touch/main.c	20	libc/include/unistd.h	keep-root libc/include->include	#include <unistd.h>
p023	c-include	userland/base/tput/main.c	17	libc/include/errno.h	keep-root libc/include->include	#include <errno.h>
p023	c-include	userland/base/tput/main.c	18	libc/include/stdio.h	keep-root libc/include->include	#include <stdio.h>
p023	c-include	userland/base/tput/main.c	19	libc/include/stdlib.h	keep-root libc/include->include	#include <stdlib.h>
p023	c-include	userland/base/tput/main.c	20	libc/include/string.h	keep-root libc/include->include	#include <string.h>
p023	c-include	userland/base/tput/main.c	21	libc/include/unistd.h	keep-root libc/include->include	#include <unistd.h>
p023	c-include	userland/base/tr/main.c	15	libc/include/errno.h	keep-root libc/include->include	#include <errno.h>
p023	c-include	userland/base/tr/main.c	16	libc/include/stdio.h	keep-root libc/include->include	#include <stdio.h>
p023	c-include	userland/base/tr/main.c	17	libc/include/string.h	keep-root libc/include->include	#include <string.h>
p023	c-include	userland/base/tr/main.c	18	libc/include/unistd.h	keep-root libc/include->include	#include <unistd.h>
p023	c-include	userland/base/truncate/main.c	16	libc/include/errno.h	keep-root libc/include->include	#include <errno.h>
p023	c-include	userland/base/truncate/main.c	17	libc/include/limits.h	keep-root libc/include->include	#include <limits.h>
p023	c-include	userland/base/truncate/main.c	18	libc/include/stdio.h	keep-root libc/include->include	#include <stdio.h>
p023	c-include	userland/base/truncate/main.c	19	libc/include/string.h	keep-root libc/include->include	#include <string.h>
p023	c-include	userland/base/truncate/main.c	20	libc/include/sys/types.h	keep-root libc/include->include	#include <sys/types.h>
p023	c-include	userland/base/truncate/main.c	21	libc/include/unistd.h	keep-root libc/include->include	#include <unistd.h>
p023	c-include	userland/base/tsort/main.c	14	libc/include/ctype.h	keep-root libc/include->include	#include <ctype.h>
p023	c-include	userland/base/tsort/main.c	15	libc/include/errno.h	keep-root libc/include->include	#include <errno.h>
p023	c-include	userland/base/tsort/main.c	16	libc/include/stdio.h	keep-root libc/include->include	#include <stdio.h>
p023	c-include	userland/base/tsort/main.c	17	libc/include/stdlib.h	keep-root libc/include->include	#include <stdlib.h>
p023	c-include	userland/base/tsort/main.c	18	libc/include/string.h	keep-root libc/include->include	#include <string.h>
p023	c-include	userland/base/tty/main.c	14	libc/include/stdio.h	keep-root libc/include->include	#include <stdio.h>
p023	c-include	userland/base/tty/main.c	15	libc/include/unistd.h	keep-root libc/include->include	#include <unistd.h>
p023	c-include	userland/base/uname/main.c	16	libc/include/stdio.h	keep-root libc/include->include	#include <stdio.h>
p023	c-include	userland/base/uname/main.c	17	libc/include/string.h	keep-root libc/include->include	#include <string.h>
p023	c-include	userland/base/uname/main.c	18	libc/include/sys/utsname.h	keep-root libc/include->include	#include <sys/utsname.h>
p023	c-include	userland/base/unexpand/main.c	15	libc/include/stdio.h	keep-root libc/include->include	#include <stdio.h>
p023	c-include	userland/base/unexpand/main.c	16	libc/include/string.h	keep-root libc/include->include	#include <string.h>
p023	c-include	userland/base/uniq/main.c	15	libc/include/stdio.h	keep-root libc/include->include	#include <stdio.h>
p023	c-include	userland/base/uniq/main.c	16	libc/include/stdlib.h	keep-root libc/include->include	#include <stdlib.h>
p023	c-include	userland/base/uniq/main.c	17	libc/include/string.h	keep-root libc/include->include	#include <string.h>
p023	c-include	userland/base/unlink/main.c	16	libc/include/errno.h	keep-root libc/include->include	#include <errno.h>
p023	c-include	userland/base/unlink/main.c	17	libc/include/stdio.h	keep-root libc/include->include	#include <stdio.h>
p023	c-include	userland/base/unlink/main.c	18	libc/include/string.h	keep-root libc/include->include	#include <string.h>
p023	c-include	userland/base/unlink/main.c	19	libc/include/unistd.h	keep-root libc/include->include	#include <unistd.h>
p023	c-include	userland/base/uudecode/main.c	16	libc/include/errno.h	keep-root libc/include->include	#include <errno.h>
p023	c-include	userland/base/uudecode/main.c	17	libc/include/fcntl.h	keep-root libc/include->include	#include <fcntl.h>
p023	c-include	userland/base/uudecode/main.c	18	libc/include/stdio.h	keep-root libc/include->include	#include <stdio.h>
p023	c-include	userland/base/uudecode/main.c	19	libc/include/string.h	keep-root libc/include->include	#include <string.h>
p023	c-include	userland/base/uudecode/main.c	20	libc/include/unistd.h	keep-root libc/include->include	#include <unistd.h>
p023	c-include	userland/base/uuencode/main.c	16	libc/include/errno.h	keep-root libc/include->include	#include <errno.h>
p023	c-include	userland/base/uuencode/main.c	17	libc/include/fcntl.h	keep-root libc/include->include	#include <fcntl.h>
p023	c-include	userland/base/uuencode/main.c	18	libc/include/stdio.h	keep-root libc/include->include	#include <stdio.h>
p023	c-include	userland/base/uuencode/main.c	19	libc/include/string.h	keep-root libc/include->include	#include <string.h>
p023	c-include	userland/base/uuencode/main.c	20	libc/include/sys/stat.h	keep-root libc/include->include	#include <sys/stat.h>
p023	c-include	userland/base/uuencode/main.c	21	libc/include/unistd.h	keep-root libc/include->include	#include <unistd.h>
p023	c-include	userland/base/vkdemo/display.c	12	libc/include/stdint.h	keep-root libc/include->include	#include <stdint.h>
p023	c-include	userland/base/vkdemo/display.c	13	libc/include/stdlib.h	keep-root libc/include->include	#include <stdlib.h>
p023	c-include	userland/base/vkdemo/display.c	14	libc/include/string.h	keep-root libc/include->include	#include <string.h>
p023	c-include	userland/base/vkdemo/display.h	15	libc/include/vulkan/vulkan.h	keep-root libc/include->include	#include <vulkan/vulkan.h>
p023	c-include	userland/base/vkdemo/main.c	12	libc/include/errno.h	keep-root libc/include->include	#include <errno.h>
p023	c-include	userland/base/vkdemo/main.c	13	libc/include/poll.h	keep-root libc/include->include	#include <poll.h>
p023	c-include	userland/base/vkdemo/main.c	14	libc/include/stdint.h	keep-root libc/include->include	#include <stdint.h>
p023	c-include	userland/base/vkdemo/main.c	15	libc/include/stdio.h	keep-root libc/include->include	#include <stdio.h>
p023	c-include	userland/base/vkdemo/main.c	16	libc/include/string.h	keep-root libc/include->include	#include <string.h>
p023	c-include	userland/base/vkdemo/main.c	17	libc/include/time.h	keep-root libc/include->include	#include <time.h>
p023	c-include	userland/base/vkdemo/main.c	18	libc/include/unistd.h	keep-root libc/include->include	#include <unistd.h>
p023	c-include	userland/base/vkdemo/renderer.c	12	libc/include/errno.h	keep-root libc/include->include	#include <errno.h>
p023	c-include	userland/base/vkdemo/renderer.c	13	libc/include/stdint.h	keep-root libc/include->include	#include <stdint.h>
p023	c-include	userland/base/vkdemo/renderer.c	14	libc/include/stdio.h	keep-root libc/include->include	#include <stdio.h>
p023	c-include	userland/base/vkdemo/renderer.c	15	libc/include/stdlib.h	keep-root libc/include->include	#include <stdlib.h>
p023	c-include	userland/base/vkdemo/renderer.c	16	libc/include/string.h	keep-root libc/include->include	#include <string.h>
p023	c-include	userland/base/vkdemo/renderer.c	17	libc/include/vulkan/vulkan.h	keep-root libc/include->include	#include <vulkan/vulkan.h>
p023	c-include	userland/base/vkdemo/renderer.h	15	libc/include/stdint.h	keep-root libc/include->include	#include <stdint.h>
p023	c-include	userland/base/vkdemo/shaders.h	15	libc/include/stdint.h	keep-root libc/include->include	#include <stdint.h>
p023	c-include	userland/base/wc/main.c	15	libc/include/ctype.h	keep-root libc/include->include	#include <ctype.h>
p023	c-include	userland/base/wc/main.c	16	libc/include/fcntl.h	keep-root libc/include->include	#include <fcntl.h>
p023	c-include	userland/base/wc/main.c	17	libc/include/stdio.h	keep-root libc/include->include	#include <stdio.h>
p023	c-include	userland/base/wc/main.c	18	libc/include/string.h	keep-root libc/include->include	#include <string.h>
p023	c-include	userland/base/wc/main.c	19	libc/include/unistd.h	keep-root libc/include->include	#include <unistd.h>
p023	c-include	userland/base/who/main.c	14	libc/include/utmpx.h	keep-root libc/include->include	#include <utmpx.h>
p023	c-include	userland/base/who/main.c	16	libc/include/stdio.h	keep-root libc/include->include	#include <stdio.h>
p023	c-include	userland/base/who/main.c	17	libc/include/stdint.h	keep-root libc/include->include	#include <stdint.h>
p023	c-include	userland/base/wifi/main.c	14	libc/include/errno.h	keep-root libc/include->include	#include <errno.h>
p023	c-include	userland/base/wifi/main.c	15	libc/include/limits.h	keep-root libc/include->include	#include <limits.h>
p023	c-include	userland/base/wifi/main.c	16	libc/include/netinet/in.h	keep-root libc/include->include	#include <netinet/in.h>
p023	c-include	userland/base/wifi/main.c	17	libc/include/signal.h	keep-root libc/include->include	#include <signal.h>
p023	c-include	userland/base/wifi/main.c	18	libc/include/stdint.h	keep-root libc/include->include	#include <stdint.h>
p023	c-include	userland/base/wifi/main.c	19	libc/include/stdio.h	keep-root libc/include->include	#include <stdio.h>
p023	c-include	userland/base/wifi/main.c	20	libc/include/string.h	keep-root libc/include->include	#include <string.h>
p023	c-include	userland/base/wifi/main.c	21	libc/include/strings.h	keep-root libc/include->include	#include <strings.h>
p023	c-include	userland/base/wifi/main.c	22	libc/include/sys/ioctl.h	keep-root libc/include->include	#include <sys/ioctl.h>
p023	c-include	userland/base/wifi/main.c	23	libc/include/sys/socket.h	keep-root libc/include->include	#include <sys/socket.h>
p023	c-include	userland/base/wifi/main.c	24	libc/include/time.h	keep-root libc/include->include	#include <time.h>
p023	c-include	userland/base/wifi/main.c	25	libc/include/unistd.h	keep-root libc/include->include	#include <unistd.h>
p023	c-include	userland/base/wltest/main.c	14	libc/include/errno.h	keep-root libc/include->include	#include <errno.h>
p023	c-include	userland/base/wltest/main.c	15	libc/include/poll.h	keep-root libc/include->include	#include <poll.h>
p023	c-include	userland/base/wltest/main.c	16	libc/include/stdio.h	keep-root libc/include->include	#include <stdio.h>
p023	c-include	userland/base/wltest/main.c	17	libc/include/stdlib.h	keep-root libc/include->include	#include <stdlib.h>
p023	c-include	userland/base/wltest/main.c	18	libc/include/string.h	keep-root libc/include->include	#include <string.h>
p023	c-include	userland/base/wltest/main.c	19	libc/include/time.h	keep-root libc/include->include	#include <time.h>
p023	c-include	userland/base/wltest/main.c	20	libc/include/unistd.h	keep-root libc/include->include	#include <unistd.h>
p023	c-include	userland/base/wltest/renderer.c	14	libc/include/stdlib.h	keep-root libc/include->include	#include <stdlib.h>
p023	c-include	userland/base/wltest/renderer.c	15	libc/include/string.h	keep-root libc/include->include	#include <string.h>
p023	c-include	userland/base/wltest/window.c	14	libc/include/errno.h	keep-root libc/include->include	#include <errno.h>
p023	c-include	userland/base/wltest/window.c	15	libc/include/poll.h	keep-root libc/include->include	#include <poll.h>
p023	c-include	userland/base/wltest/window.c	16	libc/include/string.h	keep-root libc/include->include	#include <string.h>
p023	c-include	userland/base/wltest/wltest.h	17	libc/include/vulkan/vulkan.h	keep-root libc/include->include	#include <vulkan/vulkan.h>
p023	c-include	userland/base/wltest/wltest.h	18	libc/include/wayland-client.h	keep-root libc/include->include	#include <wayland-client.h>
p023	c-include	userland/base/wltest/wltest.h	19	libc/include/xdg-shell-client-protocol.h	keep-root libc/include->include	#include <xdg-shell-client-protocol.h>
p023	c-include	userland/base/write/main.c	16	libc/include/errno.h	keep-root libc/include->include	#include <errno.h>
p023	c-include	userland/base/write/main.c	17	libc/include/fcntl.h	keep-root libc/include->include	#include <fcntl.h>
p023	c-include	userland/base/write/main.c	18	libc/include/pwd.h	keep-root libc/include->include	#include <pwd.h>
p023	c-include	userland/base/write/main.c	19	libc/include/stdio.h	keep-root libc/include->include	#include <stdio.h>
p023	c-include	userland/base/write/main.c	20	libc/include/stdlib.h	keep-root libc/include->include	#include <stdlib.h>
p023	c-include	userland/base/write/main.c	21	libc/include/string.h	keep-root libc/include->include	#include <string.h>
p023	c-include	userland/base/write/main.c	22	libc/include/sys/stat.h	keep-root libc/include->include	#include <sys/stat.h>
p023	c-include	userland/base/write/main.c	23	libc/include/time.h	keep-root libc/include->include	#include <time.h>
p023	c-include	userland/base/write/main.c	24	libc/include/unistd.h	keep-root libc/include->include	#include <unistd.h>
p023	c-include	userland/base/write/main.c	25	libc/include/utmpx.h	keep-root libc/include->include	#include <utmpx.h>
p023	c-include	userland/base/xargs/main.c	15	libc/include/ctype.h	keep-root libc/include->include	#include <ctype.h>
p023	c-include	userland/base/xargs/main.c	16	libc/include/errno.h	keep-root libc/include->include	#include <errno.h>
p023	c-include	userland/base/xargs/main.c	17	libc/include/stdio.h	keep-root libc/include->include	#include <stdio.h>
p023	c-include	userland/base/xargs/main.c	18	libc/include/stdlib.h	keep-root libc/include->include	#include <stdlib.h>
p023	c-include	userland/base/xargs/main.c	19	libc/include/string.h	keep-root libc/include->include	#include <string.h>
p023	c-include	userland/base/xargs/main.c	20	libc/include/sys/wait.h	keep-root libc/include->include	#include <sys/wait.h>
p023	c-include	userland/base/xargs/main.c	21	libc/include/unistd.h	keep-root libc/include->include	#include <unistd.h>
p023	c-include	userland/base/zwl/display.c	13	libc/include/sys/ioctl.h	keep-root libc/include->include	#include <sys/ioctl.h>
p023	c-include	userland/base/zwl/display.c	14	libc/include/fcntl.h	keep-root libc/include->include	#include <fcntl.h>
p023	c-include	userland/base/zwl/display.c	15	libc/include/unistd.h	keep-root libc/include->include	#include <unistd.h>
p023	c-include	userland/base/zwl/display.c	16	libc/include/errno.h	keep-root libc/include->include	#include <errno.h>
p023	c-include	userland/base/zwl/display.c	17	libc/include/stdio.h	keep-root libc/include->include	#include <stdio.h>
p023	c-include	userland/base/zwl/display.c	18	libc/include/string.h	keep-root libc/include->include	#include <string.h>
p023	c-include	userland/base/zwl/input.c	19	libc/include/sys/ioctl.h	keep-root libc/include->include	#include <sys/ioctl.h>
p023	c-include	userland/base/zwl/input.c	20	libc/include/dirent.h	keep-root libc/include->include	#include <dirent.h>
p023	c-include	userland/base/zwl/input.c	21	libc/include/fcntl.h	keep-root libc/include->include	#include <fcntl.h>
p023	c-include	userland/base/zwl/input.c	22	libc/include/unistd.h	keep-root libc/include->include	#include <unistd.h>
p023	c-include	userland/base/zwl/input.c	23	libc/include/errno.h	keep-root libc/include->include	#include <errno.h>
p023	c-include	userland/base/zwl/input.c	24	libc/include/stdio.h	keep-root libc/include->include	#include <stdio.h>
p023	c-include	userland/base/zwl/input.c	25	libc/include/string.h	keep-root libc/include->include	#include <string.h>
p023	c-include	userland/base/zwl/main.c	13	libc/include/sys/socket.h	keep-root libc/include->include	#include <sys/socket.h>
p023	c-include	userland/base/zwl/main.c	14	libc/include/sys/un.h	keep-root libc/include->include	#include <sys/un.h>
p023	c-include	userland/base/zwl/main.c	15	libc/include/sys/stat.h	keep-root libc/include->include	#include <sys/stat.h>
p023	c-include	userland/base/zwl/main.c	16	libc/include/poll.h	keep-root libc/include->include	#include <poll.h>
p023	c-include	userland/base/zwl/main.c	17	libc/include/signal.h	keep-root libc/include->include	#include <signal.h>
p023	c-include	userland/base/zwl/main.c	18	libc/include/fcntl.h	keep-root libc/include->include	#include <fcntl.h>
p023	c-include	userland/base/zwl/main.c	19	libc/include/unistd.h	keep-root libc/include->include	#include <unistd.h>
p023	c-include	userland/base/zwl/main.c	20	libc/include/errno.h	keep-root libc/include->include	#include <errno.h>
p023	c-include	userland/base/zwl/main.c	21	libc/include/stddef.h	keep-root libc/include->include	#include <stddef.h>
p023	c-include	userland/base/zwl/main.c	22	libc/include/stdio.h	keep-root libc/include->include	#include <stdio.h>
p023	c-include	userland/base/zwl/main.c	23	libc/include/stdlib.h	keep-root libc/include->include	#include <stdlib.h>
p023	c-include	userland/base/zwl/main.c	24	libc/include/string.h	keep-root libc/include->include	#include <string.h>
p023	c-include	userland/base/zwl/objects.c	13	libc/include/sys/ioctl.h	keep-root libc/include->include	#include <sys/ioctl.h>
p023	c-include	userland/base/zwl/objects.c	14	libc/include/unistd.h	keep-root libc/include->include	#include <unistd.h>
p023	c-include	userland/base/zwl/objects.c	15	libc/include/errno.h	keep-root libc/include->include	#include <errno.h>
p023	c-include	userland/base/zwl/objects.c	16	libc/include/stdio.h	keep-root libc/include->include	#include <stdio.h>
p023	c-include	userland/base/zwl/objects.c	17	libc/include/stdlib.h	keep-root libc/include->include	#include <stdlib.h>
p023	c-include	userland/base/zwl/objects.c	18	libc/include/string.h	keep-root libc/include->include	#include <string.h>
p023	c-include	userland/base/zwl/protocol.c	13	libc/include/unistd.h	keep-root libc/include->include	#include <unistd.h>
p023	c-include	userland/base/zwl/protocol.c	14	libc/include/errno.h	keep-root libc/include->include	#include <errno.h>
p023	c-include	userland/base/zwl/protocol.c	15	libc/include/stdio.h	keep-root libc/include->include	#include <stdio.h>
p023	c-include	userland/base/zwl/protocol.c	16	libc/include/string.h	keep-root libc/include->include	#include <string.h>
p023	c-include	userland/base/zwl/seat.c	19	libc/include/fcntl.h	keep-root libc/include->include	#include <fcntl.h>
p023	c-include	userland/base/zwl/seat.c	20	libc/include/unistd.h	keep-root libc/include->include	#include <unistd.h>
p023	c-include	userland/base/zwl/seat.c	21	libc/include/errno.h	keep-root libc/include->include	#include <errno.h>
p023	c-include	userland/base/zwl/seat.c	22	libc/include/stdio.h	keep-root libc/include->include	#include <stdio.h>
p023	c-include	userland/base/zwl/seat.c	23	libc/include/string.h	keep-root libc/include->include	#include <string.h>
p023	c-include	userland/base/zwl/wire.c	13	libc/include/sys/socket.h	keep-root libc/include->include	#include <sys/socket.h>
p023	c-include	userland/base/zwl/wire.c	14	libc/include/sys/uio.h	keep-root libc/include->include	#include <sys/uio.h>
p023	c-include	userland/base/zwl/wire.c	15	libc/include/unistd.h	keep-root libc/include->include	#include <unistd.h>
p023	c-include	userland/base/zwl/wire.c	16	libc/include/errno.h	keep-root libc/include->include	#include <errno.h>
p023	c-include	userland/base/zwl/wire.c	17	libc/include/stdio.h	keep-root libc/include->include	#include <stdio.h>
p023	c-include	userland/base/zwl/wire.c	18	libc/include/stdlib.h	keep-root libc/include->include	#include <stdlib.h>
p023	c-include	userland/base/zwl/wire.c	19	libc/include/string.h	keep-root libc/include->include	#include <string.h>
p023	c-include	userland/base/zwl/wire.c	20	libc/include/time.h	keep-root libc/include->include	#include <time.h>
p023	c-include	userland/base/zwl/zwl.h	40	libc/include/stdint.h	keep-root libc/include->include	#include <stdint.h>
p023	c-include	userland/base/zwl/zwl.h	41	libc/include/stddef.h	keep-root libc/include->include	#include <stddef.h>
p023	c-include	userland/base/zwl/zwl.h	42	libc/include/sys/types.h	keep-root libc/include->include	#include <sys/types.h>
p023	c-include	userland/gpu/venus/client.c	14	libc/include/errno.h	keep-root libc/include->include	#include <errno.h>
p023	c-include	userland/gpu/venus/client.c	15	libc/include/fcntl.h	keep-root libc/include->include	#include <fcntl.h>
p023	c-include	userland/gpu/venus/client.c	16	libc/include/stdio.h	keep-root libc/include->include	#include <stdio.h>
p023	c-include	userland/gpu/venus/client.c	17	libc/include/string.h	keep-root libc/include->include	#include <string.h>
p023	c-include	userland/gpu/venus/client.c	18	libc/include/time.h	keep-root libc/include->include	#include <time.h>
p023	c-include	userland/gpu/venus/client.c	19	libc/include/unistd.h	keep-root libc/include->include	#include <unistd.h>
p023	c-include	userland/gpu/venus/client.h	15	libc/include/stdint.h	keep-root libc/include->include	#include <stdint.h>
p023	c-include	userland/gpu/venus/venus-frame.c	16	libc/include/errno.h	keep-root libc/include->include	#include <errno.h>
p023	c-include	userland/gpu/venus/venus-frame.c	17	libc/include/fcntl.h	keep-root libc/include->include	#include <fcntl.h>
p023	c-include	userland/gpu/venus/venus-frame.c	18	libc/include/stdint.h	keep-root libc/include->include	#include <stdint.h>
p023	c-include	userland/gpu/venus/venus-frame.c	19	libc/include/stdio.h	keep-root libc/include->include	#include <stdio.h>
p023	c-include	userland/gpu/venus/venus-frame.c	20	libc/include/string.h	keep-root libc/include->include	#include <string.h>
p023	c-include	userland/gpu/venus/venus-frame.c	21	libc/include/time.h	keep-root libc/include->include	#include <time.h>
p023	c-include	userland/gpu/venus/venus-frame.c	22	libc/include/unistd.h	keep-root libc/include->include	#include <unistd.h>
p023	docs	AGENTS.md	172	libc/include/	path	User explicitly continues full Vulkan1.0 (137core) and direct-display WSI (KHR_surface/display/swapchain/display_swapchain), with standard headers libc/include/vulkan/, independent userland/base/libvulkan/ and /lib/libvulkan.so. New single-goal WS030 owns the standard library. Queue q308 selects WS0
p023	docs	AGENTS.md	202	libc/include/	path	`libc/include/vulkan/` にVulkan1.0の公開header、`userland/base/libvulkan/` に独立した全137 core＋選択direct-display WSI18の実装を提供し、`/lib/libvulkan.so` に配置した。vkdemoは標準Vulkan/WSIだけを使い、GPU ioctl/Venus codecをアプリへ持ち込まない。ABI、Noct再生成、155実exportとproc-address、全familyの限定意味論試験、U/Kの所有権・権限・失敗回収、適用C規約の独立レビューを実施した。正式CTS認証は主張しない。
p023	docs	AGENTS.md	212	libc/include/	path	ユーザー指定により[WS014 p006](https://github.com/awemorris/zedBSD/issues/393)を一つのplanned Phaseとして追加した。kernel_handle/handle_fd_*とSCM_RIGHTS、GPU/Venusの別context共有、GPU画像を扱えるWSI、VK_KHR_wayland_surface、最小client library、全画面zwl、標準APIのwltestを本Phaseで実装・検証する計画。コード配置はlibc/include/wayland/、userland/base/libwayland/・zwl/
p023	docs	docs/architecture/kernel-and-hal.md	62	libc/include/	path	Public C headers live in [libc/include](../../libc/include); zedBSD-specific
p023	docs	src/drivers/gpu/i915/tests/contracts/README.md	44	libc/include/	path	`include/`, with the host C library preferred (`-idirafter libc/include`).
p023	docs	src/drivers/gpu/i915/tests/contracts/README.md	49	libc/include/	path	the zedBSD C library headers (`-I libc/include`).
p023	docs	userland/base/libvulkan/README.md	6	libc/include/	path	公開ヘッダは `libc/include/vulkan/`、インストール先は
p023	docs	userland/base/libwayland/README.md	5	libc/include/	path	`libc/include/wayland/`; thin `<wayland-client.h>` and
p023	docs	userland/base/vkdemo/README.md	21	libc/include/	path	a normal build. Public Vulkan headers are provided in `libc/include/vulkan/`
p023	noct	userland/base/libvulkan/tools/maintain-dispatch.noct	20	libc/include/vulkan/vulkan_wayland.h	path	var source = lines(FileUtil.readText(args[0]) + FileUtil.readText("libc/include/vulkan/vulkan_wayland.h") + FileUtil.readText("libc/include/vulkan/vulkan_external.h"));
p023	noct	userland/base/libvulkan/tools/maintain-dispatch.noct	20	libc/include/vulkan/vulkan_external.h	path	var source = lines(FileUtil.readText(args[0]) + FileUtil.readText("libc/include/vulkan/vulkan_wayland.h") + FileUtil.readText("libc/include/vulkan/vulkan_external.h"));
p023	noct	userland/base/libvulkan/tools/maintain-dispatch.noct	22	libc/include/vulkan/API-PROVENANCE.md	path	var table = banner + "/*\n * Maintained declaration metadata, see libc/include/vulkan/API-PROVENANCE.md.\n */\n\n";
p023	other	userland/base/noct/patches/0001-connect-zedbsd-target-adapter.patch	23	libc/include/stdint.h	path	libc/include/stdint.h
p023	other	userland/base/noct/patches/0002-use-project-llvm-sysroot.patch	70	libc/include/	path	-  "${ZEDBSD_SOURCE_DIR}/libc/include"
p023	plan-records/include	plan/ws014/phase007/renderer-opaque/evidence/native-image-query.c	1	libc/include/vulkan/vulkan.h	keep-root libc/include->include	#include <vulkan/vulkan.h>
p023	plan-records/include	plan/ws014/phase007/renderer-opaque/evidence/native-image-query.c	2	libc/include/stdio.h	keep-root libc/include->include	#include <stdio.h>
p023	plan-records/include	plan/ws014/phase007/renderer-opaque/evidence/native-image-query.c	3	libc/include/string.h	keep-root libc/include->include	#include <string.h>
p023	plan-records/include	plan/ws014/phase007/renderer-opaque/evidence/native-memory-query.c	1	libc/include/vulkan/vulkan.h	keep-root libc/include->include	#include <vulkan/vulkan.h>
p023	plan-records/include	plan/ws014/phase007/renderer-opaque/evidence/native-memory-query.c	2	libc/include/stdio.h	keep-root libc/include->include	#include <stdio.h>
p023	plan-records/include	plan/ws014/phase007/renderer-opaque/evidence/native-memory-query.c	3	libc/include/string.h	keep-root libc/include->include	#include <string.h>
p023	plan-records/include	plan/ws031/handover/linuxvm/linux-c2-replay.c	6	libc/include/stdint.h	keep-root libc/include->include	#include <stdint.h>
p023	plan-records/include	plan/ws031/handover/linuxvm/linux-c2-replay.c	7	libc/include/stdio.h	keep-root libc/include->include	#include <stdio.h>
p023	plan-records/include	plan/ws031/handover/linuxvm/linux-c2-replay.c	8	libc/include/stdlib.h	keep-root libc/include->include	#include <stdlib.h>
p023	plan-records/include	plan/ws031/handover/linuxvm/linux-c2-replay.c	9	libc/include/string.h	keep-root libc/include->include	#include <string.h>
p023	plan-records/include	plan/ws031/handover/linuxvm/linux-c2-replay.c	10	libc/include/errno.h	keep-root libc/include->include	#include <errno.h>
p023	plan-records/include	plan/ws031/handover/linuxvm/linux-c2-replay.c	11	libc/include/fcntl.h	keep-root libc/include->include	#include <fcntl.h>
p023	plan-records/include	plan/ws031/handover/linuxvm/linux-c2-replay.c	12	libc/include/unistd.h	keep-root libc/include->include	#include <unistd.h>
p023	plan-records/include	plan/ws031/handover/linuxvm/linux-c2-replay.c	13	libc/include/sys/ioctl.h	keep-root libc/include->include	#include <sys/ioctl.h>
p023	plan-records/include	plan/ws031/handover/linuxvm/linux-c2-replay.c	14	libc/include/sys/mman.h	keep-root libc/include->include	#include <sys/mman.h>
p023	plan-records/include	plan/ws031/handover/linuxvm/mmio_read.c	5	libc/include/stdio.h	keep-root libc/include->include	#include <stdio.h>
p023	plan-records/include	plan/ws031/handover/linuxvm/mmio_read.c	6	libc/include/stdint.h	keep-root libc/include->include	#include <stdint.h>
p023	plan-records/include	plan/ws031/handover/linuxvm/mmio_read.c	7	libc/include/fcntl.h	keep-root libc/include->include	#include <fcntl.h>
p023	plan-records/include	plan/ws031/handover/linuxvm/mmio_read.c	8	libc/include/unistd.h	keep-root libc/include->include	#include <unistd.h>
p023	plan-records/include	plan/ws031/handover/linuxvm/mmio_read.c	9	libc/include/sys/mman.h	keep-root libc/include->include	#include <sys/mman.h>
p023	plan-records/include	plan/ws031/handover/tools/lcd-e119/lcdg_ktest.c	10	libc/include/string.h	keep-root libc/include->include	#include <string.h>
p023	plan-records/include	plan/ws031/handover/tools/lcd-e119/lcdg_ktest.c	11	libc/include/errno.h	keep-root libc/include->include	#include <errno.h>
p023	plan-records/include	plan/ws031/handover/tools/lcd-e122/op/opregion_compat.h	15	libc/include/stdint.h	keep-root libc/include->include	#include <stdint.h>
p023	plan-records/include	plan/ws031/handover/tools/lcd-e122/op/opregion_compat.h	16	libc/include/stddef.h	keep-root libc/include->include	#include <stddef.h>
p023	plan-records/include	plan/ws031/handover/tools/lcd-e122/op/opregion_compat.h	17	libc/include/string.h	keep-root libc/include->include	#include <string.h>
p023	plan-records/include	plan/ws031/handover/tools/lcd-e122/op/opregion_compat.h	18	libc/include/errno.h	keep-root libc/include->include	#include <errno.h>
p023	plan-records/include	plan/ws031/handover/tools/lcd-e122/op/opregion_ktest.c	12	libc/include/string.h	keep-root libc/include->include	#include <string.h>
p023	plan-records/include	plan/ws031/handover/tools/lcd-e122/op/opregion_ktest.c	13	libc/include/errno.h	keep-root libc/include->include	#include <errno.h>
p023	plan-records/include	plan/ws031/handover/tools/lcd-e122/op/opregion_service.c	7	libc/include/string.h	keep-root libc/include->include	#include <string.h>
p023	plan-records/include	plan/ws031/handover/tools/lcd-e122/op/opregion_service.c	8	libc/include/errno.h	keep-root libc/include->include	#include <errno.h>
p023	plan-records/include	plan/ws031/handover/tools/lcd-e122/op/opregion_service.h	23	libc/include/stdint.h	keep-root libc/include->include	#include <stdint.h>
p023	plan-records/include	plan/ws031/handover/tools/lcd-e122/op/parity_opregion.h	9	libc/include/stdint.h	keep-root libc/include->include	#include <stdint.h>
p023	plan-records/include	plan/ws031/handover/tools/lcd-e122/opregion_ktest.c	12	libc/include/string.h	keep-root libc/include->include	#include <string.h>
p023	plan-records/include	plan/ws031/handover/tools/lcd-e122/opregion_ktest.c	13	libc/include/errno.h	keep-root libc/include->include	#include <errno.h>
p023	plan-records/include	plan/ws031/handover/tools/reftex.c	15	libc/include/stdio.h	keep-root libc/include->include	#include <stdio.h>
p023	plan-records/include	plan/ws031/handover/tools/reftex.c	16	libc/include/stdlib.h	keep-root libc/include->include	#include <stdlib.h>
p023	plan-records/include	plan/ws031/handover/tools/reftex.c	17	libc/include/string.h	keep-root libc/include->include	#include <string.h>
p023	plan-records/include	plan/ws031/handover/tools/refvk.c	16	libc/include/stdio.h	keep-root libc/include->include	#include <stdio.h>
p023	plan-records/include	plan/ws031/handover/tools/refvk.c	17	libc/include/stdlib.h	keep-root libc/include->include	#include <stdlib.h>
p023	plan-records/include	plan/ws031/handover/tools/refvk.c	18	libc/include/string.h	keep-root libc/include->include	#include <string.h>
p023	plan-records/include	plan/ws031/linux-parity/linux-reference/fixtures/linux-c2-replay.c	6	libc/include/stdint.h	keep-root libc/include->include	#include <stdint.h>
p023	plan-records/include	plan/ws031/linux-parity/linux-reference/fixtures/linux-c2-replay.c	7	libc/include/stdio.h	keep-root libc/include->include	#include <stdio.h>
p023	plan-records/include	plan/ws031/linux-parity/linux-reference/fixtures/linux-c2-replay.c	8	libc/include/stdlib.h	keep-root libc/include->include	#include <stdlib.h>
p023	plan-records/include	plan/ws031/linux-parity/linux-reference/fixtures/linux-c2-replay.c	9	libc/include/string.h	keep-root libc/include->include	#include <string.h>
p023	plan-records/include	plan/ws031/linux-parity/linux-reference/fixtures/linux-c2-replay.c	10	libc/include/errno.h	keep-root libc/include->include	#include <errno.h>
p023	plan-records/include	plan/ws031/linux-parity/linux-reference/fixtures/linux-c2-replay.c	11	libc/include/fcntl.h	keep-root libc/include->include	#include <fcntl.h>
p023	plan-records/include	plan/ws031/linux-parity/linux-reference/fixtures/linux-c2-replay.c	12	libc/include/unistd.h	keep-root libc/include->include	#include <unistd.h>
p023	plan-records/include	plan/ws031/linux-parity/linux-reference/fixtures/linux-c2-replay.c	13	libc/include/sys/ioctl.h	keep-root libc/include->include	#include <sys/ioctl.h>
p023	plan-records/include	plan/ws031/linux-parity/linux-reference/fixtures/linux-c2-replay.c	14	libc/include/sys/mman.h	keep-root libc/include->include	#include <sys/mman.h>
p023	plan-records/include	plan/ws031/linux-parity/linux-reference/i915-src/display/intel_display.c	29	libc/include/linux/input.h	keep-root libc/include->include	#include <linux/input.h>
p023	plan-records/include	plan/ws031/linux-parity/linux-reference/uapi-drm/drm.h	52	libc/include/stdint.h	keep-root libc/include->include	#include <stdint.h>
p023	plan-records/include	plan/ws031/linux-parity/linux-reference/uapi-drm/drm.h	54	libc/include/sys/types.h	keep-root libc/include->include	#include <sys/types.h>
p023	plan-records/include	plan/ws031/linux-parity/linux-reference/ubu-i915-src/display/intel_display.c	29	libc/include/linux/input.h	keep-root libc/include->include	#include <linux/input.h>
p023	plan-records/include	plan/ws031/linux-parity/linux-reference/ubu-uapi-drm/drm.h	52	libc/include/stdint.h	keep-root libc/include->include	#include <stdint.h>
p023	plan-records/include	plan/ws031/linux-parity/linux-reference/ubu-uapi-drm/drm.h	54	libc/include/sys/types.h	keep-root libc/include->include	#include <sys/types.h>
p023	plan-tests	plan/ws001/tests/credential-creation-request-host-test.mk	8	libc/include/	path	-I$(REPO)/include/uapi -I$(REPO)/src -I$(REPO)/libc/include -I$(REPO)
p023	plan-tests	plan/ws001/tests/credential-vfs-overlay-fault-host-test.mk	9	libc/include/	path	-I$(REPO)/include/uapi -I$(REPO)/src -I$(REPO)/libc/include -I$(REPO)
p023	plan-tests	plan/ws001/tests/credential-vfs-ufs-socket-fault-host-test.mk	9	libc/include/	path	-I$(REPO)/include/uapi -I$(REPO)/src -I$(REPO)/libc/include -I$(REPO)
p023	plan-tests	plan/ws001/tests/directory-fsync-host-test.mk	9	libc/include/	path	-I$(REPO)/include/uapi -I$(REPO)/src -I$(REPO)/libc/include -I$(REPO)
p023	plan-tests	plan/ws006/tests/README.md	37	libc/include/	path	cc -m64 -nostdinc -Ilibc/include -Iinclude/uapi -Iinclude \
p023	plan-tests	plan/ws006/tests/README.md	40	libc/include/	path	cc -m32 -nostdinc -Ilibc/include -Iinclude/uapi -Iinclude \
p023	plan-tests	plan/ws006/tests/audit-console-input.py	10	libc/include/	path	for directory in ['src', 'include', 'libc/include', 'userland/base', 'userland/X11']:
p023	plan-tests	plan/ws007/tests/README.md	43	libc/include/	path	-Iinclude -Iinclude/uapi -Isrc -Isrc/hal/i386 -Ilibc/include \
p023	plan-tests	plan/ws011/tests/overlay-publication-host-test.mk	10	libc/include/	path	-I$(REPO)/include/uapi -I$(REPO)/src -I$(REPO)/libc/include -I$(REPO)
p023	plan-tests	plan/ws011/tests/run-fat-write-cost-host-test.sh	17	libc/include/	path	-fdata-sections -Iinclude -Iinclude/uapi -Isrc -Ilibc/include -I. \
p023	plan-tests	plan/ws011/tests/run-fat-write-cursor-host-test.sh	17	libc/include/	path	-fdata-sections -Iinclude -Iinclude/uapi -Isrc -Ilibc/include -I. \
p023	plan-tests	plan/ws014/phase006/tests/run-wayland-abi.sh	24	libc/include/	path	-ffreestanding -nostdinc -Wall -Wextra -Werror -Ilibc/include -Iinclude \
p023	plan-tests	plan/ws014/phase006/tests/run-wayland-abi.sh	29	libc/include/	path	-I"$work/$variant" -I"$reference_core" -Ilibc/include -I/usr/include \
p023	plan-tests	plan/ws014/phase006/tests/run-wayland-client.sh	11	libc/include/	path	-Ilibc/include/wayland -idirafter libc/include -pthread $sources \
p023	plan-tests	plan/ws014/phase006/tests/run-wayland-client.sh	15	libc/include/	path	-Ilibc/include/wayland -idirafter libc/include -pthread \
p023	plan-tests	plan/ws014/phase009/renderer-quiesce/tests/run-guest.py	52	libc/include/	path	"-idirafter", str(repo / "libc/include"), str(overlay / name), "-o", str(executable)]
p023	plan-tests	plan/ws014/tests/run-venus-remote.py	38	libc/include/sys/socket.h	path	'userland/base/libc/pthread.c', 'libc/include/sys/socket.h',
p023	plan-tests	plan/ws014/tests/run-venus-remote.py	75	libc/include/	path	'libc/include/vulkan'],
p023	plan-tests	plan/ws014/tests/run-venus-remote.py	93	libc/include/	path	'userland/base/libwayland', 'libc/include/wayland',
p023	plan-tests	plan/ws014/tests/run-venus-remote.py	94	libc/include/	path	'userland/base/libvulkan', 'libc/include/vulkan'],
p023	plan-tests	plan/ws014/tests/run-venus-remote.py	100	libc/include/wayland-client.h	path	'libc/include/wayland-client.h', 'libc/include/wayland-client-core.h',
p023	plan-tests	plan/ws014/tests/run-venus-remote.py	100	libc/include/wayland-client-core.h	path	'libc/include/wayland-client.h', 'libc/include/wayland-client-core.h',
p023	plan-tests	plan/ws014/tests/run-venus-remote.py	101	libc/include/wayland-client-protocol.h	path	'libc/include/wayland-client-protocol.h', 'libc/include/wayland-util.h',
p023	plan-tests	plan/ws014/tests/run-venus-remote.py	101	libc/include/wayland-util.h	path	'libc/include/wayland-client-protocol.h', 'libc/include/wayland-util.h',
p023	plan-tests	plan/ws014/tests/run-venus-remote.py	102	libc/include/xdg-shell-client-protocol.h	path	'libc/include/xdg-shell-client-protocol.h',
p023	plan-tests	plan/ws014/tests/run-venus-remote.py	105	libc/include/errno.h	path	'include/drivers/gpu-share.h', 'libc/include/errno.h', 'libc/include/stddef.h', 'libc/string.c',
p023	plan-tests	plan/ws014/tests/run-venus-remote.py	105	libc/include/stddef.h	path	'include/drivers/gpu-share.h', 'libc/include/errno.h', 'libc/include/stddef.h', 'libc/string.c',
p023	plan-tests	plan/ws014/tests/run-venus-remote.py	128	libc/include/	path	'libc/include/wayland', 'userland/base/libvulkan', 'libc/include/vulkan'],
p023	plan-tests	plan/ws014/tests/run-wayland-wsi-test.sh	14	libc/include/	path	cc $flags -I"$output/include" -Ilibc/include/wayland -Iuserland/base/libvulkan \
p023	plan-tests	plan/ws014/tests/run-wayland-wsi-test.sh	17	libc/include/	path	cc $flags -I"$output/include" -Ilibc/include/wayland -Iuserland/base/libvulkan \
p023	plan-tests	plan/ws016/tests/run-system-swap-device-test.sh	13	libc/include/	path	"${CC:-cc}" -std=c11 -m32 -ffreestanding -Iinclude/uapi -Ilibc/include \
p023	plan-tests	plan/ws016/tests/run-system-swap-device-test.sh	16	libc/include/	path	"${CC:-cc}" -std=c11 -m64 -ffreestanding -Iinclude/uapi -Ilibc/include \
p023	plan-tests	plan/ws018/tests/run-storage-acceptance.py	48	libc/include/	path	"src/drivers/fs/fat.c"], ["-DKERN_USER_ABI_LP64", "-Ilibc/include"]),
p023	plan-tests	plan/ws018/tests/run-storage-acceptance.py	51	libc/include/	path	["-DKERN_USER_ABI_LP64", "-Ilibc/include", "-pthread"])]:
p023	plan-tests	plan/ws019/tests/run-boot-provenance-host.py	13	libc/include/	path	build=['cc','-std=c11','-O1','-g','-Wall','-Wextra','-Werror','-DKERN_USER_ABI_LP64','-ffunction-sections','-fdata-sections','-I.','-Iinclude','-Iinclude/uapi','-Isrc','-Ilibc/include',*extra,*sources,'-Wl,--gc-sections','-o',binary]
p023	plan-tests	plan/ws019/tests/run-growth-fat-host.py	13	libc/include/	path	build=['cc','-std=c11','-O1','-g','-Wall','-Wextra','-Werror','-DKERN_USER_ABI_LP64','-ffunction-sections','-fdata-sections','-I.','-Iinclude','-Iinclude/uapi','-Isrc','-Ilibc/include',*extra,*sources,'-Wl,--gc-sections','-o',binary]
p023	plan-tests	plan/ws019/tests/run-publication-fat-host.py	13	libc/include/	path	build=['cc','-std=c11','-O1','-g','-Wall','-Wextra','-Werror','-DKERN_USER_ABI_LP64','-ffunction-sections','-fdata-sections','-I.','-Iinclude','-Iinclude/uapi','-Isrc','-Ilibc/include',*extra,*sources,'-Wl,--gc-sections','-o',binary]
p023	plan-tests	plan/ws019/tests/run-publication-vfs-host.py	18	libc/include/	path	build=['cc','-std=c11','-O1','-g','-Wall','-Wextra','-Werror','-DKERN_USER_ABI_LP64','-DZEDBSD_STORAGE_HOST_TEST','-ffunction-sections','-fdata-sections','-I.','-Iinclude','-Iinclude/uapi','-Isrc','-Ilibc/include',*extra,*sources,bridge,'-pthread','-Wl,--gc-sections','-o',binary]
p023	plan-tests	plan/ws019/tests/run-ufs-file-extents-host.sh	16	libc/include/	path	-I. -Iinclude -Iinclude/uapi -Isrc -Ilibc/include \
p023	plan-tests	plan/ws024/tests/run-driver-host.py	21	libc/include/	path	flags=['cc',*abi,*san,'-std=c11','-O1','-g','-Wall','-Wextra','-Werror','-ffunction-sections','-fdata-sections','-I.','-Iinclude','-Iinclude/uapi','-Isrc','-Ilibc/include','-Iplan/ws018/tests','-Ibuild/driver-fragments/src/drivers/fs/ufs']
p023	plan-tests	plan/ws024/tests/run-width-host.py	9	libc/include/	path	args=['cc',*abi,'-std=c11','-O1','-Wall','-Wextra','-Werror','-ffreestanding','-fno-builtin','-fno-stack-protector','-fno-pie','-no-pie','-ffunction-sections','-fdata-sections','-nostdlib','-static','-I.','-Iinclude','-Iinclude/uapi','-Isrc','-Ilibc/include','plan/ws024/tests/ufs-width-host.c','plan
p023	plan-tests	plan/ws025/tests/run-allocation-journal-host.py	21	libc/include/	path	subprocess.run(['cc','-DKERN_USER_ABI_LP64',*extra,'-std=c11','-O1','-g','-Wall','-Wextra','-Werror','-ffunction-sections','-fdata-sections','-I.','-Iinclude','-Iinclude/uapi','-Isrc','-Ilibc/include','-Iplan/ws018/tests','-Ibuild/driver-fragments/src/drivers/fs/ufs','plan/ws025/tests
p023	plan-tests	plan/ws025/tests/run-arm64-fixed-entry-host.py	17	libc/include/	path	subprocess.run(['/usr/bin/clang','--target=aarch64-unknown-none','-ffreestanding','-nostdinc','-Ilibc/include','-Iinclude','-Iinclude/uapi','-DHAL_ARCH_ARM64','-fsyntax-only',paths[0]],cwd=repo,stdout=log,stderr=subprocess.STDOUT,check=True)
p023	plan-tests	plan/ws025/tests/run-async-bio-host.py	27	libc/include/	path	build=['cc','-std=c11','-O1','-g','-Wall','-Wextra','-Werror','-DKERN_USER_ABI_LP64','-DZEDBSD_STORAGE_HOST_TEST','-ffunction-sections','-fdata-sections','-I.','-Iinclude','-Iinclude/uapi','-Isrc','-Ilibc/include','-I'+str(out),*extra,*sources,bridge,exit_bridge,'-pthread','-Wl,--gc-sections','-o',b
p023	plan-tests	plan/ws025/tests/run-buffer-media-host.py	30	libc/include/	path	run(mode+'-build',['cc','-std=c11','-O1','-g','-Wall','-Wextra','-Werror','-DKERN_USER_ABI_LP64','-ffunction-sections','-fdata-sections','-I.','-Iinclude','-Iinclude/uapi','-Isrc','-Ilibc/include','-I'+str(out),*extra,'plan/ws025/tests/buffer-media-host.c', 'src/kern/io.c',bridge,'-pthread','-Wl,--g
p023	plan-tests	plan/ws025/tests/run-buffer-run-host.py	30	libc/include/	path	run(mode+'-build',['cc','-std=c11','-O1','-g','-Wall','-Wextra','-Werror','-DKERN_USER_ABI_LP64','-ffunction-sections','-fdata-sections','-I.','-Iinclude','-Iinclude/uapi','-Isrc','-Ilibc/include','-I'+str(out),*extra,'plan/ws025/tests/buffer-run-host.c', 'src/kern/io-stats.c',bridge,'-pthread','-Wl
p023	plan-tests	plan/ws025/tests/run-cache-buffer-host.py	30	libc/include/	path	run(mode+'-build',['cc','-std=c11','-O1','-g','-Wall','-Wextra','-Werror','-DKERN_USER_ABI_LP64','-ffunction-sections','-fdata-sections','-I.','-Iinclude','-Iinclude/uapi','-Isrc','-Ilibc/include','-I'+str(out),*extra,'plan/ws025/tests/cache-buffer-host.c', 'src/kern/cache-memory.c', 'src/kern/io-st
p023	plan-tests	plan/ws025/tests/run-disk-media-host.py	9	libc/include/	path	args=['cc','-std=c11','-O1','-g','-Wall','-Wextra','-Werror','-ffunction-sections','-fdata-sections','-DKERN_USER_ABI_LP64','-DZEDBSD_STORAGE_HOST_TEST','-I.','-Iinclude','-Iinclude/uapi','-Isrc','-Ilibc/include',*flags,'plan/ws025/tests/disk-media-host.c','src/drivers/disklabel/mbr.c','src/kern/io-
p023	plan-tests	plan/ws025/tests/run-disk-vector-host.py	9	libc/include/	path	args=['cc','-std=c11','-O1','-g','-Wall','-Wextra','-Werror','-ffunction-sections','-fdata-sections','-DKERN_USER_ABI_LP64','-DZEDBSD_STORAGE_HOST_TEST','-I.','-Iinclude','-Iinclude/uapi','-Isrc','-Ilibc/include',*flags,'plan/ws025/tests/disk-vector-host.c','src/drivers/disklabel/mbr.c','src/kern/io
p023	plan-tests	plan/ws025/tests/run-fat-batch-host.py	30	libc/include/	path	'-Iinclude', '-Iinclude/uapi', '-Isrc', '-Ilibc/include', '-I.',
p023	plan-tests	plan/ws025/tests/run-fat-cache-host.py	14	libc/include/	path	build=['cc','-std=c11','-O1','-g','-Wall','-Wextra','-Werror','-DKERN_USER_ABI_LP64','-ffunction-sections','-fdata-sections','-I.','-Iinclude','-Iinclude/uapi','-Isrc','-Ilibc/include',*extra,*sources,'-Wl,--gc-sections','-o',binary]
p023	plan-tests	plan/ws025/tests/run-fat-cache-private-host.py	14	libc/include/	path	build=['cc','-std=c11','-O1','-g','-Wall','-Wextra','-Werror','-DKERN_USER_ABI_LP64','-ffunction-sections','-fdata-sections','-I.','-Iinclude','-Iinclude/uapi','-Isrc','-Ilibc/include',*extra,*sources,'-Wl,--gc-sections','-o',binary]
p023	plan-tests	plan/ws025/tests/run-flush-frontier-host.py	18	libc/include/	path	build=['cc','-std=c11','-O1','-g','-Wall','-Wextra','-Werror','-DKERN_USER_ABI_LP64','-DZEDBSD_STORAGE_HOST_TEST','-ffunction-sections','-fdata-sections','-I.','-Iinclude','-Iinclude/uapi','-Isrc','-Ilibc/include',*extra,*sources,bridge,'-pthread','-Wl,--gc-sections','-o',binary]
p023	plan-tests	plan/ws025/tests/run-io-observation-host.py	47	libc/include/	path	f"-DUFS_AUDIT_VERSION={version}", "-Ilibc/include", "-pthread",
p023	plan-tests	plan/ws025/tests/run-journal-crash-host.py	26	libc/include/	path	'-Iinclude/uapi', '-Isrc', '-DKERN_USER_ABI_LP64', '-Ilibc/include',
p023	plan-tests	plan/ws025/tests/run-journal-crash-host.py	36	libc/include/	path	'-Iinclude/uapi', '-Isrc', '-DKERN_USER_ABI_LP64', '-Ilibc/include',
p023	plan-tests	plan/ws025/tests/run-m68k-fixed-entry-host.py	42	libc/include/	path	'-nostdinc', '-Ilibc/include', '-Iinclude', '-Iinclude/uapi',
p023	plan-tests	plan/ws025/tests/run-nvme-pipeline-host.py	20	libc/include/	path	cmd = ['cc', '-std=c11', '-O1', '-g', '-Wall', '-Wextra', '-Werror', '-Wno-unused-function', '-DKERN_USER_ABI_LP64', f'-DNVME_IO_PIPELINE_DEPTH={depth}', '-ffunction-sections', '-fdata-sections', '-I.', '-Iinclude', '-Iinclude/uapi', '-Isrc', '-Ilibc/include', '-I'+str(out), *extra, 'plan/ws025/test
p023	plan-tests	plan/ws025/tests/run-readahead-worker-host.py	18	libc/include/	path	build=['cc','-std=c11','-O1','-g','-Wall','-Wextra','-Werror','-DKERN_USER_ABI_LP64','-Dsched_yield=shutdown_test_yield','-ffunction-sections','-fdata-sections','-I.','-Iinclude','-Iinclude/uapi','-Isrc','-Ilibc/include','-I'+str(out),*extra,*sources,*bridges,'-pthread','-Wl,--gc-sections','-o',bina
p023	plan-tests	plan/ws025/tests/run-ufs-allocation-batch.py	22	libc/include/	path	*extra, '-I.', '-Iinclude', '-Iinclude/uapi', '-Isrc', '-Ilibc/include',
p023	plan-tests	plan/ws025/tests/run-ufs-metadata-host.py	47	libc/include/	path	f"-DUFS_AUDIT_VERSION={version}", "-Ilibc/include", "-pthread",
p023	plan-tests	plan/ws025/tests/run-ufs-run-host.py	47	libc/include/	path	f"-DUFS_AUDIT_VERSION={version}", "-Ilibc/include", "-pthread",
p023	plan-tests	plan/ws025/tests/run-writeback-policy-host.py	21	libc/include/	path	build=['cc','-std=c11','-O1','-g','-Wall','-Wextra','-Werror','-DKERN_USER_ABI_LP64','-ffunction-sections','-fdata-sections','-I.','-Iinclude','-Iinclude/uapi','-Isrc','-Ilibc/include','-I'+str(out),*extra,*sources,*bridges,'-pthread','-Wl,--gc-sections','-o',binary]
p023	plan-tests	plan/ws025/tests/run-writeback-unmount-vfs-host.py	18	libc/include/	path	build=['cc','-std=c11','-O1','-g','-Wall','-Wextra','-Werror','-DKERN_USER_ABI_LP64','-DZEDBSD_STORAGE_HOST_TEST','-ffunction-sections','-fdata-sections','-I.','-Iinclude','-Iinclude/uapi','-Isrc','-Ilibc/include',*extra,*sources,bridge,'-pthread','-Wl,--gc-sections','-o',binary]
p023	plan-tests	plan/ws030/tests/run-vulkan-abi.sh	15	libc/include/vulkan/vulkan_core.h	path	libc/include/vulkan/vulkan_core.h "$work/measure.c"
p023	plan-tests	plan/ws030/tests/run-vulkan-abi.sh	19	libc/include/	path	-std=c89 -Wall -Wextra -Werror -Wno-comment -I"$work/$variant" -Ilibc/include -I/usr/include \
p023	plan-tests	plan/ws030/tests/vulkan-abi-source.noct	19	libc/include/vulkan/vulkan_external.h	path	var input = lines(FileUtil.readText(args[0]) + FileUtil.readText("libc/include/vulkan/vulkan_external.h")); var record = ""; var enumRecord = false;
p023	plan-tests	plan/ws031/tests/display-host-lib.sh	18	libc/include/	path	I915_HOST_BASE="-std=gnu11 -O1 -g -fno-omit-frame-pointer -DKERN_USER_ABI_LP64 -Iinclude -Isrc -I. -idirafter libc/include \
p023	plan-tests	plan/ws035/tests/kernel-include-audit.py	15	libc/include/	path	libc       libc/include/<R> or <sysroot>/usr/include/<R> (R not uapi/)
p023	plan-tests	plan/ws035/tests/kernel-include-audit.py	23	libc/include/	path	allowlist: after libc/include moves to include/, the same audit must report
p023	plan-tests	plan/ws035/tests/kernel-include-audit.py	24	libc/include/	path	the same libc header set per object class (with libc/include/R read as
p023	plan-tests	plan/ws035/tests/kernel-include-audit.py	86	libc/include/	path	if p.startswith("libc/include/"):
p023	plan-tests	plan/ws035/tests/kernel-include-audit.py	87	libc/include/	path	return "libc", p[len("libc/include/"):]
p023	plan-tests	plan/ws035/tests/refactor-refs.py	10	libc/include/	path	p003  libc/* (not libc/include)          -> src/libc/*
p023	plan-tests	plan/ws035/tests/refactor-refs.py	11	libc/include/	path	p023  libc/include/*                     -> include/*
p023	plan-tests	plan/ws035/tests/refactor-refs.py	103	libc/include/	path	ROOTS = ["include", "src", ".", "libc/include"]
p023	plan-tests	plan/ws035/tests/refactor-refs.py	138	libc/include/	path	elif f.startswith("libc/include/"):
p023	plan-tests	plan/ws035/tests/refactor-refs.py	139	libc/include/	path	moves.append(("p023", f, "include/" + f[len("libc/include/"):], ""))
p023	plan-tests	plan/ws035/tests/refactor-refs.py	230	libc/include/	path	the old root no longer does, e.g. libc/include -> include)."""
p023	plan-tests	plan/ws035/tests/refactor-refs.py	374	libc/include/	path	"libc/include": "p023", "libc/regex": "p003",
p023	plan-tests	plan/ws035/tests/refactor-refs.py	418	libc/include/	path	# p023: the top level names of libc/include against include/
p023	plan-tests	plan/ws035/tests/refactor-refs.py	569	libc/include/	path	"p023": "p023: `libc/include/*` → `include/*`",
p023	plan-tests	plan/ws035/tests/refactor-refs.py	595	libc/include/	path	lines += ["", "ディレクトリ単位の参照（`-Ilibc/include`、`libc/%.c` など）:", "",
p023	plan-tests/include	plan/ws001/tests/base-command-host-test.c	5	libc/include/assert.h	keep-root libc/include->include	#include <assert.h>
p023	plan-tests/include	plan/ws001/tests/base-command-host-test.c	6	libc/include/errno.h	keep-root libc/include->include	#include <errno.h>
p023	plan-tests/include	plan/ws001/tests/base-command-host-test.c	7	libc/include/stdio.h	keep-root libc/include->include	#include <stdio.h>
p023	plan-tests/include	plan/ws001/tests/base-command-host-test.c	8	libc/include/stdlib.h	keep-root libc/include->include	#include <stdlib.h>
p023	plan-tests/include	plan/ws001/tests/base-command-host-test.c	9	libc/include/string.h	keep-root libc/include->include	#include <string.h>
p023	plan-tests/include	plan/ws001/tests/base-command-host-test.c	10	libc/include/unistd.h	keep-root libc/include->include	#include <unistd.h>
p023	plan-tests/include	plan/ws001/tests/credential-creation-request-host-test.c	9	libc/include/errno.h	keep-root libc/include->include	#include <errno.h>
p023	plan-tests/include	plan/ws001/tests/credential-creation-request-host-test.c	10	libc/include/stdio.h	keep-root libc/include->include	#include <stdio.h>
p023	plan-tests/include	plan/ws001/tests/credential-creation-request-host-test.c	11	libc/include/stdlib.h	keep-root libc/include->include	#include <stdlib.h>
p023	plan-tests/include	plan/ws001/tests/credential-creation-request-host-test.c	12	libc/include/string.h	keep-root libc/include->include	#include <string.h>
p023	plan-tests/include	plan/ws001/tests/credential-vfs-native.c	6	libc/include/sys/mount.h	keep-root libc/include->include	#include <sys/mount.h>
p023	plan-tests/include	plan/ws001/tests/credential-vfs-native.c	7	libc/include/sys/socket.h	keep-root libc/include->include	#include <sys/socket.h>
p023	plan-tests/include	plan/ws001/tests/credential-vfs-native.c	8	libc/include/sys/stat.h	keep-root libc/include->include	#include <sys/stat.h>
p023	plan-tests/include	plan/ws001/tests/credential-vfs-native.c	9	libc/include/sys/un.h	keep-root libc/include->include	#include <sys/un.h>
p023	plan-tests/include	plan/ws001/tests/credential-vfs-native.c	10	libc/include/sys/wait.h	keep-root libc/include->include	#include <sys/wait.h>
p023	plan-tests/include	plan/ws001/tests/credential-vfs-native.c	12	libc/include/errno.h	keep-root libc/include->include	#include <errno.h>
p023	plan-tests/include	plan/ws001/tests/credential-vfs-native.c	13	libc/include/fcntl.h	keep-root libc/include->include	#include <fcntl.h>
p023	plan-tests/include	plan/ws001/tests/credential-vfs-native.c	14	libc/include/stdio.h	keep-root libc/include->include	#include <stdio.h>
p023	plan-tests/include	plan/ws001/tests/credential-vfs-native.c	15	libc/include/string.h	keep-root libc/include->include	#include <string.h>
p023	plan-tests/include	plan/ws001/tests/credential-vfs-native.c	16	libc/include/unistd.h	keep-root libc/include->include	#include <unistd.h>
p023	plan-tests/include	plan/ws001/tests/credential-vfs-overlay-fault-host-test.c	16	libc/include/errno.h	keep-root libc/include->include	#include <errno.h>
p023	plan-tests/include	plan/ws001/tests/credential-vfs-overlay-fault-host-test.c	17	libc/include/fcntl.h	keep-root libc/include->include	#include <fcntl.h>
p023	plan-tests/include	plan/ws001/tests/credential-vfs-overlay-fault-host-test.c	18	libc/include/stdint.h	keep-root libc/include->include	#include <stdint.h>
p023	plan-tests/include	plan/ws001/tests/credential-vfs-overlay-fault-host-test.c	19	libc/include/stdio.h	keep-root libc/include->include	#include <stdio.h>
p023	plan-tests/include	plan/ws001/tests/credential-vfs-overlay-fault-host-test.c	20	libc/include/stdlib.h	keep-root libc/include->include	#include <stdlib.h>
p023	plan-tests/include	plan/ws001/tests/credential-vfs-overlay-fault-host-test.c	21	libc/include/string.h	keep-root libc/include->include	#include <string.h>
p023	plan-tests/include	plan/ws001/tests/credential-vfs-ufs-socket-fault-host-test.c	21	libc/include/errno.h	keep-root libc/include->include	#include <errno.h>
p023	plan-tests/include	plan/ws001/tests/credential-vfs-ufs-socket-fault-host-test.c	22	libc/include/stdint.h	keep-root libc/include->include	#include <stdint.h>
p023	plan-tests/include	plan/ws001/tests/credential-vfs-ufs-socket-fault-host-test.c	23	libc/include/stdio.h	keep-root libc/include->include	#include <stdio.h>
p023	plan-tests/include	plan/ws001/tests/credential-vfs-ufs-socket-fault-host-test.c	24	libc/include/stdlib.h	keep-root libc/include->include	#include <stdlib.h>
p023	plan-tests/include	plan/ws001/tests/credential-vfs-ufs-socket-fault-host-test.c	25	libc/include/string.h	keep-root libc/include->include	#include <string.h>
p023	plan-tests/include	plan/ws001/tests/directory-fsync-host-test.c	25	libc/include/errno.h	keep-root libc/include->include	#include <errno.h>
p023	plan-tests/include	plan/ws001/tests/directory-fsync-host-test.c	26	libc/include/fcntl.h	keep-root libc/include->include	#include <fcntl.h>
p023	plan-tests/include	plan/ws001/tests/directory-fsync-host-test.c	27	libc/include/stdint.h	keep-root libc/include->include	#include <stdint.h>
p023	plan-tests/include	plan/ws001/tests/directory-fsync-host-test.c	28	libc/include/stdio.h	keep-root libc/include->include	#include <stdio.h>
p023	plan-tests/include	plan/ws001/tests/directory-fsync-host-test.c	29	libc/include/stdlib.h	keep-root libc/include->include	#include <stdlib.h>
p023	plan-tests/include	plan/ws001/tests/directory-fsync-host-test.c	30	libc/include/string.h	keep-root libc/include->include	#include <string.h>
p023	plan-tests/include	plan/ws001/tests/sh-job-control-hooks.c	5	libc/include/errno.h	keep-root libc/include->include	#include <errno.h>
p023	plan-tests/include	plan/ws001/tests/sh-job-control-hooks.c	6	libc/include/fcntl.h	keep-root libc/include->include	#include <fcntl.h>
p023	plan-tests/include	plan/ws001/tests/sh-job-control-hooks.c	7	libc/include/poll.h	keep-root libc/include->include	#include <poll.h>
p023	plan-tests/include	plan/ws001/tests/sh-job-control-hooks.c	8	libc/include/signal.h	keep-root libc/include->include	#include <signal.h>
p023	plan-tests/include	plan/ws001/tests/sh-job-control-hooks.c	9	libc/include/spawn.h	keep-root libc/include->include	#include <spawn.h>
p023	plan-tests/include	plan/ws001/tests/sh-job-control-hooks.c	10	libc/include/stdarg.h	keep-root libc/include->include	#include <stdarg.h>
p023	plan-tests/include	plan/ws001/tests/sh-job-control-hooks.c	11	libc/include/stdio.h	keep-root libc/include->include	#include <stdio.h>
p023	plan-tests/include	plan/ws001/tests/sh-job-control-hooks.c	12	libc/include/stdlib.h	keep-root libc/include->include	#include <stdlib.h>
p023	plan-tests/include	plan/ws001/tests/sh-job-control-hooks.c	13	libc/include/string.h	keep-root libc/include->include	#include <string.h>
p023	plan-tests/include	plan/ws001/tests/sh-job-control-hooks.c	14	libc/include/sys/stat.h	keep-root libc/include->include	#include <sys/stat.h>
p023	plan-tests/include	plan/ws001/tests/sh-job-control-hooks.c	15	libc/include/sys/types.h	keep-root libc/include->include	#include <sys/types.h>
p023	plan-tests/include	plan/ws001/tests/sh-job-control-hooks.c	16	libc/include/sys/wait.h	keep-root libc/include->include	#include <sys/wait.h>
p023	plan-tests/include	plan/ws001/tests/sh-job-control-hooks.c	17	libc/include/unistd.h	keep-root libc/include->include	#include <unistd.h>
p023	plan-tests/include	plan/ws001/tests/sh-job-control-probe.c	2	libc/include/errno.h	keep-root libc/include->include	#include <errno.h>
p023	plan-tests/include	plan/ws001/tests/sh-job-control-probe.c	3	libc/include/fcntl.h	keep-root libc/include->include	#include <fcntl.h>
p023	plan-tests/include	plan/ws001/tests/sh-job-control-probe.c	4	libc/include/signal.h	keep-root libc/include->include	#include <signal.h>
p023	plan-tests/include	plan/ws001/tests/sh-job-control-probe.c	5	libc/include/stdio.h	keep-root libc/include->include	#include <stdio.h>
p023	plan-tests/include	plan/ws001/tests/sh-job-control-probe.c	6	libc/include/stdlib.h	keep-root libc/include->include	#include <stdlib.h>
p023	plan-tests/include	plan/ws001/tests/sh-job-control-probe.c	7	libc/include/string.h	keep-root libc/include->include	#include <string.h>
p023	plan-tests/include	plan/ws001/tests/sh-job-control-probe.c	8	libc/include/sys/types.h	keep-root libc/include->include	#include <sys/types.h>
p023	plan-tests/include	plan/ws001/tests/sh-job-control-probe.c	9	libc/include/unistd.h	keep-root libc/include->include	#include <unistd.h>
p023	plan-tests/include	plan/ws001/tests/sh-job-control-pty.c	5	libc/include/errno.h	keep-root libc/include->include	#include <errno.h>
p023	plan-tests/include	plan/ws001/tests/sh-job-control-pty.c	6	libc/include/fcntl.h	keep-root libc/include->include	#include <fcntl.h>
p023	plan-tests/include	plan/ws001/tests/sh-job-control-pty.c	7	libc/include/poll.h	keep-root libc/include->include	#include <poll.h>
p023	plan-tests/include	plan/ws001/tests/sh-job-control-pty.c	8	libc/include/pty.h	keep-root libc/include->include	#include <pty.h>
p023	plan-tests/include	plan/ws001/tests/sh-job-control-pty.c	9	libc/include/signal.h	keep-root libc/include->include	#include <signal.h>
p023	plan-tests/include	plan/ws001/tests/sh-job-control-pty.c	10	libc/include/stdio.h	keep-root libc/include->include	#include <stdio.h>
p023	plan-tests/include	plan/ws001/tests/sh-job-control-pty.c	11	libc/include/stdlib.h	keep-root libc/include->include	#include <stdlib.h>
p023	plan-tests/include	plan/ws001/tests/sh-job-control-pty.c	12	libc/include/string.h	keep-root libc/include->include	#include <string.h>
p023	plan-tests/include	plan/ws001/tests/sh-job-control-pty.c	13	libc/include/sys/types.h	keep-root libc/include->include	#include <sys/types.h>
p023	plan-tests/include	plan/ws001/tests/sh-job-control-pty.c	14	libc/include/sys/wait.h	keep-root libc/include->include	#include <sys/wait.h>
p023	plan-tests/include	plan/ws001/tests/sh-job-control-pty.c	15	libc/include/unistd.h	keep-root libc/include->include	#include <unistd.h>
p023	plan-tests/include	plan/ws001/tests/unix-socket-publication-contract-test.c	8	libc/include/stdio.h	keep-root libc/include->include	#include <stdio.h>
p023	plan-tests/include	plan/ws001/tests/unix-socket-publication-contract-test.c	9	libc/include/stdlib.h	keep-root libc/include->include	#include <stdlib.h>
p023	plan-tests/include	plan/ws001/tests/unix-socket-publication-contract-test.c	10	libc/include/string.h	keep-root libc/include->include	#include <string.h>
p023	plan-tests/include	plan/ws002/tests/heap-trace-validator.c	2	libc/include/assert.h	keep-root libc/include->include	#include <assert.h>
p023	plan-tests/include	plan/ws002/tests/heap-trace-validator.c	3	libc/include/stdint.h	keep-root libc/include->include	#include <stdint.h>
p023	plan-tests/include	plan/ws002/tests/heap-trace-validator.c	4	libc/include/stdio.h	keep-root libc/include->include	#include <stdio.h>
p023	plan-tests/include	plan/ws002/tests/heap-trace-validator.c	5	libc/include/stdlib.h	keep-root libc/include->include	#include <stdlib.h>
p023	plan-tests/include	plan/ws002/tests/missing-login-lifecycle.c	3	libc/include/errno.h	keep-root libc/include->include	#include <errno.h>
p023	plan-tests/include	plan/ws002/tests/missing-login-lifecycle.c	4	libc/include/fcntl.h	keep-root libc/include->include	#include <fcntl.h>
p023	plan-tests/include	plan/ws002/tests/missing-login-lifecycle.c	5	libc/include/inttypes.h	keep-root libc/include->include	#include <inttypes.h>
p023	plan-tests/include	plan/ws002/tests/missing-login-lifecycle.c	6	libc/include/stdio.h	keep-root libc/include->include	#include <stdio.h>
p023	plan-tests/include	plan/ws002/tests/missing-login-lifecycle.c	7	libc/include/stdlib.h	keep-root libc/include->include	#include <stdlib.h>
p023	plan-tests/include	plan/ws002/tests/missing-login-lifecycle.c	8	libc/include/string.h	keep-root libc/include->include	#include <string.h>
p023	plan-tests/include	plan/ws002/tests/missing-login-lifecycle.c	9	libc/include/utmpx.h	keep-root libc/include->include	#include <utmpx.h>
p023	plan-tests/include	plan/ws002/tests/missing-login-lifecycle.c	10	libc/include/sys/ioctl.h	keep-root libc/include->include	#include <sys/ioctl.h>
p023	plan-tests/include	plan/ws002/tests/missing-login-lifecycle.c	11	libc/include/sys/wait.h	keep-root libc/include->include	#include <sys/wait.h>
p023	plan-tests/include	plan/ws002/tests/missing-login-lifecycle.c	12	libc/include/termios.h	keep-root libc/include->include	#include <termios.h>
p023	plan-tests/include	plan/ws002/tests/missing-login-lifecycle.c	13	libc/include/unistd.h	keep-root libc/include->include	#include <unistd.h>
p023	plan-tests/include	plan/ws002/tests/usb-submit-commit-handoff-test.c	10	libc/include/stdbool.h	keep-root libc/include->include	#include <stdbool.h>
p023	plan-tests/include	plan/ws002/tests/usb-submit-commit-handoff-test.c	11	libc/include/stdio.h	keep-root libc/include->include	#include <stdio.h>
p023	plan-tests/include	plan/ws002/tests/usb-submit-commit-handoff-test.c	12	libc/include/stdlib.h	keep-root libc/include->include	#include <stdlib.h>
p023	plan-tests/include	plan/ws002/tests/usb-submit-commit-handoff-test.c	13	libc/include/string.h	keep-root libc/include->include	#include <string.h>
p023	plan-tests/include	plan/ws003/tests/acpi-window-test.c	5	libc/include/assert.h	keep-root libc/include->include	#include <assert.h>
p023	plan-tests/include	plan/ws003/tests/acpi-window-test.c	6	libc/include/limits.h	keep-root libc/include->include	#include <limits.h>
p023	plan-tests/include	plan/ws003/tests/acpi-window-test.c	7	libc/include/stdint.h	keep-root libc/include->include	#include <stdint.h>
p023	plan-tests/include	plan/ws003/tests/acpi-window-test.c	8	libc/include/stdio.h	keep-root libc/include->include	#include <stdio.h>
p023	plan-tests/include	plan/tools/boot-parameter-image-tool.c	6	libc/include/errno.h	keep-root libc/include->include	#include <errno.h>
p023	plan-tests/include	plan/tools/boot-parameter-image-tool.c	7	libc/include/fcntl.h	keep-root libc/include->include	#include <fcntl.h>
p023	plan-tests/include	plan/tools/boot-parameter-image-tool.c	8	libc/include/stdint.h	keep-root libc/include->include	#include <stdint.h>
p023	plan-tests/include	plan/tools/boot-parameter-image-tool.c	9	libc/include/stdio.h	keep-root libc/include->include	#include <stdio.h>
p023	plan-tests/include	plan/tools/boot-parameter-image-tool.c	10	libc/include/stdlib.h	keep-root libc/include->include	#include <stdlib.h>
p023	plan-tests/include	plan/tools/boot-parameter-image-tool.c	11	libc/include/string.h	keep-root libc/include->include	#include <string.h>
p023	plan-tests/include	plan/tools/boot-parameter-image-tool.c	12	libc/include/sys/stat.h	keep-root libc/include->include	#include <sys/stat.h>
p023	plan-tests/include	plan/tools/boot-parameter-image-tool.c	13	libc/include/sys/types.h	keep-root libc/include->include	#include <sys/types.h>
p023	plan-tests/include	plan/tools/boot-parameter-image-tool.c	14	libc/include/unistd.h	keep-root libc/include->include	#include <unistd.h>
p023	plan-tests/include	plan/ws003/tests/boot-parameter-swap-exercise.c	4	libc/include/fcntl.h	keep-root libc/include->include	#include <fcntl.h>
p023	plan-tests/include	plan/ws003/tests/boot-parameter-swap-exercise.c	5	libc/include/errno.h	keep-root libc/include->include	#include <errno.h>
p023	plan-tests/include	plan/ws003/tests/boot-parameter-swap-exercise.c	6	libc/include/signal.h	keep-root libc/include->include	#include <signal.h>
p023	plan-tests/include	plan/ws003/tests/boot-parameter-swap-exercise.c	7	libc/include/stdint.h	keep-root libc/include->include	#include <stdint.h>
p023	plan-tests/include	plan/ws003/tests/boot-parameter-swap-exercise.c	8	libc/include/stdio.h	keep-root libc/include->include	#include <stdio.h>
p023	plan-tests/include	plan/ws003/tests/boot-parameter-swap-exercise.c	9	libc/include/sys/ioctl.h	keep-root libc/include->include	#include <sys/ioctl.h>
p023	plan-tests/include	plan/ws003/tests/boot-parameter-swap-exercise.c	10	libc/include/sys/mman.h	keep-root libc/include->include	#include <sys/mman.h>
p023	plan-tests/include	plan/ws003/tests/boot-parameter-swap-exercise.c	11	libc/include/unistd.h	keep-root libc/include->include	#include <unistd.h>
p023	plan-tests/include	plan/ws003/tests/boot-parameters-test.c	5	libc/include/assert.h	keep-root libc/include->include	#include <assert.h>
p023	plan-tests/include	plan/ws003/tests/boot-parameters-test.c	6	libc/include/errno.h	keep-root libc/include->include	#include <errno.h>
p023	plan-tests/include	plan/ws003/tests/boot-parameters-test.c	7	libc/include/stdio.h	keep-root libc/include->include	#include <stdio.h>
p023	plan-tests/include	plan/ws003/tests/boot-parameters-test.c	8	libc/include/string.h	keep-root libc/include->include	#include <string.h>
p023	plan-tests/include	plan/ws003/tests/boot-source-test.c	7	libc/include/assert.h	keep-root libc/include->include	#include <assert.h>
p023	plan-tests/include	plan/ws003/tests/boot-source-test.c	8	libc/include/errno.h	keep-root libc/include->include	#include <errno.h>
p023	plan-tests/include	plan/ws003/tests/boot-source-test.c	9	libc/include/stdio.h	keep-root libc/include->include	#include <stdio.h>
p023	plan-tests/include	plan/ws003/tests/boot-source-test.c	10	libc/include/string.h	keep-root libc/include->include	#include <string.h>
p023	plan-tests/include	plan/ws003/tests/dma-allocation-lock-test.c	10	libc/include/assert.h	keep-root libc/include->include	#include <assert.h>
p023	plan-tests/include	plan/ws003/tests/dma-allocation-lock-test.c	11	libc/include/errno.h	keep-root libc/include->include	#include <errno.h>
p023	plan-tests/include	plan/ws003/tests/dma-allocation-lock-test.c	12	libc/include/pthread.h	keep-root libc/include->include	#include <pthread.h>
p023	plan-tests/include	plan/ws003/tests/dma-allocation-lock-test.c	13	libc/include/stdint.h	keep-root libc/include->include	#include <stdint.h>
p023	plan-tests/include	plan/ws003/tests/dma-allocation-lock-test.c	14	libc/include/stdio.h	keep-root libc/include->include	#include <stdio.h>
p023	plan-tests/include	plan/ws003/tests/dma-allocation-lock-test.c	15	libc/include/stdlib.h	keep-root libc/include->include	#include <stdlib.h>
p023	plan-tests/include	plan/ws003/tests/dma-allocation-lock-test.c	16	libc/include/string.h	keep-root libc/include->include	#include <string.h>
p023	plan-tests/include	plan/ws003/tests/early-init-policy-test.c	7	libc/include/assert.h	keep-root libc/include->include	#include <assert.h>
p023	plan-tests/include	plan/ws003/tests/early-init-policy-test.c	8	libc/include/pthread.h	keep-root libc/include->include	#include <pthread.h>
p023	plan-tests/include	plan/ws003/tests/early-init-policy-test.c	9	libc/include/stdio.h	keep-root libc/include->include	#include <stdio.h>
p023	plan-tests/include	plan/ws003/tests/early-init-policy-test.c	10	libc/include/string.h	keep-root libc/include->include	#include <string.h>
p023	plan-tests/include	plan/ws003/tests/swap-source-test.c	11	libc/include/assert.h	keep-root libc/include->include	#include <assert.h>
p023	plan-tests/include	plan/ws003/tests/swap-source-test.c	12	libc/include/errno.h	keep-root libc/include->include	#include <errno.h>
p023	plan-tests/include	plan/ws003/tests/swap-source-test.c	13	libc/include/fcntl.h	keep-root libc/include->include	#include <fcntl.h>
p023	plan-tests/include	plan/ws003/tests/swap-source-test.c	14	libc/include/pthread.h	keep-root libc/include->include	#include <pthread.h>
p023	plan-tests/include	plan/ws003/tests/swap-source-test.c	15	libc/include/stdarg.h	keep-root libc/include->include	#include <stdarg.h>
p023	plan-tests/include	plan/ws003/tests/swap-source-test.c	16	libc/include/stdint.h	keep-root libc/include->include	#include <stdint.h>
p023	plan-tests/include	plan/ws003/tests/swap-source-test.c	17	libc/include/stdio.h	keep-root libc/include->include	#include <stdio.h>
p023	plan-tests/include	plan/ws003/tests/swap-source-test.c	18	libc/include/stdlib.h	keep-root libc/include->include	#include <stdlib.h>
p023	plan-tests/include	plan/ws003/tests/swap-source-test.c	19	libc/include/string.h	keep-root libc/include->include	#include <string.h>
p023	plan-tests/include	plan/ws003/tests/uefi-memory-map-test.c	2	libc/include/stdint.h	keep-root libc/include->include	#include <stdint.h>
p023	plan-tests/include	plan/ws003/tests/uefi-memory-map-test.c	3	libc/include/stdio.h	keep-root libc/include->include	#include <stdio.h>
p023	plan-tests/include	plan/ws003/tests/uefi-memory-map-test.c	4	libc/include/string.h	keep-root libc/include->include	#include <string.h>
p023	plan-tests/include	plan/ws003/tests/usb-hcd-unregister-test.c	9	libc/include/assert.h	keep-root libc/include->include	#include <assert.h>
p023	plan-tests/include	plan/ws003/tests/usb-hcd-unregister-test.c	10	libc/include/errno.h	keep-root libc/include->include	#include <errno.h>
p023	plan-tests/include	plan/ws003/tests/usb-hcd-unregister-test.c	11	libc/include/stdarg.h	keep-root libc/include->include	#include <stdarg.h>
p023	plan-tests/include	plan/ws003/tests/usb-hcd-unregister-test.c	12	libc/include/stdint.h	keep-root libc/include->include	#include <stdint.h>
p023	plan-tests/include	plan/ws003/tests/usb-hcd-unregister-test.c	13	libc/include/stdio.h	keep-root libc/include->include	#include <stdio.h>
p023	plan-tests/include	plan/ws003/tests/usb-hcd-unregister-test.c	14	libc/include/stdlib.h	keep-root libc/include->include	#include <stdlib.h>
p023	plan-tests/include	plan/ws003/tests/usb-hcd-unregister-test.c	15	libc/include/string.h	keep-root libc/include->include	#include <string.h>
p023	plan-tests/include	plan/ws003/tests/usb-storage-flush-test.c	5	libc/include/assert.h	keep-root libc/include->include	#include <assert.h>
p023	plan-tests/include	plan/ws003/tests/usb-storage-flush-test.c	6	libc/include/stdio.h	keep-root libc/include->include	#include <stdio.h>
p023	plan-tests/include	plan/ws003/tests/usb-storage-flush-test.c	7	libc/include/string.h	keep-root libc/include->include	#include <string.h>
p023	plan-tests/include	plan/ws003/tests/x86-parameter-handoff-test.c	3	libc/include/assert.h	keep-root libc/include->include	#include <assert.h>
p023	plan-tests/include	plan/ws003/tests/x86-parameter-handoff-test.c	4	libc/include/stdint.h	keep-root libc/include->include	#include <stdint.h>
p023	plan-tests/include	plan/ws003/tests/x86-parameter-handoff-test.c	5	libc/include/stdio.h	keep-root libc/include->include	#include <stdio.h>
p023	plan-tests/include	plan/ws003/tests/x86-parameter-handoff-test.c	6	libc/include/string.h	keep-root libc/include->include	#include <string.h>
p023	plan-tests/include	plan/ws003/tests/xhci-cancel-command-test.c	8	libc/include/assert.h	keep-root libc/include->include	#include <assert.h>
p023	plan-tests/include	plan/ws003/tests/xhci-cancel-command-test.c	9	libc/include/stdint.h	keep-root libc/include->include	#include <stdint.h>
p023	plan-tests/include	plan/ws003/tests/xhci-cancel-command-test.c	10	libc/include/stdio.h	keep-root libc/include->include	#include <stdio.h>
p023	plan-tests/include	plan/ws003/tests/xhci-capability-mmio-test.c	10	libc/include/assert.h	keep-root libc/include->include	#include <assert.h>
p023	plan-tests/include	plan/ws003/tests/xhci-capability-mmio-test.c	11	libc/include/errno.h	keep-root libc/include->include	#include <errno.h>
p023	plan-tests/include	plan/ws003/tests/xhci-capability-mmio-test.c	12	libc/include/stdarg.h	keep-root libc/include->include	#include <stdarg.h>
p023	plan-tests/include	plan/ws003/tests/xhci-capability-mmio-test.c	13	libc/include/stdint.h	keep-root libc/include->include	#include <stdint.h>
p023	plan-tests/include	plan/ws003/tests/xhci-capability-mmio-test.c	14	libc/include/stdio.h	keep-root libc/include->include	#include <stdio.h>
p023	plan-tests/include	plan/ws003/tests/xhci-capability-mmio-test.c	15	libc/include/stdlib.h	keep-root libc/include->include	#include <stdlib.h>
p023	plan-tests/include	plan/ws003/tests/xhci-capability-mmio-test.c	16	libc/include/string.h	keep-root libc/include->include	#include <string.h>
p023	plan-tests/include	plan/ws003/tests/xhci-control-ep0-reset-test.c	8	libc/include/assert.h	keep-root libc/include->include	#include <assert.h>
p023	plan-tests/include	plan/ws003/tests/xhci-control-ep0-reset-test.c	9	libc/include/stdint.h	keep-root libc/include->include	#include <stdint.h>
p023	plan-tests/include	plan/ws003/tests/xhci-control-ep0-reset-test.c	10	libc/include/stdio.h	keep-root libc/include->include	#include <stdio.h>
p023	plan-tests/include	plan/ws004/tests/amd64-console-output-host-test.c	2	libc/include/assert.h	keep-root libc/include->include	#include <assert.h>
p023	plan-tests/include	plan/ws004/tests/amd64-console-output-host-test.c	3	libc/include/pthread.h	keep-root libc/include->include	#include <pthread.h>
p023	plan-tests/include	plan/ws004/tests/amd64-console-output-host-test.c	4	libc/include/stdint.h	keep-root libc/include->include	#include <stdint.h>
p023	plan-tests/include	plan/ws004/tests/amd64-console-output-host-test.c	5	libc/include/stdio.h	keep-root libc/include->include	#include <stdio.h>
p023	plan-tests/include	plan/ws004/tests/amd64-console-output-host-test.c	6	libc/include/stdlib.h	keep-root libc/include->include	#include <stdlib.h>
p023	plan-tests/include	plan/ws004/tests/arp-hotplug-test.c	8	libc/include/assert.h	keep-root libc/include->include	#include <assert.h>
p023	plan-tests/include	plan/ws004/tests/arp-hotplug-test.c	9	libc/include/errno.h	keep-root libc/include->include	#include <errno.h>
p023	plan-tests/include	plan/ws004/tests/arp-hotplug-test.c	10	libc/include/stdbool.h	keep-root libc/include->include	#include <stdbool.h>
p023	plan-tests/include	plan/ws004/tests/arp-hotplug-test.c	11	libc/include/stdint.h	keep-root libc/include->include	#include <stdint.h>
p023	plan-tests/include	plan/ws004/tests/arp-hotplug-test.c	12	libc/include/stdio.h	keep-root libc/include->include	#include <stdio.h>
p023	plan-tests/include	plan/ws004/tests/arp-hotplug-test.c	13	libc/include/string.h	keep-root libc/include->include	#include <string.h>
p023	plan-tests/include	plan/ws004/tests/devfs-block-range-test.c	8	libc/include/errno.h	keep-root libc/include->include	#include <errno.h>
p023	plan-tests/include	plan/ws004/tests/devfs-block-range-test.c	9	libc/include/stdint.h	keep-root libc/include->include	#include <stdint.h>
p023	plan-tests/include	plan/ws004/tests/devfs-block-range-test.c	10	libc/include/stdio.h	keep-root libc/include->include	#include <stdio.h>
p023	plan-tests/include	plan/ws004/tests/dma-constraints-test.c	5	libc/include/assert.h	keep-root libc/include->include	#include <assert.h>
p023	plan-tests/include	plan/ws004/tests/dma-constraints-test.c	6	libc/include/errno.h	keep-root libc/include->include	#include <errno.h>
p023	plan-tests/include	plan/ws004/tests/dma-constraints-test.c	7	libc/include/stdint.h	keep-root libc/include->include	#include <stdint.h>
p023	plan-tests/include	plan/ws004/tests/dma-constraints-test.c	8	libc/include/stdlib.h	keep-root libc/include->include	#include <stdlib.h>
p023	plan-tests/include	plan/ws004/tests/dma-constraints-test.c	9	libc/include/string.h	keep-root libc/include->include	#include <string.h>
p023	plan-tests/include	plan/ws004/tests/gpt-host-test.c	9	libc/include/errno.h	keep-root libc/include->include	#include <errno.h>
p023	plan-tests/include	plan/ws004/tests/gpt-host-test.c	10	libc/include/stdarg.h	keep-root libc/include->include	#include <stdarg.h>
p023	plan-tests/include	plan/ws004/tests/gpt-host-test.c	11	libc/include/stdint.h	keep-root libc/include->include	#include <stdint.h>
p023	plan-tests/include	plan/ws004/tests/gpt-host-test.c	12	libc/include/stdio.h	keep-root libc/include->include	#include <stdio.h>
p023	plan-tests/include	plan/ws004/tests/gpt-host-test.c	13	libc/include/stdlib.h	keep-root libc/include->include	#include <stdlib.h>
p023	plan-tests/include	plan/ws004/tests/gpt-host-test.c	14	libc/include/string.h	keep-root libc/include->include	#include <string.h>
p023	plan-tests/include	plan/ws004/tests/gpt-image-tool.c	8	libc/include/errno.h	keep-root libc/include->include	#include <errno.h>
p023	plan-tests/include	plan/ws004/tests/gpt-image-tool.c	9	libc/include/fcntl.h	keep-root libc/include->include	#include <fcntl.h>
p023	plan-tests/include	plan/ws004/tests/gpt-image-tool.c	10	libc/include/stdint.h	keep-root libc/include->include	#include <stdint.h>
p023	plan-tests/include	plan/ws004/tests/gpt-image-tool.c	11	libc/include/stdio.h	keep-root libc/include->include	#include <stdio.h>
p023	plan-tests/include	plan/ws004/tests/gpt-image-tool.c	12	libc/include/stdlib.h	keep-root libc/include->include	#include <stdlib.h>
p023	plan-tests/include	plan/ws004/tests/gpt-image-tool.c	13	libc/include/string.h	keep-root libc/include->include	#include <string.h>
p023	plan-tests/include	plan/ws004/tests/gpt-image-tool.c	14	libc/include/sys/stat.h	keep-root libc/include->include	#include <sys/stat.h>
p023	plan-tests/include	plan/ws004/tests/gpt-image-tool.c	15	libc/include/unistd.h	keep-root libc/include->include	#include <unistd.h>
p023	plan-tests/include	plan/ws004/tests/hal-printf-format-host-test.c	9	libc/include/assert.h	keep-root libc/include->include	#include <assert.h>
p023	plan-tests/include	plan/ws004/tests/hal-printf-format-host-test.c	10	libc/include/stdint.h	keep-root libc/include->include	#include <stdint.h>
p023	plan-tests/include	plan/ws004/tests/hal-printf-format-host-test.c	11	libc/include/stdio.h	keep-root libc/include->include	#include <stdio.h>
p023	plan-tests/include	plan/ws004/tests/hal-printf-format-host-test.c	12	libc/include/string.h	keep-root libc/include->include	#include <string.h>
p023	plan-tests/include	plan/ws004/tests/inet-interface-hotplug-test.c	11	libc/include/assert.h	keep-root libc/include->include	#include <assert.h>
p023	plan-tests/include	plan/ws004/tests/inet-interface-hotplug-test.c	12	libc/include/errno.h	keep-root libc/include->include	#include <errno.h>
p023	plan-tests/include	plan/ws004/tests/inet-interface-hotplug-test.c	13	libc/include/stdbool.h	keep-root libc/include->include	#include <stdbool.h>
p023	plan-tests/include	plan/ws004/tests/inet-interface-hotplug-test.c	14	libc/include/stdint.h	keep-root libc/include->include	#include <stdint.h>
p023	plan-tests/include	plan/ws004/tests/inet-interface-hotplug-test.c	15	libc/include/stdio.h	keep-root libc/include->include	#include <stdio.h>
p023	plan-tests/include	plan/ws004/tests/inet-interface-hotplug-test.c	16	libc/include/string.h	keep-root libc/include->include	#include <string.h>
p023	plan-tests/include	plan/ws004/tests/intel-ax211-assoc-test.c	7	libc/include/assert.h	keep-root libc/include->include	#include <assert.h>
p023	plan-tests/include	plan/ws004/tests/intel-ax211-assoc-test.c	8	libc/include/stdint.h	keep-root libc/include->include	#include <stdint.h>
p023	plan-tests/include	plan/ws004/tests/intel-ax211-assoc-test.c	9	libc/include/stdio.h	keep-root libc/include->include	#include <stdio.h>
p023	plan-tests/include	plan/ws004/tests/intel-ax211-assoc-test.c	10	libc/include/stdlib.h	keep-root libc/include->include	#include <stdlib.h>
p023	plan-tests/include	plan/ws004/tests/intel-ax211-assoc-test.c	11	libc/include/string.h	keep-root libc/include->include	#include <string.h>
p023	plan-tests/include	plan/ws004/tests/intel-ax211-boot-test.c	9	libc/include/assert.h	keep-root libc/include->include	#include <assert.h>
p023	plan-tests/include	plan/ws004/tests/intel-ax211-boot-test.c	10	libc/include/stdint.h	keep-root libc/include->include	#include <stdint.h>
p023	plan-tests/include	plan/ws004/tests/intel-ax211-boot-test.c	11	libc/include/stdio.h	keep-root libc/include->include	#include <stdio.h>
p023	plan-tests/include	plan/ws004/tests/intel-ax211-boot-test.c	12	libc/include/string.h	keep-root libc/include->include	#include <string.h>
p023	plan-tests/include	plan/ws004/tests/intel-ax211-bss-test.c	4	libc/include/assert.h	keep-root libc/include->include	#include <assert.h>
p023	plan-tests/include	plan/ws004/tests/intel-ax211-bss-test.c	5	libc/include/stdint.h	keep-root libc/include->include	#include <stdint.h>
p023	plan-tests/include	plan/ws004/tests/intel-ax211-bss-test.c	6	libc/include/stdio.h	keep-root libc/include->include	#include <stdio.h>
p023	plan-tests/include	plan/ws004/tests/intel-ax211-bss-test.c	7	libc/include/string.h	keep-root libc/include->include	#include <string.h>
p023	plan-tests/include	plan/ws004/tests/intel-ax211-command-test.c	9	libc/include/assert.h	keep-root libc/include->include	#include <assert.h>
p023	plan-tests/include	plan/ws004/tests/intel-ax211-command-test.c	10	libc/include/stdint.h	keep-root libc/include->include	#include <stdint.h>
p023	plan-tests/include	plan/ws004/tests/intel-ax211-command-test.c	11	libc/include/stdio.h	keep-root libc/include->include	#include <stdio.h>
p023	plan-tests/include	plan/ws004/tests/intel-ax211-command-test.c	12	libc/include/string.h	keep-root libc/include->include	#include <string.h>
p023	plan-tests/include	plan/ws004/tests/intel-ax211-core-test.c	7	libc/include/assert.h	keep-root libc/include->include	#include <assert.h>
p023	plan-tests/include	plan/ws004/tests/intel-ax211-core-test.c	8	libc/include/stdint.h	keep-root libc/include->include	#include <stdint.h>
p023	plan-tests/include	plan/ws004/tests/intel-ax211-core-test.c	9	libc/include/stdio.h	keep-root libc/include->include	#include <stdio.h>
p023	plan-tests/include	plan/ws004/tests/intel-ax211-core-test.c	10	libc/include/stdlib.h	keep-root libc/include->include	#include <stdlib.h>
p023	plan-tests/include	plan/ws004/tests/intel-ax211-core-test.c	11	libc/include/string.h	keep-root libc/include->include	#include <string.h>
p023	plan-tests/include	plan/ws004/tests/intel-ax211-dma-test.c	9	libc/include/errno.h	keep-root libc/include->include	#include <errno.h>
p023	plan-tests/include	plan/ws004/tests/intel-ax211-dma-test.c	10	libc/include/stdint.h	keep-root libc/include->include	#include <stdint.h>
p023	plan-tests/include	plan/ws004/tests/intel-ax211-dma-test.c	11	libc/include/stdio.h	keep-root libc/include->include	#include <stdio.h>
p023	plan-tests/include	plan/ws004/tests/intel-ax211-dma-test.c	12	libc/include/stdlib.h	keep-root libc/include->include	#include <stdlib.h>
p023	plan-tests/include	plan/ws004/tests/intel-ax211-dma-test.c	13	libc/include/string.h	keep-root libc/include->include	#include <string.h>
p023	plan-tests/include	plan/ws004/tests/intel-ax211-firmware-loader-test.c	7	libc/include/errno.h	keep-root libc/include->include	#include <errno.h>
p023	plan-tests/include	plan/ws004/tests/intel-ax211-firmware-loader-test.c	8	libc/include/fcntl.h	keep-root libc/include->include	#include <fcntl.h>
p023	plan-tests/include	plan/ws004/tests/intel-ax211-firmware-loader-test.c	9	libc/include/stddef.h	keep-root libc/include->include	#include <stddef.h>
p023	plan-tests/include	plan/ws004/tests/intel-ax211-firmware-loader-test.c	10	libc/include/stdint.h	keep-root libc/include->include	#include <stdint.h>
p023	plan-tests/include	plan/ws004/tests/intel-ax211-firmware-loader-test.c	11	libc/include/stdio.h	keep-root libc/include->include	#include <stdio.h>
p023	plan-tests/include	plan/ws004/tests/intel-ax211-firmware-loader-test.c	12	libc/include/stdlib.h	keep-root libc/include->include	#include <stdlib.h>
p023	plan-tests/include	plan/ws004/tests/intel-ax211-firmware-loader-test.c	13	libc/include/string.h	keep-root libc/include->include	#include <string.h>
p023	plan-tests/include	plan/ws004/tests/intel-ax211-init-test.c	7	libc/include/assert.h	keep-root libc/include->include	#include <assert.h>
p023	plan-tests/include	plan/ws004/tests/intel-ax211-init-test.c	8	libc/include/stdint.h	keep-root libc/include->include	#include <stdint.h>
p023	plan-tests/include	plan/ws004/tests/intel-ax211-init-test.c	9	libc/include/stdio.h	keep-root libc/include->include	#include <stdio.h>
p023	plan-tests/include	plan/ws004/tests/intel-ax211-init-test.c	10	libc/include/stdlib.h	keep-root libc/include->include	#include <stdlib.h>
p023	plan-tests/include	plan/ws004/tests/intel-ax211-init-test.c	11	libc/include/string.h	keep-root libc/include->include	#include <string.h>
p023	plan-tests/include	plan/ws004/tests/intel-ax211-key-test.c	4	libc/include/assert.h	keep-root libc/include->include	#include <assert.h>
p023	plan-tests/include	plan/ws004/tests/intel-ax211-key-test.c	5	libc/include/stdint.h	keep-root libc/include->include	#include <stdint.h>
p023	plan-tests/include	plan/ws004/tests/intel-ax211-key-test.c	6	libc/include/stdio.h	keep-root libc/include->include	#include <stdio.h>
p023	plan-tests/include	plan/ws004/tests/intel-ax211-key-test.c	7	libc/include/string.h	keep-root libc/include->include	#include <string.h>
p023	plan-tests/include	plan/ws004/tests/intel-ax211-mmio-test.c	9	libc/include/assert.h	keep-root libc/include->include	#include <assert.h>
p023	plan-tests/include	plan/ws004/tests/intel-ax211-mmio-test.c	10	libc/include/stdint.h	keep-root libc/include->include	#include <stdint.h>
p023	plan-tests/include	plan/ws004/tests/intel-ax211-mmio-test.c	11	libc/include/stdio.h	keep-root libc/include->include	#include <stdio.h>
p023	plan-tests/include	plan/ws004/tests/intel-ax211-mmio-test.c	12	libc/include/string.h	keep-root libc/include->include	#include <string.h>
p023	plan-tests/include	plan/ws004/tests/intel-ax211-pci-mmio-test.c	3	libc/include/assert.h	keep-root libc/include->include	#include <assert.h>
p023	plan-tests/include	plan/ws004/tests/intel-ax211-pci-mmio-test.c	4	libc/include/errno.h	keep-root libc/include->include	#include <errno.h>
p023	plan-tests/include	plan/ws004/tests/intel-ax211-pci-mmio-test.c	5	libc/include/limits.h	keep-root libc/include->include	#include <limits.h>
p023	plan-tests/include	plan/ws004/tests/intel-ax211-pci-mmio-test.c	6	libc/include/stdbool.h	keep-root libc/include->include	#include <stdbool.h>
p023	plan-tests/include	plan/ws004/tests/intel-ax211-pci-mmio-test.c	7	libc/include/stdint.h	keep-root libc/include->include	#include <stdint.h>
p023	plan-tests/include	plan/ws004/tests/intel-ax211-pci-mmio-test.c	8	libc/include/stdio.h	keep-root libc/include->include	#include <stdio.h>
p023	plan-tests/include	plan/ws004/tests/intel-ax211-pci-mmio-test.c	9	libc/include/string.h	keep-root libc/include->include	#include <string.h>
p023	plan-tests/include	plan/ws004/tests/intel-ax211-pci-test.c	8	libc/include/assert.h	keep-root libc/include->include	#include <assert.h>
p023	plan-tests/include	plan/ws004/tests/intel-ax211-pci-test.c	9	libc/include/errno.h	keep-root libc/include->include	#include <errno.h>
p023	plan-tests/include	plan/ws004/tests/intel-ax211-pci-test.c	10	libc/include/stdarg.h	keep-root libc/include->include	#include <stdarg.h>
p023	plan-tests/include	plan/ws004/tests/intel-ax211-pci-test.c	11	libc/include/stdint.h	keep-root libc/include->include	#include <stdint.h>
p023	plan-tests/include	plan/ws004/tests/intel-ax211-pci-test.c	12	libc/include/stdio.h	keep-root libc/include->include	#include <stdio.h>
p023	plan-tests/include	plan/ws004/tests/intel-ax211-pci-test.c	13	libc/include/stdlib.h	keep-root libc/include->include	#include <stdlib.h>
p023	plan-tests/include	plan/ws004/tests/intel-ax211-pci-test.c	14	libc/include/string.h	keep-root libc/include->include	#include <string.h>
p023	plan-tests/include	plan/ws004/tests/intel-ax211-protocol-test.c	7	libc/include/assert.h	keep-root libc/include->include	#include <assert.h>
p023	plan-tests/include	plan/ws004/tests/intel-ax211-protocol-test.c	8	libc/include/stdint.h	keep-root libc/include->include	#include <stdint.h>
p023	plan-tests/include	plan/ws004/tests/intel-ax211-protocol-test.c	9	libc/include/stdio.h	keep-root libc/include->include	#include <stdio.h>
p023	plan-tests/include	plan/ws004/tests/intel-ax211-protocol-test.c	10	libc/include/stdlib.h	keep-root libc/include->include	#include <stdlib.h>
p023	plan-tests/include	plan/ws004/tests/intel-ax211-protocol-test.c	11	libc/include/string.h	keep-root libc/include->include	#include <string.h>
p023	plan-tests/include	plan/ws004/tests/intel-ax211-runtime-scan-test.c	7	libc/include/assert.h	keep-root libc/include->include	#include <assert.h>
p023	plan-tests/include	plan/ws004/tests/intel-ax211-runtime-scan-test.c	8	libc/include/stdint.h	keep-root libc/include->include	#include <stdint.h>
p023	plan-tests/include	plan/ws004/tests/intel-ax211-runtime-scan-test.c	9	libc/include/stdio.h	keep-root libc/include->include	#include <stdio.h>
p023	plan-tests/include	plan/ws004/tests/intel-ax211-runtime-scan-test.c	10	libc/include/stdlib.h	keep-root libc/include->include	#include <stdlib.h>
p023	plan-tests/include	plan/ws004/tests/intel-ax211-runtime-scan-test.c	11	libc/include/string.h	keep-root libc/include->include	#include <string.h>
p023	plan-tests/include	plan/ws004/tests/intel-ax211-runtime-start-test.c	9	libc/include/assert.h	keep-root libc/include->include	#include <assert.h>
p023	plan-tests/include	plan/ws004/tests/intel-ax211-runtime-start-test.c	10	libc/include/stdint.h	keep-root libc/include->include	#include <stdint.h>
p023	plan-tests/include	plan/ws004/tests/intel-ax211-runtime-start-test.c	11	libc/include/stdio.h	keep-root libc/include->include	#include <stdio.h>
p023	plan-tests/include	plan/ws004/tests/intel-ax211-runtime-start-test.c	12	libc/include/string.h	keep-root libc/include->include	#include <string.h>
p023	plan-tests/include	plan/ws004/tests/intel-ax211-rx-test.c	4	libc/include/assert.h	keep-root libc/include->include	#include <assert.h>
p023	plan-tests/include	plan/ws004/tests/intel-ax211-rx-test.c	5	libc/include/stdint.h	keep-root libc/include->include	#include <stdint.h>
p023	plan-tests/include	plan/ws004/tests/intel-ax211-rx-test.c	6	libc/include/stdio.h	keep-root libc/include->include	#include <stdio.h>
p023	plan-tests/include	plan/ws004/tests/intel-ax211-rx-test.c	7	libc/include/string.h	keep-root libc/include->include	#include <string.h>
p023	plan-tests/include	plan/ws004/tests/intel-ax211-scan-session-test.c	9	libc/include/assert.h	keep-root libc/include->include	#include <assert.h>
p023	plan-tests/include	plan/ws004/tests/intel-ax211-scan-session-test.c	10	libc/include/stdint.h	keep-root libc/include->include	#include <stdint.h>
p023	plan-tests/include	plan/ws004/tests/intel-ax211-scan-session-test.c	11	libc/include/stdio.h	keep-root libc/include->include	#include <stdio.h>
p023	plan-tests/include	plan/ws004/tests/intel-ax211-scan-session-test.c	12	libc/include/string.h	keep-root libc/include->include	#include <string.h>
p023	plan-tests/include	plan/ws004/tests/intel-ax211-transport-backend-test.c	5	libc/include/assert.h	keep-root libc/include->include	#include <assert.h>
p023	plan-tests/include	plan/ws004/tests/intel-ax211-transport-backend-test.c	6	libc/include/stdint.h	keep-root libc/include->include	#include <stdint.h>
p023	plan-tests/include	plan/ws004/tests/intel-ax211-transport-backend-test.c	7	libc/include/stdio.h	keep-root libc/include->include	#include <stdio.h>
p023	plan-tests/include	plan/ws004/tests/intel-ax211-transport-backend-test.c	8	libc/include/string.h	keep-root libc/include->include	#include <string.h>
p023	plan-tests/include	plan/ws004/tests/intel-ax211-transport-test.c	9	libc/include/assert.h	keep-root libc/include->include	#include <assert.h>
p023	plan-tests/include	plan/ws004/tests/intel-ax211-transport-test.c	10	libc/include/stdint.h	keep-root libc/include->include	#include <stdint.h>
p023	plan-tests/include	plan/ws004/tests/intel-ax211-transport-test.c	11	libc/include/stdio.h	keep-root libc/include->include	#include <stdio.h>
p023	plan-tests/include	plan/ws004/tests/intel-ax211-transport-test.c	12	libc/include/string.h	keep-root libc/include->include	#include <string.h>
p023	plan-tests/include	plan/ws004/tests/intel-ax211-tx-ring-test.c	6	libc/include/errno.h	keep-root libc/include->include	#include <errno.h>
p023	plan-tests/include	plan/ws004/tests/intel-ax211-tx-ring-test.c	7	libc/include/stdint.h	keep-root libc/include->include	#include <stdint.h>
p023	plan-tests/include	plan/ws004/tests/intel-ax211-tx-ring-test.c	8	libc/include/stdio.h	keep-root libc/include->include	#include <stdio.h>
p023	plan-tests/include	plan/ws004/tests/intel-ax211-tx-ring-test.c	9	libc/include/stdlib.h	keep-root libc/include->include	#include <stdlib.h>
p023	plan-tests/include	plan/ws004/tests/intel-ax211-tx-ring-test.c	10	libc/include/string.h	keep-root libc/include->include	#include <string.h>
p023	plan-tests/include	plan/ws004/tests/intel-ax211-tx-test.c	4	libc/include/assert.h	keep-root libc/include->include	#include <assert.h>
p023	plan-tests/include	plan/ws004/tests/intel-ax211-tx-test.c	5	libc/include/stdint.h	keep-root libc/include->include	#include <stdint.h>
p023	plan-tests/include	plan/ws004/tests/intel-ax211-tx-test.c	6	libc/include/stdio.h	keep-root libc/include->include	#include <stdio.h>
p023	plan-tests/include	plan/ws004/tests/intel-ax211-tx-test.c	7	libc/include/string.h	keep-root libc/include->include	#include <string.h>
p023	plan-tests/include	plan/ws004/tests/intel-ax211-wlan-common-integration-test.c	23	libc/include/assert.h	keep-root libc/include->include	#include <assert.h>
p023	plan-tests/include	plan/ws004/tests/intel-ax211-wlan-common-integration-test.c	24	libc/include/errno.h	keep-root libc/include->include	#include <errno.h>
p023	plan-tests/include	plan/ws004/tests/intel-ax211-wlan-common-integration-test.c	25	libc/include/stdint.h	keep-root libc/include->include	#include <stdint.h>
p023	plan-tests/include	plan/ws004/tests/intel-ax211-wlan-common-integration-test.c	26	libc/include/stdio.h	keep-root libc/include->include	#include <stdio.h>
p023	plan-tests/include	plan/ws004/tests/intel-ax211-wlan-common-integration-test.c	27	libc/include/string.h	keep-root libc/include->include	#include <string.h>
p023	plan-tests/include	plan/ws004/tests/kernel-heap-lock-test.c	2	libc/include/pthread.h	keep-root libc/include->include	#include <pthread.h>
p023	plan-tests/include	plan/ws004/tests/kernel-heap-lock-test.c	3	libc/include/stdatomic.h	keep-root libc/include->include	#include <stdatomic.h>
p023	plan-tests/include	plan/ws004/tests/kernel-heap-lock-test.c	4	libc/include/stdint.h	keep-root libc/include->include	#include <stdint.h>
p023	plan-tests/include	plan/ws004/tests/kernel-heap-lock-test.c	5	libc/include/stdio.h	keep-root libc/include->include	#include <stdio.h>
p023	plan-tests/include	plan/ws004/tests/kernel-heap-lock-test.c	6	libc/include/stdlib.h	keep-root libc/include->include	#include <stdlib.h>
p023	plan-tests/include	plan/ws004/tests/kernel-heap-lock-test.c	7	libc/include/string.h	keep-root libc/include->include	#include <string.h>
p023	plan-tests/include	plan/ws004/tests/legacy-hcd-concurrent-hotplug-test.c	2	libc/include/assert.h	keep-root libc/include->include	#include <assert.h>
p023	plan-tests/include	plan/ws004/tests/legacy-hcd-concurrent-hotplug-test.c	3	libc/include/errno.h	keep-root libc/include->include	#include <errno.h>
p023	plan-tests/include	plan/ws004/tests/legacy-hcd-concurrent-hotplug-test.c	4	libc/include/stdint.h	keep-root libc/include->include	#include <stdint.h>
p023	plan-tests/include	plan/ws004/tests/legacy-hcd-concurrent-hotplug-test.c	5	libc/include/stdio.h	keep-root libc/include->include	#include <stdio.h>
p023	plan-tests/include	plan/ws004/tests/legacy-hcd-concurrent-hotplug-test.c	6	libc/include/string.h	keep-root libc/include->include	#include <string.h>
p023	plan-tests/include	plan/ws004/tests/legacy-hcd-retirement-test.c	2	libc/include/assert.h	keep-root libc/include->include	#include <assert.h>
p023	plan-tests/include	plan/ws004/tests/legacy-hcd-retirement-test.c	3	libc/include/errno.h	keep-root libc/include->include	#include <errno.h>
p023	plan-tests/include	plan/ws004/tests/legacy-hcd-retirement-test.c	4	libc/include/pthread.h	keep-root libc/include->include	#include <pthread.h>
p023	plan-tests/include	plan/ws004/tests/legacy-hcd-retirement-test.c	5	libc/include/sched.h	keep-root libc/include->include	#include <sched.h>
p023	plan-tests/include	plan/ws004/tests/legacy-hcd-retirement-test.c	6	libc/include/stddef.h	keep-root libc/include->include	#include <stddef.h>
p023	plan-tests/include	plan/ws004/tests/legacy-hcd-retirement-test.c	7	libc/include/stdatomic.h	keep-root libc/include->include	#include <stdatomic.h>
p023	plan-tests/include	plan/ws004/tests/legacy-hcd-retirement-test.c	8	libc/include/stdint.h	keep-root libc/include->include	#include <stdint.h>
p023	plan-tests/include	plan/ws004/tests/legacy-hcd-retirement-test.c	9	libc/include/stdio.h	keep-root libc/include->include	#include <stdio.h>
p023	plan-tests/include	plan/ws004/tests/legacy-hcd-retirement-test.c	10	libc/include/string.h	keep-root libc/include->include	#include <string.h>
p023	plan-tests/include	plan/ws004/tests/mcfg-test.c	4	libc/include/assert.h	keep-root libc/include->include	#include <assert.h>
p023	plan-tests/include	plan/ws004/tests/mcfg-test.c	5	libc/include/stdint.h	keep-root libc/include->include	#include <stdint.h>
p023	plan-tests/include	plan/ws004/tests/mcfg-test.c	6	libc/include/string.h	keep-root libc/include->include	#include <string.h>
p023	plan-tests/include	plan/ws004/tests/msi-source-test.c	3	libc/include/assert.h	keep-root libc/include->include	#include <assert.h>
p023	plan-tests/include	plan/ws004/tests/multiple-nvme-io.c	2	libc/include/errno.h	keep-root libc/include->include	#include <errno.h>
p023	plan-tests/include	plan/ws004/tests/multiple-nvme-io.c	3	libc/include/fcntl.h	keep-root libc/include->include	#include <fcntl.h>
p023	plan-tests/include	plan/ws004/tests/multiple-nvme-io.c	4	libc/include/stdint.h	keep-root libc/include->include	#include <stdint.h>
p023	plan-tests/include	plan/ws004/tests/multiple-nvme-io.c	5	libc/include/stdio.h	keep-root libc/include->include	#include <stdio.h>
p023	plan-tests/include	plan/ws004/tests/multiple-nvme-io.c	6	libc/include/string.h	keep-root libc/include->include	#include <string.h>
p023	plan-tests/include	plan/ws004/tests/multiple-nvme-io.c	7	libc/include/sys/wait.h	keep-root libc/include->include	#include <sys/wait.h>
p023	plan-tests/include	plan/ws004/tests/multiple-nvme-io.c	8	libc/include/unistd.h	keep-root libc/include->include	#include <unistd.h>
p023	plan-tests/include	plan/ws004/tests/net-device-hotplug-test.c	6	libc/include/assert.h	keep-root libc/include->include	#include <assert.h>
p023	plan-tests/include	plan/ws004/tests/net-device-hotplug-test.c	7	libc/include/errno.h	keep-root libc/include->include	#include <errno.h>
p023	plan-tests/include	plan/ws004/tests/net-device-hotplug-test.c	8	libc/include/pthread.h	keep-root libc/include->include	#include <pthread.h>
p023	plan-tests/include	plan/ws004/tests/net-device-hotplug-test.c	9	libc/include/sched.h	keep-root libc/include->include	#include <sched.h>
p023	plan-tests/include	plan/ws004/tests/net-device-hotplug-test.c	10	libc/include/stdbool.h	keep-root libc/include->include	#include <stdbool.h>
p023	plan-tests/include	plan/ws004/tests/net-device-hotplug-test.c	11	libc/include/stdatomic.h	keep-root libc/include->include	#include <stdatomic.h>
p023	plan-tests/include	plan/ws004/tests/net-device-hotplug-test.c	12	libc/include/stdint.h	keep-root libc/include->include	#include <stdint.h>
p023	plan-tests/include	plan/ws004/tests/net-device-hotplug-test.c	13	libc/include/stdio.h	keep-root libc/include->include	#include <stdio.h>
p023	plan-tests/include	plan/ws004/tests/net-device-hotplug-test.c	14	libc/include/string.h	keep-root libc/include->include	#include <string.h>
p023	plan-tests/include	plan/ws004/tests/nvme-admin-test.c	8	libc/include/stdint.h	keep-root libc/include->include	#include <stdint.h>
p023	plan-tests/include	plan/ws004/tests/nvme-admin-test.c	9	libc/include/stdio.h	keep-root libc/include->include	#include <stdio.h>
p023	plan-tests/include	plan/ws004/tests/nvme-admin-test.c	10	libc/include/string.h	keep-root libc/include->include	#include <string.h>
p023	plan-tests/include	plan/ws004/tests/nvme-io-guest.c	6	libc/include/errno.h	keep-root libc/include->include	#include <errno.h>
p023	plan-tests/include	plan/ws004/tests/nvme-io-guest.c	7	libc/include/fcntl.h	keep-root libc/include->include	#include <fcntl.h>
p023	plan-tests/include	plan/ws004/tests/nvme-io-guest.c	8	libc/include/stdint.h	keep-root libc/include->include	#include <stdint.h>
p023	plan-tests/include	plan/ws004/tests/nvme-io-guest.c	9	libc/include/stdio.h	keep-root libc/include->include	#include <stdio.h>
p023	plan-tests/include	plan/ws004/tests/nvme-io-guest.c	10	libc/include/stdlib.h	keep-root libc/include->include	#include <stdlib.h>
p023	plan-tests/include	plan/ws004/tests/nvme-io-guest.c	11	libc/include/string.h	keep-root libc/include->include	#include <string.h>
p023	plan-tests/include	plan/ws004/tests/nvme-io-guest.c	12	libc/include/sys/wait.h	keep-root libc/include->include	#include <sys/wait.h>
p023	plan-tests/include	plan/ws004/tests/nvme-io-guest.c	13	libc/include/unistd.h	keep-root libc/include->include	#include <unistd.h>
p023	plan-tests/include	plan/ws004/tests/nvme-io-lifecycle-test.c	8	libc/include/errno.h	keep-root libc/include->include	#include <errno.h>
p023	plan-tests/include	plan/ws004/tests/nvme-io-lifecycle-test.c	9	libc/include/stdio.h	keep-root libc/include->include	#include <stdio.h>
p023	plan-tests/include	plan/ws004/tests/nvme-io-test.c	8	libc/include/errno.h	keep-root libc/include->include	#include <errno.h>
p023	plan-tests/include	plan/ws004/tests/nvme-io-test.c	9	libc/include/stdint.h	keep-root libc/include->include	#include <stdint.h>
p023	plan-tests/include	plan/ws004/tests/nvme-io-test.c	10	libc/include/stdio.h	keep-root libc/include->include	#include <stdio.h>
p023	plan-tests/include	plan/ws004/tests/nvme-io-test.c	11	libc/include/string.h	keep-root libc/include->include	#include <string.h>
p023	plan-tests/include	plan/ws004/tests/nvme-lifecycle-test.c	8	libc/include/assert.h	keep-root libc/include->include	#include <assert.h>
p023	plan-tests/include	plan/ws004/tests/nvme-lifecycle-test.c	9	libc/include/errno.h	keep-root libc/include->include	#include <errno.h>
p023	plan-tests/include	plan/ws004/tests/nvme-lifecycle-test.c	10	libc/include/stdio.h	keep-root libc/include->include	#include <stdio.h>
p023	plan-tests/include	plan/ws004/tests/nvme-lifecycle-test.c	11	libc/include/string.h	keep-root libc/include->include	#include <string.h>
p023	plan-tests/include	plan/ws004/tests/nvme-registry-host.c	2	libc/include/stdio.h	keep-root libc/include->include	#include <stdio.h>
p023	plan-tests/include	plan/ws004/tests/nvme-registry-host.c	3	libc/include/stdlib.h	keep-root libc/include->include	#include <stdlib.h>
p023	plan-tests/include	plan/ws004/tests/nvme-shutdown-lifecycle-test.c	8	libc/include/errno.h	keep-root libc/include->include	#include <errno.h>
p023	plan-tests/include	plan/ws004/tests/nvme-shutdown-lifecycle-test.c	9	libc/include/stdio.h	keep-root libc/include->include	#include <stdio.h>
p023	plan-tests/include	plan/ws004/tests/nvme-shutdown-lifecycle-test.c	10	libc/include/string.h	keep-root libc/include->include	#include <string.h>
p023	plan-tests/include	plan/ws004/tests/partition-publication-test.c	8	libc/include/errno.h	keep-root libc/include->include	#include <errno.h>
p023	plan-tests/include	plan/ws004/tests/partition-publication-test.c	9	libc/include/limits.h	keep-root libc/include->include	#include <limits.h>
p023	plan-tests/include	plan/ws004/tests/partition-publication-test.c	10	libc/include/stdio.h	keep-root libc/include->include	#include <stdio.h>
p023	plan-tests/include	plan/ws004/tests/partition-publication-test.c	11	libc/include/stdlib.h	keep-root libc/include->include	#include <stdlib.h>
p023	plan-tests/include	plan/ws004/tests/partition-publication-test.c	12	libc/include/string.h	keep-root libc/include->include	#include <string.h>
p023	plan-tests/include	plan/ws004/tests/pci-hcd-irq-teardown-test.c	7	libc/include/assert.h	keep-root libc/include->include	#include <assert.h>
p023	plan-tests/include	plan/ws004/tests/pci-hcd-irq-teardown-test.c	8	libc/include/errno.h	keep-root libc/include->include	#include <errno.h>
p023	plan-tests/include	plan/ws004/tests/pci-hcd-irq-teardown-test.c	9	libc/include/stdbool.h	keep-root libc/include->include	#include <stdbool.h>
p023	plan-tests/include	plan/ws004/tests/pci-hcd-irq-teardown-test.c	10	libc/include/stdio.h	keep-root libc/include->include	#include <stdio.h>
p023	plan-tests/include	plan/ws004/tests/pci-hcd-irq-teardown-test.c	11	libc/include/string.h	keep-root libc/include->include	#include <string.h>
p023	plan-tests/include	plan/ws004/tests/pci-msi-qemu.c	5	libc/include/errno.h	keep-root libc/include->include	#include <errno.h>
p023	plan-tests/include	plan/ws004/tests/pci-msi-qemu.c	7	libc/include/string.h	keep-root libc/include->include	#include <string.h>
p023	plan-tests/include	plan/ws004/tests/pci-msi-test.c	4	libc/include/assert.h	keep-root libc/include->include	#include <assert.h>
p023	plan-tests/include	plan/ws004/tests/pci-msi-test.c	5	libc/include/errno.h	keep-root libc/include->include	#include <errno.h>
p023	plan-tests/include	plan/ws004/tests/pci-msi-test.c	6	libc/include/stdint.h	keep-root libc/include->include	#include <stdint.h>
p023	plan-tests/include	plan/ws004/tests/pci-msi-test.c	7	libc/include/stdlib.h	keep-root libc/include->include	#include <stdlib.h>
p023	plan-tests/include	plan/ws004/tests/pci-msi-test.c	8	libc/include/string.h	keep-root libc/include->include	#include <string.h>
p023	plan-tests/include	plan/ws004/tests/pci-rescan-test.c	4	libc/include/assert.h	keep-root libc/include->include	#include <assert.h>
p023	plan-tests/include	plan/ws004/tests/pci-rescan-test.c	5	libc/include/stdarg.h	keep-root libc/include->include	#include <stdarg.h>
p023	plan-tests/include	plan/ws004/tests/pci-rescan-test.c	6	libc/include/stdint.h	keep-root libc/include->include	#include <stdint.h>
p023	plan-tests/include	plan/ws004/tests/pci-rescan-test.c	7	libc/include/stdlib.h	keep-root libc/include->include	#include <stdlib.h>
p023	plan-tests/include	plan/ws004/tests/pci-shared-intx-test.c	7	libc/include/assert.h	keep-root libc/include->include	#include <assert.h>
p023	plan-tests/include	plan/ws004/tests/pci-shared-intx-test.c	8	libc/include/errno.h	keep-root libc/include->include	#include <errno.h>
p023	plan-tests/include	plan/ws004/tests/pci-shared-intx-test.c	9	libc/include/stdint.h	keep-root libc/include->include	#include <stdint.h>
p023	plan-tests/include	plan/ws004/tests/pci-shared-intx-test.c	10	libc/include/stdlib.h	keep-root libc/include->include	#include <stdlib.h>
p023	plan-tests/include	plan/ws004/tests/pci-shared-intx-test.c	11	libc/include/string.h	keep-root libc/include->include	#include <string.h>
p023	plan-tests/include	plan/ws004/tests/pcie-capability-test.c	4	libc/include/assert.h	keep-root libc/include->include	#include <assert.h>
p023	plan-tests/include	plan/ws004/tests/pcie-capability-test.c	5	libc/include/stdarg.h	keep-root libc/include->include	#include <stdarg.h>
p023	plan-tests/include	plan/ws004/tests/pcie-capability-test.c	6	libc/include/stdint.h	keep-root libc/include->include	#include <stdint.h>
p023	plan-tests/include	plan/ws004/tests/pcie-capability-test.c	7	libc/include/stdlib.h	keep-root libc/include->include	#include <stdlib.h>
p023	plan-tests/include	plan/ws004/tests/route-socket-event-test.c	8	libc/include/assert.h	keep-root libc/include->include	#include <assert.h>
p023	plan-tests/include	plan/ws004/tests/route-socket-event-test.c	9	libc/include/errno.h	keep-root libc/include->include	#include <errno.h>
p023	plan-tests/include	plan/ws004/tests/route-socket-event-test.c	10	libc/include/stdbool.h	keep-root libc/include->include	#include <stdbool.h>
p023	plan-tests/include	plan/ws004/tests/route-socket-event-test.c	11	libc/include/stdint.h	keep-root libc/include->include	#include <stdint.h>
p023	plan-tests/include	plan/ws004/tests/route-socket-event-test.c	12	libc/include/stdlib.h	keep-root libc/include->include	#include <stdlib.h>
p023	plan-tests/include	plan/ws004/tests/route-socket-event-test.c	13	libc/include/string.h	keep-root libc/include->include	#include <string.h>
p023	plan-tests/include	plan/ws004/tests/route-uapi-layout-test.c	2	libc/include/stddef.h	keep-root libc/include->include	#include <stddef.h>
p023	plan-tests/include	plan/ws004/tests/rtl8822b-core-test.c	7	libc/include/assert.h	keep-root libc/include->include	#include <assert.h>
p023	plan-tests/include	plan/ws004/tests/rtl8822b-core-test.c	8	libc/include/errno.h	keep-root libc/include->include	#include <errno.h>
p023	plan-tests/include	plan/ws004/tests/rtl8822b-core-test.c	9	libc/include/limits.h	keep-root libc/include->include	#include <limits.h>
p023	plan-tests/include	plan/ws004/tests/rtl8822b-core-test.c	10	libc/include/stdint.h	keep-root libc/include->include	#include <stdint.h>
p023	plan-tests/include	plan/ws004/tests/rtl8822b-core-test.c	11	libc/include/stdio.h	keep-root libc/include->include	#include <stdio.h>
p023	plan-tests/include	plan/ws004/tests/rtl8822b-core-test.c	12	libc/include/stdlib.h	keep-root libc/include->include	#include <stdlib.h>
p023	plan-tests/include	plan/ws004/tests/rtl8822b-core-test.c	13	libc/include/string.h	keep-root libc/include->include	#include <string.h>
p023	plan-tests/include	plan/ws004/tests/rtl8822b-loader-test.c	7	libc/include/errno.h	keep-root libc/include->include	#include <errno.h>
p023	plan-tests/include	plan/ws004/tests/rtl8822b-loader-test.c	8	libc/include/fcntl.h	keep-root libc/include->include	#include <fcntl.h>
p023	plan-tests/include	plan/ws004/tests/rtl8822b-loader-test.c	9	libc/include/stddef.h	keep-root libc/include->include	#include <stddef.h>
p023	plan-tests/include	plan/ws004/tests/rtl8822b-loader-test.c	10	libc/include/stdint.h	keep-root libc/include->include	#include <stdint.h>
p023	plan-tests/include	plan/ws004/tests/rtl8822b-loader-test.c	11	libc/include/string.h	keep-root libc/include->include	#include <string.h>
p023	plan-tests/include	plan/ws004/tests/rtl8822b-security-test.c	4	libc/include/assert.h	keep-root libc/include->include	#include <assert.h>
p023	plan-tests/include	plan/ws004/tests/rtl8822b-security-test.c	5	libc/include/errno.h	keep-root libc/include->include	#include <errno.h>
p023	plan-tests/include	plan/ws004/tests/rtl8822b-security-test.c	6	libc/include/stdint.h	keep-root libc/include->include	#include <stdint.h>
p023	plan-tests/include	plan/ws004/tests/rtl8822b-security-test.c	7	libc/include/stdio.h	keep-root libc/include->include	#include <stdio.h>
p023	plan-tests/include	plan/ws004/tests/rtl8822b-security-test.c	8	libc/include/string.h	keep-root libc/include->include	#include <string.h>
p023	plan-tests/include	plan/ws004/tests/system-shutdown-order-test.c	4	libc/include/assert.h	keep-root libc/include->include	#include <assert.h>
p023	plan-tests/include	plan/ws004/tests/system-shutdown-order-test.c	5	libc/include/stdio.h	keep-root libc/include->include	#include <stdio.h>
p023	plan-tests/include	plan/ws004/tests/system-shutdown-order-test.c	6	libc/include/errno.h	keep-root libc/include->include	#include <errno.h>
p023	plan-tests/include	plan/ws004/tests/usb-binding-transactions-test.c	11	libc/include/errno.h	keep-root libc/include->include	#include <errno.h>
p023	plan-tests/include	plan/ws004/tests/usb-binding-transactions-test.c	12	libc/include/stdarg.h	keep-root libc/include->include	#include <stdarg.h>
p023	plan-tests/include	plan/ws004/tests/usb-binding-transactions-test.c	13	libc/include/stdatomic.h	keep-root libc/include->include	#include <stdatomic.h>
p023	plan-tests/include	plan/ws004/tests/usb-binding-transactions-test.c	14	libc/include/stdint.h	keep-root libc/include->include	#include <stdint.h>
p023	plan-tests/include	plan/ws004/tests/usb-binding-transactions-test.c	15	libc/include/stdio.h	keep-root libc/include->include	#include <stdio.h>
p023	plan-tests/include	plan/ws004/tests/usb-binding-transactions-test.c	16	libc/include/stdlib.h	keep-root libc/include->include	#include <stdlib.h>
p023	plan-tests/include	plan/ws004/tests/usb-binding-transactions-test.c	17	libc/include/string.h	keep-root libc/include->include	#include <string.h>
p023	plan-tests/include	plan/ws004/tests/usb-binding-transactions-test.c	18	libc/include/threads.h	keep-root libc/include->include	#include <threads.h>
p023	plan-tests/include	plan/ws004/tests/usb-binding-transactions-test.c	19	libc/include/time.h	keep-root libc/include->include	#include <time.h>
p023	plan-tests/include	plan/ws004/tests/usb-cdc-ecm-driver-test.c	3	libc/include/assert.h	keep-root libc/include->include	#include <assert.h>
p023	plan-tests/include	plan/ws004/tests/usb-cdc-ecm-driver-test.c	4	libc/include/errno.h	keep-root libc/include->include	#include <errno.h>
p023	plan-tests/include	plan/ws004/tests/usb-cdc-ecm-driver-test.c	6	libc/include/pthread.h	keep-root libc/include->include	#include <pthread.h>
p023	plan-tests/include	plan/ws004/tests/usb-cdc-ecm-driver-test.c	8	libc/include/stdarg.h	keep-root libc/include->include	#include <stdarg.h>
p023	plan-tests/include	plan/ws004/tests/usb-cdc-ecm-driver-test.c	9	libc/include/stdatomic.h	keep-root libc/include->include	#include <stdatomic.h>
p023	plan-tests/include	plan/ws004/tests/usb-cdc-ecm-driver-test.c	10	libc/include/stdint.h	keep-root libc/include->include	#include <stdint.h>
p023	plan-tests/include	plan/ws004/tests/usb-cdc-ecm-driver-test.c	11	libc/include/stdio.h	keep-root libc/include->include	#include <stdio.h>
p023	plan-tests/include	plan/ws004/tests/usb-cdc-ecm-driver-test.c	12	libc/include/stdlib.h	keep-root libc/include->include	#include <stdlib.h>
p023	plan-tests/include	plan/ws004/tests/usb-cdc-ecm-driver-test.c	13	libc/include/string.h	keep-root libc/include->include	#include <string.h>
p023	plan-tests/include	plan/ws004/tests/usb-cdc-ecm-driver-test.c	14	libc/include/time.h	keep-root libc/include->include	#include <time.h>
p023	plan-tests/include	plan/ws004/tests/usb-cdc-ecm-guest-probe.c	4	libc/include/arpa/inet.h	keep-root libc/include->include	#include <arpa/inet.h>
p023	plan-tests/include	plan/ws004/tests/usb-cdc-ecm-guest-probe.c	5	libc/include/errno.h	keep-root libc/include->include	#include <errno.h>
p023	plan-tests/include	plan/ws004/tests/usb-cdc-ecm-guest-probe.c	6	libc/include/net/if.h	keep-root libc/include->include	#include <net/if.h>
p023	plan-tests/include	plan/ws004/tests/usb-cdc-ecm-guest-probe.c	7	libc/include/netinet/in.h	keep-root libc/include->include	#include <netinet/in.h>
p023	plan-tests/include	plan/ws004/tests/usb-cdc-ecm-guest-probe.c	8	libc/include/stdint.h	keep-root libc/include->include	#include <stdint.h>
p023	plan-tests/include	plan/ws004/tests/usb-cdc-ecm-guest-probe.c	9	libc/include/stdio.h	keep-root libc/include->include	#include <stdio.h>
p023	plan-tests/include	plan/ws004/tests/usb-cdc-ecm-guest-probe.c	10	libc/include/string.h	keep-root libc/include->include	#include <string.h>
p023	plan-tests/include	plan/ws004/tests/usb-cdc-ecm-guest-probe.c	11	libc/include/sys/ioctl.h	keep-root libc/include->include	#include <sys/ioctl.h>
p023	plan-tests/include	plan/ws004/tests/usb-cdc-ecm-guest-probe.c	12	libc/include/sys/socket.h	keep-root libc/include->include	#include <sys/socket.h>
p023	plan-tests/include	plan/ws004/tests/usb-cdc-ecm-guest-probe.c	13	libc/include/sys/wait.h	keep-root libc/include->include	#include <sys/wait.h>
p023	plan-tests/include	plan/ws004/tests/usb-cdc-ecm-guest-probe.c	14	libc/include/time.h	keep-root libc/include->include	#include <time.h>
p023	plan-tests/include	plan/ws004/tests/usb-cdc-ecm-guest-probe.c	15	libc/include/unistd.h	keep-root libc/include->include	#include <unistd.h>
p023	plan-tests/include	plan/ws004/tests/usb-cdc-ncm-driver-test.c	3	libc/include/assert.h	keep-root libc/include->include	#include <assert.h>
p023	plan-tests/include	plan/ws004/tests/usb-cdc-ncm-driver-test.c	4	libc/include/errno.h	keep-root libc/include->include	#include <errno.h>
p023	plan-tests/include	plan/ws004/tests/usb-cdc-ncm-driver-test.c	6	libc/include/pthread.h	keep-root libc/include->include	#include <pthread.h>
p023	plan-tests/include	plan/ws004/tests/usb-cdc-ncm-driver-test.c	8	libc/include/stdarg.h	keep-root libc/include->include	#include <stdarg.h>
p023	plan-tests/include	plan/ws004/tests/usb-cdc-ncm-driver-test.c	9	libc/include/stdatomic.h	keep-root libc/include->include	#include <stdatomic.h>
p023	plan-tests/include	plan/ws004/tests/usb-cdc-ncm-driver-test.c	10	libc/include/stdint.h	keep-root libc/include->include	#include <stdint.h>
p023	plan-tests/include	plan/ws004/tests/usb-cdc-ncm-driver-test.c	11	libc/include/stdio.h	keep-root libc/include->include	#include <stdio.h>
p023	plan-tests/include	plan/ws004/tests/usb-cdc-ncm-driver-test.c	12	libc/include/stdlib.h	keep-root libc/include->include	#include <stdlib.h>
p023	plan-tests/include	plan/ws004/tests/usb-cdc-ncm-driver-test.c	13	libc/include/string.h	keep-root libc/include->include	#include <string.h>
p023	plan-tests/include	plan/ws004/tests/usb-cdc-ncm-driver-test.c	14	libc/include/time.h	keep-root libc/include->include	#include <time.h>
p023	plan-tests/include	plan/ws004/tests/usb-cdc-ncm-wire-test.c	4	libc/include/assert.h	keep-root libc/include->include	#include <assert.h>
p023	plan-tests/include	plan/ws004/tests/usb-cdc-ncm-wire-test.c	5	libc/include/errno.h	keep-root libc/include->include	#include <errno.h>
p023	plan-tests/include	plan/ws004/tests/usb-cdc-ncm-wire-test.c	6	libc/include/stdint.h	keep-root libc/include->include	#include <stdint.h>
p023	plan-tests/include	plan/ws004/tests/usb-cdc-ncm-wire-test.c	7	libc/include/stdio.h	keep-root libc/include->include	#include <stdio.h>
p023	plan-tests/include	plan/ws004/tests/usb-cdc-ncm-wire-test.c	8	libc/include/string.h	keep-root libc/include->include	#include <string.h>
p023	plan-tests/include	plan/ws004/tests/usb-function-model-test.c	7	libc/include/errno.h	keep-root libc/include->include	#include <errno.h>
p023	plan-tests/include	plan/ws004/tests/usb-function-model-test.c	8	libc/include/stdarg.h	keep-root libc/include->include	#include <stdarg.h>
p023	plan-tests/include	plan/ws004/tests/usb-function-model-test.c	9	libc/include/stdatomic.h	keep-root libc/include->include	#include <stdatomic.h>
p023	plan-tests/include	plan/ws004/tests/usb-function-model-test.c	10	libc/include/stdint.h	keep-root libc/include->include	#include <stdint.h>
p023	plan-tests/include	plan/ws004/tests/usb-function-model-test.c	11	libc/include/stdio.h	keep-root libc/include->include	#include <stdio.h>
p023	plan-tests/include	plan/ws004/tests/usb-function-model-test.c	12	libc/include/stdlib.h	keep-root libc/include->include	#include <stdlib.h>
p023	plan-tests/include	plan/ws004/tests/usb-function-model-test.c	13	libc/include/string.h	keep-root libc/include->include	#include <string.h>
p023	plan-tests/include	plan/ws004/tests/usb-function-model-test.c	14	libc/include/threads.h	keep-root libc/include->include	#include <threads.h>
p023	plan-tests/include	plan/ws004/tests/usb-function-model-test.c	15	libc/include/time.h	keep-root libc/include->include	#include <time.h>
p023	plan-tests/include	plan/ws004/tests/usb-hcd-zero-packet-test.c	2	libc/include/assert.h	keep-root libc/include->include	#include <assert.h>
p023	plan-tests/include	plan/ws004/tests/usb-hcd-zero-packet-test.c	3	libc/include/stddef.h	keep-root libc/include->include	#include <stddef.h>
p023	plan-tests/include	plan/ws004/tests/usb-hcd-zero-packet-test.c	4	libc/include/stdint.h	keep-root libc/include->include	#include <stdint.h>
p023	plan-tests/include	plan/ws004/tests/usb-hcd-zero-packet-test.c	5	libc/include/stdio.h	keep-root libc/include->include	#include <stdio.h>
p023	plan-tests/include	plan/ws004/tests/usb-recovery-contract-test.c	12	libc/include/errno.h	keep-root libc/include->include	#include <errno.h>
p023	plan-tests/include	plan/ws004/tests/usb-recovery-contract-test.c	13	libc/include/stdarg.h	keep-root libc/include->include	#include <stdarg.h>
p023	plan-tests/include	plan/ws004/tests/usb-recovery-contract-test.c	14	libc/include/stdatomic.h	keep-root libc/include->include	#include <stdatomic.h>
p023	plan-tests/include	plan/ws004/tests/usb-recovery-contract-test.c	15	libc/include/stdint.h	keep-root libc/include->include	#include <stdint.h>
p023	plan-tests/include	plan/ws004/tests/usb-recovery-contract-test.c	16	libc/include/stdio.h	keep-root libc/include->include	#include <stdio.h>
p023	plan-tests/include	plan/ws004/tests/usb-recovery-contract-test.c	17	libc/include/stdlib.h	keep-root libc/include->include	#include <stdlib.h>
p023	plan-tests/include	plan/ws004/tests/usb-recovery-contract-test.c	18	libc/include/string.h	keep-root libc/include->include	#include <string.h>
p023	plan-tests/include	plan/ws004/tests/usb-recovery-contract-test.c	19	libc/include/threads.h	keep-root libc/include->include	#include <threads.h>
p023	plan-tests/include	plan/ws004/tests/usb-rtl8822bu-driver-test.c	10	libc/include/assert.h	keep-root libc/include->include	#include <assert.h>
p023	plan-tests/include	plan/ws004/tests/usb-rtl8822bu-driver-test.c	11	libc/include/errno.h	keep-root libc/include->include	#include <errno.h>
p023	plan-tests/include	plan/ws004/tests/usb-rtl8822bu-driver-test.c	13	libc/include/pthread.h	keep-root libc/include->include	#include <pthread.h>
p023	plan-tests/include	plan/ws004/tests/usb-rtl8822bu-driver-test.c	15	libc/include/stdarg.h	keep-root libc/include->include	#include <stdarg.h>
p023	plan-tests/include	plan/ws004/tests/usb-rtl8822bu-driver-test.c	16	libc/include/stdint.h	keep-root libc/include->include	#include <stdint.h>
p023	plan-tests/include	plan/ws004/tests/usb-rtl8822bu-driver-test.c	17	libc/include/stdio.h	keep-root libc/include->include	#include <stdio.h>
p023	plan-tests/include	plan/ws004/tests/usb-rtl8822bu-driver-test.c	18	libc/include/stdlib.h	keep-root libc/include->include	#include <stdlib.h>
p023	plan-tests/include	plan/ws004/tests/usb-rtl8822bu-driver-test.c	19	libc/include/string.h	keep-root libc/include->include	#include <string.h>
p023	plan-tests/include	plan/ws004/tests/usb-rtl8822bu-driver-test.c	20	libc/include/time.h	keep-root libc/include->include	#include <time.h>
p023	plan-tests/include	plan/ws004/tests/usb-storage-no-media-test.c	2	libc/include/stdarg.h	keep-root libc/include->include	#include <stdarg.h>
p023	plan-tests/include	plan/ws004/tests/usb-storage-no-media-test.c	3	libc/include/stdint.h	keep-root libc/include->include	#include <stdint.h>
p023	plan-tests/include	plan/ws004/tests/usb-storage-no-media-test.c	4	libc/include/stdio.h	keep-root libc/include->include	#include <stdio.h>
p023	plan-tests/include	plan/ws004/tests/usb-storage-no-media-test.c	5	libc/include/stdlib.h	keep-root libc/include->include	#include <stdlib.h>
p023	plan-tests/include	plan/ws004/tests/usb-storage-no-media-test.c	6	libc/include/string.h	keep-root libc/include->include	#include <string.h>
p023	plan-tests/include	plan/ws004/tests/usb-storage-scsi-test.c	4	libc/include/assert.h	keep-root libc/include->include	#include <assert.h>
p023	plan-tests/include	plan/ws004/tests/usb-storage-scsi-test.c	5	libc/include/stdio.h	keep-root libc/include->include	#include <stdio.h>
p023	plan-tests/include	plan/ws004/tests/usb-storage-scsi-test.c	6	libc/include/string.h	keep-root libc/include->include	#include <string.h>
p023	plan-tests/include	plan/ws004/tests/usb-urb-publication-test.c	2	libc/include/pthread.h	keep-root libc/include->include	#include <pthread.h>
p023	plan-tests/include	plan/ws004/tests/usb-urb-publication-test.c	3	libc/include/stdatomic.h	keep-root libc/include->include	#include <stdatomic.h>
p023	plan-tests/include	plan/ws004/tests/usb-urb-publication-test.c	4	libc/include/stddef.h	keep-root libc/include->include	#include <stddef.h>
p023	plan-tests/include	plan/ws004/tests/usb-urb-publication-test.c	5	libc/include/stdio.h	keep-root libc/include->include	#include <stdio.h>
p023	plan-tests/include	plan/ws004/tests/usb-urb-publication-test.c	6	libc/include/stdlib.h	keep-root libc/include->include	#include <stdlib.h>
p023	plan-tests/include	plan/ws004/tests/wlan-ccmp-reference-test.c	11	libc/include/assert.h	keep-root libc/include->include	#include <assert.h>
p023	plan-tests/include	plan/ws004/tests/wlan-ccmp-reference-test.c	12	libc/include/errno.h	keep-root libc/include->include	#include <errno.h>
p023	plan-tests/include	plan/ws004/tests/wlan-ccmp-reference-test.c	13	libc/include/stdint.h	keep-root libc/include->include	#include <stdint.h>
p023	plan-tests/include	plan/ws004/tests/wlan-ccmp-reference-test.c	14	libc/include/stdio.h	keep-root libc/include->include	#include <stdio.h>
p023	plan-tests/include	plan/ws004/tests/wlan-ccmp-reference-test.c	15	libc/include/string.h	keep-root libc/include->include	#include <string.h>
p023	plan-tests/include	plan/ws004/tests/wlan-common-core-test.c	8	libc/include/assert.h	keep-root libc/include->include	#include <assert.h>
p023	plan-tests/include	plan/ws004/tests/wlan-common-core-test.c	9	libc/include/errno.h	keep-root libc/include->include	#include <errno.h>
p023	plan-tests/include	plan/ws004/tests/wlan-common-core-test.c	10	libc/include/pthread.h	keep-root libc/include->include	#include <pthread.h>
p023	plan-tests/include	plan/ws004/tests/wlan-common-core-test.c	11	libc/include/stdint.h	keep-root libc/include->include	#include <stdint.h>
p023	plan-tests/include	plan/ws004/tests/wlan-common-core-test.c	12	libc/include/stdio.h	keep-root libc/include->include	#include <stdio.h>
p023	plan-tests/include	plan/ws004/tests/wlan-common-core-test.c	13	libc/include/string.h	keep-root libc/include->include	#include <string.h>
p023	plan-tests/include	plan/ws004/tests/wlan-crypto-test.c	4	libc/include/assert.h	keep-root libc/include->include	#include <assert.h>
p023	plan-tests/include	plan/ws004/tests/wlan-crypto-test.c	5	libc/include/errno.h	keep-root libc/include->include	#include <errno.h>
p023	plan-tests/include	plan/ws004/tests/wlan-crypto-test.c	6	libc/include/stdint.h	keep-root libc/include->include	#include <stdint.h>
p023	plan-tests/include	plan/ws004/tests/wlan-crypto-test.c	7	libc/include/stdio.h	keep-root libc/include->include	#include <stdio.h>
p023	plan-tests/include	plan/ws004/tests/wlan-crypto-test.c	8	libc/include/string.h	keep-root libc/include->include	#include <string.h>
p023	plan-tests/include	plan/ws004/tests/wlan-l2-test.c	4	libc/include/assert.h	keep-root libc/include->include	#include <assert.h>
p023	plan-tests/include	plan/ws004/tests/wlan-l2-test.c	5	libc/include/errno.h	keep-root libc/include->include	#include <errno.h>
p023	plan-tests/include	plan/ws004/tests/wlan-l2-test.c	6	libc/include/stdint.h	keep-root libc/include->include	#include <stdint.h>
p023	plan-tests/include	plan/ws004/tests/wlan-l2-test.c	7	libc/include/stdio.h	keep-root libc/include->include	#include <stdio.h>
p023	plan-tests/include	plan/ws004/tests/wlan-l2-test.c	8	libc/include/string.h	keep-root libc/include->include	#include <string.h>
p023	plan-tests/include	plan/ws004/tests/wlan-probe-guest.c	7	libc/include/errno.h	keep-root libc/include->include	#include <errno.h>
p023	plan-tests/include	plan/ws004/tests/wlan-probe-guest.c	8	libc/include/stdio.h	keep-root libc/include->include	#include <stdio.h>
p023	plan-tests/include	plan/ws004/tests/wlan-probe-guest.c	9	libc/include/string.h	keep-root libc/include->include	#include <string.h>
p023	plan-tests/include	plan/ws004/tests/wlan-probe-guest.c	10	libc/include/sys/wait.h	keep-root libc/include->include	#include <sys/wait.h>
p023	plan-tests/include	plan/ws004/tests/wlan-probe-guest.c	11	libc/include/termios.h	keep-root libc/include->include	#include <termios.h>
p023	plan-tests/include	plan/ws004/tests/wlan-probe-guest.c	12	libc/include/unistd.h	keep-root libc/include->include	#include <unistd.h>
p023	plan-tests/include	plan/ws004/tests/wlan-uapi-layout-test.c	2	libc/include/stddef.h	keep-root libc/include->include	#include <stddef.h>
p023	plan-tests/include	plan/ws004/tests/wlan-uapi-layout-test.c	3	libc/include/stdint.h	keep-root libc/include->include	#include <stdint.h>
p023	plan-tests/include	plan/ws004/tests/wlan-uapi-layout-test.c	4	libc/include/sys/ioctl.h	keep-root libc/include->include	#include <sys/ioctl.h>
p023	plan-tests/include	plan/ws004/tests/wlan-wpa2-codec-test.c	5	libc/include/assert.h	keep-root libc/include->include	#include <assert.h>
p023	plan-tests/include	plan/ws004/tests/wlan-wpa2-codec-test.c	6	libc/include/errno.h	keep-root libc/include->include	#include <errno.h>
p023	plan-tests/include	plan/ws004/tests/wlan-wpa2-codec-test.c	7	libc/include/stdint.h	keep-root libc/include->include	#include <stdint.h>
p023	plan-tests/include	plan/ws004/tests/wlan-wpa2-codec-test.c	8	libc/include/string.h	keep-root libc/include->include	#include <string.h>
p023	plan-tests/include	plan/ws004/tests/wlan-wpa2-engine-test.c	4	libc/include/assert.h	keep-root libc/include->include	#include <assert.h>
p023	plan-tests/include	plan/ws004/tests/wlan-wpa2-engine-test.c	5	libc/include/errno.h	keep-root libc/include->include	#include <errno.h>
p023	plan-tests/include	plan/ws004/tests/wlan-wpa2-engine-test.c	6	libc/include/stdint.h	keep-root libc/include->include	#include <stdint.h>
p023	plan-tests/include	plan/ws004/tests/wlan-wpa2-engine-test.c	7	libc/include/string.h	keep-root libc/include->include	#include <string.h>
p023	plan-tests/include	plan/ws004/tests/xhci-concurrent-urbs-test.c	5	libc/include/assert.h	keep-root libc/include->include	#include <assert.h>
p023	plan-tests/include	plan/ws004/tests/xhci-concurrent-urbs-test.c	6	libc/include/errno.h	keep-root libc/include->include	#include <errno.h>
p023	plan-tests/include	plan/ws004/tests/xhci-concurrent-urbs-test.c	7	libc/include/stddef.h	keep-root libc/include->include	#include <stddef.h>
p023	plan-tests/include	plan/ws004/tests/xhci-concurrent-urbs-test.c	8	libc/include/stdint.h	keep-root libc/include->include	#include <stdint.h>
p023	plan-tests/include	plan/ws004/tests/xhci-concurrent-urbs-test.c	9	libc/include/stdio.h	keep-root libc/include->include	#include <stdio.h>
p023	plan-tests/include	plan/ws004/tests/xhci-concurrent-urbs-test.c	10	libc/include/string.h	keep-root libc/include->include	#include <string.h>
p023	plan-tests/include	plan/ws004/tests/xhci-model-test.c	5	libc/include/assert.h	keep-root libc/include->include	#include <assert.h>
p023	plan-tests/include	plan/ws004/tests/xhci-model-test.c	6	libc/include/stddef.h	keep-root libc/include->include	#include <stddef.h>
p023	plan-tests/include	plan/ws004/tests/xhci-model-test.c	7	libc/include/stdint.h	keep-root libc/include->include	#include <stdint.h>
p023	plan-tests/include	plan/ws004/tests/xhci-model-test.c	8	libc/include/stdio.h	keep-root libc/include->include	#include <stdio.h>
p023	plan-tests/include	plan/ws004/tests/xhci-superspeed-interrupt-context-test.c	8	libc/include/stdint.h	keep-root libc/include->include	#include <stdint.h>
p023	plan-tests/include	plan/ws004/tests/xhci-superspeed-interrupt-context-test.c	9	libc/include/stdio.h	keep-root libc/include->include	#include <stdio.h>
p023	plan-tests/include	plan/ws004/tests/xhci-superspeed-interrupt-context-test.c	10	libc/include/stdlib.h	keep-root libc/include->include	#include <stdlib.h>
p023	plan-tests/include	plan/ws005/tests/dhcpc-state-test.c	6	libc/include/errno.h	keep-root libc/include->include	#include <errno.h>
p023	plan-tests/include	plan/ws005/tests/dhcpc-state-test.c	7	libc/include/net/if.h	keep-root libc/include->include	#include <net/if.h>
p023	plan-tests/include	plan/ws005/tests/dhcpc-state-test.c	8	libc/include/signal.h	keep-root libc/include->include	#include <signal.h>
p023	plan-tests/include	plan/ws005/tests/dhcpc-state-test.c	9	libc/include/stdarg.h	keep-root libc/include->include	#include <stdarg.h>
p023	plan-tests/include	plan/ws005/tests/dhcpc-state-test.c	10	libc/include/stdint.h	keep-root libc/include->include	#include <stdint.h>
p023	plan-tests/include	plan/ws005/tests/dhcpc-state-test.c	11	libc/include/stdio.h	keep-root libc/include->include	#include <stdio.h>
p023	plan-tests/include	plan/ws005/tests/dhcpc-state-test.c	12	libc/include/stdlib.h	keep-root libc/include->include	#include <stdlib.h>
p023	plan-tests/include	plan/ws005/tests/dhcpc-state-test.c	13	libc/include/string.h	keep-root libc/include->include	#include <string.h>
p023	plan-tests/include	plan/ws005/tests/dhcpc-state-test.c	14	libc/include/sys/ioctl.h	keep-root libc/include->include	#include <sys/ioctl.h>
p023	plan-tests/include	plan/ws005/tests/dhcpc-state-test.c	15	libc/include/sys/socket.h	keep-root libc/include->include	#include <sys/socket.h>
p023	plan-tests/include	plan/ws005/tests/dhcpc-state-test.c	16	libc/include/unistd.h	keep-root libc/include->include	#include <unistd.h>
p023	plan-tests/include	plan/ws005/tests/inet-ioctl-authorization-test.c	11	libc/include/errno.h	keep-root libc/include->include	#include <errno.h>
p023	plan-tests/include	plan/ws005/tests/inet-ioctl-authorization-test.c	12	libc/include/stdbool.h	keep-root libc/include->include	#include <stdbool.h>
p023	plan-tests/include	plan/ws005/tests/inet-ioctl-authorization-test.c	13	libc/include/stdint.h	keep-root libc/include->include	#include <stdint.h>
p023	plan-tests/include	plan/ws005/tests/inet-ioctl-authorization-test.c	14	libc/include/stdio.h	keep-root libc/include->include	#include <stdio.h>
p023	plan-tests/include	plan/ws005/tests/inet-ioctl-authorization-test.c	15	libc/include/stdlib.h	keep-root libc/include->include	#include <stdlib.h>
p023	plan-tests/include	plan/ws005/tests/inet-ioctl-authorization-test.c	16	libc/include/string.h	keep-root libc/include->include	#include <string.h>
p023	plan-tests/include	plan/ws005/tests/networkd-auth-test.c	4	libc/include/errno.h	keep-root libc/include->include	#include <errno.h>
p023	plan-tests/include	plan/ws005/tests/networkd-auth-test.c	5	libc/include/grp.h	keep-root libc/include->include	#include <grp.h>
p023	plan-tests/include	plan/ws005/tests/networkd-auth-test.c	6	libc/include/stdint.h	keep-root libc/include->include	#include <stdint.h>
p023	plan-tests/include	plan/ws005/tests/networkd-auth-test.c	7	libc/include/stdio.h	keep-root libc/include->include	#include <stdio.h>
p023	plan-tests/include	plan/ws005/tests/networkd-auth-test.c	8	libc/include/stdlib.h	keep-root libc/include->include	#include <stdlib.h>
p023	plan-tests/include	plan/ws005/tests/networkd-auth-test.c	9	libc/include/string.h	keep-root libc/include->include	#include <string.h>
p023	plan-tests/include	plan/ws005/tests/networkd-auth-test.c	10	libc/include/sys/socket.h	keep-root libc/include->include	#include <sys/socket.h>
p023	plan-tests/include	plan/ws005/tests/networkd-auth-test.c	11	libc/include/sys/stat.h	keep-root libc/include->include	#include <sys/stat.h>
p023	plan-tests/include	plan/ws005/tests/networkd-auth-test.c	12	libc/include/sys/un.h	keep-root libc/include->include	#include <sys/un.h>
p023	plan-tests/include	plan/ws005/tests/networkd-auth-test.c	13	libc/include/unistd.h	keep-root libc/include->include	#include <unistd.h>
p023	plan-tests/include	plan/ws005/tests/networkd-managed-wlan-test.c	16	libc/include/errno.h	keep-root libc/include->include	#include <errno.h>
p023	plan-tests/include	plan/ws005/tests/networkd-managed-wlan-test.c	17	libc/include/stdio.h	keep-root libc/include->include	#include <stdio.h>
p023	plan-tests/include	plan/ws005/tests/networkd-managed-wlan-test.c	18	libc/include/stdlib.h	keep-root libc/include->include	#include <stdlib.h>
p023	plan-tests/include	plan/ws005/tests/networkd-managed-wlan-test.c	19	libc/include/string.h	keep-root libc/include->include	#include <string.h>
p023	plan-tests/include	plan/ws005/tests/networkd-protocol-test.c	7	libc/include/errno.h	keep-root libc/include->include	#include <errno.h>
p023	plan-tests/include	plan/ws005/tests/networkd-protocol-test.c	8	libc/include/signal.h	keep-root libc/include->include	#include <signal.h>
p023	plan-tests/include	plan/ws005/tests/networkd-protocol-test.c	9	libc/include/stdio.h	keep-root libc/include->include	#include <stdio.h>
p023	plan-tests/include	plan/ws005/tests/networkd-protocol-test.c	10	libc/include/stdlib.h	keep-root libc/include->include	#include <stdlib.h>
p023	plan-tests/include	plan/ws005/tests/networkd-protocol-test.c	11	libc/include/string.h	keep-root libc/include->include	#include <string.h>
p023	plan-tests/include	plan/ws005/tests/networkd-protocol-test.c	12	libc/include/sys/socket.h	keep-root libc/include->include	#include <sys/socket.h>
p023	plan-tests/include	plan/ws005/tests/networkd-protocol-test.c	13	libc/include/unistd.h	keep-root libc/include->include	#include <unistd.h>
p023	plan-tests/include	plan/ws005/tests/networkd-radio-preparation-test.c	16	libc/include/errno.h	keep-root libc/include->include	#include <errno.h>
p023	plan-tests/include	plan/ws005/tests/networkd-radio-preparation-test.c	17	libc/include/stdio.h	keep-root libc/include->include	#include <stdio.h>
p023	plan-tests/include	plan/ws005/tests/networkd-radio-preparation-test.c	18	libc/include/stdlib.h	keep-root libc/include->include	#include <stdlib.h>
p023	plan-tests/include	plan/ws005/tests/networkd-radio-preparation-test.c	19	libc/include/string.h	keep-root libc/include->include	#include <string.h>
p023	plan-tests/include	plan/ws005/tests/networkd-retire-stage-test.c	9	libc/include/errno.h	keep-root libc/include->include	#include <errno.h>
p023	plan-tests/include	plan/ws005/tests/networkd-retire-stage-test.c	10	libc/include/fcntl.h	keep-root libc/include->include	#include <fcntl.h>
p023	plan-tests/include	plan/ws005/tests/networkd-retire-stage-test.c	11	libc/include/stdarg.h	keep-root libc/include->include	#include <stdarg.h>
p023	plan-tests/include	plan/ws005/tests/networkd-retire-stage-test.c	12	libc/include/stdio.h	keep-root libc/include->include	#include <stdio.h>
p023	plan-tests/include	plan/ws005/tests/networkd-retire-stage-test.c	13	libc/include/stdlib.h	keep-root libc/include->include	#include <stdlib.h>
p023	plan-tests/include	plan/ws005/tests/networkd-retire-stage-test.c	14	libc/include/string.h	keep-root libc/include->include	#include <string.h>
p023	plan-tests/include	plan/ws005/tests/networkd-retire-stage-test.c	15	libc/include/sys/ioctl.h	keep-root libc/include->include	#include <sys/ioctl.h>
p023	plan-tests/include	plan/ws005/tests/networkd-retire-stage-test.c	16	libc/include/sys/socket.h	keep-root libc/include->include	#include <sys/socket.h>
p023	plan-tests/include	plan/ws005/tests/networkd-retire-stage-test.c	17	libc/include/unistd.h	keep-root libc/include->include	#include <unistd.h>
p023	plan-tests/include	plan/ws005/tests/networkd-status-test.c	5	libc/include/errno.h	keep-root libc/include->include	#include <errno.h>
p023	plan-tests/include	plan/ws005/tests/networkd-status-test.c	6	libc/include/net/if.h	keep-root libc/include->include	#include <net/if.h>
p023	plan-tests/include	plan/ws005/tests/networkd-status-test.c	7	libc/include/stdarg.h	keep-root libc/include->include	#include <stdarg.h>
p023	plan-tests/include	plan/ws005/tests/networkd-status-test.c	8	libc/include/stdint.h	keep-root libc/include->include	#include <stdint.h>
p023	plan-tests/include	plan/ws005/tests/networkd-status-test.c	9	libc/include/stdio.h	keep-root libc/include->include	#include <stdio.h>
p023	plan-tests/include	plan/ws005/tests/networkd-status-test.c	10	libc/include/stdlib.h	keep-root libc/include->include	#include <stdlib.h>
p023	plan-tests/include	plan/ws005/tests/networkd-status-test.c	11	libc/include/string.h	keep-root libc/include->include	#include <string.h>
p023	plan-tests/include	plan/ws005/tests/networkd-status-test.c	12	libc/include/sys/ioctl.h	keep-root libc/include->include	#include <sys/ioctl.h>
p023	plan-tests/include	plan/ws005/tests/networkd-wifi-child-test.c	14	libc/include/fcntl.h	keep-root libc/include->include	#include <fcntl.h>
p023	plan-tests/include	plan/ws005/tests/networkd-wifi-child-test.c	15	libc/include/signal.h	keep-root libc/include->include	#include <signal.h>
p023	plan-tests/include	plan/ws005/tests/networkd-wifi-child-test.c	16	libc/include/stdarg.h	keep-root libc/include->include	#include <stdarg.h>
p023	plan-tests/include	plan/ws005/tests/networkd-wifi-child-test.c	17	libc/include/sys/types.h	keep-root libc/include->include	#include <sys/types.h>
p023	plan-tests/include	plan/ws005/tests/networkd-wifi-child-test.c	39	libc/include/stdio.h	keep-root libc/include->include	#include <stdio.h>
p023	plan-tests/include	plan/ws005/tests/networkd-wifi-selection-test.c	19	libc/include/errno.h	keep-root libc/include->include	#include <errno.h>
p023	plan-tests/include	plan/ws005/tests/networkd-wifi-selection-test.c	20	libc/include/stdarg.h	keep-root libc/include->include	#include <stdarg.h>
p023	plan-tests/include	plan/ws005/tests/networkd-wifi-selection-test.c	21	libc/include/stdio.h	keep-root libc/include->include	#include <stdio.h>
p023	plan-tests/include	plan/ws005/tests/networkd-wifi-selection-test.c	22	libc/include/stdlib.h	keep-root libc/include->include	#include <stdlib.h>
p023	plan-tests/include	plan/ws005/tests/networkd-wifi-selection-test.c	23	libc/include/string.h	keep-root libc/include->include	#include <string.h>
p023	plan-tests/include	plan/ws005/tests/peercred-native-test.c	2	libc/include/sys/socket.h	keep-root libc/include->include	#include <sys/socket.h>
p023	plan-tests/include	plan/ws005/tests/peercred-native-test.c	3	libc/include/sys/stat.h	keep-root libc/include->include	#include <sys/stat.h>
p023	plan-tests/include	plan/ws005/tests/peercred-native-test.c	4	libc/include/sys/types.h	keep-root libc/include->include	#include <sys/types.h>
p023	plan-tests/include	plan/ws005/tests/peercred-native-test.c	5	libc/include/sys/uio.h	keep-root libc/include->include	#include <sys/uio.h>
p023	plan-tests/include	plan/ws005/tests/peercred-native-test.c	6	libc/include/sys/un.h	keep-root libc/include->include	#include <sys/un.h>
p023	plan-tests/include	plan/ws005/tests/peercred-native-test.c	7	libc/include/sys/wait.h	keep-root libc/include->include	#include <sys/wait.h>
p023	plan-tests/include	plan/ws005/tests/peercred-native-test.c	9	libc/include/errno.h	keep-root libc/include->include	#include <errno.h>
p023	plan-tests/include	plan/ws005/tests/peercred-native-test.c	10	libc/include/fcntl.h	keep-root libc/include->include	#include <fcntl.h>
p023	plan-tests/include	plan/ws005/tests/peercred-native-test.c	11	libc/include/pthread.h	keep-root libc/include->include	#include <pthread.h>
p023	plan-tests/include	plan/ws005/tests/peercred-native-test.c	12	libc/include/stddef.h	keep-root libc/include->include	#include <stddef.h>
p023	plan-tests/include	plan/ws005/tests/peercred-native-test.c	13	libc/include/stdint.h	keep-root libc/include->include	#include <stdint.h>
p023	plan-tests/include	plan/ws005/tests/peercred-native-test.c	14	libc/include/stdio.h	keep-root libc/include->include	#include <stdio.h>
p023	plan-tests/include	plan/ws005/tests/peercred-native-test.c	15	libc/include/string.h	keep-root libc/include->include	#include <string.h>
p023	plan-tests/include	plan/ws005/tests/peercred-native-test.c	16	libc/include/sys/ioctl.h	keep-root libc/include->include	#include <sys/ioctl.h>
p023	plan-tests/include	plan/ws005/tests/peercred-native-test.c	17	libc/include/unistd.h	keep-root libc/include->include	#include <unistd.h>
p023	plan-tests/include	plan/ws005/tests/story-include/arpa/inet.h	1	libc/include/arpa/inet.h	libc/include/arpa/inet.h -> include/arpa/inet.h	#include "libc/include/arpa/inet.h"
p023	plan-tests/include	plan/ws005/tests/story-include/net/if.h	1	libc/include/net/if.h	libc/include/net/if.h -> include/net/if.h	#include "libc/include/net/if.h"
p023	plan-tests/include	plan/ws005/tests/story-include/net/route.h	1	libc/include/net/route.h	libc/include/net/route.h -> include/net/route.h	#include "libc/include/net/route.h"
p023	plan-tests/include	plan/ws005/tests/story-include/netinet/in.h	1	libc/include/netinet/in.h	libc/include/netinet/in.h -> include/netinet/in.h	#include "libc/include/netinet/in.h"
p023	plan-tests/include	plan/ws005/tests/story-include/sys/socket.h	1	libc/include/sys/socket.h	libc/include/sys/socket.h -> include/sys/socket.h	#include "libc/include/sys/socket.h"
p023	plan-tests/include	plan/ws005/tests/story-include/sys/un.h	1	libc/include/sys/un.h	libc/include/sys/un.h -> include/sys/un.h	#include "libc/include/sys/un.h"
p023	plan-tests/include	plan/ws005/tests/strerror-network-test.c	3	libc/include/errno.h	keep-root libc/include->include	#include <errno.h>
p023	plan-tests/include	plan/ws005/tests/strerror-network-test.c	4	libc/include/stddef.h	keep-root libc/include->include	#include <stddef.h>
p023	plan-tests/include	plan/ws005/tests/strerror-network-test.c	5	libc/include/string.h	keep-root libc/include->include	#include <string.h>
p023	plan-tests/include	plan/ws005/tests/wifi-command-test.c	4	libc/include/errno.h	keep-root libc/include->include	#include <errno.h>
p023	plan-tests/include	plan/ws005/tests/wifi-command-test.c	5	libc/include/netinet/in.h	keep-root libc/include->include	#include <netinet/in.h>
p023	plan-tests/include	plan/ws005/tests/wifi-command-test.c	6	libc/include/stdarg.h	keep-root libc/include->include	#include <stdarg.h>
p023	plan-tests/include	plan/ws005/tests/wifi-command-test.c	7	libc/include/stdint.h	keep-root libc/include->include	#include <stdint.h>
p023	plan-tests/include	plan/ws005/tests/wifi-command-test.c	8	libc/include/stdio.h	keep-root libc/include->include	#include <stdio.h>
p023	plan-tests/include	plan/ws005/tests/wifi-command-test.c	9	libc/include/stdlib.h	keep-root libc/include->include	#include <stdlib.h>
p023	plan-tests/include	plan/ws005/tests/wifi-command-test.c	10	libc/include/string.h	keep-root libc/include->include	#include <string.h>
p023	plan-tests/include	plan/ws005/tests/wifi-command-test.c	11	libc/include/sys/ioctl.h	keep-root libc/include->include	#include <sys/ioctl.h>
p023	plan-tests/include	plan/ws005/tests/wifi-command-test.c	12	libc/include/sys/socket.h	keep-root libc/include->include	#include <sys/socket.h>
p023	plan-tests/include	plan/ws005/tests/wifi-command-test.c	13	libc/include/time.h	keep-root libc/include->include	#include <time.h>
p023	plan-tests/include	plan/ws005/tests/wifi-command-test.c	14	libc/include/unistd.h	keep-root libc/include->include	#include <unistd.h>
p023	plan-tests/include	plan/ws005/tests/wifi-conf-model-test.c	7	libc/include/errno.h	keep-root libc/include->include	#include <errno.h>
p023	plan-tests/include	plan/ws005/tests/wifi-conf-model-test.c	8	libc/include/stdio.h	keep-root libc/include->include	#include <stdio.h>
p023	plan-tests/include	plan/ws005/tests/wifi-conf-model-test.c	9	libc/include/stdlib.h	keep-root libc/include->include	#include <stdlib.h>
p023	plan-tests/include	plan/ws005/tests/wifi-conf-model-test.c	10	libc/include/string.h	keep-root libc/include->include	#include <string.h>
p023	plan-tests/include	plan/ws005/tests/wifi-credential-native.c	7	libc/include/dirent.h	keep-root libc/include->include	#include <dirent.h>
p023	plan-tests/include	plan/ws005/tests/wifi-credential-native.c	8	libc/include/errno.h	keep-root libc/include->include	#include <errno.h>
p023	plan-tests/include	plan/ws005/tests/wifi-credential-native.c	9	libc/include/fcntl.h	keep-root libc/include->include	#include <fcntl.h>
p023	plan-tests/include	plan/ws005/tests/wifi-credential-native.c	10	libc/include/grp.h	keep-root libc/include->include	#include <grp.h>
p023	plan-tests/include	plan/ws005/tests/wifi-credential-native.c	11	libc/include/stdio.h	keep-root libc/include->include	#include <stdio.h>
p023	plan-tests/include	plan/ws005/tests/wifi-credential-native.c	12	libc/include/stdlib.h	keep-root libc/include->include	#include <stdlib.h>
p023	plan-tests/include	plan/ws005/tests/wifi-credential-native.c	13	libc/include/string.h	keep-root libc/include->include	#include <string.h>
p023	plan-tests/include	plan/ws005/tests/wifi-credential-native.c	14	libc/include/sys/stat.h	keep-root libc/include->include	#include <sys/stat.h>
p023	plan-tests/include	plan/ws005/tests/wifi-credential-native.c	15	libc/include/sys/types.h	keep-root libc/include->include	#include <sys/types.h>
p023	plan-tests/include	plan/ws005/tests/wifi-credential-native.c	16	libc/include/sys/wait.h	keep-root libc/include->include	#include <sys/wait.h>
p023	plan-tests/include	plan/ws005/tests/wifi-credential-native.c	17	libc/include/unistd.h	keep-root libc/include->include	#include <unistd.h>
p023	plan-tests/include	plan/ws005/tests/wifi-store-test.c	8	libc/include/dirent.h	keep-root libc/include->include	#include <dirent.h>
p023	plan-tests/include	plan/ws005/tests/wifi-store-test.c	9	libc/include/errno.h	keep-root libc/include->include	#include <errno.h>
p023	plan-tests/include	plan/ws005/tests/wifi-store-test.c	10	libc/include/fcntl.h	keep-root libc/include->include	#include <fcntl.h>
p023	plan-tests/include	plan/ws005/tests/wifi-store-test.c	11	libc/include/limits.h	keep-root libc/include->include	#include <limits.h>
p023	plan-tests/include	plan/ws005/tests/wifi-store-test.c	12	libc/include/signal.h	keep-root libc/include->include	#include <signal.h>
p023	plan-tests/include	plan/ws005/tests/wifi-store-test.c	13	libc/include/stdio.h	keep-root libc/include->include	#include <stdio.h>
p023	plan-tests/include	plan/ws005/tests/wifi-store-test.c	14	libc/include/stdlib.h	keep-root libc/include->include	#include <stdlib.h>
p023	plan-tests/include	plan/ws005/tests/wifi-store-test.c	15	libc/include/string.h	keep-root libc/include->include	#include <string.h>
p023	plan-tests/include	plan/ws005/tests/wifi-store-test.c	16	libc/include/sys/stat.h	keep-root libc/include->include	#include <sys/stat.h>
p023	plan-tests/include	plan/ws005/tests/wifi-store-test.c	17	libc/include/sys/types.h	keep-root libc/include->include	#include <sys/types.h>
p023	plan-tests/include	plan/ws005/tests/wifi-store-test.c	18	libc/include/sys/wait.h	keep-root libc/include->include	#include <sys/wait.h>
p023	plan-tests/include	plan/ws005/tests/wifi-store-test.c	19	libc/include/time.h	keep-root libc/include->include	#include <time.h>
p023	plan-tests/include	plan/ws005/tests/wifi-store-test.c	20	libc/include/unistd.h	keep-root libc/include->include	#include <unistd.h>
p023	plan-tests/include	plan/ws005/tests/wifi-story-test.c	3	libc/include/assert.h	keep-root libc/include->include	#include <assert.h>
p023	plan-tests/include	plan/ws005/tests/wifi-story-test.c	4	libc/include/errno.h	keep-root libc/include->include	#include <errno.h>
p023	plan-tests/include	plan/ws005/tests/wifi-story-test.c	5	libc/include/fcntl.h	keep-root libc/include->include	#include <fcntl.h>
p023	plan-tests/include	plan/ws005/tests/wifi-story-test.c	6	libc/include/stdlib.h	keep-root libc/include->include	#include <stdlib.h>
p023	plan-tests/include	plan/ws005/tests/wifi-story-test.c	7	libc/include/string.h	keep-root libc/include->include	#include <string.h>
p023	plan-tests/include	plan/ws005/tests/wifi-story-test.c	8	libc/include/sys/mman.h	keep-root libc/include->include	#include <sys/mman.h>
p023	plan-tests/include	plan/ws005/tests/wifi-story-test.c	9	libc/include/unistd.h	keep-root libc/include->include	#include <unistd.h>
p023	plan-tests/include	plan/ws005/tests/wifi-story-world.c	3	libc/include/errno.h	keep-root libc/include->include	#include <errno.h>
p023	plan-tests/include	plan/ws005/tests/wifi-story-world.c	4	libc/include/fcntl.h	keep-root libc/include->include	#include <fcntl.h>
p023	plan-tests/include	plan/ws005/tests/wifi-story-world.c	5	libc/include/stdarg.h	keep-root libc/include->include	#include <stdarg.h>
p023	plan-tests/include	plan/ws005/tests/wifi-story-world.c	6	libc/include/stdlib.h	keep-root libc/include->include	#include <stdlib.h>
p023	plan-tests/include	plan/ws005/tests/wifi-story-world.c	7	libc/include/string.h	keep-root libc/include->include	#include <string.h>
p023	plan-tests/include	plan/ws005/tests/wifi-story-world.c	8	libc/include/sys/mman.h	keep-root libc/include->include	#include <sys/mman.h>
p023	plan-tests/include	plan/ws005/tests/wifi-story-world.c	9	libc/include/sys/ioctl.h	keep-root libc/include->include	#include <sys/ioctl.h>
p023	plan-tests/include	plan/ws005/tests/wifi-story-world.c	10	libc/include/sys/wait.h	keep-root libc/include->include	#include <sys/wait.h>
p023	plan-tests/include	plan/ws005/tests/wifi-story-world.c	11	libc/include/unistd.h	keep-root libc/include->include	#include <unistd.h>
p023	plan-tests/include	plan/ws005/tests/wifi-story-world.c	12	libc/include/net/route.h	keep-root libc/include->include	#include <net/route.h>
p023	plan-tests/include	plan/ws005/tests/wifi-story.h	7	libc/include/stdio.h	keep-root libc/include->include	#include <stdio.h>
p023	plan-tests/include	plan/ws005/tests/wifi-story.h	8	libc/include/time.h	keep-root libc/include->include	#include <time.h>
p023	plan-tests/include	plan/ws005/tests/wifi-story.h	9	libc/include/sys/socket.h	keep-root libc/include->include	#include <sys/socket.h>
p023	plan-tests/include	plan/ws006/tests/console-input-ownership-test.c	8	libc/include/assert.h	keep-root libc/include->include	#include <assert.h>
p023	plan-tests/include	plan/ws006/tests/console-input-ownership-test.c	9	libc/include/sched.h	keep-root libc/include->include	#include <sched.h>
p023	plan-tests/include	plan/ws006/tests/console-input-ownership-test.c	10	libc/include/stdint.h	keep-root libc/include->include	#include <stdint.h>
p023	plan-tests/include	plan/ws006/tests/console-input-ownership-test.c	11	libc/include/stdio.h	keep-root libc/include->include	#include <stdio.h>
p023	plan-tests/include	plan/ws006/tests/console-input-ownership-test.c	12	libc/include/string.h	keep-root libc/include->include	#include <string.h>
p023	plan-tests/include	plan/ws006/tests/dynamic-cdev-devfs-test.c	30	libc/include/assert.h	keep-root libc/include->include	#include <assert.h>
p023	plan-tests/include	plan/ws006/tests/dynamic-cdev-devfs-test.c	31	libc/include/errno.h	keep-root libc/include->include	#include <errno.h>
p023	plan-tests/include	plan/ws006/tests/dynamic-cdev-devfs-test.c	32	libc/include/fcntl.h	keep-root libc/include->include	#include <fcntl.h>
p023	plan-tests/include	plan/ws006/tests/dynamic-cdev-devfs-test.c	33	libc/include/pthread.h	keep-root libc/include->include	#include <pthread.h>
p023	plan-tests/include	plan/ws006/tests/dynamic-cdev-devfs-test.c	34	libc/include/sched.h	keep-root libc/include->include	#include <sched.h>
p023	plan-tests/include	plan/ws006/tests/dynamic-cdev-devfs-test.c	35	libc/include/stdint.h	keep-root libc/include->include	#include <stdint.h>
p023	plan-tests/include	plan/ws006/tests/dynamic-cdev-devfs-test.c	36	libc/include/stdio.h	keep-root libc/include->include	#include <stdio.h>
p023	plan-tests/include	plan/ws006/tests/dynamic-cdev-devfs-test.c	37	libc/include/stdlib.h	keep-root libc/include->include	#include <stdlib.h>
p023	plan-tests/include	plan/ws006/tests/dynamic-cdev-devfs-test.c	38	libc/include/string.h	keep-root libc/include->include	#include <string.h>
p023	plan-tests/include	plan/ws006/tests/dynamic-cdev-devfs-test.c	39	libc/include/sys/statvfs.h	keep-root libc/include->include	#include <sys/statvfs.h>
p023	plan-tests/include	plan/ws006/tests/evdev-capability-probe.c	6	libc/include/dirent.h	keep-root libc/include->include	#include <dirent.h>
p023	plan-tests/include	plan/ws006/tests/evdev-capability-probe.c	7	libc/include/errno.h	keep-root libc/include->include	#include <errno.h>
p023	plan-tests/include	plan/ws006/tests/evdev-capability-probe.c	8	libc/include/fcntl.h	keep-root libc/include->include	#include <fcntl.h>
p023	plan-tests/include	plan/ws006/tests/evdev-capability-probe.c	9	libc/include/stdio.h	keep-root libc/include->include	#include <stdio.h>
p023	plan-tests/include	plan/ws006/tests/evdev-capability-probe.c	10	libc/include/string.h	keep-root libc/include->include	#include <string.h>
p023	plan-tests/include	plan/ws006/tests/evdev-capability-probe.c	11	libc/include/sys/ioctl.h	keep-root libc/include->include	#include <sys/ioctl.h>
p023	plan-tests/include	plan/ws006/tests/evdev-capability-probe.c	12	libc/include/unistd.h	keep-root libc/include->include	#include <unistd.h>
p023	plan-tests/include	plan/ws006/tests/evdev-capability-probe.c	15	libc/include/termios.h	keep-root libc/include->include	#include <termios.h>
p023	plan-tests/include	plan/ws006/tests/evdev-layout-test.c	1	libc/include/stddef.h	keep-root libc/include->include	#include <stddef.h>
p023	plan-tests/include	plan/ws006/tests/evdev-layout-test.c	2	libc/include/dev/evdev/input.h	keep-root libc/include->include	#include <dev/evdev/input.h>
p023	plan-tests/include	plan/ws006/tests/evdev-layout-test.c	3	libc/include/linux/input.h	keep-root libc/include->include	#include <linux/input.h>
p023	plan-tests/include	plan/ws006/tests/hal-input-resync-test.c	5	libc/include/assert.h	keep-root libc/include->include	#include <assert.h>
p023	plan-tests/include	plan/ws006/tests/hal-input-resync-test.c	6	libc/include/stdint.h	keep-root libc/include->include	#include <stdint.h>
p023	plan-tests/include	plan/ws006/tests/hal-input-resync-test.c	7	libc/include/stdio.h	keep-root libc/include->include	#include <stdio.h>
p023	plan-tests/include	plan/ws006/tests/hal-input-resync-test.c	8	libc/include/string.h	keep-root libc/include->include	#include <string.h>
p023	plan-tests/include	plan/ws006/tests/hid-report-test.c	4	libc/include/errno.h	keep-root libc/include->include	#include <errno.h>
p023	plan-tests/include	plan/ws006/tests/hid-report-test.c	5	libc/include/stdint.h	keep-root libc/include->include	#include <stdint.h>
p023	plan-tests/include	plan/ws006/tests/hid-report-test.c	6	libc/include/stdio.h	keep-root libc/include->include	#include <stdio.h>
p023	plan-tests/include	plan/ws006/tests/hid-report-test.c	7	libc/include/stdlib.h	keep-root libc/include->include	#include <stdlib.h>
p023	plan-tests/include	plan/ws006/tests/hid-report-test.c	8	libc/include/string.h	keep-root libc/include->include	#include <string.h>
p023	plan-tests/include	plan/ws006/tests/input-capability-test.c	4	libc/include/assert.h	keep-root libc/include->include	#include <assert.h>
p023	plan-tests/include	plan/ws006/tests/input-capability-test.c	5	libc/include/errno.h	keep-root libc/include->include	#include <errno.h>
p023	plan-tests/include	plan/ws006/tests/input-capability-test.c	6	libc/include/stddef.h	keep-root libc/include->include	#include <stddef.h>
p023	plan-tests/include	plan/ws006/tests/input-capability-test.c	7	libc/include/stdint.h	keep-root libc/include->include	#include <stdint.h>
p023	plan-tests/include	plan/ws006/tests/input-capability-test.c	8	libc/include/stdio.h	keep-root libc/include->include	#include <stdio.h>
p023	plan-tests/include	plan/ws006/tests/input-capability-test.c	9	libc/include/string.h	keep-root libc/include->include	#include <string.h>
p023	plan-tests/include	plan/ws006/tests/input-device-ownership-test.c	10	libc/include/assert.h	keep-root libc/include->include	#include <assert.h>
p023	plan-tests/include	plan/ws006/tests/input-device-ownership-test.c	11	libc/include/errno.h	keep-root libc/include->include	#include <errno.h>
p023	plan-tests/include	plan/ws006/tests/input-device-ownership-test.c	12	libc/include/stdarg.h	keep-root libc/include->include	#include <stdarg.h>
p023	plan-tests/include	plan/ws006/tests/input-device-ownership-test.c	13	libc/include/stdint.h	keep-root libc/include->include	#include <stdint.h>
p023	plan-tests/include	plan/ws006/tests/input-device-ownership-test.c	14	libc/include/stdio.h	keep-root libc/include->include	#include <stdio.h>
p023	plan-tests/include	plan/ws006/tests/input-device-ownership-test.c	15	libc/include/stdlib.h	keep-root libc/include->include	#include <stdlib.h>
p023	plan-tests/include	plan/ws006/tests/input-device-ownership-test.c	16	libc/include/string.h	keep-root libc/include->include	#include <string.h>
p023	plan-tests/include	plan/ws006/tests/input-device-ownership-test.c	17	libc/include/pthread.h	keep-root libc/include->include	#include <pthread.h>
p023	plan-tests/include	plan/ws006/tests/input-device-ownership-test.c	18	libc/include/sched.h	keep-root libc/include->include	#include <sched.h>
p023	plan-tests/include	plan/ws006/tests/input-host-unreachable.c	11	libc/include/stdlib.h	keep-root libc/include->include	#include <stdlib.h>
p023	plan-tests/include	plan/ws006/tests/input-keymap-test.c	4	libc/include/stddef.h	keep-root libc/include->include	#include <stddef.h>
p023	plan-tests/include	plan/ws006/tests/input-keymap-test.c	5	libc/include/stdio.h	keep-root libc/include->include	#include <stdio.h>
p023	plan-tests/include	plan/ws006/tests/input-keymap-test.c	6	libc/include/stdlib.h	keep-root libc/include->include	#include <stdlib.h>
p023	plan-tests/include	plan/ws006/tests/input-keymap-test.c	7	libc/include/string.h	keep-root libc/include->include	#include <string.h>
p023	plan-tests/include	plan/ws006/tests/input-ownership-test.c	9	libc/include/assert.h	keep-root libc/include->include	#include <assert.h>
p023	plan-tests/include	plan/ws006/tests/input-ownership-test.c	10	libc/include/errno.h	keep-root libc/include->include	#include <errno.h>
p023	plan-tests/include	plan/ws006/tests/input-ownership-test.c	11	libc/include/pthread.h	keep-root libc/include->include	#include <pthread.h>
p023	plan-tests/include	plan/ws006/tests/input-ownership-test.c	12	libc/include/sched.h	keep-root libc/include->include	#include <sched.h>
p023	plan-tests/include	plan/ws006/tests/input-ownership-test.c	13	libc/include/stdatomic.h	keep-root libc/include->include	#include <stdatomic.h>
p023	plan-tests/include	plan/ws006/tests/input-ownership-test.c	14	libc/include/stdint.h	keep-root libc/include->include	#include <stdint.h>
p023	plan-tests/include	plan/ws006/tests/input-ownership-test.c	15	libc/include/stdio.h	keep-root libc/include->include	#include <stdio.h>
p023	plan-tests/include	plan/ws006/tests/input-ownership-test.c	16	libc/include/string.h	keep-root libc/include->include	#include <string.h>
p023	plan-tests/include	plan/ws006/tests/input-queue-test.c	4	libc/include/string.h	keep-root libc/include->include	#include <string.h>
p023	plan-tests/include	plan/ws006/tests/pc98-keyboard-ownership-test.c	6	libc/include/assert.h	keep-root libc/include->include	#include <assert.h>
p023	plan-tests/include	plan/ws006/tests/pc98-keyboard-ownership-test.c	7	libc/include/stdio.h	keep-root libc/include->include	#include <stdio.h>
p023	plan-tests/include	plan/ws006/tests/pc98-keyboard-ownership-test.c	8	libc/include/string.h	keep-root libc/include->include	#include <string.h>
p023	plan-tests/include	plan/ws006/tests/usb-debug-layout.c	2	libc/include/stddef.h	keep-root libc/include->include	#include <stddef.h>
p023	plan-tests/include	plan/ws006/tests/usb-hid-driver-test.c	5	libc/include/assert.h	keep-root libc/include->include	#include <assert.h>
p023	plan-tests/include	plan/ws006/tests/usb-hid-driver-test.c	6	libc/include/errno.h	keep-root libc/include->include	#include <errno.h>
p023	plan-tests/include	plan/ws006/tests/usb-hid-driver-test.c	7	libc/include/stdint.h	keep-root libc/include->include	#include <stdint.h>
p023	plan-tests/include	plan/ws006/tests/usb-hid-driver-test.c	8	libc/include/stdio.h	keep-root libc/include->include	#include <stdio.h>
p023	plan-tests/include	plan/ws006/tests/usb-hid-driver-test.c	9	libc/include/stdlib.h	keep-root libc/include->include	#include <stdlib.h>
p023	plan-tests/include	plan/ws006/tests/usb-hid-driver-test.c	10	libc/include/string.h	keep-root libc/include->include	#include <string.h>
p023	plan-tests/include	plan/ws006/tests/usb-hid-guest-probe.c	3	libc/include/dirent.h	keep-root libc/include->include	#include <dirent.h>
p023	plan-tests/include	plan/ws006/tests/usb-hid-guest-probe.c	4	libc/include/errno.h	keep-root libc/include->include	#include <errno.h>
p023	plan-tests/include	plan/ws006/tests/usb-hid-guest-probe.c	5	libc/include/fcntl.h	keep-root libc/include->include	#include <fcntl.h>
p023	plan-tests/include	plan/ws006/tests/usb-hid-guest-probe.c	6	libc/include/poll.h	keep-root libc/include->include	#include <poll.h>
p023	plan-tests/include	plan/ws006/tests/usb-hid-guest-probe.c	7	libc/include/pty.h	keep-root libc/include->include	#include <pty.h>
p023	plan-tests/include	plan/ws006/tests/usb-hid-guest-probe.c	8	libc/include/stdint.h	keep-root libc/include->include	#include <stdint.h>
p023	plan-tests/include	plan/ws006/tests/usb-hid-guest-probe.c	9	libc/include/stdio.h	keep-root libc/include->include	#include <stdio.h>
p023	plan-tests/include	plan/ws006/tests/usb-hid-guest-probe.c	10	libc/include/string.h	keep-root libc/include->include	#include <string.h>
p023	plan-tests/include	plan/ws006/tests/usb-hid-guest-probe.c	11	libc/include/sys/ioctl.h	keep-root libc/include->include	#include <sys/ioctl.h>
p023	plan-tests/include	plan/ws006/tests/usb-hid-guest-probe.c	12	libc/include/sys/stat.h	keep-root libc/include->include	#include <sys/stat.h>
p023	plan-tests/include	plan/ws006/tests/usb-hid-guest-probe.c	13	libc/include/sys/wait.h	keep-root libc/include->include	#include <sys/wait.h>
p023	plan-tests/include	plan/ws006/tests/usb-hid-guest-probe.c	14	libc/include/time.h	keep-root libc/include->include	#include <time.h>
p023	plan-tests/include	plan/ws006/tests/usb-hid-guest-probe.c	15	libc/include/unistd.h	keep-root libc/include->include	#include <unistd.h>
p023	plan-tests/include	plan/ws006/tests/x68k-keyboard-ownership-test.c	6	libc/include/assert.h	keep-root libc/include->include	#include <assert.h>
p023	plan-tests/include	plan/ws006/tests/x68k-keyboard-ownership-test.c	7	libc/include/stdio.h	keep-root libc/include->include	#include <stdio.h>
p023	plan-tests/include	plan/ws006/tests/x68k-keyboard-ownership-test.c	8	libc/include/string.h	keep-root libc/include->include	#include <string.h>
p023	plan-tests/include	plan/ws006/tests/xhci-hid-hot-unplug-test.c	4	libc/include/assert.h	keep-root libc/include->include	#include <assert.h>
p023	plan-tests/include	plan/ws006/tests/xhci-hid-hot-unplug-test.c	5	libc/include/errno.h	keep-root libc/include->include	#include <errno.h>
p023	plan-tests/include	plan/ws006/tests/xhci-hid-hot-unplug-test.c	6	libc/include/stdio.h	keep-root libc/include->include	#include <stdio.h>
p023	plan-tests/include	plan/ws007/tests/pc98-pic-cascade-test.c	6	libc/include/limits.h	keep-root libc/include->include	#include <limits.h>
p023	plan-tests/include	plan/ws007/tests/pc98-pic-cascade-test.c	7	libc/include/stdint.h	keep-root libc/include->include	#include <stdint.h>
p023	plan-tests/include	plan/ws007/tests/pc98-pic-cascade-test.c	8	libc/include/stdio.h	keep-root libc/include->include	#include <stdio.h>
p023	plan-tests/include	plan/ws007/tests/pc98-pic-cascade-test.c	9	libc/include/stdlib.h	keep-root libc/include->include	#include <stdlib.h>
p023	plan-tests/include	plan/ws007/tests/pc98-pic-cascade-test.c	10	libc/include/string.h	keep-root libc/include->include	#include <string.h>
p023	plan-tests/include	plan/ws007/tests/xzed-cursor-ppm-test.c	6	libc/include/ctype.h	keep-root libc/include->include	#include <ctype.h>
p023	plan-tests/include	plan/ws007/tests/xzed-cursor-ppm-test.c	7	libc/include/errno.h	keep-root libc/include->include	#include <errno.h>
p023	plan-tests/include	plan/ws007/tests/xzed-cursor-ppm-test.c	8	libc/include/stdint.h	keep-root libc/include->include	#include <stdint.h>
p023	plan-tests/include	plan/ws007/tests/xzed-cursor-ppm-test.c	9	libc/include/stdio.h	keep-root libc/include->include	#include <stdio.h>
p023	plan-tests/include	plan/ws007/tests/xzed-cursor-ppm-test.c	10	libc/include/stdlib.h	keep-root libc/include->include	#include <stdlib.h>
p023	plan-tests/include	plan/ws007/tests/xzed-cursor-ppm-test.c	11	libc/include/string.h	keep-root libc/include->include	#include <string.h>
p023	plan-tests/include	plan/ws007/tests/xzed-pointer-test.c	3	libc/include/assert.h	keep-root libc/include->include	#include <assert.h>
p023	plan-tests/include	plan/ws007/tests/xzed-pointer-test.c	4	libc/include/stdint.h	keep-root libc/include->include	#include <stdint.h>
p023	plan-tests/include	plan/ws008/tests/beui-zedbsd-ppm-check.c	2	libc/include/ctype.h	keep-root libc/include->include	#include <ctype.h>
p023	plan-tests/include	plan/ws008/tests/beui-zedbsd-ppm-check.c	3	libc/include/stdint.h	keep-root libc/include->include	#include <stdint.h>
p023	plan-tests/include	plan/ws008/tests/beui-zedbsd-ppm-check.c	4	libc/include/stdio.h	keep-root libc/include->include	#include <stdio.h>
p023	plan-tests/include	plan/ws008/tests/beui-zedbsd-ppm-check.c	5	libc/include/stdlib.h	keep-root libc/include->include	#include <stdlib.h>
p023	plan-tests/include	plan/ws008/tests/noct-jit-vm-probe.c	14	libc/include/errno.h	keep-root libc/include->include	#include <errno.h>
p023	plan-tests/include	plan/ws008/tests/noct-jit-vm-probe.c	15	libc/include/signal.h	keep-root libc/include->include	#include <signal.h>
p023	plan-tests/include	plan/ws008/tests/noct-jit-vm-probe.c	16	libc/include/stdint.h	keep-root libc/include->include	#include <stdint.h>
p023	plan-tests/include	plan/ws008/tests/noct-jit-vm-probe.c	17	libc/include/stdio.h	keep-root libc/include->include	#include <stdio.h>
p023	plan-tests/include	plan/ws008/tests/noct-jit-vm-probe.c	18	libc/include/string.h	keep-root libc/include->include	#include <string.h>
p023	plan-tests/include	plan/ws008/tests/noct-jit-vm-probe.c	19	libc/include/sys/mman.h	keep-root libc/include->include	#include <sys/mman.h>
p023	plan-tests/include	plan/ws008/tests/noct-jit-vm-probe.c	20	libc/include/sys/wait.h	keep-root libc/include->include	#include <sys/wait.h>
p023	plan-tests/include	plan/ws008/tests/noct-jit-vm-probe.c	21	libc/include/unistd.h	keep-root libc/include->include	#include <unistd.h>
p023	plan-tests/include	plan/ws011/tests/confirmed-commit-model-test.c	7	libc/include/errno.h	keep-root libc/include->include	#include <errno.h>
p023	plan-tests/include	plan/ws011/tests/confirmed-commit-model-test.c	8	libc/include/fcntl.h	keep-root libc/include->include	#include <fcntl.h>
p023	plan-tests/include	plan/ws011/tests/confirmed-commit-model-test.c	9	libc/include/stdio.h	keep-root libc/include->include	#include <stdio.h>
p023	plan-tests/include	plan/ws011/tests/confirmed-commit-model-test.c	10	libc/include/stdlib.h	keep-root libc/include->include	#include <stdlib.h>
p023	plan-tests/include	plan/ws011/tests/confirmed-commit-model-test.c	11	libc/include/string.h	keep-root libc/include->include	#include <string.h>
p023	plan-tests/include	plan/ws011/tests/confirmed-commit-model-test.c	12	libc/include/sys/stat.h	keep-root libc/include->include	#include <sys/stat.h>
p023	plan-tests/include	plan/ws011/tests/confirmed-commit-model-test.c	13	libc/include/unistd.h	keep-root libc/include->include	#include <unistd.h>
p023	plan-tests/include	plan/ws011/tests/netconf-atomic-writer-host-test.c	9	libc/include/errno.h	keep-root libc/include->include	#include <errno.h>
p023	plan-tests/include	plan/ws011/tests/netconf-atomic-writer-host-test.c	10	libc/include/fcntl.h	keep-root libc/include->include	#include <fcntl.h>
p023	plan-tests/include	plan/ws011/tests/netconf-atomic-writer-host-test.c	11	libc/include/stdarg.h	keep-root libc/include->include	#include <stdarg.h>
p023	plan-tests/include	plan/ws011/tests/netconf-atomic-writer-host-test.c	12	libc/include/stdio.h	keep-root libc/include->include	#include <stdio.h>
p023	plan-tests/include	plan/ws011/tests/netconf-atomic-writer-host-test.c	13	libc/include/stdlib.h	keep-root libc/include->include	#include <stdlib.h>
p023	plan-tests/include	plan/ws011/tests/netconf-atomic-writer-host-test.c	14	libc/include/string.h	keep-root libc/include->include	#include <string.h>
p023	plan-tests/include	plan/ws011/tests/netconf-atomic-writer-host-test.c	15	libc/include/sys/stat.h	keep-root libc/include->include	#include <sys/stat.h>
p023	plan-tests/include	plan/ws011/tests/netconf-atomic-writer-host-test.c	16	libc/include/unistd.h	keep-root libc/include->include	#include <unistd.h>
p023	plan-tests/include	plan/ws011/tests/netconf-parser-test.c	4	libc/include/stdio.h	keep-root libc/include->include	#include <stdio.h>
p023	plan-tests/include	plan/ws011/tests/netconf-parser-test.c	5	libc/include/stdlib.h	keep-root libc/include->include	#include <stdlib.h>
p023	plan-tests/include	plan/ws011/tests/netconf-parser-test.c	6	libc/include/string.h	keep-root libc/include->include	#include <string.h>
p023	plan-tests/include	plan/ws011/tests/netconf-persistence-test.c	4	libc/include/errno.h	keep-root libc/include->include	#include <errno.h>
p023	plan-tests/include	plan/ws011/tests/netconf-persistence-test.c	5	libc/include/stdio.h	keep-root libc/include->include	#include <stdio.h>
p023	plan-tests/include	plan/ws011/tests/netconf-persistence-test.c	6	libc/include/stdlib.h	keep-root libc/include->include	#include <stdlib.h>
p023	plan-tests/include	plan/ws011/tests/netconf-persistence-test.c	7	libc/include/string.h	keep-root libc/include->include	#include <string.h>
p023	plan-tests/include	plan/ws011/tests/netconf-persistence-test.c	8	libc/include/sys/stat.h	keep-root libc/include->include	#include <sys/stat.h>
p023	plan-tests/include	plan/ws011/tests/netconf-persistence-test.c	9	libc/include/sys/wait.h	keep-root libc/include->include	#include <sys/wait.h>
p023	plan-tests/include	plan/ws011/tests/netconf-persistence-test.c	10	libc/include/unistd.h	keep-root libc/include->include	#include <unistd.h>
p023	plan-tests/include	plan/ws011/tests/netconf-reconcile-test.c	7	libc/include/stdio.h	keep-root libc/include->include	#include <stdio.h>
p023	plan-tests/include	plan/ws011/tests/netconf-reconcile-test.c	8	libc/include/stdlib.h	keep-root libc/include->include	#include <stdlib.h>
p023	plan-tests/include	plan/ws011/tests/netconf-reconcile-test.c	9	libc/include/string.h	keep-root libc/include->include	#include <string.h>
p023	plan-tests/include	plan/ws011/tests/networkd-fake.c	4	libc/include/errno.h	keep-root libc/include->include	#include <errno.h>
p023	plan-tests/include	plan/ws011/tests/networkd-fake.c	5	libc/include/fcntl.h	keep-root libc/include->include	#include <fcntl.h>
p023	plan-tests/include	plan/ws011/tests/networkd-fake.c	6	libc/include/stdint.h	keep-root libc/include->include	#include <stdint.h>
p023	plan-tests/include	plan/ws011/tests/networkd-fake.c	7	libc/include/stdio.h	keep-root libc/include->include	#include <stdio.h>
p023	plan-tests/include	plan/ws011/tests/networkd-fake.c	8	libc/include/stdlib.h	keep-root libc/include->include	#include <stdlib.h>
p023	plan-tests/include	plan/ws011/tests/networkd-fake.c	9	libc/include/string.h	keep-root libc/include->include	#include <string.h>
p023	plan-tests/include	plan/ws011/tests/networkd-fake.c	10	libc/include/sys/socket.h	keep-root libc/include->include	#include <sys/socket.h>
p023	plan-tests/include	plan/ws011/tests/networkd-fake.c	11	libc/include/sys/stat.h	keep-root libc/include->include	#include <sys/stat.h>
p023	plan-tests/include	plan/ws011/tests/networkd-fake.c	12	libc/include/sys/un.h	keep-root libc/include->include	#include <sys/un.h>
p023	plan-tests/include	plan/ws011/tests/networkd-fake.c	13	libc/include/unistd.h	keep-root libc/include->include	#include <unistd.h>
p023	plan-tests/include	plan/ws012/tests/rcconf-model-test.c	11	libc/include/errno.h	keep-root libc/include->include	#include <errno.h>
p023	plan-tests/include	plan/ws012/tests/rcconf-model-test.c	12	libc/include/fcntl.h	keep-root libc/include->include	#include <fcntl.h>
p023	plan-tests/include	plan/ws012/tests/rcconf-model-test.c	13	libc/include/stdio.h	keep-root libc/include->include	#include <stdio.h>
p023	plan-tests/include	plan/ws012/tests/rcconf-model-test.c	14	libc/include/stdlib.h	keep-root libc/include->include	#include <stdlib.h>
p023	plan-tests/include	plan/ws012/tests/rcconf-model-test.c	15	libc/include/string.h	keep-root libc/include->include	#include <string.h>
p023	plan-tests/include	plan/ws012/tests/rcconf-model-test.c	16	libc/include/unistd.h	keep-root libc/include->include	#include <unistd.h>
p023	plan-tests/include	plan/ws012/tests/rcconf-persistence-hooks.h	12	libc/include/stddef.h	keep-root libc/include->include	#include <stddef.h>
p023	plan-tests/include	plan/ws012/tests/rcconf-persistence-hooks.h	13	libc/include/sys/types.h	keep-root libc/include->include	#include <sys/types.h>
p023	plan-tests/include	plan/ws012/tests/rcconf-persistence-test.c	10	libc/include/dirent.h	keep-root libc/include->include	#include <dirent.h>
p023	plan-tests/include	plan/ws012/tests/rcconf-persistence-test.c	11	libc/include/errno.h	keep-root libc/include->include	#include <errno.h>
p023	plan-tests/include	plan/ws012/tests/rcconf-persistence-test.c	12	libc/include/fcntl.h	keep-root libc/include->include	#include <fcntl.h>
p023	plan-tests/include	plan/ws012/tests/rcconf-persistence-test.c	13	libc/include/signal.h	keep-root libc/include->include	#include <signal.h>
p023	plan-tests/include	plan/ws012/tests/rcconf-persistence-test.c	14	libc/include/stdio.h	keep-root libc/include->include	#include <stdio.h>
p023	plan-tests/include	plan/ws012/tests/rcconf-persistence-test.c	15	libc/include/stdlib.h	keep-root libc/include->include	#include <stdlib.h>
p023	plan-tests/include	plan/ws012/tests/rcconf-persistence-test.c	16	libc/include/string.h	keep-root libc/include->include	#include <string.h>
p023	plan-tests/include	plan/ws012/tests/rcconf-persistence-test.c	17	libc/include/sys/stat.h	keep-root libc/include->include	#include <sys/stat.h>
p023	plan-tests/include	plan/ws012/tests/rcconf-persistence-test.c	18	libc/include/sys/types.h	keep-root libc/include->include	#include <sys/types.h>
p023	plan-tests/include	plan/ws012/tests/rcconf-persistence-test.c	19	libc/include/sys/wait.h	keep-root libc/include->include	#include <sys/wait.h>
p023	plan-tests/include	plan/ws012/tests/rcconf-persistence-test.c	20	libc/include/time.h	keep-root libc/include->include	#include <time.h>
p023	plan-tests/include	plan/ws012/tests/rcconf-persistence-test.c	21	libc/include/unistd.h	keep-root libc/include->include	#include <unistd.h>
p023	plan-tests/include	plan/ws012/tests/service-command-test.c	11	libc/include/errno.h	keep-root libc/include->include	#include <errno.h>
p023	plan-tests/include	plan/ws012/tests/service-command-test.c	12	libc/include/fcntl.h	keep-root libc/include->include	#include <fcntl.h>
p023	plan-tests/include	plan/ws012/tests/service-command-test.c	13	libc/include/stdio.h	keep-root libc/include->include	#include <stdio.h>
p023	plan-tests/include	plan/ws012/tests/service-command-test.c	14	libc/include/stdlib.h	keep-root libc/include->include	#include <stdlib.h>
p023	plan-tests/include	plan/ws012/tests/service-command-test.c	15	libc/include/string.h	keep-root libc/include->include	#include <string.h>
p023	plan-tests/include	plan/ws012/tests/service-command-test.c	16	libc/include/sys/stat.h	keep-root libc/include->include	#include <sys/stat.h>
p023	plan-tests/include	plan/ws012/tests/service-command-test.c	17	libc/include/sys/types.h	keep-root libc/include->include	#include <sys/types.h>
p023	plan-tests/include	plan/ws012/tests/service-command-test.c	18	libc/include/sys/wait.h	keep-root libc/include->include	#include <sys/wait.h>
p023	plan-tests/include	plan/ws012/tests/service-command-test.c	19	libc/include/unistd.h	keep-root libc/include->include	#include <unistd.h>
p023	plan-tests/include	plan/ws012/tests/service-console-test.c	11	libc/include/errno.h	keep-root libc/include->include	#include <errno.h>
p023	plan-tests/include	plan/ws012/tests/service-console-test.c	12	libc/include/stdio.h	keep-root libc/include->include	#include <stdio.h>
p023	plan-tests/include	plan/ws012/tests/service-console-test.c	13	libc/include/stdlib.h	keep-root libc/include->include	#include <stdlib.h>
p023	plan-tests/include	plan/ws012/tests/service-console-test.c	14	libc/include/string.h	keep-root libc/include->include	#include <string.h>
p023	plan-tests/include	plan/ws012/tests/service-console-test.c	15	libc/include/sys/stat.h	keep-root libc/include->include	#include <sys/stat.h>
p023	plan-tests/include	plan/ws012/tests/service-console-test.c	16	libc/include/unistd.h	keep-root libc/include->include	#include <unistd.h>
p023	plan-tests/include	plan/ws012/tests/zsv1-client-test.c	6	libc/include/errno.h	keep-root libc/include->include	#include <errno.h>
p023	plan-tests/include	plan/ws012/tests/zsv1-client-test.c	7	libc/include/signal.h	keep-root libc/include->include	#include <signal.h>
p023	plan-tests/include	plan/ws012/tests/zsv1-client-test.c	8	libc/include/stdio.h	keep-root libc/include->include	#include <stdio.h>
p023	plan-tests/include	plan/ws012/tests/zsv1-client-test.c	9	libc/include/stdlib.h	keep-root libc/include->include	#include <stdlib.h>
p023	plan-tests/include	plan/ws012/tests/zsv1-client-test.c	10	libc/include/string.h	keep-root libc/include->include	#include <string.h>
p023	plan-tests/include	plan/ws012/tests/zsv1-client-test.c	11	libc/include/sys/socket.h	keep-root libc/include->include	#include <sys/socket.h>
p023	plan-tests/include	plan/ws012/tests/zsv1-client-test.c	12	libc/include/sys/time.h	keep-root libc/include->include	#include <sys/time.h>
p023	plan-tests/include	plan/ws012/tests/zsv1-client-test.c	13	libc/include/sys/wait.h	keep-root libc/include->include	#include <sys/wait.h>
p023	plan-tests/include	plan/ws012/tests/zsv1-client-test.c	14	libc/include/time.h	keep-root libc/include->include	#include <time.h>
p023	plan-tests/include	plan/ws012/tests/zsv1-client-test.c	15	libc/include/unistd.h	keep-root libc/include->include	#include <unistd.h>
p023	plan-tests/include	plan/ws012/tests/zsv1-protocol-test.c	5	libc/include/errno.h	keep-root libc/include->include	#include <errno.h>
p023	plan-tests/include	plan/ws012/tests/zsv1-protocol-test.c	6	libc/include/stdio.h	keep-root libc/include->include	#include <stdio.h>
p023	plan-tests/include	plan/ws012/tests/zsv1-protocol-test.c	7	libc/include/stdlib.h	keep-root libc/include->include	#include <stdlib.h>
p023	plan-tests/include	plan/ws012/tests/zsv1-protocol-test.c	8	libc/include/string.h	keep-root libc/include->include	#include <string.h>
p023	plan-tests/include	plan/ws012/tests/zsv1-server-test.c	10	libc/include/errno.h	keep-root libc/include->include	#include <errno.h>
p023	plan-tests/include	plan/ws012/tests/zsv1-server-test.c	11	libc/include/signal.h	keep-root libc/include->include	#include <signal.h>
p023	plan-tests/include	plan/ws012/tests/zsv1-server-test.c	12	libc/include/stdio.h	keep-root libc/include->include	#include <stdio.h>
p023	plan-tests/include	plan/ws012/tests/zsv1-server-test.c	13	libc/include/stdlib.h	keep-root libc/include->include	#include <stdlib.h>
p023	plan-tests/include	plan/ws012/tests/zsv1-server-test.c	14	libc/include/string.h	keep-root libc/include->include	#include <string.h>
p023	plan-tests/include	plan/ws012/tests/zsv1-server-test.c	15	libc/include/sys/socket.h	keep-root libc/include->include	#include <sys/socket.h>
p023	plan-tests/include	plan/ws012/tests/zsv1-server-test.c	16	libc/include/sys/wait.h	keep-root libc/include->include	#include <sys/wait.h>
p023	plan-tests/include	plan/ws012/tests/zsv1-server-test.c	17	libc/include/time.h	keep-root libc/include->include	#include <time.h>
p023	plan-tests/include	plan/ws012/tests/zsv1-server-test.c	18	libc/include/unistd.h	keep-root libc/include->include	#include <unistd.h>
p023	plan-tests/include	plan/ws012/tests/zsv1-shutdown-argv-test.c	5	libc/include/errno.h	keep-root libc/include->include	#include <errno.h>
p023	plan-tests/include	plan/ws012/tests/zsv1-shutdown-argv-test.c	6	libc/include/stdio.h	keep-root libc/include->include	#include <stdio.h>
p023	plan-tests/include	plan/ws012/tests/zsv1-shutdown-argv-test.c	7	libc/include/stdlib.h	keep-root libc/include->include	#include <stdlib.h>
p023	plan-tests/include	plan/ws012/tests/zsv1-shutdown-argv-test.c	8	libc/include/string.h	keep-root libc/include->include	#include <string.h>
p023	plan-tests/include	plan/ws013/tests/fat-directory-host-test.c	3	libc/include/stdint.h	keep-root libc/include->include	#include <stdint.h>
p023	plan-tests/include	plan/ws013/tests/fat-directory-host-test.c	4	libc/include/stdio.h	keep-root libc/include->include	#include <stdio.h>
p023	plan-tests/include	plan/ws013/tests/fat-directory-host-test.c	5	libc/include/stdlib.h	keep-root libc/include->include	#include <stdlib.h>
p023	plan-tests/include	plan/ws013/tests/fat-directory-host-test.c	6	libc/include/string.h	keep-root libc/include->include	#include <string.h>
p023	plan-tests/include	plan/ws013/tests/uefi-framebuffer-test.c	5	libc/include/stdint.h	keep-root libc/include->include	#include <stdint.h>
p023	plan-tests/include	plan/ws013/tests/uefi-framebuffer-test.c	6	libc/include/stdio.h	keep-root libc/include->include	#include <stdio.h>
p023	plan-tests/include	plan/ws013/tests/uefi-volume-discovery-test.c	6	libc/include/stdint.h	keep-root libc/include->include	#include <stdint.h>
p023	plan-tests/include	plan/ws013/tests/uefi-volume-discovery-test.c	7	libc/include/stdio.h	keep-root libc/include->include	#include <stdio.h>
p023	plan-tests/include	plan/ws013/tests/uefi-volume-discovery-test.c	8	libc/include/stdlib.h	keep-root libc/include->include	#include <stdlib.h>
p023	plan-tests/include	plan/ws013/tests/uefi-volume-discovery-test.c	9	libc/include/string.h	keep-root libc/include->include	#include <string.h>
p023	plan-tests/include	plan/ws013/tests/uefi-zedbsd-config-gpt.c	6	libc/include/errno.h	keep-root libc/include->include	#include <errno.h>
p023	plan-tests/include	plan/ws013/tests/uefi-zedbsd-config-gpt.c	7	libc/include/fcntl.h	keep-root libc/include->include	#include <fcntl.h>
p023	plan-tests/include	plan/ws013/tests/uefi-zedbsd-config-gpt.c	8	libc/include/inttypes.h	keep-root libc/include->include	#include <inttypes.h>
p023	plan-tests/include	plan/ws013/tests/uefi-zedbsd-config-gpt.c	9	libc/include/stdint.h	keep-root libc/include->include	#include <stdint.h>
p023	plan-tests/include	plan/ws013/tests/uefi-zedbsd-config-gpt.c	10	libc/include/stdio.h	keep-root libc/include->include	#include <stdio.h>
p023	plan-tests/include	plan/ws013/tests/uefi-zedbsd-config-gpt.c	11	libc/include/stdlib.h	keep-root libc/include->include	#include <stdlib.h>
p023	plan-tests/include	plan/ws013/tests/uefi-zedbsd-config-gpt.c	12	libc/include/string.h	keep-root libc/include->include	#include <string.h>
p023	plan-tests/include	plan/ws013/tests/uefi-zedbsd-config-gpt.c	13	libc/include/sys/stat.h	keep-root libc/include->include	#include <sys/stat.h>
p023	plan-tests/include	plan/ws013/tests/uefi-zedbsd-config-gpt.c	14	libc/include/unistd.h	keep-root libc/include->include	#include <unistd.h>
p023	plan-tests/include	plan/ws013/tests/zedbsd-config-host-test.c	5	libc/include/stdint.h	keep-root libc/include->include	#include <stdint.h>
p023	plan-tests/include	plan/ws013/tests/zedbsd-config-host-test.c	6	libc/include/stdio.h	keep-root libc/include->include	#include <stdio.h>
p023	plan-tests/include	plan/ws013/tests/zedbsd-config-host-test.c	7	libc/include/stdlib.h	keep-root libc/include->include	#include <stdlib.h>
p023	plan-tests/include	plan/ws013/tests/zedbsd-config-host-test.c	8	libc/include/string.h	keep-root libc/include->include	#include <string.h>
p023	plan-tests/include	plan/ws014/phase006/tests/vulkan-wayland-abi.c	11	libc/include/vulkan/vulkan.h	keep-root libc/include->include	#include <vulkan/vulkan.h>
p023	plan-tests/include	plan/ws014/phase006/tests/vulkan-wayland-abi.c	12	libc/include/stddef.h	keep-root libc/include->include	#include <stddef.h>
p023	plan-tests/include	plan/ws014/phase006/tests/wayland-abi.c	10	libc/include/wayland-client.h	keep-root libc/include->include	#include <wayland-client.h>
p023	plan-tests/include	plan/ws014/phase006/tests/wayland-abi.c	11	libc/include/xdg-shell-client-protocol.h	keep-root libc/include->include	#include <xdg-shell-client-protocol.h>
p023	plan-tests/include	plan/ws014/phase006/tests/wayland-abi.c	12	libc/include/stddef.h	keep-root libc/include->include	#include <stddef.h>
p023	plan-tests/include	plan/ws014/phase006/tests/wayland-client.c	12	libc/include/wayland/wayland-client.h	keep-root libc/include->include	#include <wayland/wayland-client.h>
p023	plan-tests/include	plan/ws014/phase006/tests/wayland-client.c	13	libc/include/wayland/zed-gpu-buffer-v1-client-protocol.h	keep-root libc/include->include	#include <wayland/zed-gpu-buffer-v1-client-protocol.h>
p023	plan-tests/include	plan/ws014/phase006/tests/wayland-client.c	14	libc/include/assert.h	keep-root libc/include->include	#include <assert.h>
p023	plan-tests/include	plan/ws014/phase006/tests/wayland-client.c	15	libc/include/errno.h	keep-root libc/include->include	#include <errno.h>
p023	plan-tests/include	plan/ws014/phase006/tests/wayland-client.c	16	libc/include/fcntl.h	keep-root libc/include->include	#include <fcntl.h>
p023	plan-tests/include	plan/ws014/phase006/tests/wayland-client.c	17	libc/include/poll.h	keep-root libc/include->include	#include <poll.h>
p023	plan-tests/include	plan/ws014/phase006/tests/wayland-client.c	18	libc/include/pthread.h	keep-root libc/include->include	#include <pthread.h>
p023	plan-tests/include	plan/ws014/phase006/tests/wayland-client.c	19	libc/include/signal.h	keep-root libc/include->include	#include <signal.h>
p023	plan-tests/include	plan/ws014/phase006/tests/wayland-client.c	20	libc/include/stdint.h	keep-root libc/include->include	#include <stdint.h>
p023	plan-tests/include	plan/ws014/phase006/tests/wayland-client.c	21	libc/include/stdio.h	keep-root libc/include->include	#include <stdio.h>
p023	plan-tests/include	plan/ws014/phase006/tests/wayland-client.c	22	libc/include/stdlib.h	keep-root libc/include->include	#include <stdlib.h>
p023	plan-tests/include	plan/ws014/phase006/tests/wayland-client.c	23	libc/include/string.h	keep-root libc/include->include	#include <string.h>
p023	plan-tests/include	plan/ws014/phase006/tests/wayland-client.c	24	libc/include/sys/socket.h	keep-root libc/include->include	#include <sys/socket.h>
p023	plan-tests/include	plan/ws014/phase006/tests/wayland-client.c	25	libc/include/sys/uio.h	keep-root libc/include->include	#include <sys/uio.h>
p023	plan-tests/include	plan/ws014/phase006/tests/wayland-client.c	26	libc/include/unistd.h	keep-root libc/include->include	#include <unistd.h>
p023	plan-tests/include	plan/ws014/phase008/renderer-strict/tests/proxy.c	9	libc/include/stdio.h	keep-root libc/include->include	#include <stdio.h>
p023	plan-tests/include	plan/ws014/phase008/renderer-strict/tests/proxy.c	10	libc/include/stdarg.h	keep-root libc/include->include	#include <stdarg.h>
p023	plan-tests/include	plan/ws014/phase008/renderer-strict/tests/proxy.c	12	libc/include/sys/socket.h	keep-root libc/include->include	#include <sys/socket.h>
p023	plan-tests/include	plan/ws014/phase008/renderer-strict/tests/queue.c	13	libc/include/assert.h	keep-root libc/include->include	#include <assert.h>
p023	plan-tests/include	plan/ws014/phase008/renderer-strict/tests/queue.c	14	libc/include/stdarg.h	keep-root libc/include->include	#include <stdarg.h>
p023	plan-tests/include	plan/ws014/phase008/renderer-strict/tests/queue.c	15	libc/include/stdio.h	keep-root libc/include->include	#include <stdio.h>
p023	plan-tests/include	plan/ws014/phase009/renderer-quiesce/tests/context.c	9	libc/include/assert.h	keep-root libc/include->include	#include <assert.h>
p023	plan-tests/include	plan/ws014/phase009/renderer-quiesce/tests/context.c	10	libc/include/stdarg.h	keep-root libc/include->include	#include <stdarg.h>
p023	plan-tests/include	plan/ws014/phase009/renderer-quiesce/tests/context.c	11	libc/include/stdio.h	keep-root libc/include->include	#include <stdio.h>
p023	plan-tests/include	plan/ws014/phase009/renderer-quiesce/tests/proxy.c	9	libc/include/stdio.h	keep-root libc/include->include	#include <stdio.h>
p023	plan-tests/include	plan/ws014/phase009/renderer-quiesce/tests/proxy.c	10	libc/include/stdarg.h	keep-root libc/include->include	#include <stdarg.h>
p023	plan-tests/include	plan/ws014/phase009/renderer-quiesce/tests/proxy.c	12	libc/include/sys/socket.h	keep-root libc/include->include	#include <sys/socket.h>
p023	plan-tests/include	plan/ws014/phase009/stock-compat/tests/proxy.c	9	libc/include/stdio.h	keep-root libc/include->include	#include <stdio.h>
p023	plan-tests/include	plan/ws014/phase009/stock-compat/tests/proxy.c	10	libc/include/stdarg.h	keep-root libc/include->include	#include <stdarg.h>
p023	plan-tests/include	plan/ws014/phase009/stock-compat/tests/proxy.c	12	libc/include/sys/socket.h	keep-root libc/include->include	#include <sys/socket.h>
p023	plan-tests/include	plan/ws014/phase009/stock-compat/tests/queue.c	13	libc/include/assert.h	keep-root libc/include->include	#include <assert.h>
p023	plan-tests/include	plan/ws014/phase009/stock-compat/tests/queue.c	14	libc/include/stdarg.h	keep-root libc/include->include	#include <stdarg.h>
p023	plan-tests/include	plan/ws014/phase009/stock-compat/tests/queue.c	15	libc/include/stdio.h	keep-root libc/include->include	#include <stdio.h>
p023	plan-tests/include	plan/ws014/tests/gpu-framework.c	31	libc/include/assert.h	keep-root libc/include->include	#include <assert.h>
p023	plan-tests/include	plan/ws014/tests/gpu-framework.c	32	libc/include/errno.h	keep-root libc/include->include	#include <errno.h>
p023	plan-tests/include	plan/ws014/tests/gpu-framework.c	33	libc/include/fcntl.h	keep-root libc/include->include	#include <fcntl.h>
p023	plan-tests/include	plan/ws014/tests/gpu-framework.c	34	libc/include/stdint.h	keep-root libc/include->include	#include <stdint.h>
p023	plan-tests/include	plan/ws014/tests/gpu-framework.c	35	libc/include/stdio.h	keep-root libc/include->include	#include <stdio.h>
p023	plan-tests/include	plan/ws014/tests/gpu-framework.c	36	libc/include/stdlib.h	keep-root libc/include->include	#include <stdlib.h>
p023	plan-tests/include	plan/ws014/tests/gpu-framework.c	37	libc/include/string.h	keep-root libc/include->include	#include <string.h>
p023	plan-tests/include	plan/ws014/tests/gpu-test-fd.c	16	libc/include/assert.h	keep-root libc/include->include	#include <assert.h>
p023	plan-tests/include	plan/ws014/tests/gpu-test-fd.c	17	libc/include/errno.h	keep-root libc/include->include	#include <errno.h>
p023	plan-tests/include	plan/ws014/tests/gpu-test-fd.c	18	libc/include/stdio.h	keep-root libc/include->include	#include <stdio.h>
p023	plan-tests/include	plan/ws014/tests/gpu-test-fd.c	19	libc/include/stdlib.h	keep-root libc/include->include	#include <stdlib.h>
p023	plan-tests/include	plan/ws014/tests/gpu-test-fd.c	20	libc/include/string.h	keep-root libc/include->include	#include <string.h>
p023	plan-tests/include	plan/ws014/tests/gpu-uapi-layout.c	21	libc/include/stddef.h	keep-root libc/include->include	#include <stddef.h>
p023	plan-tests/include	plan/ws014/tests/handle-fd.c	29	libc/include/assert.h	keep-root libc/include->include	#include <assert.h>
p023	plan-tests/include	plan/ws014/tests/handle-fd.c	30	libc/include/errno.h	keep-root libc/include->include	#include <errno.h>
p023	plan-tests/include	plan/ws014/tests/handle-fd.c	31	libc/include/fcntl.h	keep-root libc/include->include	#include <fcntl.h>
p023	plan-tests/include	plan/ws014/tests/handle-fd.c	32	libc/include/stdio.h	keep-root libc/include->include	#include <stdio.h>
p023	plan-tests/include	plan/ws014/tests/handle-fd.c	33	libc/include/stdlib.h	keep-root libc/include->include	#include <stdlib.h>
p023	plan-tests/include	plan/ws014/tests/handle-fd.c	34	libc/include/string.h	keep-root libc/include->include	#include <string.h>
p023	plan-tests/include	plan/ws014/tests/libvulkan-external-properties.c	10	libc/include/assert.h	keep-root libc/include->include	#include <assert.h>
p023	plan-tests/include	plan/ws014/tests/libvulkan-external-properties.c	11	libc/include/stdint.h	keep-root libc/include->include	#include <stdint.h>
p023	plan-tests/include	plan/ws014/tests/libvulkan-external-properties.c	12	libc/include/stdio.h	keep-root libc/include->include	#include <stdio.h>
p023	plan-tests/include	plan/ws014/tests/libvulkan-external-properties.c	13	libc/include/stdlib.h	keep-root libc/include->include	#include <stdlib.h>
p023	plan-tests/include	plan/ws014/tests/libvulkan-external-properties.c	14	libc/include/string.h	keep-root libc/include->include	#include <string.h>
p023	plan-tests/include	plan/ws014/tests/pci-service-lifecycle-host.c	18	libc/include/assert.h	keep-root libc/include->include	#include <assert.h>
p023	plan-tests/include	plan/ws014/tests/pci-service-lifecycle-host.c	19	libc/include/errno.h	keep-root libc/include->include	#include <errno.h>
p023	plan-tests/include	plan/ws014/tests/pci-service-lifecycle-host.c	20	libc/include/stdio.h	keep-root libc/include->include	#include <stdio.h>
p023	plan-tests/include	plan/ws014/tests/pci-service-lifecycle-host.c	21	libc/include/stdlib.h	keep-root libc/include->include	#include <stdlib.h>
p023	plan-tests/include	plan/ws014/tests/pci-service-lifecycle-host.c	22	libc/include/string.h	keep-root libc/include->include	#include <string.h>
p023	plan-tests/include	plan/ws014/tests/text-notification.c	12	libc/include/assert.h	keep-root libc/include->include	#include <assert.h>
p023	plan-tests/include	plan/ws014/tests/text-notification.c	13	libc/include/errno.h	keep-root libc/include->include	#include <errno.h>
p023	plan-tests/include	plan/ws014/tests/text-notification.c	14	libc/include/pthread.h	keep-root libc/include->include	#include <pthread.h>
p023	plan-tests/include	plan/ws014/tests/text-notification.c	15	libc/include/sched.h	keep-root libc/include->include	#include <sched.h>
p023	plan-tests/include	plan/ws014/tests/text-notification.c	16	libc/include/stdint.h	keep-root libc/include->include	#include <stdint.h>
p023	plan-tests/include	plan/ws014/tests/text-notification.c	17	libc/include/stdio.h	keep-root libc/include->include	#include <stdio.h>
p023	plan-tests/include	plan/ws014/tests/text-notification.c	18	libc/include/stdlib.h	keep-root libc/include->include	#include <stdlib.h>
p023	plan-tests/include	plan/ws014/tests/text-notification.c	19	libc/include/string.h	keep-root libc/include->include	#include <string.h>
p023	plan-tests/include	plan/ws014/tests/venus-backend.c	17	libc/include/assert.h	keep-root libc/include->include	#include <assert.h>
p023	plan-tests/include	plan/ws014/tests/venus-backend.c	18	libc/include/errno.h	keep-root libc/include->include	#include <errno.h>
p023	plan-tests/include	plan/ws014/tests/venus-backend.c	19	libc/include/stdarg.h	keep-root libc/include->include	#include <stdarg.h>
p023	plan-tests/include	plan/ws014/tests/venus-backend.c	20	libc/include/stdio.h	keep-root libc/include->include	#include <stdio.h>
p023	plan-tests/include	plan/ws014/tests/venus-backend.c	21	libc/include/stdlib.h	keep-root libc/include->include	#include <stdlib.h>
p023	plan-tests/include	plan/ws014/tests/venus-backend.c	22	libc/include/string.h	keep-root libc/include->include	#include <string.h>
p023	plan-tests/include	plan/ws014/tests/venus-client.c	12	libc/include/assert.h	keep-root libc/include->include	#include <assert.h>
p023	plan-tests/include	plan/ws014/tests/venus-client.c	13	libc/include/errno.h	keep-root libc/include->include	#include <errno.h>
p023	plan-tests/include	plan/ws014/tests/venus-client.c	14	libc/include/fcntl.h	keep-root libc/include->include	#include <fcntl.h>
p023	plan-tests/include	plan/ws014/tests/venus-client.c	15	libc/include/stdarg.h	keep-root libc/include->include	#include <stdarg.h>
p023	plan-tests/include	plan/ws014/tests/venus-client.c	16	libc/include/stdint.h	keep-root libc/include->include	#include <stdint.h>
p023	plan-tests/include	plan/ws014/tests/venus-client.c	17	libc/include/stdio.h	keep-root libc/include->include	#include <stdio.h>
p023	plan-tests/include	plan/ws014/tests/venus-client.c	18	libc/include/string.h	keep-root libc/include->include	#include <string.h>
p023	plan-tests/include	plan/ws014/tests/venus-client.c	19	libc/include/time.h	keep-root libc/include->include	#include <time.h>
p023	plan-tests/include	plan/ws014/tests/venus-transport.c	17	libc/include/stdint.h	keep-root libc/include->include	#include <stdint.h>
p023	plan-tests/include	plan/ws014/tests/venus-transport.c	18	libc/include/assert.h	keep-root libc/include->include	#include <assert.h>
p023	plan-tests/include	plan/ws014/tests/venus-transport.c	19	libc/include/stdarg.h	keep-root libc/include->include	#include <stdarg.h>
p023	plan-tests/include	plan/ws014/tests/venus-transport.c	20	libc/include/stdio.h	keep-root libc/include->include	#include <stdio.h>
p023	plan-tests/include	plan/ws014/tests/venus-transport.c	21	libc/include/stdlib.h	keep-root libc/include->include	#include <stdlib.h>
p023	plan-tests/include	plan/ws014/tests/venus-transport.c	22	libc/include/string.h	keep-root libc/include->include	#include <string.h>
p023	plan-tests/include	plan/ws014/tests/vkdemo-cli.c	12	libc/include/errno.h	keep-root libc/include->include	#include <errno.h>
p023	plan-tests/include	plan/ws014/tests/vkdemo-cli.c	13	libc/include/stdint.h	keep-root libc/include->include	#include <stdint.h>
p023	plan-tests/include	plan/ws014/tests/vkdemo-cli.c	14	libc/include/stdio.h	keep-root libc/include->include	#include <stdio.h>
p023	plan-tests/include	plan/ws014/tests/vkdemo-recording.c	9	libc/include/assert.h	keep-root libc/include->include	#include <assert.h>
p023	plan-tests/include	plan/ws014/tests/wayland-wsi-swapchain.c	44	libc/include/sys/ioctl.h	keep-root libc/include->include	#include <sys/ioctl.h>
p023	plan-tests/include	plan/ws014/tests/wayland-wsi-swapchain.c	45	libc/include/stdarg.h	keep-root libc/include->include	#include <stdarg.h>
p023	plan-tests/include	plan/ws014/tests/wayland-wsi-swapchain.c	46	libc/include/fcntl.h	keep-root libc/include->include	#include <fcntl.h>
p023	plan-tests/include	plan/ws014/tests/wayland-wsi-swapchain.c	47	libc/include/errno.h	keep-root libc/include->include	#include <errno.h>
p023	plan-tests/include	plan/ws014/tests/wayland-wsi-swapchain.c	48	libc/include/unistd.h	keep-root libc/include->include	#include <unistd.h>
p023	plan-tests/include	plan/ws014/tests/wayland-wsi.c	15	libc/include/assert.h	keep-root libc/include->include	#include <assert.h>
p023	plan-tests/include	plan/ws014/tests/wayland-wsi.c	16	libc/include/fcntl.h	keep-root libc/include->include	#include <fcntl.h>
p023	plan-tests/include	plan/ws014/tests/wayland-wsi.c	17	libc/include/stdio.h	keep-root libc/include->include	#include <stdio.h>
p023	plan-tests/include	plan/ws014/tests/wayland-wsi.c	18	libc/include/stdlib.h	keep-root libc/include->include	#include <stdlib.h>
p023	plan-tests/include	plan/ws014/tests/wayland-wsi.c	19	libc/include/sys/socket.h	keep-root libc/include->include	#include <sys/socket.h>
p023	plan-tests/include	plan/ws014/tests/wayland-wsi.c	20	libc/include/sys/uio.h	keep-root libc/include->include	#include <sys/uio.h>
p023	plan-tests/include	plan/ws014/tests/wayland-wsi.c	21	libc/include/unistd.h	keep-root libc/include->include	#include <unistd.h>
p023	plan-tests/include	plan/ws014/tests/wsi-acquire-fd.c	12	libc/include/poll.h	keep-root libc/include->include	#include <poll.h>
p023	plan-tests/include	plan/ws014/tests/wsi-acquire-fd.c	13	libc/include/signal.h	keep-root libc/include->include	#include <signal.h>
p023	plan-tests/include	plan/ws014/tests/wsi-display-nodes.c	14	libc/include/assert.h	keep-root libc/include->include	#include <assert.h>
p023	plan-tests/include	plan/ws014/tests/wsi-display-nodes.c	15	libc/include/dirent.h	keep-root libc/include->include	#include <dirent.h>
p023	plan-tests/include	plan/ws014/tests/wsi-display-nodes.c	16	libc/include/errno.h	keep-root libc/include->include	#include <errno.h>
p023	plan-tests/include	plan/ws014/tests/wsi-display-nodes.c	17	libc/include/fcntl.h	keep-root libc/include->include	#include <fcntl.h>
p023	plan-tests/include	plan/ws014/tests/wsi-display-nodes.c	18	libc/include/stdarg.h	keep-root libc/include->include	#include <stdarg.h>
p023	plan-tests/include	plan/ws014/tests/wsi-display-nodes.c	19	libc/include/stdio.h	keep-root libc/include->include	#include <stdio.h>
p023	plan-tests/include	plan/ws014/tests/wsi-display-nodes.c	20	libc/include/stdlib.h	keep-root libc/include->include	#include <stdlib.h>
p023	plan-tests/include	plan/ws014/tests/wsi-display-nodes.c	21	libc/include/string.h	keep-root libc/include->include	#include <string.h>
p023	plan-tests/include	plan/ws014/tests/wsi-display-nodes.c	22	libc/include/sys/ioctl.h	keep-root libc/include->include	#include <sys/ioctl.h>
p023	plan-tests/include	plan/ws014/tests/wsi-display-nodes.c	23	libc/include/unistd.h	keep-root libc/include->include	#include <unistd.h>
p023	plan-tests/include	plan/ws014/tests/zwl-protocol.c	12	libc/include/assert.h	keep-root libc/include->include	#include <assert.h>
p023	plan-tests/include	plan/ws014/tests/zwl-protocol.c	13	libc/include/stdarg.h	keep-root libc/include->include	#include <stdarg.h>
p023	plan-tests/include	plan/ws014/tests/zwl-protocol.c	14	libc/include/sys/ioctl.h	keep-root libc/include->include	#include <sys/ioctl.h>
p023	plan-tests/include	plan/ws014/tests/zwl-protocol.c	15	libc/include/sys/stat.h	keep-root libc/include->include	#include <sys/stat.h>
p023	plan-tests/include	plan/ws016/tests/backing-claim-test.c	2	libc/include/assert.h	keep-root libc/include->include	#include <assert.h>
p023	plan-tests/include	plan/ws016/tests/backing-claim-test.c	3	libc/include/errno.h	keep-root libc/include->include	#include <errno.h>
p023	plan-tests/include	plan/ws016/tests/backing-claim-test.c	4	libc/include/pthread.h	keep-root libc/include->include	#include <pthread.h>
p023	plan-tests/include	plan/ws016/tests/backing-claim-test.c	5	libc/include/stdio.h	keep-root libc/include->include	#include <stdio.h>
p023	plan-tests/include	plan/ws016/tests/backing-claim-test.c	6	libc/include/stdlib.h	keep-root libc/include->include	#include <stdlib.h>
p023	plan-tests/include	plan/ws016/tests/backing-claim-test.c	7	libc/include/string.h	keep-root libc/include->include	#include <string.h>
p023	plan-tests/include	plan/ws016/tests/boot-source-runtime-test.c	6	libc/include/assert.h	keep-root libc/include->include	#include <assert.h>
p023	plan-tests/include	plan/ws016/tests/boot-source-runtime-test.c	7	libc/include/errno.h	keep-root libc/include->include	#include <errno.h>
p023	plan-tests/include	plan/ws016/tests/boot-source-runtime-test.c	8	libc/include/stdio.h	keep-root libc/include->include	#include <stdio.h>
p023	plan-tests/include	plan/ws016/tests/boot-source-runtime-test.c	9	libc/include/string.h	keep-root libc/include->include	#include <string.h>
p023	plan-tests/include	plan/ws016/tests/runtime-swap-guest.c	3	libc/include/errno.h	keep-root libc/include->include	#include <errno.h>
p023	plan-tests/include	plan/ws016/tests/runtime-swap-guest.c	4	libc/include/fcntl.h	keep-root libc/include->include	#include <fcntl.h>
p023	plan-tests/include	plan/ws016/tests/runtime-swap-guest.c	5	libc/include/signal.h	keep-root libc/include->include	#include <signal.h>
p023	plan-tests/include	plan/ws016/tests/runtime-swap-guest.c	6	libc/include/stdint.h	keep-root libc/include->include	#include <stdint.h>
p023	plan-tests/include	plan/ws016/tests/runtime-swap-guest.c	7	libc/include/stdio.h	keep-root libc/include->include	#include <stdio.h>
p023	plan-tests/include	plan/ws016/tests/runtime-swap-guest.c	8	libc/include/stdlib.h	keep-root libc/include->include	#include <stdlib.h>
p023	plan-tests/include	plan/ws016/tests/runtime-swap-guest.c	9	libc/include/string.h	keep-root libc/include->include	#include <string.h>
p023	plan-tests/include	plan/ws016/tests/runtime-swap-guest.c	10	libc/include/sys/ioctl.h	keep-root libc/include->include	#include <sys/ioctl.h>
p023	plan-tests/include	plan/ws016/tests/runtime-swap-guest.c	11	libc/include/sys/mman.h	keep-root libc/include->include	#include <sys/mman.h>
p023	plan-tests/include	plan/ws016/tests/runtime-swap-guest.c	12	libc/include/sys/types.h	keep-root libc/include->include	#include <sys/types.h>
p023	plan-tests/include	plan/ws016/tests/runtime-swap-guest.c	13	libc/include/sys/wait.h	keep-root libc/include->include	#include <sys/wait.h>
p023	plan-tests/include	plan/ws016/tests/runtime-swap-guest.c	14	libc/include/unistd.h	keep-root libc/include->include	#include <unistd.h>
p023	plan-tests/include	plan/ws016/tests/swap-command-test.c	3	libc/include/errno.h	keep-root libc/include->include	#include <errno.h>
p023	plan-tests/include	plan/ws016/tests/swap-command-test.c	4	libc/include/fcntl.h	keep-root libc/include->include	#include <fcntl.h>
p023	plan-tests/include	plan/ws016/tests/swap-command-test.c	5	libc/include/stdarg.h	keep-root libc/include->include	#include <stdarg.h>
p023	plan-tests/include	plan/ws016/tests/swap-command-test.c	6	libc/include/stdint.h	keep-root libc/include->include	#include <stdint.h>
p023	plan-tests/include	plan/ws016/tests/swap-command-test.c	7	libc/include/stdio.h	keep-root libc/include->include	#include <stdio.h>
p023	plan-tests/include	plan/ws016/tests/swap-command-test.c	8	libc/include/stdlib.h	keep-root libc/include->include	#include <stdlib.h>
p023	plan-tests/include	plan/ws016/tests/swap-command-test.c	9	libc/include/string.h	keep-root libc/include->include	#include <string.h>
p023	plan-tests/include	plan/ws016/tests/swap-command-test.c	10	libc/include/unistd.h	keep-root libc/include->include	#include <unistd.h>
p023	plan-tests/include	plan/ws016/tests/swap-commit-resize-test.c	8	libc/include/assert.h	keep-root libc/include->include	#include <assert.h>
p023	plan-tests/include	plan/ws016/tests/swap-commit-resize-test.c	9	libc/include/errno.h	keep-root libc/include->include	#include <errno.h>
p023	plan-tests/include	plan/ws016/tests/swap-commit-resize-test.c	11	libc/include/stdint.h	keep-root libc/include->include	#include <stdint.h>
p023	plan-tests/include	plan/ws016/tests/swap-commit-resize-test.c	12	libc/include/stdio.h	keep-root libc/include->include	#include <stdio.h>
p023	plan-tests/include	plan/ws016/tests/swap-commit-resize-test.c	13	libc/include/string.h	keep-root libc/include->include	#include <string.h>
p023	plan-tests/include	plan/ws016/tests/swap-control-test.c	8	libc/include/assert.h	keep-root libc/include->include	#include <assert.h>
p023	plan-tests/include	plan/ws016/tests/swap-control-test.c	9	libc/include/errno.h	keep-root libc/include->include	#include <errno.h>
p023	plan-tests/include	plan/ws016/tests/swap-control-test.c	10	libc/include/stdio.h	keep-root libc/include->include	#include <stdio.h>
p023	plan-tests/include	plan/ws016/tests/swap-control-test.c	11	libc/include/string.h	keep-root libc/include->include	#include <string.h>
p023	plan-tests/include	plan/ws016/tests/swap-drain-test.c	11	libc/include/assert.h	keep-root libc/include->include	#include <assert.h>
p023	plan-tests/include	plan/ws016/tests/swap-drain-test.c	12	libc/include/errno.h	keep-root libc/include->include	#include <errno.h>
p023	plan-tests/include	plan/ws016/tests/swap-drain-test.c	13	libc/include/pthread.h	keep-root libc/include->include	#include <pthread.h>
p023	plan-tests/include	plan/ws016/tests/swap-drain-test.c	14	libc/include/stdint.h	keep-root libc/include->include	#include <stdint.h>
p023	plan-tests/include	plan/ws016/tests/swap-drain-test.c	15	libc/include/stdio.h	keep-root libc/include->include	#include <stdio.h>
p023	plan-tests/include	plan/ws016/tests/swap-drain-test.c	16	libc/include/stdlib.h	keep-root libc/include->include	#include <stdlib.h>
p023	plan-tests/include	plan/ws016/tests/swap-drain-test.c	17	libc/include/string.h	keep-root libc/include->include	#include <string.h>
p023	plan-tests/include	plan/ws016/tests/swap-drain-test.c	18	libc/include/time.h	keep-root libc/include->include	#include <time.h>
p023	plan-tests/include	plan/ws016/tests/system-swap-device-test.c	10	libc/include/assert.h	keep-root libc/include->include	#include <assert.h>
p023	plan-tests/include	plan/ws016/tests/system-swap-device-test.c	11	libc/include/errno.h	keep-root libc/include->include	#include <errno.h>
p023	plan-tests/include	plan/ws016/tests/system-swap-device-test.c	12	libc/include/stdint.h	keep-root libc/include->include	#include <stdint.h>
p023	plan-tests/include	plan/ws016/tests/system-swap-device-test.c	13	libc/include/stdio.h	keep-root libc/include->include	#include <stdio.h>
p023	plan-tests/include	plan/ws016/tests/system-swap-device-test.c	14	libc/include/string.h	keep-root libc/include->include	#include <string.h>
p023	plan-tests/include	plan/ws016/tests/vm-object-stubs.c	14	libc/include/errno.h	keep-root libc/include->include	#include <errno.h>
p023	plan-tests/include	plan/ws018/tests/boot-metadata-host-types.h	2	libc/include/stdint.h	keep-root libc/include->include	#include <stdint.h>
p023	plan-tests/include	plan/ws018/tests/disklabel-host-test.c	9	libc/include/errno.h	keep-root libc/include->include	#include <errno.h>
p023	plan-tests/include	plan/ws018/tests/disklabel-host-test.c	10	libc/include/stdint.h	keep-root libc/include->include	#include <stdint.h>
p023	plan-tests/include	plan/ws018/tests/disklabel-host-test.c	11	libc/include/stdio.h	keep-root libc/include->include	#include <stdio.h>
p023	plan-tests/include	plan/ws018/tests/disklabel-host-test.c	12	libc/include/string.h	keep-root libc/include->include	#include <string.h>
p023	plan-tests/include	plan/ws018/tests/exec-preparation-host-test.c	13	libc/include/errno.h	keep-root libc/include->include	#include <errno.h>
p023	plan-tests/include	plan/ws018/tests/exec-preparation-host-test.c	14	libc/include/stdint.h	keep-root libc/include->include	#include <stdint.h>
p023	plan-tests/include	plan/ws018/tests/exec-preparation-host-test.c	15	libc/include/stdio.h	keep-root libc/include->include	#include <stdio.h>
p023	plan-tests/include	plan/ws018/tests/exec-preparation-host-test.c	16	libc/include/stdlib.h	keep-root libc/include->include	#include <stdlib.h>
p023	plan-tests/include	plan/ws018/tests/exec-preparation-host-test.c	17	libc/include/string.h	keep-root libc/include->include	#include <string.h>
p023	plan-tests/include	plan/ws018/tests/exec-preparation-host-test.c	18	libc/include/sys/stat.h	keep-root libc/include->include	#include <sys/stat.h>
p023	plan-tests/include	plan/ws018/tests/fat-native-vfs-host-test.c	12	libc/include/errno.h	keep-root libc/include->include	#include <errno.h>
p023	plan-tests/include	plan/ws018/tests/fat-native-vfs-host-test.c	13	libc/include/fcntl.h	keep-root libc/include->include	#include <fcntl.h>
p023	plan-tests/include	plan/ws018/tests/fat-native-vfs-host-test.c	14	libc/include/stdint.h	keep-root libc/include->include	#include <stdint.h>
p023	plan-tests/include	plan/ws018/tests/fat-native-vfs-host-test.c	15	libc/include/stdio.h	keep-root libc/include->include	#include <stdio.h>
p023	plan-tests/include	plan/ws018/tests/fat-native-vfs-host-test.c	16	libc/include/stdlib.h	keep-root libc/include->include	#include <stdlib.h>
p023	plan-tests/include	plan/ws018/tests/fat-native-vfs-host-test.c	17	libc/include/string.h	keep-root libc/include->include	#include <string.h>
p023	plan-tests/include	plan/ws018/tests/fat-native-vfs-host-test.c	18	libc/include/sys/stat.h	keep-root libc/include->include	#include <sys/stat.h>
p023	plan-tests/include	plan/ws018/tests/fat-native-vfs-host-test.c	19	libc/include/sys/statvfs.h	keep-root libc/include->include	#include <sys/statvfs.h>
p023	plan-tests/include	plan/ws018/tests/filesystem-identity-host-test.c	19	libc/include/errno.h	keep-root libc/include->include	#include <errno.h>
p023	plan-tests/include	plan/ws018/tests/filesystem-identity-host-test.c	20	libc/include/stdint.h	keep-root libc/include->include	#include <stdint.h>
p023	plan-tests/include	plan/ws018/tests/filesystem-identity-host-test.c	21	libc/include/stdio.h	keep-root libc/include->include	#include <stdio.h>
p023	plan-tests/include	plan/ws018/tests/filesystem-identity-host-test.c	22	libc/include/stdlib.h	keep-root libc/include->include	#include <stdlib.h>
p023	plan-tests/include	plan/ws018/tests/filesystem-identity-host-test.c	23	libc/include/string.h	keep-root libc/include->include	#include <string.h>
p023	plan-tests/include	plan/ws018/tests/graphics-frontends-host-test.c	40	libc/include/errno.h	keep-root libc/include->include	#include <errno.h>
p023	plan-tests/include	plan/ws018/tests/graphics-frontends-host-test.c	41	libc/include/stdint.h	keep-root libc/include->include	#include <stdint.h>
p023	plan-tests/include	plan/ws018/tests/graphics-frontends-host-test.c	42	libc/include/stdio.h	keep-root libc/include->include	#include <stdio.h>
p023	plan-tests/include	plan/ws018/tests/graphics-frontends-host-test.c	43	libc/include/stdlib.h	keep-root libc/include->include	#include <stdlib.h>
p023	plan-tests/include	plan/ws018/tests/graphics-frontends-host-test.c	44	libc/include/string.h	keep-root libc/include->include	#include <string.h>
p023	plan-tests/include	plan/ws018/tests/kernel-boot-metadata-host-test.c	10	libc/include/setjmp.h	keep-root libc/include->include	#include <setjmp.h>
p023	plan-tests/include	plan/ws018/tests/kernel-boot-metadata-host-test.c	11	libc/include/stdarg.h	keep-root libc/include->include	#include <stdarg.h>
p023	plan-tests/include	plan/ws018/tests/kernel-boot-metadata-host-test.c	12	libc/include/stdint.h	keep-root libc/include->include	#include <stdint.h>
p023	plan-tests/include	plan/ws018/tests/kernel-boot-metadata-host-test.c	13	libc/include/stdio.h	keep-root libc/include->include	#include <stdio.h>
p023	plan-tests/include	plan/ws018/tests/kernel-boot-metadata-host-test.c	14	libc/include/stdlib.h	keep-root libc/include->include	#include <stdlib.h>
p023	plan-tests/include	plan/ws018/tests/kernel-boot-metadata-host-test.c	15	libc/include/string.h	keep-root libc/include->include	#include <string.h>
p023	plan-tests/include	plan/ws018/tests/legacy-disk-mount-test.c	10	libc/include/stdio.h	keep-root libc/include->include	#include <stdio.h>
p023	plan-tests/include	plan/ws018/tests/legacy-disk-mount-test.c	11	libc/include/stdlib.h	keep-root libc/include->include	#include <stdlib.h>
p023	plan-tests/include	plan/ws018/tests/legacy-disk-mount-test.c	12	libc/include/string.h	keep-root libc/include->include	#include <string.h>
p023	plan-tests/include	plan/ws018/tests/legacy-disk-mount-test.c	13	libc/include/errno.h	keep-root libc/include->include	#include <errno.h>
p023	plan-tests/include	plan/ws018/tests/mount-protection-guest.c	3	libc/include/errno.h	keep-root libc/include->include	#include <errno.h>
p023	plan-tests/include	plan/ws018/tests/mount-protection-guest.c	4	libc/include/fcntl.h	keep-root libc/include->include	#include <fcntl.h>
p023	plan-tests/include	plan/ws018/tests/mount-protection-guest.c	5	libc/include/stdio.h	keep-root libc/include->include	#include <stdio.h>
p023	plan-tests/include	plan/ws018/tests/mount-protection-guest.c	6	libc/include/string.h	keep-root libc/include->include	#include <string.h>
p023	plan-tests/include	plan/ws018/tests/mount-protection-guest.c	7	libc/include/sys/stat.h	keep-root libc/include->include	#include <sys/stat.h>
p023	plan-tests/include	plan/ws018/tests/mount-protection-guest.c	8	libc/include/unistd.h	keep-root libc/include->include	#include <unistd.h>
p023	plan-tests/include	plan/ws018/tests/mount-thread-host.c	5	libc/include/pthread.h	keep-root libc/include->include	#include <pthread.h>
p023	plan-tests/include	plan/ws018/tests/mount-thread-host.c	6	libc/include/sched.h	keep-root libc/include->include	#include <sched.h>
p023	plan-tests/include	plan/ws018/tests/mount-thread-host.c	7	libc/include/stdio.h	keep-root libc/include->include	#include <stdio.h>
p023	plan-tests/include	plan/ws018/tests/mount-thread-host.c	8	libc/include/stdlib.h	keep-root libc/include->include	#include <stdlib.h>
p023	plan-tests/include	plan/ws018/tests/mount-thread-host.c	9	libc/include/time.h	keep-root libc/include->include	#include <time.h>
p023	plan-tests/include	plan/ws018/tests/pc98-busmouse-host-test.c	5	libc/include/stdint.h	keep-root libc/include->include	#include <stdint.h>
p023	plan-tests/include	plan/ws018/tests/pc98-busmouse-host-test.c	6	libc/include/stdio.h	keep-root libc/include->include	#include <stdio.h>
p023	plan-tests/include	plan/ws018/tests/pc98-busmouse-host-test.c	7	libc/include/stdlib.h	keep-root libc/include->include	#include <stdlib.h>
p023	plan-tests/include	plan/ws018/tests/pc98-busmouse-host-test.c	8	libc/include/string.h	keep-root libc/include->include	#include <string.h>
p023	plan-tests/include	plan/ws018/tests/ps2-mouse-host-test.c	5	libc/include/stdint.h	keep-root libc/include->include	#include <stdint.h>
p023	plan-tests/include	plan/ws018/tests/ps2-mouse-host-test.c	6	libc/include/stdio.h	keep-root libc/include->include	#include <stdio.h>
p023	plan-tests/include	plan/ws018/tests/ps2-mouse-host-test.c	7	libc/include/stdlib.h	keep-root libc/include->include	#include <stdlib.h>
p023	plan-tests/include	plan/ws018/tests/ps2-mouse-host-test.c	8	libc/include/string.h	keep-root libc/include->include	#include <string.h>
p023	plan-tests/include	plan/ws018/tests/pty-write-flags-test.c	14	libc/include/stdio.h	keep-root libc/include->include	#include <stdio.h>
p023	plan-tests/include	plan/ws018/tests/pty-write-flags-test.c	15	libc/include/stdlib.h	keep-root libc/include->include	#include <stdlib.h>
p023	plan-tests/include	plan/ws018/tests/storage-native-guest.c	2	libc/include/errno.h	keep-root libc/include->include	#include <errno.h>
p023	plan-tests/include	plan/ws018/tests/storage-native-guest.c	3	libc/include/fcntl.h	keep-root libc/include->include	#include <fcntl.h>
p023	plan-tests/include	plan/ws018/tests/storage-native-guest.c	4	libc/include/stdio.h	keep-root libc/include->include	#include <stdio.h>
p023	plan-tests/include	plan/ws018/tests/storage-native-guest.c	5	libc/include/stdlib.h	keep-root libc/include->include	#include <stdlib.h>
p023	plan-tests/include	plan/ws018/tests/storage-native-guest.c	6	libc/include/string.h	keep-root libc/include->include	#include <string.h>
p023	plan-tests/include	plan/ws018/tests/storage-native-guest.c	7	libc/include/sys/mman.h	keep-root libc/include->include	#include <sys/mman.h>
p023	plan-tests/include	plan/ws018/tests/storage-native-guest.c	8	libc/include/sys/stat.h	keep-root libc/include->include	#include <sys/stat.h>
p023	plan-tests/include	plan/ws018/tests/storage-native-guest.c	9	libc/include/sys/uio.h	keep-root libc/include->include	#include <sys/uio.h>
p023	plan-tests/include	plan/ws018/tests/storage-native-guest.c	10	libc/include/sys/wait.h	keep-root libc/include->include	#include <sys/wait.h>
p023	plan-tests/include	plan/ws018/tests/storage-native-guest.c	11	libc/include/time.h	keep-root libc/include->include	#include <time.h>
p023	plan-tests/include	plan/ws018/tests/storage-native-guest.c	12	libc/include/unistd.h	keep-root libc/include->include	#include <unistd.h>
p023	plan-tests/include	plan/ws018/tests/storage-syscall-stories.c	3	libc/include/assert.h	keep-root libc/include->include	#include <assert.h>
p023	plan-tests/include	plan/ws018/tests/storage-syscall-stories.c	4	libc/include/errno.h	keep-root libc/include->include	#include <errno.h>
p023	plan-tests/include	plan/ws018/tests/storage-syscall-stories.c	5	libc/include/limits.h	keep-root libc/include->include	#include <limits.h>
p023	plan-tests/include	plan/ws018/tests/storage-syscall-stories.c	6	libc/include/stdint.h	keep-root libc/include->include	#include <stdint.h>
p023	plan-tests/include	plan/ws018/tests/storage-syscall-stories.c	7	libc/include/stdio.h	keep-root libc/include->include	#include <stdio.h>
p023	plan-tests/include	plan/ws018/tests/storage-syscall-stories.c	8	libc/include/stdlib.h	keep-root libc/include->include	#include <stdlib.h>
p023	plan-tests/include	plan/ws018/tests/storage-syscall-stories.c	9	libc/include/string.h	keep-root libc/include->include	#include <string.h>
p023	plan-tests/include	plan/ws018/tests/storage-syscall-stories.c	10	libc/include/sys/types.h	keep-root libc/include->include	#include <sys/types.h>
p023	plan-tests/include	plan/ws018/tests/tmpfs-partial-write-test.c	3	libc/include/stdio.h	keep-root libc/include->include	#include <stdio.h>
p023	plan-tests/include	plan/ws018/tests/tmpfs-partial-write-test.c	4	libc/include/stdlib.h	keep-root libc/include->include	#include <stdlib.h>
p023	plan-tests/include	plan/ws018/tests/ufs-super-endian-host-test.c	8	libc/include/errno.h	keep-root libc/include->include	#include <errno.h>
p023	plan-tests/include	plan/ws018/tests/ufs-super-endian-host-test.c	9	libc/include/stdint.h	keep-root libc/include->include	#include <stdint.h>
p023	plan-tests/include	plan/ws018/tests/ufs-super-endian-host-test.c	10	libc/include/stdio.h	keep-root libc/include->include	#include <stdio.h>
p023	plan-tests/include	plan/ws018/tests/ufs-super-endian-host-test.c	11	libc/include/stdlib.h	keep-root libc/include->include	#include <stdlib.h>
p023	plan-tests/include	plan/ws018/tests/ufs-super-endian-host-test.c	12	libc/include/string.h	keep-root libc/include->include	#include <string.h>
p023	plan-tests/include	plan/ws018/tests/xzed-input-host-test.c	5	libc/include/errno.h	keep-root libc/include->include	#include <errno.h>
p023	plan-tests/include	plan/ws018/tests/xzed-input-host-test.c	6	libc/include/fcntl.h	keep-root libc/include->include	#include <fcntl.h>
p023	plan-tests/include	plan/ws018/tests/xzed-input-host-test.c	7	libc/include/limits.h	keep-root libc/include->include	#include <limits.h>
p023	plan-tests/include	plan/ws018/tests/xzed-input-host-test.c	8	libc/include/poll.h	keep-root libc/include->include	#include <poll.h>
p023	plan-tests/include	plan/ws018/tests/xzed-input-host-test.c	9	libc/include/stdint.h	keep-root libc/include->include	#include <stdint.h>
p023	plan-tests/include	plan/ws018/tests/xzed-input-host-test.c	10	libc/include/stdio.h	keep-root libc/include->include	#include <stdio.h>
p023	plan-tests/include	plan/ws018/tests/xzed-input-host-test.c	11	libc/include/stdlib.h	keep-root libc/include->include	#include <stdlib.h>
p023	plan-tests/include	plan/ws018/tests/xzed-input-host-test.c	12	libc/include/string.h	keep-root libc/include->include	#include <string.h>
p023	plan-tests/include	plan/ws018/tests/xzed-input-host-test.c	13	libc/include/sys/stat.h	keep-root libc/include->include	#include <sys/stat.h>
p023	plan-tests/include	plan/ws018/tests/xzed-input-host-test.c	14	libc/include/unistd.h	keep-root libc/include->include	#include <unistd.h>
p023	plan-tests/include	plan/ws019/tests/beui-transparent-host.c	3	libc/include/stdarg.h	keep-root libc/include->include	#include <stdarg.h>
p023	plan-tests/include	plan/ws019/tests/beui-transparent-host.c	4	libc/include/assert.h	keep-root libc/include->include	#include <assert.h>
p023	plan-tests/include	plan/ws019/tests/beui-transparent-host.c	5	libc/include/sys/ioctl.h	keep-root libc/include->include	#include <sys/ioctl.h>
p023	plan-tests/include	plan/ws019/tests/block-admin-probe.c	4	libc/include/errno.h	keep-root libc/include->include	#include <errno.h>
p023	plan-tests/include	plan/ws019/tests/block-admin-probe.c	5	libc/include/fcntl.h	keep-root libc/include->include	#include <fcntl.h>
p023	plan-tests/include	plan/ws019/tests/block-admin-probe.c	6	libc/include/signal.h	keep-root libc/include->include	#include <signal.h>
p023	plan-tests/include	plan/ws019/tests/block-admin-probe.c	7	libc/include/stdio.h	keep-root libc/include->include	#include <stdio.h>
p023	plan-tests/include	plan/ws019/tests/block-admin-probe.c	8	libc/include/stdlib.h	keep-root libc/include->include	#include <stdlib.h>
p023	plan-tests/include	plan/ws019/tests/block-admin-probe.c	9	libc/include/string.h	keep-root libc/include->include	#include <string.h>
p023	plan-tests/include	plan/ws019/tests/block-admin-probe.c	10	libc/include/sys/wait.h	keep-root libc/include->include	#include <sys/wait.h>
p023	plan-tests/include	plan/ws019/tests/block-admin-probe.c	11	libc/include/unistd.h	keep-root libc/include->include	#include <unistd.h>
p023	plan-tests/include	plan/ws019/tests/boot-provenance-host.c	5	libc/include/stdio.h	keep-root libc/include->include	#include <stdio.h>
p023	plan-tests/include	plan/ws019/tests/boot-provenance-host.c	6	libc/include/stdlib.h	keep-root libc/include->include	#include <stdlib.h>
p023	plan-tests/include	plan/ws019/tests/boot-provenance-host.c	7	libc/include/string.h	keep-root libc/include->include	#include <string.h>
p023	plan-tests/include	plan/ws019/tests/boot-provenance-host.c	8	libc/include/errno.h	keep-root libc/include->include	#include <errno.h>
p023	plan-tests/include	plan/ws019/tests/cksum-sha256-host.c	3	libc/include/errno.h	keep-root libc/include->include	#include <errno.h>
p023	plan-tests/include	plan/ws019/tests/cksum-sha256-host.c	4	libc/include/stdio.h	keep-root libc/include->include	#include <stdio.h>
p023	plan-tests/include	plan/ws019/tests/cksum-sha256-host.c	5	libc/include/stdlib.h	keep-root libc/include->include	#include <stdlib.h>
p023	plan-tests/include	plan/ws019/tests/cksum-sha256-host.c	6	libc/include/string.h	keep-root libc/include->include	#include <string.h>
p023	plan-tests/include	plan/ws019/tests/cksum-sha256-host.c	7	libc/include/unistd.h	keep-root libc/include->include	#include <unistd.h>
p023	plan-tests/include	plan/ws019/tests/df-capacity-host.c	2	libc/include/sys/statvfs.h	keep-root libc/include->include	#include <sys/statvfs.h>
p023	plan-tests/include	plan/ws019/tests/df-capacity-host.c	3	libc/include/errno.h	keep-root libc/include->include	#include <errno.h>
p023	plan-tests/include	plan/ws019/tests/df-capacity-host.c	4	libc/include/fcntl.h	keep-root libc/include->include	#include <fcntl.h>
p023	plan-tests/include	plan/ws019/tests/df-capacity-host.c	5	libc/include/stdio.h	keep-root libc/include->include	#include <stdio.h>
p023	plan-tests/include	plan/ws019/tests/df-capacity-host.c	6	libc/include/stdlib.h	keep-root libc/include->include	#include <stdlib.h>
p023	plan-tests/include	plan/ws019/tests/df-capacity-host.c	7	libc/include/string.h	keep-root libc/include->include	#include <string.h>
p023	plan-tests/include	plan/ws019/tests/df-capacity-host.c	8	libc/include/unistd.h	keep-root libc/include->include	#include <unistd.h>
p023	plan-tests/include	plan/ws019/tests/diskpart-cli-test.c	4	libc/include/dirent.h	keep-root libc/include->include	#include <dirent.h>
p023	plan-tests/include	plan/ws019/tests/diskpart-cli-test.c	5	libc/include/errno.h	keep-root libc/include->include	#include <errno.h>
p023	plan-tests/include	plan/ws019/tests/diskpart-cli-test.c	6	libc/include/fcntl.h	keep-root libc/include->include	#include <fcntl.h>
p023	plan-tests/include	plan/ws019/tests/diskpart-cli-test.c	7	libc/include/stdarg.h	keep-root libc/include->include	#include <stdarg.h>
p023	plan-tests/include	plan/ws019/tests/diskpart-cli-test.c	8	libc/include/stdint.h	keep-root libc/include->include	#include <stdint.h>
p023	plan-tests/include	plan/ws019/tests/diskpart-cli-test.c	9	libc/include/stdio.h	keep-root libc/include->include	#include <stdio.h>
p023	plan-tests/include	plan/ws019/tests/diskpart-cli-test.c	10	libc/include/stdlib.h	keep-root libc/include->include	#include <stdlib.h>
p023	plan-tests/include	plan/ws019/tests/diskpart-cli-test.c	11	libc/include/string.h	keep-root libc/include->include	#include <string.h>
p023	plan-tests/include	plan/ws019/tests/diskpart-cli-test.c	12	libc/include/sys/ioctl.h	keep-root libc/include->include	#include <sys/ioctl.h>
p023	plan-tests/include	plan/ws019/tests/diskpart-cli-test.c	13	libc/include/sys/stat.h	keep-root libc/include->include	#include <sys/stat.h>
p023	plan-tests/include	plan/ws019/tests/diskpart-cli-test.c	14	libc/include/unistd.h	keep-root libc/include->include	#include <unistd.h>
p023	plan-tests/include	plan/ws019/tests/diskpart-table-test.c	4	libc/include/assert.h	keep-root libc/include->include	#include <assert.h>
p023	plan-tests/include	plan/ws019/tests/diskpart-table-test.c	5	libc/include/errno.h	keep-root libc/include->include	#include <errno.h>
p023	plan-tests/include	plan/ws019/tests/diskpart-table-test.c	6	libc/include/stdio.h	keep-root libc/include->include	#include <stdio.h>
p023	plan-tests/include	plan/ws019/tests/diskpart-table-test.c	7	libc/include/stdlib.h	keep-root libc/include->include	#include <stdlib.h>
p023	plan-tests/include	plan/ws019/tests/diskpart-table-test.c	8	libc/include/string.h	keep-root libc/include->include	#include <string.h>
p023	plan-tests/include	plan/ws019/tests/fat32-command-test.c	6	libc/include/assert.h	keep-root libc/include->include	#include <assert.h>
p023	plan-tests/include	plan/ws019/tests/fat32-command-test.c	7	libc/include/errno.h	keep-root libc/include->include	#include <errno.h>
p023	plan-tests/include	plan/ws019/tests/fat32-command-test.c	8	libc/include/fcntl.h	keep-root libc/include->include	#include <fcntl.h>
p023	plan-tests/include	plan/ws019/tests/fat32-command-test.c	9	libc/include/stdarg.h	keep-root libc/include->include	#include <stdarg.h>
p023	plan-tests/include	plan/ws019/tests/fat32-command-test.c	10	libc/include/stdio.h	keep-root libc/include->include	#include <stdio.h>
p023	plan-tests/include	plan/ws019/tests/fat32-command-test.c	11	libc/include/string.h	keep-root libc/include->include	#include <string.h>
p023	plan-tests/include	plan/ws019/tests/fat32-command-test.c	12	libc/include/sys/stat.h	keep-root libc/include->include	#include <sys/stat.h>
p023	plan-tests/include	plan/ws019/tests/fat32-command-test.c	13	libc/include/unistd.h	keep-root libc/include->include	#include <unistd.h>
p023	plan-tests/include	plan/ws019/tests/fat32-format-test.c	3	libc/include/assert.h	keep-root libc/include->include	#include <assert.h>
p023	plan-tests/include	plan/ws019/tests/fat32-format-test.c	4	libc/include/errno.h	keep-root libc/include->include	#include <errno.h>
p023	plan-tests/include	plan/ws019/tests/fat32-format-test.c	5	libc/include/fcntl.h	keep-root libc/include->include	#include <fcntl.h>
p023	plan-tests/include	plan/ws019/tests/fat32-format-test.c	6	libc/include/stdint.h	keep-root libc/include->include	#include <stdint.h>
p023	plan-tests/include	plan/ws019/tests/fat32-format-test.c	7	libc/include/stdio.h	keep-root libc/include->include	#include <stdio.h>
p023	plan-tests/include	plan/ws019/tests/fat32-format-test.c	8	libc/include/stdlib.h	keep-root libc/include->include	#include <stdlib.h>
p023	plan-tests/include	plan/ws019/tests/fat32-format-test.c	9	libc/include/string.h	keep-root libc/include->include	#include <string.h>
p023	plan-tests/include	plan/ws019/tests/fat32-format-test.c	10	libc/include/unistd.h	keep-root libc/include->include	#include <unistd.h>
p023	plan-tests/include	plan/ws019/tests/file-extent-dispatch-test.c	3	libc/include/assert.h	keep-root libc/include->include	#include <assert.h>
p023	plan-tests/include	plan/ws019/tests/file-extent-dispatch-test.c	4	libc/include/stdio.h	keep-root libc/include->include	#include <stdio.h>
p023	plan-tests/include	plan/ws019/tests/file-extent-dispatch-test.c	5	libc/include/string.h	keep-root libc/include->include	#include <string.h>
p023	plan-tests/include	plan/ws019/tests/format-file-test.c	16	libc/include/errno.h	keep-root libc/include->include	#include <errno.h>
p023	plan-tests/include	plan/ws019/tests/format-file-test.c	17	libc/include/fcntl.h	keep-root libc/include->include	#include <fcntl.h>
p023	plan-tests/include	plan/ws019/tests/format-file-test.c	18	libc/include/stdarg.h	keep-root libc/include->include	#include <stdarg.h>
p023	plan-tests/include	plan/ws019/tests/format-file-test.c	19	libc/include/stdint.h	keep-root libc/include->include	#include <stdint.h>
p023	plan-tests/include	plan/ws019/tests/format-file-test.c	20	libc/include/stdio.h	keep-root libc/include->include	#include <stdio.h>
p023	plan-tests/include	plan/ws019/tests/format-file-test.c	21	libc/include/stdlib.h	keep-root libc/include->include	#include <stdlib.h>
p023	plan-tests/include	plan/ws019/tests/format-file-test.c	22	libc/include/string.h	keep-root libc/include->include	#include <string.h>
p023	plan-tests/include	plan/ws019/tests/format-file-test.c	23	libc/include/sys/ioctl.h	keep-root libc/include->include	#include <sys/ioctl.h>
p023	plan-tests/include	plan/ws019/tests/format-file-test.c	24	libc/include/sys/stat.h	keep-root libc/include->include	#include <sys/stat.h>
p023	plan-tests/include	plan/ws019/tests/format-file-test.c	25	libc/include/sys/types.h	keep-root libc/include->include	#include <sys/types.h>
p023	plan-tests/include	plan/ws019/tests/format-file-test.c	26	libc/include/unistd.h	keep-root libc/include->include	#include <unistd.h>
p023	plan-tests/include	plan/ws019/tests/format-reservation-test.c	29	libc/include/assert.h	keep-root libc/include->include	#include <assert.h>
p023	plan-tests/include	plan/ws019/tests/format-reservation-test.c	30	libc/include/errno.h	keep-root libc/include->include	#include <errno.h>
p023	plan-tests/include	plan/ws019/tests/format-reservation-test.c	31	libc/include/pthread.h	keep-root libc/include->include	#include <pthread.h>
p023	plan-tests/include	plan/ws019/tests/format-reservation-test.c	32	libc/include/sched.h	keep-root libc/include->include	#include <sched.h>
p023	plan-tests/include	plan/ws019/tests/format-reservation-test.c	33	libc/include/stdio.h	keep-root libc/include->include	#include <stdio.h>
p023	plan-tests/include	plan/ws019/tests/format-reservation-test.c	34	libc/include/stdlib.h	keep-root libc/include->include	#include <stdlib.h>
p023	plan-tests/include	plan/ws019/tests/format-reservation-test.c	35	libc/include/string.h	keep-root libc/include->include	#include <string.h>
p023	plan-tests/include	plan/ws019/tests/formatter-probe-guest.c	14	libc/include/errno.h	keep-root libc/include->include	#include <errno.h>
p023	plan-tests/include	plan/ws019/tests/formatter-probe-guest.c	15	libc/include/fcntl.h	keep-root libc/include->include	#include <fcntl.h>
p023	plan-tests/include	plan/ws019/tests/formatter-probe-guest.c	16	libc/include/stdio.h	keep-root libc/include->include	#include <stdio.h>
p023	plan-tests/include	plan/ws019/tests/formatter-probe-guest.c	17	libc/include/stdlib.h	keep-root libc/include->include	#include <stdlib.h>
p023	plan-tests/include	plan/ws019/tests/formatter-probe-guest.c	18	libc/include/string.h	keep-root libc/include->include	#include <string.h>
p023	plan-tests/include	plan/ws019/tests/formatter-probe-guest.c	19	libc/include/sys/ioctl.h	keep-root libc/include->include	#include <sys/ioctl.h>
p023	plan-tests/include	plan/ws019/tests/formatter-probe-guest.c	20	libc/include/sys/stat.h	keep-root libc/include->include	#include <sys/stat.h>
p023	plan-tests/include	plan/ws019/tests/formatter-probe-guest.c	21	libc/include/unistd.h	keep-root libc/include->include	#include <unistd.h>
p023	plan-tests/include	plan/ws019/tests/fstab-swap-host.c	3	libc/include/assert.h	keep-root libc/include->include	#include <assert.h>
p023	plan-tests/include	plan/ws019/tests/fstab-swap-host.c	4	libc/include/errno.h	keep-root libc/include->include	#include <errno.h>
p023	plan-tests/include	plan/ws019/tests/fstab-swap-host.c	5	libc/include/stdarg.h	keep-root libc/include->include	#include <stdarg.h>
p023	plan-tests/include	plan/ws019/tests/fstab-swap-host.c	6	libc/include/stdio.h	keep-root libc/include->include	#include <stdio.h>
p023	plan-tests/include	plan/ws019/tests/fstab-swap-host.c	7	libc/include/stdlib.h	keep-root libc/include->include	#include <stdlib.h>
p023	plan-tests/include	plan/ws019/tests/fstab-swap-host.c	8	libc/include/string.h	keep-root libc/include->include	#include <string.h>
p023	plan-tests/include	plan/ws019/tests/growth-fat-host.c	3	libc/include/stdio.h	keep-root libc/include->include	#include <stdio.h>
p023	plan-tests/include	plan/ws019/tests/growth-fat-host.c	4	libc/include/stdlib.h	keep-root libc/include->include	#include <stdlib.h>
p023	plan-tests/include	plan/ws019/tests/identity-command-host.c	3	libc/include/errno.h	keep-root libc/include->include	#include <errno.h>
p023	plan-tests/include	plan/ws019/tests/identity-command-host.c	4	libc/include/fcntl.h	keep-root libc/include->include	#include <fcntl.h>
p023	plan-tests/include	plan/ws019/tests/identity-command-host.c	5	libc/include/stdarg.h	keep-root libc/include->include	#include <stdarg.h>
p023	plan-tests/include	plan/ws019/tests/identity-command-host.c	6	libc/include/stdio.h	keep-root libc/include->include	#include <stdio.h>
p023	plan-tests/include	plan/ws019/tests/identity-command-host.c	7	libc/include/stdlib.h	keep-root libc/include->include	#include <stdlib.h>
p023	plan-tests/include	plan/ws019/tests/identity-command-host.c	8	libc/include/string.h	keep-root libc/include->include	#include <string.h>
p023	plan-tests/include	plan/ws019/tests/identity-command-host.c	9	libc/include/sys/ioctl.h	keep-root libc/include->include	#include <sys/ioctl.h>
p023	plan-tests/include	plan/ws019/tests/identity-command-host.c	10	libc/include/unistd.h	keep-root libc/include->include	#include <unistd.h>
p023	plan-tests/include	plan/ws019/tests/ls-completeness-host.c	2	libc/include/dirent.h	keep-root libc/include->include	#include <dirent.h>
p023	plan-tests/include	plan/ws019/tests/ls-completeness-host.c	3	libc/include/errno.h	keep-root libc/include->include	#include <errno.h>
p023	plan-tests/include	plan/ws019/tests/ls-completeness-host.c	4	libc/include/fcntl.h	keep-root libc/include->include	#include <fcntl.h>
p023	plan-tests/include	plan/ws019/tests/ls-completeness-host.c	5	libc/include/stdio.h	keep-root libc/include->include	#include <stdio.h>
p023	plan-tests/include	plan/ws019/tests/ls-completeness-host.c	6	libc/include/stdlib.h	keep-root libc/include->include	#include <stdlib.h>
p023	plan-tests/include	plan/ws019/tests/ls-completeness-host.c	7	libc/include/unistd.h	keep-root libc/include->include	#include <unistd.h>
p023	plan-tests/include	plan/ws019/tests/memory-device-test.c	2	libc/include/assert.h	keep-root libc/include->include	#include <assert.h>
p023	plan-tests/include	plan/ws019/tests/memory-device-test.c	3	libc/include/errno.h	keep-root libc/include->include	#include <errno.h>
p023	plan-tests/include	plan/ws019/tests/memory-device-test.c	4	libc/include/stdio.h	keep-root libc/include->include	#include <stdio.h>
p023	plan-tests/include	plan/ws019/tests/memory-device-test.c	5	libc/include/string.h	keep-root libc/include->include	#include <string.h>
p023	plan-tests/include	plan/ws019/tests/mkfs-query-no-io.c	2	libc/include/stdlib.h	keep-root libc/include->include	#include <stdlib.h>
p023	plan-tests/include	plan/ws019/tests/mkfs-query-no-io.c	3	libc/include/sys/types.h	keep-root libc/include->include	#include <sys/types.h>
p023	plan-tests/include	plan/ws019/tests/mkfs-query-no-io.c	4	libc/include/stddef.h	keep-root libc/include->include	#include <stddef.h>
p023	plan-tests/include	plan/ws019/tests/native-ufs-codec-test.c	2	libc/include/assert.h	keep-root libc/include->include	#include <assert.h>
p023	plan-tests/include	plan/ws019/tests/native-ufs-codec-test.c	3	libc/include/errno.h	keep-root libc/include->include	#include <errno.h>
p023	plan-tests/include	plan/ws019/tests/native-ufs-codec-test.c	4	libc/include/fcntl.h	keep-root libc/include->include	#include <fcntl.h>
p023	plan-tests/include	plan/ws019/tests/native-ufs-codec-test.c	5	libc/include/stdint.h	keep-root libc/include->include	#include <stdint.h>
p023	plan-tests/include	plan/ws019/tests/native-ufs-codec-test.c	6	libc/include/stdio.h	keep-root libc/include->include	#include <stdio.h>
p023	plan-tests/include	plan/ws019/tests/native-ufs-codec-test.c	7	libc/include/stdlib.h	keep-root libc/include->include	#include <stdlib.h>
p023	plan-tests/include	plan/ws019/tests/native-ufs-codec-test.c	8	libc/include/unistd.h	keep-root libc/include->include	#include <unistd.h>
p023	plan-tests/include	plan/ws019/tests/nested-mount-guest.c	2	libc/include/sys/mount.h	keep-root libc/include->include	#include <sys/mount.h>
p023	plan-tests/include	plan/ws019/tests/nested-mount-guest.c	3	libc/include/sys/stat.h	keep-root libc/include->include	#include <sys/stat.h>
p023	plan-tests/include	plan/ws019/tests/nested-mount-guest.c	4	libc/include/sys/wait.h	keep-root libc/include->include	#include <sys/wait.h>
p023	plan-tests/include	plan/ws019/tests/nested-mount-guest.c	5	libc/include/errno.h	keep-root libc/include->include	#include <errno.h>
p023	plan-tests/include	plan/ws019/tests/nested-mount-guest.c	6	libc/include/fcntl.h	keep-root libc/include->include	#include <fcntl.h>
p023	plan-tests/include	plan/ws019/tests/nested-mount-guest.c	7	libc/include/stdio.h	keep-root libc/include->include	#include <stdio.h>
p023	plan-tests/include	plan/ws019/tests/nested-mount-guest.c	8	libc/include/stdlib.h	keep-root libc/include->include	#include <stdlib.h>
p023	plan-tests/include	plan/ws019/tests/nested-mount-guest.c	9	libc/include/unistd.h	keep-root libc/include->include	#include <unistd.h>
p023	plan-tests/include	plan/ws019/tests/partition-admin-probe.c	4	libc/include/errno.h	keep-root libc/include->include	#include <errno.h>
p023	plan-tests/include	plan/ws019/tests/partition-admin-probe.c	5	libc/include/fcntl.h	keep-root libc/include->include	#include <fcntl.h>
p023	plan-tests/include	plan/ws019/tests/partition-admin-probe.c	6	libc/include/signal.h	keep-root libc/include->include	#include <signal.h>
p023	plan-tests/include	plan/ws019/tests/partition-admin-probe.c	7	libc/include/stdio.h	keep-root libc/include->include	#include <stdio.h>
p023	plan-tests/include	plan/ws019/tests/partition-admin-probe.c	8	libc/include/stdlib.h	keep-root libc/include->include	#include <stdlib.h>
p023	plan-tests/include	plan/ws019/tests/partition-admin-probe.c	9	libc/include/string.h	keep-root libc/include->include	#include <string.h>
p023	plan-tests/include	plan/ws019/tests/partition-admin-probe.c	10	libc/include/sys/stat.h	keep-root libc/include->include	#include <sys/stat.h>
p023	plan-tests/include	plan/ws019/tests/partition-admin-probe.c	11	libc/include/sys/wait.h	keep-root libc/include->include	#include <sys/wait.h>
p023	plan-tests/include	plan/ws019/tests/partition-admin-probe.c	12	libc/include/unistd.h	keep-root libc/include->include	#include <unistd.h>
p023	plan-tests/include	plan/ws019/tests/pristine-format-host.c	3	libc/include/errno.h	keep-root libc/include->include	#include <errno.h>
p023	plan-tests/include	plan/ws019/tests/pristine-format-host.c	4	libc/include/fcntl.h	keep-root libc/include->include	#include <fcntl.h>
p023	plan-tests/include	plan/ws019/tests/pristine-format-host.c	5	libc/include/stdint.h	keep-root libc/include->include	#include <stdint.h>
p023	plan-tests/include	plan/ws019/tests/pristine-format-host.c	6	libc/include/stdio.h	keep-root libc/include->include	#include <stdio.h>
p023	plan-tests/include	plan/ws019/tests/pristine-format-host.c	7	libc/include/stdlib.h	keep-root libc/include->include	#include <stdlib.h>
p023	plan-tests/include	plan/ws019/tests/pristine-format-host.c	8	libc/include/string.h	keep-root libc/include->include	#include <string.h>
p023	plan-tests/include	plan/ws019/tests/pristine-format-host.c	9	libc/include/sys/stat.h	keep-root libc/include->include	#include <sys/stat.h>
p023	plan-tests/include	plan/ws019/tests/pristine-format-host.c	10	libc/include/unistd.h	keep-root libc/include->include	#include <unistd.h>
p023	plan-tests/include	plan/ws019/tests/pristine-frontend-host.c	4	libc/include/errno.h	keep-root libc/include->include	#include <errno.h>
p023	plan-tests/include	plan/ws019/tests/pristine-frontend-host.c	5	libc/include/fcntl.h	keep-root libc/include->include	#include <fcntl.h>
p023	plan-tests/include	plan/ws019/tests/pristine-frontend-host.c	6	libc/include/stdarg.h	keep-root libc/include->include	#include <stdarg.h>
p023	plan-tests/include	plan/ws019/tests/pristine-frontend-host.c	7	libc/include/stdio.h	keep-root libc/include->include	#include <stdio.h>
p023	plan-tests/include	plan/ws019/tests/pristine-frontend-host.c	8	libc/include/stdlib.h	keep-root libc/include->include	#include <stdlib.h>
p023	plan-tests/include	plan/ws019/tests/pristine-frontend-host.c	9	libc/include/string.h	keep-root libc/include->include	#include <string.h>
p023	plan-tests/include	plan/ws019/tests/pristine-frontend-host.c	10	libc/include/sys/stat.h	keep-root libc/include->include	#include <sys/stat.h>
p023	plan-tests/include	plan/ws019/tests/pristine-frontend-host.c	11	libc/include/unistd.h	keep-root libc/include->include	#include <unistd.h>
p023	plan-tests/include	plan/ws019/tests/publication-command-host.c	2	libc/include/assert.h	keep-root libc/include->include	#include <assert.h>
p023	plan-tests/include	plan/ws019/tests/publication-command-host.c	3	libc/include/errno.h	keep-root libc/include->include	#include <errno.h>
p023	plan-tests/include	plan/ws019/tests/publication-command-host.c	4	libc/include/fcntl.h	keep-root libc/include->include	#include <fcntl.h>
p023	plan-tests/include	plan/ws019/tests/publication-command-host.c	5	libc/include/stdio.h	keep-root libc/include->include	#include <stdio.h>
p023	plan-tests/include	plan/ws019/tests/publication-command-host.c	6	libc/include/stdlib.h	keep-root libc/include->include	#include <stdlib.h>
p023	plan-tests/include	plan/ws019/tests/publication-command-host.c	7	libc/include/string.h	keep-root libc/include->include	#include <string.h>
p023	plan-tests/include	plan/ws019/tests/publication-command-host.c	8	libc/include/sys/stat.h	keep-root libc/include->include	#include <sys/stat.h>
p023	plan-tests/include	plan/ws019/tests/publication-command-host.c	9	libc/include/unistd.h	keep-root libc/include->include	#include <unistd.h>
p023	plan-tests/include	plan/ws019/tests/publication-fat-disk-host.c	3	libc/include/string.h	keep-root libc/include->include	#include <string.h>
p023	plan-tests/include	plan/ws019/tests/publication-fat-disk-host.c	4	libc/include/stdlib.h	keep-root libc/include->include	#include <stdlib.h>
p023	plan-tests/include	plan/ws019/tests/publication-fat-disk-host.c	5	libc/include/errno.h	keep-root libc/include->include	#include <errno.h>
p023	plan-tests/include	plan/ws019/tests/publication-fat-host.c	3	libc/include/stdio.h	keep-root libc/include->include	#include <stdio.h>
p023	plan-tests/include	plan/ws019/tests/publication-fat-host.c	4	libc/include/stdlib.h	keep-root libc/include->include	#include <stdlib.h>
p023	plan-tests/include	plan/ws019/tests/publication-probe-guest.c	3	libc/include/errno.h	keep-root libc/include->include	#include <errno.h>
p023	plan-tests/include	plan/ws019/tests/publication-probe-guest.c	4	libc/include/fcntl.h	keep-root libc/include->include	#include <fcntl.h>
p023	plan-tests/include	plan/ws019/tests/publication-probe-guest.c	5	libc/include/pthread.h	keep-root libc/include->include	#include <pthread.h>
p023	plan-tests/include	plan/ws019/tests/publication-probe-guest.c	6	libc/include/stdio.h	keep-root libc/include->include	#include <stdio.h>
p023	plan-tests/include	plan/ws019/tests/publication-probe-guest.c	7	libc/include/stdlib.h	keep-root libc/include->include	#include <stdlib.h>
p023	plan-tests/include	plan/ws019/tests/publication-probe-guest.c	8	libc/include/string.h	keep-root libc/include->include	#include <string.h>
p023	plan-tests/include	plan/ws019/tests/publication-probe-guest.c	9	libc/include/sys/stat.h	keep-root libc/include->include	#include <sys/stat.h>
p023	plan-tests/include	plan/ws019/tests/publication-probe-guest.c	10	libc/include/sys/wait.h	keep-root libc/include->include	#include <sys/wait.h>
p023	plan-tests/include	plan/ws019/tests/publication-probe-guest.c	11	libc/include/unistd.h	keep-root libc/include->include	#include <unistd.h>
p023	plan-tests/include	plan/ws019/tests/staging-cp-host.c	2	libc/include/assert.h	keep-root libc/include->include	#include <assert.h>
p023	plan-tests/include	plan/ws019/tests/staging-cp-host.c	3	libc/include/errno.h	keep-root libc/include->include	#include <errno.h>
p023	plan-tests/include	plan/ws019/tests/staging-cp-host.c	4	libc/include/fcntl.h	keep-root libc/include->include	#include <fcntl.h>
p023	plan-tests/include	plan/ws019/tests/staging-cp-host.c	5	libc/include/stdio.h	keep-root libc/include->include	#include <stdio.h>
p023	plan-tests/include	plan/ws019/tests/staging-cp-host.c	6	libc/include/stdlib.h	keep-root libc/include->include	#include <stdlib.h>
p023	plan-tests/include	plan/ws019/tests/staging-cp-host.c	7	libc/include/string.h	keep-root libc/include->include	#include <string.h>
p023	plan-tests/include	plan/ws019/tests/staging-cp-host.c	8	libc/include/sys/stat.h	keep-root libc/include->include	#include <sys/stat.h>
p023	plan-tests/include	plan/ws019/tests/staging-cp-host.c	9	libc/include/unistd.h	keep-root libc/include->include	#include <unistd.h>
p023	plan-tests/include	plan/ws019/tests/storage-exit-guest.c	3	libc/include/errno.h	keep-root libc/include->include	#include <errno.h>
p023	plan-tests/include	plan/ws019/tests/storage-exit-guest.c	4	libc/include/stdio.h	keep-root libc/include->include	#include <stdio.h>
p023	plan-tests/include	plan/ws019/tests/storage-exit-guest.c	5	libc/include/sys/wait.h	keep-root libc/include->include	#include <sys/wait.h>
p023	plan-tests/include	plan/ws019/tests/storage-exit-guest.c	6	libc/include/unistd.h	keep-root libc/include->include	#include <unistd.h>
p023	plan-tests/include	plan/ws019/tests/storage-foundation-test.c	3	libc/include/assert.h	keep-root libc/include->include	#include <assert.h>
p023	plan-tests/include	plan/ws019/tests/storage-foundation-test.c	4	libc/include/stdio.h	keep-root libc/include->include	#include <stdio.h>
p023	plan-tests/include	plan/ws019/tests/storage-foundation-test.c	5	libc/include/stdlib.h	keep-root libc/include->include	#include <stdlib.h>
p023	plan-tests/include	plan/ws019/tests/storage-foundation-test.c	6	libc/include/string.h	keep-root libc/include->include	#include <string.h>
p023	plan-tests/include	plan/ws019/tests/swap-format-test.c	16	libc/include/errno.h	keep-root libc/include->include	#include <errno.h>
p023	plan-tests/include	plan/ws019/tests/swap-format-test.c	17	libc/include/fcntl.h	keep-root libc/include->include	#include <fcntl.h>
p023	plan-tests/include	plan/ws019/tests/swap-format-test.c	19	libc/include/stdint.h	keep-root libc/include->include	#include <stdint.h>
p023	plan-tests/include	plan/ws019/tests/swap-format-test.c	20	libc/include/stdio.h	keep-root libc/include->include	#include <stdio.h>
p023	plan-tests/include	plan/ws019/tests/swap-format-test.c	21	libc/include/stdlib.h	keep-root libc/include->include	#include <stdlib.h>
p023	plan-tests/include	plan/ws019/tests/swap-format-test.c	22	libc/include/string.h	keep-root libc/include->include	#include <string.h>
p023	plan-tests/include	plan/ws019/tests/swap-format-test.c	23	libc/include/sys/stat.h	keep-root libc/include->include	#include <sys/stat.h>
p023	plan-tests/include	plan/ws019/tests/swap-format-test.c	24	libc/include/sys/types.h	keep-root libc/include->include	#include <sys/types.h>
p023	plan-tests/include	plan/ws019/tests/swap-format-test.c	25	libc/include/unistd.h	keep-root libc/include->include	#include <unistd.h>
p023	plan-tests/include	plan/ws019/tests/uefi-video-host.c	4	libc/include/assert.h	keep-root libc/include->include	#include <assert.h>
p023	plan-tests/include	plan/ws019/tests/uefi-video-host.c	5	libc/include/stdlib.h	keep-root libc/include->include	#include <stdlib.h>
p023	plan-tests/include	plan/ws019/tests/uefi-video-host.c	6	libc/include/string.h	keep-root libc/include->include	#include <string.h>
p023	plan-tests/include	plan/ws019/tests/uefi-video-host.c	7	libc/include/stdio.h	keep-root libc/include->include	#include <stdio.h>
p023	plan-tests/include	plan/ws019/tests/ufs-snapshot-probe.c	2	libc/include/sys/snapshot.h	keep-root libc/include->include	#include <sys/snapshot.h>
p023	plan-tests/include	plan/ws019/tests/ufs-snapshot-probe.c	3	libc/include/errno.h	keep-root libc/include->include	#include <errno.h>
p023	plan-tests/include	plan/ws019/tests/ufs-snapshot-probe.c	4	libc/include/stdio.h	keep-root libc/include->include	#include <stdio.h>
p023	plan-tests/include	plan/ws019/tests/ufs-snapshot-probe.c	5	libc/include/string.h	keep-root libc/include->include	#include <string.h>
p023	plan-tests/include	plan/ws019/tests/ufs-snapshot-probe.c	6	libc/include/fcntl.h	keep-root libc/include->include	#include <fcntl.h>
p023	plan-tests/include	plan/ws019/tests/ufs-snapshot-probe.c	7	libc/include/sys/stat.h	keep-root libc/include->include	#include <sys/stat.h>
p023	plan-tests/include	plan/ws019/tests/ufs-snapshot-probe.c	8	libc/include/sys/ioctl.h	keep-root libc/include->include	#include <sys/ioctl.h>
p023	plan-tests/include	plan/ws019/tests/ufs-snapshot-probe.c	9	libc/include/unistd.h	keep-root libc/include->include	#include <unistd.h>
p023	plan-tests/include	plan/ws022/tests/static-tls-host.c	3	libc/include/assert.h	keep-root libc/include->include	#include <assert.h>
p023	plan-tests/include	plan/ws022/tests/static-tls-host.c	4	libc/include/stdint.h	keep-root libc/include->include	#include <stdint.h>
p023	plan-tests/include	plan/ws022/tests/static-tls-host.c	5	libc/include/stdlib.h	keep-root libc/include->include	#include <stdlib.h>
p023	plan-tests/include	plan/ws022/tests/static-tls-host.c	6	libc/include/string.h	keep-root libc/include->include	#include <string.h>
p023	plan-tests/include	plan/ws022/tests/static-tls-host.c	7	libc/include/sys/mman.h	keep-root libc/include->include	#include <sys/mman.h>
p023	plan-tests/include	plan/ws022/tests/tls-empty-image.c	2	libc/include/stdint.h	keep-root libc/include->include	#include <stdint.h>
p023	plan-tests/include	plan/ws022/tests/tls-image.c	2	libc/include/stdint.h	keep-root libc/include->include	#include <stdint.h>
p023	plan-tests/include	plan/ws022/tests/tls-loader-probe.c	2	libc/include/errno.h	keep-root libc/include->include	#include <errno.h>
p023	plan-tests/include	plan/ws022/tests/tls-loader-probe.c	3	libc/include/stdio.h	keep-root libc/include->include	#include <stdio.h>
p023	plan-tests/include	plan/ws022/tests/tls-loader-probe.c	4	libc/include/string.h	keep-root libc/include->include	#include <string.h>
p023	plan-tests/include	plan/ws022/tests/tls-loader-probe.c	5	libc/include/sys/wait.h	keep-root libc/include->include	#include <sys/wait.h>
p023	plan-tests/include	plan/ws022/tests/tls-loader-probe.c	6	libc/include/sys/stat.h	keep-root libc/include->include	#include <sys/stat.h>
p023	plan-tests/include	plan/ws022/tests/tls-loader-probe.c	7	libc/include/sys/resource.h	keep-root libc/include->include	#include <sys/resource.h>
p023	plan-tests/include	plan/ws022/tests/tls-loader-probe.c	8	libc/include/pthread.h	keep-root libc/include->include	#include <pthread.h>
p023	plan-tests/include	plan/ws022/tests/tls-loader-probe.c	9	libc/include/signal.h	keep-root libc/include->include	#include <signal.h>
p023	plan-tests/include	plan/ws022/tests/tls-loader-probe.c	10	libc/include/sched.h	keep-root libc/include->include	#include <sched.h>
p023	plan-tests/include	plan/ws022/tests/tls-loader-probe.c	11	libc/include/stdint.h	keep-root libc/include->include	#include <stdint.h>
p023	plan-tests/include	plan/ws022/tests/tls-loader-probe.c	12	libc/include/unistd.h	keep-root libc/include->include	#include <unistd.h>
p023	plan-tests/include	plan/ws024/tests/formatter-fault-host.c	16	libc/include/errno.h	keep-root libc/include->include	#include <errno.h>
p023	plan-tests/include	plan/ws024/tests/formatter-fault-host.c	17	libc/include/fcntl.h	keep-root libc/include->include	#include <fcntl.h>
p023	plan-tests/include	plan/ws024/tests/formatter-fault-host.c	18	libc/include/stdint.h	keep-root libc/include->include	#include <stdint.h>
p023	plan-tests/include	plan/ws024/tests/formatter-fault-host.c	19	libc/include/stdio.h	keep-root libc/include->include	#include <stdio.h>
p023	plan-tests/include	plan/ws024/tests/formatter-fault-host.c	20	libc/include/stdlib.h	keep-root libc/include->include	#include <stdlib.h>
p023	plan-tests/include	plan/ws024/tests/formatter-fault-host.c	21	libc/include/string.h	keep-root libc/include->include	#include <string.h>
p023	plan-tests/include	plan/ws024/tests/formatter-fault-host.c	22	libc/include/sys/stat.h	keep-root libc/include->include	#include <sys/stat.h>
p023	plan-tests/include	plan/ws024/tests/formatter-fault-host.c	23	libc/include/sys/types.h	keep-root libc/include->include	#include <sys/types.h>
p023	plan-tests/include	plan/ws024/tests/formatter-fault-host.c	24	libc/include/unistd.h	keep-root libc/include->include	#include <unistd.h>
p023	plan-tests/include	plan/ws024/tests/formatter-image-host.c	3	libc/include/fcntl.h	keep-root libc/include->include	#include <fcntl.h>
p023	plan-tests/include	plan/ws024/tests/formatter-image-host.c	4	libc/include/stdio.h	keep-root libc/include->include	#include <stdio.h>
p023	plan-tests/include	plan/ws024/tests/formatter-image-host.c	5	libc/include/stdlib.h	keep-root libc/include->include	#include <stdlib.h>
p023	plan-tests/include	plan/ws024/tests/formatter-image-host.c	6	libc/include/unistd.h	keep-root libc/include->include	#include <unistd.h>
p023	plan-tests/include	plan/ws024/tests/ufs-consistency-host.c	8	libc/include/errno.h	keep-root libc/include->include	#include <errno.h>
p023	plan-tests/include	plan/ws024/tests/ufs-consistency-host.c	9	libc/include/stdint.h	keep-root libc/include->include	#include <stdint.h>
p023	plan-tests/include	plan/ws024/tests/ufs-consistency-host.c	10	libc/include/stdio.h	keep-root libc/include->include	#include <stdio.h>
p023	plan-tests/include	plan/ws024/tests/ufs-consistency-host.c	11	libc/include/stdlib.h	keep-root libc/include->include	#include <stdlib.h>
p023	plan-tests/include	plan/ws024/tests/ufs-consistency-host.c	12	libc/include/string.h	keep-root libc/include->include	#include <string.h>
p023	plan-tests/include	plan/ws024/tests/ufs-features-guest.c	10	libc/include/errno.h	keep-root libc/include->include	#include <errno.h>
p023	plan-tests/include	plan/ws024/tests/ufs-features-guest.c	11	libc/include/fcntl.h	keep-root libc/include->include	#include <fcntl.h>
p023	plan-tests/include	plan/ws024/tests/ufs-features-guest.c	12	libc/include/stdio.h	keep-root libc/include->include	#include <stdio.h>
p023	plan-tests/include	plan/ws024/tests/ufs-features-guest.c	13	libc/include/stdlib.h	keep-root libc/include->include	#include <stdlib.h>
p023	plan-tests/include	plan/ws024/tests/ufs-features-guest.c	14	libc/include/string.h	keep-root libc/include->include	#include <string.h>
p023	plan-tests/include	plan/ws024/tests/ufs-features-guest.c	15	libc/include/sys/mount.h	keep-root libc/include->include	#include <sys/mount.h>
p023	plan-tests/include	plan/ws024/tests/ufs-features-guest.c	16	libc/include/sys/quota.h	keep-root libc/include->include	#include <sys/quota.h>
p023	plan-tests/include	plan/ws024/tests/ufs-features-guest.c	17	libc/include/sys/snapshot.h	keep-root libc/include->include	#include <sys/snapshot.h>
p023	plan-tests/include	plan/ws024/tests/ufs-features-guest.c	18	libc/include/sys/stat.h	keep-root libc/include->include	#include <sys/stat.h>
p023	plan-tests/include	plan/ws024/tests/ufs-features-guest.c	19	libc/include/sys/xattr.h	keep-root libc/include->include	#include <sys/xattr.h>
p023	plan-tests/include	plan/ws024/tests/ufs-features-guest.c	20	libc/include/sys/sysctl.h	keep-root libc/include->include	#include <sys/sysctl.h>
p023	plan-tests/include	plan/ws024/tests/ufs-features-guest.c	22	libc/include/unistd.h	keep-root libc/include->include	#include <unistd.h>
p023	plan-tests/include	plan/ws024/tests/ufs-metadata-host.c	5	libc/include/stdio.h	keep-root libc/include->include	#include <stdio.h>
p023	plan-tests/include	plan/ws024/tests/ufs-metadata-host.c	6	libc/include/stdlib.h	keep-root libc/include->include	#include <stdlib.h>
p023	plan-tests/include	plan/ws024/tests/ufs-super-host.c	12	libc/include/errno.h	keep-root libc/include->include	#include <errno.h>
p023	plan-tests/include	plan/ws024/tests/ufs-super-host.c	13	libc/include/stdio.h	keep-root libc/include->include	#include <stdio.h>
p023	plan-tests/include	plan/ws024/tests/ufs-super-host.c	14	libc/include/string.h	keep-root libc/include->include	#include <string.h>
p023	plan-tests/include	plan/ws025/tests/allocation-crash-bridge.c	2	libc/include/setjmp.h	keep-root libc/include->include	#include <setjmp.h>
p023	plan-tests/include	plan/ws025/tests/arm64-fixed-entry-host.c	4	libc/include/assert.h	keep-root libc/include->include	#include <assert.h>
p023	plan-tests/include	plan/ws025/tests/arm64-fixed-entry-host.c	5	libc/include/stdlib.h	keep-root libc/include->include	#include <stdlib.h>
p023	plan-tests/include	plan/ws025/tests/arm64-fixed-entry-host.c	6	libc/include/stdio.h	keep-root libc/include->include	#include <stdio.h>
p023	plan-tests/include	plan/ws025/tests/arm64-fixed-entry-host.c	7	libc/include/string.h	keep-root libc/include->include	#include <string.h>
p023	plan-tests/include	plan/ws025/tests/async-bio-host.c	13	libc/include/fcntl.h	keep-root libc/include->include	#include <fcntl.h>
p023	plan-tests/include	plan/ws025/tests/async-native-kernel.c	6	libc/include/string.h	keep-root libc/include->include	#include <string.h>
p023	plan-tests/include	plan/ws025/tests/async-native-kernel.c	7	libc/include/errno.h	keep-root libc/include->include	#include <errno.h>
p023	plan-tests/include	plan/ws025/tests/async-native.c	2	libc/include/fcntl.h	keep-root libc/include->include	#include <fcntl.h>
p023	plan-tests/include	plan/ws025/tests/async-native.c	3	libc/include/sys/ioctl.h	keep-root libc/include->include	#include <sys/ioctl.h>
p023	plan-tests/include	plan/ws025/tests/async-native.c	4	libc/include/unistd.h	keep-root libc/include->include	#include <unistd.h>
p023	plan-tests/include	plan/ws025/tests/async-native.c	5	libc/include/stdio.h	keep-root libc/include->include	#include <stdio.h>
p023	plan-tests/include	plan/ws025/tests/async-thread-host.c	1	libc/include/pthread.h	keep-root libc/include->include	#include <pthread.h>
p023	plan-tests/include	plan/ws025/tests/buffer-run-host.c	3	libc/include/assert.h	keep-root libc/include->include	#include <assert.h>
p023	plan-tests/include	plan/ws025/tests/buffer-run-host.c	4	libc/include/stdio.h	keep-root libc/include->include	#include <stdio.h>
p023	plan-tests/include	plan/ws025/tests/buffer-run-host.c	5	libc/include/stdlib.h	keep-root libc/include->include	#include <stdlib.h>
p023	plan-tests/include	plan/ws025/tests/buffer-run-host.c	6	libc/include/string.h	keep-root libc/include->include	#include <string.h>
p023	plan-tests/include	plan/ws025/tests/cache-device-lock-host.h	4	libc/include/sched.h	keep-root libc/include->include	#include <sched.h>
p023	plan-tests/include	plan/ws025/tests/cache-dma-host.c	4	libc/include/stdio.h	keep-root libc/include->include	#include <stdio.h>
p023	plan-tests/include	plan/ws025/tests/cache-memory-host.c	6	libc/include/errno.h	keep-root libc/include->include	#include <errno.h>
p023	plan-tests/include	plan/ws025/tests/cache-memory-host.c	7	libc/include/pthread.h	keep-root libc/include->include	#include <pthread.h>
p023	plan-tests/include	plan/ws025/tests/cache-memory-host.c	8	libc/include/sched.h	keep-root libc/include->include	#include <sched.h>
p023	plan-tests/include	plan/ws025/tests/cache-memory-host.c	9	libc/include/stdio.h	keep-root libc/include->include	#include <stdio.h>
p023	plan-tests/include	plan/ws025/tests/cache-memory-host.c	10	libc/include/stdlib.h	keep-root libc/include->include	#include <stdlib.h>
p023	plan-tests/include	plan/ws025/tests/cache-memory-host.c	11	libc/include/string.h	keep-root libc/include->include	#include <string.h>
p023	plan-tests/include	plan/ws025/tests/cache-pool-host.c	4	libc/include/assert.h	keep-root libc/include->include	#include <assert.h>
p023	plan-tests/include	plan/ws025/tests/cache-pool-host.c	5	libc/include/errno.h	keep-root libc/include->include	#include <errno.h>
p023	plan-tests/include	plan/ws025/tests/cache-pool-host.c	6	libc/include/stdio.h	keep-root libc/include->include	#include <stdio.h>
p023	plan-tests/include	plan/ws025/tests/cache-pool-host.c	7	libc/include/stdlib.h	keep-root libc/include->include	#include <stdlib.h>
p023	plan-tests/include	plan/ws025/tests/cache-pool-host.c	8	libc/include/string.h	keep-root libc/include->include	#include <string.h>
p023	plan-tests/include	plan/ws025/tests/cache-worker-host.c	4	libc/include/assert.h	keep-root libc/include->include	#include <assert.h>
p023	plan-tests/include	plan/ws025/tests/cache-worker-host.c	5	libc/include/stdio.h	keep-root libc/include->include	#include <stdio.h>
p023	plan-tests/include	plan/ws025/tests/cache-worker-host.c	6	libc/include/stdlib.h	keep-root libc/include->include	#include <stdlib.h>
p023	plan-tests/include	plan/ws025/tests/cache-worker-host.c	7	libc/include/string.h	keep-root libc/include->include	#include <string.h>
p023	plan-tests/include	plan/ws025/tests/cache-worker-host.c	8	libc/include/errno.h	keep-root libc/include->include	#include <errno.h>
p023	plan-tests/include	plan/ws025/tests/cache-worker-host.c	9	libc/include/pthread.h	keep-root libc/include->include	#include <pthread.h>
p023	plan-tests/include	plan/ws025/tests/exec-pool-host.c	6	libc/include/assert.h	keep-root libc/include->include	#include <assert.h>
p023	plan-tests/include	plan/ws025/tests/exec-pool-host.c	7	libc/include/errno.h	keep-root libc/include->include	#include <errno.h>
p023	plan-tests/include	plan/ws025/tests/exec-pool-host.c	8	libc/include/stdarg.h	keep-root libc/include->include	#include <stdarg.h>
p023	plan-tests/include	plan/ws025/tests/exec-pool-host.c	9	libc/include/stdio.h	keep-root libc/include->include	#include <stdio.h>
p023	plan-tests/include	plan/ws025/tests/exec-pool-host.c	10	libc/include/stdlib.h	keep-root libc/include->include	#include <stdlib.h>
p023	plan-tests/include	plan/ws025/tests/exec-pool-host.c	11	libc/include/string.h	keep-root libc/include->include	#include <string.h>
p023	plan-tests/include	plan/ws025/tests/exec-pool-host.c	12	libc/include/sys/types.h	keep-root libc/include->include	#include <sys/types.h>
p023	plan-tests/include	plan/ws025/tests/fat-batch-private-host.c	2	libc/include/stdio.h	keep-root libc/include->include	#include <stdio.h>
p023	plan-tests/include	plan/ws025/tests/fat-batch-private-host.c	3	libc/include/stdlib.h	keep-root libc/include->include	#include <stdlib.h>
p023	plan-tests/include	plan/ws025/tests/fat-cache-private-host.c	3	libc/include/stdio.h	keep-root libc/include->include	#include <stdio.h>
p023	plan-tests/include	plan/ws025/tests/fat-cache-private-host.c	4	libc/include/stdlib.h	keep-root libc/include->include	#include <stdlib.h>
p023	plan-tests/include	plan/ws025/tests/file-cache-host.c	20	libc/include/time.h	keep-root libc/include->include	#include <time.h>
p023	plan-tests/include	plan/ws025/tests/file-cache-native.c	2	libc/include/errno.h	keep-root libc/include->include	#include <errno.h>
p023	plan-tests/include	plan/ws025/tests/file-cache-native.c	3	libc/include/fcntl.h	keep-root libc/include->include	#include <fcntl.h>
p023	plan-tests/include	plan/ws025/tests/file-cache-native.c	4	libc/include/stdint.h	keep-root libc/include->include	#include <stdint.h>
p023	plan-tests/include	plan/ws025/tests/file-cache-native.c	5	libc/include/stdio.h	keep-root libc/include->include	#include <stdio.h>
p023	plan-tests/include	plan/ws025/tests/file-cache-native.c	6	libc/include/string.h	keep-root libc/include->include	#include <string.h>
p023	plan-tests/include	plan/ws025/tests/file-cache-native.c	7	libc/include/sys/mman.h	keep-root libc/include->include	#include <sys/mman.h>
p023	plan-tests/include	plan/ws025/tests/file-cache-native.c	8	libc/include/sys/sysctl.h	keep-root libc/include->include	#include <sys/sysctl.h>
p023	plan-tests/include	plan/ws025/tests/file-cache-native.c	9	libc/include/unistd.h	keep-root libc/include->include	#include <unistd.h>
p023	plan-tests/include	plan/ws025/tests/fixed-entry-guest.c	2	libc/include/sys/types.h	keep-root libc/include->include	#include <sys/types.h>
p023	plan-tests/include	plan/ws025/tests/fixed-entry-guest.c	3	libc/include/sys/wait.h	keep-root libc/include->include	#include <sys/wait.h>
p023	plan-tests/include	plan/ws025/tests/fixed-entry-guest.c	4	libc/include/unistd.h	keep-root libc/include->include	#include <unistd.h>
p023	plan-tests/include	plan/ws025/tests/fixed-entry-guest.c	5	libc/include/signal.h	keep-root libc/include->include	#include <signal.h>
p023	plan-tests/include	plan/ws025/tests/fixed-entry-guest.c	6	libc/include/stdio.h	keep-root libc/include->include	#include <stdio.h>
p023	plan-tests/include	plan/ws025/tests/fixed-entry-guest.c	7	libc/include/string.h	keep-root libc/include->include	#include <string.h>
p023	plan-tests/include	plan/ws025/tests/fixed-entry-guest.c	8	libc/include/errno.h	keep-root libc/include->include	#include <errno.h>
p023	plan-tests/include	plan/ws025/tests/fixed-entry-guest.c	9	libc/include/stdint.h	keep-root libc/include->include	#include <stdint.h>
p023	plan-tests/include	plan/ws025/tests/fixed-fault-host.c	7	libc/include/errno.h	keep-root libc/include->include	#include <errno.h>
p023	plan-tests/include	plan/ws025/tests/fixed-fault-host.c	8	libc/include/assert.h	keep-root libc/include->include	#include <assert.h>
p023	plan-tests/include	plan/ws025/tests/fixed-fault-host.c	9	libc/include/stdio.h	keep-root libc/include->include	#include <stdio.h>
p023	plan-tests/include	plan/ws025/tests/fixed-fault-host.c	10	libc/include/stdlib.h	keep-root libc/include->include	#include <stdlib.h>
p023	plan-tests/include	plan/ws025/tests/framebuffer-map-host.c	5	libc/include/assert.h	keep-root libc/include->include	#include <assert.h>
p023	plan-tests/include	plan/ws025/tests/framebuffer-map-host.c	6	libc/include/stdio.h	keep-root libc/include->include	#include <stdio.h>
p023	plan-tests/include	plan/ws025/tests/framebuffer-map-host.c	7	libc/include/string.h	keep-root libc/include->include	#include <string.h>
p023	plan-tests/include	plan/ws025/tests/high-memory-guest.c	4	libc/include/errno.h	keep-root libc/include->include	#include <errno.h>
p023	plan-tests/include	plan/ws025/tests/high-memory-guest.c	5	libc/include/stdint.h	keep-root libc/include->include	#include <stdint.h>
p023	plan-tests/include	plan/ws025/tests/high-memory-guest.c	6	libc/include/stdio.h	keep-root libc/include->include	#include <stdio.h>
p023	plan-tests/include	plan/ws025/tests/high-memory-guest.c	7	libc/include/sys/mman.h	keep-root libc/include->include	#include <sys/mman.h>
p023	plan-tests/include	plan/ws025/tests/high-memory-guest.c	8	libc/include/sys/wait.h	keep-root libc/include->include	#include <sys/wait.h>
p023	plan-tests/include	plan/ws025/tests/high-memory-guest.c	9	libc/include/unistd.h	keep-root libc/include->include	#include <unistd.h>
p023	plan-tests/include	plan/ws025/tests/host-fatal.c	2	libc/include/stdio.h	keep-root libc/include->include	#include <stdio.h>
p023	plan-tests/include	plan/ws025/tests/host-fatal.c	3	libc/include/stdlib.h	keep-root libc/include->include	#include <stdlib.h>
p023	plan-tests/include	plan/ws025/tests/imod-storage-guest.c	3	libc/include/errno.h	keep-root libc/include->include	#include <errno.h>
p023	plan-tests/include	plan/ws025/tests/imod-storage-guest.c	4	libc/include/fcntl.h	keep-root libc/include->include	#include <fcntl.h>
p023	plan-tests/include	plan/ws025/tests/imod-storage-guest.c	5	libc/include/stdint.h	keep-root libc/include->include	#include <stdint.h>
p023	plan-tests/include	plan/ws025/tests/imod-storage-guest.c	6	libc/include/stdio.h	keep-root libc/include->include	#include <stdio.h>
p023	plan-tests/include	plan/ws025/tests/imod-storage-guest.c	7	libc/include/string.h	keep-root libc/include->include	#include <string.h>
p023	plan-tests/include	plan/ws025/tests/imod-storage-guest.c	8	libc/include/sys/resource.h	keep-root libc/include->include	#include <sys/resource.h>
p023	plan-tests/include	plan/ws025/tests/imod-storage-guest.c	9	libc/include/sys/sysctl.h	keep-root libc/include->include	#include <sys/sysctl.h>
p023	plan-tests/include	plan/ws025/tests/imod-storage-guest.c	11	libc/include/time.h	keep-root libc/include->include	#include <time.h>
p023	plan-tests/include	plan/ws025/tests/imod-storage-guest.c	12	libc/include/unistd.h	keep-root libc/include->include	#include <unistd.h>
p023	plan-tests/include	plan/ws025/tests/inode-revoked-host.c	2	libc/include/assert.h	keep-root libc/include->include	#include <assert.h>
p023	plan-tests/include	plan/ws025/tests/inode-revoked-host.c	3	libc/include/stdio.h	keep-root libc/include->include	#include <stdio.h>
p023	plan-tests/include	plan/ws025/tests/inode-revoked-host.c	4	libc/include/stdlib.h	keep-root libc/include->include	#include <stdlib.h>
p023	plan-tests/include	plan/ws025/tests/input-view-guest.c	1	libc/include/sys/types.h	keep-root libc/include->include	#include <sys/types.h>
p023	plan-tests/include	plan/ws025/tests/input-view-guest.c	2	libc/include/sys/stat.h	keep-root libc/include->include	#include <sys/stat.h>
p023	plan-tests/include	plan/ws025/tests/input-view-guest.c	3	libc/include/sys/resource.h	keep-root libc/include->include	#include <sys/resource.h>
p023	plan-tests/include	plan/ws025/tests/input-view-guest.c	4	libc/include/sys/sysctl.h	keep-root libc/include->include	#include <sys/sysctl.h>
p023	plan-tests/include	plan/ws025/tests/input-view-guest.c	5	libc/include/fcntl.h	keep-root libc/include->include	#include <fcntl.h>
p023	plan-tests/include	plan/ws025/tests/input-view-guest.c	6	libc/include/unistd.h	keep-root libc/include->include	#include <unistd.h>
p023	plan-tests/include	plan/ws025/tests/input-view-guest.c	7	libc/include/signal.h	keep-root libc/include->include	#include <signal.h>
p023	plan-tests/include	plan/ws025/tests/input-view-guest.c	8	libc/include/stdio.h	keep-root libc/include->include	#include <stdio.h>
p023	plan-tests/include	plan/ws025/tests/input-view-guest.c	9	libc/include/stdlib.h	keep-root libc/include->include	#include <stdlib.h>
p023	plan-tests/include	plan/ws025/tests/input-view-guest.c	10	libc/include/stdint.h	keep-root libc/include->include	#include <stdint.h>
p023	plan-tests/include	plan/ws025/tests/input-view-guest.c	11	libc/include/string.h	keep-root libc/include->include	#include <string.h>
p023	plan-tests/include	plan/ws025/tests/input-view-guest.c	12	libc/include/time.h	keep-root libc/include->include	#include <time.h>
p023	plan-tests/include	plan/ws025/tests/input-view-guest.c	13	libc/include/errno.h	keep-root libc/include->include	#include <errno.h>
p023	plan-tests/include	plan/ws025/tests/io-baseline-guest.c	2	libc/include/errno.h	keep-root libc/include->include	#include <errno.h>
p023	plan-tests/include	plan/ws025/tests/io-baseline-guest.c	3	libc/include/fcntl.h	keep-root libc/include->include	#include <fcntl.h>
p023	plan-tests/include	plan/ws025/tests/io-baseline-guest.c	4	libc/include/stdint.h	keep-root libc/include->include	#include <stdint.h>
p023	plan-tests/include	plan/ws025/tests/io-baseline-guest.c	5	libc/include/stdio.h	keep-root libc/include->include	#include <stdio.h>
p023	plan-tests/include	plan/ws025/tests/io-baseline-guest.c	6	libc/include/stdlib.h	keep-root libc/include->include	#include <stdlib.h>
p023	plan-tests/include	plan/ws025/tests/io-baseline-guest.c	7	libc/include/string.h	keep-root libc/include->include	#include <string.h>
p023	plan-tests/include	plan/ws025/tests/io-baseline-guest.c	8	libc/include/sys/sysctl.h	keep-root libc/include->include	#include <sys/sysctl.h>
p023	plan-tests/include	plan/ws025/tests/io-baseline-guest.c	9	libc/include/time.h	keep-root libc/include->include	#include <time.h>
p023	plan-tests/include	plan/ws025/tests/io-baseline-guest.c	10	libc/include/unistd.h	keep-root libc/include->include	#include <unistd.h>
p023	plan-tests/include	plan/ws025/tests/io-context-host.c	3	libc/include/assert.h	keep-root libc/include->include	#include <assert.h>
p023	plan-tests/include	plan/ws025/tests/io-context-host.c	4	libc/include/stdio.h	keep-root libc/include->include	#include <stdio.h>
p023	plan-tests/include	plan/ws025/tests/io-context-host.c	5	libc/include/string.h	keep-root libc/include->include	#include <string.h>
p023	plan-tests/include	plan/ws025/tests/io-destination-host.c	2	libc/include/assert.h	keep-root libc/include->include	#include <assert.h>
p023	plan-tests/include	plan/ws025/tests/io-destination-host.c	3	libc/include/errno.h	keep-root libc/include->include	#include <errno.h>
p023	plan-tests/include	plan/ws025/tests/io-destination-host.c	4	libc/include/stdint.h	keep-root libc/include->include	#include <stdint.h>
p023	plan-tests/include	plan/ws025/tests/io-destination-host.c	5	libc/include/string.h	keep-root libc/include->include	#include <string.h>
p023	plan-tests/include	plan/ws025/tests/io-destination-host.c	6	libc/include/stdio.h	keep-root libc/include->include	#include <stdio.h>
p023	plan-tests/include	plan/ws025/tests/io-error-host.c	4	libc/include/assert.h	keep-root libc/include->include	#include <assert.h>
p023	plan-tests/include	plan/ws025/tests/io-error-host.c	5	libc/include/errno.h	keep-root libc/include->include	#include <errno.h>
p023	plan-tests/include	plan/ws025/tests/io-error-host.c	6	libc/include/pthread.h	keep-root libc/include->include	#include <pthread.h>
p023	plan-tests/include	plan/ws025/tests/io-error-host.c	7	libc/include/stdio.h	keep-root libc/include->include	#include <stdio.h>
p023	plan-tests/include	plan/ws025/tests/io-error-host.c	8	libc/include/string.h	keep-root libc/include->include	#include <string.h>
p023	plan-tests/include	plan/ws025/tests/io-pool-host.c	7	libc/include/assert.h	keep-root libc/include->include	#include <assert.h>
p023	plan-tests/include	plan/ws025/tests/io-pool-host.c	8	libc/include/pthread.h	keep-root libc/include->include	#include <pthread.h>
p023	plan-tests/include	plan/ws025/tests/io-pool-host.c	9	libc/include/sched.h	keep-root libc/include->include	#include <sched.h>
p023	plan-tests/include	plan/ws025/tests/io-pool-host.c	10	libc/include/stdarg.h	keep-root libc/include->include	#include <stdarg.h>
p023	plan-tests/include	plan/ws025/tests/io-pool-host.c	11	libc/include/stdio.h	keep-root libc/include->include	#include <stdio.h>
p023	plan-tests/include	plan/ws025/tests/io-pool-host.c	12	libc/include/stdlib.h	keep-root libc/include->include	#include <stdlib.h>
p023	plan-tests/include	plan/ws025/tests/io-pool-host.c	13	libc/include/string.h	keep-root libc/include->include	#include <string.h>
p023	plan-tests/include	plan/ws025/tests/io-pool-host.c	14	libc/include/sys/wait.h	keep-root libc/include->include	#include <sys/wait.h>
p023	plan-tests/include	plan/ws025/tests/io-pool-host.c	15	libc/include/unistd.h	keep-root libc/include->include	#include <unistd.h>
p023	plan-tests/include	plan/ws025/tests/io-stats-host.c	2	libc/include/assert.h	keep-root libc/include->include	#include <assert.h>
p023	plan-tests/include	plan/ws025/tests/io-stats-host.c	3	libc/include/pthread.h	keep-root libc/include->include	#include <pthread.h>
p023	plan-tests/include	plan/ws025/tests/io-stats-host.c	4	libc/include/stdint.h	keep-root libc/include->include	#include <stdint.h>
p023	plan-tests/include	plan/ws025/tests/io-stats-host.c	5	libc/include/stdio.h	keep-root libc/include->include	#include <stdio.h>
p023	plan-tests/include	plan/ws025/tests/io-stats-host.c	6	libc/include/string.h	keep-root libc/include->include	#include <string.h>
p023	plan-tests/include	plan/ws025/tests/journal-crash-host.c	2	libc/include/errno.h	keep-root libc/include->include	#include <errno.h>
p023	plan-tests/include	plan/ws025/tests/journal-crash-host.c	3	libc/include/setjmp.h	keep-root libc/include->include	#include <setjmp.h>
p023	plan-tests/include	plan/ws025/tests/journal-crash-host.c	4	libc/include/stdint.h	keep-root libc/include->include	#include <stdint.h>
p023	plan-tests/include	plan/ws025/tests/journal-crash-host.c	5	libc/include/stdio.h	keep-root libc/include->include	#include <stdio.h>
p023	plan-tests/include	plan/ws025/tests/journal-crash-host.c	6	libc/include/stdlib.h	keep-root libc/include->include	#include <stdlib.h>
p023	plan-tests/include	plan/ws025/tests/journal-crash-host.c	7	libc/include/string.h	keep-root libc/include->include	#include <string.h>
p023	plan-tests/include	plan/ws025/tests/journal-image-owner-host.c	2	libc/include/stdio.h	keep-root libc/include->include	#include <stdio.h>
p023	plan-tests/include	plan/ws025/tests/journal-image-owner-host.c	3	libc/include/stdlib.h	keep-root libc/include->include	#include <stdlib.h>
p023	plan-tests/include	plan/ws025/tests/journal-view-host.c	2	libc/include/errno.h	keep-root libc/include->include	#include <errno.h>
p023	plan-tests/include	plan/ws025/tests/journal-view-host.c	3	libc/include/stdint.h	keep-root libc/include->include	#include <stdint.h>
p023	plan-tests/include	plan/ws025/tests/journal-view-host.c	4	libc/include/stdio.h	keep-root libc/include->include	#include <stdio.h>
p023	plan-tests/include	plan/ws025/tests/journal-view-host.c	5	libc/include/stdlib.h	keep-root libc/include->include	#include <stdlib.h>
p023	plan-tests/include	plan/ws025/tests/journal-view-host.c	6	libc/include/string.h	keep-root libc/include->include	#include <string.h>
p023	plan-tests/include	plan/ws025/tests/m68k-fixed-entry-host.c	4	libc/include/assert.h	keep-root libc/include->include	#include <assert.h>
p023	plan-tests/include	plan/ws025/tests/m68k-fixed-entry-host.c	5	libc/include/stdlib.h	keep-root libc/include->include	#include <stdlib.h>
p023	plan-tests/include	plan/ws025/tests/m68k-fixed-entry-host.c	6	libc/include/stdio.h	keep-root libc/include->include	#include <stdio.h>
p023	plan-tests/include	plan/ws025/tests/m68k-fixed-entry-host.c	7	libc/include/string.h	keep-root libc/include->include	#include <string.h>
p023	plan-tests/include	plan/ws025/tests/memory-handoff-host.c	2	libc/include/assert.h	keep-root libc/include->include	#include <assert.h>
p023	plan-tests/include	plan/ws025/tests/memory-handoff-host.c	3	libc/include/stdint.h	keep-root libc/include->include	#include <stdint.h>
p023	plan-tests/include	plan/ws025/tests/memory-handoff-host.c	4	libc/include/stdio.h	keep-root libc/include->include	#include <stdio.h>
p023	plan-tests/include	plan/ws025/tests/memory-handoff-host.c	5	libc/include/string.h	keep-root libc/include->include	#include <string.h>
p023	plan-tests/include	plan/ws025/tests/memory-normalize-host.c	2	libc/include/assert.h	keep-root libc/include->include	#include <assert.h>
p023	plan-tests/include	plan/ws025/tests/memory-normalize-host.c	3	libc/include/stdint.h	keep-root libc/include->include	#include <stdint.h>
p023	plan-tests/include	plan/ws025/tests/memory-normalize-host.c	4	libc/include/stdio.h	keep-root libc/include->include	#include <stdio.h>
p023	plan-tests/include	plan/ws025/tests/memory-normalize-host.c	5	libc/include/string.h	keep-root libc/include->include	#include <string.h>
p023	plan-tests/include	plan/ws025/tests/nvme-pipeline-guest.c	2	libc/include/fcntl.h	keep-root libc/include->include	#include <fcntl.h>
p023	plan-tests/include	plan/ws025/tests/nvme-pipeline-guest.c	3	libc/include/sys/ioctl.h	keep-root libc/include->include	#include <sys/ioctl.h>
p023	plan-tests/include	plan/ws025/tests/nvme-pipeline-guest.c	4	libc/include/unistd.h	keep-root libc/include->include	#include <unistd.h>
p023	plan-tests/include	plan/ws025/tests/nvme-pipeline-guest.c	5	libc/include/stdio.h	keep-root libc/include->include	#include <stdio.h>
p023	plan-tests/include	plan/ws025/tests/nvme-pipeline-guest.c	6	libc/include/string.h	keep-root libc/include->include	#include <string.h>
p023	plan-tests/include	plan/ws025/tests/nvme-pipeline-host.c	3	libc/include/stdio.h	keep-root libc/include->include	#include <stdio.h>
p023	plan-tests/include	plan/ws025/tests/nvme-pipeline-host.c	4	libc/include/stdlib.h	keep-root libc/include->include	#include <stdlib.h>
p023	plan-tests/include	plan/ws025/tests/nvme-pipeline-kernel.c	5	libc/include/errno.h	keep-root libc/include->include	#include <errno.h>
p023	plan-tests/include	plan/ws025/tests/nvme-pipeline-kernel.c	6	libc/include/string.h	keep-root libc/include->include	#include <string.h>
p023	plan-tests/include	plan/ws025/tests/output-view-guest.c	1	libc/include/sys/types.h	keep-root libc/include->include	#include <sys/types.h>
p023	plan-tests/include	plan/ws025/tests/output-view-guest.c	2	libc/include/sys/stat.h	keep-root libc/include->include	#include <sys/stat.h>
p023	plan-tests/include	plan/ws025/tests/output-view-guest.c	3	libc/include/sys/resource.h	keep-root libc/include->include	#include <sys/resource.h>
p023	plan-tests/include	plan/ws025/tests/output-view-guest.c	4	libc/include/sys/sysctl.h	keep-root libc/include->include	#include <sys/sysctl.h>
p023	plan-tests/include	plan/ws025/tests/output-view-guest.c	5	libc/include/sys/wait.h	keep-root libc/include->include	#include <sys/wait.h>
p023	plan-tests/include	plan/ws025/tests/output-view-guest.c	6	libc/include/fcntl.h	keep-root libc/include->include	#include <fcntl.h>
p023	plan-tests/include	plan/ws025/tests/output-view-guest.c	7	libc/include/unistd.h	keep-root libc/include->include	#include <unistd.h>
p023	plan-tests/include	plan/ws025/tests/output-view-guest.c	8	libc/include/stdio.h	keep-root libc/include->include	#include <stdio.h>
p023	plan-tests/include	plan/ws025/tests/output-view-guest.c	9	libc/include/stdint.h	keep-root libc/include->include	#include <stdint.h>
p023	plan-tests/include	plan/ws025/tests/output-view-guest.c	10	libc/include/string.h	keep-root libc/include->include	#include <string.h>
p023	plan-tests/include	plan/ws025/tests/output-view-guest.c	11	libc/include/time.h	keep-root libc/include->include	#include <time.h>
p023	plan-tests/include	plan/ws025/tests/output-view-guest.c	12	libc/include/errno.h	keep-root libc/include->include	#include <errno.h>
p023	plan-tests/include	plan/ws025/tests/p033-dhcpc-drop.c	3	libc/include/fcntl.h	keep-root libc/include->include	#include <fcntl.h>
p023	plan-tests/include	plan/ws025/tests/p033-dhcpc-drop.c	4	libc/include/sys/socket.h	keep-root libc/include->include	#include <sys/socket.h>
p023	plan-tests/include	plan/ws025/tests/p033-dhcpc-drop.c	5	libc/include/unistd.h	keep-root libc/include->include	#include <unistd.h>
p023	plan-tests/include	plan/ws025/tests/page-index-host.c	3	libc/include/assert.h	keep-root libc/include->include	#include <assert.h>
p023	plan-tests/include	plan/ws025/tests/page-index-host.c	4	libc/include/stdio.h	keep-root libc/include->include	#include <stdio.h>
p023	plan-tests/include	plan/ws025/tests/page-index-host.c	5	libc/include/stdlib.h	keep-root libc/include->include	#include <stdlib.h>
p023	plan-tests/include	plan/ws025/tests/page-index-host.c	6	libc/include/string.h	keep-root libc/include->include	#include <string.h>
p023	plan-tests/include	plan/ws025/tests/pmem-compat-host.c	5	libc/include/assert.h	keep-root libc/include->include	#include <assert.h>
p023	plan-tests/include	plan/ws025/tests/pmem-compat-host.c	6	libc/include/stdint.h	keep-root libc/include->include	#include <stdint.h>
p023	plan-tests/include	plan/ws025/tests/pmem-compat-host.c	7	libc/include/stdio.h	keep-root libc/include->include	#include <stdio.h>
p023	plan-tests/include	plan/ws025/tests/pmem-range-host.c	2	libc/include/assert.h	keep-root libc/include->include	#include <assert.h>
p023	plan-tests/include	plan/ws025/tests/pmem-range-host.c	3	libc/include/stdint.h	keep-root libc/include->include	#include <stdint.h>
p023	plan-tests/include	plan/ws025/tests/pmem-range-host.c	4	libc/include/stdio.h	keep-root libc/include->include	#include <stdio.h>
p023	plan-tests/include	plan/ws025/tests/pmem-range-host.c	5	libc/include/stdlib.h	keep-root libc/include->include	#include <stdlib.h>
p023	plan-tests/include	plan/ws025/tests/pmem-range-host.c	6	libc/include/string.h	keep-root libc/include->include	#include <string.h>
p023	plan-tests/include	plan/ws025/tests/pmem-range-host.c	7	libc/include/pthread.h	keep-root libc/include->include	#include <pthread.h>
p023	plan-tests/include	plan/ws025/tests/pmem-range-host.c	8	libc/include/sched.h	keep-root libc/include->include	#include <sched.h>
p023	plan-tests/include	plan/ws025/tests/pmem-retire-host.c	5	libc/include/assert.h	keep-root libc/include->include	#include <assert.h>
p023	plan-tests/include	plan/ws025/tests/pmem-retire-host.c	6	libc/include/stdio.h	keep-root libc/include->include	#include <stdio.h>
p023	plan-tests/include	plan/ws025/tests/private-upgrade-host.c	5	libc/include/errno.h	keep-root libc/include->include	#include <errno.h>
p023	plan-tests/include	plan/ws025/tests/private-upgrade-host.c	6	libc/include/pthread.h	keep-root libc/include->include	#include <pthread.h>
p023	plan-tests/include	plan/ws025/tests/private-upgrade-host.c	7	libc/include/stdio.h	keep-root libc/include->include	#include <stdio.h>
p023	plan-tests/include	plan/ws025/tests/private-upgrade-host.c	8	libc/include/stdlib.h	keep-root libc/include->include	#include <stdlib.h>
p023	plan-tests/include	plan/ws025/tests/private-upgrade-host.c	9	libc/include/string.h	keep-root libc/include->include	#include <string.h>
p023	plan-tests/include	plan/ws025/tests/ram-map-host.c	2	libc/include/assert.h	keep-root libc/include->include	#include <assert.h>
p023	plan-tests/include	plan/ws025/tests/ram-map-host.c	3	libc/include/stdint.h	keep-root libc/include->include	#include <stdint.h>
p023	plan-tests/include	plan/ws025/tests/ram-map-host.c	4	libc/include/stdio.h	keep-root libc/include->include	#include <stdio.h>
p023	plan-tests/include	plan/ws025/tests/ram-map-host.c	5	libc/include/string.h	keep-root libc/include->include	#include <string.h>
p023	plan-tests/include	plan/ws025/tests/readahead-baseline.c	5	libc/include/errno.h	keep-root libc/include->include	#include <errno.h>
p023	plan-tests/include	plan/ws025/tests/readahead-native.c	2	libc/include/sys/sysctl.h	keep-root libc/include->include	#include <sys/sysctl.h>
p023	plan-tests/include	plan/ws025/tests/readahead-native.c	5	libc/include/errno.h	keep-root libc/include->include	#include <errno.h>
p023	plan-tests/include	plan/ws025/tests/readahead-native.c	6	libc/include/fcntl.h	keep-root libc/include->include	#include <fcntl.h>
p023	plan-tests/include	plan/ws025/tests/readahead-native.c	7	libc/include/stdint.h	keep-root libc/include->include	#include <stdint.h>
p023	plan-tests/include	plan/ws025/tests/readahead-native.c	8	libc/include/stdio.h	keep-root libc/include->include	#include <stdio.h>
p023	plan-tests/include	plan/ws025/tests/readahead-native.c	9	libc/include/stdlib.h	keep-root libc/include->include	#include <stdlib.h>
p023	plan-tests/include	plan/ws025/tests/readahead-native.c	10	libc/include/string.h	keep-root libc/include->include	#include <string.h>
p023	plan-tests/include	plan/ws025/tests/readahead-native.c	11	libc/include/time.h	keep-root libc/include->include	#include <time.h>
p023	plan-tests/include	plan/ws025/tests/readahead-native.c	12	libc/include/unistd.h	keep-root libc/include->include	#include <unistd.h>
p023	plan-tests/include	plan/ws025/tests/readahead-state-host.c	4	libc/include/assert.h	keep-root libc/include->include	#include <assert.h>
p023	plan-tests/include	plan/ws025/tests/readahead-state-host.c	5	libc/include/errno.h	keep-root libc/include->include	#include <errno.h>
p023	plan-tests/include	plan/ws025/tests/readahead-state-host.c	6	libc/include/stdio.h	keep-root libc/include->include	#include <stdio.h>
p023	plan-tests/include	plan/ws025/tests/readahead-state-host.c	7	libc/include/string.h	keep-root libc/include->include	#include <string.h>
p023	plan-tests/include	plan/ws025/tests/readahead-worker-host.c	12	libc/include/errno.h	keep-root libc/include->include	#include <errno.h>
p023	plan-tests/include	plan/ws025/tests/readahead-worker-host.c	13	libc/include/stdlib.h	keep-root libc/include->include	#include <stdlib.h>
p023	plan-tests/include	plan/ws025/tests/readahead-worker-host.c	14	libc/include/stdio.h	keep-root libc/include->include	#include <stdio.h>
p023	plan-tests/include	plan/ws025/tests/readahead-worker-host.c	15	libc/include/string.h	keep-root libc/include->include	#include <string.h>
p023	plan-tests/include	plan/ws025/tests/sg-kernel.c	5	libc/include/string.h	keep-root libc/include->include	#include <string.h>
p023	plan-tests/include	plan/ws025/tests/shutdown-concurrent-host.c	5	libc/include/assert.h	keep-root libc/include->include	#include <assert.h>
p023	plan-tests/include	plan/ws025/tests/shutdown-concurrent-host.c	6	libc/include/errno.h	keep-root libc/include->include	#include <errno.h>
p023	plan-tests/include	plan/ws025/tests/shutdown-concurrent-host.c	7	libc/include/stdio.h	keep-root libc/include->include	#include <stdio.h>
p023	plan-tests/include	plan/ws025/tests/snapshot-flush-host.c	2	libc/include/stdio.h	keep-root libc/include->include	#include <stdio.h>
p023	plan-tests/include	plan/ws025/tests/snapshot-flush-host.c	3	libc/include/stdlib.h	keep-root libc/include->include	#include <stdlib.h>
p023	plan-tests/include	plan/ws025/tests/system-space-host.c	5	libc/include/assert.h	keep-root libc/include->include	#include <assert.h>
p023	plan-tests/include	plan/ws025/tests/system-space-host.c	6	libc/include/stdio.h	keep-root libc/include->include	#include <stdio.h>
p023	plan-tests/include	plan/ws025/tests/system-space-host.c	7	libc/include/string.h	keep-root libc/include->include	#include <string.h>
p023	plan-tests/include	plan/ws025/tests/system-space-host.c	8	libc/include/stdlib.h	keep-root libc/include->include	#include <stdlib.h>
p023	plan-tests/include	plan/ws025/tests/uaccess-output-host.c	3	libc/include/assert.h	keep-root libc/include->include	#include <assert.h>
p023	plan-tests/include	plan/ws025/tests/uaccess-output-host.c	4	libc/include/errno.h	keep-root libc/include->include	#include <errno.h>
p023	plan-tests/include	plan/ws025/tests/uaccess-output-host.c	5	libc/include/stdio.h	keep-root libc/include->include	#include <stdio.h>
p023	plan-tests/include	plan/ws025/tests/uaccess-output-host.c	6	libc/include/string.h	keep-root libc/include->include	#include <string.h>
p023	plan-tests/include	plan/ws025/tests/uaccess-view-host.c	5	libc/include/errno.h	keep-root libc/include->include	#include <errno.h>
p023	plan-tests/include	plan/ws025/tests/uaccess-view-host.c	6	libc/include/stdio.h	keep-root libc/include->include	#include <stdio.h>
p023	plan-tests/include	plan/ws025/tests/uaccess-view-host.c	7	libc/include/stdlib.h	keep-root libc/include->include	#include <stdlib.h>
p023	plan-tests/include	plan/ws025/tests/uaccess-view-host.c	8	libc/include/string.h	keep-root libc/include->include	#include <string.h>
p023	plan-tests/include	plan/ws025/tests/uas-command-host.c	3	libc/include/assert.h	keep-root libc/include->include	#include <assert.h>
p023	plan-tests/include	plan/ws025/tests/uas-command-host.c	4	libc/include/errno.h	keep-root libc/include->include	#include <errno.h>
p023	plan-tests/include	plan/ws025/tests/uas-command-host.c	5	libc/include/stdio.h	keep-root libc/include->include	#include <stdio.h>
p023	plan-tests/include	plan/ws025/tests/uas-command-host.c	6	libc/include/string.h	keep-root libc/include->include	#include <string.h>
p023	plan-tests/include	plan/ws025/tests/uas-descriptor-host.c	3	libc/include/assert.h	keep-root libc/include->include	#include <assert.h>
p023	plan-tests/include	plan/ws025/tests/uas-descriptor-host.c	4	libc/include/errno.h	keep-root libc/include->include	#include <errno.h>
p023	plan-tests/include	plan/ws025/tests/uas-descriptor-host.c	5	libc/include/stdio.h	keep-root libc/include->include	#include <stdio.h>
p023	plan-tests/include	plan/ws025/tests/uas-descriptor-host.c	6	libc/include/string.h	keep-root libc/include->include	#include <string.h>
p023	plan-tests/include	plan/ws025/tests/uas-detach-host.c	2	libc/include/assert.h	keep-root libc/include->include	#include <assert.h>
p023	plan-tests/include	plan/ws025/tests/uas-detach-host.c	3	libc/include/stdio.h	keep-root libc/include->include	#include <stdio.h>
p023	plan-tests/include	plan/ws025/tests/uas-detach-host.c	4	libc/include/sys/types.h	keep-root libc/include->include	#include <sys/types.h>
p023	plan-tests/include	plan/ws025/tests/uas-dirty-guest.c	2	libc/include/errno.h	keep-root libc/include->include	#include <errno.h>
p023	plan-tests/include	plan/ws025/tests/uas-dirty-guest.c	3	libc/include/fcntl.h	keep-root libc/include->include	#include <fcntl.h>
p023	plan-tests/include	plan/ws025/tests/uas-dirty-guest.c	4	libc/include/stdio.h	keep-root libc/include->include	#include <stdio.h>
p023	plan-tests/include	plan/ws025/tests/uas-dirty-guest.c	5	libc/include/string.h	keep-root libc/include->include	#include <string.h>
p023	plan-tests/include	plan/ws025/tests/uas-dirty-guest.c	6	libc/include/sys/mount.h	keep-root libc/include->include	#include <sys/mount.h>
p023	plan-tests/include	plan/ws025/tests/uas-dirty-guest.c	7	libc/include/sys/sysctl.h	keep-root libc/include->include	#include <sys/sysctl.h>
p023	plan-tests/include	plan/ws025/tests/uas-dirty-guest.c	8	libc/include/unistd.h	keep-root libc/include->include	#include <unistd.h>
p023	plan-tests/include	plan/ws025/tests/uas-disk-host.c	2	libc/include/assert.h	keep-root libc/include->include	#include <assert.h>
p023	plan-tests/include	plan/ws025/tests/uas-disk-host.c	3	libc/include/stdio.h	keep-root libc/include->include	#include <stdio.h>
p023	plan-tests/include	plan/ws025/tests/uas-disk-host.c	4	libc/include/sys/types.h	keep-root libc/include->include	#include <sys/types.h>
p023	plan-tests/include	plan/ws025/tests/uas-held-guest.c	2	libc/include/fcntl.h	keep-root libc/include->include	#include <fcntl.h>
p023	plan-tests/include	plan/ws025/tests/uas-held-guest.c	3	libc/include/stdio.h	keep-root libc/include->include	#include <stdio.h>
p023	plan-tests/include	plan/ws025/tests/uas-held-guest.c	4	libc/include/string.h	keep-root libc/include->include	#include <string.h>
p023	plan-tests/include	plan/ws025/tests/uas-held-guest.c	5	libc/include/unistd.h	keep-root libc/include->include	#include <unistd.h>
p023	plan-tests/include	plan/ws025/tests/uas-super-host.c	4	libc/include/assert.h	keep-root libc/include->include	#include <assert.h>
p023	plan-tests/include	plan/ws025/tests/uas-super-host.c	5	libc/include/errno.h	keep-root libc/include->include	#include <errno.h>
p023	plan-tests/include	plan/ws025/tests/uas-super-host.c	6	libc/include/stdio.h	keep-root libc/include->include	#include <stdio.h>
p023	plan-tests/include	plan/ws025/tests/uas-super-host.c	7	libc/include/stdlib.h	keep-root libc/include->include	#include <stdlib.h>
p023	plan-tests/include	plan/ws025/tests/uas-super-host.c	8	libc/include/string.h	keep-root libc/include->include	#include <string.h>
p023	plan-tests/include	plan/ws025/tests/uas-transport-host.c	4	libc/include/assert.h	keep-root libc/include->include	#include <assert.h>
p023	plan-tests/include	plan/ws025/tests/uas-transport-host.c	5	libc/include/errno.h	keep-root libc/include->include	#include <errno.h>
p023	plan-tests/include	plan/ws025/tests/uas-transport-host.c	6	libc/include/stdlib.h	keep-root libc/include->include	#include <stdlib.h>
p023	plan-tests/include	plan/ws025/tests/uas-transport-host.c	7	libc/include/string.h	keep-root libc/include->include	#include <string.h>
p023	plan-tests/include	plan/ws025/tests/uas-transport-host.c	8	libc/include/stdio.h	keep-root libc/include->include	#include <stdio.h>
p023	plan-tests/include	plan/ws025/tests/uas-write-error-guest.c	2	libc/include/errno.h	keep-root libc/include->include	#include <errno.h>
p023	plan-tests/include	plan/ws025/tests/uas-write-error-guest.c	3	libc/include/fcntl.h	keep-root libc/include->include	#include <fcntl.h>
p023	plan-tests/include	plan/ws025/tests/uas-write-error-guest.c	4	libc/include/stdio.h	keep-root libc/include->include	#include <stdio.h>
p023	plan-tests/include	plan/ws025/tests/uas-write-error-guest.c	5	libc/include/string.h	keep-root libc/include->include	#include <string.h>
p023	plan-tests/include	plan/ws025/tests/uas-write-error-guest.c	6	libc/include/unistd.h	keep-root libc/include->include	#include <unistd.h>
p023	plan-tests/include	plan/ws025/tests/ufs-revoked-host.c	2	libc/include/assert.h	keep-root libc/include->include	#include <assert.h>
p023	plan-tests/include	plan/ws025/tests/ufs-revoked-host.c	3	libc/include/stdio.h	keep-root libc/include->include	#include <stdio.h>
p023	plan-tests/include	plan/ws025/tests/ufs-revoked-host.c	4	libc/include/stdlib.h	keep-root libc/include->include	#include <stdlib.h>
p023	plan-tests/include	plan/ws025/tests/usb-retire-host.c	2	libc/include/assert.h	keep-root libc/include->include	#include <assert.h>
p023	plan-tests/include	plan/ws025/tests/usb-retire-host.c	3	libc/include/stdio.h	keep-root libc/include->include	#include <stdio.h>
p023	plan-tests/include	plan/ws025/tests/usb-stream-host.c	2	libc/include/assert.h	keep-root libc/include->include	#include <assert.h>
p023	plan-tests/include	plan/ws025/tests/usb-stream-host.c	3	libc/include/stdio.h	keep-root libc/include->include	#include <stdio.h>
p023	plan-tests/include	plan/ws025/tests/usb-wait-host.c	2	libc/include/assert.h	keep-root libc/include->include	#include <assert.h>
p023	plan-tests/include	plan/ws025/tests/usb-wait-host.c	3	libc/include/stdio.h	keep-root libc/include->include	#include <stdio.h>
p023	plan-tests/include	plan/ws025/tests/usb-wait-host.c	4	libc/include/stdlib.h	keep-root libc/include->include	#include <stdlib.h>
p023	plan-tests/include	plan/ws025/tests/vm-discard-host.c	3	libc/include/assert.h	keep-root libc/include->include	#include <assert.h>
p023	plan-tests/include	plan/ws025/tests/vm-discard-host.c	4	libc/include/stdio.h	keep-root libc/include->include	#include <stdio.h>
p023	plan-tests/include	plan/ws025/tests/vm-discard-host.c	5	libc/include/stdlib.h	keep-root libc/include->include	#include <stdlib.h>
p023	plan-tests/include	plan/ws025/tests/vmap-host.c	5	libc/include/stdio.h	keep-root libc/include->include	#include <stdio.h>
p023	plan-tests/include	plan/ws025/tests/vmap-host.c	6	libc/include/stdlib.h	keep-root libc/include->include	#include <stdlib.h>
p023	plan-tests/include	plan/ws025/tests/vmap-host.c	7	libc/include/stdint.h	keep-root libc/include->include	#include <stdint.h>
p023	plan-tests/include	plan/ws025/tests/vmap-host.c	8	libc/include/string.h	keep-root libc/include->include	#include <string.h>
p023	plan-tests/include	plan/ws025/tests/vmap-host.c	9	libc/include/limits.h	keep-root libc/include->include	#include <limits.h>
p023	plan-tests/include	plan/ws025/tests/vmap-host.c	10	libc/include/pthread.h	keep-root libc/include->include	#include <pthread.h>
p023	plan-tests/include	plan/ws025/tests/writeback-credit-host.c	5	libc/include/assert.h	keep-root libc/include->include	#include <assert.h>
p023	plan-tests/include	plan/ws025/tests/writeback-credit-host.c	6	libc/include/stdlib.h	keep-root libc/include->include	#include <stdlib.h>
p023	plan-tests/include	plan/ws025/tests/writeback-credit-host.c	7	libc/include/stdio.h	keep-root libc/include->include	#include <stdio.h>
p023	plan-tests/include	plan/ws025/tests/writeback-credit-host.c	8	libc/include/string.h	keep-root libc/include->include	#include <string.h>
p023	plan-tests/include	plan/ws025/tests/writeback-native.c	2	libc/include/errno.h	keep-root libc/include->include	#include <errno.h>
p023	plan-tests/include	plan/ws025/tests/writeback-native.c	3	libc/include/fcntl.h	keep-root libc/include->include	#include <fcntl.h>
p023	plan-tests/include	plan/ws025/tests/writeback-native.c	4	libc/include/stdio.h	keep-root libc/include->include	#include <stdio.h>
p023	plan-tests/include	plan/ws025/tests/writeback-native.c	5	libc/include/stdlib.h	keep-root libc/include->include	#include <stdlib.h>
p023	plan-tests/include	plan/ws025/tests/writeback-native.c	6	libc/include/string.h	keep-root libc/include->include	#include <string.h>
p023	plan-tests/include	plan/ws025/tests/writeback-native.c	7	libc/include/unistd.h	keep-root libc/include->include	#include <unistd.h>
p023	plan-tests/include	plan/ws025/tests/writeback-native.c	8	libc/include/time.h	keep-root libc/include->include	#include <time.h>
p023	plan-tests/include	plan/ws025/tests/writeback-native.c	9	libc/include/sys/mman.h	keep-root libc/include->include	#include <sys/mman.h>
p023	plan-tests/include	plan/ws025/tests/writeback-native.c	10	libc/include/sys/mount.h	keep-root libc/include->include	#include <sys/mount.h>
p023	plan-tests/include	plan/ws025/tests/writeback-native.c	11	libc/include/sys/uio.h	keep-root libc/include->include	#include <sys/uio.h>
p023	plan-tests/include	plan/ws025/tests/writeback-native.c	12	libc/include/sys/sysctl.h	keep-root libc/include->include	#include <sys/sysctl.h>
p023	plan-tests/include	plan/ws025/tests/writeback-policy-host.c	11	libc/include/errno.h	keep-root libc/include->include	#include <errno.h>
p023	plan-tests/include	plan/ws025/tests/writeback-policy-host.c	12	libc/include/stdlib.h	keep-root libc/include->include	#include <stdlib.h>
p023	plan-tests/include	plan/ws025/tests/writeback-policy-host.c	13	libc/include/stdio.h	keep-root libc/include->include	#include <stdio.h>
p023	plan-tests/include	plan/ws025/tests/writeback-policy-host.c	14	libc/include/string.h	keep-root libc/include->include	#include <string.h>
p023	plan-tests/include	plan/ws025/tests/xhci-reserve-host.c	5	libc/include/stdio.h	keep-root libc/include->include	#include <stdio.h>
p023	plan-tests/include	plan/ws025/tests/xhci-reserve-host.c	6	libc/include/stdlib.h	keep-root libc/include->include	#include <stdlib.h>
p023	plan-tests/include	plan/ws025/tests/xhci-stream-host.c	2	libc/include/stdint.h	keep-root libc/include->include	#include <stdint.h>
p023	plan-tests/include	plan/ws025/tests/xhci-stream-host.c	3	libc/include/sys/types.h	keep-root libc/include->include	#include <sys/types.h>
p023	plan-tests/include	plan/ws025/tests/xhci-stream-host.c	7	libc/include/assert.h	keep-root libc/include->include	#include <assert.h>
p023	plan-tests/include	plan/ws025/tests/xhci-stream-host.c	8	libc/include/stdio.h	keep-root libc/include->include	#include <stdio.h>
p023	plan-tests/include	plan/ws029/tests/i915-host-stubs.inc	24	libc/include/assert.h	keep-root libc/include->include	#include <assert.h>
p023	plan-tests/include	plan/ws029/tests/i915-host-stubs.inc	25	libc/include/errno.h	keep-root libc/include->include	#include <errno.h>
p023	plan-tests/include	plan/ws029/tests/i915-host-stubs.inc	26	libc/include/stddef.h	keep-root libc/include->include	#include <stddef.h>
p023	plan-tests/include	plan/ws029/tests/i915-host-stubs.inc	27	libc/include/stdint.h	keep-root libc/include->include	#include <stdint.h>
p023	plan-tests/include	plan/ws029/tests/i915-host-stubs.inc	28	libc/include/stdio.h	keep-root libc/include->include	#include <stdio.h>
p023	plan-tests/include	plan/ws029/tests/i915-host-stubs.inc	29	libc/include/stdlib.h	keep-root libc/include->include	#include <stdlib.h>
p023	plan-tests/include	plan/ws029/tests/i915-host-stubs.inc	30	libc/include/string.h	keep-root libc/include->include	#include <string.h>
p023	plan-tests/include	plan/ws030/tests/amd64-device-map.c	12	libc/include/assert.h	keep-root libc/include->include	#include <assert.h>
p023	plan-tests/include	plan/ws030/tests/amd64-device-map.c	13	libc/include/pthread.h	keep-root libc/include->include	#include <pthread.h>
p023	plan-tests/include	plan/ws030/tests/amd64-device-map.c	14	libc/include/stdio.h	keep-root libc/include->include	#include <stdio.h>
p023	plan-tests/include	plan/ws030/tests/amd64-device-map.c	15	libc/include/stdlib.h	keep-root libc/include->include	#include <stdlib.h>
p023	plan-tests/include	plan/ws030/tests/amd64-device-map.c	16	libc/include/string.h	keep-root libc/include->include	#include <string.h>
p023	plan-tests/include	plan/ws030/tests/libvulkan-commands.c	12	libc/include/assert.h	keep-root libc/include->include	#include <assert.h>
p023	plan-tests/include	plan/ws030/tests/libvulkan-commands.c	13	libc/include/stdio.h	keep-root libc/include->include	#include <stdio.h>
p023	plan-tests/include	plan/ws030/tests/libvulkan-commands.c	14	libc/include/stdlib.h	keep-root libc/include->include	#include <stdlib.h>
p023	plan-tests/include	plan/ws030/tests/libvulkan-commands.c	15	libc/include/string.h	keep-root libc/include->include	#include <string.h>
p023	plan-tests/include	plan/ws030/tests/libvulkan-context.c	12	libc/include/assert.h	keep-root libc/include->include	#include <assert.h>
p023	plan-tests/include	plan/ws030/tests/libvulkan-context.c	13	libc/include/errno.h	keep-root libc/include->include	#include <errno.h>
p023	plan-tests/include	plan/ws030/tests/libvulkan-context.c	14	libc/include/fcntl.h	keep-root libc/include->include	#include <fcntl.h>
p023	plan-tests/include	plan/ws030/tests/libvulkan-context.c	15	libc/include/stdarg.h	keep-root libc/include->include	#include <stdarg.h>
p023	plan-tests/include	plan/ws030/tests/libvulkan-context.c	16	libc/include/stdint.h	keep-root libc/include->include	#include <stdint.h>
p023	plan-tests/include	plan/ws030/tests/libvulkan-context.c	17	libc/include/stdlib.h	keep-root libc/include->include	#include <stdlib.h>
p023	plan-tests/include	plan/ws030/tests/libvulkan-context.c	18	libc/include/string.h	keep-root libc/include->include	#include <string.h>
p023	plan-tests/include	plan/ws030/tests/libvulkan-context.c	19	libc/include/stdio.h	keep-root libc/include->include	#include <stdio.h>
p023	plan-tests/include	plan/ws030/tests/libvulkan-context.c	20	libc/include/time.h	keep-root libc/include->include	#include <time.h>
p023	plan-tests/include	plan/ws030/tests/libvulkan-context.c	21	libc/include/sys/mman.h	keep-root libc/include->include	#include <sys/mman.h>
p023	plan-tests/include	plan/ws030/tests/libvulkan-descriptors.c	12	libc/include/assert.h	keep-root libc/include->include	#include <assert.h>
p023	plan-tests/include	plan/ws030/tests/libvulkan-descriptors.c	13	libc/include/stdio.h	keep-root libc/include->include	#include <stdio.h>
p023	plan-tests/include	plan/ws030/tests/libvulkan-descriptors.c	14	libc/include/stdlib.h	keep-root libc/include->include	#include <stdlib.h>
p023	plan-tests/include	plan/ws030/tests/libvulkan-descriptors.c	15	libc/include/string.h	keep-root libc/include->include	#include <string.h>
p023	plan-tests/include	plan/ws030/tests/libvulkan-descriptors.c	16	libc/include/sys/mman.h	keep-root libc/include->include	#include <sys/mman.h>
p023	plan-tests/include	plan/ws030/tests/libvulkan-discovery.c	20	libc/include/assert.h	keep-root libc/include->include	#include <assert.h>
p023	plan-tests/include	plan/ws030/tests/libvulkan-discovery.c	21	libc/include/dirent.h	keep-root libc/include->include	#include <dirent.h>
p023	plan-tests/include	plan/ws030/tests/libvulkan-discovery.c	22	libc/include/errno.h	keep-root libc/include->include	#include <errno.h>
p023	plan-tests/include	plan/ws030/tests/libvulkan-discovery.c	23	libc/include/stdio.h	keep-root libc/include->include	#include <stdio.h>
p023	plan-tests/include	plan/ws030/tests/libvulkan-discovery.c	24	libc/include/stdlib.h	keep-root libc/include->include	#include <stdlib.h>
p023	plan-tests/include	plan/ws030/tests/libvulkan-discovery.c	25	libc/include/string.h	keep-root libc/include->include	#include <string.h>
p023	plan-tests/include	plan/ws030/tests/libvulkan-dispatch.c	12	libc/include/assert.h	keep-root libc/include->include	#include <assert.h>
p023	plan-tests/include	plan/ws030/tests/libvulkan-dispatch.c	13	libc/include/dlfcn.h	keep-root libc/include->include	#include <dlfcn.h>
p023	plan-tests/include	plan/ws030/tests/libvulkan-dispatch.c	14	libc/include/stdio.h	keep-root libc/include->include	#include <stdio.h>
p023	plan-tests/include	plan/ws030/tests/libvulkan-dispatch.c	15	libc/include/stdlib.h	keep-root libc/include->include	#include <stdlib.h>
p023	plan-tests/include	plan/ws030/tests/libvulkan-dispatch.c	16	libc/include/string.h	keep-root libc/include->include	#include <string.h>
p023	plan-tests/include	plan/ws030/tests/libvulkan-external-fence.c	12	libc/include/assert.h	keep-root libc/include->include	#include <assert.h>
p023	plan-tests/include	plan/ws030/tests/libvulkan-external-fence.c	13	libc/include/fcntl.h	keep-root libc/include->include	#include <fcntl.h>
p023	plan-tests/include	plan/ws030/tests/libvulkan-external-fence.c	14	libc/include/poll.h	keep-root libc/include->include	#include <poll.h>
p023	plan-tests/include	plan/ws030/tests/libvulkan-external-fence.c	15	libc/include/stdarg.h	keep-root libc/include->include	#include <stdarg.h>
p023	plan-tests/include	plan/ws030/tests/libvulkan-external-fence.c	16	libc/include/unistd.h	keep-root libc/include->include	#include <unistd.h>
p023	plan-tests/include	plan/ws030/tests/libvulkan-foundation.c	12	libc/include/assert.h	keep-root libc/include->include	#include <assert.h>
p023	plan-tests/include	plan/ws030/tests/libvulkan-foundation.c	13	libc/include/stdlib.h	keep-root libc/include->include	#include <stdlib.h>
p023	plan-tests/include	plan/ws030/tests/libvulkan-foundation.c	14	libc/include/string.h	keep-root libc/include->include	#include <string.h>
p023	plan-tests/include	plan/ws030/tests/libvulkan-foundation.c	15	libc/include/stdio.h	keep-root libc/include->include	#include <stdio.h>
p023	plan-tests/include	plan/ws030/tests/libvulkan-job-race.c	12	libc/include/assert.h	keep-root libc/include->include	#include <assert.h>
p023	plan-tests/include	plan/ws030/tests/libvulkan-memory.c	15	libc/include/assert.h	keep-root libc/include->include	#include <assert.h>
p023	plan-tests/include	plan/ws030/tests/libvulkan-memory.c	16	libc/include/errno.h	keep-root libc/include->include	#include <errno.h>
p023	plan-tests/include	plan/ws030/tests/libvulkan-memory.c	17	libc/include/fcntl.h	keep-root libc/include->include	#include <fcntl.h>
p023	plan-tests/include	plan/ws030/tests/libvulkan-memory.c	18	libc/include/stdarg.h	keep-root libc/include->include	#include <stdarg.h>
p023	plan-tests/include	plan/ws030/tests/libvulkan-memory.c	19	libc/include/stdio.h	keep-root libc/include->include	#include <stdio.h>
p023	plan-tests/include	plan/ws030/tests/libvulkan-memory.c	20	libc/include/stdlib.h	keep-root libc/include->include	#include <stdlib.h>
p023	plan-tests/include	plan/ws030/tests/libvulkan-memory.c	21	libc/include/string.h	keep-root libc/include->include	#include <string.h>
p023	plan-tests/include	plan/ws030/tests/libvulkan-memory.c	22	libc/include/sys/mman.h	keep-root libc/include->include	#include <sys/mman.h>
p023	plan-tests/include	plan/ws030/tests/libvulkan-memory.c	23	libc/include/unistd.h	keep-root libc/include->include	#include <unistd.h>
p023	plan-tests/include	plan/ws030/tests/libvulkan-notify.c	12	libc/include/assert.h	keep-root libc/include->include	#include <assert.h>
p023	plan-tests/include	plan/ws030/tests/libvulkan-notify.c	13	libc/include/stdarg.h	keep-root libc/include->include	#include <stdarg.h>
p023	plan-tests/include	plan/ws030/tests/libvulkan-notify.c	14	libc/include/poll.h	keep-root libc/include->include	#include <poll.h>
p023	plan-tests/include	plan/ws030/tests/libvulkan-pipeline.c	14	libc/include/assert.h	keep-root libc/include->include	#include <assert.h>
p023	plan-tests/include	plan/ws030/tests/libvulkan-pipeline.c	15	libc/include/errno.h	keep-root libc/include->include	#include <errno.h>
p023	plan-tests/include	plan/ws030/tests/libvulkan-pipeline.c	16	libc/include/stdio.h	keep-root libc/include->include	#include <stdio.h>
p023	plan-tests/include	plan/ws030/tests/libvulkan-pipeline.c	17	libc/include/stdlib.h	keep-root libc/include->include	#include <stdlib.h>
p023	plan-tests/include	plan/ws030/tests/libvulkan-pipeline.c	18	libc/include/string.h	keep-root libc/include->include	#include <string.h>
p023	plan-tests/include	plan/ws030/tests/libvulkan-resources.c	12	libc/include/assert.h	keep-root libc/include->include	#include <assert.h>
p023	plan-tests/include	plan/ws030/tests/libvulkan-resources.c	13	libc/include/stdio.h	keep-root libc/include->include	#include <stdio.h>
p023	plan-tests/include	plan/ws030/tests/libvulkan-resources.c	14	libc/include/stdlib.h	keep-root libc/include->include	#include <stdlib.h>
p023	plan-tests/include	plan/ws030/tests/libvulkan-resources.c	15	libc/include/string.h	keep-root libc/include->include	#include <string.h>
p023	plan-tests/include	plan/ws030/tests/libvulkan-resources.c	16	libc/include/sys/mman.h	keep-root libc/include->include	#include <sys/mman.h>
p023	plan-tests/include	plan/ws030/tests/libvulkan-sync.c	12	libc/include/errno.h	keep-root libc/include->include	#include <errno.h>
p023	plan-tests/include	plan/ws030/tests/libvulkan-sync.c	13	libc/include/stdio.h	keep-root libc/include->include	#include <stdio.h>
p023	plan-tests/include	plan/ws030/tests/libvulkan-sync.c	14	libc/include/stdlib.h	keep-root libc/include->include	#include <stdlib.h>
p023	plan-tests/include	plan/ws030/tests/libvulkan-sync.c	15	libc/include/string.h	keep-root libc/include->include	#include <string.h>
p023	plan-tests/include	plan/ws030/tests/libvulkan-sync.c	16	libc/include/time.h	keep-root libc/include->include	#include <time.h>
p023	plan-tests/include	plan/ws030/tests/libvulkan-sync.c	17	libc/include/stdarg.h	keep-root libc/include->include	#include <stdarg.h>
p023	plan-tests/include	plan/ws030/tests/pci-device-cache.c	17	libc/include/assert.h	keep-root libc/include->include	#include <assert.h>
p023	plan-tests/include	plan/ws030/tests/pci-device-cache.c	18	libc/include/errno.h	keep-root libc/include->include	#include <errno.h>
p023	plan-tests/include	plan/ws030/tests/pci-device-cache.c	19	libc/include/stdarg.h	keep-root libc/include->include	#include <stdarg.h>
p023	plan-tests/include	plan/ws030/tests/pci-device-cache.c	20	libc/include/stdio.h	keep-root libc/include->include	#include <stdio.h>
p023	plan-tests/include	plan/ws030/tests/pci-device-cache.c	21	libc/include/stdlib.h	keep-root libc/include->include	#include <stdlib.h>
p023	plan-tests/include	plan/ws030/tests/pci-device-cache.c	22	libc/include/string.h	keep-root libc/include->include	#include <string.h>
p023	plan-tests/include	plan/ws030/tests/pci-device-cache.c	23	libc/include/sys/mman.h	keep-root libc/include->include	#include <sys/mman.h>
p023	plan-tests/include	plan/ws030/tests/text-snapshot.c	12	libc/include/assert.h	keep-root libc/include->include	#include <assert.h>
p023	plan-tests/include	plan/ws030/tests/text-snapshot.c	13	libc/include/errno.h	keep-root libc/include->include	#include <errno.h>
p023	plan-tests/include	plan/ws030/tests/text-snapshot.c	14	libc/include/stdint.h	keep-root libc/include->include	#include <stdint.h>
p023	plan-tests/include	plan/ws030/tests/text-snapshot.c	15	libc/include/stdio.h	keep-root libc/include->include	#include <stdio.h>
p023	plan-tests/include	plan/ws030/tests/text-snapshot.c	16	libc/include/stdlib.h	keep-root libc/include->include	#include <stdlib.h>
p023	plan-tests/include	plan/ws030/tests/text-snapshot.c	17	libc/include/string.h	keep-root libc/include->include	#include <string.h>
p023	plan-tests/include	plan/ws030/tests/text-snapshot.c	18	libc/include/sys/mman.h	keep-root libc/include->include	#include <sys/mman.h>
p023	plan-tests/include	plan/ws030/tests/vmspace-device.c	18	libc/include/fcntl.h	libc/include/fcntl.h -> include/fcntl.h	#include "libc/include/fcntl.h"
p023	plan-tests/include	plan/ws030/tests/vmspace-device.c	27	libc/include/assert.h	keep-root libc/include->include	#include <assert.h>
p023	plan-tests/include	plan/ws030/tests/vmspace-device.c	28	libc/include/errno.h	keep-root libc/include->include	#include <errno.h>
p023	plan-tests/include	plan/ws030/tests/vmspace-device.c	29	libc/include/stdio.h	keep-root libc/include->include	#include <stdio.h>
p023	plan-tests/include	plan/ws030/tests/vmspace-device.c	30	libc/include/stdlib.h	keep-root libc/include->include	#include <stdlib.h>
p023	plan-tests/include	plan/ws030/tests/vmspace-device.c	31	libc/include/string.h	keep-root libc/include->include	#include <string.h>
p023	plan-tests/include	plan/ws030/tests/wsi-direct-only.c	12	libc/include/assert.h	keep-root libc/include->include	#include <assert.h>
p023	plan-tests/include	plan/ws030/tests/wsi-discovery.c	15	libc/include/assert.h	keep-root libc/include->include	#include <assert.h>
p023	plan-tests/include	plan/ws030/tests/wsi-discovery.c	16	libc/include/stdio.h	keep-root libc/include->include	#include <stdio.h>
p023	plan-tests/include	plan/ws030/tests/wsi-discovery.c	17	libc/include/stdlib.h	keep-root libc/include->include	#include <stdlib.h>
p023	plan-tests/include	plan/ws030/tests/wsi-discovery.c	18	libc/include/string.h	keep-root libc/include->include	#include <string.h>
p023	plan-tests/include	plan/ws030/tests/wsi-native.c	15	libc/include/fcntl.h	keep-root libc/include->include	#include <fcntl.h>
p023	plan-tests/include	plan/ws030/tests/wsi-native.c	16	libc/include/poll.h	keep-root libc/include->include	#include <poll.h>
p023	plan-tests/include	plan/ws030/tests/wsi-native.c	17	libc/include/unistd.h	keep-root libc/include->include	#include <unistd.h>
p023	plan-tests/include	plan/ws030/tests/wsi-native.c	19	libc/include/assert.h	keep-root libc/include->include	#include <assert.h>
p023	plan-tests/include	plan/ws030/tests/wsi-native.c	20	libc/include/errno.h	keep-root libc/include->include	#include <errno.h>
p023	plan-tests/include	plan/ws030/tests/wsi-native.c	21	libc/include/stdarg.h	keep-root libc/include->include	#include <stdarg.h>
p023	plan-tests/include	plan/ws030/tests/wsi-native.c	22	libc/include/stdio.h	keep-root libc/include->include	#include <stdio.h>
p023	plan-tests/include	plan/ws030/tests/wsi-native.c	23	libc/include/stdlib.h	keep-root libc/include->include	#include <stdlib.h>
p023	plan-tests/include	plan/ws030/tests/wsi-native.c	24	libc/include/string.h	keep-root libc/include->include	#include <string.h>
p023	plan-tests/include	plan/ws031/tests/dp-host-test.c	8	libc/include/stdio.h	keep-root libc/include->include	#include <stdio.h>
p023	plan-tests/include	plan/ws031/tests/dp-host-test.c	9	libc/include/stdlib.h	keep-root libc/include->include	#include <stdlib.h>
p023	plan-tests/include	plan/ws031/tests/dp-host-test.c	10	libc/include/string.h	keep-root libc/include->include	#include <string.h>
p023	plan-tests/include	plan/ws031/tests/i915-vk-cmd-test.c	19	libc/include/assert.h	keep-root libc/include->include	#include <assert.h>
p023	plan-tests/include	plan/ws031/tests/i915-vk-cmd-test.c	20	libc/include/errno.h	keep-root libc/include->include	#include <errno.h>
p023	plan-tests/include	plan/ws031/tests/i915-vk-cmd-test.c	21	libc/include/stdarg.h	keep-root libc/include->include	#include <stdarg.h>
p023	plan-tests/include	plan/ws031/tests/i915-vk-cmd-test.c	22	libc/include/stdint.h	keep-root libc/include->include	#include <stdint.h>
p023	plan-tests/include	plan/ws031/tests/i915-vk-cmd-test.c	23	libc/include/stdio.h	keep-root libc/include->include	#include <stdio.h>
p023	plan-tests/include	plan/ws031/tests/i915-vk-cmd-test.c	24	libc/include/stdlib.h	keep-root libc/include->include	#include <stdlib.h>
p023	plan-tests/include	plan/ws031/tests/i915-vk-cmd-test.c	25	libc/include/string.h	keep-root libc/include->include	#include <string.h>
p023	plan-tests/include	plan/ws031/tests/i915-vk-compile-test.c	15	libc/include/assert.h	keep-root libc/include->include	#include <assert.h>
p023	plan-tests/include	plan/ws031/tests/i915-vk-compile-test.c	16	libc/include/math.h	keep-root libc/include->include	#include <math.h>
p023	plan-tests/include	plan/ws031/tests/i915-vk-compile-test.c	17	libc/include/stdint.h	keep-root libc/include->include	#include <stdint.h>
p023	plan-tests/include	plan/ws031/tests/i915-vk-compile-test.c	18	libc/include/stdio.h	keep-root libc/include->include	#include <stdio.h>
p023	plan-tests/include	plan/ws031/tests/i915-vk-compile-test.c	19	libc/include/stdlib.h	keep-root libc/include->include	#include <stdlib.h>
p023	plan-tests/include	plan/ws031/tests/i915-vk-compile-test.c	20	libc/include/string.h	keep-root libc/include->include	#include <string.h>
p023	plan-tests/include	plan/ws031/tests/i915-vk-eu-test.c	15	libc/include/assert.h	keep-root libc/include->include	#include <assert.h>
p023	plan-tests/include	plan/ws031/tests/i915-vk-eu-test.c	16	libc/include/stdint.h	keep-root libc/include->include	#include <stdint.h>
p023	plan-tests/include	plan/ws031/tests/i915-vk-eu-test.c	17	libc/include/stdio.h	keep-root libc/include->include	#include <stdio.h>
p023	plan-tests/include	plan/ws031/tests/i915-vk-eu-test.c	18	libc/include/stdlib.h	keep-root libc/include->include	#include <stdlib.h>
p023	plan-tests/include	plan/ws031/tests/i915-vk-eu-test.c	19	libc/include/string.h	keep-root libc/include->include	#include <string.h>
p023	plan-tests/include	plan/ws031/tests/i915-vk-eudump.c	6	libc/include/stdint.h	keep-root libc/include->include	#include <stdint.h>
p023	plan-tests/include	plan/ws031/tests/i915-vk-eudump.c	7	libc/include/stdio.h	keep-root libc/include->include	#include <stdio.h>
p023	plan-tests/include	plan/ws031/tests/i915-vk-eudump.c	8	libc/include/stdlib.h	keep-root libc/include->include	#include <stdlib.h>
p023	plan-tests/include	plan/ws031/tests/i915-vk-eudump.c	9	libc/include/string.h	keep-root libc/include->include	#include <string.h>
p023	plan-tests/include	plan/ws031/tests/i915-vk-gentool-eu.c	6	libc/include/stdint.h	keep-root libc/include->include	#include <stdint.h>
p023	plan-tests/include	plan/ws031/tests/i915-vk-gentool-eu.c	7	libc/include/stdio.h	keep-root libc/include->include	#include <stdio.h>
p023	plan-tests/include	plan/ws031/tests/i915-vk-gentool-eu.c	8	libc/include/stdlib.h	keep-root libc/include->include	#include <stdlib.h>
p023	plan-tests/include	plan/ws031/tests/i915-vk-gentool-eu.c	9	libc/include/string.h	keep-root libc/include->include	#include <string.h>
p023	plan-tests/include	plan/ws031/tests/i915-vk-lower-test.c	21	libc/include/assert.h	keep-root libc/include->include	#include <assert.h>
p023	plan-tests/include	plan/ws031/tests/i915-vk-lower-test.c	22	libc/include/math.h	keep-root libc/include->include	#include <math.h>
p023	plan-tests/include	plan/ws031/tests/i915-vk-lower-test.c	23	libc/include/stdarg.h	keep-root libc/include->include	#include <stdarg.h>
p023	plan-tests/include	plan/ws031/tests/i915-vk-lower-test.c	24	libc/include/stdint.h	keep-root libc/include->include	#include <stdint.h>
p023	plan-tests/include	plan/ws031/tests/i915-vk-lower-test.c	25	libc/include/stdio.h	keep-root libc/include->include	#include <stdio.h>
p023	plan-tests/include	plan/ws031/tests/i915-vk-lower-test.c	26	libc/include/stdlib.h	keep-root libc/include->include	#include <stdlib.h>
p023	plan-tests/include	plan/ws031/tests/i915-vk-lower-test.c	27	libc/include/string.h	keep-root libc/include->include	#include <string.h>
p023	plan-tests/include	plan/ws031/tests/i915-vk-render-stubs.inc	29	libc/include/assert.h	keep-root libc/include->include	#include <assert.h>
p023	plan-tests/include	plan/ws031/tests/i915-vk-render-stubs.inc	30	libc/include/errno.h	keep-root libc/include->include	#include <errno.h>
p023	plan-tests/include	plan/ws031/tests/i915-vk-render-stubs.inc	31	libc/include/stdarg.h	keep-root libc/include->include	#include <stdarg.h>
p023	plan-tests/include	plan/ws031/tests/i915-vk-render-stubs.inc	32	libc/include/stddef.h	keep-root libc/include->include	#include <stddef.h>
p023	plan-tests/include	plan/ws031/tests/i915-vk-render-stubs.inc	33	libc/include/stdint.h	keep-root libc/include->include	#include <stdint.h>
p023	plan-tests/include	plan/ws031/tests/i915-vk-render-stubs.inc	34	libc/include/stdio.h	keep-root libc/include->include	#include <stdio.h>
p023	plan-tests/include	plan/ws031/tests/i915-vk-render-stubs.inc	35	libc/include/stdlib.h	keep-root libc/include->include	#include <stdlib.h>
p023	plan-tests/include	plan/ws031/tests/i915-vk-render-stubs.inc	36	libc/include/string.h	keep-root libc/include->include	#include <string.h>
p023	plan-tests/include	plan/ws031/tests/i915-vk-spirv-test.c	14	libc/include/assert.h	keep-root libc/include->include	#include <assert.h>
p023	plan-tests/include	plan/ws031/tests/i915-vk-spirv-test.c	15	libc/include/stdint.h	keep-root libc/include->include	#include <stdint.h>
p023	plan-tests/include	plan/ws031/tests/i915-vk-spirv-test.c	16	libc/include/stdio.h	keep-root libc/include->include	#include <stdio.h>
p023	plan-tests/include	plan/ws031/tests/i915-vk-spirv-test.c	17	libc/include/stdlib.h	keep-root libc/include->include	#include <stdlib.h>
p023	plan-tests/include	plan/ws031/tests/i915-vk-spirv-test.c	18	libc/include/string.h	keep-root libc/include->include	#include <string.h>
p023	plan-tests/include	plan/ws031/tests/kernel-placement-host.c	3	libc/include/assert.h	keep-root libc/include->include	#include <assert.h>
p023	plan-tests/include	plan/ws031/tests/kernel-placement-host.c	4	libc/include/stdint.h	keep-root libc/include->include	#include <stdint.h>
p023	plan-tests/include	plan/ws031/tests/kernel-placement-host.c	5	libc/include/stdio.h	keep-root libc/include->include	#include <stdio.h>
p023	plan-tests/include	plan/ws031/tests/kernel-placement-host.c	6	libc/include/string.h	keep-root libc/include->include	#include <string.h>
p023	plan-tests/include	plan/ws031/tests/lcd-host-test.c	8	libc/include/stdio.h	keep-root libc/include->include	#include <stdio.h>
p023	plan-tests/include	plan/ws031/tests/lcd-host-test.c	9	libc/include/stdlib.h	keep-root libc/include->include	#include <stdlib.h>
p023	plan-tests/include	plan/ws031/tests/lcd-host-test.c	10	libc/include/string.h	keep-root libc/include->include	#include <string.h>
p023	plan-tests/include	plan/ws031/tests/lcd-modeset-host-test.c	13	libc/include/stdio.h	keep-root libc/include->include	#include <stdio.h>
p023	plan-tests/include	plan/ws031/tests/lcd-modeset-host-test.c	14	libc/include/stdlib.h	keep-root libc/include->include	#include <stdlib.h>
p023	plan-tests/include	plan/ws031/tests/lcd-modeset-host-test.c	15	libc/include/string.h	keep-root libc/include->include	#include <string.h>
p023	plan-tests/include	plan/ws031/tests/lcd-pattern-host.c	6	libc/include/stdio.h	keep-root libc/include->include	#include <stdio.h>
p023	plan-tests/include	plan/ws031/tests/lcd-pattern-host.c	7	libc/include/stdlib.h	keep-root libc/include->include	#include <stdlib.h>
p023	plan-tests/include	plan/ws031/tests/lcd-pattern-host.c	8	libc/include/inttypes.h	keep-root libc/include->include	#include <inttypes.h>
p023	plan-tests/include	plan/ws031/tests/mview-host-test.c	18	libc/include/math.h	keep-root libc/include->include	#include <math.h>
p023	plan-tests/include	plan/ws031/tests/mview-host-test.c	19	libc/include/stdio.h	keep-root libc/include->include	#include <stdio.h>
p023	plan-tests/include	plan/ws031/tests/mview-host-test.c	20	libc/include/stdlib.h	keep-root libc/include->include	#include <stdlib.h>
p023	plan-tests/include	plan/ws031/tests/mview-host-test.c	21	libc/include/string.h	keep-root libc/include->include	#include <string.h>
p023	plan-tests/include	plan/ws031/tests/mview-host-test.c	22	libc/include/sys/stat.h	keep-root libc/include->include	#include <sys/stat.h>
p023	plan-tests/include	plan/ws031/tests/mview-host-test.c	23	libc/include/unistd.h	keep-root libc/include->include	#include <unistd.h>
p023	plan-tests/include	plan/ws031/tests/native-decide-host-test.c	5	libc/include/stdio.h	keep-root libc/include->include	#include <stdio.h>
p023	plan-tests/include	plan/ws031/tests/native-decide-host-test.c	6	libc/include/string.h	keep-root libc/include->include	#include <string.h>
p023	plan-tests/include	plan/ws031/tests/opregion-host-test.c	6	libc/include/stdio.h	keep-root libc/include->include	#include <stdio.h>
p023	plan-tests/include	plan/ws031/tests/opregion-host-test.c	7	libc/include/string.h	keep-root libc/include->include	#include <string.h>
p023	plan-tests/include	plan/ws031/tests/opregion-host-test.c	8	libc/include/stdint.h	keep-root libc/include->include	#include <stdint.h>
p023	plan-tests/include	plan/ws031/tests/vbt-host-test.c	9	libc/include/stdio.h	keep-root libc/include->include	#include <stdio.h>
p023	plan-tests/include	plan/ws031/tests/vbt-host-test.c	10	libc/include/stdlib.h	keep-root libc/include->include	#include <stdlib.h>
p023	plan-tests/include	plan/ws031/tests/vbt-host-test.c	11	libc/include/string.h	keep-root libc/include->include	#include <string.h>
p023	plan-tests/include	plan/ws032/tests/devnull-target.c	3	libc/include/sys/time.h	keep-root libc/include->include	#include <sys/time.h>
p023	plan-tests/include	plan/ws032/tests/devnull-target.c	4	libc/include/sys/types.h	keep-root libc/include->include	#include <sys/types.h>
p023	plan-tests/include	plan/ws032/tests/devnull-target.c	5	libc/include/errno.h	keep-root libc/include->include	#include <errno.h>
p023	plan-tests/include	plan/ws032/tests/devnull-target.c	6	libc/include/fcntl.h	keep-root libc/include->include	#include <fcntl.h>
p023	plan-tests/include	plan/ws032/tests/devnull-target.c	7	libc/include/stdio.h	keep-root libc/include->include	#include <stdio.h>
p023	plan-tests/include	plan/ws032/tests/devnull-target.c	8	libc/include/string.h	keep-root libc/include->include	#include <string.h>
p023	plan-tests/include	plan/ws032/tests/devnull-target.c	9	libc/include/unistd.h	keep-root libc/include->include	#include <unistd.h>
p023	plan-tests/include	plan/ws032/tests/digest-target.c	3	libc/include/md5.h	keep-root libc/include->include	#include <md5.h>
p023	plan-tests/include	plan/ws032/tests/digest-target.c	4	libc/include/sha1.h	keep-root libc/include->include	#include <sha1.h>
p023	plan-tests/include	plan/ws032/tests/digest-target.c	5	libc/include/sha2.h	keep-root libc/include->include	#include <sha2.h>
p023	plan-tests/include	plan/ws032/tests/digest-target.c	6	libc/include/stdio.h	keep-root libc/include->include	#include <stdio.h>
p023	plan-tests/include	plan/ws032/tests/digest-target.c	7	libc/include/string.h	keep-root libc/include->include	#include <string.h>
p023	plan-tests/include	plan/ws032/tests/fd-target.c	3	libc/include/sys/stat.h	keep-root libc/include->include	#include <sys/stat.h>
p023	plan-tests/include	plan/ws032/tests/fd-target.c	4	libc/include/sys/wait.h	keep-root libc/include->include	#include <sys/wait.h>
p023	plan-tests/include	plan/ws032/tests/fd-target.c	5	libc/include/dirent.h	keep-root libc/include->include	#include <dirent.h>
p023	plan-tests/include	plan/ws032/tests/fd-target.c	6	libc/include/errno.h	keep-root libc/include->include	#include <errno.h>
p023	plan-tests/include	plan/ws032/tests/fd-target.c	7	libc/include/fcntl.h	keep-root libc/include->include	#include <fcntl.h>
p023	plan-tests/include	plan/ws032/tests/fd-target.c	8	libc/include/stdio.h	keep-root libc/include->include	#include <stdio.h>
p023	plan-tests/include	plan/ws032/tests/fd-target.c	9	libc/include/stdlib.h	keep-root libc/include->include	#include <stdlib.h>
p023	plan-tests/include	plan/ws032/tests/fd-target.c	10	libc/include/string.h	keep-root libc/include->include	#include <string.h>
p023	plan-tests/include	plan/ws032/tests/fd-target.c	11	libc/include/unistd.h	keep-root libc/include->include	#include <unistd.h>
p023	plan-tests/include	plan/ws032/tests/flock-target.c	3	libc/include/sys/file.h	keep-root libc/include->include	#include <sys/file.h>
p023	plan-tests/include	plan/ws032/tests/flock-target.c	4	libc/include/sys/ioctl.h	keep-root libc/include->include	#include <sys/ioctl.h>
p023	plan-tests/include	plan/ws032/tests/flock-target.c	5	libc/include/sys/wait.h	keep-root libc/include->include	#include <sys/wait.h>
p023	plan-tests/include	plan/ws032/tests/flock-target.c	7	libc/include/errno.h	keep-root libc/include->include	#include <errno.h>
p023	plan-tests/include	plan/ws032/tests/flock-target.c	8	libc/include/fcntl.h	keep-root libc/include->include	#include <fcntl.h>
p023	plan-tests/include	plan/ws032/tests/flock-target.c	9	libc/include/stdio.h	keep-root libc/include->include	#include <stdio.h>
p023	plan-tests/include	plan/ws032/tests/flock-target.c	10	libc/include/stdlib.h	keep-root libc/include->include	#include <stdlib.h>
p023	plan-tests/include	plan/ws032/tests/flock-target.c	11	libc/include/string.h	keep-root libc/include->include	#include <string.h>
p023	plan-tests/include	plan/ws032/tests/flock-target.c	12	libc/include/unistd.h	keep-root libc/include->include	#include <unistd.h>
p023	plan-tests/include	plan/ws032/tests/getrandom-target.c	3	libc/include/sys/random.h	keep-root libc/include->include	#include <sys/random.h>
p023	plan-tests/include	plan/ws032/tests/getrandom-target.c	4	libc/include/errno.h	keep-root libc/include->include	#include <errno.h>
p023	plan-tests/include	plan/ws032/tests/getrandom-target.c	5	libc/include/stdio.h	keep-root libc/include->include	#include <stdio.h>
p023	plan-tests/include	plan/ws032/tests/getrandom-target.c	6	libc/include/string.h	keep-root libc/include->include	#include <string.h>
p023	plan-tests/include	plan/ws032/tests/glob-target.c	3	libc/include/sys/stat.h	keep-root libc/include->include	#include <sys/stat.h>
p023	plan-tests/include	plan/ws032/tests/glob-target.c	4	libc/include/glob.h	keep-root libc/include->include	#include <glob.h>
p023	plan-tests/include	plan/ws032/tests/glob-target.c	5	libc/include/stdio.h	keep-root libc/include->include	#include <stdio.h>
p023	plan-tests/include	plan/ws032/tests/glob-target.c	6	libc/include/stdlib.h	keep-root libc/include->include	#include <stdlib.h>
p023	plan-tests/include	plan/ws032/tests/glob-target.c	7	libc/include/string.h	keep-root libc/include->include	#include <string.h>
p023	plan-tests/include	plan/ws032/tests/glob-target.c	8	libc/include/fcntl.h	keep-root libc/include->include	#include <fcntl.h>
p023	plan-tests/include	plan/ws032/tests/glob-target.c	9	libc/include/unistd.h	keep-root libc/include->include	#include <unistd.h>
p023	plan-tests/include	plan/ws032/tests/keepalive-target.c	15	libc/include/errno.h	keep-root libc/include->include	#include <errno.h>
p023	plan-tests/include	plan/ws032/tests/keepalive-target.c	16	libc/include/netinet/in.h	keep-root libc/include->include	#include <netinet/in.h>
p023	plan-tests/include	plan/ws032/tests/keepalive-target.c	17	libc/include/netinet/tcp.h	keep-root libc/include->include	#include <netinet/tcp.h>
p023	plan-tests/include	plan/ws032/tests/keepalive-target.c	18	libc/include/stdio.h	keep-root libc/include->include	#include <stdio.h>
p023	plan-tests/include	plan/ws032/tests/keepalive-target.c	19	libc/include/string.h	keep-root libc/include->include	#include <string.h>
p023	plan-tests/include	plan/ws032/tests/keepalive-target.c	20	libc/include/sys/socket.h	keep-root libc/include->include	#include <sys/socket.h>
p023	plan-tests/include	plan/ws032/tests/keepalive-target.c	21	libc/include/unistd.h	keep-root libc/include->include	#include <unistd.h>
p023	plan-tests/include	plan/ws032/tests/netdb-target.c	5	libc/include/errno.h	keep-root libc/include->include	#include <errno.h>
p023	plan-tests/include	plan/ws032/tests/netdb-target.c	6	libc/include/netdb.h	keep-root libc/include->include	#include <netdb.h>
p023	plan-tests/include	plan/ws032/tests/netdb-target.c	7	libc/include/netinet/in.h	keep-root libc/include->include	#include <netinet/in.h>
p023	plan-tests/include	plan/ws032/tests/netdb-target.c	8	libc/include/arpa/inet.h	keep-root libc/include->include	#include <arpa/inet.h>
p023	plan-tests/include	plan/ws032/tests/netdb-target.c	9	libc/include/stdio.h	keep-root libc/include->include	#include <stdio.h>
p023	plan-tests/include	plan/ws032/tests/netdb-target.c	10	libc/include/string.h	keep-root libc/include->include	#include <string.h>
p023	plan-tests/include	plan/ws032/tests/netdb-target.c	11	libc/include/sys/socket.h	keep-root libc/include->include	#include <sys/socket.h>
p023	plan-tests/include	plan/ws032/tests/netdb-target.c	12	libc/include/sys/stat.h	keep-root libc/include->include	#include <sys/stat.h>
p023	plan-tests/include	plan/ws032/tests/netdb-target.c	13	libc/include/sys/wait.h	keep-root libc/include->include	#include <sys/wait.h>
p023	plan-tests/include	plan/ws032/tests/netdb-target.c	14	libc/include/unistd.h	keep-root libc/include->include	#include <unistd.h>
p023	plan-tests/include	plan/ws032/tests/openbsd-target.c	3	libc/include/sys/socket.h	keep-root libc/include->include	#include <sys/socket.h>
p023	plan-tests/include	plan/ws032/tests/openbsd-target.c	4	libc/include/sys/stat.h	keep-root libc/include->include	#include <sys/stat.h>
p023	plan-tests/include	plan/ws032/tests/openbsd-target.c	5	libc/include/sys/wait.h	keep-root libc/include->include	#include <sys/wait.h>
p023	plan-tests/include	plan/ws032/tests/openbsd-target.c	6	libc/include/errno.h	keep-root libc/include->include	#include <errno.h>
p023	plan-tests/include	plan/ws032/tests/openbsd-target.c	7	libc/include/fcntl.h	keep-root libc/include->include	#include <fcntl.h>
p023	plan-tests/include	plan/ws032/tests/openbsd-target.c	8	libc/include/grp.h	keep-root libc/include->include	#include <grp.h>
p023	plan-tests/include	plan/ws032/tests/openbsd-target.c	9	libc/include/pwd.h	keep-root libc/include->include	#include <pwd.h>
p023	plan-tests/include	plan/ws032/tests/openbsd-target.c	10	libc/include/stdio.h	keep-root libc/include->include	#include <stdio.h>
p023	plan-tests/include	plan/ws032/tests/openbsd-target.c	11	libc/include/stdlib.h	keep-root libc/include->include	#include <stdlib.h>
p023	plan-tests/include	plan/ws032/tests/openbsd-target.c	12	libc/include/string.h	keep-root libc/include->include	#include <string.h>
p023	plan-tests/include	plan/ws032/tests/openbsd-target.c	13	libc/include/time.h	keep-root libc/include->include	#include <time.h>
p023	plan-tests/include	plan/ws032/tests/openbsd-target.c	14	libc/include/unistd.h	keep-root libc/include->include	#include <unistd.h>
p023	plan-tests/include	plan/ws032/tests/opts-target.c	3	libc/include/sys/stat.h	keep-root libc/include->include	#include <sys/stat.h>
p023	plan-tests/include	plan/ws032/tests/opts-target.c	4	libc/include/getopt.h	keep-root libc/include->include	#include <getopt.h>
p023	plan-tests/include	plan/ws032/tests/opts-target.c	5	libc/include/stdio.h	keep-root libc/include->include	#include <stdio.h>
p023	plan-tests/include	plan/ws032/tests/opts-target.c	6	libc/include/stdlib.h	keep-root libc/include->include	#include <stdlib.h>
p023	plan-tests/include	plan/ws032/tests/opts-target.c	7	libc/include/string.h	keep-root libc/include->include	#include <string.h>
p023	plan-tests/include	plan/ws032/tests/opts-target.c	8	libc/include/unistd.h	keep-root libc/include->include	#include <unistd.h>
p023	plan-tests/include	plan/ws032/tests/queue-target.c	3	libc/include/sys/queue.h	keep-root libc/include->include	#include <sys/queue.h>
p023	plan-tests/include	plan/ws032/tests/queue-target.c	4	libc/include/stdio.h	keep-root libc/include->include	#include <stdio.h>
p023	plan-tests/include	plan/ws032/tests/queue-target.c	5	libc/include/stdlib.h	keep-root libc/include->include	#include <stdlib.h>
p023	plan-tests/include	plan/ws032/tests/queue-target.c	6	libc/include/string.h	keep-root libc/include->include	#include <string.h>
p023	plan-tests/include	plan/ws032/tests/resolv-target.c	3	libc/include/sys/socket.h	keep-root libc/include->include	#include <sys/socket.h>
p023	plan-tests/include	plan/ws032/tests/resolv-target.c	4	libc/include/sys/wait.h	keep-root libc/include->include	#include <sys/wait.h>
p023	plan-tests/include	plan/ws032/tests/resolv-target.c	5	libc/include/arpa/inet.h	keep-root libc/include->include	#include <arpa/inet.h>
p023	plan-tests/include	plan/ws032/tests/resolv-target.c	6	libc/include/netdb.h	keep-root libc/include->include	#include <netdb.h>
p023	plan-tests/include	plan/ws032/tests/resolv-target.c	7	libc/include/netinet/in.h	keep-root libc/include->include	#include <netinet/in.h>
p023	plan-tests/include	plan/ws032/tests/resolv-target.c	8	libc/include/resolv.h	keep-root libc/include->include	#include <resolv.h>
p023	plan-tests/include	plan/ws032/tests/resolv-target.c	9	libc/include/signal.h	keep-root libc/include->include	#include <signal.h>
p023	plan-tests/include	plan/ws032/tests/resolv-target.c	10	libc/include/stdio.h	keep-root libc/include->include	#include <stdio.h>
p023	plan-tests/include	plan/ws032/tests/resolv-target.c	11	libc/include/stdlib.h	keep-root libc/include->include	#include <stdlib.h>
p023	plan-tests/include	plan/ws032/tests/resolv-target.c	12	libc/include/string.h	keep-root libc/include->include	#include <string.h>
p023	plan-tests/include	plan/ws032/tests/resolv-target.c	13	libc/include/unistd.h	keep-root libc/include->include	#include <unistd.h>
p023	plan-tests/include	plan/ws032/tests/rpp-target.c	3	libc/include/readpassphrase.h	keep-root libc/include->include	#include <readpassphrase.h>
p023	plan-tests/include	plan/ws032/tests/rpp-target.c	4	libc/include/stdio.h	keep-root libc/include->include	#include <stdio.h>
p023	plan-tests/include	plan/ws032/tests/rpp-target.c	5	libc/include/string.h	keep-root libc/include->include	#include <string.h>
p023	plan-tests/include	plan/ws032/tests/rpp-target.c	6	libc/include/termios.h	keep-root libc/include->include	#include <termios.h>
p023	plan-tests/include	plan/ws032/tests/rpp-target.c	7	libc/include/unistd.h	keep-root libc/include->include	#include <unistd.h>
p023	plan-tests/include	plan/ws032/tests/session-target.c	3	libc/include/sys/ioctl.h	keep-root libc/include->include	#include <sys/ioctl.h>
p023	plan-tests/include	plan/ws032/tests/session-target.c	4	libc/include/sys/stat.h	keep-root libc/include->include	#include <sys/stat.h>
p023	plan-tests/include	plan/ws032/tests/session-target.c	5	libc/include/sys/wait.h	keep-root libc/include->include	#include <sys/wait.h>
p023	plan-tests/include	plan/ws032/tests/session-target.c	6	libc/include/errno.h	keep-root libc/include->include	#include <errno.h>
p023	plan-tests/include	plan/ws032/tests/session-target.c	7	libc/include/fcntl.h	keep-root libc/include->include	#include <fcntl.h>
p023	plan-tests/include	plan/ws032/tests/session-target.c	8	libc/include/poll.h	keep-root libc/include->include	#include <poll.h>
p023	plan-tests/include	plan/ws032/tests/session-target.c	9	libc/include/pty.h	keep-root libc/include->include	#include <pty.h>
p023	plan-tests/include	plan/ws032/tests/session-target.c	10	libc/include/stdio.h	keep-root libc/include->include	#include <stdio.h>
p023	plan-tests/include	plan/ws032/tests/session-target.c	11	libc/include/stdlib.h	keep-root libc/include->include	#include <stdlib.h>
p023	plan-tests/include	plan/ws032/tests/session-target.c	12	libc/include/string.h	keep-root libc/include->include	#include <string.h>
p023	plan-tests/include	plan/ws032/tests/session-target.c	13	libc/include/signal.h	keep-root libc/include->include	#include <signal.h>
p023	plan-tests/include	plan/ws032/tests/session-target.c	14	libc/include/termios.h	keep-root libc/include->include	#include <termios.h>
p023	plan-tests/include	plan/ws032/tests/session-target.c	15	libc/include/unistd.h	keep-root libc/include->include	#include <unistd.h>
p023	plan-tests/include	plan/ws032/tests/signal-stack-target.c	12	libc/include/pthread.h	keep-root libc/include->include	#include <pthread.h>
p023	plan-tests/include	plan/ws032/tests/signal-stack-target.c	13	libc/include/signal.h	keep-root libc/include->include	#include <signal.h>
p023	plan-tests/include	plan/ws032/tests/signal-stack-target.c	14	libc/include/stdio.h	keep-root libc/include->include	#include <stdio.h>
p023	plan-tests/include	plan/ws032/tests/signal-stack-target.c	15	libc/include/string.h	keep-root libc/include->include	#include <string.h>
p023	plan-tests/include	plan/ws032/tests/signal-stack-target.c	16	libc/include/unistd.h	keep-root libc/include->include	#include <unistd.h>
p023	plan-tests/include	plan/ws032/tests/socket-options-target.c	8	libc/include/errno.h	keep-root libc/include->include	#include <errno.h>
p023	plan-tests/include	plan/ws032/tests/socket-options-target.c	9	libc/include/netinet/in.h	keep-root libc/include->include	#include <netinet/in.h>
p023	plan-tests/include	plan/ws032/tests/socket-options-target.c	10	libc/include/netinet/tcp.h	keep-root libc/include->include	#include <netinet/tcp.h>
p023	plan-tests/include	plan/ws032/tests/socket-options-target.c	11	libc/include/stdio.h	keep-root libc/include->include	#include <stdio.h>
p023	plan-tests/include	plan/ws032/tests/socket-options-target.c	12	libc/include/string.h	keep-root libc/include->include	#include <string.h>
p023	plan-tests/include	plan/ws032/tests/socket-options-target.c	13	libc/include/sys/socket.h	keep-root libc/include->include	#include <sys/socket.h>
p023	plan-tests/include	plan/ws032/tests/socket-options-target.c	14	libc/include/unistd.h	keep-root libc/include->include	#include <unistd.h>
p023	plan-tests/include	plan/ws032/tests/tcp-throughput-target.c	9	libc/include/errno.h	keep-root libc/include->include	#include <errno.h>
p023	plan-tests/include	plan/ws032/tests/tcp-throughput-target.c	10	libc/include/netinet/in.h	keep-root libc/include->include	#include <netinet/in.h>
p023	plan-tests/include	plan/ws032/tests/tcp-throughput-target.c	11	libc/include/stdio.h	keep-root libc/include->include	#include <stdio.h>
p023	plan-tests/include	plan/ws032/tests/tcp-throughput-target.c	12	libc/include/string.h	keep-root libc/include->include	#include <string.h>
p023	plan-tests/include	plan/ws032/tests/tcp-throughput-target.c	13	libc/include/sys/socket.h	keep-root libc/include->include	#include <sys/socket.h>
p023	plan-tests/include	plan/ws032/tests/tcp-throughput-target.c	14	libc/include/time.h	keep-root libc/include->include	#include <time.h>
p023	plan-tests/include	plan/ws032/tests/tcp-throughput-target.c	15	libc/include/unistd.h	keep-root libc/include->include	#include <unistd.h>
p023	plan-tests/include	plan/ws032/tests/tls-target.c	1	libc/include/stdio.h	keep-root libc/include->include	#include <stdio.h>
p023	plan-tests/include	plan/ws032/tests/tls-target.c	2	libc/include/pthread.h	keep-root libc/include->include	#include <pthread.h>
p023	plan-tests/include	plan/ws032/tests/tree-target.c	3	libc/include/sys/tree.h	keep-root libc/include->include	#include <sys/tree.h>
p023	plan-tests/include	plan/ws032/tests/tree-target.c	4	libc/include/stdio.h	keep-root libc/include->include	#include <stdio.h>
p023	plan-tests/include	plan/ws032/tests/tree-target.c	5	libc/include/stdlib.h	keep-root libc/include->include	#include <stdlib.h>
p023	plan-tests/include	plan/ws032/tests/tree-target.c	6	libc/include/string.h	keep-root libc/include->include	#include <string.h>
p023	plan-tests/include	plan/ws032/tests/vis-target.c	3	libc/include/resolv.h	keep-root libc/include->include	#include <resolv.h>
p023	plan-tests/include	plan/ws032/tests/vis-target.c	4	libc/include/stdio.h	keep-root libc/include->include	#include <stdio.h>
p023	plan-tests/include	plan/ws032/tests/vis-target.c	5	libc/include/stdlib.h	keep-root libc/include->include	#include <stdlib.h>
p023	plan-tests/include	plan/ws032/tests/vis-target.c	6	libc/include/string.h	keep-root libc/include->include	#include <string.h>
p023	plan-tests/include	plan/ws032/tests/vis-target.c	7	libc/include/vis.h	keep-root libc/include->include	#include <vis.h>
p023	plan-tests/include	plan/ws033/tests/managed-lan-host-test.c	21	libc/include/stdio.h	keep-root libc/include->include	#include <stdio.h>
p023	plan-tests/include	plan/ws033/tests/managed-lan-host-test.c	22	libc/include/string.h	keep-root libc/include->include	#include <string.h>
p023	source-text	libc/include/atomic-compiler.h	11	libc/include/	path	*  - Move this file under libc/include/
p023	source-text	libc/include/features.h	9	libc/include/	path	* XXX: Move this file under libc/include/
p023	source-text	libc/include/rtld-abi.h	11	libc/include/	path	*  - Move this file under libc/include/
p023	source-text	userland/base/libvulkan/dispatch-table.inc	9	libc/include/vulkan/API-PROVENANCE.md	path	* Maintained declaration metadata, see libc/include/vulkan/API-PROVENANCE.md.
p023	sysroot	toolchain/llvm/sysroot.mk	75	libc/include/	path	find libc/include include/uapi -type f ! -name '*~' -print | LC_ALL=C sort)
p023	sysroot	toolchain/llvm/sysroot.mk	107	libc/include/	path	libc/include/*) relative=$$$${header#libc/include/} ;; \
p023	sysroot	toolchain/llvm/sysroot.mk	117	libc/include/	path	$(4) -D$(5) $(11) -DZEDBSD_STATIC_TLS -nostdinc -Ilibc/include -Iinclude -Isrc -I. \
p023	sysroot	toolchain/llvm/sysroot.mk	133	libc/include/	path	$(4) -D$(5) $(11) -DZEDBSD_STATIC_TLS -nostdinc -Ilibc/include -Iinclude -Isrc -I. \
p004	build	platform/amd64/vmunix.mk	389	include/boot/parameter-handoff.h	path	include/boot/parameter-handoff.h include/boot/parameters.h
p004	build	platform/amd64/vmunix.mk	389	include/boot/parameters.h	path	include/boot/parameter-handoff.h include/boot/parameters.h
p004	build	platform/amd64/vmunix.mk	395	include/boot/parameters.h	path	bootloader/include/boot-parameter-handoff.h include/boot/parameters.h
p004	build	platform/amd64/vmunix.mk	439	include/boot/parameter-handoff.h	path	include/boot/parameter-handoff.h include/boot/parameters.h
p004	build	platform/amd64/vmunix.mk	439	include/boot/parameters.h	path	include/boot/parameter-handoff.h include/boot/parameters.h
p004	build	platform/amd64/vmunix.mk	455	include/boot/parameter-handoff.h	path	include/boot/parameter-handoff.h include/boot/parameters.h
p004	build	platform/amd64/vmunix.mk	455	include/boot/parameters.h	path	include/boot/parameter-handoff.h include/boot/parameters.h
p004	build	platform/amd64/vmunix.mk	462	include/boot/parameter-handoff.h	path	include/boot/parameter-handoff.h include/boot/parameters.h
p004	build	platform/amd64/vmunix.mk	462	include/boot/parameters.h	path	include/boot/parameter-handoff.h include/boot/parameters.h
p004	build	platform/amd64/vmunix.mk	479	include/boot/parameter-handoff.h	path	include/boot/parameter-handoff.h include/boot/parameters.h
p004	build	platform/amd64/vmunix.mk	479	include/boot/parameters.h	path	include/boot/parameter-handoff.h include/boot/parameters.h
p004	build	platform/amd64/vmunix.mk	1542	include/boot/provenance.h	path	$(BUILD)/uefi/bootx64.o $(BUILD)/uefi/volume-discovery.o: include/boot/provenance.h
p004	build	platform/pc98/vmunix.mk	157	include/boot/pc98-handoff.h	path	include/boot/pc98-handoff.h include/boot/parameter-handoff.h \
p004	build	platform/pc98/vmunix.mk	157	include/boot/parameter-handoff.h	path	include/boot/pc98-handoff.h include/boot/parameter-handoff.h \
p004	build	platform/pc98/vmunix.mk	158	include/boot/parameters.h	path	include/boot/parameters.h
p004	build	platform/pc98/vmunix.mk	164	include/boot/parameters.h	path	bootloader/include/boot-parameter-handoff.h include/boot/parameters.h
p004	build	platform/pc98/vmunix.mk	217	include/boot/pc98-handoff.h	path	include/boot/pc98-handoff.h include/boot/parameter-handoff.h \
p004	build	platform/pc98/vmunix.mk	217	include/boot/parameter-handoff.h	path	include/boot/pc98-handoff.h include/boot/parameter-handoff.h \
p004	build	platform/pc98/vmunix.mk	218	include/boot/parameters.h	path	include/boot/parameters.h
p004	build	platform/pcat/vmunix.mk	194	include/boot/parameter-handoff.h	path	include/boot/parameter-handoff.h include/boot/parameters.h
p004	build	platform/pcat/vmunix.mk	194	include/boot/parameters.h	path	include/boot/parameter-handoff.h include/boot/parameters.h
p004	build	platform/pcat/vmunix.mk	199	include/boot/parameters.h	path	bootloader/include/boot-parameter-handoff.h include/boot/parameters.h
p004	build	platform/pcat/vmunix.mk	239	include/boot/parameter-handoff.h	path	include/boot/parameter-handoff.h include/boot/parameters.h
p004	build	platform/pcat/vmunix.mk	239	include/boot/parameters.h	path	include/boot/parameter-handoff.h include/boot/parameters.h
p004	c-include	bootloader/include/amd64-handoff.h	16	include/boot/provenance.h	../../include/boot/provenance.h -> ../../include/kern/boot/provenance.h	#include "../../include/boot/provenance.h"
p004	c-include	bootloader/include/boot-parameter-handoff.h	12	include/boot/parameter-handoff.h	../../include/boot/parameter-handoff.h -> ../../include/kern/boot/parameter-handoff.h	#include "../../include/boot/parameter-handoff.h"
p004	c-include	bootloader/include/boot-parameter-record.inc	12	include/boot/parameter-handoff.h	include/boot/parameter-handoff.h -> include/kern/boot/parameter-handoff.h	#include "include/boot/parameter-handoff.h"
p004	c-include	bootloader/pc98/bootzbsd.S	22	include/boot/pc98-handoff.h	include/boot/pc98-handoff.h -> include/kern/boot/pc98-handoff.h	#include "include/boot/pc98-handoff.h"
p004	c-include	bootloader/sparcv9/handoff.h	15	include/kern/sun4u/boot.h	kern/sun4u/boot.h -> kern/boot/sun4u.h	#include <kern/sun4u/boot.h>
p004	c-include	bootloader/tests/payload32-pc98.S	3	include/boot/pc98-handoff.h	include/boot/pc98-handoff.h -> include/kern/boot/pc98-handoff.h	#include "include/boot/pc98-handoff.h"
p004	c-include	bootloader/uefi/volume-discovery.h	8	include/boot/provenance.h	../../include/boot/provenance.h -> ../../include/kern/boot/provenance.h	#include "../../include/boot/provenance.h"
p004	c-include	include/boot/parameter-handoff.h	6	include/boot/parameters.h	keep	#include "parameters.h"
p004	c-include	include/boot/pc98-handoff.h	6	include/boot/parameter-handoff.h	keep	#include "parameter-handoff.h"
p004	c-include	include/kern/boot.h	18	include/boot/parameters.h	boot/parameters.h -> kern/boot/parameters.h	#include <boot/parameters.h>
p004	c-include	include/kern/boot.h	19	include/boot/provenance.h	boot/provenance.h -> kern/boot/provenance.h	#include <boot/provenance.h>
p004	c-include	src/hal/arm64/bsp-rpi4/boot.c	3	include/kern/rpi4/boot.h	kern/rpi4/boot.h -> kern/boot/rpi4.h	#include <kern/rpi4/boot.h>
p004	c-include	src/hal/i386/bsp-pc98/boot.c	12	include/boot/pc98-handoff.h	boot/pc98-handoff.h -> kern/boot/pc98-handoff.h	#include <boot/pc98-handoff.h>
p004	c-include	src/hal/sparcv9/bsp.h	4	include/kern/sun4u/boot.h	kern/sun4u/boot.h -> kern/boot/sun4u.h	#include <kern/sun4u/boot.h>
p004	c-include	src/hal/sparcv9/cmain.c	4	include/kern/sun4u/boot.h	kern/sun4u/boot.h -> kern/boot/sun4u.h	#include <kern/sun4u/boot.h>
p004	c-include	src/hal/x86/boot-parameters.c	13	include/boot/pc98-handoff.h	boot/pc98-handoff.h -> kern/boot/pc98-handoff.h	#include <boot/pc98-handoff.h>
p004	c-include	src/hal/x86/boot-parameters.h	16	include/boot/parameter-handoff.h	boot/parameter-handoff.h -> kern/boot/parameter-handoff.h	#include <boot/parameter-handoff.h>
p004	c-include	src/kern/platform/rpi4.c	21	include/kern/rpi4/boot.h	kern/rpi4/boot.h -> kern/boot/rpi4.h	#include <kern/rpi4/boot.h>
p004	c-include	src/kern/platform/sun4u.c	20	include/kern/sun4u/boot.h	kern/sun4u/boot.h -> kern/boot/sun4u.h	#include <kern/sun4u/boot.h>
p004	docs	docs/reference/kernel-boot-parameters.md	38	include/boot/parameters.h	path	| Limits, record, names, grammar, defaults | [`include/boot/parameters.h`](../../include/boot/parameters.h), [`include/boot/parameter-handoff.h`](../../include/boot/parameter-handoff.h), [`include/kern/boot.h`](../../include/kern/boot.h), [`src/kern/boot.c`](../../src/kern/boot.c) | [BR-T42 parser f
p004	docs	docs/reference/kernel-boot-parameters.md	38	include/boot/parameter-handoff.h	path	| Limits, record, names, grammar, defaults | [`include/boot/parameters.h`](../../include/boot/parameters.h), [`include/boot/parameter-handoff.h`](../../include/boot/parameter-handoff.h), [`include/kern/boot.h`](../../include/kern/boot.h), [`src/kern/boot.c`](../../src/kern/boot.c) | [BR-T42 parser f
p004	plan-tests	plan/ws003/tests/boot-parameter-source-audit.noct	76	include/boot/parameters.h	path	"include/boot/parameters.h:1\n",
p004	plan-tests	plan/ws003/tests/boot-parameter-source-audit.noct	81	include/boot/parameters.h	path	"include/boot/parameters.h:1\n",
p004	plan-tests	plan/ws035/tests/kernel-include-audit.py	96	include/boot/	path	"include/boot/", "src/")):
p004	plan-tests	plan/ws035/tests/refactor-refs.py	12	include/boot/	path	p004  include/boot/*, include/kern/{rpi4,sun4u}/boot.h -> include/kern/boot/*
p004	plan-tests	plan/ws035/tests/refactor-refs.py	91	include/boot/parameter-handoff.h	path	"include/boot/parameter-handoff.h": "include/kern/boot/parameter-handoff.h",
p004	plan-tests	plan/ws035/tests/refactor-refs.py	92	include/boot/parameters.h	path	"include/boot/parameters.h": "include/kern/boot/parameters.h",
p004	plan-tests	plan/ws035/tests/refactor-refs.py	93	include/boot/pc98-handoff.h	path	"include/boot/pc98-handoff.h": "include/kern/boot/pc98-handoff.h",
p004	plan-tests	plan/ws035/tests/refactor-refs.py	94	include/boot/provenance.h	path	"include/boot/provenance.h": "include/kern/boot/provenance.h",
p004	plan-tests	plan/ws035/tests/refactor-refs.py	95	include/kern/rpi4/boot.h	path	"include/kern/rpi4/boot.h": "include/kern/boot/rpi4.h",
p004	plan-tests	plan/ws035/tests/refactor-refs.py	96	include/kern/sun4u/boot.h	path	"include/kern/sun4u/boot.h": "include/kern/boot/sun4u.h",
p004	plan-tests	plan/ws035/tests/refactor-refs.py	375	include/boot/	path	"include/boot": "p004", "include/kern/rpi4": "p004",
p004	plan-tests	plan/ws035/tests/refactor-refs.py	375	include/kern/rpi4/	path	"include/boot": "p004", "include/kern/rpi4": "p004",
p004	plan-tests	plan/ws035/tests/refactor-refs.py	376	include/kern/sun4u/	path	"include/kern/sun4u": "p004",
p004	plan-tests	plan/ws035/tests/refactor-refs.py	421	include/boot/	path	and not f.startswith("include/drivers/") or f.startswith("include/boot/")}
p004	plan-tests/include	plan/ws003/tests/x86-parameter-handoff-test.c	8	include/boot/pc98-handoff.h	boot/pc98-handoff.h -> kern/boot/pc98-handoff.h	#include <boot/pc98-handoff.h>
p004	plan-tests/include	plan/ws018/tests/boot-header-aggregate-compile.c	97	include/boot/pc98-handoff.h	boot/pc98-handoff.h -> kern/boot/pc98-handoff.h	#include <boot/pc98-handoff.h>
