# ws035-p001 baseline x68k-k: 2026-09-23T03:22:21+09:00
# git HEAD 8df6d585c3fe5d1cc3ff84405aa979631bb5e1ad
# make -j32 BUILD=build/ws035-p001/x68k-k ZEDBSD_CONFIG=plan/ws035/tests/config-x68k.mk ZEDBSD_LLVM_INSTALL=/home/awe/zedBSD-rpi4/build/ws035-p001/toolchain/llvm ZEDBSD_LLVM_BUILD=/home/awe/zedBSD-rpi4/build/ws035-p001/toolchain/llvm-build ZEDBSD_LLVM_SOURCE=/home/awe/zedBSD-rpi4/build/ws035-p001/toolchain/llvm-source ZEDBSD_LLVM_DISTDIR=/home/awe/zedBSD-rpi4/build/ws035-p001/toolchain/llvm-distfiles ZEDBSD_TARGET_LLVM_BIN=/home/awe/zedBSD-rpi4/build/ws035-p001/toolchain/llvm/bin ZEDBSD_SYSROOT_AMD64=/home/awe/zedBSD-rpi4/build/ws035-p001/toolchain/sysroot/amd64 ZEDBSD_SYSROOT_I386=/home/awe/zedBSD-rpi4/build/ws035-p001/toolchain/sysroot/i386 NOCT_HOST_SOURCE_DIR=/home/awe/zedBSD-rpi4/build/ws035-p001/toolchain/NoctLang NOCT_HOST_STATE_DIR=/home/awe/zedBSD-rpi4/build/ws035-p001/toolchain/host-noct-state ZEDBSD_NOCT_DISTDIR=/home/awe/zedBSD-rpi4/build/ws035-p001/toolchain/noct-distfiles -k vmunix
make: *** No rule to make target 'src/hal/pmem-constraints.c', needed by 'build/ws035-p001/x68k-k/src/hal/pmem-constraints.o'.
m68k-linux-gnu-gcc -nostdinc -Iinclude -Isrc -I. -Ilibc/include -Isrc/hal/m68k -DHAL_ARCH_M68K -DHAL_BOARD_X68K -DKERN_USER_ABI_M68K -DKERN_PAGE_SIZE=4096 -DKERN_USER_PAGE_SIZE=4096 -DKERN_NO_PRINTF_FLOAT -DKERN_INIT_PATH='"/x68k/bin/sh"' -DCONFIG_DRIVER_NE2000=0 -DCONFIG_DRIVER_LGY98=0 -DCONFIG_DRIVER_GRAPHICS=0 -DCONFIG_DRIVER_GRAPHICS_DEVICE=0 -DCONFIG_DRIVER_PCI_UHCI=0 -DCONFIG_DRIVER_PCI_EHCI=0 -DCONFIG_DRIVER_PCI_XHCI=0 -DCONFIG_DRIVER_PCI_NVME=0 -DCONFIG_DRIVER_PCI_VENUS=0 -DCONFIG_DRIVER_PCI_I915=0 -DCONFIG_DRIVER_PCI_INTEL_AX211=0 -DCONFIG_DRIVER_USB_STORAGE=0 -DCONFIG_DRIVER_USB_CDC_NCM=0 -DCONFIG_DRIVER_USB_CDC_ECM=0 -DCONFIG_DRIVER_USB_HID=0 -DCONFIG_DRIVER_USB_RTL8822BU=0 -DCONFIG_KERNEL_USB_HID_CHECKPOINT=0 -DCONFIG_BUF_CACHE_KIB=0 -DCONFIG_GPU_JOB_RESERVATION_MS=10000 -DCONFIG_GPU_JOB_EXECUTION_MS=60000 -DCONFIG_GPU_JOB_STOP_MS=10000 -DCONFIG_GPU_CONTROL_MS=10000 -m68030 -msoft-float -ffreestanding -fno-pic -fno-pie -fno-stack-protector -fno-asynchronous-unwind-tables -fno-unwind-tables -fno-common -ffunction-sections -fdata-sections -Os -Wall -Wextra -Werror -fno-builtin \
 -fno-strict-aliasing -MMD -MP -c src/hal/cpu-up.c -o build/ws035-p001/x68k-k/src/hal/cpu-up.o
m68k-linux-gnu-gcc -nostdinc -Iinclude -Isrc -I. -Ilibc/include -Isrc/hal/m68k -DHAL_ARCH_M68K -DHAL_BOARD_X68K -DKERN_USER_ABI_M68K -DKERN_PAGE_SIZE=4096 -DKERN_USER_PAGE_SIZE=4096 -DKERN_NO_PRINTF_FLOAT -DKERN_INIT_PATH='"/x68k/bin/sh"' -DCONFIG_DRIVER_NE2000=0 -DCONFIG_DRIVER_LGY98=0 -DCONFIG_DRIVER_GRAPHICS=0 -DCONFIG_DRIVER_GRAPHICS_DEVICE=0 -DCONFIG_DRIVER_PCI_UHCI=0 -DCONFIG_DRIVER_PCI_EHCI=0 -DCONFIG_DRIVER_PCI_XHCI=0 -DCONFIG_DRIVER_PCI_NVME=0 -DCONFIG_DRIVER_PCI_VENUS=0 -DCONFIG_DRIVER_PCI_I915=0 -DCONFIG_DRIVER_PCI_INTEL_AX211=0 -DCONFIG_DRIVER_USB_STORAGE=0 -DCONFIG_DRIVER_USB_CDC_NCM=0 -DCONFIG_DRIVER_USB_CDC_ECM=0 -DCONFIG_DRIVER_USB_HID=0 -DCONFIG_DRIVER_USB_RTL8822BU=0 -DCONFIG_KERNEL_USB_HID_CHECKPOINT=0 -DCONFIG_BUF_CACHE_KIB=0 -DCONFIG_GPU_JOB_RESERVATION_MS=10000 -DCONFIG_GPU_JOB_EXECUTION_MS=60000 -DCONFIG_GPU_JOB_STOP_MS=10000 -DCONFIG_GPU_CONTROL_MS=10000 -m68030 -msoft-float -ffreestanding -fno-pic -fno-pie -fno-stack-protector -fno-asynchronous-unwind-tables -fno-unwind-tables -fno-common -ffunction-sections -fdata-sections -Os -Wall -Wextra -Werror -fno-builtin \
 -fno-strict-aliasing -MMD -MP -c src/hal/m68k/atomic.c -o build/ws035-p001/x68k-k/src/hal/m68k/atomic.o
m68k-linux-gnu-gcc -nostdinc -Iinclude -Isrc -I. -Ilibc/include -Isrc/hal/m68k -DHAL_ARCH_M68K -DHAL_BOARD_X68K -DKERN_USER_ABI_M68K -DKERN_PAGE_SIZE=4096 -DKERN_USER_PAGE_SIZE=4096 -DKERN_NO_PRINTF_FLOAT -DKERN_INIT_PATH='"/x68k/bin/sh"' -DCONFIG_DRIVER_NE2000=0 -DCONFIG_DRIVER_LGY98=0 -DCONFIG_DRIVER_GRAPHICS=0 -DCONFIG_DRIVER_GRAPHICS_DEVICE=0 -DCONFIG_DRIVER_PCI_UHCI=0 -DCONFIG_DRIVER_PCI_EHCI=0 -DCONFIG_DRIVER_PCI_XHCI=0 -DCONFIG_DRIVER_PCI_NVME=0 -DCONFIG_DRIVER_PCI_VENUS=0 -DCONFIG_DRIVER_PCI_I915=0 -DCONFIG_DRIVER_PCI_INTEL_AX211=0 -DCONFIG_DRIVER_USB_STORAGE=0 -DCONFIG_DRIVER_USB_CDC_NCM=0 -DCONFIG_DRIVER_USB_CDC_ECM=0 -DCONFIG_DRIVER_USB_HID=0 -DCONFIG_DRIVER_USB_RTL8822BU=0 -DCONFIG_KERNEL_USB_HID_CHECKPOINT=0 -DCONFIG_BUF_CACHE_KIB=0 -DCONFIG_GPU_JOB_RESERVATION_MS=10000 -DCONFIG_GPU_JOB_EXECUTION_MS=60000 -DCONFIG_GPU_JOB_STOP_MS=10000 -DCONFIG_GPU_CONTROL_MS=10000 -m68030 -msoft-float -ffreestanding -fno-pic -fno-pie -fno-stack-protector -fno-asynchronous-unwind-tables -fno-unwind-tables -fno-common -ffunction-sections -fdata-sections -Os -Wall -Wextra -Werror -fno-builtin \
 -fno-strict-aliasing -MMD -MP -c src/hal/m68k/runtime.c -o build/ws035-p001/x68k-k/src/hal/m68k/runtime.o
m68k-linux-gnu-gcc -nostdinc -Iinclude -Isrc -I. -Ilibc/include -Isrc/hal/m68k -DHAL_ARCH_M68K -DHAL_BOARD_X68K -DKERN_USER_ABI_M68K -DKERN_PAGE_SIZE=4096 -DKERN_USER_PAGE_SIZE=4096 -DKERN_NO_PRINTF_FLOAT -DKERN_INIT_PATH='"/x68k/bin/sh"' -DCONFIG_DRIVER_NE2000=0 -DCONFIG_DRIVER_LGY98=0 -DCONFIG_DRIVER_GRAPHICS=0 -DCONFIG_DRIVER_GRAPHICS_DEVICE=0 -DCONFIG_DRIVER_PCI_UHCI=0 -DCONFIG_DRIVER_PCI_EHCI=0 -DCONFIG_DRIVER_PCI_XHCI=0 -DCONFIG_DRIVER_PCI_NVME=0 -DCONFIG_DRIVER_PCI_VENUS=0 -DCONFIG_DRIVER_PCI_I915=0 -DCONFIG_DRIVER_PCI_INTEL_AX211=0 -DCONFIG_DRIVER_USB_STORAGE=0 -DCONFIG_DRIVER_USB_CDC_NCM=0 -DCONFIG_DRIVER_USB_CDC_ECM=0 -DCONFIG_DRIVER_USB_HID=0 -DCONFIG_DRIVER_USB_RTL8822BU=0 -DCONFIG_KERNEL_USB_HID_CHECKPOINT=0 -DCONFIG_BUF_CACHE_KIB=0 -DCONFIG_GPU_JOB_RESERVATION_MS=10000 -DCONFIG_GPU_JOB_EXECUTION_MS=60000 -DCONFIG_GPU_JOB_STOP_MS=10000 -DCONFIG_GPU_CONTROL_MS=10000 -m68030 -msoft-float -ffreestanding -fno-pic -fno-pie -fno-stack-protector -fno-asynchronous-unwind-tables -fno-unwind-tables -fno-common -ffunction-sections -fdata-sections -Os -Wall -Wextra -Werror -fno-builtin \
 -fno-strict-aliasing -MMD -MP -c src/hal/m68k/cache.c -o build/ws035-p001/x68k-k/src/hal/m68k/cache.o
m68k-linux-gnu-gcc -nostdinc -Iinclude -Isrc -I. -Ilibc/include -Isrc/hal/m68k -DHAL_ARCH_M68K -DHAL_BOARD_X68K -DKERN_USER_ABI_M68K -DKERN_PAGE_SIZE=4096 -DKERN_USER_PAGE_SIZE=4096 -DKERN_NO_PRINTF_FLOAT -DKERN_INIT_PATH='"/x68k/bin/sh"' -DCONFIG_DRIVER_NE2000=0 -DCONFIG_DRIVER_LGY98=0 -DCONFIG_DRIVER_GRAPHICS=0 -DCONFIG_DRIVER_GRAPHICS_DEVICE=0 -DCONFIG_DRIVER_PCI_UHCI=0 -DCONFIG_DRIVER_PCI_EHCI=0 -DCONFIG_DRIVER_PCI_XHCI=0 -DCONFIG_DRIVER_PCI_NVME=0 -DCONFIG_DRIVER_PCI_VENUS=0 -DCONFIG_DRIVER_PCI_I915=0 -DCONFIG_DRIVER_PCI_INTEL_AX211=0 -DCONFIG_DRIVER_USB_STORAGE=0 -DCONFIG_DRIVER_USB_CDC_NCM=0 -DCONFIG_DRIVER_USB_CDC_ECM=0 -DCONFIG_DRIVER_USB_HID=0 -DCONFIG_DRIVER_USB_RTL8822BU=0 -DCONFIG_KERNEL_USB_HID_CHECKPOINT=0 -DCONFIG_BUF_CACHE_KIB=0 -DCONFIG_GPU_JOB_RESERVATION_MS=10000 -DCONFIG_GPU_JOB_EXECUTION_MS=60000 -DCONFIG_GPU_JOB_STOP_MS=10000 -DCONFIG_GPU_CONTROL_MS=10000 -m68030 -msoft-float -ffreestanding -fno-pic -fno-pie -fno-stack-protector -fno-asynchronous-unwind-tables -fno-unwind-tables -fno-common -ffunction-sections -fdata-sections -Os -Wall -Wextra -Werror -fno-builtin \
 -fno-strict-aliasing -MMD -MP -c src/hal/m68k/exception.c -o build/ws035-p001/x68k-k/src/hal/m68k/exception.o
m68k-linux-gnu-gcc -nostdinc -Iinclude -Isrc -I. -Ilibc/include -Isrc/hal/m68k -DHAL_ARCH_M68K -DHAL_BOARD_X68K -DKERN_USER_ABI_M68K -DKERN_PAGE_SIZE=4096 -DKERN_USER_PAGE_SIZE=4096 -DKERN_NO_PRINTF_FLOAT -DKERN_INIT_PATH='"/x68k/bin/sh"' -DCONFIG_DRIVER_NE2000=0 -DCONFIG_DRIVER_LGY98=0 -DCONFIG_DRIVER_GRAPHICS=0 -DCONFIG_DRIVER_GRAPHICS_DEVICE=0 -DCONFIG_DRIVER_PCI_UHCI=0 -DCONFIG_DRIVER_PCI_EHCI=0 -DCONFIG_DRIVER_PCI_XHCI=0 -DCONFIG_DRIVER_PCI_NVME=0 -DCONFIG_DRIVER_PCI_VENUS=0 -DCONFIG_DRIVER_PCI_I915=0 -DCONFIG_DRIVER_PCI_INTEL_AX211=0 -DCONFIG_DRIVER_USB_STORAGE=0 -DCONFIG_DRIVER_USB_CDC_NCM=0 -DCONFIG_DRIVER_USB_CDC_ECM=0 -DCONFIG_DRIVER_USB_HID=0 -DCONFIG_DRIVER_USB_RTL8822BU=0 -DCONFIG_KERNEL_USB_HID_CHECKPOINT=0 -DCONFIG_BUF_CACHE_KIB=0 -DCONFIG_GPU_JOB_RESERVATION_MS=10000 -DCONFIG_GPU_JOB_EXECUTION_MS=60000 -DCONFIG_GPU_JOB_STOP_MS=10000 -DCONFIG_GPU_CONTROL_MS=10000 -m68030 -msoft-float -ffreestanding -fno-pic -fno-pie -fno-stack-protector -fno-asynchronous-unwind-tables -fno-unwind-tables -fno-common -ffunction-sections -fdata-sections -Os -Wall -Wextra -Werror -fno-builtin \
 -fno-strict-aliasing -MMD -MP -c src/hal/m68k/io.c -o build/ws035-p001/x68k-k/src/hal/m68k/io.o
m68k-linux-gnu-gcc -nostdinc -Iinclude -Isrc -I. -Ilibc/include -Isrc/hal/m68k -DHAL_ARCH_M68K -DHAL_BOARD_X68K -DKERN_USER_ABI_M68K -DKERN_PAGE_SIZE=4096 -DKERN_USER_PAGE_SIZE=4096 -DKERN_NO_PRINTF_FLOAT -DKERN_INIT_PATH='"/x68k/bin/sh"' -DCONFIG_DRIVER_NE2000=0 -DCONFIG_DRIVER_LGY98=0 -DCONFIG_DRIVER_GRAPHICS=0 -DCONFIG_DRIVER_GRAPHICS_DEVICE=0 -DCONFIG_DRIVER_PCI_UHCI=0 -DCONFIG_DRIVER_PCI_EHCI=0 -DCONFIG_DRIVER_PCI_XHCI=0 -DCONFIG_DRIVER_PCI_NVME=0 -DCONFIG_DRIVER_PCI_VENUS=0 -DCONFIG_DRIVER_PCI_I915=0 -DCONFIG_DRIVER_PCI_INTEL_AX211=0 -DCONFIG_DRIVER_USB_STORAGE=0 -DCONFIG_DRIVER_USB_CDC_NCM=0 -DCONFIG_DRIVER_USB_CDC_ECM=0 -DCONFIG_DRIVER_USB_HID=0 -DCONFIG_DRIVER_USB_RTL8822BU=0 -DCONFIG_KERNEL_USB_HID_CHECKPOINT=0 -DCONFIG_BUF_CACHE_KIB=0 -DCONFIG_GPU_JOB_RESERVATION_MS=10000 -DCONFIG_GPU_JOB_EXECUTION_MS=60000 -DCONFIG_GPU_JOB_STOP_MS=10000 -DCONFIG_GPU_CONTROL_MS=10000 -m68030 -msoft-float -ffreestanding -fno-pic -fno-pie -fno-stack-protector -fno-asynchronous-unwind-tables -fno-unwind-tables -fno-common -ffunction-sections -fdata-sections -Os -Wall -Wextra -Werror -fno-builtin \
 -fno-strict-aliasing -MMD -MP -c src/hal/m68k/space.c -o build/ws035-p001/x68k-k/src/hal/m68k/space.o
m68k-linux-gnu-gcc -nostdinc -Iinclude -Isrc -I. -Ilibc/include -Isrc/hal/m68k -DHAL_ARCH_M68K -DHAL_BOARD_X68K -DKERN_USER_ABI_M68K -DKERN_PAGE_SIZE=4096 -DKERN_USER_PAGE_SIZE=4096 -DKERN_NO_PRINTF_FLOAT -DKERN_INIT_PATH='"/x68k/bin/sh"' -DCONFIG_DRIVER_NE2000=0 -DCONFIG_DRIVER_LGY98=0 -DCONFIG_DRIVER_GRAPHICS=0 -DCONFIG_DRIVER_GRAPHICS_DEVICE=0 -DCONFIG_DRIVER_PCI_UHCI=0 -DCONFIG_DRIVER_PCI_EHCI=0 -DCONFIG_DRIVER_PCI_XHCI=0 -DCONFIG_DRIVER_PCI_NVME=0 -DCONFIG_DRIVER_PCI_VENUS=0 -DCONFIG_DRIVER_PCI_I915=0 -DCONFIG_DRIVER_PCI_INTEL_AX211=0 -DCONFIG_DRIVER_USB_STORAGE=0 -DCONFIG_DRIVER_USB_CDC_NCM=0 -DCONFIG_DRIVER_USB_CDC_ECM=0 -DCONFIG_DRIVER_USB_HID=0 -DCONFIG_DRIVER_USB_RTL8822BU=0 -DCONFIG_KERNEL_USB_HID_CHECKPOINT=0 -DCONFIG_BUF_CACHE_KIB=0 -DCONFIG_GPU_JOB_RESERVATION_MS=10000 -DCONFIG_GPU_JOB_EXECUTION_MS=60000 -DCONFIG_GPU_JOB_STOP_MS=10000 -DCONFIG_GPU_CONTROL_MS=10000 -m68030 -msoft-float -ffreestanding -fno-pic -fno-pie -fno-stack-protector -fno-asynchronous-unwind-tables -fno-unwind-tables -fno-common -ffunction-sections -fdata-sections -Os -Wall -Wextra -Werror -fno-builtin \
 -fno-strict-aliasing -MMD -MP -c src/hal/m68k/task.c -o build/ws035-p001/x68k-k/src/hal/m68k/task.o
m68k-linux-gnu-gcc -nostdinc -Iinclude -Isrc -I. -Ilibc/include -Isrc/hal/m68k -DHAL_ARCH_M68K -DHAL_BOARD_X68K -DKERN_USER_ABI_M68K -DKERN_PAGE_SIZE=4096 -DKERN_USER_PAGE_SIZE=4096 -DKERN_NO_PRINTF_FLOAT -DKERN_INIT_PATH='"/x68k/bin/sh"' -DCONFIG_DRIVER_NE2000=0 -DCONFIG_DRIVER_LGY98=0 -DCONFIG_DRIVER_GRAPHICS=0 -DCONFIG_DRIVER_GRAPHICS_DEVICE=0 -DCONFIG_DRIVER_PCI_UHCI=0 -DCONFIG_DRIVER_PCI_EHCI=0 -DCONFIG_DRIVER_PCI_XHCI=0 -DCONFIG_DRIVER_PCI_NVME=0 -DCONFIG_DRIVER_PCI_VENUS=0 -DCONFIG_DRIVER_PCI_I915=0 -DCONFIG_DRIVER_PCI_INTEL_AX211=0 -DCONFIG_DRIVER_USB_STORAGE=0 -DCONFIG_DRIVER_USB_CDC_NCM=0 -DCONFIG_DRIVER_USB_CDC_ECM=0 -DCONFIG_DRIVER_USB_HID=0 -DCONFIG_DRIVER_USB_RTL8822BU=0 -DCONFIG_KERNEL_USB_HID_CHECKPOINT=0 -DCONFIG_BUF_CACHE_KIB=0 -DCONFIG_GPU_JOB_RESERVATION_MS=10000 -DCONFIG_GPU_JOB_EXECUTION_MS=60000 -DCONFIG_GPU_JOB_STOP_MS=10000 -DCONFIG_GPU_CONTROL_MS=10000 -m68030 -msoft-float -ffreestanding -fno-pic -fno-pie -fno-stack-protector -fno-asynchronous-unwind-tables -fno-unwind-tables -fno-common -ffunction-sections -fdata-sections -Os -Wall -Wextra -Werror -fno-builtin \
 -fno-strict-aliasing -MMD -MP -c src/hal/m68k/trap.c -o build/ws035-p001/x68k-k/src/hal/m68k/trap.o
m68k-linux-gnu-gcc -nostdinc -Iinclude -Isrc -I. -Ilibc/include -Isrc/hal/m68k -DHAL_ARCH_M68K -DHAL_BOARD_X68K -DKERN_USER_ABI_M68K -DKERN_PAGE_SIZE=4096 -DKERN_USER_PAGE_SIZE=4096 -DKERN_NO_PRINTF_FLOAT -DKERN_INIT_PATH='"/x68k/bin/sh"' -DCONFIG_DRIVER_NE2000=0 -DCONFIG_DRIVER_LGY98=0 -DCONFIG_DRIVER_GRAPHICS=0 -DCONFIG_DRIVER_GRAPHICS_DEVICE=0 -DCONFIG_DRIVER_PCI_UHCI=0 -DCONFIG_DRIVER_PCI_EHCI=0 -DCONFIG_DRIVER_PCI_XHCI=0 -DCONFIG_DRIVER_PCI_NVME=0 -DCONFIG_DRIVER_PCI_VENUS=0 -DCONFIG_DRIVER_PCI_I915=0 -DCONFIG_DRIVER_PCI_INTEL_AX211=0 -DCONFIG_DRIVER_USB_STORAGE=0 -DCONFIG_DRIVER_USB_CDC_NCM=0 -DCONFIG_DRIVER_USB_CDC_ECM=0 -DCONFIG_DRIVER_USB_HID=0 -DCONFIG_DRIVER_USB_RTL8822BU=0 -DCONFIG_KERNEL_USB_HID_CHECKPOINT=0 -DCONFIG_BUF_CACHE_KIB=0 -DCONFIG_GPU_JOB_RESERVATION_MS=10000 -DCONFIG_GPU_JOB_EXECUTION_MS=60000 -DCONFIG_GPU_JOB_STOP_MS=10000 -DCONFIG_GPU_CONTROL_MS=10000 -m68030 -msoft-float -ffreestanding -fno-pic -fno-pie -fno-stack-protector -fno-asynchronous-unwind-tables -fno-unwind-tables -fno-common -ffunction-sections -fdata-sections -Os -Wall -Wextra -Werror -fno-builtin \
 -fno-strict-aliasing -MMD -MP -c src/hal/m68k/bsp-x68k/boot.c -o build/ws035-p001/x68k-k/src/hal/m68k/bsp-x68k/boot.o
m68k-linux-gnu-gcc -nostdinc -Iinclude -Isrc -I. -Ilibc/include -Isrc/hal/m68k -DHAL_ARCH_M68K -DHAL_BOARD_X68K -DKERN_USER_ABI_M68K -DKERN_PAGE_SIZE=4096 -DKERN_USER_PAGE_SIZE=4096 -DKERN_NO_PRINTF_FLOAT -DKERN_INIT_PATH='"/x68k/bin/sh"' -DCONFIG_DRIVER_NE2000=0 -DCONFIG_DRIVER_LGY98=0 -DCONFIG_DRIVER_GRAPHICS=0 -DCONFIG_DRIVER_GRAPHICS_DEVICE=0 -DCONFIG_DRIVER_PCI_UHCI=0 -DCONFIG_DRIVER_PCI_EHCI=0 -DCONFIG_DRIVER_PCI_XHCI=0 -DCONFIG_DRIVER_PCI_NVME=0 -DCONFIG_DRIVER_PCI_VENUS=0 -DCONFIG_DRIVER_PCI_I915=0 -DCONFIG_DRIVER_PCI_INTEL_AX211=0 -DCONFIG_DRIVER_USB_STORAGE=0 -DCONFIG_DRIVER_USB_CDC_NCM=0 -DCONFIG_DRIVER_USB_CDC_ECM=0 -DCONFIG_DRIVER_USB_HID=0 -DCONFIG_DRIVER_USB_RTL8822BU=0 -DCONFIG_KERNEL_USB_HID_CHECKPOINT=0 -DCONFIG_BUF_CACHE_KIB=0 -DCONFIG_GPU_JOB_RESERVATION_MS=10000 -DCONFIG_GPU_JOB_EXECUTION_MS=60000 -DCONFIG_GPU_JOB_STOP_MS=10000 -DCONFIG_GPU_CONTROL_MS=10000 -m68030 -msoft-float -ffreestanding -fno-pic -fno-pie -fno-stack-protector -fno-asynchronous-unwind-tables -fno-unwind-tables -fno-common -ffunction-sections -fdata-sections -Os -Wall -Wextra -Werror -fno-builtin \
 -fno-strict-aliasing -MMD -MP -c src/hal/m68k/bsp-x68k/cmain.c -o build/ws035-p001/x68k-k/src/hal/m68k/bsp-x68k/cmain.o
m68k-linux-gnu-gcc -nostdinc -Iinclude -Isrc -I. -Ilibc/include -Isrc/hal/m68k -DHAL_ARCH_M68K -DHAL_BOARD_X68K -DKERN_USER_ABI_M68K -DKERN_PAGE_SIZE=4096 -DKERN_USER_PAGE_SIZE=4096 -DKERN_NO_PRINTF_FLOAT -DKERN_INIT_PATH='"/x68k/bin/sh"' -DCONFIG_DRIVER_NE2000=0 -DCONFIG_DRIVER_LGY98=0 -DCONFIG_DRIVER_GRAPHICS=0 -DCONFIG_DRIVER_GRAPHICS_DEVICE=0 -DCONFIG_DRIVER_PCI_UHCI=0 -DCONFIG_DRIVER_PCI_EHCI=0 -DCONFIG_DRIVER_PCI_XHCI=0 -DCONFIG_DRIVER_PCI_NVME=0 -DCONFIG_DRIVER_PCI_VENUS=0 -DCONFIG_DRIVER_PCI_I915=0 -DCONFIG_DRIVER_PCI_INTEL_AX211=0 -DCONFIG_DRIVER_USB_STORAGE=0 -DCONFIG_DRIVER_USB_CDC_NCM=0 -DCONFIG_DRIVER_USB_CDC_ECM=0 -DCONFIG_DRIVER_USB_HID=0 -DCONFIG_DRIVER_USB_RTL8822BU=0 -DCONFIG_KERNEL_USB_HID_CHECKPOINT=0 -DCONFIG_BUF_CACHE_KIB=0 -DCONFIG_GPU_JOB_RESERVATION_MS=10000 -DCONFIG_GPU_JOB_EXECUTION_MS=60000 -DCONFIG_GPU_JOB_STOP_MS=10000 -DCONFIG_GPU_CONTROL_MS=10000 -m68030 -msoft-float -ffreestanding -fno-pic -fno-pie -fno-stack-protector -fno-asynchronous-unwind-tables -fno-unwind-tables -fno-common -ffunction-sections -fdata-sections -Os -Wall -Wextra -Werror -fno-builtin \
 -fno-strict-aliasing -MMD -MP -c src/hal/m68k/bsp-x68k/console.c -o build/ws035-p001/x68k-k/src/hal/m68k/bsp-x68k/console.o
m68k-linux-gnu-gcc -nostdinc -Iinclude -Isrc -I. -Ilibc/include -Isrc/hal/m68k -DHAL_ARCH_M68K -DHAL_BOARD_X68K -DKERN_USER_ABI_M68K -DKERN_PAGE_SIZE=4096 -DKERN_USER_PAGE_SIZE=4096 -DKERN_NO_PRINTF_FLOAT -DKERN_INIT_PATH='"/x68k/bin/sh"' -DCONFIG_DRIVER_NE2000=0 -DCONFIG_DRIVER_LGY98=0 -DCONFIG_DRIVER_GRAPHICS=0 -DCONFIG_DRIVER_GRAPHICS_DEVICE=0 -DCONFIG_DRIVER_PCI_UHCI=0 -DCONFIG_DRIVER_PCI_EHCI=0 -DCONFIG_DRIVER_PCI_XHCI=0 -DCONFIG_DRIVER_PCI_NVME=0 -DCONFIG_DRIVER_PCI_VENUS=0 -DCONFIG_DRIVER_PCI_I915=0 -DCONFIG_DRIVER_PCI_INTEL_AX211=0 -DCONFIG_DRIVER_USB_STORAGE=0 -DCONFIG_DRIVER_USB_CDC_NCM=0 -DCONFIG_DRIVER_USB_CDC_ECM=0 -DCONFIG_DRIVER_USB_HID=0 -DCONFIG_DRIVER_USB_RTL8822BU=0 -DCONFIG_KERNEL_USB_HID_CHECKPOINT=0 -DCONFIG_BUF_CACHE_KIB=0 -DCONFIG_GPU_JOB_RESERVATION_MS=10000 -DCONFIG_GPU_JOB_EXECUTION_MS=60000 -DCONFIG_GPU_JOB_STOP_MS=10000 -DCONFIG_GPU_CONTROL_MS=10000 -m68030 -msoft-float -ffreestanding -fno-pic -fno-pie -fno-stack-protector -fno-asynchronous-unwind-tables -fno-unwind-tables -fno-common -ffunction-sections -fdata-sections -Os -Wall -Wextra -Werror -fno-builtin \
 -fno-strict-aliasing -MMD -MP -c src/hal/m68k/bsp-x68k/keyboard.c -o build/ws035-p001/x68k-k/src/hal/m68k/bsp-x68k/keyboard.o
m68k-linux-gnu-gcc -nostdinc -Iinclude -Isrc -I. -Ilibc/include -Isrc/hal/m68k -DHAL_ARCH_M68K -DHAL_BOARD_X68K -DKERN_USER_ABI_M68K -DKERN_PAGE_SIZE=4096 -DKERN_USER_PAGE_SIZE=4096 -DKERN_NO_PRINTF_FLOAT -DKERN_INIT_PATH='"/x68k/bin/sh"' -DCONFIG_DRIVER_NE2000=0 -DCONFIG_DRIVER_LGY98=0 -DCONFIG_DRIVER_GRAPHICS=0 -DCONFIG_DRIVER_GRAPHICS_DEVICE=0 -DCONFIG_DRIVER_PCI_UHCI=0 -DCONFIG_DRIVER_PCI_EHCI=0 -DCONFIG_DRIVER_PCI_XHCI=0 -DCONFIG_DRIVER_PCI_NVME=0 -DCONFIG_DRIVER_PCI_VENUS=0 -DCONFIG_DRIVER_PCI_I915=0 -DCONFIG_DRIVER_PCI_INTEL_AX211=0 -DCONFIG_DRIVER_USB_STORAGE=0 -DCONFIG_DRIVER_USB_CDC_NCM=0 -DCONFIG_DRIVER_USB_CDC_ECM=0 -DCONFIG_DRIVER_USB_HID=0 -DCONFIG_DRIVER_USB_RTL8822BU=0 -DCONFIG_KERNEL_USB_HID_CHECKPOINT=0 -DCONFIG_BUF_CACHE_KIB=0 -DCONFIG_GPU_JOB_RESERVATION_MS=10000 -DCONFIG_GPU_JOB_EXECUTION_MS=60000 -DCONFIG_GPU_JOB_STOP_MS=10000 -DCONFIG_GPU_CONTROL_MS=10000 -m68030 -msoft-float -ffreestanding -fno-pic -fno-pie -fno-stack-protector -fno-asynchronous-unwind-tables -fno-unwind-tables -fno-common -ffunction-sections -fdata-sections -Os -Wall -Wextra -Werror -fno-builtin \
 -fno-strict-aliasing -MMD -MP -c src/hal/m68k/bsp-x68k/keyboard-map.c -o build/ws035-p001/x68k-k/src/hal/m68k/bsp-x68k/keyboard-map.o
m68k-linux-gnu-gcc -nostdinc -Iinclude -Isrc -I. -Ilibc/include -Isrc/hal/m68k -DHAL_ARCH_M68K -DHAL_BOARD_X68K -DKERN_USER_ABI_M68K -DKERN_PAGE_SIZE=4096 -DKERN_USER_PAGE_SIZE=4096 -DKERN_NO_PRINTF_FLOAT -DKERN_INIT_PATH='"/x68k/bin/sh"' -DCONFIG_DRIVER_NE2000=0 -DCONFIG_DRIVER_LGY98=0 -DCONFIG_DRIVER_GRAPHICS=0 -DCONFIG_DRIVER_GRAPHICS_DEVICE=0 -DCONFIG_DRIVER_PCI_UHCI=0 -DCONFIG_DRIVER_PCI_EHCI=0 -DCONFIG_DRIVER_PCI_XHCI=0 -DCONFIG_DRIVER_PCI_NVME=0 -DCONFIG_DRIVER_PCI_VENUS=0 -DCONFIG_DRIVER_PCI_I915=0 -DCONFIG_DRIVER_PCI_INTEL_AX211=0 -DCONFIG_DRIVER_USB_STORAGE=0 -DCONFIG_DRIVER_USB_CDC_NCM=0 -DCONFIG_DRIVER_USB_CDC_ECM=0 -DCONFIG_DRIVER_USB_HID=0 -DCONFIG_DRIVER_USB_RTL8822BU=0 -DCONFIG_KERNEL_USB_HID_CHECKPOINT=0 -DCONFIG_BUF_CACHE_KIB=0 -DCONFIG_GPU_JOB_RESERVATION_MS=10000 -DCONFIG_GPU_JOB_EXECUTION_MS=60000 -DCONFIG_GPU_JOB_STOP_MS=10000 -DCONFIG_GPU_CONTROL_MS=10000 -m68030 -msoft-float -ffreestanding -fno-pic -fno-pie -fno-stack-protector -fno-asynchronous-unwind-tables -fno-unwind-tables -fno-common -ffunction-sections -fdata-sections -Os -Wall -Wextra -Werror -fno-builtin \
 -fno-strict-aliasing -MMD -MP -c src/hal/m68k/bsp-x68k/machine.c -o build/ws035-p001/x68k-k/src/hal/m68k/bsp-x68k/machine.o
m68k-linux-gnu-gcc -nostdinc -Iinclude -Isrc -I. -Ilibc/include -Isrc/hal/m68k -DHAL_ARCH_M68K -DHAL_BOARD_X68K -DKERN_USER_ABI_M68K -DKERN_PAGE_SIZE=4096 -DKERN_USER_PAGE_SIZE=4096 -DKERN_NO_PRINTF_FLOAT -DKERN_INIT_PATH='"/x68k/bin/sh"' -DCONFIG_DRIVER_NE2000=0 -DCONFIG_DRIVER_LGY98=0 -DCONFIG_DRIVER_GRAPHICS=0 -DCONFIG_DRIVER_GRAPHICS_DEVICE=0 -DCONFIG_DRIVER_PCI_UHCI=0 -DCONFIG_DRIVER_PCI_EHCI=0 -DCONFIG_DRIVER_PCI_XHCI=0 -DCONFIG_DRIVER_PCI_NVME=0 -DCONFIG_DRIVER_PCI_VENUS=0 -DCONFIG_DRIVER_PCI_I915=0 -DCONFIG_DRIVER_PCI_INTEL_AX211=0 -DCONFIG_DRIVER_USB_STORAGE=0 -DCONFIG_DRIVER_USB_CDC_NCM=0 -DCONFIG_DRIVER_USB_CDC_ECM=0 -DCONFIG_DRIVER_USB_HID=0 -DCONFIG_DRIVER_USB_RTL8822BU=0 -DCONFIG_KERNEL_USB_HID_CHECKPOINT=0 -DCONFIG_BUF_CACHE_KIB=0 -DCONFIG_GPU_JOB_RESERVATION_MS=10000 -DCONFIG_GPU_JOB_EXECUTION_MS=60000 -DCONFIG_GPU_JOB_STOP_MS=10000 -DCONFIG_GPU_CONTROL_MS=10000 -m68030 -msoft-float -ffreestanding -fno-pic -fno-pie -fno-stack-protector -fno-asynchronous-unwind-tables -fno-unwind-tables -fno-common -ffunction-sections -fdata-sections -Os -Wall -Wextra -Werror -fno-builtin \
 -fno-strict-aliasing -MMD -MP -c src/hal/m68k/bsp-x68k/handoff.c -o build/ws035-p001/x68k-k/src/hal/m68k/bsp-x68k/handoff.o
m68k-linux-gnu-gcc -nostdinc -Iinclude -Isrc -I. -Ilibc/include -Isrc/hal/m68k -DHAL_ARCH_M68K -DHAL_BOARD_X68K -DKERN_USER_ABI_M68K -DKERN_PAGE_SIZE=4096 -DKERN_USER_PAGE_SIZE=4096 -DKERN_NO_PRINTF_FLOAT -DKERN_INIT_PATH='"/x68k/bin/sh"' -DCONFIG_DRIVER_NE2000=0 -DCONFIG_DRIVER_LGY98=0 -DCONFIG_DRIVER_GRAPHICS=0 -DCONFIG_DRIVER_GRAPHICS_DEVICE=0 -DCONFIG_DRIVER_PCI_UHCI=0 -DCONFIG_DRIVER_PCI_EHCI=0 -DCONFIG_DRIVER_PCI_XHCI=0 -DCONFIG_DRIVER_PCI_NVME=0 -DCONFIG_DRIVER_PCI_VENUS=0 -DCONFIG_DRIVER_PCI_I915=0 -DCONFIG_DRIVER_PCI_INTEL_AX211=0 -DCONFIG_DRIVER_USB_STORAGE=0 -DCONFIG_DRIVER_USB_CDC_NCM=0 -DCONFIG_DRIVER_USB_CDC_ECM=0 -DCONFIG_DRIVER_USB_HID=0 -DCONFIG_DRIVER_USB_RTL8822BU=0 -DCONFIG_KERNEL_USB_HID_CHECKPOINT=0 -DCONFIG_BUF_CACHE_KIB=0 -DCONFIG_GPU_JOB_RESERVATION_MS=10000 -DCONFIG_GPU_JOB_EXECUTION_MS=60000 -DCONFIG_GPU_JOB_STOP_MS=10000 -DCONFIG_GPU_CONTROL_MS=10000 -m68030 -msoft-float -ffreestanding -fno-pic -fno-pie -fno-stack-protector -fno-asynchronous-unwind-tables -fno-unwind-tables -fno-common -ffunction-sections -fdata-sections -Os -Wall -Wextra -Werror -fno-builtin \
 -fno-strict-aliasing -MMD -MP -c src/hal/m68k/bsp-x68k/irq.c -o build/ws035-p001/x68k-k/src/hal/m68k/bsp-x68k/irq.o
m68k-linux-gnu-gcc -nostdinc -Iinclude -Isrc -I. -Ilibc/include -Isrc/hal/m68k -DHAL_ARCH_M68K -DHAL_BOARD_X68K -DKERN_USER_ABI_M68K -DKERN_PAGE_SIZE=4096 -DKERN_USER_PAGE_SIZE=4096 -DKERN_NO_PRINTF_FLOAT -DKERN_INIT_PATH='"/x68k/bin/sh"' -DCONFIG_DRIVER_NE2000=0 -DCONFIG_DRIVER_LGY98=0 -DCONFIG_DRIVER_GRAPHICS=0 -DCONFIG_DRIVER_GRAPHICS_DEVICE=0 -DCONFIG_DRIVER_PCI_UHCI=0 -DCONFIG_DRIVER_PCI_EHCI=0 -DCONFIG_DRIVER_PCI_XHCI=0 -DCONFIG_DRIVER_PCI_NVME=0 -DCONFIG_DRIVER_PCI_VENUS=0 -DCONFIG_DRIVER_PCI_I915=0 -DCONFIG_DRIVER_PCI_INTEL_AX211=0 -DCONFIG_DRIVER_USB_STORAGE=0 -DCONFIG_DRIVER_USB_CDC_NCM=0 -DCONFIG_DRIVER_USB_CDC_ECM=0 -DCONFIG_DRIVER_USB_HID=0 -DCONFIG_DRIVER_USB_RTL8822BU=0 -DCONFIG_KERNEL_USB_HID_CHECKPOINT=0 -DCONFIG_BUF_CACHE_KIB=0 -DCONFIG_GPU_JOB_RESERVATION_MS=10000 -DCONFIG_GPU_JOB_EXECUTION_MS=60000 -DCONFIG_GPU_JOB_STOP_MS=10000 -DCONFIG_GPU_CONTROL_MS=10000 -m68030 -msoft-float -ffreestanding -fno-pic -fno-pie -fno-stack-protector -fno-asynchronous-unwind-tables -fno-unwind-tables -fno-common -ffunction-sections -fdata-sections -Os -Wall -Wextra -Werror -fno-builtin \
 -fno-strict-aliasing -MMD -MP -c src/hal/m68k/bsp-x68k/memory-map.c -o build/ws035-p001/x68k-k/src/hal/m68k/bsp-x68k/memory-map.o
m68k-linux-gnu-gcc -nostdinc -Iinclude -Isrc -I. -Ilibc/include -Isrc/hal/m68k -DHAL_ARCH_M68K -DHAL_BOARD_X68K -DKERN_USER_ABI_M68K -DKERN_PAGE_SIZE=4096 -DKERN_USER_PAGE_SIZE=4096 -DKERN_NO_PRINTF_FLOAT -DKERN_INIT_PATH='"/x68k/bin/sh"' -DCONFIG_DRIVER_NE2000=0 -DCONFIG_DRIVER_LGY98=0 -DCONFIG_DRIVER_GRAPHICS=0 -DCONFIG_DRIVER_GRAPHICS_DEVICE=0 -DCONFIG_DRIVER_PCI_UHCI=0 -DCONFIG_DRIVER_PCI_EHCI=0 -DCONFIG_DRIVER_PCI_XHCI=0 -DCONFIG_DRIVER_PCI_NVME=0 -DCONFIG_DRIVER_PCI_VENUS=0 -DCONFIG_DRIVER_PCI_I915=0 -DCONFIG_DRIVER_PCI_INTEL_AX211=0 -DCONFIG_DRIVER_USB_STORAGE=0 -DCONFIG_DRIVER_USB_CDC_NCM=0 -DCONFIG_DRIVER_USB_CDC_ECM=0 -DCONFIG_DRIVER_USB_HID=0 -DCONFIG_DRIVER_USB_RTL8822BU=0 -DCONFIG_KERNEL_USB_HID_CHECKPOINT=0 -DCONFIG_BUF_CACHE_KIB=0 -DCONFIG_GPU_JOB_RESERVATION_MS=10000 -DCONFIG_GPU_JOB_EXECUTION_MS=60000 -DCONFIG_GPU_JOB_STOP_MS=10000 -DCONFIG_GPU_CONTROL_MS=10000 -m68030 -msoft-float -ffreestanding -fno-pic -fno-pie -fno-stack-protector -fno-asynchronous-unwind-tables -fno-unwind-tables -fno-common -ffunction-sections -fdata-sections -Os -Wall -Wextra -Werror -fno-builtin \
 -fno-strict-aliasing -MMD -MP -c src/hal/m68k/bsp-x68k/pmem.c -o build/ws035-p001/x68k-k/src/hal/m68k/bsp-x68k/pmem.o
m68k-linux-gnu-gcc -nostdinc -Iinclude -Isrc -I. -Ilibc/include -Isrc/hal/m68k -DHAL_ARCH_M68K -DHAL_BOARD_X68K -DKERN_USER_ABI_M68K -DKERN_PAGE_SIZE=4096 -DKERN_USER_PAGE_SIZE=4096 -DKERN_NO_PRINTF_FLOAT -DKERN_INIT_PATH='"/x68k/bin/sh"' -DCONFIG_DRIVER_NE2000=0 -DCONFIG_DRIVER_LGY98=0 -DCONFIG_DRIVER_GRAPHICS=0 -DCONFIG_DRIVER_GRAPHICS_DEVICE=0 -DCONFIG_DRIVER_PCI_UHCI=0 -DCONFIG_DRIVER_PCI_EHCI=0 -DCONFIG_DRIVER_PCI_XHCI=0 -DCONFIG_DRIVER_PCI_NVME=0 -DCONFIG_DRIVER_PCI_VENUS=0 -DCONFIG_DRIVER_PCI_I915=0 -DCONFIG_DRIVER_PCI_INTEL_AX211=0 -DCONFIG_DRIVER_USB_STORAGE=0 -DCONFIG_DRIVER_USB_CDC_NCM=0 -DCONFIG_DRIVER_USB_CDC_ECM=0 -DCONFIG_DRIVER_USB_HID=0 -DCONFIG_DRIVER_USB_RTL8822BU=0 -DCONFIG_KERNEL_USB_HID_CHECKPOINT=0 -DCONFIG_BUF_CACHE_KIB=0 -DCONFIG_GPU_JOB_RESERVATION_MS=10000 -DCONFIG_GPU_JOB_EXECUTION_MS=60000 -DCONFIG_GPU_JOB_STOP_MS=10000 -DCONFIG_GPU_CONTROL_MS=10000 -m68030 -msoft-float -ffreestanding -fno-pic -fno-pie -fno-stack-protector -fno-asynchronous-unwind-tables -fno-unwind-tables -fno-common -ffunction-sections -fdata-sections -Os -Wall -Wextra -Werror -fno-builtin \
 -fno-strict-aliasing -MMD -MP -c src/hal/m68k/bsp-x68k/scsi.c -o build/ws035-p001/x68k-k/src/hal/m68k/bsp-x68k/scsi.o
m68k-linux-gnu-gcc -nostdinc -Iinclude -Isrc -I. -Ilibc/include -Isrc/hal/m68k -DHAL_ARCH_M68K -DHAL_BOARD_X68K -DKERN_USER_ABI_M68K -DKERN_PAGE_SIZE=4096 -DKERN_USER_PAGE_SIZE=4096 -DKERN_NO_PRINTF_FLOAT -DKERN_INIT_PATH='"/x68k/bin/sh"' -DCONFIG_DRIVER_NE2000=0 -DCONFIG_DRIVER_LGY98=0 -DCONFIG_DRIVER_GRAPHICS=0 -DCONFIG_DRIVER_GRAPHICS_DEVICE=0 -DCONFIG_DRIVER_PCI_UHCI=0 -DCONFIG_DRIVER_PCI_EHCI=0 -DCONFIG_DRIVER_PCI_XHCI=0 -DCONFIG_DRIVER_PCI_NVME=0 -DCONFIG_DRIVER_PCI_VENUS=0 -DCONFIG_DRIVER_PCI_I915=0 -DCONFIG_DRIVER_PCI_INTEL_AX211=0 -DCONFIG_DRIVER_USB_STORAGE=0 -DCONFIG_DRIVER_USB_CDC_NCM=0 -DCONFIG_DRIVER_USB_CDC_ECM=0 -DCONFIG_DRIVER_USB_HID=0 -DCONFIG_DRIVER_USB_RTL8822BU=0 -DCONFIG_KERNEL_USB_HID_CHECKPOINT=0 -DCONFIG_BUF_CACHE_KIB=0 -DCONFIG_GPU_JOB_RESERVATION_MS=10000 -DCONFIG_GPU_JOB_EXECUTION_MS=60000 -DCONFIG_GPU_JOB_STOP_MS=10000 -DCONFIG_GPU_CONTROL_MS=10000 -m68030 -msoft-float -ffreestanding -fno-pic -fno-pie -fno-stack-protector -fno-asynchronous-unwind-tables -fno-unwind-tables -fno-common -ffunction-sections -fdata-sections -Os -Wall -Wextra -Werror -fno-builtin \
 -fno-strict-aliasing -MMD -MP -c src/hal/m68k/bsp-x68k/timer.c -o build/ws035-p001/x68k-k/src/hal/m68k/bsp-x68k/timer.o
src/hal/m68k/runtime.c: In function 'hal_puts':
src/hal/m68k/runtime.c:79:36: error: implicit declaration of function 'hal_cons_write'; did you mean 'hal_mmio_write8'? [-Wimplicit-function-declaration]
   79 | int hal_puts(const char *string) { hal_cons_write(string); return 0; }
      |                                    ^~~~~~~~~~~~~~
      |                                    hal_mmio_write8
m68k-linux-gnu-gcc -nostdinc -Iinclude -Isrc -I. -Ilibc/include -Isrc/hal/m68k -DHAL_ARCH_M68K -DHAL_BOARD_X68K -DKERN_USER_ABI_M68K -DKERN_PAGE_SIZE=4096 -DKERN_USER_PAGE_SIZE=4096 -DKERN_NO_PRINTF_FLOAT -DKERN_INIT_PATH='"/x68k/bin/sh"' -DCONFIG_DRIVER_NE2000=0 -DCONFIG_DRIVER_LGY98=0 -DCONFIG_DRIVER_GRAPHICS=0 -DCONFIG_DRIVER_GRAPHICS_DEVICE=0 -DCONFIG_DRIVER_PCI_UHCI=0 -DCONFIG_DRIVER_PCI_EHCI=0 -DCONFIG_DRIVER_PCI_XHCI=0 -DCONFIG_DRIVER_PCI_NVME=0 -DCONFIG_DRIVER_PCI_VENUS=0 -DCONFIG_DRIVER_PCI_I915=0 -DCONFIG_DRIVER_PCI_INTEL_AX211=0 -DCONFIG_DRIVER_USB_STORAGE=0 -DCONFIG_DRIVER_USB_CDC_NCM=0 -DCONFIG_DRIVER_USB_CDC_ECM=0 -DCONFIG_DRIVER_USB_HID=0 -DCONFIG_DRIVER_USB_RTL8822BU=0 -DCONFIG_KERNEL_USB_HID_CHECKPOINT=0 -DCONFIG_BUF_CACHE_KIB=0 -DCONFIG_GPU_JOB_RESERVATION_MS=10000 -DCONFIG_GPU_JOB_EXECUTION_MS=60000 -DCONFIG_GPU_JOB_STOP_MS=10000 -DCONFIG_GPU_CONTROL_MS=10000 -m68030 -msoft-float -ffreestanding -fno-pic -fno-pie -fno-stack-protector -fno-asynchronous-unwind-tables -fno-unwind-tables -fno-common -ffunction-sections -fdata-sections -Os -Wall -Wextra -Werror -c src/hal/m68k/bsp-x68k/contract.S -o build/ws035-p001/x68k-k/src/hal/m68k/bsp-x68k/contract.o
m68k-linux-gnu-gcc -nostdinc -Iinclude -Isrc -I. -Ilibc/include -Isrc/hal/m68k -DHAL_ARCH_M68K -DHAL_BOARD_X68K -DKERN_USER_ABI_M68K -DKERN_PAGE_SIZE=4096 -DKERN_USER_PAGE_SIZE=4096 -DKERN_NO_PRINTF_FLOAT -DKERN_INIT_PATH='"/x68k/bin/sh"' -DCONFIG_DRIVER_NE2000=0 -DCONFIG_DRIVER_LGY98=0 -DCONFIG_DRIVER_GRAPHICS=0 -DCONFIG_DRIVER_GRAPHICS_DEVICE=0 -DCONFIG_DRIVER_PCI_UHCI=0 -DCONFIG_DRIVER_PCI_EHCI=0 -DCONFIG_DRIVER_PCI_XHCI=0 -DCONFIG_DRIVER_PCI_NVME=0 -DCONFIG_DRIVER_PCI_VENUS=0 -DCONFIG_DRIVER_PCI_I915=0 -DCONFIG_DRIVER_PCI_INTEL_AX211=0 -DCONFIG_DRIVER_USB_STORAGE=0 -DCONFIG_DRIVER_USB_CDC_NCM=0 -DCONFIG_DRIVER_USB_CDC_ECM=0 -DCONFIG_DRIVER_USB_HID=0 -DCONFIG_DRIVER_USB_RTL8822BU=0 -DCONFIG_KERNEL_USB_HID_CHECKPOINT=0 -DCONFIG_BUF_CACHE_KIB=0 -DCONFIG_GPU_JOB_RESERVATION_MS=10000 -DCONFIG_GPU_JOB_EXECUTION_MS=60000 -DCONFIG_GPU_JOB_STOP_MS=10000 -DCONFIG_GPU_CONTROL_MS=10000 -m68030 -msoft-float -ffreestanding -fno-pic -fno-pie -fno-stack-protector -fno-asynchronous-unwind-tables -fno-unwind-tables -fno-common -ffunction-sections -fdata-sections -Os -Wall -Wextra -Werror -c src/hal/m68k/cache030.S -o build/ws035-p001/x68k-k/src/hal/m68k/cache030.o
In file included from src/hal/m68k/task.c:6:
src/hal/m68k/space.h:17:25: error: field 'memory' has incomplete type
   17 |         struct hal_pmem memory;
      |                         ^~~~~~
src/hal/m68k/space.h:28:25: error: field 'root_memory' has incomplete type
   28 |         struct hal_pmem root_memory;
      |                         ^~~~~~~~~~~
In file included from src/hal/m68k/space.c:6:
src/hal/m68k/space.h:17:25: error: field 'memory' has incomplete type
   17 |         struct hal_pmem memory;
      |                         ^~~~~~
src/hal/m68k/space.h:28:25: error: field 'root_memory' has incomplete type
   28 |         struct hal_pmem root_memory;
      |                         ^~~~~~~~~~~
src/hal/m68k/space.c: In function 'alloc_page':
src/hal/m68k/space.c:22:22: error: variable 'request' has initializer but incomplete type
   22 |         const struct hal_pmem_request request = {
      |                      ^~~~~~~~~~~~~~~~
make: *** [platform/x68k/vmunix.mk:187: build/ws035-p001/x68k-k/src/hal/m68k/runtime.o] Error 1
m68k-linux-gnu-gcc -nostdinc -Iinclude -Isrc -I. -Ilibc/include -Isrc/hal/m68k -DHAL_ARCH_M68K -DHAL_BOARD_X68K -DKERN_USER_ABI_M68K -DKERN_PAGE_SIZE=4096 -DKERN_USER_PAGE_SIZE=4096 -DKERN_NO_PRINTF_FLOAT -DKERN_INIT_PATH='"/x68k/bin/sh"' -DCONFIG_DRIVER_NE2000=0 -DCONFIG_DRIVER_LGY98=0 -DCONFIG_DRIVER_GRAPHICS=0 -DCONFIG_DRIVER_GRAPHICS_DEVICE=0 -DCONFIG_DRIVER_PCI_UHCI=0 -DCONFIG_DRIVER_PCI_EHCI=0 -DCONFIG_DRIVER_PCI_XHCI=0 -DCONFIG_DRIVER_PCI_NVME=0 -DCONFIG_DRIVER_PCI_VENUS=0 -DCONFIG_DRIVER_PCI_I915=0 -DCONFIG_DRIVER_PCI_INTEL_AX211=0 -DCONFIG_DRIVER_USB_STORAGE=0 -DCONFIG_DRIVER_USB_CDC_NCM=0 -DCONFIG_DRIVER_USB_CDC_ECM=0 -DCONFIG_DRIVER_USB_HID=0 -DCONFIG_DRIVER_USB_RTL8822BU=0 -DCONFIG_KERNEL_USB_HID_CHECKPOINT=0 -DCONFIG_BUF_CACHE_KIB=0 -DCONFIG_GPU_JOB_RESERVATION_MS=10000 -DCONFIG_GPU_JOB_EXECUTION_MS=60000 -DCONFIG_GPU_JOB_STOP_MS=10000 -DCONFIG_GPU_CONTROL_MS=10000 -m68030 -msoft-float -ffreestanding -fno-pic -fno-pie -fno-stack-protector -fno-asynchronous-unwind-tables -fno-unwind-tables -fno-common -ffunction-sections -fdata-sections -Os -Wall -Wextra -Werror -c src/hal/m68k/irq030.S -o build/ws035-p001/x68k-k/src/hal/m68k/irq030.o
src/hal/m68k/task.c: In function 'task_allocate':
src/hal/m68k/task.c:18:28: error: implicit declaration of function 'hal_malloc' [-Wimplicit-function-declaration]
   18 |         void *allocation = hal_malloc(sizeof(struct m68k_task) + 15U);
      |                            ^~~~~~~~~~
src/hal/m68k/task.c:18:28: error: initialization of 'void *' from 'int' makes pointer from integer without a cast [-Wint-conversion]
src/hal/m68k/space.c:23:17: error: 'HAL_PMEM_PADDR_ANY' undeclared (first use in this function)
   23 |                 HAL_PMEM_PADDR_ANY, M68K030_PAGE_SIZE, M68K030_PAGE_SIZE,
      |                 ^~~~~~~~~~~~~~~~~~
src/hal/m68k/space.c:23:17: note: each undeclared identifier is reported only once for each function it appears in
src/hal/m68k/space.c:23:17: error: excess elements in struct initializer [-Werror]
src/hal/m68k/space.c:23:17: note: (near initialization for 'request')
In file included from src/hal/m68k/space.c:5:
src/hal/m68k/mmu030.h:17:37: error: excess elements in struct initializer [-Werror]
   17 | #define M68K030_PAGE_SIZE           (1U << M68K030_PAGE_SHIFT)
      |                                     ^
src/hal/m68k/space.c:23:37: note: in expansion of macro 'M68K030_PAGE_SIZE'
   23 |                 HAL_PMEM_PADDR_ANY, M68K030_PAGE_SIZE, M68K030_PAGE_SIZE,
      |                                     ^~~~~~~~~~~~~~~~~
src/hal/m68k/mmu030.h:17:37: note: (near initialization for 'request')
   17 | #define M68K030_PAGE_SIZE           (1U << M68K030_PAGE_SHIFT)
      |                                     ^
src/hal/m68k/space.c:23:37: note: in expansion of macro 'M68K030_PAGE_SIZE'
   23 |                 HAL_PMEM_PADDR_ANY, M68K030_PAGE_SIZE, M68K030_PAGE_SIZE,
      |                                     ^~~~~~~~~~~~~~~~~
src/hal/m68k/mmu030.h:17:37: error: excess elements in struct initializer [-Werror]
   17 | #define M68K030_PAGE_SIZE           (1U << M68K030_PAGE_SHIFT)
      |                                     ^
src/hal/m68k/space.c:23:56: note: in expansion of macro 'M68K030_PAGE_SIZE'
   23 |                 HAL_PMEM_PADDR_ANY, M68K030_PAGE_SIZE, M68K030_PAGE_SIZE,
      |                                                        ^~~~~~~~~~~~~~~~~
src/hal/m68k/mmu030.h:17:37: note: (near initialization for 'request')
   17 | #define M68K030_PAGE_SIZE           (1U << M68K030_PAGE_SHIFT)
      |                                     ^
src/hal/m68k/space.c:23:56: note: in expansion of macro 'M68K030_PAGE_SIZE'
   23 |                 HAL_PMEM_PADDR_ANY, M68K030_PAGE_SIZE, M68K030_PAGE_SIZE,
      |                                                        ^~~~~~~~~~~~~~~~~
m68k-linux-gnu-gcc -nostdinc -Iinclude -Isrc -I. -Ilibc/include -Isrc/hal/m68k -DHAL_ARCH_M68K -DHAL_BOARD_X68K -DKERN_USER_ABI_M68K -DKERN_PAGE_SIZE=4096 -DKERN_USER_PAGE_SIZE=4096 -DKERN_NO_PRINTF_FLOAT -DKERN_INIT_PATH='"/x68k/bin/sh"' -DCONFIG_DRIVER_NE2000=0 -DCONFIG_DRIVER_LGY98=0 -DCONFIG_DRIVER_GRAPHICS=0 -DCONFIG_DRIVER_GRAPHICS_DEVICE=0 -DCONFIG_DRIVER_PCI_UHCI=0 -DCONFIG_DRIVER_PCI_EHCI=0 -DCONFIG_DRIVER_PCI_XHCI=0 -DCONFIG_DRIVER_PCI_NVME=0 -DCONFIG_DRIVER_PCI_VENUS=0 -DCONFIG_DRIVER_PCI_I915=0 -DCONFIG_DRIVER_PCI_INTEL_AX211=0 -DCONFIG_DRIVER_USB_STORAGE=0 -DCONFIG_DRIVER_USB_CDC_NCM=0 -DCONFIG_DRIVER_USB_CDC_ECM=0 -DCONFIG_DRIVER_USB_HID=0 -DCONFIG_DRIVER_USB_RTL8822BU=0 -DCONFIG_KERNEL_USB_HID_CHECKPOINT=0 -DCONFIG_BUF_CACHE_KIB=0 -DCONFIG_GPU_JOB_RESERVATION_MS=10000 -DCONFIG_GPU_JOB_EXECUTION_MS=60000 -DCONFIG_GPU_JOB_STOP_MS=10000 -DCONFIG_GPU_CONTROL_MS=10000 -m68030 -msoft-float -ffreestanding -fno-pic -fno-pie -fno-stack-protector -fno-asynchronous-unwind-tables -fno-unwind-tables -fno-common -ffunction-sections -fdata-sections -Os -Wall -Wextra -Werror -c src/hal/m68k/mmu030-asm.S -o build/ws035-p001/x68k-k/src/hal/m68k/mmu030-asm.o
src/hal/m68k/task.c: In function 'hal_task_create':
src/hal/m68k/task.c:123:28: error: assignment to 'void *' from 'int' makes pointer from integer without a cast [-Wint-conversion]
  123 |         task->kernel_stack = hal_malloc(M68K_KERNEL_STACK_SIZE);
      |                            ^
src/hal/m68k/task.c:125:17: error: implicit declaration of function 'hal_free'; did you mean 'hal_reset'? [-Wimplicit-function-declaration]
  125 |                 hal_free(task->allocation);
      |                 ^~~~~~~~
      |                 hal_reset
src/hal/m68k/task.c: In function 'hal_task_fork_current':
src/hal/m68k/space.c:24:17: error: 'HAL_PMEM_TYPE_RAM' undeclared (first use in this function)
   24 |                 HAL_PMEM_TYPE_RAM, 0
      |                 ^~~~~~~~~~~~~~~~~
src/hal/m68k/space.c:24:17: error: excess elements in struct initializer [-Werror]
src/hal/m68k/space.c:24:17: note: (near initialization for 'request')
src/hal/m68k/space.c:24:36: error: excess elements in struct initializer [-Werror]
   24 |                 HAL_PMEM_TYPE_RAM, 0
      |                                    ^
src/hal/m68k/space.c:24:36: note: (near initialization for 'request')
src/hal/m68k/space.c:22:39: error: storage size of 'request' isn't known
   22 |         const struct hal_pmem_request request = {
      |                                       ^~~~~~~
src/hal/m68k/task.c:184:29: error: assignment to 'void *' from 'int' makes pointer from integer without a cast [-Wint-conversion]
  184 |         child->kernel_stack = hal_malloc(M68K_KERNEL_STACK_SIZE);
      |                             ^
src/hal/m68k/space.c:26:41: error: passing argument 2 of 'hal_pmem_alloc' makes integer from pointer without a cast [-Wint-conversion]
   26 |         return hal_pmem_alloc(&request, memory);
      |                                         ^~~~~~
      |                                         |
      |                                         struct hal_pmem *
In file included from src/hal/m68k/space.c:4:
include/hal/hal.h:466:16: note: expected 'size_t' {aka 'unsigned int'} but argument is of type 'struct hal_pmem *'
  466 |         size_t req_align,
      |         ~~~~~~~^~~~~~~~~
m68k-linux-gnu-gcc -nostdinc -Iinclude -Isrc -I. -Ilibc/include -Isrc/hal/m68k -DHAL_ARCH_M68K -DHAL_BOARD_X68K -DKERN_USER_ABI_M68K -DKERN_PAGE_SIZE=4096 -DKERN_USER_PAGE_SIZE=4096 -DKERN_NO_PRINTF_FLOAT -DKERN_INIT_PATH='"/x68k/bin/sh"' -DCONFIG_DRIVER_NE2000=0 -DCONFIG_DRIVER_LGY98=0 -DCONFIG_DRIVER_GRAPHICS=0 -DCONFIG_DRIVER_GRAPHICS_DEVICE=0 -DCONFIG_DRIVER_PCI_UHCI=0 -DCONFIG_DRIVER_PCI_EHCI=0 -DCONFIG_DRIVER_PCI_XHCI=0 -DCONFIG_DRIVER_PCI_NVME=0 -DCONFIG_DRIVER_PCI_VENUS=0 -DCONFIG_DRIVER_PCI_I915=0 -DCONFIG_DRIVER_PCI_INTEL_AX211=0 -DCONFIG_DRIVER_USB_STORAGE=0 -DCONFIG_DRIVER_USB_CDC_NCM=0 -DCONFIG_DRIVER_USB_CDC_ECM=0 -DCONFIG_DRIVER_USB_HID=0 -DCONFIG_DRIVER_USB_RTL8822BU=0 -DCONFIG_KERNEL_USB_HID_CHECKPOINT=0 -DCONFIG_BUF_CACHE_KIB=0 -DCONFIG_GPU_JOB_RESERVATION_MS=10000 -DCONFIG_GPU_JOB_EXECUTION_MS=60000 -DCONFIG_GPU_JOB_STOP_MS=10000 -DCONFIG_GPU_CONTROL_MS=10000 -m68030 -msoft-float -ffreestanding -fno-pic -fno-pie -fno-stack-protector -fno-asynchronous-unwind-tables -fno-unwind-tables -fno-common -ffunction-sections -fdata-sections -Os -Wall -Wextra -Werror -c src/hal/m68k/bsp-x68k/reboot.S -o build/ws035-p001/x68k-k/src/hal/m68k/bsp-x68k/reboot.o
src/hal/m68k/space.c:26:16: error: too few arguments to function 'hal_pmem_alloc'
   26 |         return hal_pmem_alloc(&request, memory);
      |                ^~~~~~~~~~~~~~
include/hal/hal.h:464:1: note: declared here
  464 | hal_pmem_alloc(
      | ^~~~~~~~~~~~~~
src/hal/m68k/space.c:22:39: error: unused variable 'request' [-Werror=unused-variable]
   22 |         const struct hal_pmem_request request = {
      |                                       ^~~~~~~
src/hal/m68k/bsp-x68k/keyboard.c:8:10: fatal error: ../../cons-wait.h: No such file or directory
    8 | #include "../../cons-wait.h"
      |          ^~~~~~~~~~~~~~~~~~~
compilation terminated.
src/hal/m68k/task.c: At top level:
src/hal/m68k/task.c:243:30: error: 'struct hal_user_context' declared inside parameter list will not be visible outside of this definition or declaration [-Werror]
  243 | hal_task_user_context(struct hal_user_context *context)
      |                              ^~~~~~~~~~~~~~~~
m68k-linux-gnu-gcc -nostdinc -Iinclude -Isrc -I. -Ilibc/include -Isrc/hal/m68k -DHAL_ARCH_M68K -DHAL_BOARD_X68K -DKERN_USER_ABI_M68K -DKERN_PAGE_SIZE=4096 -DKERN_USER_PAGE_SIZE=4096 -DKERN_NO_PRINTF_FLOAT -DKERN_INIT_PATH='"/x68k/bin/sh"' -DCONFIG_DRIVER_NE2000=0 -DCONFIG_DRIVER_LGY98=0 -DCONFIG_DRIVER_GRAPHICS=0 -DCONFIG_DRIVER_GRAPHICS_DEVICE=0 -DCONFIG_DRIVER_PCI_UHCI=0 -DCONFIG_DRIVER_PCI_EHCI=0 -DCONFIG_DRIVER_PCI_XHCI=0 -DCONFIG_DRIVER_PCI_NVME=0 -DCONFIG_DRIVER_PCI_VENUS=0 -DCONFIG_DRIVER_PCI_I915=0 -DCONFIG_DRIVER_PCI_INTEL_AX211=0 -DCONFIG_DRIVER_USB_STORAGE=0 -DCONFIG_DRIVER_USB_CDC_NCM=0 -DCONFIG_DRIVER_USB_CDC_ECM=0 -DCONFIG_DRIVER_USB_HID=0 -DCONFIG_DRIVER_USB_RTL8822BU=0 -DCONFIG_KERNEL_USB_HID_CHECKPOINT=0 -DCONFIG_BUF_CACHE_KIB=0 -DCONFIG_GPU_JOB_RESERVATION_MS=10000 -DCONFIG_GPU_JOB_EXECUTION_MS=60000 -DCONFIG_GPU_JOB_STOP_MS=10000 -DCONFIG_GPU_CONTROL_MS=10000 -m68030 -msoft-float -ffreestanding -fno-pic -fno-pie -fno-stack-protector -fno-asynchronous-unwind-tables -fno-unwind-tables -fno-common -ffunction-sections -fdata-sections -Os -Wall -Wextra -Werror -c src/hal/m68k/task.S -o build/ws035-p001/x68k-k/src/hal/m68k/task-asm.o
In file included from src/hal/m68k/bsp-x68k/cmain.c:7:
src/hal/m68k/bsp-x68k/../space.h:17:25: error: field 'memory' has incomplete type
   17 |         struct hal_pmem memory;
      |                         ^~~~~~
src/hal/m68k/task.c: In function 'hal_task_user_context':
src/hal/m68k/bsp-x68k/../space.h:28:25: error: field 'root_memory' has incomplete type
   28 |         struct hal_pmem root_memory;
      |                         ^~~~~~~~~~~
src/hal/m68k/task.c:249:16: error: invalid use of undefined type 'struct hal_user_context'
  249 |         context->pc = read32(frame->hardware + 2U);
      |                ^~
src/hal/m68k/bsp-x68k/console.c:20:40: error: 'HAL_CONS_ROWS' undeclared here (not in a function)
   20 | static struct x68k_console_cell shadow[HAL_CONS_ROWS][HAL_CONS_COLUMNS];
      |                                        ^~~~~~~~~~~~~
src/hal/m68k/task.c:250:16: error: invalid use of undefined type 'struct hal_user_context'
  250 |         context->stack_pointer = frame->usp;
      |                ^~
src/hal/m68k/space.c: In function 'create_table':
src/hal/m68k/space.c:99:17: error: implicit declaration of function 'hal_malloc' [-Wimplicit-function-declaration]
   99 |         table = hal_malloc(sizeof(*table));
      |                 ^~~~~~~~~~
src/hal/m68k/space.c:99:15: error: assignment to 'struct m68k030_table_page *' from 'int' makes pointer from integer without a cast [-Wint-conversion]
   99 |         table = hal_malloc(sizeof(*table));
      |               ^
src/hal/m68k/task.c:251:16: error: invalid use of undefined type 'struct hal_user_context'
  251 |         context->return_value = (intptr_t)(int32_t)frame->d[0];
      |                ^~
src/hal/m68k/space.c:104:17: error: implicit declaration of function 'hal_free'; did you mean 'hal_reset'? [-Wimplicit-function-declaration]
  104 |                 hal_free(table);
      |                 ^~~~~~~~
      |                 hal_reset
src/hal/m68k/space.c: In function 'free_detached_tables':
src/hal/m68k/space.c:158:23: error: too few arguments to function 'hal_pmem_free'
  158 |                 (void)hal_pmem_free(&table->memory);
      |                       ^~~~~~~~~~~~~
include/hal/hal.h:502:1: note: declared here
  502 | hal_pmem_free(
      | ^~~~~~~~~~~~~
src/hal/m68k/bsp-x68k/console.c:20:55: error: 'HAL_CONS_COLUMNS' undeclared here (not in a function)
   20 | static struct x68k_console_cell shadow[HAL_CONS_ROWS][HAL_CONS_COLUMNS];
      |                                                       ^~~~~~~~~~~~~~~~
src/hal/m68k/bsp-x68k/console.c:21:15: error: variable 'state' has initializer but incomplete type
   21 | static struct hal_cons_state state = { HAL_CONS_TERMINAL, 0, 0, 1 };
      |               ^~~~~~~~~~~~~~
src/hal/m68k/space.c: In function 'hal_space_create':
src/hal/m68k/space.c:196:39: error: initialization of 'struct m68k030_space *' from 'int' makes pointer from integer without a cast [-Wint-conversion]
  196 |         struct m68k030_space *space = hal_malloc(sizeof(*space));
      |                                       ^~~~~~~~~~
make: *** [platform/x68k/vmunix.mk:187: build/ws035-p001/x68k-k/src/hal/m68k/bsp-x68k/keyboard.o] Error 1
src/hal/m68k/space.c: In function 'hal_space_destroy':
m68k-linux-gnu-gcc -nostdinc -Iinclude -Isrc -I. -Ilibc/include -Isrc/hal/m68k -DHAL_ARCH_M68K -DHAL_BOARD_X68K -DKERN_USER_ABI_M68K -DKERN_PAGE_SIZE=4096 -DKERN_USER_PAGE_SIZE=4096 -DKERN_NO_PRINTF_FLOAT -DKERN_INIT_PATH='"/x68k/bin/sh"' -DCONFIG_DRIVER_NE2000=0 -DCONFIG_DRIVER_LGY98=0 -DCONFIG_DRIVER_GRAPHICS=0 -DCONFIG_DRIVER_GRAPHICS_DEVICE=0 -DCONFIG_DRIVER_PCI_UHCI=0 -DCONFIG_DRIVER_PCI_EHCI=0 -DCONFIG_DRIVER_PCI_XHCI=0 -DCONFIG_DRIVER_PCI_NVME=0 -DCONFIG_DRIVER_PCI_VENUS=0 -DCONFIG_DRIVER_PCI_I915=0 -DCONFIG_DRIVER_PCI_INTEL_AX211=0 -DCONFIG_DRIVER_USB_STORAGE=0 -DCONFIG_DRIVER_USB_CDC_NCM=0 -DCONFIG_DRIVER_USB_CDC_ECM=0 -DCONFIG_DRIVER_USB_HID=0 -DCONFIG_DRIVER_USB_RTL8822BU=0 -DCONFIG_KERNEL_USB_HID_CHECKPOINT=0 -DCONFIG_BUF_CACHE_KIB=0 -DCONFIG_GPU_JOB_RESERVATION_MS=10000 -DCONFIG_GPU_JOB_EXECUTION_MS=60000 -DCONFIG_GPU_JOB_STOP_MS=10000 -DCONFIG_GPU_CONTROL_MS=10000 -m68030 -msoft-float -ffreestanding -fno-pic -fno-pie -fno-stack-protector -fno-asynchronous-unwind-tables -fno-unwind-tables -fno-common -ffunction-sections -fdata-sections -Os -Wall -Wextra -Werror -c src/hal/m68k/vectors.S -o build/ws035-p001/x68k-k/src/hal/m68k/vectors.o
src/hal/m68k/space.c:246:23: error: too few arguments to function 'hal_pmem_free'
  246 |                 (void)hal_pmem_free(&table->memory);
      |                       ^~~~~~~~~~~~~
include/hal/hal.h:502:1: note: declared here
  502 | hal_pmem_free(
      | ^~~~~~~~~~~~~
src/hal/m68k/space.c:252:15: error: too few arguments to function 'hal_pmem_free'
  252 |         (void)hal_pmem_free(&space->root_memory);
      |               ^~~~~~~~~~~~~
include/hal/hal.h:502:1: note: declared here
  502 | hal_pmem_free(
      | ^~~~~~~~~~~~~
src/hal/m68k/bsp-x68k/console.c:21:40: error: 'HAL_CONS_TERMINAL' undeclared here (not in a function)
   21 | static struct hal_cons_state state = { HAL_CONS_TERMINAL, 0, 0, 1 };
      |                                        ^~~~~~~~~~~~~~~~~
src/hal/m68k/bsp-x68k/console.c:21:40: error: excess elements in struct initializer [-Werror]
src/hal/m68k/bsp-x68k/console.c:21:40: note: (near initialization for 'state')
src/hal/m68k/bsp-x68k/console.c:21:59: error: excess elements in struct initializer [-Werror]
   21 | static struct hal_cons_state state = { HAL_CONS_TERMINAL, 0, 0, 1 };
      |                                                           ^
src/hal/m68k/bsp-x68k/console.c:21:59: note: (near initialization for 'state')
src/hal/m68k/bsp-x68k/console.c:21:62: error: excess elements in struct initializer [-Werror]
   21 | static struct hal_cons_state state = { HAL_CONS_TERMINAL, 0, 0, 1 };
      |                                                              ^
src/hal/m68k/bsp-x68k/console.c:21:62: note: (near initialization for 'state')
src/hal/m68k/bsp-x68k/console.c:21:65: error: excess elements in struct initializer [-Werror]
   21 | static struct hal_cons_state state = { HAL_CONS_TERMINAL, 0, 0, 1 };
      |                                                                 ^
src/hal/m68k/bsp-x68k/console.c:21:65: note: (near initialization for 'state')
make: *** [platform/x68k/vmunix.mk:187: build/ws035-p001/x68k-k/src/hal/m68k/bsp-x68k/cmain.o] Error 1
src/hal/m68k/bsp-x68k/console.c:22:36: error: 'HAL_CONS_ATTRIB_NORMAL' undeclared here (not in a function)
   22 | static uint8_t current_attribute = HAL_CONS_ATTRIB_NORMAL;
      |                                    ^~~~~~~~~~~~~~~~~~~~~~
cc1: all warnings being treated as errors
src/hal/m68k/bsp-x68k/console.c: In function 'hal_cons_clear':
src/hal/m68k/bsp-x68k/console.c:67:14: error: invalid use of undefined type 'struct hal_cons_state'
   67 |         state.row = state.column = 0;
      |              ^
src/hal/m68k/bsp-x68k/console.c:67:26: error: invalid use of undefined type 'struct hal_cons_state'
   67 |         state.row = state.column = 0;
      |                          ^
src/hal/m68k/bsp-x68k/console.c: In function 'hal_cons_reset':
src/hal/m68k/bsp-x68k/console.c:74:14: error: invalid use of undefined type 'struct hal_cons_state'
   74 |         state.mode = HAL_CONS_TERMINAL;
      |              ^
src/hal/m68k/bsp-x68k/console.c:75:14: error: invalid use of undefined type 'struct hal_cons_state'
   75 |         state.cursor_visible = 1;
      |              ^
src/hal/m68k/bsp-x68k/console.c: In function 'newline':
src/hal/m68k/bsp-x68k/console.c:95:14: error: invalid use of undefined type 'struct hal_cons_state'
   95 |         state.column = 0;
      |              ^
src/hal/m68k/bsp-x68k/irq.c:112:38: error: 'struct hal_irq_affinity' declared inside parameter list will not be visible outside of this definition or declaration [-Werror]
  112 | hal_irq_get_affinity(int irq, struct hal_irq_affinity *result)
      |                                      ^~~~~~~~~~~~~~~~
src/hal/m68k/bsp-x68k/console.c:96:20: error: invalid use of undefined type 'struct hal_cons_state'
   96 |         if (++state.row >= HAL_CONS_ROWS) {
      |                    ^
src/hal/m68k/bsp-x68k/console.c:98:22: error: invalid use of undefined type 'struct hal_cons_state'
   98 |                 state.row = HAL_CONS_ROWS - 1;
      |                      ^
src/hal/m68k/bsp-x68k/irq.c:112:1: error: conflicting types for 'hal_irq_get_affinity'; have 'int(int,  struct hal_irq_affinity *)'
  112 | hal_irq_get_affinity(int irq, struct hal_irq_affinity *result)
      | ^~~~~~~~~~~~~~~~~~~~
m68k-linux-gnu-gcc -nostdinc -Iinclude -Isrc -I. -Ilibc/include -Isrc/hal/m68k -DHAL_ARCH_M68K -DHAL_BOARD_X68K -DKERN_USER_ABI_M68K -DKERN_PAGE_SIZE=4096 -DKERN_USER_PAGE_SIZE=4096 -DKERN_NO_PRINTF_FLOAT -DKERN_INIT_PATH='"/x68k/bin/sh"' -DCONFIG_DRIVER_NE2000=0 -DCONFIG_DRIVER_LGY98=0 -DCONFIG_DRIVER_GRAPHICS=0 -DCONFIG_DRIVER_GRAPHICS_DEVICE=0 -DCONFIG_DRIVER_PCI_UHCI=0 -DCONFIG_DRIVER_PCI_EHCI=0 -DCONFIG_DRIVER_PCI_XHCI=0 -DCONFIG_DRIVER_PCI_NVME=0 -DCONFIG_DRIVER_PCI_VENUS=0 -DCONFIG_DRIVER_PCI_I915=0 -DCONFIG_DRIVER_PCI_INTEL_AX211=0 -DCONFIG_DRIVER_USB_STORAGE=0 -DCONFIG_DRIVER_USB_CDC_NCM=0 -DCONFIG_DRIVER_USB_CDC_ECM=0 -DCONFIG_DRIVER_USB_HID=0 -DCONFIG_DRIVER_USB_RTL8822BU=0 -DCONFIG_KERNEL_USB_HID_CHECKPOINT=0 -DCONFIG_BUF_CACHE_KIB=0 -DCONFIG_GPU_JOB_RESERVATION_MS=10000 -DCONFIG_GPU_JOB_EXECUTION_MS=60000 -DCONFIG_GPU_JOB_STOP_MS=10000 -DCONFIG_GPU_CONTROL_MS=10000 -m68030 -msoft-float -ffreestanding -fno-pic -fno-pie -fno-stack-protector -fno-asynchronous-unwind-tables -fno-unwind-tables -fno-common -ffunction-sections -fdata-sections -Os -Wall -Wextra -Werror -fno-builtin \
 -fno-strict-aliasing -MMD -MP -c src/kern/main.c -o build/ws035-p001/x68k-k/kernel/src/kern/main.o
src/hal/m68k/bsp-x68k/console.c: In function 'cons_putc':
In file included from src/hal/m68k/bsp-x68k/irq.c:4:
include/hal/hal.h:298:1: note: previous declaration of 'hal_irq_get_affinity' with type 'int(int,  struct hal_cpu_mask *, struct hal_cpu_mask *)'
  298 | hal_irq_get_affinity(
      | ^~~~~~~~~~~~~~~~~~~~
src/hal/m68k/bsp-x68k/console.c:122:22: error: invalid use of undefined type 'struct hal_cons_state'
  122 |                 state.column = 0;
      |                      ^
src/hal/m68k/bsp-x68k/irq.c: In function 'hal_irq_get_affinity':
src/hal/m68k/bsp-x68k/console.c:126:26: error: invalid use of undefined type 'struct hal_cons_state'
  126 |                 if (state.column != 0)
      |                          ^
src/hal/m68k/bsp-x68k/irq.c:116:34: error: invalid use of undefined type 'struct hal_irq_affinity'
  116 |         hal_cpu_mask_zero(&result->requested);
      |                                  ^~
src/hal/m68k/bsp-x68k/console.c:127:30: error: invalid use of undefined type 'struct hal_cons_state'
  127 |                         state.column--;
      |                              ^
src/hal/m68k/bsp-x68k/irq.c:117:33: error: invalid use of undefined type 'struct hal_irq_affinity'
  117 |         hal_cpu_mask_set(&result->requested, 0);
      |                                 ^~
src/hal/m68k/bsp-x68k/console.c:128:29: error: invalid use of undefined type 'struct hal_cons_state'
  128 |                 shadow[state.row][state.column].character = ' ';
      |                             ^
m68k-linux-gnu-gcc -nostdinc -Iinclude -Isrc -I. -Ilibc/include -Isrc/hal/m68k -DHAL_ARCH_M68K -DHAL_BOARD_X68K -DKERN_USER_ABI_M68K -DKERN_PAGE_SIZE=4096 -DKERN_USER_PAGE_SIZE=4096 -DKERN_NO_PRINTF_FLOAT -DKERN_INIT_PATH='"/x68k/bin/sh"' -DCONFIG_DRIVER_NE2000=0 -DCONFIG_DRIVER_LGY98=0 -DCONFIG_DRIVER_GRAPHICS=0 -DCONFIG_DRIVER_GRAPHICS_DEVICE=0 -DCONFIG_DRIVER_PCI_UHCI=0 -DCONFIG_DRIVER_PCI_EHCI=0 -DCONFIG_DRIVER_PCI_XHCI=0 -DCONFIG_DRIVER_PCI_NVME=0 -DCONFIG_DRIVER_PCI_VENUS=0 -DCONFIG_DRIVER_PCI_I915=0 -DCONFIG_DRIVER_PCI_INTEL_AX211=0 -DCONFIG_DRIVER_USB_STORAGE=0 -DCONFIG_DRIVER_USB_CDC_NCM=0 -DCONFIG_DRIVER_USB_CDC_ECM=0 -DCONFIG_DRIVER_USB_HID=0 -DCONFIG_DRIVER_USB_RTL8822BU=0 -DCONFIG_KERNEL_USB_HID_CHECKPOINT=0 -DCONFIG_BUF_CACHE_KIB=0 -DCONFIG_GPU_JOB_RESERVATION_MS=10000 -DCONFIG_GPU_JOB_EXECUTION_MS=60000 -DCONFIG_GPU_JOB_STOP_MS=10000 -DCONFIG_GPU_CONTROL_MS=10000 -m68030 -msoft-float -ffreestanding -fno-pic -fno-pie -fno-stack-protector -fno-asynchronous-unwind-tables -fno-unwind-tables -fno-common -ffunction-sections -fdata-sections -Os -Wall -Wextra -Werror -fno-builtin \
 -fno-strict-aliasing -MMD -MP -c src/drivers/fs/fat.c -o build/ws035-p001/x68k-k/kernel/src/drivers/fs/fat.o
src/hal/m68k/bsp-x68k/irq.c:118:15: error: invalid use of undefined type 'struct hal_irq_affinity'
  118 |         result->effective = result->requested;
      |               ^~
src/hal/m68k/bsp-x68k/console.c:128:40: error: invalid use of undefined type 'struct hal_cons_state'
  128 |                 shadow[state.row][state.column].character = ' ';
      |                                        ^
src/hal/m68k/bsp-x68k/console.c:129:32: error: invalid use of undefined type 'struct hal_cons_state'
  129 |                 draw_cell(state.row, state.column);
      |                                ^
src/hal/m68k/bsp-x68k/irq.c:118:35: error: invalid use of undefined type 'struct hal_irq_affinity'
  118 |         result->effective = result->requested;
      |                                   ^~
src/hal/m68k/bsp-x68k/console.c:129:43: error: invalid use of undefined type 'struct hal_cons_state'
  129 |                 draw_cell(state.row, state.column);
      |                                           ^
src/hal/m68k/bsp-x68k/console.c:135:32: error: invalid use of undefined type 'struct hal_cons_state'
  135 |                 } while ((state.column & 7U) != 0);
      |                                ^
src/hal/m68k/bsp-x68k/console.c:138:18: error: invalid use of undefined type 'struct hal_cons_state'
  138 |         if (state.column >= HAL_CONS_COLUMNS)
      |                  ^
src/hal/m68k/bsp-x68k/console.c:140:21: error: invalid use of undefined type 'struct hal_cons_state'
  140 |         shadow[state.row][state.column].character =
      |                     ^
src/hal/m68k/bsp-x68k/console.c:140:32: error: invalid use of undefined type 'struct hal_cons_state'
  140 |         shadow[state.row][state.column].character =
      |                                ^
src/hal/m68k/bsp-x68k/console.c:142:21: error: invalid use of undefined type 'struct hal_cons_state'
  142 |         shadow[state.row][state.column].attribute = current_attribute;
      |                     ^
src/hal/m68k/bsp-x68k/console.c:142:32: error: invalid use of undefined type 'struct hal_cons_state'
  142 |         shadow[state.row][state.column].attribute = current_attribute;
      |                                ^
src/hal/m68k/bsp-x68k/console.c:143:24: error: invalid use of undefined type 'struct hal_cons_state'
  143 |         draw_cell(state.row, state.column++);
      |                        ^
src/hal/m68k/bsp-x68k/console.c:143:35: error: invalid use of undefined type 'struct hal_cons_state'
  143 |         draw_cell(state.row, state.column++);
      |                                   ^
src/hal/m68k/bsp-x68k/console.c:144:18: error: invalid use of undefined type 'struct hal_cons_state'
  144 |         if (state.column >= HAL_CONS_COLUMNS)
      |                  ^
src/hal/m68k/bsp-x68k/console.c: In function 'cons_getc':
In file included from src/hal/m68k/bsp-x68k/pmem.c:6:
src/hal/m68k/bsp-x68k/../space.h:17:25: error: field 'memory' has incomplete type
   17 |         struct hal_pmem memory;
      |                         ^~~~~~
src/hal/m68k/bsp-x68k/console.c:170:30: error: storage size of 'event' isn't known
  170 |         struct hal_key_event event;
      |                              ^~~~~
src/hal/m68k/bsp-x68k/../space.h:28:25: error: field 'root_memory' has incomplete type
   28 |         struct hal_pmem root_memory;
      |                         ^~~~~~~~~~~
cc1: all warnings being treated as errors
make: *** [platform/x68k/vmunix.mk:186: build/ws035-p001/x68k-k/src/hal/m68k/task.o] Error 1
m68k-linux-gnu-gcc -nostdinc -Iinclude -Isrc -I. -Ilibc/include -Isrc/hal/m68k -DHAL_ARCH_M68K -DHAL_BOARD_X68K -DKERN_USER_ABI_M68K -DKERN_PAGE_SIZE=4096 -DKERN_USER_PAGE_SIZE=4096 -DKERN_NO_PRINTF_FLOAT -DKERN_INIT_PATH='"/x68k/bin/sh"' -DCONFIG_DRIVER_NE2000=0 -DCONFIG_DRIVER_LGY98=0 -DCONFIG_DRIVER_GRAPHICS=0 -DCONFIG_DRIVER_GRAPHICS_DEVICE=0 -DCONFIG_DRIVER_PCI_UHCI=0 -DCONFIG_DRIVER_PCI_EHCI=0 -DCONFIG_DRIVER_PCI_XHCI=0 -DCONFIG_DRIVER_PCI_NVME=0 -DCONFIG_DRIVER_PCI_VENUS=0 -DCONFIG_DRIVER_PCI_I915=0 -DCONFIG_DRIVER_PCI_INTEL_AX211=0 -DCONFIG_DRIVER_USB_STORAGE=0 -DCONFIG_DRIVER_USB_CDC_NCM=0 -DCONFIG_DRIVER_USB_CDC_ECM=0 -DCONFIG_DRIVER_USB_HID=0 -DCONFIG_DRIVER_USB_RTL8822BU=0 -DCONFIG_KERNEL_USB_HID_CHECKPOINT=0 -DCONFIG_BUF_CACHE_KIB=0 -DCONFIG_GPU_JOB_RESERVATION_MS=10000 -DCONFIG_GPU_JOB_EXECUTION_MS=60000 -DCONFIG_GPU_JOB_STOP_MS=10000 -DCONFIG_GPU_CONTROL_MS=10000 -m68030 -msoft-float -ffreestanding -fno-pic -fno-pie -fno-stack-protector -fno-asynchronous-unwind-tables -fno-unwind-tables -fno-common -ffunction-sections -fdata-sections -Os -Wall -Wextra -Werror -fno-builtin \
 -fno-strict-aliasing -MMD -MP -c src/kern/inode.c -o build/ws035-p001/x68k-k/kernel/src/kern/inode.o
src/hal/m68k/bsp-x68k/pmem.c:21:24: error: array type has incomplete element type 'struct hal_pmem'
   21 | static struct hal_pmem fixed_claims[X68K_FIXED_CLAIMS];
      |                        ^~~~~~~~~~~~
src/hal/m68k/bsp-x68k/console.c:174:23: error: implicit declaration of function 'hal_cons_read_event'; did you mean 'hal_cons_reset'? [-Wimplicit-function-declaration]
  174 |                 (void)hal_cons_read_event(&event);
      |                       ^~~~~~~~~~~~~~~~~~~
      |                       hal_cons_reset
src/hal/m68k/bsp-x68k/console.c:175:36: error: 'HAL_KEY_EVENT_SNAPSHOT' undeclared (first use in this function)
  175 |                 if ((event.flags & HAL_KEY_EVENT_SNAPSHOT) != 0)
      |                                    ^~~~~~~~~~~~~~~~~~~~~~
src/hal/m68k/bsp-x68k/console.c:175:36: note: each undeclared identifier is reported only once for each function it appears in
make: *** [platform/x68k/vmunix.mk:186: build/ws035-p001/x68k-k/src/hal/m68k/bsp-x68k/irq.o] Error 1
src/hal/m68k/bsp-x68k/pmem.c: In function 'allocate_pages':
src/hal/m68k/bsp-x68k/pmem.c:165:19: error: invalid use of undefined type 'struct hal_pmem'
  165 |         descriptor->paddr = (hal_physaddr_t)start * M68K030_PAGE_SIZE;
      |                   ^~
cc1: all warnings being treated as errors
src/hal/m68k/bsp-x68k/pmem.c:166:19: error: invalid use of undefined type 'struct hal_pmem'
  166 |         descriptor->vaddr = m68k030_phys_to_direct(descriptor->paddr);
      |                   ^~
src/hal/m68k/bsp-x68k/pmem.c:166:62: error: invalid use of undefined type 'struct hal_pmem'
  166 |         descriptor->vaddr = m68k030_phys_to_direct(descriptor->paddr);
      |                                                              ^~
src/hal/m68k/bsp-x68k/console.c:177:37: error: 'HAL_KEY_EVENT_PRESS' undeclared (first use in this function)
  177 |                 if ((event.flags & (HAL_KEY_EVENT_PRESS | HAL_KEY_EVENT_REPEAT)) == 0)
      |                                     ^~~~~~~~~~~~~~~~~~~
src/hal/m68k/bsp-x68k/pmem.c:167:19: error: invalid use of undefined type 'struct hal_pmem'
  167 |         descriptor->size = (size_t)needed * M68K030_PAGE_SIZE;
      |                   ^~
src/hal/m68k/bsp-x68k/pmem.c:168:19: error: invalid use of undefined type 'struct hal_pmem'
  168 |         descriptor->type = HAL_PMEM_TYPE_RAM;
      |                   ^~
src/hal/m68k/bsp-x68k/timer.c: In function 'x68k_timer_init':
src/hal/m68k/bsp-x68k/timer.c:59:9: error: implicit declaration of function 'hal_irq_set_handler'; did you mean 'hal_irq_send_eoi'? [-Wimplicit-function-declaration]
   59 |         hal_irq_set_handler(X68K_TIMER_VECTOR, timer_interrupt, NULL);
      |         ^~~~~~~~~~~~~~~~~~~
      |         hal_irq_send_eoi
m68k-linux-gnu-gcc -nostdinc -Iinclude -Isrc -I. -Ilibc/include -Isrc/hal/m68k -DHAL_ARCH_M68K -DHAL_BOARD_X68K -DKERN_USER_ABI_M68K -DKERN_PAGE_SIZE=4096 -DKERN_USER_PAGE_SIZE=4096 -DKERN_NO_PRINTF_FLOAT -DKERN_INIT_PATH='"/x68k/bin/sh"' -DCONFIG_DRIVER_NE2000=0 -DCONFIG_DRIVER_LGY98=0 -DCONFIG_DRIVER_GRAPHICS=0 -DCONFIG_DRIVER_GRAPHICS_DEVICE=0 -DCONFIG_DRIVER_PCI_UHCI=0 -DCONFIG_DRIVER_PCI_EHCI=0 -DCONFIG_DRIVER_PCI_XHCI=0 -DCONFIG_DRIVER_PCI_NVME=0 -DCONFIG_DRIVER_PCI_VENUS=0 -DCONFIG_DRIVER_PCI_I915=0 -DCONFIG_DRIVER_PCI_INTEL_AX211=0 -DCONFIG_DRIVER_USB_STORAGE=0 -DCONFIG_DRIVER_USB_CDC_NCM=0 -DCONFIG_DRIVER_USB_CDC_ECM=0 -DCONFIG_DRIVER_USB_HID=0 -DCONFIG_DRIVER_USB_RTL8822BU=0 -DCONFIG_KERNEL_USB_HID_CHECKPOINT=0 -DCONFIG_BUF_CACHE_KIB=0 -DCONFIG_GPU_JOB_RESERVATION_MS=10000 -DCONFIG_GPU_JOB_EXECUTION_MS=60000 -DCONFIG_GPU_JOB_STOP_MS=10000 -DCONFIG_GPU_CONTROL_MS=10000 -m68030 -msoft-float -ffreestanding -fno-pic -fno-pie -fno-stack-protector -fno-asynchronous-unwind-tables -fno-unwind-tables -fno-common -ffunction-sections -fdata-sections -Os -Wall -Wextra -Werror -fno-builtin \
 -fno-strict-aliasing -MMD -MP -c src/kern/file.c -o build/ws035-p001/x68k-k/kernel/src/kern/file.o
src/hal/m68k/bsp-x68k/console.c:177:59: error: 'HAL_KEY_EVENT_REPEAT' undeclared (first use in this function)
  177 |                 if ((event.flags & (HAL_KEY_EVENT_PRESS | HAL_KEY_EVENT_REPEAT)) == 0)
      |                                                           ^~~~~~~~~~~~~~~~~~~~
m68k-linux-gnu-gcc -nostdinc -Iinclude -Isrc -I. -Ilibc/include -Isrc/hal/m68k -DHAL_ARCH_M68K -DHAL_BOARD_X68K -DKERN_USER_ABI_M68K -DKERN_PAGE_SIZE=4096 -DKERN_USER_PAGE_SIZE=4096 -DKERN_NO_PRINTF_FLOAT -DKERN_INIT_PATH='"/x68k/bin/sh"' -DCONFIG_DRIVER_NE2000=0 -DCONFIG_DRIVER_LGY98=0 -DCONFIG_DRIVER_GRAPHICS=0 -DCONFIG_DRIVER_GRAPHICS_DEVICE=0 -DCONFIG_DRIVER_PCI_UHCI=0 -DCONFIG_DRIVER_PCI_EHCI=0 -DCONFIG_DRIVER_PCI_XHCI=0 -DCONFIG_DRIVER_PCI_NVME=0 -DCONFIG_DRIVER_PCI_VENUS=0 -DCONFIG_DRIVER_PCI_I915=0 -DCONFIG_DRIVER_PCI_INTEL_AX211=0 -DCONFIG_DRIVER_USB_STORAGE=0 -DCONFIG_DRIVER_USB_CDC_NCM=0 -DCONFIG_DRIVER_USB_CDC_ECM=0 -DCONFIG_DRIVER_USB_HID=0 -DCONFIG_DRIVER_USB_RTL8822BU=0 -DCONFIG_KERNEL_USB_HID_CHECKPOINT=0 -DCONFIG_BUF_CACHE_KIB=0 -DCONFIG_GPU_JOB_RESERVATION_MS=10000 -DCONFIG_GPU_JOB_EXECUTION_MS=60000 -DCONFIG_GPU_JOB_STOP_MS=10000 -DCONFIG_GPU_CONTROL_MS=10000 -m68030 -msoft-float -ffreestanding -fno-pic -fno-pie -fno-stack-protector -fno-asynchronous-unwind-tables -fno-unwind-tables -fno-common -ffunction-sections -fdata-sections -Os -Wall -Wextra -Werror -fno-builtin \
 -fno-strict-aliasing -MMD -MP -c src/kern/namecache.c -o build/ws035-p001/x68k-k/kernel/src/kern/namecache.o
src/hal/m68k/bsp-x68k/console.c:170:30: error: unused variable 'event' [-Werror=unused-variable]
  170 |         struct hal_key_event event;
      |                              ^~~~~
make: *** [platform/x68k/vmunix.mk:186: build/ws035-p001/x68k-k/src/hal/m68k/space.o] Error 1
m68k-linux-gnu-gcc -nostdinc -Iinclude -Isrc -I. -Ilibc/include -Isrc/hal/m68k -DHAL_ARCH_M68K -DHAL_BOARD_X68K -DKERN_USER_ABI_M68K -DKERN_PAGE_SIZE=4096 -DKERN_USER_PAGE_SIZE=4096 -DKERN_NO_PRINTF_FLOAT -DKERN_INIT_PATH='"/x68k/bin/sh"' -DCONFIG_DRIVER_NE2000=0 -DCONFIG_DRIVER_LGY98=0 -DCONFIG_DRIVER_GRAPHICS=0 -DCONFIG_DRIVER_GRAPHICS_DEVICE=0 -DCONFIG_DRIVER_PCI_UHCI=0 -DCONFIG_DRIVER_PCI_EHCI=0 -DCONFIG_DRIVER_PCI_XHCI=0 -DCONFIG_DRIVER_PCI_NVME=0 -DCONFIG_DRIVER_PCI_VENUS=0 -DCONFIG_DRIVER_PCI_I915=0 -DCONFIG_DRIVER_PCI_INTEL_AX211=0 -DCONFIG_DRIVER_USB_STORAGE=0 -DCONFIG_DRIVER_USB_CDC_NCM=0 -DCONFIG_DRIVER_USB_CDC_ECM=0 -DCONFIG_DRIVER_USB_HID=0 -DCONFIG_DRIVER_USB_RTL8822BU=0 -DCONFIG_KERNEL_USB_HID_CHECKPOINT=0 -DCONFIG_BUF_CACHE_KIB=0 -DCONFIG_GPU_JOB_RESERVATION_MS=10000 -DCONFIG_GPU_JOB_EXECUTION_MS=60000 -DCONFIG_GPU_JOB_STOP_MS=10000 -DCONFIG_GPU_CONTROL_MS=10000 -m68030 -msoft-float -ffreestanding -fno-pic -fno-pie -fno-stack-protector -fno-asynchronous-unwind-tables -fno-unwind-tables -fno-common -ffunction-sections -fdata-sections -Os -Wall -Wextra -Werror -fno-builtin \
 -fno-strict-aliasing -MMD -MP -c src/kern/namei.c -o build/ws035-p001/x68k-k/kernel/src/kern/namei.o
src/hal/m68k/bsp-x68k/pmem.c:168:28: error: 'HAL_PMEM_TYPE_RAM' undeclared (first use in this function)
  168 |         descriptor->type = HAL_PMEM_TYPE_RAM;
      |                            ^~~~~~~~~~~~~~~~~
src/hal/m68k/bsp-x68k/pmem.c:168:28: note: each undeclared identifier is reported only once for each function it appears in
src/hal/m68k/bsp-x68k/pmem.c:169:19: error: invalid use of undefined type 'struct hal_pmem'
  169 |         descriptor->attr = 0;
      |                   ^~
src/hal/m68k/bsp-x68k/console.c: In function 'hal_cons_move_cursor':
src/hal/m68k/bsp-x68k/pmem.c: In function 'free_ram':
src/hal/m68k/bsp-x68k/console.c:195:9: error: implicit declaration of function 'hal_cons_set_cursor'; did you mean 'hal_cons_move_cursor'? [-Wimplicit-function-declaration]
  195 | { (void)hal_cons_set_cursor((unsigned)row, (unsigned)column); }
      |         ^~~~~~~~~~~~~~~~~~~
      |         hal_cons_move_cursor
src/hal/m68k/bsp-x68k/pmem.c:179:45: error: invalid use of undefined type 'struct hal_pmem'
  179 |         if (descriptor == NULL || descriptor->size == 0 ||
      |                                             ^~
src/hal/m68k/bsp-x68k/pmem.c:180:23: error: invalid use of undefined type 'struct hal_pmem'
  180 |             descriptor->type != HAL_PMEM_TYPE_RAM ||
      |                       ^~
src/hal/m68k/bsp-x68k/console.c: In function 'hal_cons_write_n_at':
src/hal/m68k/bsp-x68k/console.c:220:14: error: invalid use of undefined type 'struct hal_cons_state'
  220 |         state.row = row < HAL_CONS_ROWS ? row : HAL_CONS_ROWS - 1;
      |              ^
src/hal/m68k/bsp-x68k/console.c:221:14: error: invalid use of undefined type 'struct hal_cons_state'
  221 |         state.column = column < HAL_CONS_COLUMNS ? column : HAL_CONS_COLUMNS - 1;
      |              ^
src/hal/m68k/bsp-x68k/console.c: In function 'hal_cons_clear_to_eol_at':
src/hal/m68k/bsp-x68k/console.c:241:14: error: invalid use of undefined type 'struct hal_cons_state'
  241 |         state.row = row;
      |              ^
src/hal/m68k/bsp-x68k/console.c:242:14: error: invalid use of undefined type 'struct hal_cons_state'
  242 |         state.column = column;
      |              ^
src/hal/m68k/bsp-x68k/console.c: In function 'hal_cons_clear_to_eol':
src/hal/m68k/bsp-x68k/console.c:246:39: error: invalid use of undefined type 'struct hal_cons_state'
  246 | { (void)hal_cons_clear_to_eol_at(state.row, state.column); }
      |                                       ^
src/hal/m68k/bsp-x68k/console.c:246:50: error: invalid use of undefined type 'struct hal_cons_state'
  246 | { (void)hal_cons_clear_to_eol_at(state.row, state.column); }
      |                                                  ^
src/hal/m68k/bsp-x68k/console.c: In function 'hal_cons_set_cursor':
src/hal/m68k/bsp-x68k/console.c:251:14: error: invalid use of undefined type 'struct hal_cons_state'
  251 |         state.row = row;
      |              ^
make: *** [platform/x68k/vmunix.mk:186: build/ws035-p001/x68k-k/src/hal/m68k/bsp-x68k/timer.o] Error 1
src/hal/m68k/bsp-x68k/console.c:252:14: error: invalid use of undefined type 'struct hal_cons_state'
  252 |         state.column = column;
      |              ^
src/hal/m68k/bsp-x68k/console.c: In function 'hal_cons_show_cursor':
src/hal/m68k/bsp-x68k/console.c:255:47: error: invalid use of undefined type 'struct hal_cons_state'
  255 | void hal_cons_show_cursor(int visible) { state.cursor_visible = visible != 0; }
      |                                               ^
src/hal/m68k/bsp-x68k/console.c: In function 'hal_cons_save_state':
src/hal/m68k/bsp-x68k/pmem.c:180:33: error: 'HAL_PMEM_TYPE_RAM' undeclared (first use in this function)
  180 |             descriptor->type != HAL_PMEM_TYPE_RAM ||
      |                                 ^~~~~~~~~~~~~~~~~
src/hal/m68k/bsp-x68k/console.c:257:33: error: 'state' has an incomplete type 'struct hal_cons_state'
  257 | { if (output != NULL) *output = state; }
      |                                 ^~~~~
src/hal/m68k/bsp-x68k/pmem.c:181:45: error: invalid use of undefined type 'struct hal_pmem'
  181 |             !m68k030_page_aligned(descriptor->paddr) ||
      |                                             ^~
src/hal/m68k/bsp-x68k/console.c:257:31: error: invalid use of undefined type 'struct hal_cons_state'
  257 | { if (output != NULL) *output = state; }
      |                               ^
src/hal/m68k/bsp-x68k/console.c: At top level:
src/hal/m68k/bsp-x68k/console.c:21:30: error: storage size of 'state' isn't known
   21 | static struct hal_cons_state state = { HAL_CONS_TERMINAL, 0, 0, 1 };
      |                              ^~~~~
src/hal/m68k/bsp-x68k/pmem.c:182:24: error: invalid use of undefined type 'struct hal_pmem'
  182 |             (descriptor->size & M68K030_PAGE_MASK) != 0 ||
      |                        ^~
src/hal/m68k/bsp-x68k/pmem.c:183:23: error: invalid use of undefined type 'struct hal_pmem'
  183 |             descriptor->vaddr != m68k030_phys_to_direct(
      |                       ^~
src/hal/m68k/bsp-x68k/pmem.c:184:23: error: invalid use of undefined type 'struct hal_pmem'
  184 |             descriptor->paddr))
      |                       ^~
src/hal/m68k/bsp-x68k/pmem.c:186:38: error: invalid use of undefined type 'struct hal_pmem'
  186 |         first = (uint32_t)(descriptor->paddr /
      |                                      ^~
src/hal/m68k/bsp-x68k/pmem.c:188:38: error: invalid use of undefined type 'struct hal_pmem'
  188 |         count = (uint32_t)(descriptor->size / M68K030_PAGE_SIZE);
      |                                      ^~
src/hal/m68k/bsp-x68k/console.c:20:33: error: 'shadow' defined but not used [-Werror=unused-variable]
   20 | static struct x68k_console_cell shadow[HAL_CONS_ROWS][HAL_CONS_COLUMNS];
      |                                 ^~~~~~
cc1: all warnings being treated as errors
src/hal/m68k/bsp-x68k/pmem.c:205:41: error: invalid application of 'sizeof' to incomplete type 'struct hal_pmem'
  205 |         hal_memset(descriptor, 0, sizeof(*descriptor));
      |                                         ^
src/hal/m68k/bsp-x68k/pmem.c: At top level:
src/hal/m68k/bsp-x68k/pmem.c:210:29: error: 'struct hal_pmem_request' declared inside parameter list will not be visible outside of this definition or declaration [-Werror]
  210 | hal_pmem_alloc(const struct hal_pmem_request *request,
      |                             ^~~~~~~~~~~~~~~~
src/hal/m68k/bsp-x68k/pmem.c:210:1: error: conflicting types for 'hal_pmem_alloc'; have 'int(const struct hal_pmem_request *, struct hal_pmem *)'
  210 | hal_pmem_alloc(const struct hal_pmem_request *request,
      | ^~~~~~~~~~~~~~
In file included from src/hal/m68k/bsp-x68k/pmem.c:4:
include/hal/hal.h:464:1: note: previous declaration of 'hal_pmem_alloc' with type 'int(size_t,  size_t,  hal_physaddr_t *)' {aka 'int(unsigned int,  unsigned int,  unsigned int *)'}
  464 | hal_pmem_alloc(
      | ^~~~~~~~~~~~~~
src/hal/m68k/bsp-x68k/pmem.c: In function 'hal_pmem_alloc':
src/hal/m68k/bsp-x68k/pmem.c:218:61: error: invalid use of undefined type 'const struct hal_pmem_request'
  218 |         if (request == NULL || descriptor == NULL || request->size == 0 ||
      |                                                             ^~
src/hal/m68k/bsp-x68k/pmem.c:219:21: error: invalid use of undefined type 'const struct hal_pmem_request'
  219 |             (request->attr & ~(HAL_PMEM_ATTR_NOCACHE |
      |                     ^~
make: *** [platform/x68k/vmunix.mk:186: build/ws035-p001/x68k-k/src/hal/m68k/bsp-x68k/console.o] Error 1
m68k-linux-gnu-gcc -nostdinc -Iinclude -Isrc -I. -Ilibc/include -Isrc/hal/m68k -DHAL_ARCH_M68K -DHAL_BOARD_X68K -DKERN_USER_ABI_M68K -DKERN_PAGE_SIZE=4096 -DKERN_USER_PAGE_SIZE=4096 -DKERN_NO_PRINTF_FLOAT -DKERN_INIT_PATH='"/x68k/bin/sh"' -DCONFIG_DRIVER_NE2000=0 -DCONFIG_DRIVER_LGY98=0 -DCONFIG_DRIVER_GRAPHICS=0 -DCONFIG_DRIVER_GRAPHICS_DEVICE=0 -DCONFIG_DRIVER_PCI_UHCI=0 -DCONFIG_DRIVER_PCI_EHCI=0 -DCONFIG_DRIVER_PCI_XHCI=0 -DCONFIG_DRIVER_PCI_NVME=0 -DCONFIG_DRIVER_PCI_VENUS=0 -DCONFIG_DRIVER_PCI_I915=0 -DCONFIG_DRIVER_PCI_INTEL_AX211=0 -DCONFIG_DRIVER_USB_STORAGE=0 -DCONFIG_DRIVER_USB_CDC_NCM=0 -DCONFIG_DRIVER_USB_CDC_ECM=0 -DCONFIG_DRIVER_USB_HID=0 -DCONFIG_DRIVER_USB_RTL8822BU=0 -DCONFIG_KERNEL_USB_HID_CHECKPOINT=0 -DCONFIG_BUF_CACHE_KIB=0 -DCONFIG_GPU_JOB_RESERVATION_MS=10000 -DCONFIG_GPU_JOB_EXECUTION_MS=60000 -DCONFIG_GPU_JOB_STOP_MS=10000 -DCONFIG_GPU_CONTROL_MS=10000 -m68030 -msoft-float -ffreestanding -fno-pic -fno-pie -fno-stack-protector -fno-asynchronous-unwind-tables -fno-unwind-tables -fno-common -ffunction-sections -fdata-sections -Os -Wall -Wextra -Werror -fno-builtin \
 -fno-strict-aliasing -MMD -MP -c src/kern/mount.c -o build/ws035-p001/x68k-k/kernel/src/kern/mount.o
src/hal/m68k/bsp-x68k/pmem.c:219:32: error: 'HAL_PMEM_ATTR_NOCACHE' undeclared (first use in this function)
  219 |             (request->attr & ~(HAL_PMEM_ATTR_NOCACHE |
      |                                ^~~~~~~~~~~~~~~~~~~~~
m68k-linux-gnu-gcc -nostdinc -Iinclude -Isrc -I. -Ilibc/include -Isrc/hal/m68k -DHAL_ARCH_M68K -DHAL_BOARD_X68K -DKERN_USER_ABI_M68K -DKERN_PAGE_SIZE=4096 -DKERN_USER_PAGE_SIZE=4096 -DKERN_NO_PRINTF_FLOAT -DKERN_INIT_PATH='"/x68k/bin/sh"' -DCONFIG_DRIVER_NE2000=0 -DCONFIG_DRIVER_LGY98=0 -DCONFIG_DRIVER_GRAPHICS=0 -DCONFIG_DRIVER_GRAPHICS_DEVICE=0 -DCONFIG_DRIVER_PCI_UHCI=0 -DCONFIG_DRIVER_PCI_EHCI=0 -DCONFIG_DRIVER_PCI_XHCI=0 -DCONFIG_DRIVER_PCI_NVME=0 -DCONFIG_DRIVER_PCI_VENUS=0 -DCONFIG_DRIVER_PCI_I915=0 -DCONFIG_DRIVER_PCI_INTEL_AX211=0 -DCONFIG_DRIVER_USB_STORAGE=0 -DCONFIG_DRIVER_USB_CDC_NCM=0 -DCONFIG_DRIVER_USB_CDC_ECM=0 -DCONFIG_DRIVER_USB_HID=0 -DCONFIG_DRIVER_USB_RTL8822BU=0 -DCONFIG_KERNEL_USB_HID_CHECKPOINT=0 -DCONFIG_BUF_CACHE_KIB=0 -DCONFIG_GPU_JOB_RESERVATION_MS=10000 -DCONFIG_GPU_JOB_EXECUTION_MS=60000 -DCONFIG_GPU_JOB_STOP_MS=10000 -DCONFIG_GPU_CONTROL_MS=10000 -m68030 -msoft-float -ffreestanding -fno-pic -fno-pie -fno-stack-protector -fno-asynchronous-unwind-tables -fno-unwind-tables -fno-common -ffunction-sections -fdata-sections -Os -Wall -Wextra -Werror -fno-builtin \
 -fno-strict-aliasing -MMD -MP -c src/kern/vfs.c -o build/ws035-p001/x68k-k/kernel/src/kern/vfs.o
m68k-linux-gnu-gcc -nostdinc -Iinclude -Isrc -I. -Ilibc/include -Isrc/hal/m68k -DHAL_ARCH_M68K -DHAL_BOARD_X68K -DKERN_USER_ABI_M68K -DKERN_PAGE_SIZE=4096 -DKERN_USER_PAGE_SIZE=4096 -DKERN_NO_PRINTF_FLOAT -DKERN_INIT_PATH='"/x68k/bin/sh"' -DCONFIG_DRIVER_NE2000=0 -DCONFIG_DRIVER_LGY98=0 -DCONFIG_DRIVER_GRAPHICS=0 -DCONFIG_DRIVER_GRAPHICS_DEVICE=0 -DCONFIG_DRIVER_PCI_UHCI=0 -DCONFIG_DRIVER_PCI_EHCI=0 -DCONFIG_DRIVER_PCI_XHCI=0 -DCONFIG_DRIVER_PCI_NVME=0 -DCONFIG_DRIVER_PCI_VENUS=0 -DCONFIG_DRIVER_PCI_I915=0 -DCONFIG_DRIVER_PCI_INTEL_AX211=0 -DCONFIG_DRIVER_USB_STORAGE=0 -DCONFIG_DRIVER_USB_CDC_NCM=0 -DCONFIG_DRIVER_USB_CDC_ECM=0 -DCONFIG_DRIVER_USB_HID=0 -DCONFIG_DRIVER_USB_RTL8822BU=0 -DCONFIG_KERNEL_USB_HID_CHECKPOINT=0 -DCONFIG_BUF_CACHE_KIB=0 -DCONFIG_GPU_JOB_RESERVATION_MS=10000 -DCONFIG_GPU_JOB_EXECUTION_MS=60000 -DCONFIG_GPU_JOB_STOP_MS=10000 -DCONFIG_GPU_CONTROL_MS=10000 -m68030 -msoft-float -ffreestanding -fno-pic -fno-pie -fno-stack-protector -fno-asynchronous-unwind-tables -fno-unwind-tables -fno-common -ffunction-sections -fdata-sections -Os -Wall -Wextra -Werror -fno-builtin \
 -fno-strict-aliasing -MMD -MP -c src/kern/swap.c -o build/ws035-p001/x68k-k/kernel/src/kern/swap.o
src/hal/m68k/bsp-x68k/pmem.c:220:13: error: 'HAL_PMEM_ATTR_WRITETHRU' undeclared (first use in this function); did you mean 'HAL_SPACE_WRITETHRU'?
  220 |             HAL_PMEM_ATTR_WRITETHRU)) != 0)
      |             ^~~~~~~~~~~~~~~~~~~~~~~
      |             HAL_SPACE_WRITETHRU
src/hal/m68k/bsp-x68k/pmem.c:222:28: error: invalid use of undefined type 'const struct hal_pmem_request'
  222 |         alignment = request->alignment == 0 ? M68K030_PAGE_SIZE :
      |                            ^~
src/hal/m68k/bsp-x68k/pmem.c:223:24: error: invalid use of undefined type 'const struct hal_pmem_request'
  223 |                 request->alignment;
      |                        ^~
src/hal/m68k/bsp-x68k/pmem.c:227:20: error: invalid use of undefined type 'const struct hal_pmem_request'
  227 |         if (request->type == HAL_PMEM_TYPE_RAM) {
      |                    ^~
m68k-linux-gnu-gcc -nostdinc -Iinclude -Isrc -I. -Ilibc/include -Isrc/hal/m68k -DHAL_ARCH_M68K -DHAL_BOARD_X68K -DKERN_USER_ABI_M68K -DKERN_PAGE_SIZE=4096 -DKERN_USER_PAGE_SIZE=4096 -DKERN_NO_PRINTF_FLOAT -DKERN_INIT_PATH='"/x68k/bin/sh"' -DCONFIG_DRIVER_NE2000=0 -DCONFIG_DRIVER_LGY98=0 -DCONFIG_DRIVER_GRAPHICS=0 -DCONFIG_DRIVER_GRAPHICS_DEVICE=0 -DCONFIG_DRIVER_PCI_UHCI=0 -DCONFIG_DRIVER_PCI_EHCI=0 -DCONFIG_DRIVER_PCI_XHCI=0 -DCONFIG_DRIVER_PCI_NVME=0 -DCONFIG_DRIVER_PCI_VENUS=0 -DCONFIG_DRIVER_PCI_I915=0 -DCONFIG_DRIVER_PCI_INTEL_AX211=0 -DCONFIG_DRIVER_USB_STORAGE=0 -DCONFIG_DRIVER_USB_CDC_NCM=0 -DCONFIG_DRIVER_USB_CDC_ECM=0 -DCONFIG_DRIVER_USB_HID=0 -DCONFIG_DRIVER_USB_RTL8822BU=0 -DCONFIG_KERNEL_USB_HID_CHECKPOINT=0 -DCONFIG_BUF_CACHE_KIB=0 -DCONFIG_GPU_JOB_RESERVATION_MS=10000 -DCONFIG_GPU_JOB_EXECUTION_MS=60000 -DCONFIG_GPU_JOB_STOP_MS=10000 -DCONFIG_GPU_CONTROL_MS=10000 -m68030 -msoft-float -ffreestanding -fno-pic -fno-pie -fno-stack-protector -fno-asynchronous-unwind-tables -fno-unwind-tables -fno-common -ffunction-sections -fdata-sections -Os -Wall -Wextra -Werror -fno-builtin \
 -fno-strict-aliasing -MMD -MP -c src/kern/tmpfs.c -o build/ws035-p001/x68k-k/kernel/src/kern/tmpfs.o
src/hal/m68k/bsp-x68k/pmem.c:227:30: error: 'HAL_PMEM_TYPE_RAM' undeclared (first use in this function)
  227 |         if (request->type == HAL_PMEM_TYPE_RAM) {
      |                              ^~~~~~~~~~~~~~~~~
src/hal/m68k/bsp-x68k/pmem.c:228:28: error: invalid use of undefined type 'const struct hal_pmem_request'
  228 |                 if (request->paddr != HAL_PMEM_PADDR_ANY || request->attr != 0)
      |                            ^~
m68k-linux-gnu-gcc -nostdinc -Iinclude -Isrc -I. -Ilibc/include -Isrc/hal/m68k -DHAL_ARCH_M68K -DHAL_BOARD_X68K -DKERN_USER_ABI_M68K -DKERN_PAGE_SIZE=4096 -DKERN_USER_PAGE_SIZE=4096 -DKERN_NO_PRINTF_FLOAT -DKERN_INIT_PATH='"/x68k/bin/sh"' -DCONFIG_DRIVER_NE2000=0 -DCONFIG_DRIVER_LGY98=0 -DCONFIG_DRIVER_GRAPHICS=0 -DCONFIG_DRIVER_GRAPHICS_DEVICE=0 -DCONFIG_DRIVER_PCI_UHCI=0 -DCONFIG_DRIVER_PCI_EHCI=0 -DCONFIG_DRIVER_PCI_XHCI=0 -DCONFIG_DRIVER_PCI_NVME=0 -DCONFIG_DRIVER_PCI_VENUS=0 -DCONFIG_DRIVER_PCI_I915=0 -DCONFIG_DRIVER_PCI_INTEL_AX211=0 -DCONFIG_DRIVER_USB_STORAGE=0 -DCONFIG_DRIVER_USB_CDC_NCM=0 -DCONFIG_DRIVER_USB_CDC_ECM=0 -DCONFIG_DRIVER_USB_HID=0 -DCONFIG_DRIVER_USB_RTL8822BU=0 -DCONFIG_KERNEL_USB_HID_CHECKPOINT=0 -DCONFIG_BUF_CACHE_KIB=0 -DCONFIG_GPU_JOB_RESERVATION_MS=10000 -DCONFIG_GPU_JOB_EXECUTION_MS=60000 -DCONFIG_GPU_JOB_STOP_MS=10000 -DCONFIG_GPU_CONTROL_MS=10000 -m68030 -msoft-float -ffreestanding -fno-pic -fno-pie -fno-stack-protector -fno-asynchronous-unwind-tables -fno-unwind-tables -fno-common -ffunction-sections -fdata-sections -Os -Wall -Wextra -Werror -fno-builtin \
 -fno-strict-aliasing -MMD -MP -c src/drivers/fs/overlayfs.c -o build/ws035-p001/x68k-k/kernel/src/drivers/fs/overlayfs.o
src/hal/m68k/bsp-x68k/pmem.c:228:39: error: 'HAL_PMEM_PADDR_ANY' undeclared (first use in this function)
  228 |                 if (request->paddr != HAL_PMEM_PADDR_ANY || request->attr != 0)
      |                                       ^~~~~~~~~~~~~~~~~~
src/hal/m68k/bsp-x68k/pmem.c:228:68: error: invalid use of undefined type 'const struct hal_pmem_request'
  228 |                 if (request->paddr != HAL_PMEM_PADDR_ANY || request->attr != 0)
      |                                                                    ^~
src/hal/m68k/bsp-x68k/pmem.c:230:46: error: invalid use of undefined type 'const struct hal_pmem_request'
  230 |                 return allocate_pages(request->size, alignment, descriptor);
      |                                              ^~
src/hal/m68k/bsp-x68k/pmem.c:232:21: error: invalid use of undefined type 'const struct hal_pmem_request'
  232 |         if ((request->type != HAL_PMEM_TYPE_MMIO &&
      |                     ^~
m68k-linux-gnu-gcc -nostdinc -Iinclude -Isrc -I. -Ilibc/include -Isrc/hal/m68k -DHAL_ARCH_M68K -DHAL_BOARD_X68K -DKERN_USER_ABI_M68K -DKERN_PAGE_SIZE=4096 -DKERN_USER_PAGE_SIZE=4096 -DKERN_NO_PRINTF_FLOAT -DKERN_INIT_PATH='"/x68k/bin/sh"' -DCONFIG_DRIVER_NE2000=0 -DCONFIG_DRIVER_LGY98=0 -DCONFIG_DRIVER_GRAPHICS=0 -DCONFIG_DRIVER_GRAPHICS_DEVICE=0 -DCONFIG_DRIVER_PCI_UHCI=0 -DCONFIG_DRIVER_PCI_EHCI=0 -DCONFIG_DRIVER_PCI_XHCI=0 -DCONFIG_DRIVER_PCI_NVME=0 -DCONFIG_DRIVER_PCI_VENUS=0 -DCONFIG_DRIVER_PCI_I915=0 -DCONFIG_DRIVER_PCI_INTEL_AX211=0 -DCONFIG_DRIVER_USB_STORAGE=0 -DCONFIG_DRIVER_USB_CDC_NCM=0 -DCONFIG_DRIVER_USB_CDC_ECM=0 -DCONFIG_DRIVER_USB_HID=0 -DCONFIG_DRIVER_USB_RTL8822BU=0 -DCONFIG_KERNEL_USB_HID_CHECKPOINT=0 -DCONFIG_BUF_CACHE_KIB=0 -DCONFIG_GPU_JOB_RESERVATION_MS=10000 -DCONFIG_GPU_JOB_EXECUTION_MS=60000 -DCONFIG_GPU_JOB_STOP_MS=10000 -DCONFIG_GPU_CONTROL_MS=10000 -m68030 -msoft-float -ffreestanding -fno-pic -fno-pie -fno-stack-protector -fno-asynchronous-unwind-tables -fno-unwind-tables -fno-common -ffunction-sections -fdata-sections -Os -Wall -Wextra -Werror -fno-builtin \
 -fno-strict-aliasing -MMD -MP -c src/drivers/generic/loop.c -o build/ws035-p001/x68k-k/kernel/src/drivers/generic/loop.o
src/hal/m68k/bsp-x68k/pmem.c:232:31: error: 'HAL_PMEM_TYPE_MMIO' undeclared (first use in this function)
  232 |         if ((request->type != HAL_PMEM_TYPE_MMIO &&
      |                               ^~~~~~~~~~~~~~~~~~
src/hal/m68k/bsp-x68k/pmem.c:233:20: error: invalid use of undefined type 'const struct hal_pmem_request'
  233 |             request->type != HAL_PMEM_TYPE_VRAM) ||
      |                    ^~
m68k-linux-gnu-gcc -nostdinc -Iinclude -Isrc -I. -Ilibc/include -Isrc/hal/m68k -DHAL_ARCH_M68K -DHAL_BOARD_X68K -DKERN_USER_ABI_M68K -DKERN_PAGE_SIZE=4096 -DKERN_USER_PAGE_SIZE=4096 -DKERN_NO_PRINTF_FLOAT -DKERN_INIT_PATH='"/x68k/bin/sh"' -DCONFIG_DRIVER_NE2000=0 -DCONFIG_DRIVER_LGY98=0 -DCONFIG_DRIVER_GRAPHICS=0 -DCONFIG_DRIVER_GRAPHICS_DEVICE=0 -DCONFIG_DRIVER_PCI_UHCI=0 -DCONFIG_DRIVER_PCI_EHCI=0 -DCONFIG_DRIVER_PCI_XHCI=0 -DCONFIG_DRIVER_PCI_NVME=0 -DCONFIG_DRIVER_PCI_VENUS=0 -DCONFIG_DRIVER_PCI_I915=0 -DCONFIG_DRIVER_PCI_INTEL_AX211=0 -DCONFIG_DRIVER_USB_STORAGE=0 -DCONFIG_DRIVER_USB_CDC_NCM=0 -DCONFIG_DRIVER_USB_CDC_ECM=0 -DCONFIG_DRIVER_USB_HID=0 -DCONFIG_DRIVER_USB_RTL8822BU=0 -DCONFIG_KERNEL_USB_HID_CHECKPOINT=0 -DCONFIG_BUF_CACHE_KIB=0 -DCONFIG_GPU_JOB_RESERVATION_MS=10000 -DCONFIG_GPU_JOB_EXECUTION_MS=60000 -DCONFIG_GPU_JOB_STOP_MS=10000 -DCONFIG_GPU_CONTROL_MS=10000 -m68030 -msoft-float -ffreestanding -fno-pic -fno-pie -fno-stack-protector -fno-asynchronous-unwind-tables -fno-unwind-tables -fno-common -ffunction-sections -fdata-sections -Os -Wall -Wextra -Werror -fno-builtin \
 -fno-strict-aliasing -MMD -MP -c src/kern/backing-claim.c -o build/ws035-p001/x68k-k/kernel/src/kern/backing-claim.o
src/hal/m68k/bsp-x68k/pmem.c:233:30: error: 'HAL_PMEM_TYPE_VRAM' undeclared (first use in this function)
  233 |             request->type != HAL_PMEM_TYPE_VRAM) ||
      |                              ^~~~~~~~~~~~~~~~~~
src/hal/m68k/bsp-x68k/pmem.c:234:20: error: invalid use of undefined type 'const struct hal_pmem_request'
  234 |             request->paddr == HAL_PMEM_PADDR_ANY ||
      |                    ^~
src/hal/m68k/bsp-x68k/pmem.c:235:20: error: invalid use of undefined type 'const struct hal_pmem_request'
  235 |             request->paddr > UINT32_MAX - request->size ||
      |                    ^~
m68k-linux-gnu-gcc -nostdinc -Iinclude -Isrc -I. -Ilibc/include -Isrc/hal/m68k -DHAL_ARCH_M68K -DHAL_BOARD_X68K -DKERN_USER_ABI_M68K -DKERN_PAGE_SIZE=4096 -DKERN_USER_PAGE_SIZE=4096 -DKERN_NO_PRINTF_FLOAT -DKERN_INIT_PATH='"/x68k/bin/sh"' -DCONFIG_DRIVER_NE2000=0 -DCONFIG_DRIVER_LGY98=0 -DCONFIG_DRIVER_GRAPHICS=0 -DCONFIG_DRIVER_GRAPHICS_DEVICE=0 -DCONFIG_DRIVER_PCI_UHCI=0 -DCONFIG_DRIVER_PCI_EHCI=0 -DCONFIG_DRIVER_PCI_XHCI=0 -DCONFIG_DRIVER_PCI_NVME=0 -DCONFIG_DRIVER_PCI_VENUS=0 -DCONFIG_DRIVER_PCI_I915=0 -DCONFIG_DRIVER_PCI_INTEL_AX211=0 -DCONFIG_DRIVER_USB_STORAGE=0 -DCONFIG_DRIVER_USB_CDC_NCM=0 -DCONFIG_DRIVER_USB_CDC_ECM=0 -DCONFIG_DRIVER_USB_HID=0 -DCONFIG_DRIVER_USB_RTL8822BU=0 -DCONFIG_KERNEL_USB_HID_CHECKPOINT=0 -DCONFIG_BUF_CACHE_KIB=0 -DCONFIG_GPU_JOB_RESERVATION_MS=10000 -DCONFIG_GPU_JOB_EXECUTION_MS=60000 -DCONFIG_GPU_JOB_STOP_MS=10000 -DCONFIG_GPU_CONTROL_MS=10000 -m68030 -msoft-float -ffreestanding -fno-pic -fno-pie -fno-stack-protector -fno-asynchronous-unwind-tables -fno-unwind-tables -fno-common -ffunction-sections -fdata-sections -Os -Wall -Wextra -Werror -fno-builtin \
 -fno-strict-aliasing -MMD -MP -c src/kern/disk.c -o build/ws035-p001/x68k-k/kernel/src/kern/disk.o
src/hal/m68k/bsp-x68k/pmem.c:235:50: error: invalid use of undefined type 'const struct hal_pmem_request'
  235 |             request->paddr > UINT32_MAX - request->size ||
      |                                                  ^~
src/hal/m68k/bsp-x68k/pmem.c:236:21: error: invalid use of undefined type 'const struct hal_pmem_request'
  236 |             (request->paddr & (alignment - 1U)) != 0)
      |                     ^~
src/hal/m68k/bsp-x68k/pmem.c:238:22: error: invalid use of undefined type 'const struct hal_pmem_request'
  238 |         end = request->paddr + request->size;
      |                      ^~
src/hal/m68k/bsp-x68k/pmem.c:238:39: error: invalid use of undefined type 'const struct hal_pmem_request'
  238 |         end = request->paddr + request->size;
      |                                       ^~
src/hal/m68k/bsp-x68k/pmem.c:248:28: error: invalid use of undefined type 'const struct hal_pmem_request'
  248 |                 if (request->paddr < claim_end && end > fixed_claims[i].paddr) {
      |                            ^~
src/hal/m68k/bsp-x68k/pmem.c:259:67: error: invalid use of undefined type 'const struct hal_pmem_request'
  259 |         fixed_claims[free_slot].vaddr = (void *)(uintptr_t)request->paddr;
      |                                                                   ^~
src/hal/m68k/bsp-x68k/pmem.c:260:48: error: invalid use of undefined type 'const struct hal_pmem_request'
  260 |         fixed_claims[free_slot].paddr = request->paddr;
      |                                                ^~
src/hal/m68k/bsp-x68k/pmem.c:261:47: error: invalid use of undefined type 'const struct hal_pmem_request'
  261 |         fixed_claims[free_slot].size = request->size;
      |                                               ^~
m68k-linux-gnu-gcc -nostdinc -Iinclude -Isrc -I. -Ilibc/include -Isrc/hal/m68k -DHAL_ARCH_M68K -DHAL_BOARD_X68K -DKERN_USER_ABI_M68K -DKERN_PAGE_SIZE=4096 -DKERN_USER_PAGE_SIZE=4096 -DKERN_NO_PRINTF_FLOAT -DKERN_INIT_PATH='"/x68k/bin/sh"' -DCONFIG_DRIVER_NE2000=0 -DCONFIG_DRIVER_LGY98=0 -DCONFIG_DRIVER_GRAPHICS=0 -DCONFIG_DRIVER_GRAPHICS_DEVICE=0 -DCONFIG_DRIVER_PCI_UHCI=0 -DCONFIG_DRIVER_PCI_EHCI=0 -DCONFIG_DRIVER_PCI_XHCI=0 -DCONFIG_DRIVER_PCI_NVME=0 -DCONFIG_DRIVER_PCI_VENUS=0 -DCONFIG_DRIVER_PCI_I915=0 -DCONFIG_DRIVER_PCI_INTEL_AX211=0 -DCONFIG_DRIVER_USB_STORAGE=0 -DCONFIG_DRIVER_USB_CDC_NCM=0 -DCONFIG_DRIVER_USB_CDC_ECM=0 -DCONFIG_DRIVER_USB_HID=0 -DCONFIG_DRIVER_USB_RTL8822BU=0 -DCONFIG_KERNEL_USB_HID_CHECKPOINT=0 -DCONFIG_BUF_CACHE_KIB=0 -DCONFIG_GPU_JOB_RESERVATION_MS=10000 -DCONFIG_GPU_JOB_EXECUTION_MS=60000 -DCONFIG_GPU_JOB_STOP_MS=10000 -DCONFIG_GPU_CONTROL_MS=10000 -m68030 -msoft-float -ffreestanding -fno-pic -fno-pie -fno-stack-protector -fno-asynchronous-unwind-tables -fno-unwind-tables -fno-common -ffunction-sections -fdata-sections -Os -Wall -Wextra -Werror -fno-builtin \
 -fno-strict-aliasing -MMD -MP -c src/kern/partition.c -o build/ws035-p001/x68k-k/kernel/src/kern/partition.o
src/hal/m68k/bsp-x68k/pmem.c:262:47: error: invalid use of undefined type 'const struct hal_pmem_request'
  262 |         fixed_claims[free_slot].type = request->type;
      |                                               ^~
src/hal/m68k/bsp-x68k/pmem.c:263:47: error: invalid use of undefined type 'const struct hal_pmem_request'
  263 |         fixed_claims[free_slot].attr = request->attr;
      |                                               ^~
src/hal/m68k/bsp-x68k/pmem.c:264:21: error: invalid use of undefined type 'struct hal_pmem'
  264 |         *descriptor = fixed_claims[free_slot];
      |                     ^
src/hal/m68k/bsp-x68k/pmem.c: At top level:
src/hal/m68k/bsp-x68k/pmem.c:271:1: error: conflicting types for 'hal_pmem_free'; have 'int(struct hal_pmem *)'
  271 | hal_pmem_free(struct hal_pmem *descriptor)
      | ^~~~~~~~~~~~~
include/hal/hal.h:502:1: note: previous declaration of 'hal_pmem_free' with type 'int(hal_physaddr_t *, size_t)' {aka 'int(unsigned int *, unsigned int)'}
  502 | hal_pmem_free(
      | ^~~~~~~~~~~~~
src/hal/m68k/bsp-x68k/pmem.c: In function 'hal_pmem_free':
In file included from include/kern/swap.h:16,
                 from src/kern/swap.c:17:
include/kern/swap.h:23:50: error: invalid suffix "__UINT32_C_SUFFIX__" on integer constant
   23 | #define SWAP_SLOT_SOURCE_MASK           UINT32_C(0x60000000)
      |                                                  ^~~~~~~~~~
libc/include/stdint.h:104:42: note: in definition of macro '__ZED_INT_C_PASTE'
  104 | #define __ZED_INT_C_PASTE(value, suffix) value ## suffix
      |                                          ^~~~~
libc/include/stdint.h:112:25: note: in expansion of macro '__ZED_INT_C'
  112 | #define UINT32_C(value) __ZED_INT_C(value, __UINT32_C_SUFFIX__)
      |                         ^~~~~~~~~~~
include/kern/swap.h:23:41: note: in expansion of macro 'UINT32_C'
   23 | #define SWAP_SLOT_SOURCE_MASK           UINT32_C(0x60000000)
      |                                         ^~~~~~~~
include/kern/swap.h:67:17: note: in expansion of macro 'SWAP_SLOT_SOURCE_MASK'
   67 | _Static_assert((SWAP_SLOT_SOURCE_MASK | SWAP_SLOT_LOCAL_MASK) ==
      |                 ^~~~~~~~~~~~~~~~~~~~~
include/kern/swap.h:22:50: error: invalid suffix "__UINT32_C_SUFFIX__" on integer constant
   22 | #define SWAP_SLOT_LOCAL_MASK            UINT32_C(0x1fffffff)
      |                                                  ^~~~~~~~~~
libc/include/stdint.h:104:42: note: in definition of macro '__ZED_INT_C_PASTE'
  104 | #define __ZED_INT_C_PASTE(value, suffix) value ## suffix
      |                                          ^~~~~
libc/include/stdint.h:112:25: note: in expansion of macro '__ZED_INT_C'
  112 | #define UINT32_C(value) __ZED_INT_C(value, __UINT32_C_SUFFIX__)
      |                         ^~~~~~~~~~~
include/kern/swap.h:22:41: note: in expansion of macro 'UINT32_C'
   22 | #define SWAP_SLOT_LOCAL_MASK            UINT32_C(0x1fffffff)
      |                                         ^~~~~~~~
include/kern/swap.h:67:41: note: in expansion of macro 'SWAP_SLOT_LOCAL_MASK'
   67 | _Static_assert((SWAP_SLOT_SOURCE_MASK | SWAP_SLOT_LOCAL_MASK) ==
      |                                         ^~~~~~~~~~~~~~~~~~~~
src/hal/m68k/bsp-x68k/pmem.c:275:45: error: invalid use of undefined type 'struct hal_pmem'
  275 |         if (descriptor == NULL || descriptor->size == 0)
      |                                             ^~
include/kern/swap.h:24:50: error: invalid suffix "__UINT32_C_SUFFIX__" on integer constant
   24 | #define SWAP_SLOT_VALID_MASK            UINT32_C(0x7fffffff)
      |                                                  ^~~~~~~~~~
libc/include/stdint.h:104:42: note: in definition of macro '__ZED_INT_C_PASTE'
  104 | #define __ZED_INT_C_PASTE(value, suffix) value ## suffix
      |                                          ^~~~~
libc/include/stdint.h:112:25: note: in expansion of macro '__ZED_INT_C'
  112 | #define UINT32_C(value) __ZED_INT_C(value, __UINT32_C_SUFFIX__)
      |                         ^~~~~~~~~~~
include/kern/swap.h:24:41: note: in expansion of macro 'UINT32_C'
   24 | #define SWAP_SLOT_VALID_MASK            UINT32_C(0x7fffffff)
      |                                         ^~~~~~~~
include/kern/swap.h:68:5: note: in expansion of macro 'SWAP_SLOT_VALID_MASK'
   68 |     SWAP_SLOT_VALID_MASK, "swap token fields must cover bits 0 through 30");
      |     ^~~~~~~~~~~~~~~~~~~~
include/kern/swap.h:67:16: error: expression in static assertion is not an integer
   67 | _Static_assert((SWAP_SLOT_SOURCE_MASK | SWAP_SLOT_LOCAL_MASK) ==
      |                ^
include/kern/swap.h:23:50: error: invalid suffix "__UINT32_C_SUFFIX__" on integer constant
   23 | #define SWAP_SLOT_SOURCE_MASK           UINT32_C(0x60000000)
      |                                                  ^~~~~~~~~~
libc/include/stdint.h:104:42: note: in definition of macro '__ZED_INT_C_PASTE'
  104 | #define __ZED_INT_C_PASTE(value, suffix) value ## suffix
      |                                          ^~~~~
libc/include/stdint.h:112:25: note: in expansion of macro '__ZED_INT_C'
  112 | #define UINT32_C(value) __ZED_INT_C(value, __UINT32_C_SUFFIX__)
      |                         ^~~~~~~~~~~
include/kern/swap.h:23:41: note: in expansion of macro 'UINT32_C'
   23 | #define SWAP_SLOT_SOURCE_MASK           UINT32_C(0x60000000)
      |                                         ^~~~~~~~
include/kern/swap.h:69:17: note: in expansion of macro 'SWAP_SLOT_SOURCE_MASK'
   69 | _Static_assert((SWAP_SLOT_SOURCE_MASK & SWAP_SLOT_LOCAL_MASK) == 0,
      |                 ^~~~~~~~~~~~~~~~~~~~~
include/kern/swap.h:22:50: error: invalid suffix "__UINT32_C_SUFFIX__" on integer constant
   22 | #define SWAP_SLOT_LOCAL_MASK            UINT32_C(0x1fffffff)
      |                                                  ^~~~~~~~~~
libc/include/stdint.h:104:42: note: in definition of macro '__ZED_INT_C_PASTE'
  104 | #define __ZED_INT_C_PASTE(value, suffix) value ## suffix
      |                                          ^~~~~
libc/include/stdint.h:112:25: note: in expansion of macro '__ZED_INT_C'
  112 | #define UINT32_C(value) __ZED_INT_C(value, __UINT32_C_SUFFIX__)
      |                         ^~~~~~~~~~~
include/kern/swap.h:22:41: note: in expansion of macro 'UINT32_C'
   22 | #define SWAP_SLOT_LOCAL_MASK            UINT32_C(0x1fffffff)
      |                                         ^~~~~~~~
include/kern/swap.h:69:41: note: in expansion of macro 'SWAP_SLOT_LOCAL_MASK'
   69 | _Static_assert((SWAP_SLOT_SOURCE_MASK & SWAP_SLOT_LOCAL_MASK) == 0,
      |                                         ^~~~~~~~~~~~~~~~~~~~
src/hal/m68k/bsp-x68k/pmem.c:277:23: error: invalid use of undefined type 'struct hal_pmem'
  277 |         if (descriptor->type == HAL_PMEM_TYPE_RAM)
      |                       ^~
include/kern/swap.h:69:16: error: expression in static assertion is not an integer
   69 | _Static_assert((SWAP_SLOT_SOURCE_MASK & SWAP_SLOT_LOCAL_MASK) == 0,
      |                ^
include/kern/swap.h:24:50: error: invalid suffix "__UINT32_C_SUFFIX__" on integer constant
   24 | #define SWAP_SLOT_VALID_MASK            UINT32_C(0x7fffffff)
      |                                                  ^~~~~~~~~~
libc/include/stdint.h:104:42: note: in definition of macro '__ZED_INT_C_PASTE'
  104 | #define __ZED_INT_C_PASTE(value, suffix) value ## suffix
      |                                          ^~~~~
libc/include/stdint.h:112:25: note: in expansion of macro '__ZED_INT_C'
  112 | #define UINT32_C(value) __ZED_INT_C(value, __UINT32_C_SUFFIX__)
      |                         ^~~~~~~~~~~
include/kern/swap.h:24:41: note: in expansion of macro 'UINT32_C'
   24 | #define SWAP_SLOT_VALID_MASK            UINT32_C(0x7fffffff)
      |                                         ^~~~~~~~
include/kern/swap.h:71:35: note: in expansion of macro 'SWAP_SLOT_VALID_MASK'
   71 | _Static_assert((SWAP_SLOT_NONE & ~SWAP_SLOT_VALID_MASK) != 0,
      |                                   ^~~~~~~~~~~~~~~~~~~~
include/kern/swap.h:71:16: error: expression in static assertion is not an integer
   71 | _Static_assert((SWAP_SLOT_NONE & ~SWAP_SLOT_VALID_MASK) != 0,
      |                ^
m68k-linux-gnu-gcc -nostdinc -Iinclude -Isrc -I. -Ilibc/include -Isrc/hal/m68k -DHAL_ARCH_M68K -DHAL_BOARD_X68K -DKERN_USER_ABI_M68K -DKERN_PAGE_SIZE=4096 -DKERN_USER_PAGE_SIZE=4096 -DKERN_NO_PRINTF_FLOAT -DKERN_INIT_PATH='"/x68k/bin/sh"' -DCONFIG_DRIVER_NE2000=0 -DCONFIG_DRIVER_LGY98=0 -DCONFIG_DRIVER_GRAPHICS=0 -DCONFIG_DRIVER_GRAPHICS_DEVICE=0 -DCONFIG_DRIVER_PCI_UHCI=0 -DCONFIG_DRIVER_PCI_EHCI=0 -DCONFIG_DRIVER_PCI_XHCI=0 -DCONFIG_DRIVER_PCI_NVME=0 -DCONFIG_DRIVER_PCI_VENUS=0 -DCONFIG_DRIVER_PCI_I915=0 -DCONFIG_DRIVER_PCI_INTEL_AX211=0 -DCONFIG_DRIVER_USB_STORAGE=0 -DCONFIG_DRIVER_USB_CDC_NCM=0 -DCONFIG_DRIVER_USB_CDC_ECM=0 -DCONFIG_DRIVER_USB_HID=0 -DCONFIG_DRIVER_USB_RTL8822BU=0 -DCONFIG_KERNEL_USB_HID_CHECKPOINT=0 -DCONFIG_BUF_CACHE_KIB=0 -DCONFIG_GPU_JOB_RESERVATION_MS=10000 -DCONFIG_GPU_JOB_EXECUTION_MS=60000 -DCONFIG_GPU_JOB_STOP_MS=10000 -DCONFIG_GPU_CONTROL_MS=10000 -m68030 -msoft-float -ffreestanding -fno-pic -fno-pie -fno-stack-protector -fno-asynchronous-unwind-tables -fno-unwind-tables -fno-common -ffunction-sections -fdata-sections -Os -Wall -Wextra -Werror -fno-builtin \
 -fno-strict-aliasing -MMD -MP -c src/drivers/disklabel/x68k.c -o build/ws035-p001/x68k-k/kernel/src/drivers/disklabel/x68k.o
src/hal/m68k/bsp-x68k/pmem.c:277:33: error: 'HAL_PMEM_TYPE_RAM' undeclared (first use in this function)
  277 |         if (descriptor->type == HAL_PMEM_TYPE_RAM)
      |                                 ^~~~~~~~~~~~~~~~~
m68k-linux-gnu-gcc -nostdinc -Iinclude -Isrc -I. -Ilibc/include -Isrc/hal/m68k -DHAL_ARCH_M68K -DHAL_BOARD_X68K -DKERN_USER_ABI_M68K -DKERN_PAGE_SIZE=4096 -DKERN_USER_PAGE_SIZE=4096 -DKERN_NO_PRINTF_FLOAT -DKERN_INIT_PATH='"/x68k/bin/sh"' -DCONFIG_DRIVER_NE2000=0 -DCONFIG_DRIVER_LGY98=0 -DCONFIG_DRIVER_GRAPHICS=0 -DCONFIG_DRIVER_GRAPHICS_DEVICE=0 -DCONFIG_DRIVER_PCI_UHCI=0 -DCONFIG_DRIVER_PCI_EHCI=0 -DCONFIG_DRIVER_PCI_XHCI=0 -DCONFIG_DRIVER_PCI_NVME=0 -DCONFIG_DRIVER_PCI_VENUS=0 -DCONFIG_DRIVER_PCI_I915=0 -DCONFIG_DRIVER_PCI_INTEL_AX211=0 -DCONFIG_DRIVER_USB_STORAGE=0 -DCONFIG_DRIVER_USB_CDC_NCM=0 -DCONFIG_DRIVER_USB_CDC_ECM=0 -DCONFIG_DRIVER_USB_HID=0 -DCONFIG_DRIVER_USB_RTL8822BU=0 -DCONFIG_KERNEL_USB_HID_CHECKPOINT=0 -DCONFIG_BUF_CACHE_KIB=0 -DCONFIG_GPU_JOB_RESERVATION_MS=10000 -DCONFIG_GPU_JOB_EXECUTION_MS=60000 -DCONFIG_GPU_JOB_STOP_MS=10000 -DCONFIG_GPU_CONTROL_MS=10000 -m68030 -msoft-float -ffreestanding -fno-pic -fno-pie -fno-stack-protector -fno-asynchronous-unwind-tables -fno-unwind-tables -fno-common -ffunction-sections -fdata-sections -Os -Wall -Wextra -Werror -fno-builtin \
 -fno-strict-aliasing -MMD -MP -c src/kern/platform/x68k.c -o build/ws035-p001/x68k-k/kernel/src/kern/platform/x68k.o
src/hal/m68k/bsp-x68k/pmem.c:281:56: error: invalid use of undefined type 'struct hal_pmem'
  281 |                 if (fixed_claims[i].vaddr == descriptor->vaddr &&
      |                                                        ^~
src/hal/m68k/bsp-x68k/pmem.c:282:56: error: invalid use of undefined type 'struct hal_pmem'
  282 |                     fixed_claims[i].paddr == descriptor->paddr &&
      |                                                        ^~
src/hal/m68k/bsp-x68k/pmem.c:283:55: error: invalid use of undefined type 'struct hal_pmem'
  283 |                     fixed_claims[i].size == descriptor->size &&
      |                                                       ^~
src/hal/m68k/bsp-x68k/pmem.c:284:55: error: invalid use of undefined type 'struct hal_pmem'
  284 |                     fixed_claims[i].type == descriptor->type)
      |                                                       ^~
src/hal/m68k/bsp-x68k/pmem.c:294:41: error: invalid application of 'sizeof' to incomplete type 'struct hal_pmem'
  294 |         hal_memset(descriptor, 0, sizeof(*descriptor));
      |                                         ^
src/hal/m68k/bsp-x68k/pmem.c: At top level:
src/hal/m68k/bsp-x68k/pmem.c:316:27: error: 'struct hal_pmem_stats' declared inside parameter list will not be visible outside of this definition or declaration [-Werror]
  316 | hal_pmem_get_stats(struct hal_pmem_stats *stats)
      |                           ^~~~~~~~~~~~~~
src/hal/m68k/bsp-x68k/pmem.c: In function 'hal_pmem_get_stats':
src/hal/m68k/bsp-x68k/pmem.c:320:36: error: invalid application of 'sizeof' to incomplete type 'struct hal_pmem_stats'
  320 |         hal_memset(stats, 0, sizeof(*stats));
      |                                    ^
src/hal/m68k/bsp-x68k/pmem.c:321:14: error: invalid use of undefined type 'struct hal_pmem_stats'
  321 |         stats->physical_total = (size_t)physical_pages * M68K030_PAGE_SIZE;
      |              ^~
src/hal/m68k/bsp-x68k/pmem.c:322:14: error: invalid use of undefined type 'struct hal_pmem_stats'
  322 |         stats->physical_reserved = (size_t)reserved_pages * M68K030_PAGE_SIZE;
      |              ^~
src/hal/m68k/bsp-x68k/pmem.c:323:14: error: invalid use of undefined type 'struct hal_pmem_stats'
  323 |         stats->physical_allocated = (size_t)allocated_pages * M68K030_PAGE_SIZE;
      |              ^~
src/hal/m68k/bsp-x68k/pmem.c:324:14: error: invalid use of undefined type 'struct hal_pmem_stats'
  324 |         stats->physical_free = stats->physical_total - stats->physical_reserved -
      |              ^~
src/hal/m68k/bsp-x68k/pmem.c:324:37: error: invalid use of undefined type 'struct hal_pmem_stats'
  324 |         stats->physical_free = stats->physical_total - stats->physical_reserved -
      |                                     ^~
src/hal/m68k/bsp-x68k/pmem.c:324:61: error: invalid use of undefined type 'struct hal_pmem_stats'
  324 |         stats->physical_free = stats->physical_total - stats->physical_reserved -
      |                                                             ^~
src/hal/m68k/bsp-x68k/pmem.c:325:22: error: invalid use of undefined type 'struct hal_pmem_stats'
  325 |                 stats->physical_allocated;
      |                      ^~
src/hal/m68k/bsp-x68k/pmem.c:326:42: error: invalid use of undefined type 'struct hal_pmem_stats'
  326 |         hal_m68k_task_memory_stats(&stats->task_count, &stats->task_stack_bytes);
      |                                          ^~
src/hal/m68k/bsp-x68k/pmem.c:326:62: error: invalid use of undefined type 'struct hal_pmem_stats'
  326 |         hal_m68k_task_memory_stats(&stats->task_count, &stats->task_stack_bytes);
      |                                                              ^~
m68k-linux-gnu-gcc -nostdinc -Iinclude -Isrc -I. -Ilibc/include -Isrc/hal/m68k -DHAL_ARCH_M68K -DHAL_BOARD_X68K -DKERN_USER_ABI_M68K -DKERN_PAGE_SIZE=4096 -DKERN_USER_PAGE_SIZE=4096 -DKERN_NO_PRINTF_FLOAT -DKERN_INIT_PATH='"/x68k/bin/sh"' -DCONFIG_DRIVER_NE2000=0 -DCONFIG_DRIVER_LGY98=0 -DCONFIG_DRIVER_GRAPHICS=0 -DCONFIG_DRIVER_GRAPHICS_DEVICE=0 -DCONFIG_DRIVER_PCI_UHCI=0 -DCONFIG_DRIVER_PCI_EHCI=0 -DCONFIG_DRIVER_PCI_XHCI=0 -DCONFIG_DRIVER_PCI_NVME=0 -DCONFIG_DRIVER_PCI_VENUS=0 -DCONFIG_DRIVER_PCI_I915=0 -DCONFIG_DRIVER_PCI_INTEL_AX211=0 -DCONFIG_DRIVER_USB_STORAGE=0 -DCONFIG_DRIVER_USB_CDC_NCM=0 -DCONFIG_DRIVER_USB_CDC_ECM=0 -DCONFIG_DRIVER_USB_HID=0 -DCONFIG_DRIVER_USB_RTL8822BU=0 -DCONFIG_KERNEL_USB_HID_CHECKPOINT=0 -DCONFIG_BUF_CACHE_KIB=0 -DCONFIG_GPU_JOB_RESERVATION_MS=10000 -DCONFIG_GPU_JOB_EXECUTION_MS=60000 -DCONFIG_GPU_JOB_STOP_MS=10000 -DCONFIG_GPU_CONTROL_MS=10000 -m68030 -msoft-float -ffreestanding -fno-pic -fno-pie -fno-stack-protector -fno-asynchronous-unwind-tables -fno-unwind-tables -fno-common -ffunction-sections -fdata-sections -Os -Wall -Wextra -Werror -fno-builtin \
 -fno-strict-aliasing -MMD -MP -c src/drivers/platform/x68k/x68k-mb89352.c -o build/ws035-p001/x68k-k/kernel/src/drivers/platform/x68k/x68k-mb89352.o
src/hal/m68k/bsp-x68k/pmem.c:327:43: error: invalid use of undefined type 'struct hal_pmem_stats'
  327 |         hal_m68k_space_memory_stats(&stats->space_count, &stats->page_table_count);
      |                                           ^~
src/hal/m68k/bsp-x68k/pmem.c:327:64: error: invalid use of undefined type 'struct hal_pmem_stats'
  327 |         hal_m68k_space_memory_stats(&stats->space_count, &stats->page_table_count);
      |                                                                ^~
m68k-linux-gnu-gcc -nostdinc -Iinclude -Isrc -I. -Ilibc/include -Isrc/hal/m68k -DHAL_ARCH_M68K -DHAL_BOARD_X68K -DKERN_USER_ABI_M68K -DKERN_PAGE_SIZE=4096 -DKERN_USER_PAGE_SIZE=4096 -DKERN_NO_PRINTF_FLOAT -DKERN_INIT_PATH='"/x68k/bin/sh"' -DCONFIG_DRIVER_NE2000=0 -DCONFIG_DRIVER_LGY98=0 -DCONFIG_DRIVER_GRAPHICS=0 -DCONFIG_DRIVER_GRAPHICS_DEVICE=0 -DCONFIG_DRIVER_PCI_UHCI=0 -DCONFIG_DRIVER_PCI_EHCI=0 -DCONFIG_DRIVER_PCI_XHCI=0 -DCONFIG_DRIVER_PCI_NVME=0 -DCONFIG_DRIVER_PCI_VENUS=0 -DCONFIG_DRIVER_PCI_I915=0 -DCONFIG_DRIVER_PCI_INTEL_AX211=0 -DCONFIG_DRIVER_USB_STORAGE=0 -DCONFIG_DRIVER_USB_CDC_NCM=0 -DCONFIG_DRIVER_USB_CDC_ECM=0 -DCONFIG_DRIVER_USB_HID=0 -DCONFIG_DRIVER_USB_RTL8822BU=0 -DCONFIG_KERNEL_USB_HID_CHECKPOINT=0 -DCONFIG_BUF_CACHE_KIB=0 -DCONFIG_GPU_JOB_RESERVATION_MS=10000 -DCONFIG_GPU_JOB_EXECUTION_MS=60000 -DCONFIG_GPU_JOB_STOP_MS=10000 -DCONFIG_GPU_CONTROL_MS=10000 -m68030 -msoft-float -ffreestanding -fno-pic -fno-pie -fno-stack-protector -fno-asynchronous-unwind-tables -fno-unwind-tables -fno-common -ffunction-sections -fdata-sections -Os -Wall -Wextra -Werror -fno-builtin \
 -fno-strict-aliasing -MMD -MP -c src/drivers/platform/x68k/x68k-spc-disk.c -o build/ws035-p001/x68k-k/kernel/src/drivers/platform/x68k/x68k-spc-disk.o
m68k-linux-gnu-gcc -nostdinc -Iinclude -Isrc -I. -Ilibc/include -Isrc/hal/m68k -DHAL_ARCH_M68K -DHAL_BOARD_X68K -DKERN_USER_ABI_M68K -DKERN_PAGE_SIZE=4096 -DKERN_USER_PAGE_SIZE=4096 -DKERN_NO_PRINTF_FLOAT -DKERN_INIT_PATH='"/x68k/bin/sh"' -DCONFIG_DRIVER_NE2000=0 -DCONFIG_DRIVER_LGY98=0 -DCONFIG_DRIVER_GRAPHICS=0 -DCONFIG_DRIVER_GRAPHICS_DEVICE=0 -DCONFIG_DRIVER_PCI_UHCI=0 -DCONFIG_DRIVER_PCI_EHCI=0 -DCONFIG_DRIVER_PCI_XHCI=0 -DCONFIG_DRIVER_PCI_NVME=0 -DCONFIG_DRIVER_PCI_VENUS=0 -DCONFIG_DRIVER_PCI_I915=0 -DCONFIG_DRIVER_PCI_INTEL_AX211=0 -DCONFIG_DRIVER_USB_STORAGE=0 -DCONFIG_DRIVER_USB_CDC_NCM=0 -DCONFIG_DRIVER_USB_CDC_ECM=0 -DCONFIG_DRIVER_USB_HID=0 -DCONFIG_DRIVER_USB_RTL8822BU=0 -DCONFIG_KERNEL_USB_HID_CHECKPOINT=0 -DCONFIG_BUF_CACHE_KIB=0 -DCONFIG_GPU_JOB_RESERVATION_MS=10000 -DCONFIG_GPU_JOB_EXECUTION_MS=60000 -DCONFIG_GPU_JOB_STOP_MS=10000 -DCONFIG_GPU_CONTROL_MS=10000 -m68030 -msoft-float -ffreestanding -fno-pic -fno-pie -fno-stack-protector -fno-asynchronous-unwind-tables -fno-unwind-tables -fno-common -ffunction-sections -fdata-sections -Os -Wall -Wextra -Werror -fno-builtin \
 -fno-strict-aliasing -MMD -MP -c src/kern/panic.c -o build/ws035-p001/x68k-k/kernel/src/kern/panic.o
src/hal/m68k/bsp-x68k/pmem.c: At top level:
src/hal/m68k/bsp-x68k/pmem.c:21:24: error: 'fixed_claims' defined but not used [-Werror=unused-variable]
   21 | static struct hal_pmem fixed_claims[X68K_FIXED_CLAIMS];
      |                        ^~~~~~~~~~~~
cc1: all warnings being treated as errors
make: *** [platform/x68k/vmunix.mk:186: build/ws035-p001/x68k-k/src/hal/m68k/bsp-x68k/pmem.o] Error 1
m68k-linux-gnu-gcc -nostdinc -Iinclude -Isrc -I. -Ilibc/include -Isrc/hal/m68k -DHAL_ARCH_M68K -DHAL_BOARD_X68K -DKERN_USER_ABI_M68K -DKERN_PAGE_SIZE=4096 -DKERN_USER_PAGE_SIZE=4096 -DKERN_NO_PRINTF_FLOAT -DKERN_INIT_PATH='"/x68k/bin/sh"' -DCONFIG_DRIVER_NE2000=0 -DCONFIG_DRIVER_LGY98=0 -DCONFIG_DRIVER_GRAPHICS=0 -DCONFIG_DRIVER_GRAPHICS_DEVICE=0 -DCONFIG_DRIVER_PCI_UHCI=0 -DCONFIG_DRIVER_PCI_EHCI=0 -DCONFIG_DRIVER_PCI_XHCI=0 -DCONFIG_DRIVER_PCI_NVME=0 -DCONFIG_DRIVER_PCI_VENUS=0 -DCONFIG_DRIVER_PCI_I915=0 -DCONFIG_DRIVER_PCI_INTEL_AX211=0 -DCONFIG_DRIVER_USB_STORAGE=0 -DCONFIG_DRIVER_USB_CDC_NCM=0 -DCONFIG_DRIVER_USB_CDC_ECM=0 -DCONFIG_DRIVER_USB_HID=0 -DCONFIG_DRIVER_USB_RTL8822BU=0 -DCONFIG_KERNEL_USB_HID_CHECKPOINT=0 -DCONFIG_BUF_CACHE_KIB=0 -DCONFIG_GPU_JOB_RESERVATION_MS=10000 -DCONFIG_GPU_JOB_EXECUTION_MS=60000 -DCONFIG_GPU_JOB_STOP_MS=10000 -DCONFIG_GPU_CONTROL_MS=10000 -m68030 -msoft-float -ffreestanding -fno-pic -fno-pie -fno-stack-protector -fno-asynchronous-unwind-tables -fno-unwind-tables -fno-common -ffunction-sections -fdata-sections -Os -Wall -Wextra -Werror -fno-builtin \
 -fno-strict-aliasing -MMD -MP -c src/kern/entry.c -o build/ws035-p001/x68k-k/kernel/src/kern/entry.o
m68k-linux-gnu-gcc -nostdinc -Iinclude -Isrc -I. -Ilibc/include -Isrc/hal/m68k -DHAL_ARCH_M68K -DHAL_BOARD_X68K -DKERN_USER_ABI_M68K -DKERN_PAGE_SIZE=4096 -DKERN_USER_PAGE_SIZE=4096 -DKERN_NO_PRINTF_FLOAT -DKERN_INIT_PATH='"/x68k/bin/sh"' -DCONFIG_DRIVER_NE2000=0 -DCONFIG_DRIVER_LGY98=0 -DCONFIG_DRIVER_GRAPHICS=0 -DCONFIG_DRIVER_GRAPHICS_DEVICE=0 -DCONFIG_DRIVER_PCI_UHCI=0 -DCONFIG_DRIVER_PCI_EHCI=0 -DCONFIG_DRIVER_PCI_XHCI=0 -DCONFIG_DRIVER_PCI_NVME=0 -DCONFIG_DRIVER_PCI_VENUS=0 -DCONFIG_DRIVER_PCI_I915=0 -DCONFIG_DRIVER_PCI_INTEL_AX211=0 -DCONFIG_DRIVER_USB_STORAGE=0 -DCONFIG_DRIVER_USB_CDC_NCM=0 -DCONFIG_DRIVER_USB_CDC_ECM=0 -DCONFIG_DRIVER_USB_HID=0 -DCONFIG_DRIVER_USB_RTL8822BU=0 -DCONFIG_KERNEL_USB_HID_CHECKPOINT=0 -DCONFIG_BUF_CACHE_KIB=0 -DCONFIG_GPU_JOB_RESERVATION_MS=10000 -DCONFIG_GPU_JOB_EXECUTION_MS=60000 -DCONFIG_GPU_JOB_STOP_MS=10000 -DCONFIG_GPU_CONTROL_MS=10000 -m68030 -msoft-float -ffreestanding -fno-pic -fno-pie -fno-stack-protector -fno-asynchronous-unwind-tables -fno-unwind-tables -fno-common -ffunction-sections -fdata-sections -Os -Wall -Wextra -Werror -fno-builtin \
 -fno-strict-aliasing -MMD -MP -c src/kern/clock.c -o build/ws035-p001/x68k-k/kernel/src/kern/clock.o
src/kern/swap.c: In function 'swap_slot_encode':
m68k-linux-gnu-gcc -nostdinc -Iinclude -Isrc -I. -Ilibc/include -Isrc/hal/m68k -DHAL_ARCH_M68K -DHAL_BOARD_X68K -DKERN_USER_ABI_M68K -DKERN_PAGE_SIZE=4096 -DKERN_USER_PAGE_SIZE=4096 -DKERN_NO_PRINTF_FLOAT -DKERN_INIT_PATH='"/x68k/bin/sh"' -DCONFIG_DRIVER_NE2000=0 -DCONFIG_DRIVER_LGY98=0 -DCONFIG_DRIVER_GRAPHICS=0 -DCONFIG_DRIVER_GRAPHICS_DEVICE=0 -DCONFIG_DRIVER_PCI_UHCI=0 -DCONFIG_DRIVER_PCI_EHCI=0 -DCONFIG_DRIVER_PCI_XHCI=0 -DCONFIG_DRIVER_PCI_NVME=0 -DCONFIG_DRIVER_PCI_VENUS=0 -DCONFIG_DRIVER_PCI_I915=0 -DCONFIG_DRIVER_PCI_INTEL_AX211=0 -DCONFIG_DRIVER_USB_STORAGE=0 -DCONFIG_DRIVER_USB_CDC_NCM=0 -DCONFIG_DRIVER_USB_CDC_ECM=0 -DCONFIG_DRIVER_USB_HID=0 -DCONFIG_DRIVER_USB_RTL8822BU=0 -DCONFIG_KERNEL_USB_HID_CHECKPOINT=0 -DCONFIG_BUF_CACHE_KIB=0 -DCONFIG_GPU_JOB_RESERVATION_MS=10000 -DCONFIG_GPU_JOB_EXECUTION_MS=60000 -DCONFIG_GPU_JOB_STOP_MS=10000 -DCONFIG_GPU_CONTROL_MS=10000 -m68030 -msoft-float -ffreestanding -fno-pic -fno-pie -fno-stack-protector -fno-asynchronous-unwind-tables -fno-unwind-tables -fno-common -ffunction-sections -fdata-sections -Os -Wall -Wextra -Werror -fno-builtin \
 -fno-strict-aliasing -MMD -MP -c src/kern/lock.c -o build/ws035-p001/x68k-k/kernel/src/kern/lock.o
include/kern/swap.h:22:50: error: invalid suffix "__UINT32_C_SUFFIX__" on integer constant
   22 | #define SWAP_SLOT_LOCAL_MASK            UINT32_C(0x1fffffff)
      |                                                  ^~~~~~~~~~
libc/include/stdint.h:104:42: note: in definition of macro '__ZED_INT_C_PASTE'
  104 | #define __ZED_INT_C_PASTE(value, suffix) value ## suffix
      |                                          ^~~~~
libc/include/stdint.h:112:25: note: in expansion of macro '__ZED_INT_C'
  112 | #define UINT32_C(value) __ZED_INT_C(value, __UINT32_C_SUFFIX__)
      |                         ^~~~~~~~~~~
include/kern/swap.h:22:41: note: in expansion of macro 'UINT32_C'
   22 | #define SWAP_SLOT_LOCAL_MASK            UINT32_C(0x1fffffff)
      |                                         ^~~~~~~~
src/kern/swap.c:187:26: note: in expansion of macro 'SWAP_SLOT_LOCAL_MASK'
  187 |             local_slot > SWAP_SLOT_LOCAL_MASK ||
      |                          ^~~~~~~~~~~~~~~~~~~~
src/kern/swap.c: In function 'swap_slot_decode':
include/kern/swap.h:24:50: error: invalid suffix "__UINT32_C_SUFFIX__" on integer constant
   24 | #define SWAP_SLOT_VALID_MASK            UINT32_C(0x7fffffff)
      |                                                  ^~~~~~~~~~
libc/include/stdint.h:104:42: note: in definition of macro '__ZED_INT_C_PASTE'
  104 | #define __ZED_INT_C_PASTE(value, suffix) value ## suffix
      |                                          ^~~~~
libc/include/stdint.h:112:25: note: in expansion of macro '__ZED_INT_C'
  112 | #define UINT32_C(value) __ZED_INT_C(value, __UINT32_C_SUFFIX__)
      |                         ^~~~~~~~~~~
include/kern/swap.h:24:41: note: in expansion of macro 'UINT32_C'
   24 | #define SWAP_SLOT_VALID_MASK            UINT32_C(0x7fffffff)
      |                                         ^~~~~~~~
src/kern/swap.c:207:22: note: in expansion of macro 'SWAP_SLOT_VALID_MASK'
  207 |         if ((slot & ~SWAP_SLOT_VALID_MASK) != 0)
      |                      ^~~~~~~~~~~~~~~~~~~~
include/kern/swap.h:23:50: error: invalid suffix "__UINT32_C_SUFFIX__" on integer constant
   23 | #define SWAP_SLOT_SOURCE_MASK           UINT32_C(0x60000000)
      |                                                  ^~~~~~~~~~
libc/include/stdint.h:104:42: note: in definition of macro '__ZED_INT_C_PASTE'
  104 | #define __ZED_INT_C_PASTE(value, suffix) value ## suffix
      |                                          ^~~~~
libc/include/stdint.h:112:25: note: in expansion of macro '__ZED_INT_C'
  112 | #define UINT32_C(value) __ZED_INT_C(value, __UINT32_C_SUFFIX__)
      |                         ^~~~~~~~~~~
include/kern/swap.h:23:41: note: in expansion of macro 'UINT32_C'
   23 | #define SWAP_SLOT_SOURCE_MASK           UINT32_C(0x60000000)
      |                                         ^~~~~~~~
src/kern/swap.c:212:38: note: in expansion of macro 'SWAP_SLOT_SOURCE_MASK'
  212 |                 *source_id = (slot & SWAP_SLOT_SOURCE_MASK) >>
      |                                      ^~~~~~~~~~~~~~~~~~~~~
m68k-linux-gnu-gcc -nostdinc -Iinclude -Isrc -I. -Ilibc/include -Isrc/hal/m68k -DHAL_ARCH_M68K -DHAL_BOARD_X68K -DKERN_USER_ABI_M68K -DKERN_PAGE_SIZE=4096 -DKERN_USER_PAGE_SIZE=4096 -DKERN_NO_PRINTF_FLOAT -DKERN_INIT_PATH='"/x68k/bin/sh"' -DCONFIG_DRIVER_NE2000=0 -DCONFIG_DRIVER_LGY98=0 -DCONFIG_DRIVER_GRAPHICS=0 -DCONFIG_DRIVER_GRAPHICS_DEVICE=0 -DCONFIG_DRIVER_PCI_UHCI=0 -DCONFIG_DRIVER_PCI_EHCI=0 -DCONFIG_DRIVER_PCI_XHCI=0 -DCONFIG_DRIVER_PCI_NVME=0 -DCONFIG_DRIVER_PCI_VENUS=0 -DCONFIG_DRIVER_PCI_I915=0 -DCONFIG_DRIVER_PCI_INTEL_AX211=0 -DCONFIG_DRIVER_USB_STORAGE=0 -DCONFIG_DRIVER_USB_CDC_NCM=0 -DCONFIG_DRIVER_USB_CDC_ECM=0 -DCONFIG_DRIVER_USB_HID=0 -DCONFIG_DRIVER_USB_RTL8822BU=0 -DCONFIG_KERNEL_USB_HID_CHECKPOINT=0 -DCONFIG_BUF_CACHE_KIB=0 -DCONFIG_GPU_JOB_RESERVATION_MS=10000 -DCONFIG_GPU_JOB_EXECUTION_MS=60000 -DCONFIG_GPU_JOB_STOP_MS=10000 -DCONFIG_GPU_CONTROL_MS=10000 -m68030 -msoft-float -ffreestanding -fno-pic -fno-pie -fno-stack-protector -fno-asynchronous-unwind-tables -fno-unwind-tables -fno-common -ffunction-sections -fdata-sections -Os -Wall -Wextra -Werror -fno-builtin \
 -fno-strict-aliasing -MMD -MP -c src/kern/timer.c -o build/ws035-p001/x68k-k/kernel/src/kern/timer.o
include/kern/swap.h:22:50: error: invalid suffix "__UINT32_C_SUFFIX__" on integer constant
   22 | #define SWAP_SLOT_LOCAL_MASK            UINT32_C(0x1fffffff)
      |                                                  ^~~~~~~~~~
libc/include/stdint.h:104:42: note: in definition of macro '__ZED_INT_C_PASTE'
  104 | #define __ZED_INT_C_PASTE(value, suffix) value ## suffix
      |                                          ^~~~~
libc/include/stdint.h:112:25: note: in expansion of macro '__ZED_INT_C'
  112 | #define UINT32_C(value) __ZED_INT_C(value, __UINT32_C_SUFFIX__)
      |                         ^~~~~~~~~~~
include/kern/swap.h:22:41: note: in expansion of macro 'UINT32_C'
   22 | #define SWAP_SLOT_LOCAL_MASK            UINT32_C(0x1fffffff)
      |                                         ^~~~~~~~
src/kern/swap.c:215:38: note: in expansion of macro 'SWAP_SLOT_LOCAL_MASK'
  215 |                 *local_slot = slot & SWAP_SLOT_LOCAL_MASK;
      |                                      ^~~~~~~~~~~~~~~~~~~~
src/kern/swap.c: In function 'swap_source_prepare':
include/kern/swap.h:25:51: error: invalid suffix "__UINT32_C_SUFFIX__" on integer constant
   25 | #define SWAP_SOURCE_MAX_SLOTS           (UINT32_C(1) << SWAP_SLOT_SOURCE_SHIFT)
      |                                                   ^
libc/include/stdint.h:104:42: note: in definition of macro '__ZED_INT_C_PASTE'
  104 | #define __ZED_INT_C_PASTE(value, suffix) value ## suffix
      |                                          ^~~~~
libc/include/stdint.h:112:25: note: in expansion of macro '__ZED_INT_C'
  112 | #define UINT32_C(value) __ZED_INT_C(value, __UINT32_C_SUFFIX__)
      |                         ^~~~~~~~~~~
include/kern/swap.h:25:42: note: in expansion of macro 'UINT32_C'
   25 | #define SWAP_SOURCE_MAX_SLOTS           (UINT32_C(1) << SWAP_SLOT_SOURCE_SHIFT)
      |                                          ^~~~~~~~
src/kern/swap.c:267:26: note: in expansion of macro 'SWAP_SOURCE_MAX_SLOTS'
  267 |         if (slot_count > SWAP_SOURCE_MAX_SLOTS)
      |                          ^~~~~~~~~~~~~~~~~~~~~
In file included from include/kern/boot.h:16,
                 from include/kern/vfs.h:15,
                 from src/kern/vfs.c:18:
include/kern/swap.h:23:50: error: invalid suffix "__UINT32_C_SUFFIX__" on integer constant
   23 | #define SWAP_SLOT_SOURCE_MASK           UINT32_C(0x60000000)
      |                                                  ^~~~~~~~~~
libc/include/stdint.h:104:42: note: in definition of macro '__ZED_INT_C_PASTE'
  104 | #define __ZED_INT_C_PASTE(value, suffix) value ## suffix
      |                                          ^~~~~
libc/include/stdint.h:112:25: note: in expansion of macro '__ZED_INT_C'
  112 | #define UINT32_C(value) __ZED_INT_C(value, __UINT32_C_SUFFIX__)
      |                         ^~~~~~~~~~~
include/kern/swap.h:23:41: note: in expansion of macro 'UINT32_C'
   23 | #define SWAP_SLOT_SOURCE_MASK           UINT32_C(0x60000000)
      |                                         ^~~~~~~~
include/kern/swap.h:67:17: note: in expansion of macro 'SWAP_SLOT_SOURCE_MASK'
   67 | _Static_assert((SWAP_SLOT_SOURCE_MASK | SWAP_SLOT_LOCAL_MASK) ==
      |                 ^~~~~~~~~~~~~~~~~~~~~
include/kern/swap.h:22:50: error: invalid suffix "__UINT32_C_SUFFIX__" on integer constant
   22 | #define SWAP_SLOT_LOCAL_MASK            UINT32_C(0x1fffffff)
      |                                                  ^~~~~~~~~~
libc/include/stdint.h:104:42: note: in definition of macro '__ZED_INT_C_PASTE'
  104 | #define __ZED_INT_C_PASTE(value, suffix) value ## suffix
      |                                          ^~~~~
libc/include/stdint.h:112:25: note: in expansion of macro '__ZED_INT_C'
  112 | #define UINT32_C(value) __ZED_INT_C(value, __UINT32_C_SUFFIX__)
      |                         ^~~~~~~~~~~
include/kern/swap.h:22:41: note: in expansion of macro 'UINT32_C'
   22 | #define SWAP_SLOT_LOCAL_MASK            UINT32_C(0x1fffffff)
      |                                         ^~~~~~~~
include/kern/swap.h:67:41: note: in expansion of macro 'SWAP_SLOT_LOCAL_MASK'
   67 | _Static_assert((SWAP_SLOT_SOURCE_MASK | SWAP_SLOT_LOCAL_MASK) ==
      |                                         ^~~~~~~~~~~~~~~~~~~~
include/kern/swap.h:24:50: error: invalid suffix "__UINT32_C_SUFFIX__" on integer constant
   24 | #define SWAP_SLOT_VALID_MASK            UINT32_C(0x7fffffff)
      |                                                  ^~~~~~~~~~
libc/include/stdint.h:104:42: note: in definition of macro '__ZED_INT_C_PASTE'
  104 | #define __ZED_INT_C_PASTE(value, suffix) value ## suffix
      |                                          ^~~~~
libc/include/stdint.h:112:25: note: in expansion of macro '__ZED_INT_C'
  112 | #define UINT32_C(value) __ZED_INT_C(value, __UINT32_C_SUFFIX__)
      |                         ^~~~~~~~~~~
include/kern/swap.h:24:41: note: in expansion of macro 'UINT32_C'
   24 | #define SWAP_SLOT_VALID_MASK            UINT32_C(0x7fffffff)
      |                                         ^~~~~~~~
include/kern/swap.h:68:5: note: in expansion of macro 'SWAP_SLOT_VALID_MASK'
   68 |     SWAP_SLOT_VALID_MASK, "swap token fields must cover bits 0 through 30");
      |     ^~~~~~~~~~~~~~~~~~~~
In file included from include/kern/swap-source.h:12,
                 from include/kern/swap-boot.h:6,
                 from src/kern/vfs.c:43:
include/kern/swap.h:67:16: error: expression in static assertion is not an integer
   67 | _Static_assert((SWAP_SLOT_SOURCE_MASK | SWAP_SLOT_LOCAL_MASK) ==
      |                ^
include/kern/swap.h:23:50: error: invalid suffix "__UINT32_C_SUFFIX__" on integer constant
   23 | #define SWAP_SLOT_SOURCE_MASK           UINT32_C(0x60000000)
      |                                                  ^~~~~~~~~~
libc/include/stdint.h:104:42: note: in definition of macro '__ZED_INT_C_PASTE'
  104 | #define __ZED_INT_C_PASTE(value, suffix) value ## suffix
      |                                          ^~~~~
libc/include/stdint.h:112:25: note: in expansion of macro '__ZED_INT_C'
  112 | #define UINT32_C(value) __ZED_INT_C(value, __UINT32_C_SUFFIX__)
      |                         ^~~~~~~~~~~
include/kern/swap.h:23:41: note: in expansion of macro 'UINT32_C'
   23 | #define SWAP_SLOT_SOURCE_MASK           UINT32_C(0x60000000)
      |                                         ^~~~~~~~
include/kern/swap.h:69:17: note: in expansion of macro 'SWAP_SLOT_SOURCE_MASK'
   69 | _Static_assert((SWAP_SLOT_SOURCE_MASK & SWAP_SLOT_LOCAL_MASK) == 0,
      |                 ^~~~~~~~~~~~~~~~~~~~~
include/kern/swap.h:22:50: error: invalid suffix "__UINT32_C_SUFFIX__" on integer constant
   22 | #define SWAP_SLOT_LOCAL_MASK            UINT32_C(0x1fffffff)
      |                                                  ^~~~~~~~~~
libc/include/stdint.h:104:42: note: in definition of macro '__ZED_INT_C_PASTE'
  104 | #define __ZED_INT_C_PASTE(value, suffix) value ## suffix
      |                                          ^~~~~
libc/include/stdint.h:112:25: note: in expansion of macro '__ZED_INT_C'
  112 | #define UINT32_C(value) __ZED_INT_C(value, __UINT32_C_SUFFIX__)
      |                         ^~~~~~~~~~~
include/kern/swap.h:22:41: note: in expansion of macro 'UINT32_C'
   22 | #define SWAP_SLOT_LOCAL_MASK            UINT32_C(0x1fffffff)
      |                                         ^~~~~~~~
include/kern/swap.h:69:41: note: in expansion of macro 'SWAP_SLOT_LOCAL_MASK'
   69 | _Static_assert((SWAP_SLOT_SOURCE_MASK & SWAP_SLOT_LOCAL_MASK) == 0,
      |                                         ^~~~~~~~~~~~~~~~~~~~
include/kern/swap.h:69:16: error: expression in static assertion is not an integer
   69 | _Static_assert((SWAP_SLOT_SOURCE_MASK & SWAP_SLOT_LOCAL_MASK) == 0,
      |                ^
include/kern/swap.h:24:50: error: invalid suffix "__UINT32_C_SUFFIX__" on integer constant
   24 | #define SWAP_SLOT_VALID_MASK            UINT32_C(0x7fffffff)
      |                                                  ^~~~~~~~~~
libc/include/stdint.h:104:42: note: in definition of macro '__ZED_INT_C_PASTE'
  104 | #define __ZED_INT_C_PASTE(value, suffix) value ## suffix
      |                                          ^~~~~
libc/include/stdint.h:112:25: note: in expansion of macro '__ZED_INT_C'
  112 | #define UINT32_C(value) __ZED_INT_C(value, __UINT32_C_SUFFIX__)
      |                         ^~~~~~~~~~~
include/kern/swap.h:24:41: note: in expansion of macro 'UINT32_C'
   24 | #define SWAP_SLOT_VALID_MASK            UINT32_C(0x7fffffff)
      |                                         ^~~~~~~~
include/kern/swap.h:71:35: note: in expansion of macro 'SWAP_SLOT_VALID_MASK'
   71 | _Static_assert((SWAP_SLOT_NONE & ~SWAP_SLOT_VALID_MASK) != 0,
      |                                   ^~~~~~~~~~~~~~~~~~~~
include/kern/swap.h:71:16: error: expression in static assertion is not an integer
   71 | _Static_assert((SWAP_SLOT_NONE & ~SWAP_SLOT_VALID_MASK) != 0,
      |                ^
m68k-linux-gnu-gcc -nostdinc -Iinclude -Isrc -I. -Ilibc/include -Isrc/hal/m68k -DHAL_ARCH_M68K -DHAL_BOARD_X68K -DKERN_USER_ABI_M68K -DKERN_PAGE_SIZE=4096 -DKERN_USER_PAGE_SIZE=4096 -DKERN_NO_PRINTF_FLOAT -DKERN_INIT_PATH='"/x68k/bin/sh"' -DCONFIG_DRIVER_NE2000=0 -DCONFIG_DRIVER_LGY98=0 -DCONFIG_DRIVER_GRAPHICS=0 -DCONFIG_DRIVER_GRAPHICS_DEVICE=0 -DCONFIG_DRIVER_PCI_UHCI=0 -DCONFIG_DRIVER_PCI_EHCI=0 -DCONFIG_DRIVER_PCI_XHCI=0 -DCONFIG_DRIVER_PCI_NVME=0 -DCONFIG_DRIVER_PCI_VENUS=0 -DCONFIG_DRIVER_PCI_I915=0 -DCONFIG_DRIVER_PCI_INTEL_AX211=0 -DCONFIG_DRIVER_USB_STORAGE=0 -DCONFIG_DRIVER_USB_CDC_NCM=0 -DCONFIG_DRIVER_USB_CDC_ECM=0 -DCONFIG_DRIVER_USB_HID=0 -DCONFIG_DRIVER_USB_RTL8822BU=0 -DCONFIG_KERNEL_USB_HID_CHECKPOINT=0 -DCONFIG_BUF_CACHE_KIB=0 -DCONFIG_GPU_JOB_RESERVATION_MS=10000 -DCONFIG_GPU_JOB_EXECUTION_MS=60000 -DCONFIG_GPU_JOB_STOP_MS=10000 -DCONFIG_GPU_CONTROL_MS=10000 -m68030 -msoft-float -ffreestanding -fno-pic -fno-pie -fno-stack-protector -fno-asynchronous-unwind-tables -fno-unwind-tables -fno-common -ffunction-sections -fdata-sections -Os -Wall -Wextra -Werror -fno-builtin \
 -fno-strict-aliasing -MMD -MP -c src/kern/klog.c -o build/ws035-p001/x68k-k/kernel/src/kern/klog.o
m68k-linux-gnu-gcc -nostdinc -Iinclude -Isrc -I. -Ilibc/include -Isrc/hal/m68k -DHAL_ARCH_M68K -DHAL_BOARD_X68K -DKERN_USER_ABI_M68K -DKERN_PAGE_SIZE=4096 -DKERN_USER_PAGE_SIZE=4096 -DKERN_NO_PRINTF_FLOAT -DKERN_INIT_PATH='"/x68k/bin/sh"' -DCONFIG_DRIVER_NE2000=0 -DCONFIG_DRIVER_LGY98=0 -DCONFIG_DRIVER_GRAPHICS=0 -DCONFIG_DRIVER_GRAPHICS_DEVICE=0 -DCONFIG_DRIVER_PCI_UHCI=0 -DCONFIG_DRIVER_PCI_EHCI=0 -DCONFIG_DRIVER_PCI_XHCI=0 -DCONFIG_DRIVER_PCI_NVME=0 -DCONFIG_DRIVER_PCI_VENUS=0 -DCONFIG_DRIVER_PCI_I915=0 -DCONFIG_DRIVER_PCI_INTEL_AX211=0 -DCONFIG_DRIVER_USB_STORAGE=0 -DCONFIG_DRIVER_USB_CDC_NCM=0 -DCONFIG_DRIVER_USB_CDC_ECM=0 -DCONFIG_DRIVER_USB_HID=0 -DCONFIG_DRIVER_USB_RTL8822BU=0 -DCONFIG_KERNEL_USB_HID_CHECKPOINT=0 -DCONFIG_BUF_CACHE_KIB=0 -DCONFIG_GPU_JOB_RESERVATION_MS=10000 -DCONFIG_GPU_JOB_EXECUTION_MS=60000 -DCONFIG_GPU_JOB_STOP_MS=10000 -DCONFIG_GPU_CONTROL_MS=10000 -m68030 -msoft-float -ffreestanding -fno-pic -fno-pie -fno-stack-protector -fno-asynchronous-unwind-tables -fno-unwind-tables -fno-common -ffunction-sections -fdata-sections -Os -Wall -Wextra -Werror -fno-builtin \
 -fno-strict-aliasing -MMD -MP -c src/kern/waitq.c -o build/ws035-p001/x68k-k/kernel/src/kern/waitq.o
m68k-linux-gnu-gcc -nostdinc -Iinclude -Isrc -I. -Ilibc/include -Isrc/hal/m68k -DHAL_ARCH_M68K -DHAL_BOARD_X68K -DKERN_USER_ABI_M68K -DKERN_PAGE_SIZE=4096 -DKERN_USER_PAGE_SIZE=4096 -DKERN_NO_PRINTF_FLOAT -DKERN_INIT_PATH='"/x68k/bin/sh"' -DCONFIG_DRIVER_NE2000=0 -DCONFIG_DRIVER_LGY98=0 -DCONFIG_DRIVER_GRAPHICS=0 -DCONFIG_DRIVER_GRAPHICS_DEVICE=0 -DCONFIG_DRIVER_PCI_UHCI=0 -DCONFIG_DRIVER_PCI_EHCI=0 -DCONFIG_DRIVER_PCI_XHCI=0 -DCONFIG_DRIVER_PCI_NVME=0 -DCONFIG_DRIVER_PCI_VENUS=0 -DCONFIG_DRIVER_PCI_I915=0 -DCONFIG_DRIVER_PCI_INTEL_AX211=0 -DCONFIG_DRIVER_USB_STORAGE=0 -DCONFIG_DRIVER_USB_CDC_NCM=0 -DCONFIG_DRIVER_USB_CDC_ECM=0 -DCONFIG_DRIVER_USB_HID=0 -DCONFIG_DRIVER_USB_RTL8822BU=0 -DCONFIG_KERNEL_USB_HID_CHECKPOINT=0 -DCONFIG_BUF_CACHE_KIB=0 -DCONFIG_GPU_JOB_RESERVATION_MS=10000 -DCONFIG_GPU_JOB_EXECUTION_MS=60000 -DCONFIG_GPU_JOB_STOP_MS=10000 -DCONFIG_GPU_CONTROL_MS=10000 -m68030 -msoft-float -ffreestanding -fno-pic -fno-pie -fno-stack-protector -fno-asynchronous-unwind-tables -fno-unwind-tables -fno-common -ffunction-sections -fdata-sections -Os -Wall -Wextra -Werror -fno-builtin \
 -fno-strict-aliasing -MMD -MP -c src/kern/buf.c -o build/ws035-p001/x68k-k/kernel/src/kern/buf.o
m68k-linux-gnu-gcc -nostdinc -Iinclude -Isrc -I. -Ilibc/include -Isrc/hal/m68k -DHAL_ARCH_M68K -DHAL_BOARD_X68K -DKERN_USER_ABI_M68K -DKERN_PAGE_SIZE=4096 -DKERN_USER_PAGE_SIZE=4096 -DKERN_NO_PRINTF_FLOAT -DKERN_INIT_PATH='"/x68k/bin/sh"' -DCONFIG_DRIVER_NE2000=0 -DCONFIG_DRIVER_LGY98=0 -DCONFIG_DRIVER_GRAPHICS=0 -DCONFIG_DRIVER_GRAPHICS_DEVICE=0 -DCONFIG_DRIVER_PCI_UHCI=0 -DCONFIG_DRIVER_PCI_EHCI=0 -DCONFIG_DRIVER_PCI_XHCI=0 -DCONFIG_DRIVER_PCI_NVME=0 -DCONFIG_DRIVER_PCI_VENUS=0 -DCONFIG_DRIVER_PCI_I915=0 -DCONFIG_DRIVER_PCI_INTEL_AX211=0 -DCONFIG_DRIVER_USB_STORAGE=0 -DCONFIG_DRIVER_USB_CDC_NCM=0 -DCONFIG_DRIVER_USB_CDC_ECM=0 -DCONFIG_DRIVER_USB_HID=0 -DCONFIG_DRIVER_USB_RTL8822BU=0 -DCONFIG_KERNEL_USB_HID_CHECKPOINT=0 -DCONFIG_BUF_CACHE_KIB=0 -DCONFIG_GPU_JOB_RESERVATION_MS=10000 -DCONFIG_GPU_JOB_EXECUTION_MS=60000 -DCONFIG_GPU_JOB_STOP_MS=10000 -DCONFIG_GPU_CONTROL_MS=10000 -m68030 -msoft-float -ffreestanding -fno-pic -fno-pie -fno-stack-protector -fno-asynchronous-unwind-tables -fno-unwind-tables -fno-common -ffunction-sections -fdata-sections -Os -Wall -Wextra -Werror -fno-builtin \
 -fno-strict-aliasing -MMD -MP -c src/kern/cache.c -o build/ws035-p001/x68k-k/kernel/src/kern/cache.o
m68k-linux-gnu-gcc -nostdinc -Iinclude -Isrc -I. -Ilibc/include -Isrc/hal/m68k -DHAL_ARCH_M68K -DHAL_BOARD_X68K -DKERN_USER_ABI_M68K -DKERN_PAGE_SIZE=4096 -DKERN_USER_PAGE_SIZE=4096 -DKERN_NO_PRINTF_FLOAT -DKERN_INIT_PATH='"/x68k/bin/sh"' -DCONFIG_DRIVER_NE2000=0 -DCONFIG_DRIVER_LGY98=0 -DCONFIG_DRIVER_GRAPHICS=0 -DCONFIG_DRIVER_GRAPHICS_DEVICE=0 -DCONFIG_DRIVER_PCI_UHCI=0 -DCONFIG_DRIVER_PCI_EHCI=0 -DCONFIG_DRIVER_PCI_XHCI=0 -DCONFIG_DRIVER_PCI_NVME=0 -DCONFIG_DRIVER_PCI_VENUS=0 -DCONFIG_DRIVER_PCI_I915=0 -DCONFIG_DRIVER_PCI_INTEL_AX211=0 -DCONFIG_DRIVER_USB_STORAGE=0 -DCONFIG_DRIVER_USB_CDC_NCM=0 -DCONFIG_DRIVER_USB_CDC_ECM=0 -DCONFIG_DRIVER_USB_HID=0 -DCONFIG_DRIVER_USB_RTL8822BU=0 -DCONFIG_KERNEL_USB_HID_CHECKPOINT=0 -DCONFIG_BUF_CACHE_KIB=0 -DCONFIG_GPU_JOB_RESERVATION_MS=10000 -DCONFIG_GPU_JOB_EXECUTION_MS=60000 -DCONFIG_GPU_JOB_STOP_MS=10000 -DCONFIG_GPU_CONTROL_MS=10000 -m68030 -msoft-float -ffreestanding -fno-pic -fno-pie -fno-stack-protector -fno-asynchronous-unwind-tables -fno-unwind-tables -fno-common -ffunction-sections -fdata-sections -Os -Wall -Wextra -Werror -fno-builtin \
 -fno-strict-aliasing -MMD -MP -c src/kern/readahead.c -o build/ws035-p001/x68k-k/kernel/src/kern/readahead.o
src/kern/platform/x68k.c: In function 'kern_platform_debug_write':
src/kern/platform/x68k.c:137:17: error: implicit declaration of function 'hal_cons_write'; did you mean 'hal_mmio_write8'? [-Wimplicit-function-declaration]
  137 |                 hal_cons_write(text);
      |                 ^~~~~~~~~~~~~~
      |                 hal_mmio_write8
m68k-linux-gnu-gcc -nostdinc -Iinclude -Isrc -I. -Ilibc/include -Isrc/hal/m68k -DHAL_ARCH_M68K -DHAL_BOARD_X68K -DKERN_USER_ABI_M68K -DKERN_PAGE_SIZE=4096 -DKERN_USER_PAGE_SIZE=4096 -DKERN_NO_PRINTF_FLOAT -DKERN_INIT_PATH='"/x68k/bin/sh"' -DCONFIG_DRIVER_NE2000=0 -DCONFIG_DRIVER_LGY98=0 -DCONFIG_DRIVER_GRAPHICS=0 -DCONFIG_DRIVER_GRAPHICS_DEVICE=0 -DCONFIG_DRIVER_PCI_UHCI=0 -DCONFIG_DRIVER_PCI_EHCI=0 -DCONFIG_DRIVER_PCI_XHCI=0 -DCONFIG_DRIVER_PCI_NVME=0 -DCONFIG_DRIVER_PCI_VENUS=0 -DCONFIG_DRIVER_PCI_I915=0 -DCONFIG_DRIVER_PCI_INTEL_AX211=0 -DCONFIG_DRIVER_USB_STORAGE=0 -DCONFIG_DRIVER_USB_CDC_NCM=0 -DCONFIG_DRIVER_USB_CDC_ECM=0 -DCONFIG_DRIVER_USB_HID=0 -DCONFIG_DRIVER_USB_RTL8822BU=0 -DCONFIG_KERNEL_USB_HID_CHECKPOINT=0 -DCONFIG_BUF_CACHE_KIB=0 -DCONFIG_GPU_JOB_RESERVATION_MS=10000 -DCONFIG_GPU_JOB_EXECUTION_MS=60000 -DCONFIG_GPU_JOB_STOP_MS=10000 -DCONFIG_GPU_CONTROL_MS=10000 -m68030 -msoft-float -ffreestanding -fno-pic -fno-pie -fno-stack-protector -fno-asynchronous-unwind-tables -fno-unwind-tables -fno-common -ffunction-sections -fdata-sections -Os -Wall -Wextra -Werror -fno-builtin \
 -fno-strict-aliasing -MMD -MP -c src/kern/writeback.c -o build/ws035-p001/x68k-k/kernel/src/kern/writeback.o
m68k-linux-gnu-gcc -nostdinc -Iinclude -Isrc -I. -Ilibc/include -Isrc/hal/m68k -DHAL_ARCH_M68K -DHAL_BOARD_X68K -DKERN_USER_ABI_M68K -DKERN_PAGE_SIZE=4096 -DKERN_USER_PAGE_SIZE=4096 -DKERN_NO_PRINTF_FLOAT -DKERN_INIT_PATH='"/x68k/bin/sh"' -DCONFIG_DRIVER_NE2000=0 -DCONFIG_DRIVER_LGY98=0 -DCONFIG_DRIVER_GRAPHICS=0 -DCONFIG_DRIVER_GRAPHICS_DEVICE=0 -DCONFIG_DRIVER_PCI_UHCI=0 -DCONFIG_DRIVER_PCI_EHCI=0 -DCONFIG_DRIVER_PCI_XHCI=0 -DCONFIG_DRIVER_PCI_NVME=0 -DCONFIG_DRIVER_PCI_VENUS=0 -DCONFIG_DRIVER_PCI_I915=0 -DCONFIG_DRIVER_PCI_INTEL_AX211=0 -DCONFIG_DRIVER_USB_STORAGE=0 -DCONFIG_DRIVER_USB_CDC_NCM=0 -DCONFIG_DRIVER_USB_CDC_ECM=0 -DCONFIG_DRIVER_USB_HID=0 -DCONFIG_DRIVER_USB_RTL8822BU=0 -DCONFIG_KERNEL_USB_HID_CHECKPOINT=0 -DCONFIG_BUF_CACHE_KIB=0 -DCONFIG_GPU_JOB_RESERVATION_MS=10000 -DCONFIG_GPU_JOB_EXECUTION_MS=60000 -DCONFIG_GPU_JOB_STOP_MS=10000 -DCONFIG_GPU_CONTROL_MS=10000 -m68030 -msoft-float -ffreestanding -fno-pic -fno-pie -fno-stack-protector -fno-asynchronous-unwind-tables -fno-unwind-tables -fno-common -ffunction-sections -fdata-sections -Os -Wall -Wextra -Werror -fno-builtin \
 -fno-strict-aliasing -MMD -MP -c src/kern/io.c -o build/ws035-p001/x68k-k/kernel/src/kern/io.o
make: *** [platform/x68k/vmunix.mk:199: build/ws035-p001/x68k-k/kernel/src/kern/platform/x68k.o] Error 1
src/kern/swap.c: In function 'kern_swap_source_set_add':
m68k-linux-gnu-gcc -nostdinc -Iinclude -Isrc -I. -Ilibc/include -Isrc/hal/m68k -DHAL_ARCH_M68K -DHAL_BOARD_X68K -DKERN_USER_ABI_M68K -DKERN_PAGE_SIZE=4096 -DKERN_USER_PAGE_SIZE=4096 -DKERN_NO_PRINTF_FLOAT -DKERN_INIT_PATH='"/x68k/bin/sh"' -DCONFIG_DRIVER_NE2000=0 -DCONFIG_DRIVER_LGY98=0 -DCONFIG_DRIVER_GRAPHICS=0 -DCONFIG_DRIVER_GRAPHICS_DEVICE=0 -DCONFIG_DRIVER_PCI_UHCI=0 -DCONFIG_DRIVER_PCI_EHCI=0 -DCONFIG_DRIVER_PCI_XHCI=0 -DCONFIG_DRIVER_PCI_NVME=0 -DCONFIG_DRIVER_PCI_VENUS=0 -DCONFIG_DRIVER_PCI_I915=0 -DCONFIG_DRIVER_PCI_INTEL_AX211=0 -DCONFIG_DRIVER_USB_STORAGE=0 -DCONFIG_DRIVER_USB_CDC_NCM=0 -DCONFIG_DRIVER_USB_CDC_ECM=0 -DCONFIG_DRIVER_USB_HID=0 -DCONFIG_DRIVER_USB_RTL8822BU=0 -DCONFIG_KERNEL_USB_HID_CHECKPOINT=0 -DCONFIG_BUF_CACHE_KIB=0 -DCONFIG_GPU_JOB_RESERVATION_MS=10000 -DCONFIG_GPU_JOB_EXECUTION_MS=60000 -DCONFIG_GPU_JOB_STOP_MS=10000 -DCONFIG_GPU_CONTROL_MS=10000 -m68030 -msoft-float -ffreestanding -fno-pic -fno-pie -fno-stack-protector -fno-asynchronous-unwind-tables -fno-unwind-tables -fno-common -ffunction-sections -fdata-sections -Os -Wall -Wextra -Werror -fno-builtin \
 -fno-strict-aliasing -MMD -MP -c src/kern/sysctl.c -o build/ws035-p001/x68k-k/kernel/src/kern/sysctl.o
include/kern/swap.h:25:51: error: invalid suffix "__UINT32_C_SUFFIX__" on integer constant
   25 | #define SWAP_SOURCE_MAX_SLOTS           (UINT32_C(1) << SWAP_SLOT_SOURCE_SHIFT)
      |                                                   ^
libc/include/stdint.h:104:42: note: in definition of macro '__ZED_INT_C_PASTE'
  104 | #define __ZED_INT_C_PASTE(value, suffix) value ## suffix
      |                                          ^~~~~
libc/include/stdint.h:112:25: note: in expansion of macro '__ZED_INT_C'
  112 | #define UINT32_C(value) __ZED_INT_C(value, __UINT32_C_SUFFIX__)
      |                         ^~~~~~~~~~~
include/kern/swap.h:25:42: note: in expansion of macro 'UINT32_C'
   25 | #define SWAP_SOURCE_MAX_SLOTS           (UINT32_C(1) << SWAP_SLOT_SOURCE_SHIFT)
      |                                          ^~~~~~~~
src/kern/swap.c:2078:34: note: in expansion of macro 'SWAP_SOURCE_MAX_SLOTS'
 2078 |             source->slot_count > SWAP_SOURCE_MAX_SLOTS ||
      |                                  ^~~~~~~~~~~~~~~~~~~~~
m68k-linux-gnu-gcc -nostdinc -Iinclude -Isrc -I. -Ilibc/include -Isrc/hal/m68k -DHAL_ARCH_M68K -DHAL_BOARD_X68K -DKERN_USER_ABI_M68K -DKERN_PAGE_SIZE=4096 -DKERN_USER_PAGE_SIZE=4096 -DKERN_NO_PRINTF_FLOAT -DKERN_INIT_PATH='"/x68k/bin/sh"' -DCONFIG_DRIVER_NE2000=0 -DCONFIG_DRIVER_LGY98=0 -DCONFIG_DRIVER_GRAPHICS=0 -DCONFIG_DRIVER_GRAPHICS_DEVICE=0 -DCONFIG_DRIVER_PCI_UHCI=0 -DCONFIG_DRIVER_PCI_EHCI=0 -DCONFIG_DRIVER_PCI_XHCI=0 -DCONFIG_DRIVER_PCI_NVME=0 -DCONFIG_DRIVER_PCI_VENUS=0 -DCONFIG_DRIVER_PCI_I915=0 -DCONFIG_DRIVER_PCI_INTEL_AX211=0 -DCONFIG_DRIVER_USB_STORAGE=0 -DCONFIG_DRIVER_USB_CDC_NCM=0 -DCONFIG_DRIVER_USB_CDC_ECM=0 -DCONFIG_DRIVER_USB_HID=0 -DCONFIG_DRIVER_USB_RTL8822BU=0 -DCONFIG_KERNEL_USB_HID_CHECKPOINT=0 -DCONFIG_BUF_CACHE_KIB=0 -DCONFIG_GPU_JOB_RESERVATION_MS=10000 -DCONFIG_GPU_JOB_EXECUTION_MS=60000 -DCONFIG_GPU_JOB_STOP_MS=10000 -DCONFIG_GPU_CONTROL_MS=10000 -m68030 -msoft-float -ffreestanding -fno-pic -fno-pie -fno-stack-protector -fno-asynchronous-unwind-tables -fno-unwind-tables -fno-common -ffunction-sections -fdata-sections -Os -Wall -Wextra -Werror -fno-builtin \
 -fno-strict-aliasing -MMD -MP -c src/kern/resource.c -o build/ws035-p001/x68k-k/kernel/src/kern/resource.o
m68k-linux-gnu-gcc -nostdinc -Iinclude -Isrc -I. -Ilibc/include -Isrc/hal/m68k -DHAL_ARCH_M68K -DHAL_BOARD_X68K -DKERN_USER_ABI_M68K -DKERN_PAGE_SIZE=4096 -DKERN_USER_PAGE_SIZE=4096 -DKERN_NO_PRINTF_FLOAT -DKERN_INIT_PATH='"/x68k/bin/sh"' -DCONFIG_DRIVER_NE2000=0 -DCONFIG_DRIVER_LGY98=0 -DCONFIG_DRIVER_GRAPHICS=0 -DCONFIG_DRIVER_GRAPHICS_DEVICE=0 -DCONFIG_DRIVER_PCI_UHCI=0 -DCONFIG_DRIVER_PCI_EHCI=0 -DCONFIG_DRIVER_PCI_XHCI=0 -DCONFIG_DRIVER_PCI_NVME=0 -DCONFIG_DRIVER_PCI_VENUS=0 -DCONFIG_DRIVER_PCI_I915=0 -DCONFIG_DRIVER_PCI_INTEL_AX211=0 -DCONFIG_DRIVER_USB_STORAGE=0 -DCONFIG_DRIVER_USB_CDC_NCM=0 -DCONFIG_DRIVER_USB_CDC_ECM=0 -DCONFIG_DRIVER_USB_HID=0 -DCONFIG_DRIVER_USB_RTL8822BU=0 -DCONFIG_KERNEL_USB_HID_CHECKPOINT=0 -DCONFIG_BUF_CACHE_KIB=0 -DCONFIG_GPU_JOB_RESERVATION_MS=10000 -DCONFIG_GPU_JOB_EXECUTION_MS=60000 -DCONFIG_GPU_JOB_STOP_MS=10000 -DCONFIG_GPU_CONTROL_MS=10000 -m68030 -msoft-float -ffreestanding -fno-pic -fno-pie -fno-stack-protector -fno-asynchronous-unwind-tables -fno-unwind-tables -fno-common -ffunction-sections -fdata-sections -Os -Wall -Wextra -Werror -fno-builtin \
 -fno-strict-aliasing -MMD -MP -c src/kern/poll.c -o build/ws035-p001/x68k-k/kernel/src/kern/poll.o
make: *** [platform/x68k/vmunix.mk:200: build/ws035-p001/x68k-k/kernel/src/kern/vfs.o] Error 1
src/kern/swap.c: In function 'kern_swap_source_set_runtime_add':
include/kern/swap.h:25:51: error: invalid suffix "__UINT32_C_SUFFIX__" on integer constant
   25 | #define SWAP_SOURCE_MAX_SLOTS           (UINT32_C(1) << SWAP_SLOT_SOURCE_SHIFT)
      |                                                   ^
libc/include/stdint.h:104:42: note: in definition of macro '__ZED_INT_C_PASTE'
  104 | #define __ZED_INT_C_PASTE(value, suffix) value ## suffix
      |                                          ^~~~~
libc/include/stdint.h:112:25: note: in expansion of macro '__ZED_INT_C'
  112 | #define UINT32_C(value) __ZED_INT_C(value, __UINT32_C_SUFFIX__)
      |                         ^~~~~~~~~~~
include/kern/swap.h:25:42: note: in expansion of macro 'UINT32_C'
   25 | #define SWAP_SOURCE_MAX_SLOTS           (UINT32_C(1) << SWAP_SLOT_SOURCE_SHIFT)
      |                                          ^~~~~~~~
src/kern/swap.c:2374:34: note: in expansion of macro 'SWAP_SOURCE_MAX_SLOTS'
 2374 |             source->slot_count > SWAP_SOURCE_MAX_SLOTS ||
      |                                  ^~~~~~~~~~~~~~~~~~~~~
m68k-linux-gnu-gcc -nostdinc -Iinclude -Isrc -I. -Ilibc/include -Isrc/hal/m68k -DHAL_ARCH_M68K -DHAL_BOARD_X68K -DKERN_USER_ABI_M68K -DKERN_PAGE_SIZE=4096 -DKERN_USER_PAGE_SIZE=4096 -DKERN_NO_PRINTF_FLOAT -DKERN_INIT_PATH='"/x68k/bin/sh"' -DCONFIG_DRIVER_NE2000=0 -DCONFIG_DRIVER_LGY98=0 -DCONFIG_DRIVER_GRAPHICS=0 -DCONFIG_DRIVER_GRAPHICS_DEVICE=0 -DCONFIG_DRIVER_PCI_UHCI=0 -DCONFIG_DRIVER_PCI_EHCI=0 -DCONFIG_DRIVER_PCI_XHCI=0 -DCONFIG_DRIVER_PCI_NVME=0 -DCONFIG_DRIVER_PCI_VENUS=0 -DCONFIG_DRIVER_PCI_I915=0 -DCONFIG_DRIVER_PCI_INTEL_AX211=0 -DCONFIG_DRIVER_USB_STORAGE=0 -DCONFIG_DRIVER_USB_CDC_NCM=0 -DCONFIG_DRIVER_USB_CDC_ECM=0 -DCONFIG_DRIVER_USB_HID=0 -DCONFIG_DRIVER_USB_RTL8822BU=0 -DCONFIG_KERNEL_USB_HID_CHECKPOINT=0 -DCONFIG_BUF_CACHE_KIB=0 -DCONFIG_GPU_JOB_RESERVATION_MS=10000 -DCONFIG_GPU_JOB_EXECUTION_MS=60000 -DCONFIG_GPU_JOB_STOP_MS=10000 -DCONFIG_GPU_CONTROL_MS=10000 -m68030 -msoft-float -ffreestanding -fno-pic -fno-pie -fno-stack-protector -fno-asynchronous-unwind-tables -fno-unwind-tables -fno-common -ffunction-sections -fdata-sections -Os -Wall -Wextra -Werror -fno-builtin \
 -fno-strict-aliasing -MMD -MP -c src/kern/usync.c -o build/ws035-p001/x68k-k/kernel/src/kern/usync.o
m68k-linux-gnu-gcc -nostdinc -Iinclude -Isrc -I. -Ilibc/include -Isrc/hal/m68k -DHAL_ARCH_M68K -DHAL_BOARD_X68K -DKERN_USER_ABI_M68K -DKERN_PAGE_SIZE=4096 -DKERN_USER_PAGE_SIZE=4096 -DKERN_NO_PRINTF_FLOAT -DKERN_INIT_PATH='"/x68k/bin/sh"' -DCONFIG_DRIVER_NE2000=0 -DCONFIG_DRIVER_LGY98=0 -DCONFIG_DRIVER_GRAPHICS=0 -DCONFIG_DRIVER_GRAPHICS_DEVICE=0 -DCONFIG_DRIVER_PCI_UHCI=0 -DCONFIG_DRIVER_PCI_EHCI=0 -DCONFIG_DRIVER_PCI_XHCI=0 -DCONFIG_DRIVER_PCI_NVME=0 -DCONFIG_DRIVER_PCI_VENUS=0 -DCONFIG_DRIVER_PCI_I915=0 -DCONFIG_DRIVER_PCI_INTEL_AX211=0 -DCONFIG_DRIVER_USB_STORAGE=0 -DCONFIG_DRIVER_USB_CDC_NCM=0 -DCONFIG_DRIVER_USB_CDC_ECM=0 -DCONFIG_DRIVER_USB_HID=0 -DCONFIG_DRIVER_USB_RTL8822BU=0 -DCONFIG_KERNEL_USB_HID_CHECKPOINT=0 -DCONFIG_BUF_CACHE_KIB=0 -DCONFIG_GPU_JOB_RESERVATION_MS=10000 -DCONFIG_GPU_JOB_EXECUTION_MS=60000 -DCONFIG_GPU_JOB_STOP_MS=10000 -DCONFIG_GPU_CONTROL_MS=10000 -m68030 -msoft-float -ffreestanding -fno-pic -fno-pie -fno-stack-protector -fno-asynchronous-unwind-tables -fno-unwind-tables -fno-common -ffunction-sections -fdata-sections -Os -Wall -Wextra -Werror -fno-builtin \
 -fno-strict-aliasing -MMD -MP -c src/kern/process.c -o build/ws035-p001/x68k-k/kernel/src/kern/process.o
In file included from include/uapi/system.h:19,
                 from include/kern/resource.h:10,
                 from src/kern/resource.c:15:
include/kern/swap.h:23:50: error: invalid suffix "__UINT32_C_SUFFIX__" on integer constant
   23 | #define SWAP_SLOT_SOURCE_MASK           UINT32_C(0x60000000)
      |                                                  ^~~~~~~~~~
libc/include/stdint.h:104:42: note: in definition of macro '__ZED_INT_C_PASTE'
  104 | #define __ZED_INT_C_PASTE(value, suffix) value ## suffix
      |                                          ^~~~~
libc/include/stdint.h:112:25: note: in expansion of macro '__ZED_INT_C'
  112 | #define UINT32_C(value) __ZED_INT_C(value, __UINT32_C_SUFFIX__)
      |                         ^~~~~~~~~~~
include/kern/swap.h:23:41: note: in expansion of macro 'UINT32_C'
   23 | #define SWAP_SLOT_SOURCE_MASK           UINT32_C(0x60000000)
      |                                         ^~~~~~~~
include/kern/swap.h:67:17: note: in expansion of macro 'SWAP_SLOT_SOURCE_MASK'
   67 | _Static_assert((SWAP_SLOT_SOURCE_MASK | SWAP_SLOT_LOCAL_MASK) ==
      |                 ^~~~~~~~~~~~~~~~~~~~~
include/kern/swap.h:22:50: error: invalid suffix "__UINT32_C_SUFFIX__" on integer constant
   22 | #define SWAP_SLOT_LOCAL_MASK            UINT32_C(0x1fffffff)
      |                                                  ^~~~~~~~~~
libc/include/stdint.h:104:42: note: in definition of macro '__ZED_INT_C_PASTE'
  104 | #define __ZED_INT_C_PASTE(value, suffix) value ## suffix
      |                                          ^~~~~
libc/include/stdint.h:112:25: note: in expansion of macro '__ZED_INT_C'
  112 | #define UINT32_C(value) __ZED_INT_C(value, __UINT32_C_SUFFIX__)
      |                         ^~~~~~~~~~~
include/kern/swap.h:22:41: note: in expansion of macro 'UINT32_C'
   22 | #define SWAP_SLOT_LOCAL_MASK            UINT32_C(0x1fffffff)
      |                                         ^~~~~~~~
include/kern/swap.h:67:41: note: in expansion of macro 'SWAP_SLOT_LOCAL_MASK'
   67 | _Static_assert((SWAP_SLOT_SOURCE_MASK | SWAP_SLOT_LOCAL_MASK) ==
      |                                         ^~~~~~~~~~~~~~~~~~~~
include/kern/swap.h:24:50: error: invalid suffix "__UINT32_C_SUFFIX__" on integer constant
   24 | #define SWAP_SLOT_VALID_MASK            UINT32_C(0x7fffffff)
      |                                                  ^~~~~~~~~~
libc/include/stdint.h:104:42: note: in definition of macro '__ZED_INT_C_PASTE'
  104 | #define __ZED_INT_C_PASTE(value, suffix) value ## suffix
      |                                          ^~~~~
libc/include/stdint.h:112:25: note: in expansion of macro '__ZED_INT_C'
  112 | #define UINT32_C(value) __ZED_INT_C(value, __UINT32_C_SUFFIX__)
      |                         ^~~~~~~~~~~
include/kern/swap.h:24:41: note: in expansion of macro 'UINT32_C'
   24 | #define SWAP_SLOT_VALID_MASK            UINT32_C(0x7fffffff)
      |                                         ^~~~~~~~
include/kern/swap.h:68:5: note: in expansion of macro 'SWAP_SLOT_VALID_MASK'
   68 |     SWAP_SLOT_VALID_MASK, "swap token fields must cover bits 0 through 30");
      |     ^~~~~~~~~~~~~~~~~~~~
In file included from src/kern/resource.c:24:
include/kern/swap.h:67:16: error: expression in static assertion is not an integer
   67 | _Static_assert((SWAP_SLOT_SOURCE_MASK | SWAP_SLOT_LOCAL_MASK) ==
      |                ^
include/kern/swap.h:23:50: error: invalid suffix "__UINT32_C_SUFFIX__" on integer constant
   23 | #define SWAP_SLOT_SOURCE_MASK           UINT32_C(0x60000000)
      |                                                  ^~~~~~~~~~
libc/include/stdint.h:104:42: note: in definition of macro '__ZED_INT_C_PASTE'
  104 | #define __ZED_INT_C_PASTE(value, suffix) value ## suffix
      |                                          ^~~~~
libc/include/stdint.h:112:25: note: in expansion of macro '__ZED_INT_C'
  112 | #define UINT32_C(value) __ZED_INT_C(value, __UINT32_C_SUFFIX__)
      |                         ^~~~~~~~~~~
include/kern/swap.h:23:41: note: in expansion of macro 'UINT32_C'
   23 | #define SWAP_SLOT_SOURCE_MASK           UINT32_C(0x60000000)
      |                                         ^~~~~~~~
include/kern/swap.h:69:17: note: in expansion of macro 'SWAP_SLOT_SOURCE_MASK'
   69 | _Static_assert((SWAP_SLOT_SOURCE_MASK & SWAP_SLOT_LOCAL_MASK) == 0,
      |                 ^~~~~~~~~~~~~~~~~~~~~
include/kern/swap.h:22:50: error: invalid suffix "__UINT32_C_SUFFIX__" on integer constant
   22 | #define SWAP_SLOT_LOCAL_MASK            UINT32_C(0x1fffffff)
      |                                                  ^~~~~~~~~~
libc/include/stdint.h:104:42: note: in definition of macro '__ZED_INT_C_PASTE'
  104 | #define __ZED_INT_C_PASTE(value, suffix) value ## suffix
      |                                          ^~~~~
libc/include/stdint.h:112:25: note: in expansion of macro '__ZED_INT_C'
  112 | #define UINT32_C(value) __ZED_INT_C(value, __UINT32_C_SUFFIX__)
      |                         ^~~~~~~~~~~
include/kern/swap.h:22:41: note: in expansion of macro 'UINT32_C'
   22 | #define SWAP_SLOT_LOCAL_MASK            UINT32_C(0x1fffffff)
      |                                         ^~~~~~~~
include/kern/swap.h:69:41: note: in expansion of macro 'SWAP_SLOT_LOCAL_MASK'
   69 | _Static_assert((SWAP_SLOT_SOURCE_MASK & SWAP_SLOT_LOCAL_MASK) == 0,
      |                                         ^~~~~~~~~~~~~~~~~~~~
include/kern/swap.h:69:16: error: expression in static assertion is not an integer
   69 | _Static_assert((SWAP_SLOT_SOURCE_MASK & SWAP_SLOT_LOCAL_MASK) == 0,
      |                ^
include/kern/swap.h:24:50: error: invalid suffix "__UINT32_C_SUFFIX__" on integer constant
   24 | #define SWAP_SLOT_VALID_MASK            UINT32_C(0x7fffffff)
      |                                                  ^~~~~~~~~~
libc/include/stdint.h:104:42: note: in definition of macro '__ZED_INT_C_PASTE'
  104 | #define __ZED_INT_C_PASTE(value, suffix) value ## suffix
      |                                          ^~~~~
libc/include/stdint.h:112:25: note: in expansion of macro '__ZED_INT_C'
  112 | #define UINT32_C(value) __ZED_INT_C(value, __UINT32_C_SUFFIX__)
      |                         ^~~~~~~~~~~
include/kern/swap.h:24:41: note: in expansion of macro 'UINT32_C'
   24 | #define SWAP_SLOT_VALID_MASK            UINT32_C(0x7fffffff)
      |                                         ^~~~~~~~
include/kern/swap.h:71:35: note: in expansion of macro 'SWAP_SLOT_VALID_MASK'
   71 | _Static_assert((SWAP_SLOT_NONE & ~SWAP_SLOT_VALID_MASK) != 0,
      |                                   ^~~~~~~~~~~~~~~~~~~~
include/kern/swap.h:71:16: error: expression in static assertion is not an integer
   71 | _Static_assert((SWAP_SLOT_NONE & ~SWAP_SLOT_VALID_MASK) != 0,
      |                ^
In file included from include/kern/disk.h:16,
                 from src/kern/disk.c:18:
src/kern/disk.c: In function 'disk_media_idle_locked':
make: *** [platform/x68k/vmunix.mk:200: build/ws035-p001/x68k-k/kernel/src/kern/resource.o] Error 1
src/kern/disk.c:2933:29: error: invalid suffix "__UINT64_C_SUFFIX__" on integer constant
 2933 |         expected = UINT64_C(1) + extra + parent->d_buffer_refs;
      |                             ^
libc/include/stdint.h:104:42: note: in definition of macro '__ZED_INT_C_PASTE'
  104 | #define __ZED_INT_C_PASTE(value, suffix) value ## suffix
      |                                          ^~~~~
libc/include/stdint.h:114:25: note: in expansion of macro '__ZED_INT_C'
  114 | #define UINT64_C(value) __ZED_INT_C(value, __UINT64_C_SUFFIX__)
      |                         ^~~~~~~~~~~
src/kern/disk.c:2933:20: note: in expansion of macro 'UINT64_C'
 2933 |         expected = UINT64_C(1) + extra + parent->d_buffer_refs;
      |                    ^~~~~~~~
m68k-linux-gnu-gcc -nostdinc -Iinclude -Isrc -I. -Ilibc/include -Isrc/hal/m68k -DHAL_ARCH_M68K -DHAL_BOARD_X68K -DKERN_USER_ABI_M68K -DKERN_PAGE_SIZE=4096 -DKERN_USER_PAGE_SIZE=4096 -DKERN_NO_PRINTF_FLOAT -DKERN_INIT_PATH='"/x68k/bin/sh"' -DCONFIG_DRIVER_NE2000=0 -DCONFIG_DRIVER_LGY98=0 -DCONFIG_DRIVER_GRAPHICS=0 -DCONFIG_DRIVER_GRAPHICS_DEVICE=0 -DCONFIG_DRIVER_PCI_UHCI=0 -DCONFIG_DRIVER_PCI_EHCI=0 -DCONFIG_DRIVER_PCI_XHCI=0 -DCONFIG_DRIVER_PCI_NVME=0 -DCONFIG_DRIVER_PCI_VENUS=0 -DCONFIG_DRIVER_PCI_I915=0 -DCONFIG_DRIVER_PCI_INTEL_AX211=0 -DCONFIG_DRIVER_USB_STORAGE=0 -DCONFIG_DRIVER_USB_CDC_NCM=0 -DCONFIG_DRIVER_USB_CDC_ECM=0 -DCONFIG_DRIVER_USB_HID=0 -DCONFIG_DRIVER_USB_RTL8822BU=0 -DCONFIG_KERNEL_USB_HID_CHECKPOINT=0 -DCONFIG_BUF_CACHE_KIB=0 -DCONFIG_GPU_JOB_RESERVATION_MS=10000 -DCONFIG_GPU_JOB_EXECUTION_MS=60000 -DCONFIG_GPU_JOB_STOP_MS=10000 -DCONFIG_GPU_CONTROL_MS=10000 -m68030 -msoft-float -ffreestanding -fno-pic -fno-pie -fno-stack-protector -fno-asynchronous-unwind-tables -fno-unwind-tables -fno-common -ffunction-sections -fdata-sections -Os -Wall -Wextra -Werror -fno-builtin \
 -fno-strict-aliasing -MMD -MP -c src/kern/thread.c -o build/ws035-p001/x68k-k/kernel/src/kern/thread.o
m68k-linux-gnu-gcc -nostdinc -Iinclude -Isrc -I. -Ilibc/include -Isrc/hal/m68k -DHAL_ARCH_M68K -DHAL_BOARD_X68K -DKERN_USER_ABI_M68K -DKERN_PAGE_SIZE=4096 -DKERN_USER_PAGE_SIZE=4096 -DKERN_NO_PRINTF_FLOAT -DKERN_INIT_PATH='"/x68k/bin/sh"' -DCONFIG_DRIVER_NE2000=0 -DCONFIG_DRIVER_LGY98=0 -DCONFIG_DRIVER_GRAPHICS=0 -DCONFIG_DRIVER_GRAPHICS_DEVICE=0 -DCONFIG_DRIVER_PCI_UHCI=0 -DCONFIG_DRIVER_PCI_EHCI=0 -DCONFIG_DRIVER_PCI_XHCI=0 -DCONFIG_DRIVER_PCI_NVME=0 -DCONFIG_DRIVER_PCI_VENUS=0 -DCONFIG_DRIVER_PCI_I915=0 -DCONFIG_DRIVER_PCI_INTEL_AX211=0 -DCONFIG_DRIVER_USB_STORAGE=0 -DCONFIG_DRIVER_USB_CDC_NCM=0 -DCONFIG_DRIVER_USB_CDC_ECM=0 -DCONFIG_DRIVER_USB_HID=0 -DCONFIG_DRIVER_USB_RTL8822BU=0 -DCONFIG_KERNEL_USB_HID_CHECKPOINT=0 -DCONFIG_BUF_CACHE_KIB=0 -DCONFIG_GPU_JOB_RESERVATION_MS=10000 -DCONFIG_GPU_JOB_EXECUTION_MS=60000 -DCONFIG_GPU_JOB_STOP_MS=10000 -DCONFIG_GPU_CONTROL_MS=10000 -m68030 -msoft-float -ffreestanding -fno-pic -fno-pie -fno-stack-protector -fno-asynchronous-unwind-tables -fno-unwind-tables -fno-common -ffunction-sections -fdata-sections -Os -Wall -Wextra -Werror -fno-builtin \
 -fno-strict-aliasing -MMD -MP -c src/kern/sched.c -o build/ws035-p001/x68k-k/kernel/src/kern/sched.o
m68k-linux-gnu-gcc -nostdinc -Iinclude -Isrc -I. -Ilibc/include -Isrc/hal/m68k -DHAL_ARCH_M68K -DHAL_BOARD_X68K -DKERN_USER_ABI_M68K -DKERN_PAGE_SIZE=4096 -DKERN_USER_PAGE_SIZE=4096 -DKERN_NO_PRINTF_FLOAT -DKERN_INIT_PATH='"/x68k/bin/sh"' -DCONFIG_DRIVER_NE2000=0 -DCONFIG_DRIVER_LGY98=0 -DCONFIG_DRIVER_GRAPHICS=0 -DCONFIG_DRIVER_GRAPHICS_DEVICE=0 -DCONFIG_DRIVER_PCI_UHCI=0 -DCONFIG_DRIVER_PCI_EHCI=0 -DCONFIG_DRIVER_PCI_XHCI=0 -DCONFIG_DRIVER_PCI_NVME=0 -DCONFIG_DRIVER_PCI_VENUS=0 -DCONFIG_DRIVER_PCI_I915=0 -DCONFIG_DRIVER_PCI_INTEL_AX211=0 -DCONFIG_DRIVER_USB_STORAGE=0 -DCONFIG_DRIVER_USB_CDC_NCM=0 -DCONFIG_DRIVER_USB_CDC_ECM=0 -DCONFIG_DRIVER_USB_HID=0 -DCONFIG_DRIVER_USB_RTL8822BU=0 -DCONFIG_KERNEL_USB_HID_CHECKPOINT=0 -DCONFIG_BUF_CACHE_KIB=0 -DCONFIG_GPU_JOB_RESERVATION_MS=10000 -DCONFIG_GPU_JOB_EXECUTION_MS=60000 -DCONFIG_GPU_JOB_STOP_MS=10000 -DCONFIG_GPU_CONTROL_MS=10000 -m68030 -msoft-float -ffreestanding -fno-pic -fno-pie -fno-stack-protector -fno-asynchronous-unwind-tables -fno-unwind-tables -fno-common -ffunction-sections -fdata-sections -Os -Wall -Wextra -Werror -fno-builtin \
 -fno-strict-aliasing -MMD -MP -c src/kern/vmspace.c -o build/ws035-p001/x68k-k/kernel/src/kern/vmspace.o
m68k-linux-gnu-gcc -nostdinc -Iinclude -Isrc -I. -Ilibc/include -Isrc/hal/m68k -DHAL_ARCH_M68K -DHAL_BOARD_X68K -DKERN_USER_ABI_M68K -DKERN_PAGE_SIZE=4096 -DKERN_USER_PAGE_SIZE=4096 -DKERN_NO_PRINTF_FLOAT -DKERN_INIT_PATH='"/x68k/bin/sh"' -DCONFIG_DRIVER_NE2000=0 -DCONFIG_DRIVER_LGY98=0 -DCONFIG_DRIVER_GRAPHICS=0 -DCONFIG_DRIVER_GRAPHICS_DEVICE=0 -DCONFIG_DRIVER_PCI_UHCI=0 -DCONFIG_DRIVER_PCI_EHCI=0 -DCONFIG_DRIVER_PCI_XHCI=0 -DCONFIG_DRIVER_PCI_NVME=0 -DCONFIG_DRIVER_PCI_VENUS=0 -DCONFIG_DRIVER_PCI_I915=0 -DCONFIG_DRIVER_PCI_INTEL_AX211=0 -DCONFIG_DRIVER_USB_STORAGE=0 -DCONFIG_DRIVER_USB_CDC_NCM=0 -DCONFIG_DRIVER_USB_CDC_ECM=0 -DCONFIG_DRIVER_USB_HID=0 -DCONFIG_DRIVER_USB_RTL8822BU=0 -DCONFIG_KERNEL_USB_HID_CHECKPOINT=0 -DCONFIG_BUF_CACHE_KIB=0 -DCONFIG_GPU_JOB_RESERVATION_MS=10000 -DCONFIG_GPU_JOB_EXECUTION_MS=60000 -DCONFIG_GPU_JOB_STOP_MS=10000 -DCONFIG_GPU_CONTROL_MS=10000 -m68030 -msoft-float -ffreestanding -fno-pic -fno-pie -fno-stack-protector -fno-asynchronous-unwind-tables -fno-unwind-tables -fno-common -ffunction-sections -fdata-sections -Os -Wall -Wextra -Werror -fno-builtin \
 -fno-strict-aliasing -MMD -MP -c src/kern/vm-device.c -o build/ws035-p001/x68k-k/kernel/src/kern/vm-device.o
make: *** [platform/x68k/vmunix.mk:200: build/ws035-p001/x68k-k/kernel/src/kern/swap.o] Error 1
m68k-linux-gnu-gcc -nostdinc -Iinclude -Isrc -I. -Ilibc/include -Isrc/hal/m68k -DHAL_ARCH_M68K -DHAL_BOARD_X68K -DKERN_USER_ABI_M68K -DKERN_PAGE_SIZE=4096 -DKERN_USER_PAGE_SIZE=4096 -DKERN_NO_PRINTF_FLOAT -DKERN_INIT_PATH='"/x68k/bin/sh"' -DCONFIG_DRIVER_NE2000=0 -DCONFIG_DRIVER_LGY98=0 -DCONFIG_DRIVER_GRAPHICS=0 -DCONFIG_DRIVER_GRAPHICS_DEVICE=0 -DCONFIG_DRIVER_PCI_UHCI=0 -DCONFIG_DRIVER_PCI_EHCI=0 -DCONFIG_DRIVER_PCI_XHCI=0 -DCONFIG_DRIVER_PCI_NVME=0 -DCONFIG_DRIVER_PCI_VENUS=0 -DCONFIG_DRIVER_PCI_I915=0 -DCONFIG_DRIVER_PCI_INTEL_AX211=0 -DCONFIG_DRIVER_USB_STORAGE=0 -DCONFIG_DRIVER_USB_CDC_NCM=0 -DCONFIG_DRIVER_USB_CDC_ECM=0 -DCONFIG_DRIVER_USB_HID=0 -DCONFIG_DRIVER_USB_RTL8822BU=0 -DCONFIG_KERNEL_USB_HID_CHECKPOINT=0 -DCONFIG_BUF_CACHE_KIB=0 -DCONFIG_GPU_JOB_RESERVATION_MS=10000 -DCONFIG_GPU_JOB_EXECUTION_MS=60000 -DCONFIG_GPU_JOB_STOP_MS=10000 -DCONFIG_GPU_CONTROL_MS=10000 -m68030 -msoft-float -ffreestanding -fno-pic -fno-pie -fno-stack-protector -fno-asynchronous-unwind-tables -fno-unwind-tables -fno-common -ffunction-sections -fdata-sections -Os -Wall -Wextra -Werror -fno-builtin \
 -fno-strict-aliasing -MMD -MP -c src/kern/vm.c -o build/ws035-p001/x68k-k/kernel/src/kern/vm.o
m68k-linux-gnu-gcc -nostdinc -Iinclude -Isrc -I. -Ilibc/include -Isrc/hal/m68k -DHAL_ARCH_M68K -DHAL_BOARD_X68K -DKERN_USER_ABI_M68K -DKERN_PAGE_SIZE=4096 -DKERN_USER_PAGE_SIZE=4096 -DKERN_NO_PRINTF_FLOAT -DKERN_INIT_PATH='"/x68k/bin/sh"' -DCONFIG_DRIVER_NE2000=0 -DCONFIG_DRIVER_LGY98=0 -DCONFIG_DRIVER_GRAPHICS=0 -DCONFIG_DRIVER_GRAPHICS_DEVICE=0 -DCONFIG_DRIVER_PCI_UHCI=0 -DCONFIG_DRIVER_PCI_EHCI=0 -DCONFIG_DRIVER_PCI_XHCI=0 -DCONFIG_DRIVER_PCI_NVME=0 -DCONFIG_DRIVER_PCI_VENUS=0 -DCONFIG_DRIVER_PCI_I915=0 -DCONFIG_DRIVER_PCI_INTEL_AX211=0 -DCONFIG_DRIVER_USB_STORAGE=0 -DCONFIG_DRIVER_USB_CDC_NCM=0 -DCONFIG_DRIVER_USB_CDC_ECM=0 -DCONFIG_DRIVER_USB_HID=0 -DCONFIG_DRIVER_USB_RTL8822BU=0 -DCONFIG_KERNEL_USB_HID_CHECKPOINT=0 -DCONFIG_BUF_CACHE_KIB=0 -DCONFIG_GPU_JOB_RESERVATION_MS=10000 -DCONFIG_GPU_JOB_EXECUTION_MS=60000 -DCONFIG_GPU_JOB_STOP_MS=10000 -DCONFIG_GPU_CONTROL_MS=10000 -m68030 -msoft-float -ffreestanding -fno-pic -fno-pie -fno-stack-protector -fno-asynchronous-unwind-tables -fno-unwind-tables -fno-common -ffunction-sections -fdata-sections -Os -Wall -Wextra -Werror -fno-builtin \
 -fno-strict-aliasing -MMD -MP -c src/kern/filedesc.c -o build/ws035-p001/x68k-k/kernel/src/kern/filedesc.o
m68k-linux-gnu-gcc -nostdinc -Iinclude -Isrc -I. -Ilibc/include -Isrc/hal/m68k -DHAL_ARCH_M68K -DHAL_BOARD_X68K -DKERN_USER_ABI_M68K -DKERN_PAGE_SIZE=4096 -DKERN_USER_PAGE_SIZE=4096 -DKERN_NO_PRINTF_FLOAT -DKERN_INIT_PATH='"/x68k/bin/sh"' -DCONFIG_DRIVER_NE2000=0 -DCONFIG_DRIVER_LGY98=0 -DCONFIG_DRIVER_GRAPHICS=0 -DCONFIG_DRIVER_GRAPHICS_DEVICE=0 -DCONFIG_DRIVER_PCI_UHCI=0 -DCONFIG_DRIVER_PCI_EHCI=0 -DCONFIG_DRIVER_PCI_XHCI=0 -DCONFIG_DRIVER_PCI_NVME=0 -DCONFIG_DRIVER_PCI_VENUS=0 -DCONFIG_DRIVER_PCI_I915=0 -DCONFIG_DRIVER_PCI_INTEL_AX211=0 -DCONFIG_DRIVER_USB_STORAGE=0 -DCONFIG_DRIVER_USB_CDC_NCM=0 -DCONFIG_DRIVER_USB_CDC_ECM=0 -DCONFIG_DRIVER_USB_HID=0 -DCONFIG_DRIVER_USB_RTL8822BU=0 -DCONFIG_KERNEL_USB_HID_CHECKPOINT=0 -DCONFIG_BUF_CACHE_KIB=0 -DCONFIG_GPU_JOB_RESERVATION_MS=10000 -DCONFIG_GPU_JOB_EXECUTION_MS=60000 -DCONFIG_GPU_JOB_STOP_MS=10000 -DCONFIG_GPU_CONTROL_MS=10000 -m68030 -msoft-float -ffreestanding -fno-pic -fno-pie -fno-stack-protector -fno-asynchronous-unwind-tables -fno-unwind-tables -fno-common -ffunction-sections -fdata-sections -Os -Wall -Wextra -Werror -fno-builtin \
 -fno-strict-aliasing -MMD -MP -c src/kern/handle.c -o build/ws035-p001/x68k-k/kernel/src/kern/handle.o
In file included from include/hal/types.h:11,
                 from include/hal/hal.h:21,
                 from include/kern/vmspace.h:16,
                 from src/kern/vmspace.c:19:
include/kern/swap.h:23:50: error: invalid suffix "__UINT32_C_SUFFIX__" on integer constant
   23 | #define SWAP_SLOT_SOURCE_MASK           UINT32_C(0x60000000)
      |                                                  ^~~~~~~~~~
libc/include/stdint.h:104:42: note: in definition of macro '__ZED_INT_C_PASTE'
  104 | #define __ZED_INT_C_PASTE(value, suffix) value ## suffix
      |                                          ^~~~~
libc/include/stdint.h:112:25: note: in expansion of macro '__ZED_INT_C'
  112 | #define UINT32_C(value) __ZED_INT_C(value, __UINT32_C_SUFFIX__)
      |                         ^~~~~~~~~~~
include/kern/swap.h:23:41: note: in expansion of macro 'UINT32_C'
   23 | #define SWAP_SLOT_SOURCE_MASK           UINT32_C(0x60000000)
      |                                         ^~~~~~~~
include/kern/swap.h:67:17: note: in expansion of macro 'SWAP_SLOT_SOURCE_MASK'
   67 | _Static_assert((SWAP_SLOT_SOURCE_MASK | SWAP_SLOT_LOCAL_MASK) ==
      |                 ^~~~~~~~~~~~~~~~~~~~~
include/kern/swap.h:22:50: error: invalid suffix "__UINT32_C_SUFFIX__" on integer constant
   22 | #define SWAP_SLOT_LOCAL_MASK            UINT32_C(0x1fffffff)
      |                                                  ^~~~~~~~~~
libc/include/stdint.h:104:42: note: in definition of macro '__ZED_INT_C_PASTE'
  104 | #define __ZED_INT_C_PASTE(value, suffix) value ## suffix
      |                                          ^~~~~
libc/include/stdint.h:112:25: note: in expansion of macro '__ZED_INT_C'
  112 | #define UINT32_C(value) __ZED_INT_C(value, __UINT32_C_SUFFIX__)
      |                         ^~~~~~~~~~~
include/kern/swap.h:22:41: note: in expansion of macro 'UINT32_C'
   22 | #define SWAP_SLOT_LOCAL_MASK            UINT32_C(0x1fffffff)
      |                                         ^~~~~~~~
include/kern/swap.h:67:41: note: in expansion of macro 'SWAP_SLOT_LOCAL_MASK'
   67 | _Static_assert((SWAP_SLOT_SOURCE_MASK | SWAP_SLOT_LOCAL_MASK) ==
      |                                         ^~~~~~~~~~~~~~~~~~~~
include/kern/swap.h:24:50: error: invalid suffix "__UINT32_C_SUFFIX__" on integer constant
   24 | #define SWAP_SLOT_VALID_MASK            UINT32_C(0x7fffffff)
      |                                                  ^~~~~~~~~~
libc/include/stdint.h:104:42: note: in definition of macro '__ZED_INT_C_PASTE'
  104 | #define __ZED_INT_C_PASTE(value, suffix) value ## suffix
      |                                          ^~~~~
libc/include/stdint.h:112:25: note: in expansion of macro '__ZED_INT_C'
  112 | #define UINT32_C(value) __ZED_INT_C(value, __UINT32_C_SUFFIX__)
      |                         ^~~~~~~~~~~
include/kern/swap.h:24:41: note: in expansion of macro 'UINT32_C'
   24 | #define SWAP_SLOT_VALID_MASK            UINT32_C(0x7fffffff)
      |                                         ^~~~~~~~
include/kern/swap.h:68:5: note: in expansion of macro 'SWAP_SLOT_VALID_MASK'
   68 |     SWAP_SLOT_VALID_MASK, "swap token fields must cover bits 0 through 30");
      |     ^~~~~~~~~~~~~~~~~~~~
In file included from src/kern/vmspace.c:25:
include/kern/swap.h:67:16: error: expression in static assertion is not an integer
   67 | _Static_assert((SWAP_SLOT_SOURCE_MASK | SWAP_SLOT_LOCAL_MASK) ==
      |                ^
include/kern/swap.h:23:50: error: invalid suffix "__UINT32_C_SUFFIX__" on integer constant
   23 | #define SWAP_SLOT_SOURCE_MASK           UINT32_C(0x60000000)
      |                                                  ^~~~~~~~~~
libc/include/stdint.h:104:42: note: in definition of macro '__ZED_INT_C_PASTE'
  104 | #define __ZED_INT_C_PASTE(value, suffix) value ## suffix
      |                                          ^~~~~
libc/include/stdint.h:112:25: note: in expansion of macro '__ZED_INT_C'
  112 | #define UINT32_C(value) __ZED_INT_C(value, __UINT32_C_SUFFIX__)
      |                         ^~~~~~~~~~~
include/kern/swap.h:23:41: note: in expansion of macro 'UINT32_C'
   23 | #define SWAP_SLOT_SOURCE_MASK           UINT32_C(0x60000000)
      |                                         ^~~~~~~~
include/kern/swap.h:69:17: note: in expansion of macro 'SWAP_SLOT_SOURCE_MASK'
   69 | _Static_assert((SWAP_SLOT_SOURCE_MASK & SWAP_SLOT_LOCAL_MASK) == 0,
      |                 ^~~~~~~~~~~~~~~~~~~~~
include/kern/swap.h:22:50: error: invalid suffix "__UINT32_C_SUFFIX__" on integer constant
   22 | #define SWAP_SLOT_LOCAL_MASK            UINT32_C(0x1fffffff)
      |                                                  ^~~~~~~~~~
libc/include/stdint.h:104:42: note: in definition of macro '__ZED_INT_C_PASTE'
  104 | #define __ZED_INT_C_PASTE(value, suffix) value ## suffix
      |                                          ^~~~~
libc/include/stdint.h:112:25: note: in expansion of macro '__ZED_INT_C'
  112 | #define UINT32_C(value) __ZED_INT_C(value, __UINT32_C_SUFFIX__)
      |                         ^~~~~~~~~~~
include/kern/swap.h:22:41: note: in expansion of macro 'UINT32_C'
   22 | #define SWAP_SLOT_LOCAL_MASK            UINT32_C(0x1fffffff)
      |                                         ^~~~~~~~
include/kern/swap.h:69:41: note: in expansion of macro 'SWAP_SLOT_LOCAL_MASK'
   69 | _Static_assert((SWAP_SLOT_SOURCE_MASK & SWAP_SLOT_LOCAL_MASK) == 0,
      |                                         ^~~~~~~~~~~~~~~~~~~~
include/kern/swap.h:69:16: error: expression in static assertion is not an integer
   69 | _Static_assert((SWAP_SLOT_SOURCE_MASK & SWAP_SLOT_LOCAL_MASK) == 0,
      |                ^
include/kern/swap.h:24:50: error: invalid suffix "__UINT32_C_SUFFIX__" on integer constant
   24 | #define SWAP_SLOT_VALID_MASK            UINT32_C(0x7fffffff)
      |                                                  ^~~~~~~~~~
libc/include/stdint.h:104:42: note: in definition of macro '__ZED_INT_C_PASTE'
  104 | #define __ZED_INT_C_PASTE(value, suffix) value ## suffix
      |                                          ^~~~~
libc/include/stdint.h:112:25: note: in expansion of macro '__ZED_INT_C'
  112 | #define UINT32_C(value) __ZED_INT_C(value, __UINT32_C_SUFFIX__)
      |                         ^~~~~~~~~~~
include/kern/swap.h:24:41: note: in expansion of macro 'UINT32_C'
   24 | #define SWAP_SLOT_VALID_MASK            UINT32_C(0x7fffffff)
      |                                         ^~~~~~~~
include/kern/swap.h:71:35: note: in expansion of macro 'SWAP_SLOT_VALID_MASK'
   71 | _Static_assert((SWAP_SLOT_NONE & ~SWAP_SLOT_VALID_MASK) != 0,
      |                                   ^~~~~~~~~~~~~~~~~~~~
include/kern/swap.h:71:16: error: expression in static assertion is not an integer
   71 | _Static_assert((SWAP_SLOT_NONE & ~SWAP_SLOT_VALID_MASK) != 0,
      |                ^
make: *** [platform/x68k/vmunix.mk:200: build/ws035-p001/x68k-k/kernel/src/kern/disk.o] Error 1
m68k-linux-gnu-gcc -nostdinc -Iinclude -Isrc -I. -Ilibc/include -Isrc/hal/m68k -DHAL_ARCH_M68K -DHAL_BOARD_X68K -DKERN_USER_ABI_M68K -DKERN_PAGE_SIZE=4096 -DKERN_USER_PAGE_SIZE=4096 -DKERN_NO_PRINTF_FLOAT -DKERN_INIT_PATH='"/x68k/bin/sh"' -DCONFIG_DRIVER_NE2000=0 -DCONFIG_DRIVER_LGY98=0 -DCONFIG_DRIVER_GRAPHICS=0 -DCONFIG_DRIVER_GRAPHICS_DEVICE=0 -DCONFIG_DRIVER_PCI_UHCI=0 -DCONFIG_DRIVER_PCI_EHCI=0 -DCONFIG_DRIVER_PCI_XHCI=0 -DCONFIG_DRIVER_PCI_NVME=0 -DCONFIG_DRIVER_PCI_VENUS=0 -DCONFIG_DRIVER_PCI_I915=0 -DCONFIG_DRIVER_PCI_INTEL_AX211=0 -DCONFIG_DRIVER_USB_STORAGE=0 -DCONFIG_DRIVER_USB_CDC_NCM=0 -DCONFIG_DRIVER_USB_CDC_ECM=0 -DCONFIG_DRIVER_USB_HID=0 -DCONFIG_DRIVER_USB_RTL8822BU=0 -DCONFIG_KERNEL_USB_HID_CHECKPOINT=0 -DCONFIG_BUF_CACHE_KIB=0 -DCONFIG_GPU_JOB_RESERVATION_MS=10000 -DCONFIG_GPU_JOB_EXECUTION_MS=60000 -DCONFIG_GPU_JOB_STOP_MS=10000 -DCONFIG_GPU_CONTROL_MS=10000 -m68030 -msoft-float -ffreestanding -fno-pic -fno-pie -fno-stack-protector -fno-asynchronous-unwind-tables -fno-unwind-tables -fno-common -ffunction-sections -fdata-sections -Os -Wall -Wextra -Werror -fno-builtin \
 -fno-strict-aliasing -MMD -MP -c src/kern/fd-object.c -o build/ws035-p001/x68k-k/kernel/src/kern/fd-object.o
In file included from include/hal/types.h:11,
                 from include/hal/hal.h:21,
                 from include/kern/vm-object.h:17,
                 from src/kern/vm.c:19:
include/kern/swap.h:23:50: error: invalid suffix "__UINT32_C_SUFFIX__" on integer constant
   23 | #define SWAP_SLOT_SOURCE_MASK           UINT32_C(0x60000000)
      |                                                  ^~~~~~~~~~
libc/include/stdint.h:104:42: note: in definition of macro '__ZED_INT_C_PASTE'
  104 | #define __ZED_INT_C_PASTE(value, suffix) value ## suffix
      |                                          ^~~~~
libc/include/stdint.h:112:25: note: in expansion of macro '__ZED_INT_C'
  112 | #define UINT32_C(value) __ZED_INT_C(value, __UINT32_C_SUFFIX__)
      |                         ^~~~~~~~~~~
include/kern/swap.h:23:41: note: in expansion of macro 'UINT32_C'
   23 | #define SWAP_SLOT_SOURCE_MASK           UINT32_C(0x60000000)
      |                                         ^~~~~~~~
include/kern/swap.h:67:17: note: in expansion of macro 'SWAP_SLOT_SOURCE_MASK'
   67 | _Static_assert((SWAP_SLOT_SOURCE_MASK | SWAP_SLOT_LOCAL_MASK) ==
      |                 ^~~~~~~~~~~~~~~~~~~~~
include/kern/swap.h:22:50: error: invalid suffix "__UINT32_C_SUFFIX__" on integer constant
   22 | #define SWAP_SLOT_LOCAL_MASK            UINT32_C(0x1fffffff)
      |                                                  ^~~~~~~~~~
libc/include/stdint.h:104:42: note: in definition of macro '__ZED_INT_C_PASTE'
  104 | #define __ZED_INT_C_PASTE(value, suffix) value ## suffix
      |                                          ^~~~~
libc/include/stdint.h:112:25: note: in expansion of macro '__ZED_INT_C'
  112 | #define UINT32_C(value) __ZED_INT_C(value, __UINT32_C_SUFFIX__)
      |                         ^~~~~~~~~~~
include/kern/swap.h:22:41: note: in expansion of macro 'UINT32_C'
   22 | #define SWAP_SLOT_LOCAL_MASK            UINT32_C(0x1fffffff)
      |                                         ^~~~~~~~
include/kern/swap.h:67:41: note: in expansion of macro 'SWAP_SLOT_LOCAL_MASK'
   67 | _Static_assert((SWAP_SLOT_SOURCE_MASK | SWAP_SLOT_LOCAL_MASK) ==
      |                                         ^~~~~~~~~~~~~~~~~~~~
include/kern/swap.h:24:50: error: invalid suffix "__UINT32_C_SUFFIX__" on integer constant
   24 | #define SWAP_SLOT_VALID_MASK            UINT32_C(0x7fffffff)
      |                                                  ^~~~~~~~~~
libc/include/stdint.h:104:42: note: in definition of macro '__ZED_INT_C_PASTE'
  104 | #define __ZED_INT_C_PASTE(value, suffix) value ## suffix
      |                                          ^~~~~
libc/include/stdint.h:112:25: note: in expansion of macro '__ZED_INT_C'
  112 | #define UINT32_C(value) __ZED_INT_C(value, __UINT32_C_SUFFIX__)
      |                         ^~~~~~~~~~~
include/kern/swap.h:24:41: note: in expansion of macro 'UINT32_C'
   24 | #define SWAP_SLOT_VALID_MASK            UINT32_C(0x7fffffff)
      |                                         ^~~~~~~~
include/kern/swap.h:68:5: note: in expansion of macro 'SWAP_SLOT_VALID_MASK'
   68 |     SWAP_SLOT_VALID_MASK, "swap token fields must cover bits 0 through 30");
      |     ^~~~~~~~~~~~~~~~~~~~
In file included from src/kern/vm.c:36:
include/kern/swap.h:67:16: error: expression in static assertion is not an integer
   67 | _Static_assert((SWAP_SLOT_SOURCE_MASK | SWAP_SLOT_LOCAL_MASK) ==
      |                ^
include/kern/swap.h:23:50: error: invalid suffix "__UINT32_C_SUFFIX__" on integer constant
   23 | #define SWAP_SLOT_SOURCE_MASK           UINT32_C(0x60000000)
      |                                                  ^~~~~~~~~~
libc/include/stdint.h:104:42: note: in definition of macro '__ZED_INT_C_PASTE'
  104 | #define __ZED_INT_C_PASTE(value, suffix) value ## suffix
      |                                          ^~~~~
libc/include/stdint.h:112:25: note: in expansion of macro '__ZED_INT_C'
  112 | #define UINT32_C(value) __ZED_INT_C(value, __UINT32_C_SUFFIX__)
      |                         ^~~~~~~~~~~
include/kern/swap.h:23:41: note: in expansion of macro 'UINT32_C'
   23 | #define SWAP_SLOT_SOURCE_MASK           UINT32_C(0x60000000)
      |                                         ^~~~~~~~
include/kern/swap.h:69:17: note: in expansion of macro 'SWAP_SLOT_SOURCE_MASK'
   69 | _Static_assert((SWAP_SLOT_SOURCE_MASK & SWAP_SLOT_LOCAL_MASK) == 0,
      |                 ^~~~~~~~~~~~~~~~~~~~~
include/kern/swap.h:22:50: error: invalid suffix "__UINT32_C_SUFFIX__" on integer constant
   22 | #define SWAP_SLOT_LOCAL_MASK            UINT32_C(0x1fffffff)
      |                                                  ^~~~~~~~~~
libc/include/stdint.h:104:42: note: in definition of macro '__ZED_INT_C_PASTE'
  104 | #define __ZED_INT_C_PASTE(value, suffix) value ## suffix
      |                                          ^~~~~
libc/include/stdint.h:112:25: note: in expansion of macro '__ZED_INT_C'
  112 | #define UINT32_C(value) __ZED_INT_C(value, __UINT32_C_SUFFIX__)
      |                         ^~~~~~~~~~~
include/kern/swap.h:22:41: note: in expansion of macro 'UINT32_C'
   22 | #define SWAP_SLOT_LOCAL_MASK            UINT32_C(0x1fffffff)
      |                                         ^~~~~~~~
include/kern/swap.h:69:41: note: in expansion of macro 'SWAP_SLOT_LOCAL_MASK'
   69 | _Static_assert((SWAP_SLOT_SOURCE_MASK & SWAP_SLOT_LOCAL_MASK) == 0,
      |                                         ^~~~~~~~~~~~~~~~~~~~
include/kern/swap.h:69:16: error: expression in static assertion is not an integer
   69 | _Static_assert((SWAP_SLOT_SOURCE_MASK & SWAP_SLOT_LOCAL_MASK) == 0,
      |                ^
include/kern/swap.h:24:50: error: invalid suffix "__UINT32_C_SUFFIX__" on integer constant
   24 | #define SWAP_SLOT_VALID_MASK            UINT32_C(0x7fffffff)
      |                                                  ^~~~~~~~~~
libc/include/stdint.h:104:42: note: in definition of macro '__ZED_INT_C_PASTE'
  104 | #define __ZED_INT_C_PASTE(value, suffix) value ## suffix
      |                                          ^~~~~
libc/include/stdint.h:112:25: note: in expansion of macro '__ZED_INT_C'
  112 | #define UINT32_C(value) __ZED_INT_C(value, __UINT32_C_SUFFIX__)
      |                         ^~~~~~~~~~~
include/kern/swap.h:24:41: note: in expansion of macro 'UINT32_C'
   24 | #define SWAP_SLOT_VALID_MASK            UINT32_C(0x7fffffff)
      |                                         ^~~~~~~~
include/kern/swap.h:71:35: note: in expansion of macro 'SWAP_SLOT_VALID_MASK'
   71 | _Static_assert((SWAP_SLOT_NONE & ~SWAP_SLOT_VALID_MASK) != 0,
      |                                   ^~~~~~~~~~~~~~~~~~~~
include/kern/swap.h:71:16: error: expression in static assertion is not an integer
   71 | _Static_assert((SWAP_SLOT_NONE & ~SWAP_SLOT_VALID_MASK) != 0,
      |                ^
m68k-linux-gnu-gcc -nostdinc -Iinclude -Isrc -I. -Ilibc/include -Isrc/hal/m68k -DHAL_ARCH_M68K -DHAL_BOARD_X68K -DKERN_USER_ABI_M68K -DKERN_PAGE_SIZE=4096 -DKERN_USER_PAGE_SIZE=4096 -DKERN_NO_PRINTF_FLOAT -DKERN_INIT_PATH='"/x68k/bin/sh"' -DCONFIG_DRIVER_NE2000=0 -DCONFIG_DRIVER_LGY98=0 -DCONFIG_DRIVER_GRAPHICS=0 -DCONFIG_DRIVER_GRAPHICS_DEVICE=0 -DCONFIG_DRIVER_PCI_UHCI=0 -DCONFIG_DRIVER_PCI_EHCI=0 -DCONFIG_DRIVER_PCI_XHCI=0 -DCONFIG_DRIVER_PCI_NVME=0 -DCONFIG_DRIVER_PCI_VENUS=0 -DCONFIG_DRIVER_PCI_I915=0 -DCONFIG_DRIVER_PCI_INTEL_AX211=0 -DCONFIG_DRIVER_USB_STORAGE=0 -DCONFIG_DRIVER_USB_CDC_NCM=0 -DCONFIG_DRIVER_USB_CDC_ECM=0 -DCONFIG_DRIVER_USB_HID=0 -DCONFIG_DRIVER_USB_RTL8822BU=0 -DCONFIG_KERNEL_USB_HID_CHECKPOINT=0 -DCONFIG_BUF_CACHE_KIB=0 -DCONFIG_GPU_JOB_RESERVATION_MS=10000 -DCONFIG_GPU_JOB_EXECUTION_MS=60000 -DCONFIG_GPU_JOB_STOP_MS=10000 -DCONFIG_GPU_CONTROL_MS=10000 -m68030 -msoft-float -ffreestanding -fno-pic -fno-pie -fno-stack-protector -fno-asynchronous-unwind-tables -fno-unwind-tables -fno-common -ffunction-sections -fdata-sections -Os -Wall -Wextra -Werror -fno-builtin \
 -fno-strict-aliasing -MMD -MP -c src/kern/record-lock.c -o build/ws035-p001/x68k-k/kernel/src/kern/record-lock.o
m68k-linux-gnu-gcc -nostdinc -Iinclude -Isrc -I. -Ilibc/include -Isrc/hal/m68k -DHAL_ARCH_M68K -DHAL_BOARD_X68K -DKERN_USER_ABI_M68K -DKERN_PAGE_SIZE=4096 -DKERN_USER_PAGE_SIZE=4096 -DKERN_NO_PRINTF_FLOAT -DKERN_INIT_PATH='"/x68k/bin/sh"' -DCONFIG_DRIVER_NE2000=0 -DCONFIG_DRIVER_LGY98=0 -DCONFIG_DRIVER_GRAPHICS=0 -DCONFIG_DRIVER_GRAPHICS_DEVICE=0 -DCONFIG_DRIVER_PCI_UHCI=0 -DCONFIG_DRIVER_PCI_EHCI=0 -DCONFIG_DRIVER_PCI_XHCI=0 -DCONFIG_DRIVER_PCI_NVME=0 -DCONFIG_DRIVER_PCI_VENUS=0 -DCONFIG_DRIVER_PCI_I915=0 -DCONFIG_DRIVER_PCI_INTEL_AX211=0 -DCONFIG_DRIVER_USB_STORAGE=0 -DCONFIG_DRIVER_USB_CDC_NCM=0 -DCONFIG_DRIVER_USB_CDC_ECM=0 -DCONFIG_DRIVER_USB_HID=0 -DCONFIG_DRIVER_USB_RTL8822BU=0 -DCONFIG_KERNEL_USB_HID_CHECKPOINT=0 -DCONFIG_BUF_CACHE_KIB=0 -DCONFIG_GPU_JOB_RESERVATION_MS=10000 -DCONFIG_GPU_JOB_EXECUTION_MS=60000 -DCONFIG_GPU_JOB_STOP_MS=10000 -DCONFIG_GPU_CONTROL_MS=10000 -m68030 -msoft-float -ffreestanding -fno-pic -fno-pie -fno-stack-protector -fno-asynchronous-unwind-tables -fno-unwind-tables -fno-common -ffunction-sections -fdata-sections -Os -Wall -Wextra -Werror -fno-builtin \
 -fno-strict-aliasing -MMD -MP -c src/kern/pipe.c -o build/ws035-p001/x68k-k/kernel/src/kern/pipe.o
m68k-linux-gnu-gcc -nostdinc -Iinclude -Isrc -I. -Ilibc/include -Isrc/hal/m68k -DHAL_ARCH_M68K -DHAL_BOARD_X68K -DKERN_USER_ABI_M68K -DKERN_PAGE_SIZE=4096 -DKERN_USER_PAGE_SIZE=4096 -DKERN_NO_PRINTF_FLOAT -DKERN_INIT_PATH='"/x68k/bin/sh"' -DCONFIG_DRIVER_NE2000=0 -DCONFIG_DRIVER_LGY98=0 -DCONFIG_DRIVER_GRAPHICS=0 -DCONFIG_DRIVER_GRAPHICS_DEVICE=0 -DCONFIG_DRIVER_PCI_UHCI=0 -DCONFIG_DRIVER_PCI_EHCI=0 -DCONFIG_DRIVER_PCI_XHCI=0 -DCONFIG_DRIVER_PCI_NVME=0 -DCONFIG_DRIVER_PCI_VENUS=0 -DCONFIG_DRIVER_PCI_I915=0 -DCONFIG_DRIVER_PCI_INTEL_AX211=0 -DCONFIG_DRIVER_USB_STORAGE=0 -DCONFIG_DRIVER_USB_CDC_NCM=0 -DCONFIG_DRIVER_USB_CDC_ECM=0 -DCONFIG_DRIVER_USB_HID=0 -DCONFIG_DRIVER_USB_RTL8822BU=0 -DCONFIG_KERNEL_USB_HID_CHECKPOINT=0 -DCONFIG_BUF_CACHE_KIB=0 -DCONFIG_GPU_JOB_RESERVATION_MS=10000 -DCONFIG_GPU_JOB_EXECUTION_MS=60000 -DCONFIG_GPU_JOB_STOP_MS=10000 -DCONFIG_GPU_CONTROL_MS=10000 -m68030 -msoft-float -ffreestanding -fno-pic -fno-pie -fno-stack-protector -fno-asynchronous-unwind-tables -fno-unwind-tables -fno-common -ffunction-sections -fdata-sections -Os -Wall -Wextra -Werror -fno-builtin \
 -fno-strict-aliasing -MMD -MP -c src/kern/cred.c -o build/ws035-p001/x68k-k/kernel/src/kern/cred.o
m68k-linux-gnu-gcc -nostdinc -Iinclude -Isrc -I. -Ilibc/include -Isrc/hal/m68k -DHAL_ARCH_M68K -DHAL_BOARD_X68K -DKERN_USER_ABI_M68K -DKERN_PAGE_SIZE=4096 -DKERN_USER_PAGE_SIZE=4096 -DKERN_NO_PRINTF_FLOAT -DKERN_INIT_PATH='"/x68k/bin/sh"' -DCONFIG_DRIVER_NE2000=0 -DCONFIG_DRIVER_LGY98=0 -DCONFIG_DRIVER_GRAPHICS=0 -DCONFIG_DRIVER_GRAPHICS_DEVICE=0 -DCONFIG_DRIVER_PCI_UHCI=0 -DCONFIG_DRIVER_PCI_EHCI=0 -DCONFIG_DRIVER_PCI_XHCI=0 -DCONFIG_DRIVER_PCI_NVME=0 -DCONFIG_DRIVER_PCI_VENUS=0 -DCONFIG_DRIVER_PCI_I915=0 -DCONFIG_DRIVER_PCI_INTEL_AX211=0 -DCONFIG_DRIVER_USB_STORAGE=0 -DCONFIG_DRIVER_USB_CDC_NCM=0 -DCONFIG_DRIVER_USB_CDC_ECM=0 -DCONFIG_DRIVER_USB_HID=0 -DCONFIG_DRIVER_USB_RTL8822BU=0 -DCONFIG_KERNEL_USB_HID_CHECKPOINT=0 -DCONFIG_BUF_CACHE_KIB=0 -DCONFIG_GPU_JOB_RESERVATION_MS=10000 -DCONFIG_GPU_JOB_EXECUTION_MS=60000 -DCONFIG_GPU_JOB_STOP_MS=10000 -DCONFIG_GPU_CONTROL_MS=10000 -m68030 -msoft-float -ffreestanding -fno-pic -fno-pie -fno-stack-protector -fno-asynchronous-unwind-tables -fno-unwind-tables -fno-common -ffunction-sections -fdata-sections -Os -Wall -Wextra -Werror -fno-builtin \
 -fno-strict-aliasing -MMD -MP -c src/kern/acl.c -o build/ws035-p001/x68k-k/kernel/src/kern/acl.o
m68k-linux-gnu-gcc -nostdinc -Iinclude -Isrc -I. -Ilibc/include -Isrc/hal/m68k -DHAL_ARCH_M68K -DHAL_BOARD_X68K -DKERN_USER_ABI_M68K -DKERN_PAGE_SIZE=4096 -DKERN_USER_PAGE_SIZE=4096 -DKERN_NO_PRINTF_FLOAT -DKERN_INIT_PATH='"/x68k/bin/sh"' -DCONFIG_DRIVER_NE2000=0 -DCONFIG_DRIVER_LGY98=0 -DCONFIG_DRIVER_GRAPHICS=0 -DCONFIG_DRIVER_GRAPHICS_DEVICE=0 -DCONFIG_DRIVER_PCI_UHCI=0 -DCONFIG_DRIVER_PCI_EHCI=0 -DCONFIG_DRIVER_PCI_XHCI=0 -DCONFIG_DRIVER_PCI_NVME=0 -DCONFIG_DRIVER_PCI_VENUS=0 -DCONFIG_DRIVER_PCI_I915=0 -DCONFIG_DRIVER_PCI_INTEL_AX211=0 -DCONFIG_DRIVER_USB_STORAGE=0 -DCONFIG_DRIVER_USB_CDC_NCM=0 -DCONFIG_DRIVER_USB_CDC_ECM=0 -DCONFIG_DRIVER_USB_HID=0 -DCONFIG_DRIVER_USB_RTL8822BU=0 -DCONFIG_KERNEL_USB_HID_CHECKPOINT=0 -DCONFIG_BUF_CACHE_KIB=0 -DCONFIG_GPU_JOB_RESERVATION_MS=10000 -DCONFIG_GPU_JOB_EXECUTION_MS=60000 -DCONFIG_GPU_JOB_STOP_MS=10000 -DCONFIG_GPU_CONTROL_MS=10000 -m68030 -msoft-float -ffreestanding -fno-pic -fno-pie -fno-stack-protector -fno-asynchronous-unwind-tables -fno-unwind-tables -fno-common -ffunction-sections -fdata-sections -Os -Wall -Wextra -Werror -fno-builtin \
 -fno-strict-aliasing -MMD -MP -c src/kern/quota.c -o build/ws035-p001/x68k-k/kernel/src/kern/quota.o
m68k-linux-gnu-gcc -nostdinc -Iinclude -Isrc -I. -Ilibc/include -Isrc/hal/m68k -DHAL_ARCH_M68K -DHAL_BOARD_X68K -DKERN_USER_ABI_M68K -DKERN_PAGE_SIZE=4096 -DKERN_USER_PAGE_SIZE=4096 -DKERN_NO_PRINTF_FLOAT -DKERN_INIT_PATH='"/x68k/bin/sh"' -DCONFIG_DRIVER_NE2000=0 -DCONFIG_DRIVER_LGY98=0 -DCONFIG_DRIVER_GRAPHICS=0 -DCONFIG_DRIVER_GRAPHICS_DEVICE=0 -DCONFIG_DRIVER_PCI_UHCI=0 -DCONFIG_DRIVER_PCI_EHCI=0 -DCONFIG_DRIVER_PCI_XHCI=0 -DCONFIG_DRIVER_PCI_NVME=0 -DCONFIG_DRIVER_PCI_VENUS=0 -DCONFIG_DRIVER_PCI_I915=0 -DCONFIG_DRIVER_PCI_INTEL_AX211=0 -DCONFIG_DRIVER_USB_STORAGE=0 -DCONFIG_DRIVER_USB_CDC_NCM=0 -DCONFIG_DRIVER_USB_CDC_ECM=0 -DCONFIG_DRIVER_USB_HID=0 -DCONFIG_DRIVER_USB_RTL8822BU=0 -DCONFIG_KERNEL_USB_HID_CHECKPOINT=0 -DCONFIG_BUF_CACHE_KIB=0 -DCONFIG_GPU_JOB_RESERVATION_MS=10000 -DCONFIG_GPU_JOB_EXECUTION_MS=60000 -DCONFIG_GPU_JOB_STOP_MS=10000 -DCONFIG_GPU_CONTROL_MS=10000 -m68030 -msoft-float -ffreestanding -fno-pic -fno-pie -fno-stack-protector -fno-asynchronous-unwind-tables -fno-unwind-tables -fno-common -ffunction-sections -fdata-sections -Os -Wall -Wextra -Werror -fno-builtin \
 -fno-strict-aliasing -MMD -MP -c src/kern/signal.c -o build/ws035-p001/x68k-k/kernel/src/kern/signal.o
m68k-linux-gnu-gcc -nostdinc -Iinclude -Isrc -I. -Ilibc/include -Isrc/hal/m68k -DHAL_ARCH_M68K -DHAL_BOARD_X68K -DKERN_USER_ABI_M68K -DKERN_PAGE_SIZE=4096 -DKERN_USER_PAGE_SIZE=4096 -DKERN_NO_PRINTF_FLOAT -DKERN_INIT_PATH='"/x68k/bin/sh"' -DCONFIG_DRIVER_NE2000=0 -DCONFIG_DRIVER_LGY98=0 -DCONFIG_DRIVER_GRAPHICS=0 -DCONFIG_DRIVER_GRAPHICS_DEVICE=0 -DCONFIG_DRIVER_PCI_UHCI=0 -DCONFIG_DRIVER_PCI_EHCI=0 -DCONFIG_DRIVER_PCI_XHCI=0 -DCONFIG_DRIVER_PCI_NVME=0 -DCONFIG_DRIVER_PCI_VENUS=0 -DCONFIG_DRIVER_PCI_I915=0 -DCONFIG_DRIVER_PCI_INTEL_AX211=0 -DCONFIG_DRIVER_USB_STORAGE=0 -DCONFIG_DRIVER_USB_CDC_NCM=0 -DCONFIG_DRIVER_USB_CDC_ECM=0 -DCONFIG_DRIVER_USB_HID=0 -DCONFIG_DRIVER_USB_RTL8822BU=0 -DCONFIG_KERNEL_USB_HID_CHECKPOINT=0 -DCONFIG_BUF_CACHE_KIB=0 -DCONFIG_GPU_JOB_RESERVATION_MS=10000 -DCONFIG_GPU_JOB_EXECUTION_MS=60000 -DCONFIG_GPU_JOB_STOP_MS=10000 -DCONFIG_GPU_CONTROL_MS=10000 -m68030 -msoft-float -ffreestanding -fno-pic -fno-pie -fno-stack-protector -fno-asynchronous-unwind-tables -fno-unwind-tables -fno-common -ffunction-sections -fdata-sections -Os -Wall -Wextra -Werror -fno-builtin \
 -fno-strict-aliasing -MMD -MP -c src/kern/cwdinfo.c -o build/ws035-p001/x68k-k/kernel/src/kern/cwdinfo.o
m68k-linux-gnu-gcc -nostdinc -Iinclude -Isrc -I. -Ilibc/include -Isrc/hal/m68k -DHAL_ARCH_M68K -DHAL_BOARD_X68K -DKERN_USER_ABI_M68K -DKERN_PAGE_SIZE=4096 -DKERN_USER_PAGE_SIZE=4096 -DKERN_NO_PRINTF_FLOAT -DKERN_INIT_PATH='"/x68k/bin/sh"' -DCONFIG_DRIVER_NE2000=0 -DCONFIG_DRIVER_LGY98=0 -DCONFIG_DRIVER_GRAPHICS=0 -DCONFIG_DRIVER_GRAPHICS_DEVICE=0 -DCONFIG_DRIVER_PCI_UHCI=0 -DCONFIG_DRIVER_PCI_EHCI=0 -DCONFIG_DRIVER_PCI_XHCI=0 -DCONFIG_DRIVER_PCI_NVME=0 -DCONFIG_DRIVER_PCI_VENUS=0 -DCONFIG_DRIVER_PCI_I915=0 -DCONFIG_DRIVER_PCI_INTEL_AX211=0 -DCONFIG_DRIVER_USB_STORAGE=0 -DCONFIG_DRIVER_USB_CDC_NCM=0 -DCONFIG_DRIVER_USB_CDC_ECM=0 -DCONFIG_DRIVER_USB_HID=0 -DCONFIG_DRIVER_USB_RTL8822BU=0 -DCONFIG_KERNEL_USB_HID_CHECKPOINT=0 -DCONFIG_BUF_CACHE_KIB=0 -DCONFIG_GPU_JOB_RESERVATION_MS=10000 -DCONFIG_GPU_JOB_EXECUTION_MS=60000 -DCONFIG_GPU_JOB_STOP_MS=10000 -DCONFIG_GPU_CONTROL_MS=10000 -m68030 -msoft-float -ffreestanding -fno-pic -fno-pie -fno-stack-protector -fno-asynchronous-unwind-tables -fno-unwind-tables -fno-common -ffunction-sections -fdata-sections -Os -Wall -Wextra -Werror -fno-builtin \
 -fno-strict-aliasing -MMD -MP -c src/kern/elf.c -o build/ws035-p001/x68k-k/kernel/src/kern/elf.o
m68k-linux-gnu-gcc -nostdinc -Iinclude -Isrc -I. -Ilibc/include -Isrc/hal/m68k -DHAL_ARCH_M68K -DHAL_BOARD_X68K -DKERN_USER_ABI_M68K -DKERN_PAGE_SIZE=4096 -DKERN_USER_PAGE_SIZE=4096 -DKERN_NO_PRINTF_FLOAT -DKERN_INIT_PATH='"/x68k/bin/sh"' -DCONFIG_DRIVER_NE2000=0 -DCONFIG_DRIVER_LGY98=0 -DCONFIG_DRIVER_GRAPHICS=0 -DCONFIG_DRIVER_GRAPHICS_DEVICE=0 -DCONFIG_DRIVER_PCI_UHCI=0 -DCONFIG_DRIVER_PCI_EHCI=0 -DCONFIG_DRIVER_PCI_XHCI=0 -DCONFIG_DRIVER_PCI_NVME=0 -DCONFIG_DRIVER_PCI_VENUS=0 -DCONFIG_DRIVER_PCI_I915=0 -DCONFIG_DRIVER_PCI_INTEL_AX211=0 -DCONFIG_DRIVER_USB_STORAGE=0 -DCONFIG_DRIVER_USB_CDC_NCM=0 -DCONFIG_DRIVER_USB_CDC_ECM=0 -DCONFIG_DRIVER_USB_HID=0 -DCONFIG_DRIVER_USB_RTL8822BU=0 -DCONFIG_KERNEL_USB_HID_CHECKPOINT=0 -DCONFIG_BUF_CACHE_KIB=0 -DCONFIG_GPU_JOB_RESERVATION_MS=10000 -DCONFIG_GPU_JOB_EXECUTION_MS=60000 -DCONFIG_GPU_JOB_STOP_MS=10000 -DCONFIG_GPU_CONTROL_MS=10000 -m68030 -msoft-float -ffreestanding -fno-pic -fno-pie -fno-stack-protector -fno-asynchronous-unwind-tables -fno-unwind-tables -fno-common -ffunction-sections -fdata-sections -Os -Wall -Wextra -Werror -fno-builtin \
 -fno-strict-aliasing -MMD -MP -c src/kern/exec.c -o build/ws035-p001/x68k-k/kernel/src/kern/exec.o
m68k-linux-gnu-gcc -nostdinc -Iinclude -Isrc -I. -Ilibc/include -Isrc/hal/m68k -DHAL_ARCH_M68K -DHAL_BOARD_X68K -DKERN_USER_ABI_M68K -DKERN_PAGE_SIZE=4096 -DKERN_USER_PAGE_SIZE=4096 -DKERN_NO_PRINTF_FLOAT -DKERN_INIT_PATH='"/x68k/bin/sh"' -DCONFIG_DRIVER_NE2000=0 -DCONFIG_DRIVER_LGY98=0 -DCONFIG_DRIVER_GRAPHICS=0 -DCONFIG_DRIVER_GRAPHICS_DEVICE=0 -DCONFIG_DRIVER_PCI_UHCI=0 -DCONFIG_DRIVER_PCI_EHCI=0 -DCONFIG_DRIVER_PCI_XHCI=0 -DCONFIG_DRIVER_PCI_NVME=0 -DCONFIG_DRIVER_PCI_VENUS=0 -DCONFIG_DRIVER_PCI_I915=0 -DCONFIG_DRIVER_PCI_INTEL_AX211=0 -DCONFIG_DRIVER_USB_STORAGE=0 -DCONFIG_DRIVER_USB_CDC_NCM=0 -DCONFIG_DRIVER_USB_CDC_ECM=0 -DCONFIG_DRIVER_USB_HID=0 -DCONFIG_DRIVER_USB_RTL8822BU=0 -DCONFIG_KERNEL_USB_HID_CHECKPOINT=0 -DCONFIG_BUF_CACHE_KIB=0 -DCONFIG_GPU_JOB_RESERVATION_MS=10000 -DCONFIG_GPU_JOB_EXECUTION_MS=60000 -DCONFIG_GPU_JOB_STOP_MS=10000 -DCONFIG_GPU_CONTROL_MS=10000 -m68030 -msoft-float -ffreestanding -fno-pic -fno-pie -fno-stack-protector -fno-asynchronous-unwind-tables -fno-unwind-tables -fno-common -ffunction-sections -fdata-sections -Os -Wall -Wextra -Werror -fno-builtin \
 -fno-strict-aliasing -MMD -MP -c src/kern/user-probe.c -o build/ws035-p001/x68k-k/kernel/src/kern/user-probe.o
m68k-linux-gnu-gcc -nostdinc -Iinclude -Isrc -I. -Ilibc/include -Isrc/hal/m68k -DHAL_ARCH_M68K -DHAL_BOARD_X68K -DKERN_USER_ABI_M68K -DKERN_PAGE_SIZE=4096 -DKERN_USER_PAGE_SIZE=4096 -DKERN_NO_PRINTF_FLOAT -DKERN_INIT_PATH='"/x68k/bin/sh"' -DCONFIG_DRIVER_NE2000=0 -DCONFIG_DRIVER_LGY98=0 -DCONFIG_DRIVER_GRAPHICS=0 -DCONFIG_DRIVER_GRAPHICS_DEVICE=0 -DCONFIG_DRIVER_PCI_UHCI=0 -DCONFIG_DRIVER_PCI_EHCI=0 -DCONFIG_DRIVER_PCI_XHCI=0 -DCONFIG_DRIVER_PCI_NVME=0 -DCONFIG_DRIVER_PCI_VENUS=0 -DCONFIG_DRIVER_PCI_I915=0 -DCONFIG_DRIVER_PCI_INTEL_AX211=0 -DCONFIG_DRIVER_USB_STORAGE=0 -DCONFIG_DRIVER_USB_CDC_NCM=0 -DCONFIG_DRIVER_USB_CDC_ECM=0 -DCONFIG_DRIVER_USB_HID=0 -DCONFIG_DRIVER_USB_RTL8822BU=0 -DCONFIG_KERNEL_USB_HID_CHECKPOINT=0 -DCONFIG_BUF_CACHE_KIB=0 -DCONFIG_GPU_JOB_RESERVATION_MS=10000 -DCONFIG_GPU_JOB_EXECUTION_MS=60000 -DCONFIG_GPU_JOB_STOP_MS=10000 -DCONFIG_GPU_CONTROL_MS=10000 -m68030 -msoft-float -ffreestanding -fno-pic -fno-pie -fno-stack-protector -fno-asynchronous-unwind-tables -fno-unwind-tables -fno-common -ffunction-sections -fdata-sections -Os -Wall -Wextra -Werror -fno-builtin \
 -fno-strict-aliasing -MMD -MP -c src/kern/syscall.c -o build/ws035-p001/x68k-k/kernel/src/kern/syscall.o
m68k-linux-gnu-gcc -nostdinc -Iinclude -Isrc -I. -Ilibc/include -Isrc/hal/m68k -DHAL_ARCH_M68K -DHAL_BOARD_X68K -DKERN_USER_ABI_M68K -DKERN_PAGE_SIZE=4096 -DKERN_USER_PAGE_SIZE=4096 -DKERN_NO_PRINTF_FLOAT -DKERN_INIT_PATH='"/x68k/bin/sh"' -DCONFIG_DRIVER_NE2000=0 -DCONFIG_DRIVER_LGY98=0 -DCONFIG_DRIVER_GRAPHICS=0 -DCONFIG_DRIVER_GRAPHICS_DEVICE=0 -DCONFIG_DRIVER_PCI_UHCI=0 -DCONFIG_DRIVER_PCI_EHCI=0 -DCONFIG_DRIVER_PCI_XHCI=0 -DCONFIG_DRIVER_PCI_NVME=0 -DCONFIG_DRIVER_PCI_VENUS=0 -DCONFIG_DRIVER_PCI_I915=0 -DCONFIG_DRIVER_PCI_INTEL_AX211=0 -DCONFIG_DRIVER_USB_STORAGE=0 -DCONFIG_DRIVER_USB_CDC_NCM=0 -DCONFIG_DRIVER_USB_CDC_ECM=0 -DCONFIG_DRIVER_USB_HID=0 -DCONFIG_DRIVER_USB_RTL8822BU=0 -DCONFIG_KERNEL_USB_HID_CHECKPOINT=0 -DCONFIG_BUF_CACHE_KIB=0 -DCONFIG_GPU_JOB_RESERVATION_MS=10000 -DCONFIG_GPU_JOB_EXECUTION_MS=60000 -DCONFIG_GPU_JOB_STOP_MS=10000 -DCONFIG_GPU_CONTROL_MS=10000 -m68030 -msoft-float -ffreestanding -fno-pic -fno-pie -fno-stack-protector -fno-asynchronous-unwind-tables -fno-unwind-tables -fno-common -ffunction-sections -fdata-sections -Os -Wall -Wextra -Werror -fno-builtin \
 -fno-strict-aliasing -MMD -MP -c src/kern/uaccess.c -o build/ws035-p001/x68k-k/kernel/src/kern/uaccess.o
m68k-linux-gnu-gcc -nostdinc -Iinclude -Isrc -I. -Ilibc/include -Isrc/hal/m68k -DHAL_ARCH_M68K -DHAL_BOARD_X68K -DKERN_USER_ABI_M68K -DKERN_PAGE_SIZE=4096 -DKERN_USER_PAGE_SIZE=4096 -DKERN_NO_PRINTF_FLOAT -DKERN_INIT_PATH='"/x68k/bin/sh"' -DCONFIG_DRIVER_NE2000=0 -DCONFIG_DRIVER_LGY98=0 -DCONFIG_DRIVER_GRAPHICS=0 -DCONFIG_DRIVER_GRAPHICS_DEVICE=0 -DCONFIG_DRIVER_PCI_UHCI=0 -DCONFIG_DRIVER_PCI_EHCI=0 -DCONFIG_DRIVER_PCI_XHCI=0 -DCONFIG_DRIVER_PCI_NVME=0 -DCONFIG_DRIVER_PCI_VENUS=0 -DCONFIG_DRIVER_PCI_I915=0 -DCONFIG_DRIVER_PCI_INTEL_AX211=0 -DCONFIG_DRIVER_USB_STORAGE=0 -DCONFIG_DRIVER_USB_CDC_NCM=0 -DCONFIG_DRIVER_USB_CDC_ECM=0 -DCONFIG_DRIVER_USB_HID=0 -DCONFIG_DRIVER_USB_RTL8822BU=0 -DCONFIG_KERNEL_USB_HID_CHECKPOINT=0 -DCONFIG_BUF_CACHE_KIB=0 -DCONFIG_GPU_JOB_RESERVATION_MS=10000 -DCONFIG_GPU_JOB_EXECUTION_MS=60000 -DCONFIG_GPU_JOB_STOP_MS=10000 -DCONFIG_GPU_CONTROL_MS=10000 -m68030 -msoft-float -ffreestanding -fno-pic -fno-pie -fno-stack-protector -fno-asynchronous-unwind-tables -fno-unwind-tables -fno-common -ffunction-sections -fdata-sections -Os -Wall -Wextra -Werror -fno-builtin \
 -fno-strict-aliasing -MMD -MP -c src/kern/cdev.c -o build/ws035-p001/x68k-k/kernel/src/kern/cdev.o
m68k-linux-gnu-gcc -nostdinc -Iinclude -Isrc -I. -Ilibc/include -Isrc/hal/m68k -DHAL_ARCH_M68K -DHAL_BOARD_X68K -DKERN_USER_ABI_M68K -DKERN_PAGE_SIZE=4096 -DKERN_USER_PAGE_SIZE=4096 -DKERN_NO_PRINTF_FLOAT -DKERN_INIT_PATH='"/x68k/bin/sh"' -DCONFIG_DRIVER_NE2000=0 -DCONFIG_DRIVER_LGY98=0 -DCONFIG_DRIVER_GRAPHICS=0 -DCONFIG_DRIVER_GRAPHICS_DEVICE=0 -DCONFIG_DRIVER_PCI_UHCI=0 -DCONFIG_DRIVER_PCI_EHCI=0 -DCONFIG_DRIVER_PCI_XHCI=0 -DCONFIG_DRIVER_PCI_NVME=0 -DCONFIG_DRIVER_PCI_VENUS=0 -DCONFIG_DRIVER_PCI_I915=0 -DCONFIG_DRIVER_PCI_INTEL_AX211=0 -DCONFIG_DRIVER_USB_STORAGE=0 -DCONFIG_DRIVER_USB_CDC_NCM=0 -DCONFIG_DRIVER_USB_CDC_ECM=0 -DCONFIG_DRIVER_USB_HID=0 -DCONFIG_DRIVER_USB_RTL8822BU=0 -DCONFIG_KERNEL_USB_HID_CHECKPOINT=0 -DCONFIG_BUF_CACHE_KIB=0 -DCONFIG_GPU_JOB_RESERVATION_MS=10000 -DCONFIG_GPU_JOB_EXECUTION_MS=60000 -DCONFIG_GPU_JOB_STOP_MS=10000 -DCONFIG_GPU_CONTROL_MS=10000 -m68030 -msoft-float -ffreestanding -fno-pic -fno-pie -fno-stack-protector -fno-asynchronous-unwind-tables -fno-unwind-tables -fno-common -ffunction-sections -fdata-sections -Os -Wall -Wextra -Werror -fno-builtin \
 -fno-strict-aliasing -MMD -MP -c src/kern/devfs.c -o build/ws035-p001/x68k-k/kernel/src/kern/devfs.o
m68k-linux-gnu-gcc -nostdinc -Iinclude -Isrc -I. -Ilibc/include -Isrc/hal/m68k -DHAL_ARCH_M68K -DHAL_BOARD_X68K -DKERN_USER_ABI_M68K -DKERN_PAGE_SIZE=4096 -DKERN_USER_PAGE_SIZE=4096 -DKERN_NO_PRINTF_FLOAT -DKERN_INIT_PATH='"/x68k/bin/sh"' -DCONFIG_DRIVER_NE2000=0 -DCONFIG_DRIVER_LGY98=0 -DCONFIG_DRIVER_GRAPHICS=0 -DCONFIG_DRIVER_GRAPHICS_DEVICE=0 -DCONFIG_DRIVER_PCI_UHCI=0 -DCONFIG_DRIVER_PCI_EHCI=0 -DCONFIG_DRIVER_PCI_XHCI=0 -DCONFIG_DRIVER_PCI_NVME=0 -DCONFIG_DRIVER_PCI_VENUS=0 -DCONFIG_DRIVER_PCI_I915=0 -DCONFIG_DRIVER_PCI_INTEL_AX211=0 -DCONFIG_DRIVER_USB_STORAGE=0 -DCONFIG_DRIVER_USB_CDC_NCM=0 -DCONFIG_DRIVER_USB_CDC_ECM=0 -DCONFIG_DRIVER_USB_HID=0 -DCONFIG_DRIVER_USB_RTL8822BU=0 -DCONFIG_KERNEL_USB_HID_CHECKPOINT=0 -DCONFIG_BUF_CACHE_KIB=0 -DCONFIG_GPU_JOB_RESERVATION_MS=10000 -DCONFIG_GPU_JOB_EXECUTION_MS=60000 -DCONFIG_GPU_JOB_STOP_MS=10000 -DCONFIG_GPU_CONTROL_MS=10000 -m68030 -msoft-float -ffreestanding -fno-pic -fno-pie -fno-stack-protector -fno-asynchronous-unwind-tables -fno-unwind-tables -fno-common -ffunction-sections -fdata-sections -Os -Wall -Wextra -Werror -fno-builtin \
 -fno-strict-aliasing -MMD -MP -c src/drivers/generic/console.c -o build/ws035-p001/x68k-k/kernel/src/drivers/generic/console.o
m68k-linux-gnu-gcc -nostdinc -Iinclude -Isrc -I. -Ilibc/include -Isrc/hal/m68k -DHAL_ARCH_M68K -DHAL_BOARD_X68K -DKERN_USER_ABI_M68K -DKERN_PAGE_SIZE=4096 -DKERN_USER_PAGE_SIZE=4096 -DKERN_NO_PRINTF_FLOAT -DKERN_INIT_PATH='"/x68k/bin/sh"' -DCONFIG_DRIVER_NE2000=0 -DCONFIG_DRIVER_LGY98=0 -DCONFIG_DRIVER_GRAPHICS=0 -DCONFIG_DRIVER_GRAPHICS_DEVICE=0 -DCONFIG_DRIVER_PCI_UHCI=0 -DCONFIG_DRIVER_PCI_EHCI=0 -DCONFIG_DRIVER_PCI_XHCI=0 -DCONFIG_DRIVER_PCI_NVME=0 -DCONFIG_DRIVER_PCI_VENUS=0 -DCONFIG_DRIVER_PCI_I915=0 -DCONFIG_DRIVER_PCI_INTEL_AX211=0 -DCONFIG_DRIVER_USB_STORAGE=0 -DCONFIG_DRIVER_USB_CDC_NCM=0 -DCONFIG_DRIVER_USB_CDC_ECM=0 -DCONFIG_DRIVER_USB_HID=0 -DCONFIG_DRIVER_USB_RTL8822BU=0 -DCONFIG_KERNEL_USB_HID_CHECKPOINT=0 -DCONFIG_BUF_CACHE_KIB=0 -DCONFIG_GPU_JOB_RESERVATION_MS=10000 -DCONFIG_GPU_JOB_EXECUTION_MS=60000 -DCONFIG_GPU_JOB_STOP_MS=10000 -DCONFIG_GPU_CONTROL_MS=10000 -m68030 -msoft-float -ffreestanding -fno-pic -fno-pie -fno-stack-protector -fno-asynchronous-unwind-tables -fno-unwind-tables -fno-common -ffunction-sections -fdata-sections -Os -Wall -Wextra -Werror -fno-builtin \
 -fno-strict-aliasing -MMD -MP -c src/drivers/generic/input.c -o build/ws035-p001/x68k-k/kernel/src/drivers/generic/input.o
m68k-linux-gnu-gcc -nostdinc -Iinclude -Isrc -I. -Ilibc/include -Isrc/hal/m68k -DHAL_ARCH_M68K -DHAL_BOARD_X68K -DKERN_USER_ABI_M68K -DKERN_PAGE_SIZE=4096 -DKERN_USER_PAGE_SIZE=4096 -DKERN_NO_PRINTF_FLOAT -DKERN_INIT_PATH='"/x68k/bin/sh"' -DCONFIG_DRIVER_NE2000=0 -DCONFIG_DRIVER_LGY98=0 -DCONFIG_DRIVER_GRAPHICS=0 -DCONFIG_DRIVER_GRAPHICS_DEVICE=0 -DCONFIG_DRIVER_PCI_UHCI=0 -DCONFIG_DRIVER_PCI_EHCI=0 -DCONFIG_DRIVER_PCI_XHCI=0 -DCONFIG_DRIVER_PCI_NVME=0 -DCONFIG_DRIVER_PCI_VENUS=0 -DCONFIG_DRIVER_PCI_I915=0 -DCONFIG_DRIVER_PCI_INTEL_AX211=0 -DCONFIG_DRIVER_USB_STORAGE=0 -DCONFIG_DRIVER_USB_CDC_NCM=0 -DCONFIG_DRIVER_USB_CDC_ECM=0 -DCONFIG_DRIVER_USB_HID=0 -DCONFIG_DRIVER_USB_RTL8822BU=0 -DCONFIG_KERNEL_USB_HID_CHECKPOINT=0 -DCONFIG_BUF_CACHE_KIB=0 -DCONFIG_GPU_JOB_RESERVATION_MS=10000 -DCONFIG_GPU_JOB_EXECUTION_MS=60000 -DCONFIG_GPU_JOB_STOP_MS=10000 -DCONFIG_GPU_CONTROL_MS=10000 -m68030 -msoft-float -ffreestanding -fno-pic -fno-pie -fno-stack-protector -fno-asynchronous-unwind-tables -fno-unwind-tables -fno-common -ffunction-sections -fdata-sections -Os -Wall -Wextra -Werror -fno-builtin \
 -fno-strict-aliasing -MMD -MP -c src/kern/locale-record.c -o build/ws035-p001/x68k-k/kernel/src/kern/locale-record.o
m68k-linux-gnu-gcc -nostdinc -Iinclude -Isrc -I. -Ilibc/include -Isrc/hal/m68k -DHAL_ARCH_M68K -DHAL_BOARD_X68K -DKERN_USER_ABI_M68K -DKERN_PAGE_SIZE=4096 -DKERN_USER_PAGE_SIZE=4096 -DKERN_NO_PRINTF_FLOAT -DKERN_INIT_PATH='"/x68k/bin/sh"' -DCONFIG_DRIVER_NE2000=0 -DCONFIG_DRIVER_LGY98=0 -DCONFIG_DRIVER_GRAPHICS=0 -DCONFIG_DRIVER_GRAPHICS_DEVICE=0 -DCONFIG_DRIVER_PCI_UHCI=0 -DCONFIG_DRIVER_PCI_EHCI=0 -DCONFIG_DRIVER_PCI_XHCI=0 -DCONFIG_DRIVER_PCI_NVME=0 -DCONFIG_DRIVER_PCI_VENUS=0 -DCONFIG_DRIVER_PCI_I915=0 -DCONFIG_DRIVER_PCI_INTEL_AX211=0 -DCONFIG_DRIVER_USB_STORAGE=0 -DCONFIG_DRIVER_USB_CDC_NCM=0 -DCONFIG_DRIVER_USB_CDC_ECM=0 -DCONFIG_DRIVER_USB_HID=0 -DCONFIG_DRIVER_USB_RTL8822BU=0 -DCONFIG_KERNEL_USB_HID_CHECKPOINT=0 -DCONFIG_BUF_CACHE_KIB=0 -DCONFIG_GPU_JOB_RESERVATION_MS=10000 -DCONFIG_GPU_JOB_EXECUTION_MS=60000 -DCONFIG_GPU_JOB_STOP_MS=10000 -DCONFIG_GPU_CONTROL_MS=10000 -m68030 -msoft-float -ffreestanding -fno-pic -fno-pie -fno-stack-protector -fno-asynchronous-unwind-tables -fno-unwind-tables -fno-common -ffunction-sections -fdata-sections -Os -Wall -Wextra -Werror -fno-builtin \
 -fno-strict-aliasing -MMD -MP -c src/kern/tty.c -o build/ws035-p001/x68k-k/kernel/src/kern/tty.o
m68k-linux-gnu-gcc -nostdinc -Iinclude -Isrc -I. -Ilibc/include -Isrc/hal/m68k -DHAL_ARCH_M68K -DHAL_BOARD_X68K -DKERN_USER_ABI_M68K -DKERN_PAGE_SIZE=4096 -DKERN_USER_PAGE_SIZE=4096 -DKERN_NO_PRINTF_FLOAT -DKERN_INIT_PATH='"/x68k/bin/sh"' -DCONFIG_DRIVER_NE2000=0 -DCONFIG_DRIVER_LGY98=0 -DCONFIG_DRIVER_GRAPHICS=0 -DCONFIG_DRIVER_GRAPHICS_DEVICE=0 -DCONFIG_DRIVER_PCI_UHCI=0 -DCONFIG_DRIVER_PCI_EHCI=0 -DCONFIG_DRIVER_PCI_XHCI=0 -DCONFIG_DRIVER_PCI_NVME=0 -DCONFIG_DRIVER_PCI_VENUS=0 -DCONFIG_DRIVER_PCI_I915=0 -DCONFIG_DRIVER_PCI_INTEL_AX211=0 -DCONFIG_DRIVER_USB_STORAGE=0 -DCONFIG_DRIVER_USB_CDC_NCM=0 -DCONFIG_DRIVER_USB_CDC_ECM=0 -DCONFIG_DRIVER_USB_HID=0 -DCONFIG_DRIVER_USB_RTL8822BU=0 -DCONFIG_KERNEL_USB_HID_CHECKPOINT=0 -DCONFIG_BUF_CACHE_KIB=0 -DCONFIG_GPU_JOB_RESERVATION_MS=10000 -DCONFIG_GPU_JOB_EXECUTION_MS=60000 -DCONFIG_GPU_JOB_STOP_MS=10000 -DCONFIG_GPU_CONTROL_MS=10000 -m68030 -msoft-float -ffreestanding -fno-pic -fno-pie -fno-stack-protector -fno-asynchronous-unwind-tables -fno-unwind-tables -fno-common -ffunction-sections -fdata-sections -Os -Wall -Wextra -Werror -fno-builtin \
 -fno-strict-aliasing -MMD -MP -c src/drivers/generic/system-device.c -o build/ws035-p001/x68k-k/kernel/src/drivers/generic/system-device.o
m68k-linux-gnu-gcc -nostdinc -Iinclude -Isrc -I. -Ilibc/include -Isrc/hal/m68k -DHAL_ARCH_M68K -DHAL_BOARD_X68K -DKERN_USER_ABI_M68K -DKERN_PAGE_SIZE=4096 -DKERN_USER_PAGE_SIZE=4096 -DKERN_NO_PRINTF_FLOAT -DKERN_INIT_PATH='"/x68k/bin/sh"' -DCONFIG_DRIVER_NE2000=0 -DCONFIG_DRIVER_LGY98=0 -DCONFIG_DRIVER_GRAPHICS=0 -DCONFIG_DRIVER_GRAPHICS_DEVICE=0 -DCONFIG_DRIVER_PCI_UHCI=0 -DCONFIG_DRIVER_PCI_EHCI=0 -DCONFIG_DRIVER_PCI_XHCI=0 -DCONFIG_DRIVER_PCI_NVME=0 -DCONFIG_DRIVER_PCI_VENUS=0 -DCONFIG_DRIVER_PCI_I915=0 -DCONFIG_DRIVER_PCI_INTEL_AX211=0 -DCONFIG_DRIVER_USB_STORAGE=0 -DCONFIG_DRIVER_USB_CDC_NCM=0 -DCONFIG_DRIVER_USB_CDC_ECM=0 -DCONFIG_DRIVER_USB_HID=0 -DCONFIG_DRIVER_USB_RTL8822BU=0 -DCONFIG_KERNEL_USB_HID_CHECKPOINT=0 -DCONFIG_BUF_CACHE_KIB=0 -DCONFIG_GPU_JOB_RESERVATION_MS=10000 -DCONFIG_GPU_JOB_EXECUTION_MS=60000 -DCONFIG_GPU_JOB_STOP_MS=10000 -DCONFIG_GPU_CONTROL_MS=10000 -m68030 -msoft-float -ffreestanding -fno-pic -fno-pie -fno-stack-protector -fno-asynchronous-unwind-tables -fno-unwind-tables -fno-common -ffunction-sections -fdata-sections -Os -Wall -Wextra -Werror -fno-builtin \
 -fno-strict-aliasing -MMD -MP -c src/drivers/generic/memory-device.c -o build/ws035-p001/x68k-k/kernel/src/drivers/generic/memory-device.o
m68k-linux-gnu-gcc -nostdinc -Iinclude -Isrc -I. -Ilibc/include -Isrc/hal/m68k -DHAL_ARCH_M68K -DHAL_BOARD_X68K -DKERN_USER_ABI_M68K -DKERN_PAGE_SIZE=4096 -DKERN_USER_PAGE_SIZE=4096 -DKERN_NO_PRINTF_FLOAT -DKERN_INIT_PATH='"/x68k/bin/sh"' -DCONFIG_DRIVER_NE2000=0 -DCONFIG_DRIVER_LGY98=0 -DCONFIG_DRIVER_GRAPHICS=0 -DCONFIG_DRIVER_GRAPHICS_DEVICE=0 -DCONFIG_DRIVER_PCI_UHCI=0 -DCONFIG_DRIVER_PCI_EHCI=0 -DCONFIG_DRIVER_PCI_XHCI=0 -DCONFIG_DRIVER_PCI_NVME=0 -DCONFIG_DRIVER_PCI_VENUS=0 -DCONFIG_DRIVER_PCI_I915=0 -DCONFIG_DRIVER_PCI_INTEL_AX211=0 -DCONFIG_DRIVER_USB_STORAGE=0 -DCONFIG_DRIVER_USB_CDC_NCM=0 -DCONFIG_DRIVER_USB_CDC_ECM=0 -DCONFIG_DRIVER_USB_HID=0 -DCONFIG_DRIVER_USB_RTL8822BU=0 -DCONFIG_KERNEL_USB_HID_CHECKPOINT=0 -DCONFIG_BUF_CACHE_KIB=0 -DCONFIG_GPU_JOB_RESERVATION_MS=10000 -DCONFIG_GPU_JOB_EXECUTION_MS=60000 -DCONFIG_GPU_JOB_STOP_MS=10000 -DCONFIG_GPU_CONTROL_MS=10000 -m68030 -msoft-float -ffreestanding -fno-pic -fno-pie -fno-stack-protector -fno-asynchronous-unwind-tables -fno-unwind-tables -fno-common -ffunction-sections -fdata-sections -Os -Wall -Wextra -Werror -fno-builtin \
 -fno-strict-aliasing -MMD -MP -c src/kern/shutdown.c -o build/ws035-p001/x68k-k/kernel/src/kern/shutdown.o
In file included from include/kern/system-swap-device.h:11,
                 from src/drivers/generic/system-device.c:17:
include/kern/swap.h:23:50: error: invalid suffix "__UINT32_C_SUFFIX__" on integer constant
   23 | #define SWAP_SLOT_SOURCE_MASK           UINT32_C(0x60000000)
      |                                                  ^~~~~~~~~~
libc/include/stdint.h:104:42: note: in definition of macro '__ZED_INT_C_PASTE'
  104 | #define __ZED_INT_C_PASTE(value, suffix) value ## suffix
      |                                          ^~~~~
libc/include/stdint.h:112:25: note: in expansion of macro '__ZED_INT_C'
  112 | #define UINT32_C(value) __ZED_INT_C(value, __UINT32_C_SUFFIX__)
      |                         ^~~~~~~~~~~
include/kern/swap.h:23:41: note: in expansion of macro 'UINT32_C'
   23 | #define SWAP_SLOT_SOURCE_MASK           UINT32_C(0x60000000)
      |                                         ^~~~~~~~
include/kern/swap.h:67:17: note: in expansion of macro 'SWAP_SLOT_SOURCE_MASK'
   67 | _Static_assert((SWAP_SLOT_SOURCE_MASK | SWAP_SLOT_LOCAL_MASK) ==
      |                 ^~~~~~~~~~~~~~~~~~~~~
include/kern/swap.h:22:50: error: invalid suffix "__UINT32_C_SUFFIX__" on integer constant
   22 | #define SWAP_SLOT_LOCAL_MASK            UINT32_C(0x1fffffff)
      |                                                  ^~~~~~~~~~
libc/include/stdint.h:104:42: note: in definition of macro '__ZED_INT_C_PASTE'
  104 | #define __ZED_INT_C_PASTE(value, suffix) value ## suffix
      |                                          ^~~~~
libc/include/stdint.h:112:25: note: in expansion of macro '__ZED_INT_C'
  112 | #define UINT32_C(value) __ZED_INT_C(value, __UINT32_C_SUFFIX__)
      |                         ^~~~~~~~~~~
include/kern/swap.h:22:41: note: in expansion of macro 'UINT32_C'
   22 | #define SWAP_SLOT_LOCAL_MASK            UINT32_C(0x1fffffff)
      |                                         ^~~~~~~~
include/kern/swap.h:67:41: note: in expansion of macro 'SWAP_SLOT_LOCAL_MASK'
   67 | _Static_assert((SWAP_SLOT_SOURCE_MASK | SWAP_SLOT_LOCAL_MASK) ==
      |                                         ^~~~~~~~~~~~~~~~~~~~
include/kern/swap.h:24:50: error: invalid suffix "__UINT32_C_SUFFIX__" on integer constant
   24 | #define SWAP_SLOT_VALID_MASK            UINT32_C(0x7fffffff)
      |                                                  ^~~~~~~~~~
libc/include/stdint.h:104:42: note: in definition of macro '__ZED_INT_C_PASTE'
  104 | #define __ZED_INT_C_PASTE(value, suffix) value ## suffix
      |                                          ^~~~~
libc/include/stdint.h:112:25: note: in expansion of macro '__ZED_INT_C'
  112 | #define UINT32_C(value) __ZED_INT_C(value, __UINT32_C_SUFFIX__)
      |                         ^~~~~~~~~~~
include/kern/swap.h:24:41: note: in expansion of macro 'UINT32_C'
   24 | #define SWAP_SLOT_VALID_MASK            UINT32_C(0x7fffffff)
      |                                         ^~~~~~~~
include/kern/swap.h:68:5: note: in expansion of macro 'SWAP_SLOT_VALID_MASK'
   68 |     SWAP_SLOT_VALID_MASK, "swap token fields must cover bits 0 through 30");
      |     ^~~~~~~~~~~~~~~~~~~~
In file included from src/drivers/generic/system-device.c:23:
include/kern/swap.h:67:16: error: expression in static assertion is not an integer
   67 | _Static_assert((SWAP_SLOT_SOURCE_MASK | SWAP_SLOT_LOCAL_MASK) ==
      |                ^
include/kern/swap.h:23:50: error: invalid suffix "__UINT32_C_SUFFIX__" on integer constant
   23 | #define SWAP_SLOT_SOURCE_MASK           UINT32_C(0x60000000)
      |                                                  ^~~~~~~~~~
libc/include/stdint.h:104:42: note: in definition of macro '__ZED_INT_C_PASTE'
  104 | #define __ZED_INT_C_PASTE(value, suffix) value ## suffix
      |                                          ^~~~~
libc/include/stdint.h:112:25: note: in expansion of macro '__ZED_INT_C'
  112 | #define UINT32_C(value) __ZED_INT_C(value, __UINT32_C_SUFFIX__)
      |                         ^~~~~~~~~~~
include/kern/swap.h:23:41: note: in expansion of macro 'UINT32_C'
   23 | #define SWAP_SLOT_SOURCE_MASK           UINT32_C(0x60000000)
      |                                         ^~~~~~~~
include/kern/swap.h:69:17: note: in expansion of macro 'SWAP_SLOT_SOURCE_MASK'
   69 | _Static_assert((SWAP_SLOT_SOURCE_MASK & SWAP_SLOT_LOCAL_MASK) == 0,
      |                 ^~~~~~~~~~~~~~~~~~~~~
include/kern/swap.h:22:50: error: invalid suffix "__UINT32_C_SUFFIX__" on integer constant
   22 | #define SWAP_SLOT_LOCAL_MASK            UINT32_C(0x1fffffff)
      |                                                  ^~~~~~~~~~
libc/include/stdint.h:104:42: note: in definition of macro '__ZED_INT_C_PASTE'
  104 | #define __ZED_INT_C_PASTE(value, suffix) value ## suffix
      |                                          ^~~~~
libc/include/stdint.h:112:25: note: in expansion of macro '__ZED_INT_C'
  112 | #define UINT32_C(value) __ZED_INT_C(value, __UINT32_C_SUFFIX__)
      |                         ^~~~~~~~~~~
include/kern/swap.h:22:41: note: in expansion of macro 'UINT32_C'
   22 | #define SWAP_SLOT_LOCAL_MASK            UINT32_C(0x1fffffff)
      |                                         ^~~~~~~~
include/kern/swap.h:69:41: note: in expansion of macro 'SWAP_SLOT_LOCAL_MASK'
   69 | _Static_assert((SWAP_SLOT_SOURCE_MASK & SWAP_SLOT_LOCAL_MASK) == 0,
      |                                         ^~~~~~~~~~~~~~~~~~~~
include/kern/swap.h:69:16: error: expression in static assertion is not an integer
   69 | _Static_assert((SWAP_SLOT_SOURCE_MASK & SWAP_SLOT_LOCAL_MASK) == 0,
      |                ^
include/kern/swap.h:24:50: error: invalid suffix "__UINT32_C_SUFFIX__" on integer constant
   24 | #define SWAP_SLOT_VALID_MASK            UINT32_C(0x7fffffff)
      |                                                  ^~~~~~~~~~
libc/include/stdint.h:104:42: note: in definition of macro '__ZED_INT_C_PASTE'
  104 | #define __ZED_INT_C_PASTE(value, suffix) value ## suffix
      |                                          ^~~~~
libc/include/stdint.h:112:25: note: in expansion of macro '__ZED_INT_C'
  112 | #define UINT32_C(value) __ZED_INT_C(value, __UINT32_C_SUFFIX__)
      |                         ^~~~~~~~~~~
include/kern/swap.h:24:41: note: in expansion of macro 'UINT32_C'
   24 | #define SWAP_SLOT_VALID_MASK            UINT32_C(0x7fffffff)
      |                                         ^~~~~~~~
include/kern/swap.h:71:35: note: in expansion of macro 'SWAP_SLOT_VALID_MASK'
   71 | _Static_assert((SWAP_SLOT_NONE & ~SWAP_SLOT_VALID_MASK) != 0,
      |                                   ^~~~~~~~~~~~~~~~~~~~
include/kern/swap.h:71:16: error: expression in static assertion is not an integer
   71 | _Static_assert((SWAP_SLOT_NONE & ~SWAP_SLOT_VALID_MASK) != 0,
      |                ^
m68k-linux-gnu-gcc -nostdinc -Iinclude -Isrc -I. -Ilibc/include -Isrc/hal/m68k -DHAL_ARCH_M68K -DHAL_BOARD_X68K -DKERN_USER_ABI_M68K -DKERN_PAGE_SIZE=4096 -DKERN_USER_PAGE_SIZE=4096 -DKERN_NO_PRINTF_FLOAT -DKERN_INIT_PATH='"/x68k/bin/sh"' -DCONFIG_DRIVER_NE2000=0 -DCONFIG_DRIVER_LGY98=0 -DCONFIG_DRIVER_GRAPHICS=0 -DCONFIG_DRIVER_GRAPHICS_DEVICE=0 -DCONFIG_DRIVER_PCI_UHCI=0 -DCONFIG_DRIVER_PCI_EHCI=0 -DCONFIG_DRIVER_PCI_XHCI=0 -DCONFIG_DRIVER_PCI_NVME=0 -DCONFIG_DRIVER_PCI_VENUS=0 -DCONFIG_DRIVER_PCI_I915=0 -DCONFIG_DRIVER_PCI_INTEL_AX211=0 -DCONFIG_DRIVER_USB_STORAGE=0 -DCONFIG_DRIVER_USB_CDC_NCM=0 -DCONFIG_DRIVER_USB_CDC_ECM=0 -DCONFIG_DRIVER_USB_HID=0 -DCONFIG_DRIVER_USB_RTL8822BU=0 -DCONFIG_KERNEL_USB_HID_CHECKPOINT=0 -DCONFIG_BUF_CACHE_KIB=0 -DCONFIG_GPU_JOB_RESERVATION_MS=10000 -DCONFIG_GPU_JOB_EXECUTION_MS=60000 -DCONFIG_GPU_JOB_STOP_MS=10000 -DCONFIG_GPU_CONTROL_MS=10000 -m68030 -msoft-float -ffreestanding -fno-pic -fno-pie -fno-stack-protector -fno-asynchronous-unwind-tables -fno-unwind-tables -fno-common -ffunction-sections -fdata-sections -Os -Wall -Wextra -Werror -fno-builtin \
 -fno-strict-aliasing -MMD -MP -c src/kern/init.c -o build/ws035-p001/x68k-k/kernel/src/kern/init.o
make: *** [platform/x68k/vmunix.mk:200: build/ws035-p001/x68k-k/kernel/src/drivers/generic/system-device.o] Error 1
m68k-linux-gnu-gcc -nostdinc -Iinclude -Isrc -I. -Ilibc/include -Isrc/hal/m68k -DHAL_ARCH_M68K -DHAL_BOARD_X68K -DKERN_USER_ABI_M68K -DKERN_PAGE_SIZE=4096 -DKERN_USER_PAGE_SIZE=4096 -DKERN_NO_PRINTF_FLOAT -DKERN_INIT_PATH='"/x68k/bin/sh"' -DCONFIG_DRIVER_NE2000=0 -DCONFIG_DRIVER_LGY98=0 -DCONFIG_DRIVER_GRAPHICS=0 -DCONFIG_DRIVER_GRAPHICS_DEVICE=0 -DCONFIG_DRIVER_PCI_UHCI=0 -DCONFIG_DRIVER_PCI_EHCI=0 -DCONFIG_DRIVER_PCI_XHCI=0 -DCONFIG_DRIVER_PCI_NVME=0 -DCONFIG_DRIVER_PCI_VENUS=0 -DCONFIG_DRIVER_PCI_I915=0 -DCONFIG_DRIVER_PCI_INTEL_AX211=0 -DCONFIG_DRIVER_USB_STORAGE=0 -DCONFIG_DRIVER_USB_CDC_NCM=0 -DCONFIG_DRIVER_USB_CDC_ECM=0 -DCONFIG_DRIVER_USB_HID=0 -DCONFIG_DRIVER_USB_RTL8822BU=0 -DCONFIG_KERNEL_USB_HID_CHECKPOINT=0 -DCONFIG_BUF_CACHE_KIB=0 -DCONFIG_GPU_JOB_RESERVATION_MS=10000 -DCONFIG_GPU_JOB_EXECUTION_MS=60000 -DCONFIG_GPU_JOB_STOP_MS=10000 -DCONFIG_GPU_CONTROL_MS=10000 -m68030 -msoft-float -ffreestanding -fno-pic -fno-pie -fno-stack-protector -fno-asynchronous-unwind-tables -fno-unwind-tables -fno-common -ffunction-sections -fdata-sections -Os -Wall -Wextra -Werror -fno-builtin \
 -fno-strict-aliasing -MMD -MP -c src/kern/net/packet-buf.c -o build/ws035-p001/x68k-k/kernel/src/kern/net/packet-buf.o
m68k-linux-gnu-gcc -nostdinc -Iinclude -Isrc -I. -Ilibc/include -Isrc/hal/m68k -DHAL_ARCH_M68K -DHAL_BOARD_X68K -DKERN_USER_ABI_M68K -DKERN_PAGE_SIZE=4096 -DKERN_USER_PAGE_SIZE=4096 -DKERN_NO_PRINTF_FLOAT -DKERN_INIT_PATH='"/x68k/bin/sh"' -DCONFIG_DRIVER_NE2000=0 -DCONFIG_DRIVER_LGY98=0 -DCONFIG_DRIVER_GRAPHICS=0 -DCONFIG_DRIVER_GRAPHICS_DEVICE=0 -DCONFIG_DRIVER_PCI_UHCI=0 -DCONFIG_DRIVER_PCI_EHCI=0 -DCONFIG_DRIVER_PCI_XHCI=0 -DCONFIG_DRIVER_PCI_NVME=0 -DCONFIG_DRIVER_PCI_VENUS=0 -DCONFIG_DRIVER_PCI_I915=0 -DCONFIG_DRIVER_PCI_INTEL_AX211=0 -DCONFIG_DRIVER_USB_STORAGE=0 -DCONFIG_DRIVER_USB_CDC_NCM=0 -DCONFIG_DRIVER_USB_CDC_ECM=0 -DCONFIG_DRIVER_USB_HID=0 -DCONFIG_DRIVER_USB_RTL8822BU=0 -DCONFIG_KERNEL_USB_HID_CHECKPOINT=0 -DCONFIG_BUF_CACHE_KIB=0 -DCONFIG_GPU_JOB_RESERVATION_MS=10000 -DCONFIG_GPU_JOB_EXECUTION_MS=60000 -DCONFIG_GPU_JOB_STOP_MS=10000 -DCONFIG_GPU_CONTROL_MS=10000 -m68030 -msoft-float -ffreestanding -fno-pic -fno-pie -fno-stack-protector -fno-asynchronous-unwind-tables -fno-unwind-tables -fno-common -ffunction-sections -fdata-sections -Os -Wall -Wextra -Werror -fno-builtin \
 -fno-strict-aliasing -MMD -MP -c src/kern/net/net-device.c -o build/ws035-p001/x68k-k/kernel/src/kern/net/net-device.o
m68k-linux-gnu-gcc -nostdinc -Iinclude -Isrc -I. -Ilibc/include -Isrc/hal/m68k -DHAL_ARCH_M68K -DHAL_BOARD_X68K -DKERN_USER_ABI_M68K -DKERN_PAGE_SIZE=4096 -DKERN_USER_PAGE_SIZE=4096 -DKERN_NO_PRINTF_FLOAT -DKERN_INIT_PATH='"/x68k/bin/sh"' -DCONFIG_DRIVER_NE2000=0 -DCONFIG_DRIVER_LGY98=0 -DCONFIG_DRIVER_GRAPHICS=0 -DCONFIG_DRIVER_GRAPHICS_DEVICE=0 -DCONFIG_DRIVER_PCI_UHCI=0 -DCONFIG_DRIVER_PCI_EHCI=0 -DCONFIG_DRIVER_PCI_XHCI=0 -DCONFIG_DRIVER_PCI_NVME=0 -DCONFIG_DRIVER_PCI_VENUS=0 -DCONFIG_DRIVER_PCI_I915=0 -DCONFIG_DRIVER_PCI_INTEL_AX211=0 -DCONFIG_DRIVER_USB_STORAGE=0 -DCONFIG_DRIVER_USB_CDC_NCM=0 -DCONFIG_DRIVER_USB_CDC_ECM=0 -DCONFIG_DRIVER_USB_HID=0 -DCONFIG_DRIVER_USB_RTL8822BU=0 -DCONFIG_KERNEL_USB_HID_CHECKPOINT=0 -DCONFIG_BUF_CACHE_KIB=0 -DCONFIG_GPU_JOB_RESERVATION_MS=10000 -DCONFIG_GPU_JOB_EXECUTION_MS=60000 -DCONFIG_GPU_JOB_STOP_MS=10000 -DCONFIG_GPU_CONTROL_MS=10000 -m68030 -msoft-float -ffreestanding -fno-pic -fno-pie -fno-stack-protector -fno-asynchronous-unwind-tables -fno-unwind-tables -fno-common -ffunction-sections -fdata-sections -Os -Wall -Wextra -Werror -fno-builtin \
 -fno-strict-aliasing -MMD -MP -c src/kern/net/core.c -o build/ws035-p001/x68k-k/kernel/src/kern/net/core.o
m68k-linux-gnu-gcc -nostdinc -Iinclude -Isrc -I. -Ilibc/include -Isrc/hal/m68k -DHAL_ARCH_M68K -DHAL_BOARD_X68K -DKERN_USER_ABI_M68K -DKERN_PAGE_SIZE=4096 -DKERN_USER_PAGE_SIZE=4096 -DKERN_NO_PRINTF_FLOAT -DKERN_INIT_PATH='"/x68k/bin/sh"' -DCONFIG_DRIVER_NE2000=0 -DCONFIG_DRIVER_LGY98=0 -DCONFIG_DRIVER_GRAPHICS=0 -DCONFIG_DRIVER_GRAPHICS_DEVICE=0 -DCONFIG_DRIVER_PCI_UHCI=0 -DCONFIG_DRIVER_PCI_EHCI=0 -DCONFIG_DRIVER_PCI_XHCI=0 -DCONFIG_DRIVER_PCI_NVME=0 -DCONFIG_DRIVER_PCI_VENUS=0 -DCONFIG_DRIVER_PCI_I915=0 -DCONFIG_DRIVER_PCI_INTEL_AX211=0 -DCONFIG_DRIVER_USB_STORAGE=0 -DCONFIG_DRIVER_USB_CDC_NCM=0 -DCONFIG_DRIVER_USB_CDC_ECM=0 -DCONFIG_DRIVER_USB_HID=0 -DCONFIG_DRIVER_USB_RTL8822BU=0 -DCONFIG_KERNEL_USB_HID_CHECKPOINT=0 -DCONFIG_BUF_CACHE_KIB=0 -DCONFIG_GPU_JOB_RESERVATION_MS=10000 -DCONFIG_GPU_JOB_EXECUTION_MS=60000 -DCONFIG_GPU_JOB_STOP_MS=10000 -DCONFIG_GPU_CONTROL_MS=10000 -m68030 -msoft-float -ffreestanding -fno-pic -fno-pie -fno-stack-protector -fno-asynchronous-unwind-tables -fno-unwind-tables -fno-common -ffunction-sections -fdata-sections -Os -Wall -Wextra -Werror -fno-builtin \
 -fno-strict-aliasing -MMD -MP -c src/kern/net/socket.c -o build/ws035-p001/x68k-k/kernel/src/kern/net/socket.o
m68k-linux-gnu-gcc -nostdinc -Iinclude -Isrc -I. -Ilibc/include -Isrc/hal/m68k -DHAL_ARCH_M68K -DHAL_BOARD_X68K -DKERN_USER_ABI_M68K -DKERN_PAGE_SIZE=4096 -DKERN_USER_PAGE_SIZE=4096 -DKERN_NO_PRINTF_FLOAT -DKERN_INIT_PATH='"/x68k/bin/sh"' -DCONFIG_DRIVER_NE2000=0 -DCONFIG_DRIVER_LGY98=0 -DCONFIG_DRIVER_GRAPHICS=0 -DCONFIG_DRIVER_GRAPHICS_DEVICE=0 -DCONFIG_DRIVER_PCI_UHCI=0 -DCONFIG_DRIVER_PCI_EHCI=0 -DCONFIG_DRIVER_PCI_XHCI=0 -DCONFIG_DRIVER_PCI_NVME=0 -DCONFIG_DRIVER_PCI_VENUS=0 -DCONFIG_DRIVER_PCI_I915=0 -DCONFIG_DRIVER_PCI_INTEL_AX211=0 -DCONFIG_DRIVER_USB_STORAGE=0 -DCONFIG_DRIVER_USB_CDC_NCM=0 -DCONFIG_DRIVER_USB_CDC_ECM=0 -DCONFIG_DRIVER_USB_HID=0 -DCONFIG_DRIVER_USB_RTL8822BU=0 -DCONFIG_KERNEL_USB_HID_CHECKPOINT=0 -DCONFIG_BUF_CACHE_KIB=0 -DCONFIG_GPU_JOB_RESERVATION_MS=10000 -DCONFIG_GPU_JOB_EXECUTION_MS=60000 -DCONFIG_GPU_JOB_STOP_MS=10000 -DCONFIG_GPU_CONTROL_MS=10000 -m68030 -msoft-float -ffreestanding -fno-pic -fno-pie -fno-stack-protector -fno-asynchronous-unwind-tables -fno-unwind-tables -fno-common -ffunction-sections -fdata-sections -Os -Wall -Wextra -Werror -fno-builtin \
 -fno-strict-aliasing -MMD -MP -c src/kern/net/socket-file.c -o build/ws035-p001/x68k-k/kernel/src/kern/net/socket-file.o
m68k-linux-gnu-gcc -nostdinc -Iinclude -Isrc -I. -Ilibc/include -Isrc/hal/m68k -DHAL_ARCH_M68K -DHAL_BOARD_X68K -DKERN_USER_ABI_M68K -DKERN_PAGE_SIZE=4096 -DKERN_USER_PAGE_SIZE=4096 -DKERN_NO_PRINTF_FLOAT -DKERN_INIT_PATH='"/x68k/bin/sh"' -DCONFIG_DRIVER_NE2000=0 -DCONFIG_DRIVER_LGY98=0 -DCONFIG_DRIVER_GRAPHICS=0 -DCONFIG_DRIVER_GRAPHICS_DEVICE=0 -DCONFIG_DRIVER_PCI_UHCI=0 -DCONFIG_DRIVER_PCI_EHCI=0 -DCONFIG_DRIVER_PCI_XHCI=0 -DCONFIG_DRIVER_PCI_NVME=0 -DCONFIG_DRIVER_PCI_VENUS=0 -DCONFIG_DRIVER_PCI_I915=0 -DCONFIG_DRIVER_PCI_INTEL_AX211=0 -DCONFIG_DRIVER_USB_STORAGE=0 -DCONFIG_DRIVER_USB_CDC_NCM=0 -DCONFIG_DRIVER_USB_CDC_ECM=0 -DCONFIG_DRIVER_USB_HID=0 -DCONFIG_DRIVER_USB_RTL8822BU=0 -DCONFIG_KERNEL_USB_HID_CHECKPOINT=0 -DCONFIG_BUF_CACHE_KIB=0 -DCONFIG_GPU_JOB_RESERVATION_MS=10000 -DCONFIG_GPU_JOB_EXECUTION_MS=60000 -DCONFIG_GPU_JOB_STOP_MS=10000 -DCONFIG_GPU_CONTROL_MS=10000 -m68030 -msoft-float -ffreestanding -fno-pic -fno-pie -fno-stack-protector -fno-asynchronous-unwind-tables -fno-unwind-tables -fno-common -ffunction-sections -fdata-sections -Os -Wall -Wextra -Werror -fno-builtin \
 -fno-strict-aliasing -MMD -MP -c src/kern/net/unix-socket.c -o build/ws035-p001/x68k-k/kernel/src/kern/net/unix-socket.o
m68k-linux-gnu-gcc -nostdinc -Iinclude -Isrc -I. -Ilibc/include -Isrc/hal/m68k -DHAL_ARCH_M68K -DHAL_BOARD_X68K -DKERN_USER_ABI_M68K -DKERN_PAGE_SIZE=4096 -DKERN_USER_PAGE_SIZE=4096 -DKERN_NO_PRINTF_FLOAT -DKERN_INIT_PATH='"/x68k/bin/sh"' -DCONFIG_DRIVER_NE2000=0 -DCONFIG_DRIVER_LGY98=0 -DCONFIG_DRIVER_GRAPHICS=0 -DCONFIG_DRIVER_GRAPHICS_DEVICE=0 -DCONFIG_DRIVER_PCI_UHCI=0 -DCONFIG_DRIVER_PCI_EHCI=0 -DCONFIG_DRIVER_PCI_XHCI=0 -DCONFIG_DRIVER_PCI_NVME=0 -DCONFIG_DRIVER_PCI_VENUS=0 -DCONFIG_DRIVER_PCI_I915=0 -DCONFIG_DRIVER_PCI_INTEL_AX211=0 -DCONFIG_DRIVER_USB_STORAGE=0 -DCONFIG_DRIVER_USB_CDC_NCM=0 -DCONFIG_DRIVER_USB_CDC_ECM=0 -DCONFIG_DRIVER_USB_HID=0 -DCONFIG_DRIVER_USB_RTL8822BU=0 -DCONFIG_KERNEL_USB_HID_CHECKPOINT=0 -DCONFIG_BUF_CACHE_KIB=0 -DCONFIG_GPU_JOB_RESERVATION_MS=10000 -DCONFIG_GPU_JOB_EXECUTION_MS=60000 -DCONFIG_GPU_JOB_STOP_MS=10000 -DCONFIG_GPU_CONTROL_MS=10000 -m68030 -msoft-float -ffreestanding -fno-pic -fno-pie -fno-stack-protector -fno-asynchronous-unwind-tables -fno-unwind-tables -fno-common -ffunction-sections -fdata-sections -Os -Wall -Wextra -Werror -fno-builtin \
 -fno-strict-aliasing -MMD -MP -c src/kern/net/packet-socket.c -o build/ws035-p001/x68k-k/kernel/src/kern/net/packet-socket.o
m68k-linux-gnu-gcc -nostdinc -Iinclude -Isrc -I. -Ilibc/include -Isrc/hal/m68k -DHAL_ARCH_M68K -DHAL_BOARD_X68K -DKERN_USER_ABI_M68K -DKERN_PAGE_SIZE=4096 -DKERN_USER_PAGE_SIZE=4096 -DKERN_NO_PRINTF_FLOAT -DKERN_INIT_PATH='"/x68k/bin/sh"' -DCONFIG_DRIVER_NE2000=0 -DCONFIG_DRIVER_LGY98=0 -DCONFIG_DRIVER_GRAPHICS=0 -DCONFIG_DRIVER_GRAPHICS_DEVICE=0 -DCONFIG_DRIVER_PCI_UHCI=0 -DCONFIG_DRIVER_PCI_EHCI=0 -DCONFIG_DRIVER_PCI_XHCI=0 -DCONFIG_DRIVER_PCI_NVME=0 -DCONFIG_DRIVER_PCI_VENUS=0 -DCONFIG_DRIVER_PCI_I915=0 -DCONFIG_DRIVER_PCI_INTEL_AX211=0 -DCONFIG_DRIVER_USB_STORAGE=0 -DCONFIG_DRIVER_USB_CDC_NCM=0 -DCONFIG_DRIVER_USB_CDC_ECM=0 -DCONFIG_DRIVER_USB_HID=0 -DCONFIG_DRIVER_USB_RTL8822BU=0 -DCONFIG_KERNEL_USB_HID_CHECKPOINT=0 -DCONFIG_BUF_CACHE_KIB=0 -DCONFIG_GPU_JOB_RESERVATION_MS=10000 -DCONFIG_GPU_JOB_EXECUTION_MS=60000 -DCONFIG_GPU_JOB_STOP_MS=10000 -DCONFIG_GPU_CONTROL_MS=10000 -m68030 -msoft-float -ffreestanding -fno-pic -fno-pie -fno-stack-protector -fno-asynchronous-unwind-tables -fno-unwind-tables -fno-common -ffunction-sections -fdata-sections -Os -Wall -Wextra -Werror -fno-builtin \
 -fno-strict-aliasing -MMD -MP -c src/kern/net/route-socket.c -o build/ws035-p001/x68k-k/kernel/src/kern/net/route-socket.o
make: *** [platform/x68k/vmunix.mk:200: build/ws035-p001/x68k-k/kernel/src/kern/vmspace.o] Error 1
m68k-linux-gnu-gcc -nostdinc -Iinclude -Isrc -I. -Ilibc/include -Isrc/hal/m68k -DHAL_ARCH_M68K -DHAL_BOARD_X68K -DKERN_USER_ABI_M68K -DKERN_PAGE_SIZE=4096 -DKERN_USER_PAGE_SIZE=4096 -DKERN_NO_PRINTF_FLOAT -DKERN_INIT_PATH='"/x68k/bin/sh"' -DCONFIG_DRIVER_NE2000=0 -DCONFIG_DRIVER_LGY98=0 -DCONFIG_DRIVER_GRAPHICS=0 -DCONFIG_DRIVER_GRAPHICS_DEVICE=0 -DCONFIG_DRIVER_PCI_UHCI=0 -DCONFIG_DRIVER_PCI_EHCI=0 -DCONFIG_DRIVER_PCI_XHCI=0 -DCONFIG_DRIVER_PCI_NVME=0 -DCONFIG_DRIVER_PCI_VENUS=0 -DCONFIG_DRIVER_PCI_I915=0 -DCONFIG_DRIVER_PCI_INTEL_AX211=0 -DCONFIG_DRIVER_USB_STORAGE=0 -DCONFIG_DRIVER_USB_CDC_NCM=0 -DCONFIG_DRIVER_USB_CDC_ECM=0 -DCONFIG_DRIVER_USB_HID=0 -DCONFIG_DRIVER_USB_RTL8822BU=0 -DCONFIG_KERNEL_USB_HID_CHECKPOINT=0 -DCONFIG_BUF_CACHE_KIB=0 -DCONFIG_GPU_JOB_RESERVATION_MS=10000 -DCONFIG_GPU_JOB_EXECUTION_MS=60000 -DCONFIG_GPU_JOB_STOP_MS=10000 -DCONFIG_GPU_CONTROL_MS=10000 -m68030 -msoft-float -ffreestanding -fno-pic -fno-pie -fno-stack-protector -fno-asynchronous-unwind-tables -fno-unwind-tables -fno-common -ffunction-sections -fdata-sections -Os -Wall -Wextra -Werror -fno-builtin \
 -fno-strict-aliasing -MMD -MP -c src/kern/net/checksum.c -o build/ws035-p001/x68k-k/kernel/src/kern/net/checksum.o
m68k-linux-gnu-gcc -nostdinc -Iinclude -Isrc -I. -Ilibc/include -Isrc/hal/m68k -DHAL_ARCH_M68K -DHAL_BOARD_X68K -DKERN_USER_ABI_M68K -DKERN_PAGE_SIZE=4096 -DKERN_USER_PAGE_SIZE=4096 -DKERN_NO_PRINTF_FLOAT -DKERN_INIT_PATH='"/x68k/bin/sh"' -DCONFIG_DRIVER_NE2000=0 -DCONFIG_DRIVER_LGY98=0 -DCONFIG_DRIVER_GRAPHICS=0 -DCONFIG_DRIVER_GRAPHICS_DEVICE=0 -DCONFIG_DRIVER_PCI_UHCI=0 -DCONFIG_DRIVER_PCI_EHCI=0 -DCONFIG_DRIVER_PCI_XHCI=0 -DCONFIG_DRIVER_PCI_NVME=0 -DCONFIG_DRIVER_PCI_VENUS=0 -DCONFIG_DRIVER_PCI_I915=0 -DCONFIG_DRIVER_PCI_INTEL_AX211=0 -DCONFIG_DRIVER_USB_STORAGE=0 -DCONFIG_DRIVER_USB_CDC_NCM=0 -DCONFIG_DRIVER_USB_CDC_ECM=0 -DCONFIG_DRIVER_USB_HID=0 -DCONFIG_DRIVER_USB_RTL8822BU=0 -DCONFIG_KERNEL_USB_HID_CHECKPOINT=0 -DCONFIG_BUF_CACHE_KIB=0 -DCONFIG_GPU_JOB_RESERVATION_MS=10000 -DCONFIG_GPU_JOB_EXECUTION_MS=60000 -DCONFIG_GPU_JOB_STOP_MS=10000 -DCONFIG_GPU_CONTROL_MS=10000 -m68030 -msoft-float -ffreestanding -fno-pic -fno-pie -fno-stack-protector -fno-asynchronous-unwind-tables -fno-unwind-tables -fno-common -ffunction-sections -fdata-sections -Os -Wall -Wextra -Werror -fno-builtin \
 -fno-strict-aliasing -MMD -MP -c src/kern/net/ethernet.c -o build/ws035-p001/x68k-k/kernel/src/kern/net/ethernet.o
m68k-linux-gnu-gcc -nostdinc -Iinclude -Isrc -I. -Ilibc/include -Isrc/hal/m68k -DHAL_ARCH_M68K -DHAL_BOARD_X68K -DKERN_USER_ABI_M68K -DKERN_PAGE_SIZE=4096 -DKERN_USER_PAGE_SIZE=4096 -DKERN_NO_PRINTF_FLOAT -DKERN_INIT_PATH='"/x68k/bin/sh"' -DCONFIG_DRIVER_NE2000=0 -DCONFIG_DRIVER_LGY98=0 -DCONFIG_DRIVER_GRAPHICS=0 -DCONFIG_DRIVER_GRAPHICS_DEVICE=0 -DCONFIG_DRIVER_PCI_UHCI=0 -DCONFIG_DRIVER_PCI_EHCI=0 -DCONFIG_DRIVER_PCI_XHCI=0 -DCONFIG_DRIVER_PCI_NVME=0 -DCONFIG_DRIVER_PCI_VENUS=0 -DCONFIG_DRIVER_PCI_I915=0 -DCONFIG_DRIVER_PCI_INTEL_AX211=0 -DCONFIG_DRIVER_USB_STORAGE=0 -DCONFIG_DRIVER_USB_CDC_NCM=0 -DCONFIG_DRIVER_USB_CDC_ECM=0 -DCONFIG_DRIVER_USB_HID=0 -DCONFIG_DRIVER_USB_RTL8822BU=0 -DCONFIG_KERNEL_USB_HID_CHECKPOINT=0 -DCONFIG_BUF_CACHE_KIB=0 -DCONFIG_GPU_JOB_RESERVATION_MS=10000 -DCONFIG_GPU_JOB_EXECUTION_MS=60000 -DCONFIG_GPU_JOB_STOP_MS=10000 -DCONFIG_GPU_CONTROL_MS=10000 -m68030 -msoft-float -ffreestanding -fno-pic -fno-pie -fno-stack-protector -fno-asynchronous-unwind-tables -fno-unwind-tables -fno-common -ffunction-sections -fdata-sections -Os -Wall -Wextra -Werror -fno-builtin \
 -fno-strict-aliasing -MMD -MP -c src/kern/net/route.c -o build/ws035-p001/x68k-k/kernel/src/kern/net/route.o
m68k-linux-gnu-gcc -nostdinc -Iinclude -Isrc -I. -Ilibc/include -Isrc/hal/m68k -DHAL_ARCH_M68K -DHAL_BOARD_X68K -DKERN_USER_ABI_M68K -DKERN_PAGE_SIZE=4096 -DKERN_USER_PAGE_SIZE=4096 -DKERN_NO_PRINTF_FLOAT -DKERN_INIT_PATH='"/x68k/bin/sh"' -DCONFIG_DRIVER_NE2000=0 -DCONFIG_DRIVER_LGY98=0 -DCONFIG_DRIVER_GRAPHICS=0 -DCONFIG_DRIVER_GRAPHICS_DEVICE=0 -DCONFIG_DRIVER_PCI_UHCI=0 -DCONFIG_DRIVER_PCI_EHCI=0 -DCONFIG_DRIVER_PCI_XHCI=0 -DCONFIG_DRIVER_PCI_NVME=0 -DCONFIG_DRIVER_PCI_VENUS=0 -DCONFIG_DRIVER_PCI_I915=0 -DCONFIG_DRIVER_PCI_INTEL_AX211=0 -DCONFIG_DRIVER_USB_STORAGE=0 -DCONFIG_DRIVER_USB_CDC_NCM=0 -DCONFIG_DRIVER_USB_CDC_ECM=0 -DCONFIG_DRIVER_USB_HID=0 -DCONFIG_DRIVER_USB_RTL8822BU=0 -DCONFIG_KERNEL_USB_HID_CHECKPOINT=0 -DCONFIG_BUF_CACHE_KIB=0 -DCONFIG_GPU_JOB_RESERVATION_MS=10000 -DCONFIG_GPU_JOB_EXECUTION_MS=60000 -DCONFIG_GPU_JOB_STOP_MS=10000 -DCONFIG_GPU_CONTROL_MS=10000 -m68030 -msoft-float -ffreestanding -fno-pic -fno-pie -fno-stack-protector -fno-asynchronous-unwind-tables -fno-unwind-tables -fno-common -ffunction-sections -fdata-sections -Os -Wall -Wextra -Werror -fno-builtin \
 -fno-strict-aliasing -MMD -MP -c src/kern/net/inet-socket.c -o build/ws035-p001/x68k-k/kernel/src/kern/net/inet-socket.o
m68k-linux-gnu-gcc -nostdinc -Iinclude -Isrc -I. -Ilibc/include -Isrc/hal/m68k -DHAL_ARCH_M68K -DHAL_BOARD_X68K -DKERN_USER_ABI_M68K -DKERN_PAGE_SIZE=4096 -DKERN_USER_PAGE_SIZE=4096 -DKERN_NO_PRINTF_FLOAT -DKERN_INIT_PATH='"/x68k/bin/sh"' -DCONFIG_DRIVER_NE2000=0 -DCONFIG_DRIVER_LGY98=0 -DCONFIG_DRIVER_GRAPHICS=0 -DCONFIG_DRIVER_GRAPHICS_DEVICE=0 -DCONFIG_DRIVER_PCI_UHCI=0 -DCONFIG_DRIVER_PCI_EHCI=0 -DCONFIG_DRIVER_PCI_XHCI=0 -DCONFIG_DRIVER_PCI_NVME=0 -DCONFIG_DRIVER_PCI_VENUS=0 -DCONFIG_DRIVER_PCI_I915=0 -DCONFIG_DRIVER_PCI_INTEL_AX211=0 -DCONFIG_DRIVER_USB_STORAGE=0 -DCONFIG_DRIVER_USB_CDC_NCM=0 -DCONFIG_DRIVER_USB_CDC_ECM=0 -DCONFIG_DRIVER_USB_HID=0 -DCONFIG_DRIVER_USB_RTL8822BU=0 -DCONFIG_KERNEL_USB_HID_CHECKPOINT=0 -DCONFIG_BUF_CACHE_KIB=0 -DCONFIG_GPU_JOB_RESERVATION_MS=10000 -DCONFIG_GPU_JOB_EXECUTION_MS=60000 -DCONFIG_GPU_JOB_STOP_MS=10000 -DCONFIG_GPU_CONTROL_MS=10000 -m68030 -msoft-float -ffreestanding -fno-pic -fno-pie -fno-stack-protector -fno-asynchronous-unwind-tables -fno-unwind-tables -fno-common -ffunction-sections -fdata-sections -Os -Wall -Wextra -Werror -fno-builtin \
 -fno-strict-aliasing -MMD -MP -c src/kern/net/wifi/wlan-crypto.c -o build/ws035-p001/x68k-k/kernel/src/kern/net/wifi/wlan-crypto.o
m68k-linux-gnu-gcc -nostdinc -Iinclude -Isrc -I. -Ilibc/include -Isrc/hal/m68k -DHAL_ARCH_M68K -DHAL_BOARD_X68K -DKERN_USER_ABI_M68K -DKERN_PAGE_SIZE=4096 -DKERN_USER_PAGE_SIZE=4096 -DKERN_NO_PRINTF_FLOAT -DKERN_INIT_PATH='"/x68k/bin/sh"' -DCONFIG_DRIVER_NE2000=0 -DCONFIG_DRIVER_LGY98=0 -DCONFIG_DRIVER_GRAPHICS=0 -DCONFIG_DRIVER_GRAPHICS_DEVICE=0 -DCONFIG_DRIVER_PCI_UHCI=0 -DCONFIG_DRIVER_PCI_EHCI=0 -DCONFIG_DRIVER_PCI_XHCI=0 -DCONFIG_DRIVER_PCI_NVME=0 -DCONFIG_DRIVER_PCI_VENUS=0 -DCONFIG_DRIVER_PCI_I915=0 -DCONFIG_DRIVER_PCI_INTEL_AX211=0 -DCONFIG_DRIVER_USB_STORAGE=0 -DCONFIG_DRIVER_USB_CDC_NCM=0 -DCONFIG_DRIVER_USB_CDC_ECM=0 -DCONFIG_DRIVER_USB_HID=0 -DCONFIG_DRIVER_USB_RTL8822BU=0 -DCONFIG_KERNEL_USB_HID_CHECKPOINT=0 -DCONFIG_BUF_CACHE_KIB=0 -DCONFIG_GPU_JOB_RESERVATION_MS=10000 -DCONFIG_GPU_JOB_EXECUTION_MS=60000 -DCONFIG_GPU_JOB_STOP_MS=10000 -DCONFIG_GPU_CONTROL_MS=10000 -m68030 -msoft-float -ffreestanding -fno-pic -fno-pie -fno-stack-protector -fno-asynchronous-unwind-tables -fno-unwind-tables -fno-common -ffunction-sections -fdata-sections -Os -Wall -Wextra -Werror -fno-builtin \
 -fno-strict-aliasing -MMD -MP -c src/kern/net/wifi/wlan-frame.c -o build/ws035-p001/x68k-k/kernel/src/kern/net/wifi/wlan-frame.o
m68k-linux-gnu-gcc -nostdinc -Iinclude -Isrc -I. -Ilibc/include -Isrc/hal/m68k -DHAL_ARCH_M68K -DHAL_BOARD_X68K -DKERN_USER_ABI_M68K -DKERN_PAGE_SIZE=4096 -DKERN_USER_PAGE_SIZE=4096 -DKERN_NO_PRINTF_FLOAT -DKERN_INIT_PATH='"/x68k/bin/sh"' -DCONFIG_DRIVER_NE2000=0 -DCONFIG_DRIVER_LGY98=0 -DCONFIG_DRIVER_GRAPHICS=0 -DCONFIG_DRIVER_GRAPHICS_DEVICE=0 -DCONFIG_DRIVER_PCI_UHCI=0 -DCONFIG_DRIVER_PCI_EHCI=0 -DCONFIG_DRIVER_PCI_XHCI=0 -DCONFIG_DRIVER_PCI_NVME=0 -DCONFIG_DRIVER_PCI_VENUS=0 -DCONFIG_DRIVER_PCI_I915=0 -DCONFIG_DRIVER_PCI_INTEL_AX211=0 -DCONFIG_DRIVER_USB_STORAGE=0 -DCONFIG_DRIVER_USB_CDC_NCM=0 -DCONFIG_DRIVER_USB_CDC_ECM=0 -DCONFIG_DRIVER_USB_HID=0 -DCONFIG_DRIVER_USB_RTL8822BU=0 -DCONFIG_KERNEL_USB_HID_CHECKPOINT=0 -DCONFIG_BUF_CACHE_KIB=0 -DCONFIG_GPU_JOB_RESERVATION_MS=10000 -DCONFIG_GPU_JOB_EXECUTION_MS=60000 -DCONFIG_GPU_JOB_STOP_MS=10000 -DCONFIG_GPU_CONTROL_MS=10000 -m68030 -msoft-float -ffreestanding -fno-pic -fno-pie -fno-stack-protector -fno-asynchronous-unwind-tables -fno-unwind-tables -fno-common -ffunction-sections -fdata-sections -Os -Wall -Wextra -Werror -fno-builtin \
 -fno-strict-aliasing -MMD -MP -c src/kern/net/wifi/wlan-wpa2-codec.c -o build/ws035-p001/x68k-k/kernel/src/kern/net/wifi/wlan-wpa2-codec.o
m68k-linux-gnu-gcc -nostdinc -Iinclude -Isrc -I. -Ilibc/include -Isrc/hal/m68k -DHAL_ARCH_M68K -DHAL_BOARD_X68K -DKERN_USER_ABI_M68K -DKERN_PAGE_SIZE=4096 -DKERN_USER_PAGE_SIZE=4096 -DKERN_NO_PRINTF_FLOAT -DKERN_INIT_PATH='"/x68k/bin/sh"' -DCONFIG_DRIVER_NE2000=0 -DCONFIG_DRIVER_LGY98=0 -DCONFIG_DRIVER_GRAPHICS=0 -DCONFIG_DRIVER_GRAPHICS_DEVICE=0 -DCONFIG_DRIVER_PCI_UHCI=0 -DCONFIG_DRIVER_PCI_EHCI=0 -DCONFIG_DRIVER_PCI_XHCI=0 -DCONFIG_DRIVER_PCI_NVME=0 -DCONFIG_DRIVER_PCI_VENUS=0 -DCONFIG_DRIVER_PCI_I915=0 -DCONFIG_DRIVER_PCI_INTEL_AX211=0 -DCONFIG_DRIVER_USB_STORAGE=0 -DCONFIG_DRIVER_USB_CDC_NCM=0 -DCONFIG_DRIVER_USB_CDC_ECM=0 -DCONFIG_DRIVER_USB_HID=0 -DCONFIG_DRIVER_USB_RTL8822BU=0 -DCONFIG_KERNEL_USB_HID_CHECKPOINT=0 -DCONFIG_BUF_CACHE_KIB=0 -DCONFIG_GPU_JOB_RESERVATION_MS=10000 -DCONFIG_GPU_JOB_EXECUTION_MS=60000 -DCONFIG_GPU_JOB_STOP_MS=10000 -DCONFIG_GPU_CONTROL_MS=10000 -m68030 -msoft-float -ffreestanding -fno-pic -fno-pie -fno-stack-protector -fno-asynchronous-unwind-tables -fno-unwind-tables -fno-common -ffunction-sections -fdata-sections -Os -Wall -Wextra -Werror -fno-builtin \
 -fno-strict-aliasing -MMD -MP -c src/kern/net/wifi/wlan-wpa2.c -o build/ws035-p001/x68k-k/kernel/src/kern/net/wifi/wlan-wpa2.o
m68k-linux-gnu-gcc -nostdinc -Iinclude -Isrc -I. -Ilibc/include -Isrc/hal/m68k -DHAL_ARCH_M68K -DHAL_BOARD_X68K -DKERN_USER_ABI_M68K -DKERN_PAGE_SIZE=4096 -DKERN_USER_PAGE_SIZE=4096 -DKERN_NO_PRINTF_FLOAT -DKERN_INIT_PATH='"/x68k/bin/sh"' -DCONFIG_DRIVER_NE2000=0 -DCONFIG_DRIVER_LGY98=0 -DCONFIG_DRIVER_GRAPHICS=0 -DCONFIG_DRIVER_GRAPHICS_DEVICE=0 -DCONFIG_DRIVER_PCI_UHCI=0 -DCONFIG_DRIVER_PCI_EHCI=0 -DCONFIG_DRIVER_PCI_XHCI=0 -DCONFIG_DRIVER_PCI_NVME=0 -DCONFIG_DRIVER_PCI_VENUS=0 -DCONFIG_DRIVER_PCI_I915=0 -DCONFIG_DRIVER_PCI_INTEL_AX211=0 -DCONFIG_DRIVER_USB_STORAGE=0 -DCONFIG_DRIVER_USB_CDC_NCM=0 -DCONFIG_DRIVER_USB_CDC_ECM=0 -DCONFIG_DRIVER_USB_HID=0 -DCONFIG_DRIVER_USB_RTL8822BU=0 -DCONFIG_KERNEL_USB_HID_CHECKPOINT=0 -DCONFIG_BUF_CACHE_KIB=0 -DCONFIG_GPU_JOB_RESERVATION_MS=10000 -DCONFIG_GPU_JOB_EXECUTION_MS=60000 -DCONFIG_GPU_JOB_STOP_MS=10000 -DCONFIG_GPU_CONTROL_MS=10000 -m68030 -msoft-float -ffreestanding -fno-pic -fno-pie -fno-stack-protector -fno-asynchronous-unwind-tables -fno-unwind-tables -fno-common -ffunction-sections -fdata-sections -Os -Wall -Wextra -Werror -fno-builtin \
 -fno-strict-aliasing -MMD -MP -c src/kern/net/wifi/wlan-l2.c -o build/ws035-p001/x68k-k/kernel/src/kern/net/wifi/wlan-l2.o
m68k-linux-gnu-gcc -nostdinc -Iinclude -Isrc -I. -Ilibc/include -Isrc/hal/m68k -DHAL_ARCH_M68K -DHAL_BOARD_X68K -DKERN_USER_ABI_M68K -DKERN_PAGE_SIZE=4096 -DKERN_USER_PAGE_SIZE=4096 -DKERN_NO_PRINTF_FLOAT -DKERN_INIT_PATH='"/x68k/bin/sh"' -DCONFIG_DRIVER_NE2000=0 -DCONFIG_DRIVER_LGY98=0 -DCONFIG_DRIVER_GRAPHICS=0 -DCONFIG_DRIVER_GRAPHICS_DEVICE=0 -DCONFIG_DRIVER_PCI_UHCI=0 -DCONFIG_DRIVER_PCI_EHCI=0 -DCONFIG_DRIVER_PCI_XHCI=0 -DCONFIG_DRIVER_PCI_NVME=0 -DCONFIG_DRIVER_PCI_VENUS=0 -DCONFIG_DRIVER_PCI_I915=0 -DCONFIG_DRIVER_PCI_INTEL_AX211=0 -DCONFIG_DRIVER_USB_STORAGE=0 -DCONFIG_DRIVER_USB_CDC_NCM=0 -DCONFIG_DRIVER_USB_CDC_ECM=0 -DCONFIG_DRIVER_USB_HID=0 -DCONFIG_DRIVER_USB_RTL8822BU=0 -DCONFIG_KERNEL_USB_HID_CHECKPOINT=0 -DCONFIG_BUF_CACHE_KIB=0 -DCONFIG_GPU_JOB_RESERVATION_MS=10000 -DCONFIG_GPU_JOB_EXECUTION_MS=60000 -DCONFIG_GPU_JOB_STOP_MS=10000 -DCONFIG_GPU_CONTROL_MS=10000 -m68030 -msoft-float -ffreestanding -fno-pic -fno-pie -fno-stack-protector -fno-asynchronous-unwind-tables -fno-unwind-tables -fno-common -ffunction-sections -fdata-sections -Os -Wall -Wextra -Werror -fno-builtin \
 -fno-strict-aliasing -MMD -MP -c src/kern/net/wifi/wlan.c -o build/ws035-p001/x68k-k/kernel/src/kern/net/wifi/wlan.o
m68k-linux-gnu-gcc -nostdinc -Iinclude -Isrc -I. -Ilibc/include -Isrc/hal/m68k -DHAL_ARCH_M68K -DHAL_BOARD_X68K -DKERN_USER_ABI_M68K -DKERN_PAGE_SIZE=4096 -DKERN_USER_PAGE_SIZE=4096 -DKERN_NO_PRINTF_FLOAT -DKERN_INIT_PATH='"/x68k/bin/sh"' -DCONFIG_DRIVER_NE2000=0 -DCONFIG_DRIVER_LGY98=0 -DCONFIG_DRIVER_GRAPHICS=0 -DCONFIG_DRIVER_GRAPHICS_DEVICE=0 -DCONFIG_DRIVER_PCI_UHCI=0 -DCONFIG_DRIVER_PCI_EHCI=0 -DCONFIG_DRIVER_PCI_XHCI=0 -DCONFIG_DRIVER_PCI_NVME=0 -DCONFIG_DRIVER_PCI_VENUS=0 -DCONFIG_DRIVER_PCI_I915=0 -DCONFIG_DRIVER_PCI_INTEL_AX211=0 -DCONFIG_DRIVER_USB_STORAGE=0 -DCONFIG_DRIVER_USB_CDC_NCM=0 -DCONFIG_DRIVER_USB_CDC_ECM=0 -DCONFIG_DRIVER_USB_HID=0 -DCONFIG_DRIVER_USB_RTL8822BU=0 -DCONFIG_KERNEL_USB_HID_CHECKPOINT=0 -DCONFIG_BUF_CACHE_KIB=0 -DCONFIG_GPU_JOB_RESERVATION_MS=10000 -DCONFIG_GPU_JOB_EXECUTION_MS=60000 -DCONFIG_GPU_JOB_STOP_MS=10000 -DCONFIG_GPU_CONTROL_MS=10000 -m68030 -msoft-float -ffreestanding -fno-pic -fno-pie -fno-stack-protector -fno-asynchronous-unwind-tables -fno-unwind-tables -fno-common -ffunction-sections -fdata-sections -Os -Wall -Wextra -Werror -fno-builtin \
 -fno-strict-aliasing -MMD -MP -c src/kern/net/arp.c -o build/ws035-p001/x68k-k/kernel/src/kern/net/arp.o
m68k-linux-gnu-gcc -nostdinc -Iinclude -Isrc -I. -Ilibc/include -Isrc/hal/m68k -DHAL_ARCH_M68K -DHAL_BOARD_X68K -DKERN_USER_ABI_M68K -DKERN_PAGE_SIZE=4096 -DKERN_USER_PAGE_SIZE=4096 -DKERN_NO_PRINTF_FLOAT -DKERN_INIT_PATH='"/x68k/bin/sh"' -DCONFIG_DRIVER_NE2000=0 -DCONFIG_DRIVER_LGY98=0 -DCONFIG_DRIVER_GRAPHICS=0 -DCONFIG_DRIVER_GRAPHICS_DEVICE=0 -DCONFIG_DRIVER_PCI_UHCI=0 -DCONFIG_DRIVER_PCI_EHCI=0 -DCONFIG_DRIVER_PCI_XHCI=0 -DCONFIG_DRIVER_PCI_NVME=0 -DCONFIG_DRIVER_PCI_VENUS=0 -DCONFIG_DRIVER_PCI_I915=0 -DCONFIG_DRIVER_PCI_INTEL_AX211=0 -DCONFIG_DRIVER_USB_STORAGE=0 -DCONFIG_DRIVER_USB_CDC_NCM=0 -DCONFIG_DRIVER_USB_CDC_ECM=0 -DCONFIG_DRIVER_USB_HID=0 -DCONFIG_DRIVER_USB_RTL8822BU=0 -DCONFIG_KERNEL_USB_HID_CHECKPOINT=0 -DCONFIG_BUF_CACHE_KIB=0 -DCONFIG_GPU_JOB_RESERVATION_MS=10000 -DCONFIG_GPU_JOB_EXECUTION_MS=60000 -DCONFIG_GPU_JOB_STOP_MS=10000 -DCONFIG_GPU_CONTROL_MS=10000 -m68030 -msoft-float -ffreestanding -fno-pic -fno-pie -fno-stack-protector -fno-asynchronous-unwind-tables -fno-unwind-tables -fno-common -ffunction-sections -fdata-sections -Os -Wall -Wextra -Werror -fno-builtin \
 -fno-strict-aliasing -MMD -MP -c src/kern/net/ipv4.c -o build/ws035-p001/x68k-k/kernel/src/kern/net/ipv4.o
m68k-linux-gnu-gcc -nostdinc -Iinclude -Isrc -I. -Ilibc/include -Isrc/hal/m68k -DHAL_ARCH_M68K -DHAL_BOARD_X68K -DKERN_USER_ABI_M68K -DKERN_PAGE_SIZE=4096 -DKERN_USER_PAGE_SIZE=4096 -DKERN_NO_PRINTF_FLOAT -DKERN_INIT_PATH='"/x68k/bin/sh"' -DCONFIG_DRIVER_NE2000=0 -DCONFIG_DRIVER_LGY98=0 -DCONFIG_DRIVER_GRAPHICS=0 -DCONFIG_DRIVER_GRAPHICS_DEVICE=0 -DCONFIG_DRIVER_PCI_UHCI=0 -DCONFIG_DRIVER_PCI_EHCI=0 -DCONFIG_DRIVER_PCI_XHCI=0 -DCONFIG_DRIVER_PCI_NVME=0 -DCONFIG_DRIVER_PCI_VENUS=0 -DCONFIG_DRIVER_PCI_I915=0 -DCONFIG_DRIVER_PCI_INTEL_AX211=0 -DCONFIG_DRIVER_USB_STORAGE=0 -DCONFIG_DRIVER_USB_CDC_NCM=0 -DCONFIG_DRIVER_USB_CDC_ECM=0 -DCONFIG_DRIVER_USB_HID=0 -DCONFIG_DRIVER_USB_RTL8822BU=0 -DCONFIG_KERNEL_USB_HID_CHECKPOINT=0 -DCONFIG_BUF_CACHE_KIB=0 -DCONFIG_GPU_JOB_RESERVATION_MS=10000 -DCONFIG_GPU_JOB_EXECUTION_MS=60000 -DCONFIG_GPU_JOB_STOP_MS=10000 -DCONFIG_GPU_CONTROL_MS=10000 -m68030 -msoft-float -ffreestanding -fno-pic -fno-pie -fno-stack-protector -fno-asynchronous-unwind-tables -fno-unwind-tables -fno-common -ffunction-sections -fdata-sections -Os -Wall -Wextra -Werror -fno-builtin \
 -fno-strict-aliasing -MMD -MP -c src/kern/net/icmp.c -o build/ws035-p001/x68k-k/kernel/src/kern/net/icmp.o
m68k-linux-gnu-gcc -nostdinc -Iinclude -Isrc -I. -Ilibc/include -Isrc/hal/m68k -DHAL_ARCH_M68K -DHAL_BOARD_X68K -DKERN_USER_ABI_M68K -DKERN_PAGE_SIZE=4096 -DKERN_USER_PAGE_SIZE=4096 -DKERN_NO_PRINTF_FLOAT -DKERN_INIT_PATH='"/x68k/bin/sh"' -DCONFIG_DRIVER_NE2000=0 -DCONFIG_DRIVER_LGY98=0 -DCONFIG_DRIVER_GRAPHICS=0 -DCONFIG_DRIVER_GRAPHICS_DEVICE=0 -DCONFIG_DRIVER_PCI_UHCI=0 -DCONFIG_DRIVER_PCI_EHCI=0 -DCONFIG_DRIVER_PCI_XHCI=0 -DCONFIG_DRIVER_PCI_NVME=0 -DCONFIG_DRIVER_PCI_VENUS=0 -DCONFIG_DRIVER_PCI_I915=0 -DCONFIG_DRIVER_PCI_INTEL_AX211=0 -DCONFIG_DRIVER_USB_STORAGE=0 -DCONFIG_DRIVER_USB_CDC_NCM=0 -DCONFIG_DRIVER_USB_CDC_ECM=0 -DCONFIG_DRIVER_USB_HID=0 -DCONFIG_DRIVER_USB_RTL8822BU=0 -DCONFIG_KERNEL_USB_HID_CHECKPOINT=0 -DCONFIG_BUF_CACHE_KIB=0 -DCONFIG_GPU_JOB_RESERVATION_MS=10000 -DCONFIG_GPU_JOB_EXECUTION_MS=60000 -DCONFIG_GPU_JOB_STOP_MS=10000 -DCONFIG_GPU_CONTROL_MS=10000 -m68030 -msoft-float -ffreestanding -fno-pic -fno-pie -fno-stack-protector -fno-asynchronous-unwind-tables -fno-unwind-tables -fno-common -ffunction-sections -fdata-sections -Os -Wall -Wextra -Werror -fno-builtin \
 -fno-strict-aliasing -MMD -MP -c src/kern/net/udp.c -o build/ws035-p001/x68k-k/kernel/src/kern/net/udp.o
m68k-linux-gnu-gcc -nostdinc -Iinclude -Isrc -I. -Ilibc/include -Isrc/hal/m68k -DHAL_ARCH_M68K -DHAL_BOARD_X68K -DKERN_USER_ABI_M68K -DKERN_PAGE_SIZE=4096 -DKERN_USER_PAGE_SIZE=4096 -DKERN_NO_PRINTF_FLOAT -DKERN_INIT_PATH='"/x68k/bin/sh"' -DCONFIG_DRIVER_NE2000=0 -DCONFIG_DRIVER_LGY98=0 -DCONFIG_DRIVER_GRAPHICS=0 -DCONFIG_DRIVER_GRAPHICS_DEVICE=0 -DCONFIG_DRIVER_PCI_UHCI=0 -DCONFIG_DRIVER_PCI_EHCI=0 -DCONFIG_DRIVER_PCI_XHCI=0 -DCONFIG_DRIVER_PCI_NVME=0 -DCONFIG_DRIVER_PCI_VENUS=0 -DCONFIG_DRIVER_PCI_I915=0 -DCONFIG_DRIVER_PCI_INTEL_AX211=0 -DCONFIG_DRIVER_USB_STORAGE=0 -DCONFIG_DRIVER_USB_CDC_NCM=0 -DCONFIG_DRIVER_USB_CDC_ECM=0 -DCONFIG_DRIVER_USB_HID=0 -DCONFIG_DRIVER_USB_RTL8822BU=0 -DCONFIG_KERNEL_USB_HID_CHECKPOINT=0 -DCONFIG_BUF_CACHE_KIB=0 -DCONFIG_GPU_JOB_RESERVATION_MS=10000 -DCONFIG_GPU_JOB_EXECUTION_MS=60000 -DCONFIG_GPU_JOB_STOP_MS=10000 -DCONFIG_GPU_CONTROL_MS=10000 -m68030 -msoft-float -ffreestanding -fno-pic -fno-pie -fno-stack-protector -fno-asynchronous-unwind-tables -fno-unwind-tables -fno-common -ffunction-sections -fdata-sections -Os -Wall -Wextra -Werror -fno-builtin \
 -fno-strict-aliasing -MMD -MP -c src/kern/net/tcp.c -o build/ws035-p001/x68k-k/kernel/src/kern/net/tcp.o
m68k-linux-gnu-gcc -nostdinc -Iinclude -Isrc -I. -Ilibc/include -Isrc/hal/m68k -DHAL_ARCH_M68K -DHAL_BOARD_X68K -DKERN_USER_ABI_M68K -DKERN_PAGE_SIZE=4096 -DKERN_USER_PAGE_SIZE=4096 -DKERN_NO_PRINTF_FLOAT -DKERN_INIT_PATH='"/x68k/bin/sh"' -DCONFIG_DRIVER_NE2000=0 -DCONFIG_DRIVER_LGY98=0 -DCONFIG_DRIVER_GRAPHICS=0 -DCONFIG_DRIVER_GRAPHICS_DEVICE=0 -DCONFIG_DRIVER_PCI_UHCI=0 -DCONFIG_DRIVER_PCI_EHCI=0 -DCONFIG_DRIVER_PCI_XHCI=0 -DCONFIG_DRIVER_PCI_NVME=0 -DCONFIG_DRIVER_PCI_VENUS=0 -DCONFIG_DRIVER_PCI_I915=0 -DCONFIG_DRIVER_PCI_INTEL_AX211=0 -DCONFIG_DRIVER_USB_STORAGE=0 -DCONFIG_DRIVER_USB_CDC_NCM=0 -DCONFIG_DRIVER_USB_CDC_ECM=0 -DCONFIG_DRIVER_USB_HID=0 -DCONFIG_DRIVER_USB_RTL8822BU=0 -DCONFIG_KERNEL_USB_HID_CHECKPOINT=0 -DCONFIG_BUF_CACHE_KIB=0 -DCONFIG_GPU_JOB_RESERVATION_MS=10000 -DCONFIG_GPU_JOB_EXECUTION_MS=60000 -DCONFIG_GPU_JOB_STOP_MS=10000 -DCONFIG_GPU_CONTROL_MS=10000 -m68030 -msoft-float -ffreestanding -fno-pic -fno-pie -fno-stack-protector -fno-asynchronous-unwind-tables -fno-unwind-tables -fno-common -ffunction-sections -fdata-sections -Os -Wall -Wextra -Werror -fno-builtin \
 -fno-strict-aliasing -MMD -MP -c src/kern/block-identity.c -o build/ws035-p001/x68k-k/kernel/src/kern/block-identity.o
In file included from include/kern/disk.h:16,
                 from include/kern/block-identity.h:15,
                 from src/kern/block-identity.c:17:
include/kern/swap.h:23:50: error: invalid suffix "__UINT32_C_SUFFIX__" on integer constant
   23 | #define SWAP_SLOT_SOURCE_MASK           UINT32_C(0x60000000)
      |                                                  ^~~~~~~~~~
libc/include/stdint.h:104:42: note: in definition of macro '__ZED_INT_C_PASTE'
  104 | #define __ZED_INT_C_PASTE(value, suffix) value ## suffix
      |                                          ^~~~~
libc/include/stdint.h:112:25: note: in expansion of macro '__ZED_INT_C'
  112 | #define UINT32_C(value) __ZED_INT_C(value, __UINT32_C_SUFFIX__)
      |                         ^~~~~~~~~~~
include/kern/swap.h:23:41: note: in expansion of macro 'UINT32_C'
   23 | #define SWAP_SLOT_SOURCE_MASK           UINT32_C(0x60000000)
      |                                         ^~~~~~~~
include/kern/swap.h:67:17: note: in expansion of macro 'SWAP_SLOT_SOURCE_MASK'
   67 | _Static_assert((SWAP_SLOT_SOURCE_MASK | SWAP_SLOT_LOCAL_MASK) ==
      |                 ^~~~~~~~~~~~~~~~~~~~~
include/kern/swap.h:22:50: error: invalid suffix "__UINT32_C_SUFFIX__" on integer constant
   22 | #define SWAP_SLOT_LOCAL_MASK            UINT32_C(0x1fffffff)
      |                                                  ^~~~~~~~~~
libc/include/stdint.h:104:42: note: in definition of macro '__ZED_INT_C_PASTE'
  104 | #define __ZED_INT_C_PASTE(value, suffix) value ## suffix
      |                                          ^~~~~
libc/include/stdint.h:112:25: note: in expansion of macro '__ZED_INT_C'
  112 | #define UINT32_C(value) __ZED_INT_C(value, __UINT32_C_SUFFIX__)
      |                         ^~~~~~~~~~~
include/kern/swap.h:22:41: note: in expansion of macro 'UINT32_C'
   22 | #define SWAP_SLOT_LOCAL_MASK            UINT32_C(0x1fffffff)
      |                                         ^~~~~~~~
include/kern/swap.h:67:41: note: in expansion of macro 'SWAP_SLOT_LOCAL_MASK'
   67 | _Static_assert((SWAP_SLOT_SOURCE_MASK | SWAP_SLOT_LOCAL_MASK) ==
      |                                         ^~~~~~~~~~~~~~~~~~~~
include/kern/swap.h:24:50: error: invalid suffix "__UINT32_C_SUFFIX__" on integer constant
   24 | #define SWAP_SLOT_VALID_MASK            UINT32_C(0x7fffffff)
      |                                                  ^~~~~~~~~~
libc/include/stdint.h:104:42: note: in definition of macro '__ZED_INT_C_PASTE'
  104 | #define __ZED_INT_C_PASTE(value, suffix) value ## suffix
      |                                          ^~~~~
libc/include/stdint.h:112:25: note: in expansion of macro '__ZED_INT_C'
  112 | #define UINT32_C(value) __ZED_INT_C(value, __UINT32_C_SUFFIX__)
      |                         ^~~~~~~~~~~
include/kern/swap.h:24:41: note: in expansion of macro 'UINT32_C'
   24 | #define SWAP_SLOT_VALID_MASK            UINT32_C(0x7fffffff)
      |                                         ^~~~~~~~
include/kern/swap.h:68:5: note: in expansion of macro 'SWAP_SLOT_VALID_MASK'
   68 |     SWAP_SLOT_VALID_MASK, "swap token fields must cover bits 0 through 30");
      |     ^~~~~~~~~~~~~~~~~~~~
In file included from src/kern/block-identity.c:21:
include/kern/swap.h:67:16: error: expression in static assertion is not an integer
   67 | _Static_assert((SWAP_SLOT_SOURCE_MASK | SWAP_SLOT_LOCAL_MASK) ==
      |                ^
include/kern/swap.h:23:50: error: invalid suffix "__UINT32_C_SUFFIX__" on integer constant
   23 | #define SWAP_SLOT_SOURCE_MASK           UINT32_C(0x60000000)
      |                                                  ^~~~~~~~~~
libc/include/stdint.h:104:42: note: in definition of macro '__ZED_INT_C_PASTE'
  104 | #define __ZED_INT_C_PASTE(value, suffix) value ## suffix
      |                                          ^~~~~
libc/include/stdint.h:112:25: note: in expansion of macro '__ZED_INT_C'
  112 | #define UINT32_C(value) __ZED_INT_C(value, __UINT32_C_SUFFIX__)
      |                         ^~~~~~~~~~~
include/kern/swap.h:23:41: note: in expansion of macro 'UINT32_C'
   23 | #define SWAP_SLOT_SOURCE_MASK           UINT32_C(0x60000000)
      |                                         ^~~~~~~~
include/kern/swap.h:69:17: note: in expansion of macro 'SWAP_SLOT_SOURCE_MASK'
   69 | _Static_assert((SWAP_SLOT_SOURCE_MASK & SWAP_SLOT_LOCAL_MASK) == 0,
      |                 ^~~~~~~~~~~~~~~~~~~~~
include/kern/swap.h:22:50: error: invalid suffix "__UINT32_C_SUFFIX__" on integer constant
   22 | #define SWAP_SLOT_LOCAL_MASK            UINT32_C(0x1fffffff)
      |                                                  ^~~~~~~~~~
libc/include/stdint.h:104:42: note: in definition of macro '__ZED_INT_C_PASTE'
  104 | #define __ZED_INT_C_PASTE(value, suffix) value ## suffix
      |                                          ^~~~~
libc/include/stdint.h:112:25: note: in expansion of macro '__ZED_INT_C'
  112 | #define UINT32_C(value) __ZED_INT_C(value, __UINT32_C_SUFFIX__)
      |                         ^~~~~~~~~~~
include/kern/swap.h:22:41: note: in expansion of macro 'UINT32_C'
   22 | #define SWAP_SLOT_LOCAL_MASK            UINT32_C(0x1fffffff)
      |                                         ^~~~~~~~
include/kern/swap.h:69:41: note: in expansion of macro 'SWAP_SLOT_LOCAL_MASK'
   69 | _Static_assert((SWAP_SLOT_SOURCE_MASK & SWAP_SLOT_LOCAL_MASK) == 0,
      |                                         ^~~~~~~~~~~~~~~~~~~~
include/kern/swap.h:69:16: error: expression in static assertion is not an integer
   69 | _Static_assert((SWAP_SLOT_SOURCE_MASK & SWAP_SLOT_LOCAL_MASK) == 0,
      |                ^
include/kern/swap.h:24:50: error: invalid suffix "__UINT32_C_SUFFIX__" on integer constant
   24 | #define SWAP_SLOT_VALID_MASK            UINT32_C(0x7fffffff)
      |                                                  ^~~~~~~~~~
libc/include/stdint.h:104:42: note: in definition of macro '__ZED_INT_C_PASTE'
  104 | #define __ZED_INT_C_PASTE(value, suffix) value ## suffix
      |                                          ^~~~~
libc/include/stdint.h:112:25: note: in expansion of macro '__ZED_INT_C'
  112 | #define UINT32_C(value) __ZED_INT_C(value, __UINT32_C_SUFFIX__)
      |                         ^~~~~~~~~~~
include/kern/swap.h:24:41: note: in expansion of macro 'UINT32_C'
   24 | #define SWAP_SLOT_VALID_MASK            UINT32_C(0x7fffffff)
      |                                         ^~~~~~~~
include/kern/swap.h:71:35: note: in expansion of macro 'SWAP_SLOT_VALID_MASK'
   71 | _Static_assert((SWAP_SLOT_NONE & ~SWAP_SLOT_VALID_MASK) != 0,
      |                                   ^~~~~~~~~~~~~~~~~~~~
include/kern/swap.h:71:16: error: expression in static assertion is not an integer
   71 | _Static_assert((SWAP_SLOT_NONE & ~SWAP_SLOT_VALID_MASK) != 0,
      |                ^
make: *** [platform/x68k/vmunix.mk:200: build/ws035-p001/x68k-k/kernel/src/kern/vm.o] Error 1
m68k-linux-gnu-gcc -nostdinc -Iinclude -Isrc -I. -Ilibc/include -Isrc/hal/m68k -DHAL_ARCH_M68K -DHAL_BOARD_X68K -DKERN_USER_ABI_M68K -DKERN_PAGE_SIZE=4096 -DKERN_USER_PAGE_SIZE=4096 -DKERN_NO_PRINTF_FLOAT -DKERN_INIT_PATH='"/x68k/bin/sh"' -DCONFIG_DRIVER_NE2000=0 -DCONFIG_DRIVER_LGY98=0 -DCONFIG_DRIVER_GRAPHICS=0 -DCONFIG_DRIVER_GRAPHICS_DEVICE=0 -DCONFIG_DRIVER_PCI_UHCI=0 -DCONFIG_DRIVER_PCI_EHCI=0 -DCONFIG_DRIVER_PCI_XHCI=0 -DCONFIG_DRIVER_PCI_NVME=0 -DCONFIG_DRIVER_PCI_VENUS=0 -DCONFIG_DRIVER_PCI_I915=0 -DCONFIG_DRIVER_PCI_INTEL_AX211=0 -DCONFIG_DRIVER_USB_STORAGE=0 -DCONFIG_DRIVER_USB_CDC_NCM=0 -DCONFIG_DRIVER_USB_CDC_ECM=0 -DCONFIG_DRIVER_USB_HID=0 -DCONFIG_DRIVER_USB_RTL8822BU=0 -DCONFIG_KERNEL_USB_HID_CHECKPOINT=0 -DCONFIG_BUF_CACHE_KIB=0 -DCONFIG_GPU_JOB_RESERVATION_MS=10000 -DCONFIG_GPU_JOB_EXECUTION_MS=60000 -DCONFIG_GPU_JOB_STOP_MS=10000 -DCONFIG_GPU_CONTROL_MS=10000 -m68030 -msoft-float -ffreestanding -fno-pic -fno-pie -fno-stack-protector -fno-asynchronous-unwind-tables -fno-unwind-tables -fno-common -ffunction-sections -fdata-sections -Os -Wall -Wextra -Werror -fno-builtin \
 -fno-strict-aliasing -MMD -MP -c src/drivers/fs/ufs.c -o build/ws035-p001/x68k-k/kernel/src/drivers/fs/ufs.o
make: *** [platform/x68k/vmunix.mk:200: build/ws035-p001/x68k-k/kernel/src/kern/block-identity.o] Error 1
m68k-linux-gnu-gcc -nostdinc -Iinclude -Isrc -I. -Ilibc/include -Isrc/hal/m68k -DHAL_ARCH_M68K -DHAL_BOARD_X68K -DKERN_USER_ABI_M68K -DKERN_PAGE_SIZE=4096 -DKERN_USER_PAGE_SIZE=4096 -DKERN_NO_PRINTF_FLOAT -DKERN_INIT_PATH='"/x68k/bin/sh"' -DCONFIG_DRIVER_NE2000=0 -DCONFIG_DRIVER_LGY98=0 -DCONFIG_DRIVER_GRAPHICS=0 -DCONFIG_DRIVER_GRAPHICS_DEVICE=0 -DCONFIG_DRIVER_PCI_UHCI=0 -DCONFIG_DRIVER_PCI_EHCI=0 -DCONFIG_DRIVER_PCI_XHCI=0 -DCONFIG_DRIVER_PCI_NVME=0 -DCONFIG_DRIVER_PCI_VENUS=0 -DCONFIG_DRIVER_PCI_I915=0 -DCONFIG_DRIVER_PCI_INTEL_AX211=0 -DCONFIG_DRIVER_USB_STORAGE=0 -DCONFIG_DRIVER_USB_CDC_NCM=0 -DCONFIG_DRIVER_USB_CDC_ECM=0 -DCONFIG_DRIVER_USB_HID=0 -DCONFIG_DRIVER_USB_RTL8822BU=0 -DCONFIG_KERNEL_USB_HID_CHECKPOINT=0 -DCONFIG_BUF_CACHE_KIB=0 -DCONFIG_GPU_JOB_RESERVATION_MS=10000 -DCONFIG_GPU_JOB_EXECUTION_MS=60000 -DCONFIG_GPU_JOB_STOP_MS=10000 -DCONFIG_GPU_CONTROL_MS=10000 -m68030 -msoft-float -ffreestanding -fno-pic -fno-pie -fno-stack-protector -fno-asynchronous-unwind-tables -fno-unwind-tables -fno-common -ffunction-sections -fdata-sections -Os -Wall -Wextra -Werror -fno-builtin \
 -fno-strict-aliasing -MMD -MP -c src/kern/boot.c -o build/ws035-p001/x68k-k/kernel/src/kern/boot.o
src/kern/devfs.c: In function 'block_pwrite_data':
src/kern/devfs.c:1333:25: error: 'first' may be used uninitialized [-Werror=maybe-uninitialized]
 1333 |                 error = buf_invalidate(disk, first, last - first + 1U, 0);
      |                         ^~~~~~~~~~~~~~~~~~~~~~~~~~~~~~~~~~~~~~~~~~~~~~~~~
src/kern/devfs.c:1289:18: note: 'first' was declared here
 1289 |         uint64_t first;
      |                  ^~~~~
src/kern/devfs.c:1333:58: error: 'last' may be used uninitialized [-Werror=maybe-uninitialized]
 1333 |                 error = buf_invalidate(disk, first, last - first + 1U, 0);
      |                                                     ~~~~~^~~~~~~
src/kern/devfs.c:1290:18: note: 'last' was declared here
 1290 |         uint64_t last;
      |                  ^~~~
m68k-linux-gnu-gcc -nostdinc -Iinclude -Isrc -I. -Ilibc/include -Isrc/hal/m68k -DHAL_ARCH_M68K -DHAL_BOARD_X68K -DKERN_USER_ABI_M68K -DKERN_PAGE_SIZE=4096 -DKERN_USER_PAGE_SIZE=4096 -DKERN_NO_PRINTF_FLOAT -DKERN_INIT_PATH='"/x68k/bin/sh"' -DCONFIG_DRIVER_NE2000=0 -DCONFIG_DRIVER_LGY98=0 -DCONFIG_DRIVER_GRAPHICS=0 -DCONFIG_DRIVER_GRAPHICS_DEVICE=0 -DCONFIG_DRIVER_PCI_UHCI=0 -DCONFIG_DRIVER_PCI_EHCI=0 -DCONFIG_DRIVER_PCI_XHCI=0 -DCONFIG_DRIVER_PCI_NVME=0 -DCONFIG_DRIVER_PCI_VENUS=0 -DCONFIG_DRIVER_PCI_I915=0 -DCONFIG_DRIVER_PCI_INTEL_AX211=0 -DCONFIG_DRIVER_USB_STORAGE=0 -DCONFIG_DRIVER_USB_CDC_NCM=0 -DCONFIG_DRIVER_USB_CDC_ECM=0 -DCONFIG_DRIVER_USB_HID=0 -DCONFIG_DRIVER_USB_RTL8822BU=0 -DCONFIG_KERNEL_USB_HID_CHECKPOINT=0 -DCONFIG_BUF_CACHE_KIB=0 -DCONFIG_GPU_JOB_RESERVATION_MS=10000 -DCONFIG_GPU_JOB_EXECUTION_MS=60000 -DCONFIG_GPU_JOB_STOP_MS=10000 -DCONFIG_GPU_CONTROL_MS=10000 -m68030 -msoft-float -ffreestanding -fno-pic -fno-pie -fno-stack-protector -fno-asynchronous-unwind-tables -fno-unwind-tables -fno-common -ffunction-sections -fdata-sections -Os -Wall -Wextra -Werror -fno-builtin \
 -fno-isolate-erroneous-paths-dereference -fno-strict-aliasing \
 -MMD -MP -c libc/heap.c -o build/ws035-p001/x68k-k/kernel/libc/heap.o
m68k-linux-gnu-gcc -nostdinc -Iinclude -Isrc -I. -Ilibc/include -Isrc/hal/m68k -DHAL_ARCH_M68K -DHAL_BOARD_X68K -DKERN_USER_ABI_M68K -DKERN_PAGE_SIZE=4096 -DKERN_USER_PAGE_SIZE=4096 -DKERN_NO_PRINTF_FLOAT -DKERN_INIT_PATH='"/x68k/bin/sh"' -DCONFIG_DRIVER_NE2000=0 -DCONFIG_DRIVER_LGY98=0 -DCONFIG_DRIVER_GRAPHICS=0 -DCONFIG_DRIVER_GRAPHICS_DEVICE=0 -DCONFIG_DRIVER_PCI_UHCI=0 -DCONFIG_DRIVER_PCI_EHCI=0 -DCONFIG_DRIVER_PCI_XHCI=0 -DCONFIG_DRIVER_PCI_NVME=0 -DCONFIG_DRIVER_PCI_VENUS=0 -DCONFIG_DRIVER_PCI_I915=0 -DCONFIG_DRIVER_PCI_INTEL_AX211=0 -DCONFIG_DRIVER_USB_STORAGE=0 -DCONFIG_DRIVER_USB_CDC_NCM=0 -DCONFIG_DRIVER_USB_CDC_ECM=0 -DCONFIG_DRIVER_USB_HID=0 -DCONFIG_DRIVER_USB_RTL8822BU=0 -DCONFIG_KERNEL_USB_HID_CHECKPOINT=0 -DCONFIG_BUF_CACHE_KIB=0 -DCONFIG_GPU_JOB_RESERVATION_MS=10000 -DCONFIG_GPU_JOB_EXECUTION_MS=60000 -DCONFIG_GPU_JOB_STOP_MS=10000 -DCONFIG_GPU_CONTROL_MS=10000 -m68030 -msoft-float -ffreestanding -fno-pic -fno-pie -fno-stack-protector -fno-asynchronous-unwind-tables -fno-unwind-tables -fno-common -ffunction-sections -fdata-sections -Os -Wall -Wextra -Werror -fno-builtin \
 -fno-isolate-erroneous-paths-dereference -fno-strict-aliasing \
 -MMD -MP -c libc/string.c -o build/ws035-p001/x68k-k/kernel/libc/string.o
m68k-linux-gnu-gcc -nostdinc -Iinclude -Isrc -I. -Ilibc/include -Isrc/hal/m68k -DHAL_ARCH_M68K -DHAL_BOARD_X68K -DKERN_USER_ABI_M68K -DKERN_PAGE_SIZE=4096 -DKERN_USER_PAGE_SIZE=4096 -DKERN_NO_PRINTF_FLOAT -DKERN_INIT_PATH='"/x68k/bin/sh"' -DCONFIG_DRIVER_NE2000=0 -DCONFIG_DRIVER_LGY98=0 -DCONFIG_DRIVER_GRAPHICS=0 -DCONFIG_DRIVER_GRAPHICS_DEVICE=0 -DCONFIG_DRIVER_PCI_UHCI=0 -DCONFIG_DRIVER_PCI_EHCI=0 -DCONFIG_DRIVER_PCI_XHCI=0 -DCONFIG_DRIVER_PCI_NVME=0 -DCONFIG_DRIVER_PCI_VENUS=0 -DCONFIG_DRIVER_PCI_I915=0 -DCONFIG_DRIVER_PCI_INTEL_AX211=0 -DCONFIG_DRIVER_USB_STORAGE=0 -DCONFIG_DRIVER_USB_CDC_NCM=0 -DCONFIG_DRIVER_USB_CDC_ECM=0 -DCONFIG_DRIVER_USB_HID=0 -DCONFIG_DRIVER_USB_RTL8822BU=0 -DCONFIG_KERNEL_USB_HID_CHECKPOINT=0 -DCONFIG_BUF_CACHE_KIB=0 -DCONFIG_GPU_JOB_RESERVATION_MS=10000 -DCONFIG_GPU_JOB_EXECUTION_MS=60000 -DCONFIG_GPU_JOB_STOP_MS=10000 -DCONFIG_GPU_CONTROL_MS=10000 -m68030 -msoft-float -ffreestanding -fno-pic -fno-pie -fno-stack-protector -fno-asynchronous-unwind-tables -fno-unwind-tables -fno-common -ffunction-sections -fdata-sections -Os -Wall -Wextra -Werror -fno-builtin \
 -fno-isolate-erroneous-paths-dereference -fno-strict-aliasing \
 -MMD -MP -c libc/string-extra.c -o build/ws035-p001/x68k-k/kernel/libc/string-extra.o
In file included from include/kern/clock.h:16,
                 from src/drivers/fs/ufs.c:23:
src/drivers/fs/ufs.c: In function 'drv_ufs_journal_init':
src/drivers/fs/ufs.c:174:51: error: invalid suffix "__UINT32_C_SUFFIX__" on integer constant
  174 | #define IMAGE_READERS_CLOSED            (UINT32_C(1) << 31)
      |                                                   ^
libc/include/stdint.h:104:42: note: in definition of macro '__ZED_INT_C_PASTE'
  104 | #define __ZED_INT_C_PASTE(value, suffix) value ## suffix
      |                                          ^~~~~
libc/include/stdint.h:112:25: note: in expansion of macro '__ZED_INT_C'
  112 | #define UINT32_C(value) __ZED_INT_C(value, __UINT32_C_SUFFIX__)
      |                         ^~~~~~~~~~~
src/drivers/fs/ufs.c:174:42: note: in expansion of macro 'UINT32_C'
  174 | #define IMAGE_READERS_CLOSED            (UINT32_C(1) << 31)
      |                                          ^~~~~~~~
src/drivers/fs/ufs.c:819:34: note: in expansion of macro 'IMAGE_READERS_CLOSED'
  819 |         journal->image_readers = IMAGE_READERS_CLOSED;
      |                                  ^~~~~~~~~~~~~~~~~~~~
m68k-linux-gnu-gcc -nostdinc -Iinclude -Isrc -I. -Ilibc/include -Isrc/hal/m68k -DHAL_ARCH_M68K -DHAL_BOARD_X68K -DKERN_USER_ABI_M68K -DKERN_PAGE_SIZE=4096 -DKERN_USER_PAGE_SIZE=4096 -DKERN_NO_PRINTF_FLOAT -DKERN_INIT_PATH='"/x68k/bin/sh"' -DCONFIG_DRIVER_NE2000=0 -DCONFIG_DRIVER_LGY98=0 -DCONFIG_DRIVER_GRAPHICS=0 -DCONFIG_DRIVER_GRAPHICS_DEVICE=0 -DCONFIG_DRIVER_PCI_UHCI=0 -DCONFIG_DRIVER_PCI_EHCI=0 -DCONFIG_DRIVER_PCI_XHCI=0 -DCONFIG_DRIVER_PCI_NVME=0 -DCONFIG_DRIVER_PCI_VENUS=0 -DCONFIG_DRIVER_PCI_I915=0 -DCONFIG_DRIVER_PCI_INTEL_AX211=0 -DCONFIG_DRIVER_USB_STORAGE=0 -DCONFIG_DRIVER_USB_CDC_NCM=0 -DCONFIG_DRIVER_USB_CDC_ECM=0 -DCONFIG_DRIVER_USB_HID=0 -DCONFIG_DRIVER_USB_RTL8822BU=0 -DCONFIG_KERNEL_USB_HID_CHECKPOINT=0 -DCONFIG_BUF_CACHE_KIB=0 -DCONFIG_GPU_JOB_RESERVATION_MS=10000 -DCONFIG_GPU_JOB_EXECUTION_MS=60000 -DCONFIG_GPU_JOB_STOP_MS=10000 -DCONFIG_GPU_CONTROL_MS=10000 -m68030 -msoft-float -ffreestanding -fno-pic -fno-pie -fno-stack-protector -fno-asynchronous-unwind-tables -fno-unwind-tables -fno-common -ffunction-sections -fdata-sections -Os -Wall -Wextra -Werror -fno-builtin \
 -fno-isolate-erroneous-paths-dereference -fno-strict-aliasing \
 -MMD -MP -c libc/ctype.c -o build/ws035-p001/x68k-k/kernel/libc/ctype.o
src/drivers/fs/ufs.c: In function 'drv_ufs_journal_views_busy':
src/drivers/fs/ufs.c:174:51: error: invalid suffix "__UINT32_C_SUFFIX__" on integer constant
  174 | #define IMAGE_READERS_CLOSED            (UINT32_C(1) << 31)
      |                                                   ^
libc/include/stdint.h:104:42: note: in definition of macro '__ZED_INT_C_PASTE'
  104 | #define __ZED_INT_C_PASTE(value, suffix) value ## suffix
      |                                          ^~~~~
libc/include/stdint.h:112:25: note: in expansion of macro '__ZED_INT_C'
  112 | #define UINT32_C(value) __ZED_INT_C(value, __UINT32_C_SUFFIX__)
      |                         ^~~~~~~~~~~
src/drivers/fs/ufs.c:174:42: note: in expansion of macro 'UINT32_C'
  174 | #define IMAGE_READERS_CLOSED            (UINT32_C(1) << 31)
      |                                          ^~~~~~~~
src/drivers/fs/ufs.c:1612:28: note: in expansion of macro 'IMAGE_READERS_CLOSED'
 1612 |         return (readers & ~IMAGE_READERS_CLOSED) != 0;
      |                            ^~~~~~~~~~~~~~~~~~~~
src/drivers/fs/ufs.c: In function 'drv_ufs_journal_view_acquire':
src/drivers/fs/ufs.c:174:51: error: invalid suffix "__UINT32_C_SUFFIX__" on integer constant
  174 | #define IMAGE_READERS_CLOSED            (UINT32_C(1) << 31)
      |                                                   ^
libc/include/stdint.h:104:42: note: in definition of macro '__ZED_INT_C_PASTE'
  104 | #define __ZED_INT_C_PASTE(value, suffix) value ## suffix
      |                                          ^~~~~
libc/include/stdint.h:112:25: note: in expansion of macro '__ZED_INT_C'
  112 | #define UINT32_C(value) __ZED_INT_C(value, __UINT32_C_SUFFIX__)
      |                         ^~~~~~~~~~~
src/drivers/fs/ufs.c:174:42: note: in expansion of macro 'UINT32_C'
  174 | #define IMAGE_READERS_CLOSED            (UINT32_C(1) << 31)
      |                                          ^~~~~~~~
src/drivers/fs/ufs.c:1640:32: note: in expansion of macro 'IMAGE_READERS_CLOSED'
 1640 |                 if ((readers & IMAGE_READERS_CLOSED) != 0)
      |                                ^~~~~~~~~~~~~~~~~~~~
src/drivers/fs/ufs.c:174:51: error: invalid suffix "__UINT32_C_SUFFIX__" on integer constant
  174 | #define IMAGE_READERS_CLOSED            (UINT32_C(1) << 31)
      |                                                   ^
libc/include/stdint.h:104:42: note: in definition of macro '__ZED_INT_C_PASTE'
  104 | #define __ZED_INT_C_PASTE(value, suffix) value ## suffix
      |                                          ^~~~~
libc/include/stdint.h:112:25: note: in expansion of macro '__ZED_INT_C'
  112 | #define UINT32_C(value) __ZED_INT_C(value, __UINT32_C_SUFFIX__)
      |                         ^~~~~~~~~~~
src/drivers/fs/ufs.c:174:42: note: in expansion of macro 'UINT32_C'
  174 | #define IMAGE_READERS_CLOSED            (UINT32_C(1) << 31)
      |                                          ^~~~~~~~
src/drivers/fs/ufs.c:1644:32: note: in expansion of macro 'IMAGE_READERS_CLOSED'
 1644 |                 if (readers == IMAGE_READERS_CLOSED - 1U)
      |                                ^~~~~~~~~~~~~~~~~~~~
m68k-linux-gnu-gcc -nostdinc -Iinclude -Isrc -I. -Ilibc/include -Isrc/hal/m68k -DHAL_ARCH_M68K -DHAL_BOARD_X68K -DKERN_USER_ABI_M68K -DKERN_PAGE_SIZE=4096 -DKERN_USER_PAGE_SIZE=4096 -DKERN_NO_PRINTF_FLOAT -DKERN_INIT_PATH='"/x68k/bin/sh"' -DCONFIG_DRIVER_NE2000=0 -DCONFIG_DRIVER_LGY98=0 -DCONFIG_DRIVER_GRAPHICS=0 -DCONFIG_DRIVER_GRAPHICS_DEVICE=0 -DCONFIG_DRIVER_PCI_UHCI=0 -DCONFIG_DRIVER_PCI_EHCI=0 -DCONFIG_DRIVER_PCI_XHCI=0 -DCONFIG_DRIVER_PCI_NVME=0 -DCONFIG_DRIVER_PCI_VENUS=0 -DCONFIG_DRIVER_PCI_I915=0 -DCONFIG_DRIVER_PCI_INTEL_AX211=0 -DCONFIG_DRIVER_USB_STORAGE=0 -DCONFIG_DRIVER_USB_CDC_NCM=0 -DCONFIG_DRIVER_USB_CDC_ECM=0 -DCONFIG_DRIVER_USB_HID=0 -DCONFIG_DRIVER_USB_RTL8822BU=0 -DCONFIG_KERNEL_USB_HID_CHECKPOINT=0 -DCONFIG_BUF_CACHE_KIB=0 -DCONFIG_GPU_JOB_RESERVATION_MS=10000 -DCONFIG_GPU_JOB_EXECUTION_MS=60000 -DCONFIG_GPU_JOB_STOP_MS=10000 -DCONFIG_GPU_CONTROL_MS=10000 -m68030 -msoft-float -ffreestanding -fno-pic -fno-pie -fno-stack-protector -fno-asynchronous-unwind-tables -fno-unwind-tables -fno-common -ffunction-sections -fdata-sections -Os -Wall -Wextra -Werror -fno-builtin \
 -fno-isolate-erroneous-paths-dereference -fno-strict-aliasing \
 -MMD -MP -c libc/fenv.c -o build/ws035-p001/x68k-k/kernel/libc/fenv.o
m68k-linux-gnu-gcc -nostdinc -Iinclude -Isrc -I. -Ilibc/include -Isrc/hal/m68k -DHAL_ARCH_M68K -DHAL_BOARD_X68K -DKERN_USER_ABI_M68K -DKERN_PAGE_SIZE=4096 -DKERN_USER_PAGE_SIZE=4096 -DKERN_NO_PRINTF_FLOAT -DKERN_INIT_PATH='"/x68k/bin/sh"' -DCONFIG_DRIVER_NE2000=0 -DCONFIG_DRIVER_LGY98=0 -DCONFIG_DRIVER_GRAPHICS=0 -DCONFIG_DRIVER_GRAPHICS_DEVICE=0 -DCONFIG_DRIVER_PCI_UHCI=0 -DCONFIG_DRIVER_PCI_EHCI=0 -DCONFIG_DRIVER_PCI_XHCI=0 -DCONFIG_DRIVER_PCI_NVME=0 -DCONFIG_DRIVER_PCI_VENUS=0 -DCONFIG_DRIVER_PCI_I915=0 -DCONFIG_DRIVER_PCI_INTEL_AX211=0 -DCONFIG_DRIVER_USB_STORAGE=0 -DCONFIG_DRIVER_USB_CDC_NCM=0 -DCONFIG_DRIVER_USB_CDC_ECM=0 -DCONFIG_DRIVER_USB_HID=0 -DCONFIG_DRIVER_USB_RTL8822BU=0 -DCONFIG_KERNEL_USB_HID_CHECKPOINT=0 -DCONFIG_BUF_CACHE_KIB=0 -DCONFIG_GPU_JOB_RESERVATION_MS=10000 -DCONFIG_GPU_JOB_EXECUTION_MS=60000 -DCONFIG_GPU_JOB_STOP_MS=10000 -DCONFIG_GPU_CONTROL_MS=10000 -m68030 -msoft-float -ffreestanding -fno-pic -fno-pie -fno-stack-protector -fno-asynchronous-unwind-tables -fno-unwind-tables -fno-common -ffunction-sections -fdata-sections -Os -Wall -Wextra -Werror -fno-builtin \
 -fno-isolate-erroneous-paths-dereference -fno-strict-aliasing \
 -MMD -MP -c libc/locale.c -o build/ws035-p001/x68k-k/kernel/libc/locale.o
m68k-linux-gnu-gcc -nostdinc -Iinclude -Isrc -I. -Ilibc/include -Isrc/hal/m68k -DHAL_ARCH_M68K -DHAL_BOARD_X68K -DKERN_USER_ABI_M68K -DKERN_PAGE_SIZE=4096 -DKERN_USER_PAGE_SIZE=4096 -DKERN_NO_PRINTF_FLOAT -DKERN_INIT_PATH='"/x68k/bin/sh"' -DCONFIG_DRIVER_NE2000=0 -DCONFIG_DRIVER_LGY98=0 -DCONFIG_DRIVER_GRAPHICS=0 -DCONFIG_DRIVER_GRAPHICS_DEVICE=0 -DCONFIG_DRIVER_PCI_UHCI=0 -DCONFIG_DRIVER_PCI_EHCI=0 -DCONFIG_DRIVER_PCI_XHCI=0 -DCONFIG_DRIVER_PCI_NVME=0 -DCONFIG_DRIVER_PCI_VENUS=0 -DCONFIG_DRIVER_PCI_I915=0 -DCONFIG_DRIVER_PCI_INTEL_AX211=0 -DCONFIG_DRIVER_USB_STORAGE=0 -DCONFIG_DRIVER_USB_CDC_NCM=0 -DCONFIG_DRIVER_USB_CDC_ECM=0 -DCONFIG_DRIVER_USB_HID=0 -DCONFIG_DRIVER_USB_RTL8822BU=0 -DCONFIG_KERNEL_USB_HID_CHECKPOINT=0 -DCONFIG_BUF_CACHE_KIB=0 -DCONFIG_GPU_JOB_RESERVATION_MS=10000 -DCONFIG_GPU_JOB_EXECUTION_MS=60000 -DCONFIG_GPU_JOB_STOP_MS=10000 -DCONFIG_GPU_CONTROL_MS=10000 -m68030 -msoft-float -ffreestanding -fno-pic -fno-pie -fno-stack-protector -fno-asynchronous-unwind-tables -fno-unwind-tables -fno-common -ffunction-sections -fdata-sections -Os -Wall -Wextra -Werror -fno-builtin \
 -fno-isolate-erroneous-paths-dereference -fno-strict-aliasing \
 -MMD -MP -c libc/wide.c -o build/ws035-p001/x68k-k/kernel/libc/wide.o
m68k-linux-gnu-gcc -nostdinc -Iinclude -Isrc -I. -Ilibc/include -Isrc/hal/m68k -DHAL_ARCH_M68K -DHAL_BOARD_X68K -DKERN_USER_ABI_M68K -DKERN_PAGE_SIZE=4096 -DKERN_USER_PAGE_SIZE=4096 -DKERN_NO_PRINTF_FLOAT -DKERN_INIT_PATH='"/x68k/bin/sh"' -DCONFIG_DRIVER_NE2000=0 -DCONFIG_DRIVER_LGY98=0 -DCONFIG_DRIVER_GRAPHICS=0 -DCONFIG_DRIVER_GRAPHICS_DEVICE=0 -DCONFIG_DRIVER_PCI_UHCI=0 -DCONFIG_DRIVER_PCI_EHCI=0 -DCONFIG_DRIVER_PCI_XHCI=0 -DCONFIG_DRIVER_PCI_NVME=0 -DCONFIG_DRIVER_PCI_VENUS=0 -DCONFIG_DRIVER_PCI_I915=0 -DCONFIG_DRIVER_PCI_INTEL_AX211=0 -DCONFIG_DRIVER_USB_STORAGE=0 -DCONFIG_DRIVER_USB_CDC_NCM=0 -DCONFIG_DRIVER_USB_CDC_ECM=0 -DCONFIG_DRIVER_USB_HID=0 -DCONFIG_DRIVER_USB_RTL8822BU=0 -DCONFIG_KERNEL_USB_HID_CHECKPOINT=0 -DCONFIG_BUF_CACHE_KIB=0 -DCONFIG_GPU_JOB_RESERVATION_MS=10000 -DCONFIG_GPU_JOB_EXECUTION_MS=60000 -DCONFIG_GPU_JOB_STOP_MS=10000 -DCONFIG_GPU_CONTROL_MS=10000 -m68030 -msoft-float -ffreestanding -fno-pic -fno-pie -fno-stack-protector -fno-asynchronous-unwind-tables -fno-unwind-tables -fno-common -ffunction-sections -fdata-sections -Os -Wall -Wextra -Werror -fno-builtin \
 -fno-isolate-erroneous-paths-dereference -fno-strict-aliasing \
 -MMD -MP -c libc/wide-extra.c -o build/ws035-p001/x68k-k/kernel/libc/wide-extra.o
src/drivers/fs/ufs.c: In function 'drv_ufs_super_decode':
src/drivers/fs/ufs.c:2384:23: error: invalid suffix "__UINT64_C_SUFFIX__" on integer constant
 2384 |         if ((UINT64_C(1) << super->bshift) != super->bsize)
      |                       ^
libc/include/stdint.h:104:42: note: in definition of macro '__ZED_INT_C_PASTE'
  104 | #define __ZED_INT_C_PASTE(value, suffix) value ## suffix
      |                                          ^~~~~
libc/include/stdint.h:114:25: note: in expansion of macro '__ZED_INT_C'
  114 | #define UINT64_C(value) __ZED_INT_C(value, __UINT64_C_SUFFIX__)
      |                         ^~~~~~~~~~~
src/drivers/fs/ufs.c:2384:14: note: in expansion of macro 'UINT64_C'
 2384 |         if ((UINT64_C(1) << super->bshift) != super->bsize)
      |              ^~~~~~~~
src/drivers/fs/ufs.c:2388:23: error: invalid suffix "__UINT64_C_SUFFIX__" on integer constant
 2388 |         if ((UINT64_C(1) << super->fshift) != super->fsize)
      |                       ^
libc/include/stdint.h:104:42: note: in definition of macro '__ZED_INT_C_PASTE'
  104 | #define __ZED_INT_C_PASTE(value, suffix) value ## suffix
      |                                          ^~~~~
libc/include/stdint.h:114:25: note: in expansion of macro '__ZED_INT_C'
  114 | #define UINT64_C(value) __ZED_INT_C(value, __UINT64_C_SUFFIX__)
      |                         ^~~~~~~~~~~
src/drivers/fs/ufs.c:2388:14: note: in expansion of macro 'UINT64_C'
 2388 |         if ((UINT64_C(1) << super->fshift) != super->fsize)
      |              ^~~~~~~~
src/drivers/fs/ufs.c:2392:23: error: invalid suffix "__UINT64_C_SUFFIX__" on integer constant
 2392 |         if ((UINT64_C(1) << super->fragshift) != super->frag)
      |                       ^
libc/include/stdint.h:104:42: note: in definition of macro '__ZED_INT_C_PASTE'
  104 | #define __ZED_INT_C_PASTE(value, suffix) value ## suffix
      |                                          ^~~~~
libc/include/stdint.h:114:25: note: in expansion of macro '__ZED_INT_C'
  114 | #define UINT64_C(value) __ZED_INT_C(value, __UINT64_C_SUFFIX__)
      |                         ^~~~~~~~~~~
src/drivers/fs/ufs.c:2392:14: note: in expansion of macro 'UINT64_C'
 2392 |         if ((UINT64_C(1) << super->fragshift) != super->frag)
      |              ^~~~~~~~
src/drivers/fs/ufs.c:2396:23: error: invalid suffix "__UINT64_C_SUFFIX__" on integer constant
 2396 |         if ((UINT64_C(512) << super->fsbtodb) != super->fsize)
      |                       ^~~
libc/include/stdint.h:104:42: note: in definition of macro '__ZED_INT_C_PASTE'
  104 | #define __ZED_INT_C_PASTE(value, suffix) value ## suffix
      |                                          ^~~~~
libc/include/stdint.h:114:25: note: in expansion of macro '__ZED_INT_C'
  114 | #define UINT64_C(value) __ZED_INT_C(value, __UINT64_C_SUFFIX__)
      |                         ^~~~~~~~~~~
src/drivers/fs/ufs.c:2396:14: note: in expansion of macro 'UINT64_C'
 2396 |         if ((UINT64_C(512) << super->fsbtodb) != super->fsize)
      |              ^~~~~~~~
m68k-linux-gnu-gcc -nostdinc -Iinclude -Isrc -I. -Ilibc/include -Isrc/hal/m68k -DHAL_ARCH_M68K -DHAL_BOARD_X68K -DKERN_USER_ABI_M68K -DKERN_PAGE_SIZE=4096 -DKERN_USER_PAGE_SIZE=4096 -DKERN_NO_PRINTF_FLOAT -DKERN_INIT_PATH='"/x68k/bin/sh"' -DCONFIG_DRIVER_NE2000=0 -DCONFIG_DRIVER_LGY98=0 -DCONFIG_DRIVER_GRAPHICS=0 -DCONFIG_DRIVER_GRAPHICS_DEVICE=0 -DCONFIG_DRIVER_PCI_UHCI=0 -DCONFIG_DRIVER_PCI_EHCI=0 -DCONFIG_DRIVER_PCI_XHCI=0 -DCONFIG_DRIVER_PCI_NVME=0 -DCONFIG_DRIVER_PCI_VENUS=0 -DCONFIG_DRIVER_PCI_I915=0 -DCONFIG_DRIVER_PCI_INTEL_AX211=0 -DCONFIG_DRIVER_USB_STORAGE=0 -DCONFIG_DRIVER_USB_CDC_NCM=0 -DCONFIG_DRIVER_USB_CDC_ECM=0 -DCONFIG_DRIVER_USB_HID=0 -DCONFIG_DRIVER_USB_RTL8822BU=0 -DCONFIG_KERNEL_USB_HID_CHECKPOINT=0 -DCONFIG_BUF_CACHE_KIB=0 -DCONFIG_GPU_JOB_RESERVATION_MS=10000 -DCONFIG_GPU_JOB_EXECUTION_MS=60000 -DCONFIG_GPU_JOB_STOP_MS=10000 -DCONFIG_GPU_CONTROL_MS=10000 -m68030 -msoft-float -ffreestanding -fno-pic -fno-pie -fno-stack-protector -fno-asynchronous-unwind-tables -fno-unwind-tables -fno-common -ffunction-sections -fdata-sections -Os -Wall -Wextra -Werror -fno-builtin \
 -fno-isolate-erroneous-paths-dereference -fno-strict-aliasing \
 -MMD -MP -c libc/int64.c -o build/ws035-p001/x68k-k/kernel/libc/int64.o
m68k-linux-gnu-gcc -nostdinc -Iinclude -Isrc -I. -Ilibc/include -Isrc/hal/m68k -DHAL_ARCH_M68K -DHAL_BOARD_X68K -DKERN_USER_ABI_M68K -DKERN_PAGE_SIZE=4096 -DKERN_USER_PAGE_SIZE=4096 -DKERN_NO_PRINTF_FLOAT -DKERN_INIT_PATH='"/x68k/bin/sh"' -DCONFIG_DRIVER_NE2000=0 -DCONFIG_DRIVER_LGY98=0 -DCONFIG_DRIVER_GRAPHICS=0 -DCONFIG_DRIVER_GRAPHICS_DEVICE=0 -DCONFIG_DRIVER_PCI_UHCI=0 -DCONFIG_DRIVER_PCI_EHCI=0 -DCONFIG_DRIVER_PCI_XHCI=0 -DCONFIG_DRIVER_PCI_NVME=0 -DCONFIG_DRIVER_PCI_VENUS=0 -DCONFIG_DRIVER_PCI_I915=0 -DCONFIG_DRIVER_PCI_INTEL_AX211=0 -DCONFIG_DRIVER_USB_STORAGE=0 -DCONFIG_DRIVER_USB_CDC_NCM=0 -DCONFIG_DRIVER_USB_CDC_ECM=0 -DCONFIG_DRIVER_USB_HID=0 -DCONFIG_DRIVER_USB_RTL8822BU=0 -DCONFIG_KERNEL_USB_HID_CHECKPOINT=0 -DCONFIG_BUF_CACHE_KIB=0 -DCONFIG_GPU_JOB_RESERVATION_MS=10000 -DCONFIG_GPU_JOB_EXECUTION_MS=60000 -DCONFIG_GPU_JOB_STOP_MS=10000 -DCONFIG_GPU_CONTROL_MS=10000 -m68030 -msoft-float -ffreestanding -fno-pic -fno-pie -fno-stack-protector -fno-asynchronous-unwind-tables -fno-unwind-tables -fno-common -ffunction-sections -fdata-sections -Os -Wall -Wextra -Werror -fno-builtin \
 -fno-isolate-erroneous-paths-dereference -fno-strict-aliasing \
 -MMD -MP -c libc/inttypes.c -o build/ws035-p001/x68k-k/kernel/libc/inttypes.o
m68k-linux-gnu-gcc -nostdinc -Iinclude -Isrc -I. -Ilibc/include -Isrc/hal/m68k -DHAL_ARCH_M68K -DHAL_BOARD_X68K -DKERN_USER_ABI_M68K -DKERN_PAGE_SIZE=4096 -DKERN_USER_PAGE_SIZE=4096 -DKERN_NO_PRINTF_FLOAT -DKERN_INIT_PATH='"/x68k/bin/sh"' -DCONFIG_DRIVER_NE2000=0 -DCONFIG_DRIVER_LGY98=0 -DCONFIG_DRIVER_GRAPHICS=0 -DCONFIG_DRIVER_GRAPHICS_DEVICE=0 -DCONFIG_DRIVER_PCI_UHCI=0 -DCONFIG_DRIVER_PCI_EHCI=0 -DCONFIG_DRIVER_PCI_XHCI=0 -DCONFIG_DRIVER_PCI_NVME=0 -DCONFIG_DRIVER_PCI_VENUS=0 -DCONFIG_DRIVER_PCI_I915=0 -DCONFIG_DRIVER_PCI_INTEL_AX211=0 -DCONFIG_DRIVER_USB_STORAGE=0 -DCONFIG_DRIVER_USB_CDC_NCM=0 -DCONFIG_DRIVER_USB_CDC_ECM=0 -DCONFIG_DRIVER_USB_HID=0 -DCONFIG_DRIVER_USB_RTL8822BU=0 -DCONFIG_KERNEL_USB_HID_CHECKPOINT=0 -DCONFIG_BUF_CACHE_KIB=0 -DCONFIG_GPU_JOB_RESERVATION_MS=10000 -DCONFIG_GPU_JOB_EXECUTION_MS=60000 -DCONFIG_GPU_JOB_STOP_MS=10000 -DCONFIG_GPU_CONTROL_MS=10000 -m68030 -msoft-float -ffreestanding -fno-pic -fno-pie -fno-stack-protector -fno-asynchronous-unwind-tables -fno-unwind-tables -fno-common -ffunction-sections -fdata-sections -Os -Wall -Wextra -Werror -fno-builtin \
 -fno-isolate-erroneous-paths-dereference -fno-strict-aliasing \
 -MMD -MP -c libc/strto.c -o build/ws035-p001/x68k-k/kernel/libc/strto.o
m68k-linux-gnu-gcc -nostdinc -Iinclude -Isrc -I. -Ilibc/include -Isrc/hal/m68k -DHAL_ARCH_M68K -DHAL_BOARD_X68K -DKERN_USER_ABI_M68K -DKERN_PAGE_SIZE=4096 -DKERN_USER_PAGE_SIZE=4096 -DKERN_NO_PRINTF_FLOAT -DKERN_INIT_PATH='"/x68k/bin/sh"' -DCONFIG_DRIVER_NE2000=0 -DCONFIG_DRIVER_LGY98=0 -DCONFIG_DRIVER_GRAPHICS=0 -DCONFIG_DRIVER_GRAPHICS_DEVICE=0 -DCONFIG_DRIVER_PCI_UHCI=0 -DCONFIG_DRIVER_PCI_EHCI=0 -DCONFIG_DRIVER_PCI_XHCI=0 -DCONFIG_DRIVER_PCI_NVME=0 -DCONFIG_DRIVER_PCI_VENUS=0 -DCONFIG_DRIVER_PCI_I915=0 -DCONFIG_DRIVER_PCI_INTEL_AX211=0 -DCONFIG_DRIVER_USB_STORAGE=0 -DCONFIG_DRIVER_USB_CDC_NCM=0 -DCONFIG_DRIVER_USB_CDC_ECM=0 -DCONFIG_DRIVER_USB_HID=0 -DCONFIG_DRIVER_USB_RTL8822BU=0 -DCONFIG_KERNEL_USB_HID_CHECKPOINT=0 -DCONFIG_BUF_CACHE_KIB=0 -DCONFIG_GPU_JOB_RESERVATION_MS=10000 -DCONFIG_GPU_JOB_EXECUTION_MS=60000 -DCONFIG_GPU_JOB_STOP_MS=10000 -DCONFIG_GPU_CONTROL_MS=10000 -m68030 -msoft-float -ffreestanding -fno-pic -fno-pie -fno-stack-protector -fno-asynchronous-unwind-tables -fno-unwind-tables -fno-common -ffunction-sections -fdata-sections -Os -Wall -Wextra -Werror -fno-builtin \
 -fno-isolate-erroneous-paths-dereference -fno-strict-aliasing \
 -MMD -MP -c libc/stdlib-extra.c -o build/ws035-p001/x68k-k/kernel/libc/stdlib-extra.o
m68k-linux-gnu-gcc -nostdinc -Iinclude -Isrc -I. -Ilibc/include -Isrc/hal/m68k -DHAL_ARCH_M68K -DHAL_BOARD_X68K -DKERN_USER_ABI_M68K -DKERN_PAGE_SIZE=4096 -DKERN_USER_PAGE_SIZE=4096 -DKERN_NO_PRINTF_FLOAT -DKERN_INIT_PATH='"/x68k/bin/sh"' -DCONFIG_DRIVER_NE2000=0 -DCONFIG_DRIVER_LGY98=0 -DCONFIG_DRIVER_GRAPHICS=0 -DCONFIG_DRIVER_GRAPHICS_DEVICE=0 -DCONFIG_DRIVER_PCI_UHCI=0 -DCONFIG_DRIVER_PCI_EHCI=0 -DCONFIG_DRIVER_PCI_XHCI=0 -DCONFIG_DRIVER_PCI_NVME=0 -DCONFIG_DRIVER_PCI_VENUS=0 -DCONFIG_DRIVER_PCI_I915=0 -DCONFIG_DRIVER_PCI_INTEL_AX211=0 -DCONFIG_DRIVER_USB_STORAGE=0 -DCONFIG_DRIVER_USB_CDC_NCM=0 -DCONFIG_DRIVER_USB_CDC_ECM=0 -DCONFIG_DRIVER_USB_HID=0 -DCONFIG_DRIVER_USB_RTL8822BU=0 -DCONFIG_KERNEL_USB_HID_CHECKPOINT=0 -DCONFIG_BUF_CACHE_KIB=0 -DCONFIG_GPU_JOB_RESERVATION_MS=10000 -DCONFIG_GPU_JOB_EXECUTION_MS=60000 -DCONFIG_GPU_JOB_STOP_MS=10000 -DCONFIG_GPU_CONTROL_MS=10000 -m68030 -msoft-float -ffreestanding -fno-pic -fno-pie -fno-stack-protector -fno-asynchronous-unwind-tables -fno-unwind-tables -fno-common -ffunction-sections -fdata-sections -Os -Wall -Wextra -Werror -fno-builtin \
 -fno-isolate-erroneous-paths-dereference -fno-strict-aliasing \
 -MMD -MP -c libc/time-extra.c -o build/ws035-p001/x68k-k/kernel/libc/time-extra.o
m68k-linux-gnu-gcc -nostdinc -Iinclude -Isrc -I. -Ilibc/include -Isrc/hal/m68k -DHAL_ARCH_M68K -DHAL_BOARD_X68K -DKERN_USER_ABI_M68K -DKERN_PAGE_SIZE=4096 -DKERN_USER_PAGE_SIZE=4096 -DKERN_NO_PRINTF_FLOAT -DKERN_INIT_PATH='"/x68k/bin/sh"' -DCONFIG_DRIVER_NE2000=0 -DCONFIG_DRIVER_LGY98=0 -DCONFIG_DRIVER_GRAPHICS=0 -DCONFIG_DRIVER_GRAPHICS_DEVICE=0 -DCONFIG_DRIVER_PCI_UHCI=0 -DCONFIG_DRIVER_PCI_EHCI=0 -DCONFIG_DRIVER_PCI_XHCI=0 -DCONFIG_DRIVER_PCI_NVME=0 -DCONFIG_DRIVER_PCI_VENUS=0 -DCONFIG_DRIVER_PCI_I915=0 -DCONFIG_DRIVER_PCI_INTEL_AX211=0 -DCONFIG_DRIVER_USB_STORAGE=0 -DCONFIG_DRIVER_USB_CDC_NCM=0 -DCONFIG_DRIVER_USB_CDC_ECM=0 -DCONFIG_DRIVER_USB_HID=0 -DCONFIG_DRIVER_USB_RTL8822BU=0 -DCONFIG_KERNEL_USB_HID_CHECKPOINT=0 -DCONFIG_BUF_CACHE_KIB=0 -DCONFIG_GPU_JOB_RESERVATION_MS=10000 -DCONFIG_GPU_JOB_EXECUTION_MS=60000 -DCONFIG_GPU_JOB_STOP_MS=10000 -DCONFIG_GPU_CONTROL_MS=10000 -m68030 -msoft-float -ffreestanding -fno-pic -fno-pie -fno-stack-protector -fno-asynchronous-unwind-tables -fno-unwind-tables -fno-common -ffunction-sections -fdata-sections -Os -Wall -Wextra -Werror -fno-builtin \
 -fno-isolate-erroneous-paths-dereference -fno-strict-aliasing \
 -MMD -MP -c libc/format.c -o build/ws035-p001/x68k-k/kernel/libc/format.o
m68k-linux-gnu-gcc -nostdinc -Iinclude -Isrc -I. -Ilibc/include -Isrc/hal/m68k -DHAL_ARCH_M68K -DHAL_BOARD_X68K -DKERN_USER_ABI_M68K -DKERN_PAGE_SIZE=4096 -DKERN_USER_PAGE_SIZE=4096 -DKERN_NO_PRINTF_FLOAT -DKERN_INIT_PATH='"/x68k/bin/sh"' -DCONFIG_DRIVER_NE2000=0 -DCONFIG_DRIVER_LGY98=0 -DCONFIG_DRIVER_GRAPHICS=0 -DCONFIG_DRIVER_GRAPHICS_DEVICE=0 -DCONFIG_DRIVER_PCI_UHCI=0 -DCONFIG_DRIVER_PCI_EHCI=0 -DCONFIG_DRIVER_PCI_XHCI=0 -DCONFIG_DRIVER_PCI_NVME=0 -DCONFIG_DRIVER_PCI_VENUS=0 -DCONFIG_DRIVER_PCI_I915=0 -DCONFIG_DRIVER_PCI_INTEL_AX211=0 -DCONFIG_DRIVER_USB_STORAGE=0 -DCONFIG_DRIVER_USB_CDC_NCM=0 -DCONFIG_DRIVER_USB_CDC_ECM=0 -DCONFIG_DRIVER_USB_HID=0 -DCONFIG_DRIVER_USB_RTL8822BU=0 -DCONFIG_KERNEL_USB_HID_CHECKPOINT=0 -DCONFIG_BUF_CACHE_KIB=0 -DCONFIG_GPU_JOB_RESERVATION_MS=10000 -DCONFIG_GPU_JOB_EXECUTION_MS=60000 -DCONFIG_GPU_JOB_STOP_MS=10000 -DCONFIG_GPU_CONTROL_MS=10000 -m68030 -msoft-float -ffreestanding -fno-pic -fno-pie -fno-stack-protector -fno-asynchronous-unwind-tables -fno-unwind-tables -fno-common -ffunction-sections -fdata-sections -Os -Wall -Wextra -Werror -fno-builtin \
 -fno-isolate-erroneous-paths-dereference -fno-strict-aliasing \
 -MMD -MP -c libc/stdio.c -o build/ws035-p001/x68k-k/kernel/libc/stdio.o
m68k-linux-gnu-gcc -nostdinc -Iinclude -Isrc -I. -Ilibc/include -Isrc/hal/m68k -DHAL_ARCH_M68K -DHAL_BOARD_X68K -DKERN_USER_ABI_M68K -DKERN_PAGE_SIZE=4096 -DKERN_USER_PAGE_SIZE=4096 -DKERN_NO_PRINTF_FLOAT -DKERN_INIT_PATH='"/x68k/bin/sh"' -DCONFIG_DRIVER_NE2000=0 -DCONFIG_DRIVER_LGY98=0 -DCONFIG_DRIVER_GRAPHICS=0 -DCONFIG_DRIVER_GRAPHICS_DEVICE=0 -DCONFIG_DRIVER_PCI_UHCI=0 -DCONFIG_DRIVER_PCI_EHCI=0 -DCONFIG_DRIVER_PCI_XHCI=0 -DCONFIG_DRIVER_PCI_NVME=0 -DCONFIG_DRIVER_PCI_VENUS=0 -DCONFIG_DRIVER_PCI_I915=0 -DCONFIG_DRIVER_PCI_INTEL_AX211=0 -DCONFIG_DRIVER_USB_STORAGE=0 -DCONFIG_DRIVER_USB_CDC_NCM=0 -DCONFIG_DRIVER_USB_CDC_ECM=0 -DCONFIG_DRIVER_USB_HID=0 -DCONFIG_DRIVER_USB_RTL8822BU=0 -DCONFIG_KERNEL_USB_HID_CHECKPOINT=0 -DCONFIG_BUF_CACHE_KIB=0 -DCONFIG_GPU_JOB_RESERVATION_MS=10000 -DCONFIG_GPU_JOB_EXECUTION_MS=60000 -DCONFIG_GPU_JOB_STOP_MS=10000 -DCONFIG_GPU_CONTROL_MS=10000 -m68030 -msoft-float -ffreestanding -fno-pic -fno-pie -fno-stack-protector -fno-asynchronous-unwind-tables -fno-unwind-tables -fno-common -ffunction-sections -fdata-sections -Os -Wall -Wextra -Werror -fno-builtin \
 -fno-isolate-erroneous-paths-dereference -fno-strict-aliasing \
 -MMD -MP -c libc/stdio-extra.c -o build/ws035-p001/x68k-k/kernel/libc/stdio-extra.o
m68k-linux-gnu-gcc -nostdinc -Iinclude -Isrc -I. -Ilibc/include -Isrc/hal/m68k -DHAL_ARCH_M68K -DHAL_BOARD_X68K -DKERN_USER_ABI_M68K -DKERN_PAGE_SIZE=4096 -DKERN_USER_PAGE_SIZE=4096 -DKERN_NO_PRINTF_FLOAT -DKERN_INIT_PATH='"/x68k/bin/sh"' -DCONFIG_DRIVER_NE2000=0 -DCONFIG_DRIVER_LGY98=0 -DCONFIG_DRIVER_GRAPHICS=0 -DCONFIG_DRIVER_GRAPHICS_DEVICE=0 -DCONFIG_DRIVER_PCI_UHCI=0 -DCONFIG_DRIVER_PCI_EHCI=0 -DCONFIG_DRIVER_PCI_XHCI=0 -DCONFIG_DRIVER_PCI_NVME=0 -DCONFIG_DRIVER_PCI_VENUS=0 -DCONFIG_DRIVER_PCI_I915=0 -DCONFIG_DRIVER_PCI_INTEL_AX211=0 -DCONFIG_DRIVER_USB_STORAGE=0 -DCONFIG_DRIVER_USB_CDC_NCM=0 -DCONFIG_DRIVER_USB_CDC_ECM=0 -DCONFIG_DRIVER_USB_HID=0 -DCONFIG_DRIVER_USB_RTL8822BU=0 -DCONFIG_KERNEL_USB_HID_CHECKPOINT=0 -DCONFIG_BUF_CACHE_KIB=0 -DCONFIG_GPU_JOB_RESERVATION_MS=10000 -DCONFIG_GPU_JOB_EXECUTION_MS=60000 -DCONFIG_GPU_JOB_STOP_MS=10000 -DCONFIG_GPU_CONTROL_MS=10000 -m68030 -msoft-float -ffreestanding -fno-pic -fno-pie -fno-stack-protector -fno-asynchronous-unwind-tables -fno-unwind-tables -fno-common -ffunction-sections -fdata-sections -Os -Wall -Wextra -Werror -fno-builtin \
 -fno-isolate-erroneous-paths-dereference -fno-strict-aliasing \
 -MMD -MP -c libc/setjmp.c -o build/ws035-p001/x68k-k/kernel/libc/setjmp.o
cc1: all warnings being treated as errors
m68k-linux-gnu-gcc -nostdinc -Iinclude -Isrc -I. -Ilibc/include -Isrc/hal/m68k -DHAL_ARCH_M68K -DHAL_BOARD_X68K -DKERN_USER_ABI_M68K -DKERN_PAGE_SIZE=4096 -DKERN_USER_PAGE_SIZE=4096 -DKERN_NO_PRINTF_FLOAT -DKERN_INIT_PATH='"/x68k/bin/sh"' -DCONFIG_DRIVER_NE2000=0 -DCONFIG_DRIVER_LGY98=0 -DCONFIG_DRIVER_GRAPHICS=0 -DCONFIG_DRIVER_GRAPHICS_DEVICE=0 -DCONFIG_DRIVER_PCI_UHCI=0 -DCONFIG_DRIVER_PCI_EHCI=0 -DCONFIG_DRIVER_PCI_XHCI=0 -DCONFIG_DRIVER_PCI_NVME=0 -DCONFIG_DRIVER_PCI_VENUS=0 -DCONFIG_DRIVER_PCI_I915=0 -DCONFIG_DRIVER_PCI_INTEL_AX211=0 -DCONFIG_DRIVER_USB_STORAGE=0 -DCONFIG_DRIVER_USB_CDC_NCM=0 -DCONFIG_DRIVER_USB_CDC_ECM=0 -DCONFIG_DRIVER_USB_HID=0 -DCONFIG_DRIVER_USB_RTL8822BU=0 -DCONFIG_KERNEL_USB_HID_CHECKPOINT=0 -DCONFIG_BUF_CACHE_KIB=0 -DCONFIG_GPU_JOB_RESERVATION_MS=10000 -DCONFIG_GPU_JOB_EXECUTION_MS=60000 -DCONFIG_GPU_JOB_STOP_MS=10000 -DCONFIG_GPU_CONTROL_MS=10000 -m68030 -msoft-float -ffreestanding -fno-pic -fno-pie -fno-stack-protector -fno-asynchronous-unwind-tables -fno-unwind-tables -fno-common -ffunction-sections -fdata-sections -Os -Wall -Wextra -Werror -fno-builtin \
 -fno-isolate-erroneous-paths-dereference -fno-strict-aliasing \
 -MMD -MP -c libc/err.c -o build/ws035-p001/x68k-k/kernel/libc/err.o
make: *** [platform/x68k/vmunix.mk:199: build/ws035-p001/x68k-k/kernel/src/kern/devfs.o] Error 1
m68k-linux-gnu-gcc -nostdinc -Iinclude -Isrc -I. -Ilibc/include -Isrc/hal/m68k -DHAL_ARCH_M68K -DHAL_BOARD_X68K -DKERN_USER_ABI_M68K -DKERN_PAGE_SIZE=4096 -DKERN_USER_PAGE_SIZE=4096 -DKERN_NO_PRINTF_FLOAT -DKERN_INIT_PATH='"/x68k/bin/sh"' -DCONFIG_DRIVER_NE2000=0 -DCONFIG_DRIVER_LGY98=0 -DCONFIG_DRIVER_GRAPHICS=0 -DCONFIG_DRIVER_GRAPHICS_DEVICE=0 -DCONFIG_DRIVER_PCI_UHCI=0 -DCONFIG_DRIVER_PCI_EHCI=0 -DCONFIG_DRIVER_PCI_XHCI=0 -DCONFIG_DRIVER_PCI_NVME=0 -DCONFIG_DRIVER_PCI_VENUS=0 -DCONFIG_DRIVER_PCI_I915=0 -DCONFIG_DRIVER_PCI_INTEL_AX211=0 -DCONFIG_DRIVER_USB_STORAGE=0 -DCONFIG_DRIVER_USB_CDC_NCM=0 -DCONFIG_DRIVER_USB_CDC_ECM=0 -DCONFIG_DRIVER_USB_HID=0 -DCONFIG_DRIVER_USB_RTL8822BU=0 -DCONFIG_KERNEL_USB_HID_CHECKPOINT=0 -DCONFIG_BUF_CACHE_KIB=0 -DCONFIG_GPU_JOB_RESERVATION_MS=10000 -DCONFIG_GPU_JOB_EXECUTION_MS=60000 -DCONFIG_GPU_JOB_STOP_MS=10000 -DCONFIG_GPU_CONTROL_MS=10000 -m68030 -msoft-float -ffreestanding -fno-pic -fno-pie -fno-stack-protector -fno-asynchronous-unwind-tables -fno-unwind-tables -fno-common -ffunction-sections -fdata-sections -Os -Wall -Wextra -Werror -fno-builtin \
 -fno-isolate-erroneous-paths-dereference -fno-strict-aliasing \
 -MMD -MP -c libc/libgen.c -o build/ws035-p001/x68k-k/kernel/libc/libgen.o
m68k-linux-gnu-gcc -nostdinc -Iinclude -Isrc -I. -Ilibc/include -Isrc/hal/m68k -DHAL_ARCH_M68K -DHAL_BOARD_X68K -DKERN_USER_ABI_M68K -DKERN_PAGE_SIZE=4096 -DKERN_USER_PAGE_SIZE=4096 -DKERN_NO_PRINTF_FLOAT -DKERN_INIT_PATH='"/x68k/bin/sh"' -DCONFIG_DRIVER_NE2000=0 -DCONFIG_DRIVER_LGY98=0 -DCONFIG_DRIVER_GRAPHICS=0 -DCONFIG_DRIVER_GRAPHICS_DEVICE=0 -DCONFIG_DRIVER_PCI_UHCI=0 -DCONFIG_DRIVER_PCI_EHCI=0 -DCONFIG_DRIVER_PCI_XHCI=0 -DCONFIG_DRIVER_PCI_NVME=0 -DCONFIG_DRIVER_PCI_VENUS=0 -DCONFIG_DRIVER_PCI_I915=0 -DCONFIG_DRIVER_PCI_INTEL_AX211=0 -DCONFIG_DRIVER_USB_STORAGE=0 -DCONFIG_DRIVER_USB_CDC_NCM=0 -DCONFIG_DRIVER_USB_CDC_ECM=0 -DCONFIG_DRIVER_USB_HID=0 -DCONFIG_DRIVER_USB_RTL8822BU=0 -DCONFIG_KERNEL_USB_HID_CHECKPOINT=0 -DCONFIG_BUF_CACHE_KIB=0 -DCONFIG_GPU_JOB_RESERVATION_MS=10000 -DCONFIG_GPU_JOB_EXECUTION_MS=60000 -DCONFIG_GPU_JOB_STOP_MS=10000 -DCONFIG_GPU_CONTROL_MS=10000 -m68030 -msoft-float -ffreestanding -fno-pic -fno-pie -fno-stack-protector -fno-asynchronous-unwind-tables -fno-unwind-tables -fno-common -ffunction-sections -fdata-sections -Os -Wall -Wextra -Werror -fno-builtin \
 -fno-isolate-erroneous-paths-dereference -fno-strict-aliasing \
 -MMD -MP -c libc/search.c -o build/ws035-p001/x68k-k/kernel/libc/search.o
m68k-linux-gnu-gcc -nostdinc -Iinclude -Isrc -I. -Ilibc/include -Isrc/hal/m68k -DHAL_ARCH_M68K -DHAL_BOARD_X68K -DKERN_USER_ABI_M68K -DKERN_PAGE_SIZE=4096 -DKERN_USER_PAGE_SIZE=4096 -DKERN_NO_PRINTF_FLOAT -DKERN_INIT_PATH='"/x68k/bin/sh"' -DCONFIG_DRIVER_NE2000=0 -DCONFIG_DRIVER_LGY98=0 -DCONFIG_DRIVER_GRAPHICS=0 -DCONFIG_DRIVER_GRAPHICS_DEVICE=0 -DCONFIG_DRIVER_PCI_UHCI=0 -DCONFIG_DRIVER_PCI_EHCI=0 -DCONFIG_DRIVER_PCI_XHCI=0 -DCONFIG_DRIVER_PCI_NVME=0 -DCONFIG_DRIVER_PCI_VENUS=0 -DCONFIG_DRIVER_PCI_I915=0 -DCONFIG_DRIVER_PCI_INTEL_AX211=0 -DCONFIG_DRIVER_USB_STORAGE=0 -DCONFIG_DRIVER_USB_CDC_NCM=0 -DCONFIG_DRIVER_USB_CDC_ECM=0 -DCONFIG_DRIVER_USB_HID=0 -DCONFIG_DRIVER_USB_RTL8822BU=0 -DCONFIG_KERNEL_USB_HID_CHECKPOINT=0 -DCONFIG_BUF_CACHE_KIB=0 -DCONFIG_GPU_JOB_RESERVATION_MS=10000 -DCONFIG_GPU_JOB_EXECUTION_MS=60000 -DCONFIG_GPU_JOB_STOP_MS=10000 -DCONFIG_GPU_CONTROL_MS=10000 -m68030 -msoft-float -ffreestanding -fno-pic -fno-pie -fno-stack-protector -fno-asynchronous-unwind-tables -fno-unwind-tables -fno-common -ffunction-sections -fdata-sections -Os -Wall -Wextra -Werror -fno-builtin \
 -fno-isolate-erroneous-paths-dereference -fno-strict-aliasing \
 -MMD -MP -c libc/random48.c -o build/ws035-p001/x68k-k/kernel/libc/random48.o
m68k-linux-gnu-gcc -nostdinc -Iinclude -Isrc -I. -Ilibc/include -Isrc/hal/m68k -DHAL_ARCH_M68K -DHAL_BOARD_X68K -DKERN_USER_ABI_M68K -DKERN_PAGE_SIZE=4096 -DKERN_USER_PAGE_SIZE=4096 -DKERN_NO_PRINTF_FLOAT -DKERN_INIT_PATH='"/x68k/bin/sh"' -DCONFIG_DRIVER_NE2000=0 -DCONFIG_DRIVER_LGY98=0 -DCONFIG_DRIVER_GRAPHICS=0 -DCONFIG_DRIVER_GRAPHICS_DEVICE=0 -DCONFIG_DRIVER_PCI_UHCI=0 -DCONFIG_DRIVER_PCI_EHCI=0 -DCONFIG_DRIVER_PCI_XHCI=0 -DCONFIG_DRIVER_PCI_NVME=0 -DCONFIG_DRIVER_PCI_VENUS=0 -DCONFIG_DRIVER_PCI_I915=0 -DCONFIG_DRIVER_PCI_INTEL_AX211=0 -DCONFIG_DRIVER_USB_STORAGE=0 -DCONFIG_DRIVER_USB_CDC_NCM=0 -DCONFIG_DRIVER_USB_CDC_ECM=0 -DCONFIG_DRIVER_USB_HID=0 -DCONFIG_DRIVER_USB_RTL8822BU=0 -DCONFIG_KERNEL_USB_HID_CHECKPOINT=0 -DCONFIG_BUF_CACHE_KIB=0 -DCONFIG_GPU_JOB_RESERVATION_MS=10000 -DCONFIG_GPU_JOB_EXECUTION_MS=60000 -DCONFIG_GPU_JOB_STOP_MS=10000 -DCONFIG_GPU_CONTROL_MS=10000 -m68030 -msoft-float -ffreestanding -fno-pic -fno-pie -fno-stack-protector -fno-asynchronous-unwind-tables -fno-unwind-tables -fno-common -ffunction-sections -fdata-sections -Os -Wall -Wextra -Werror -fno-builtin \
 -fno-isolate-erroneous-paths-dereference -fno-strict-aliasing \
 -MMD -MP -c libc/random.c -o build/ws035-p001/x68k-k/kernel/libc/random.o
m68k-linux-gnu-gcc -nostdinc -Iinclude -Isrc -I. -Ilibc/include -Isrc/hal/m68k -DHAL_ARCH_M68K -DHAL_BOARD_X68K -DKERN_USER_ABI_M68K -DKERN_PAGE_SIZE=4096 -DKERN_USER_PAGE_SIZE=4096 -DKERN_NO_PRINTF_FLOAT -DKERN_INIT_PATH='"/x68k/bin/sh"' -DCONFIG_DRIVER_NE2000=0 -DCONFIG_DRIVER_LGY98=0 -DCONFIG_DRIVER_GRAPHICS=0 -DCONFIG_DRIVER_GRAPHICS_DEVICE=0 -DCONFIG_DRIVER_PCI_UHCI=0 -DCONFIG_DRIVER_PCI_EHCI=0 -DCONFIG_DRIVER_PCI_XHCI=0 -DCONFIG_DRIVER_PCI_NVME=0 -DCONFIG_DRIVER_PCI_VENUS=0 -DCONFIG_DRIVER_PCI_I915=0 -DCONFIG_DRIVER_PCI_INTEL_AX211=0 -DCONFIG_DRIVER_USB_STORAGE=0 -DCONFIG_DRIVER_USB_CDC_NCM=0 -DCONFIG_DRIVER_USB_CDC_ECM=0 -DCONFIG_DRIVER_USB_HID=0 -DCONFIG_DRIVER_USB_RTL8822BU=0 -DCONFIG_KERNEL_USB_HID_CHECKPOINT=0 -DCONFIG_BUF_CACHE_KIB=0 -DCONFIG_GPU_JOB_RESERVATION_MS=10000 -DCONFIG_GPU_JOB_EXECUTION_MS=60000 -DCONFIG_GPU_JOB_STOP_MS=10000 -DCONFIG_GPU_CONTROL_MS=10000 -m68030 -msoft-float -ffreestanding -fno-pic -fno-pie -fno-stack-protector -fno-asynchronous-unwind-tables -fno-unwind-tables -fno-common -ffunction-sections -fdata-sections -Os -Wall -Wextra -Werror -fno-builtin \
 -fno-isolate-erroneous-paths-dereference -fno-strict-aliasing \
 -MMD -MP -c libc/xsi-crypto.c -o build/ws035-p001/x68k-k/kernel/libc/xsi-crypto.o
m68k-linux-gnu-gcc -nostdinc -Iinclude -Isrc -I. -Ilibc/include -Isrc/hal/m68k -DHAL_ARCH_M68K -DHAL_BOARD_X68K -DKERN_USER_ABI_M68K -DKERN_PAGE_SIZE=4096 -DKERN_USER_PAGE_SIZE=4096 -DKERN_NO_PRINTF_FLOAT -DKERN_INIT_PATH='"/x68k/bin/sh"' -DCONFIG_DRIVER_NE2000=0 -DCONFIG_DRIVER_LGY98=0 -DCONFIG_DRIVER_GRAPHICS=0 -DCONFIG_DRIVER_GRAPHICS_DEVICE=0 -DCONFIG_DRIVER_PCI_UHCI=0 -DCONFIG_DRIVER_PCI_EHCI=0 -DCONFIG_DRIVER_PCI_XHCI=0 -DCONFIG_DRIVER_PCI_NVME=0 -DCONFIG_DRIVER_PCI_VENUS=0 -DCONFIG_DRIVER_PCI_I915=0 -DCONFIG_DRIVER_PCI_INTEL_AX211=0 -DCONFIG_DRIVER_USB_STORAGE=0 -DCONFIG_DRIVER_USB_CDC_NCM=0 -DCONFIG_DRIVER_USB_CDC_ECM=0 -DCONFIG_DRIVER_USB_HID=0 -DCONFIG_DRIVER_USB_RTL8822BU=0 -DCONFIG_KERNEL_USB_HID_CHECKPOINT=0 -DCONFIG_BUF_CACHE_KIB=0 -DCONFIG_GPU_JOB_RESERVATION_MS=10000 -DCONFIG_GPU_JOB_EXECUTION_MS=60000 -DCONFIG_GPU_JOB_STOP_MS=10000 -DCONFIG_GPU_CONTROL_MS=10000 -m68030 -msoft-float -ffreestanding -fno-pic -fno-pie -fno-stack-protector -fno-asynchronous-unwind-tables -fno-unwind-tables -fno-common -ffunction-sections -fdata-sections -Os -Wall -Wextra -Werror -fno-builtin \
 -fno-isolate-erroneous-paths-dereference -fno-strict-aliasing \
 -MMD -MP -c libc/ftw.c -o build/ws035-p001/x68k-k/kernel/libc/ftw.o
m68k-linux-gnu-gcc -nostdinc -Iinclude -Isrc -I. -Ilibc/include -Isrc/hal/m68k -DHAL_ARCH_M68K -DHAL_BOARD_X68K -DKERN_USER_ABI_M68K -DKERN_PAGE_SIZE=4096 -DKERN_USER_PAGE_SIZE=4096 -DKERN_NO_PRINTF_FLOAT -DKERN_INIT_PATH='"/x68k/bin/sh"' -DCONFIG_DRIVER_NE2000=0 -DCONFIG_DRIVER_LGY98=0 -DCONFIG_DRIVER_GRAPHICS=0 -DCONFIG_DRIVER_GRAPHICS_DEVICE=0 -DCONFIG_DRIVER_PCI_UHCI=0 -DCONFIG_DRIVER_PCI_EHCI=0 -DCONFIG_DRIVER_PCI_XHCI=0 -DCONFIG_DRIVER_PCI_NVME=0 -DCONFIG_DRIVER_PCI_VENUS=0 -DCONFIG_DRIVER_PCI_I915=0 -DCONFIG_DRIVER_PCI_INTEL_AX211=0 -DCONFIG_DRIVER_USB_STORAGE=0 -DCONFIG_DRIVER_USB_CDC_NCM=0 -DCONFIG_DRIVER_USB_CDC_ECM=0 -DCONFIG_DRIVER_USB_HID=0 -DCONFIG_DRIVER_USB_RTL8822BU=0 -DCONFIG_KERNEL_USB_HID_CHECKPOINT=0 -DCONFIG_BUF_CACHE_KIB=0 -DCONFIG_GPU_JOB_RESERVATION_MS=10000 -DCONFIG_GPU_JOB_EXECUTION_MS=60000 -DCONFIG_GPU_JOB_STOP_MS=10000 -DCONFIG_GPU_CONTROL_MS=10000 -m68030 -msoft-float -ffreestanding -fno-pic -fno-pie -fno-stack-protector -fno-asynchronous-unwind-tables -fno-unwind-tables -fno-common -ffunction-sections -fdata-sections -Os -Wall -Wextra -Werror -fno-builtin \
 -fno-isolate-erroneous-paths-dereference -fno-strict-aliasing \
 -MMD -MP -c libc/ndbm.c -o build/ws035-p001/x68k-k/kernel/libc/ndbm.o
m68k-linux-gnu-gcc -nostdinc -Iinclude -Isrc -I. -Ilibc/include -Isrc/hal/m68k -DHAL_ARCH_M68K -DHAL_BOARD_X68K -DKERN_USER_ABI_M68K -DKERN_PAGE_SIZE=4096 -DKERN_USER_PAGE_SIZE=4096 -DKERN_NO_PRINTF_FLOAT -DKERN_INIT_PATH='"/x68k/bin/sh"' -DCONFIG_DRIVER_NE2000=0 -DCONFIG_DRIVER_LGY98=0 -DCONFIG_DRIVER_GRAPHICS=0 -DCONFIG_DRIVER_GRAPHICS_DEVICE=0 -DCONFIG_DRIVER_PCI_UHCI=0 -DCONFIG_DRIVER_PCI_EHCI=0 -DCONFIG_DRIVER_PCI_XHCI=0 -DCONFIG_DRIVER_PCI_NVME=0 -DCONFIG_DRIVER_PCI_VENUS=0 -DCONFIG_DRIVER_PCI_I915=0 -DCONFIG_DRIVER_PCI_INTEL_AX211=0 -DCONFIG_DRIVER_USB_STORAGE=0 -DCONFIG_DRIVER_USB_CDC_NCM=0 -DCONFIG_DRIVER_USB_CDC_ECM=0 -DCONFIG_DRIVER_USB_HID=0 -DCONFIG_DRIVER_USB_RTL8822BU=0 -DCONFIG_KERNEL_USB_HID_CHECKPOINT=0 -DCONFIG_BUF_CACHE_KIB=0 -DCONFIG_GPU_JOB_RESERVATION_MS=10000 -DCONFIG_GPU_JOB_EXECUTION_MS=60000 -DCONFIG_GPU_JOB_STOP_MS=10000 -DCONFIG_GPU_CONTROL_MS=10000 -m68030 -msoft-float -ffreestanding -fno-pic -fno-pie -fno-stack-protector -fno-asynchronous-unwind-tables -fno-unwind-tables -fno-common -ffunction-sections -fdata-sections -Os -Wall -Wextra -Werror -fno-builtin \
 -fno-isolate-erroneous-paths-dereference -fno-strict-aliasing \
 -MMD -MP -c libc/realpath.c -o build/ws035-p001/x68k-k/kernel/libc/realpath.o
m68k-linux-gnu-gcc -nostdinc -Iinclude -Isrc -I. -Ilibc/include -Isrc/hal/m68k -DHAL_ARCH_M68K -DHAL_BOARD_X68K -DKERN_USER_ABI_M68K -DKERN_PAGE_SIZE=4096 -DKERN_USER_PAGE_SIZE=4096 -DKERN_NO_PRINTF_FLOAT -DKERN_INIT_PATH='"/x68k/bin/sh"' -DCONFIG_DRIVER_NE2000=0 -DCONFIG_DRIVER_LGY98=0 -DCONFIG_DRIVER_GRAPHICS=0 -DCONFIG_DRIVER_GRAPHICS_DEVICE=0 -DCONFIG_DRIVER_PCI_UHCI=0 -DCONFIG_DRIVER_PCI_EHCI=0 -DCONFIG_DRIVER_PCI_XHCI=0 -DCONFIG_DRIVER_PCI_NVME=0 -DCONFIG_DRIVER_PCI_VENUS=0 -DCONFIG_DRIVER_PCI_I915=0 -DCONFIG_DRIVER_PCI_INTEL_AX211=0 -DCONFIG_DRIVER_USB_STORAGE=0 -DCONFIG_DRIVER_USB_CDC_NCM=0 -DCONFIG_DRIVER_USB_CDC_ECM=0 -DCONFIG_DRIVER_USB_HID=0 -DCONFIG_DRIVER_USB_RTL8822BU=0 -DCONFIG_KERNEL_USB_HID_CHECKPOINT=0 -DCONFIG_BUF_CACHE_KIB=0 -DCONFIG_GPU_JOB_RESERVATION_MS=10000 -DCONFIG_GPU_JOB_EXECUTION_MS=60000 -DCONFIG_GPU_JOB_STOP_MS=10000 -DCONFIG_GPU_CONTROL_MS=10000 -m68030 -msoft-float -ffreestanding -fno-pic -fno-pie -fno-stack-protector -fno-asynchronous-unwind-tables -fno-unwind-tables -fno-common -ffunction-sections -fdata-sections -Os -Wall -Wextra -Werror -fno-builtin \
 -fno-isolate-erroneous-paths-dereference -fno-strict-aliasing \
 -MMD -MP -c libc/tempnam.c -o build/ws035-p001/x68k-k/kernel/libc/tempnam.o
m68k-linux-gnu-gcc -nostdinc -Iinclude -Isrc -I. -Ilibc/include -Isrc/hal/m68k -DHAL_ARCH_M68K -DHAL_BOARD_X68K -DKERN_USER_ABI_M68K -DKERN_PAGE_SIZE=4096 -DKERN_USER_PAGE_SIZE=4096 -DKERN_NO_PRINTF_FLOAT -DKERN_INIT_PATH='"/x68k/bin/sh"' -DCONFIG_DRIVER_NE2000=0 -DCONFIG_DRIVER_LGY98=0 -DCONFIG_DRIVER_GRAPHICS=0 -DCONFIG_DRIVER_GRAPHICS_DEVICE=0 -DCONFIG_DRIVER_PCI_UHCI=0 -DCONFIG_DRIVER_PCI_EHCI=0 -DCONFIG_DRIVER_PCI_XHCI=0 -DCONFIG_DRIVER_PCI_NVME=0 -DCONFIG_DRIVER_PCI_VENUS=0 -DCONFIG_DRIVER_PCI_I915=0 -DCONFIG_DRIVER_PCI_INTEL_AX211=0 -DCONFIG_DRIVER_USB_STORAGE=0 -DCONFIG_DRIVER_USB_CDC_NCM=0 -DCONFIG_DRIVER_USB_CDC_ECM=0 -DCONFIG_DRIVER_USB_HID=0 -DCONFIG_DRIVER_USB_RTL8822BU=0 -DCONFIG_KERNEL_USB_HID_CHECKPOINT=0 -DCONFIG_BUF_CACHE_KIB=0 -DCONFIG_GPU_JOB_RESERVATION_MS=10000 -DCONFIG_GPU_JOB_EXECUTION_MS=60000 -DCONFIG_GPU_JOB_STOP_MS=10000 -DCONFIG_GPU_CONTROL_MS=10000 -m68030 -msoft-float -ffreestanding -fno-pic -fno-pie -fno-stack-protector -fno-asynchronous-unwind-tables -fno-unwind-tables -fno-common -ffunction-sections -fdata-sections -Os -Wall -Wextra -Werror -fno-builtin \
 -fno-isolate-erroneous-paths-dereference -fno-strict-aliasing \
 -MMD -MP -c libc/regex/regcomp.c -o build/ws035-p001/x68k-k/kernel/libc/regex/regcomp.o
m68k-linux-gnu-gcc -nostdinc -Iinclude -Isrc -I. -Ilibc/include -Isrc/hal/m68k -DHAL_ARCH_M68K -DHAL_BOARD_X68K -DKERN_USER_ABI_M68K -DKERN_PAGE_SIZE=4096 -DKERN_USER_PAGE_SIZE=4096 -DKERN_NO_PRINTF_FLOAT -DKERN_INIT_PATH='"/x68k/bin/sh"' -DCONFIG_DRIVER_NE2000=0 -DCONFIG_DRIVER_LGY98=0 -DCONFIG_DRIVER_GRAPHICS=0 -DCONFIG_DRIVER_GRAPHICS_DEVICE=0 -DCONFIG_DRIVER_PCI_UHCI=0 -DCONFIG_DRIVER_PCI_EHCI=0 -DCONFIG_DRIVER_PCI_XHCI=0 -DCONFIG_DRIVER_PCI_NVME=0 -DCONFIG_DRIVER_PCI_VENUS=0 -DCONFIG_DRIVER_PCI_I915=0 -DCONFIG_DRIVER_PCI_INTEL_AX211=0 -DCONFIG_DRIVER_USB_STORAGE=0 -DCONFIG_DRIVER_USB_CDC_NCM=0 -DCONFIG_DRIVER_USB_CDC_ECM=0 -DCONFIG_DRIVER_USB_HID=0 -DCONFIG_DRIVER_USB_RTL8822BU=0 -DCONFIG_KERNEL_USB_HID_CHECKPOINT=0 -DCONFIG_BUF_CACHE_KIB=0 -DCONFIG_GPU_JOB_RESERVATION_MS=10000 -DCONFIG_GPU_JOB_EXECUTION_MS=60000 -DCONFIG_GPU_JOB_STOP_MS=10000 -DCONFIG_GPU_CONTROL_MS=10000 -m68030 -msoft-float -ffreestanding -fno-pic -fno-pie -fno-stack-protector -fno-asynchronous-unwind-tables -fno-unwind-tables -fno-common -ffunction-sections -fdata-sections -Os -Wall -Wextra -Werror -fno-builtin \
 -fno-isolate-erroneous-paths-dereference -fno-strict-aliasing \
 -MMD -MP -c libc/regex/regexec.c -o build/ws035-p001/x68k-k/kernel/libc/regex/regexec.o
m68k-linux-gnu-gcc -nostdinc -Iinclude -Isrc -I. -Ilibc/include -Isrc/hal/m68k -DHAL_ARCH_M68K -DHAL_BOARD_X68K -DKERN_USER_ABI_M68K -DKERN_PAGE_SIZE=4096 -DKERN_USER_PAGE_SIZE=4096 -DKERN_NO_PRINTF_FLOAT -DKERN_INIT_PATH='"/x68k/bin/sh"' -DCONFIG_DRIVER_NE2000=0 -DCONFIG_DRIVER_LGY98=0 -DCONFIG_DRIVER_GRAPHICS=0 -DCONFIG_DRIVER_GRAPHICS_DEVICE=0 -DCONFIG_DRIVER_PCI_UHCI=0 -DCONFIG_DRIVER_PCI_EHCI=0 -DCONFIG_DRIVER_PCI_XHCI=0 -DCONFIG_DRIVER_PCI_NVME=0 -DCONFIG_DRIVER_PCI_VENUS=0 -DCONFIG_DRIVER_PCI_I915=0 -DCONFIG_DRIVER_PCI_INTEL_AX211=0 -DCONFIG_DRIVER_USB_STORAGE=0 -DCONFIG_DRIVER_USB_CDC_NCM=0 -DCONFIG_DRIVER_USB_CDC_ECM=0 -DCONFIG_DRIVER_USB_HID=0 -DCONFIG_DRIVER_USB_RTL8822BU=0 -DCONFIG_KERNEL_USB_HID_CHECKPOINT=0 -DCONFIG_BUF_CACHE_KIB=0 -DCONFIG_GPU_JOB_RESERVATION_MS=10000 -DCONFIG_GPU_JOB_EXECUTION_MS=60000 -DCONFIG_GPU_JOB_STOP_MS=10000 -DCONFIG_GPU_CONTROL_MS=10000 -m68030 -msoft-float -ffreestanding -fno-pic -fno-pie -fno-stack-protector -fno-asynchronous-unwind-tables -fno-unwind-tables -fno-common -ffunction-sections -fdata-sections -Os -Wall -Wextra -Werror -fno-builtin \
 -fno-isolate-erroneous-paths-dereference -fno-strict-aliasing \
 -MMD -MP -c libc/regex/regerror.c -o build/ws035-p001/x68k-k/kernel/libc/regex/regerror.o
m68k-linux-gnu-gcc -nostdinc -Iinclude -Isrc -I. -Ilibc/include -Isrc/hal/m68k -DHAL_ARCH_M68K -DHAL_BOARD_X68K -DKERN_USER_ABI_M68K -DKERN_PAGE_SIZE=4096 -DKERN_USER_PAGE_SIZE=4096 -DKERN_NO_PRINTF_FLOAT -DKERN_INIT_PATH='"/x68k/bin/sh"' -DCONFIG_DRIVER_NE2000=0 -DCONFIG_DRIVER_LGY98=0 -DCONFIG_DRIVER_GRAPHICS=0 -DCONFIG_DRIVER_GRAPHICS_DEVICE=0 -DCONFIG_DRIVER_PCI_UHCI=0 -DCONFIG_DRIVER_PCI_EHCI=0 -DCONFIG_DRIVER_PCI_XHCI=0 -DCONFIG_DRIVER_PCI_NVME=0 -DCONFIG_DRIVER_PCI_VENUS=0 -DCONFIG_DRIVER_PCI_I915=0 -DCONFIG_DRIVER_PCI_INTEL_AX211=0 -DCONFIG_DRIVER_USB_STORAGE=0 -DCONFIG_DRIVER_USB_CDC_NCM=0 -DCONFIG_DRIVER_USB_CDC_ECM=0 -DCONFIG_DRIVER_USB_HID=0 -DCONFIG_DRIVER_USB_RTL8822BU=0 -DCONFIG_KERNEL_USB_HID_CHECKPOINT=0 -DCONFIG_BUF_CACHE_KIB=0 -DCONFIG_GPU_JOB_RESERVATION_MS=10000 -DCONFIG_GPU_JOB_EXECUTION_MS=60000 -DCONFIG_GPU_JOB_STOP_MS=10000 -DCONFIG_GPU_CONTROL_MS=10000 -m68030 -msoft-float -ffreestanding -fno-pic -fno-pie -fno-stack-protector -fno-asynchronous-unwind-tables -fno-unwind-tables -fno-common -ffunction-sections -fdata-sections -Os -Wall -Wextra -Werror -fno-builtin \
 -fno-isolate-erroneous-paths-dereference -fno-strict-aliasing \
 -MMD -MP -c libc/regex/tre-mem.c -o build/ws035-p001/x68k-k/kernel/libc/regex/tre-mem.o
src/drivers/fs/ufs.c: In function 'journal_replay':
src/drivers/fs/ufs.c:174:51: error: invalid suffix "__UINT32_C_SUFFIX__" on integer constant
  174 | #define IMAGE_READERS_CLOSED            (UINT32_C(1) << 31)
      |                                                   ^
libc/include/stdint.h:104:42: note: in definition of macro '__ZED_INT_C_PASTE'
  104 | #define __ZED_INT_C_PASTE(value, suffix) value ## suffix
      |                                          ^~~~~
libc/include/stdint.h:112:25: note: in expansion of macro '__ZED_INT_C'
  112 | #define UINT32_C(value) __ZED_INT_C(value, __UINT32_C_SUFFIX__)
      |                         ^~~~~~~~~~~
src/drivers/fs/ufs.c:174:42: note: in expansion of macro 'UINT32_C'
  174 | #define IMAGE_READERS_CLOSED            (UINT32_C(1) << 31)
      |                                          ^~~~~~~~
src/drivers/fs/ufs.c:17134:26: note: in expansion of macro 'IMAGE_READERS_CLOSED'
17134 |                 closed = IMAGE_READERS_CLOSED;
      |                          ^~~~~~~~~~~~~~~~~~~~
src/drivers/fs/ufs.c: In function 'journal_close_views':
src/drivers/fs/ufs.c:174:51: error: invalid suffix "__UINT32_C_SUFFIX__" on integer constant
  174 | #define IMAGE_READERS_CLOSED            (UINT32_C(1) << 31)
      |                                                   ^
libc/include/stdint.h:104:42: note: in definition of macro '__ZED_INT_C_PASTE'
  104 | #define __ZED_INT_C_PASTE(value, suffix) value ## suffix
      |                                          ^~~~~
libc/include/stdint.h:112:25: note: in expansion of macro '__ZED_INT_C'
  112 | #define UINT32_C(value) __ZED_INT_C(value, __UINT32_C_SUFFIX__)
      |                         ^~~~~~~~~~~
src/drivers/fs/ufs.c:174:42: note: in expansion of macro 'UINT32_C'
  174 | #define IMAGE_READERS_CLOSED            (UINT32_C(1) << 31)
      |                                          ^~~~~~~~
src/drivers/fs/ufs.c:17243:58: note: in expansion of macro 'IMAGE_READERS_CLOSED'
17243 |         (void)__atomic_fetch_or(&journal->image_readers, IMAGE_READERS_CLOSED,
      |                                                          ^~~~~~~~~~~~~~~~~~~~
src/drivers/fs/ufs.c: In function 'drv_ufs_journal_views_busy':
src/drivers/fs/ufs.c:1613:1: error: control reaches end of non-void function [-Werror=return-type]
 1613 | }
      | ^
cc1: all warnings being treated as errors
make: *** [platform/x68k/vmunix.mk:199: build/ws035-p001/x68k-k/kernel/src/drivers/fs/ufs.o] Error 1
make: Target 'vmunix' not remade because of errors.
x68k-k status=2 seconds=2 warnings=0 error_lines=275
