order,family,header,symbol,kind,requirement,implementation_status,header_evidence,implementation_source,test_evidence,implementation_notes,review_status,review_findings,fix_status,standard_url
1,ISO-C17,<ctype.h>,isalnum,function,required,implemented,libc/include/ctype.h,libc/ctype.c,header/symbol audit; amd64 QEMU boot; pcat/pc98 HDD integration builds,,reviewed,"No actionable issue found in signature, boundary, and integration review.",not-needed,https://www.open-std.org/jtc1/sc22/wg14/www/docs/n2176.pdf
2,ISO-C17,<ctype.h>,isalpha,function,required,implemented,libc/include/ctype.h,libc/ctype.c,header/symbol audit; amd64 QEMU boot; pcat/pc98 HDD integration builds,,reviewed,"No actionable issue found in signature, boundary, and integration review.",not-needed,https://www.open-std.org/jtc1/sc22/wg14/www/docs/n2176.pdf
3,ISO-C17,<ctype.h>,isblank,function,required,implemented,libc/include/ctype.h,libc/ctype.c,header/symbol audit; amd64 QEMU boot; pcat/pc98 HDD integration builds,,reviewed,"No actionable issue found in signature, boundary, and integration review.",not-needed,https://www.open-std.org/jtc1/sc22/wg14/www/docs/n2176.pdf
4,ISO-C17,<ctype.h>,iscntrl,function,required,implemented,libc/include/ctype.h,libc/ctype.c,header/symbol audit; amd64 QEMU boot; pcat/pc98 HDD integration builds,,reviewed,"No actionable issue found in signature, boundary, and integration review.",not-needed,https://www.open-std.org/jtc1/sc22/wg14/www/docs/n2176.pdf
5,ISO-C17,<ctype.h>,isdigit,function,required,implemented,libc/include/ctype.h,libc/ctype.c,header/symbol audit; amd64 QEMU boot; pcat/pc98 HDD integration builds,,reviewed,"No actionable issue found in signature, boundary, and integration review.",not-needed,https://www.open-std.org/jtc1/sc22/wg14/www/docs/n2176.pdf
6,ISO-C17,<ctype.h>,isgraph,function,required,implemented,libc/include/ctype.h,libc/ctype.c,header/symbol audit; amd64 QEMU boot; pcat/pc98 HDD integration builds,,reviewed,"No actionable issue found in signature, boundary, and integration review.",not-needed,https://www.open-std.org/jtc1/sc22/wg14/www/docs/n2176.pdf
7,ISO-C17,<ctype.h>,islower,function,required,implemented,libc/include/ctype.h,libc/ctype.c,header/symbol audit; amd64 QEMU boot; pcat/pc98 HDD integration builds,,reviewed,"No actionable issue found in signature, boundary, and integration review.",not-needed,https://www.open-std.org/jtc1/sc22/wg14/www/docs/n2176.pdf
8,ISO-C17,<ctype.h>,isprint,function,required,implemented,libc/include/ctype.h,libc/ctype.c,header/symbol audit; amd64 QEMU boot; pcat/pc98 HDD integration builds,,reviewed,"No actionable issue found in signature, boundary, and integration review.",not-needed,https://www.open-std.org/jtc1/sc22/wg14/www/docs/n2176.pdf
9,ISO-C17,<ctype.h>,ispunct,function,required,implemented,libc/include/ctype.h,libc/ctype.c,header/symbol audit; amd64 QEMU boot; pcat/pc98 HDD integration builds,,reviewed,"No actionable issue found in signature, boundary, and integration review.",not-needed,https://www.open-std.org/jtc1/sc22/wg14/www/docs/n2176.pdf
10,ISO-C17,<ctype.h>,isspace,function,required,implemented,libc/include/ctype.h,libc/ctype.c,header/symbol audit; amd64 QEMU boot; pcat/pc98 HDD integration builds,,reviewed,"No actionable issue found in signature, boundary, and integration review.",not-needed,https://www.open-std.org/jtc1/sc22/wg14/www/docs/n2176.pdf
11,ISO-C17,<ctype.h>,isupper,function,required,implemented,libc/include/ctype.h,libc/ctype.c,header/symbol audit; amd64 QEMU boot; pcat/pc98 HDD integration builds,,reviewed,"No actionable issue found in signature, boundary, and integration review.",not-needed,https://www.open-std.org/jtc1/sc22/wg14/www/docs/n2176.pdf
12,ISO-C17,<ctype.h>,isxdigit,function,required,implemented,libc/include/ctype.h,libc/ctype.c,header/symbol audit; amd64 QEMU boot; pcat/pc98 HDD integration builds,,reviewed,"No actionable issue found in signature, boundary, and integration review.",not-needed,https://www.open-std.org/jtc1/sc22/wg14/www/docs/n2176.pdf
13,ISO-C17,<ctype.h>,tolower,function,required,implemented,libc/include/ctype.h,libc/ctype.c,header/symbol audit; amd64 QEMU boot; pcat/pc98 HDD integration builds,,reviewed,"No actionable issue found in signature, boundary, and integration review.",not-needed,https://www.open-std.org/jtc1/sc22/wg14/www/docs/n2176.pdf
14,ISO-C17,<ctype.h>,toupper,function,required,implemented,libc/include/ctype.h,libc/ctype.c,header/symbol audit; amd64 QEMU boot; pcat/pc98 HDD integration builds,,reviewed,"No actionable issue found in signature, boundary, and integration review.",not-needed,https://www.open-std.org/jtc1/sc22/wg14/www/docs/n2176.pdf
15,ISO-C17,<fenv.h>,feclearexcept,function,required,implemented,libc/include/fenv.h,libc/fenv.c,header/symbol audit; amd64 QEMU boot; pcat/pc98 HDD integration builds,,reviewed,Software floating point initially lacked thread-local state and domain/range exception propagation; both are now connected.,fixed,https://www.open-std.org/jtc1/sc22/wg14/www/docs/n2176.pdf
16,ISO-C17,<fenv.h>,fegetenv,function,required,implemented,libc/include/fenv.h,libc/fenv.c,header/symbol audit; amd64 QEMU boot; pcat/pc98 HDD integration builds,,reviewed,Software floating point initially lacked thread-local state and domain/range exception propagation; both are now connected.,fixed,https://www.open-std.org/jtc1/sc22/wg14/www/docs/n2176.pdf
17,ISO-C17,<fenv.h>,fegetexceptflag,function,required,implemented,libc/include/fenv.h,libc/fenv.c,header/symbol audit; amd64 QEMU boot; pcat/pc98 HDD integration builds,,reviewed,Software floating point initially lacked thread-local state and domain/range exception propagation; both are now connected.,fixed,https://www.open-std.org/jtc1/sc22/wg14/www/docs/n2176.pdf
18,ISO-C17,<fenv.h>,fegetround,function,required,implemented,libc/include/fenv.h,libc/fenv.c,header/symbol audit; amd64 QEMU boot; pcat/pc98 HDD integration builds,,reviewed,Software floating point initially lacked thread-local state and domain/range exception propagation; both are now connected.,fixed,https://www.open-std.org/jtc1/sc22/wg14/www/docs/n2176.pdf
19,ISO-C17,<fenv.h>,feholdexcept,function,required,implemented,libc/include/fenv.h,libc/fenv.c,header/symbol audit; amd64 QEMU boot; pcat/pc98 HDD integration builds,,reviewed,Software floating point initially lacked thread-local state and domain/range exception propagation; both are now connected.,fixed,https://www.open-std.org/jtc1/sc22/wg14/www/docs/n2176.pdf
20,ISO-C17,<fenv.h>,feraiseexcept,function,required,implemented,libc/include/fenv.h,libc/fenv.c,header/symbol audit; amd64 QEMU boot; pcat/pc98 HDD integration builds,,reviewed,Software floating point initially lacked thread-local state and domain/range exception propagation; both are now connected.,fixed,https://www.open-std.org/jtc1/sc22/wg14/www/docs/n2176.pdf
21,ISO-C17,<fenv.h>,fesetenv,function,required,implemented,libc/include/fenv.h,libc/fenv.c,header/symbol audit; amd64 QEMU boot; pcat/pc98 HDD integration builds,,reviewed,Software floating point initially lacked thread-local state and domain/range exception propagation; both are now connected.,fixed,https://www.open-std.org/jtc1/sc22/wg14/www/docs/n2176.pdf
22,ISO-C17,<fenv.h>,fesetexceptflag,function,required,implemented,libc/include/fenv.h,libc/fenv.c,header/symbol audit; amd64 QEMU boot; pcat/pc98 HDD integration builds,,reviewed,Software floating point initially lacked thread-local state and domain/range exception propagation; both are now connected.,fixed,https://www.open-std.org/jtc1/sc22/wg14/www/docs/n2176.pdf
23,ISO-C17,<fenv.h>,fesetround,function,required,implemented,libc/include/fenv.h,libc/fenv.c,header/symbol audit; amd64 QEMU boot; pcat/pc98 HDD integration builds,,reviewed,Software floating point initially lacked thread-local state and domain/range exception propagation; both are now connected.,fixed,https://www.open-std.org/jtc1/sc22/wg14/www/docs/n2176.pdf
24,ISO-C17,<fenv.h>,fetestexcept,function,required,implemented,libc/include/fenv.h,libc/fenv.c,header/symbol audit; amd64 QEMU boot; pcat/pc98 HDD integration builds,,reviewed,Software floating point initially lacked thread-local state and domain/range exception propagation; both are now connected.,fixed,https://www.open-std.org/jtc1/sc22/wg14/www/docs/n2176.pdf
25,ISO-C17,<fenv.h>,feupdateenv,function,required,implemented,libc/include/fenv.h,libc/fenv.c,header/symbol audit; amd64 QEMU boot; pcat/pc98 HDD integration builds,,reviewed,Software floating point initially lacked thread-local state and domain/range exception propagation; both are now connected.,fixed,https://www.open-std.org/jtc1/sc22/wg14/www/docs/n2176.pdf
26,ISO-C17,<inttypes.h>,imaxabs,function,required,implemented,libc/include/inttypes.h,libc/inttypes.c,header/symbol audit; amd64 QEMU boot; pcat/pc98 HDD integration builds,,reviewed,"No actionable issue found in signature, boundary, and integration review.",not-needed,https://www.open-std.org/jtc1/sc22/wg14/www/docs/n2176.pdf
27,ISO-C17,<inttypes.h>,imaxdiv,function,required,implemented,libc/include/inttypes.h,libc/inttypes.c,header/symbol audit; amd64 QEMU boot; pcat/pc98 HDD integration builds,,reviewed,"No actionable issue found in signature, boundary, and integration review.",not-needed,https://www.open-std.org/jtc1/sc22/wg14/www/docs/n2176.pdf
28,ISO-C17,<inttypes.h>,strtoimax,function,required,implemented,libc/include/inttypes.h,libc/inttypes.c,header/symbol audit; amd64 QEMU boot; pcat/pc98 HDD integration builds,,reviewed,"No actionable issue found in signature, boundary, and integration review.",not-needed,https://www.open-std.org/jtc1/sc22/wg14/www/docs/n2176.pdf
29,ISO-C17,<inttypes.h>,strtoumax,function,required,implemented,libc/include/inttypes.h,libc/inttypes.c,header/symbol audit; amd64 QEMU boot; pcat/pc98 HDD integration builds,,reviewed,"No actionable issue found in signature, boundary, and integration review.",not-needed,https://www.open-std.org/jtc1/sc22/wg14/www/docs/n2176.pdf
30,ISO-C17,<inttypes.h>,wcstoimax,function,required,implemented,libc/include/inttypes.h,libc/inttypes.c,header/symbol audit; amd64 QEMU boot; pcat/pc98 HDD integration builds,,reviewed,"No actionable issue found in signature, boundary, and integration review.",not-needed,https://www.open-std.org/jtc1/sc22/wg14/www/docs/n2176.pdf
31,ISO-C17,<inttypes.h>,wcstoumax,function,required,implemented,libc/include/inttypes.h,libc/inttypes.c,header/symbol audit; amd64 QEMU boot; pcat/pc98 HDD integration builds,,reviewed,"No actionable issue found in signature, boundary, and integration review.",not-needed,https://www.open-std.org/jtc1/sc22/wg14/www/docs/n2176.pdf
32,ISO-C17,<locale.h>,localeconv,function,required,implemented,libc/include/locale.h,libc/locale.c,header/symbol audit; amd64 QEMU boot; pcat/pc98 HDD integration builds,,reviewed,"No actionable issue found in signature, boundary, and integration review.",not-needed,https://www.open-std.org/jtc1/sc22/wg14/www/docs/n2176.pdf
33,ISO-C17,<locale.h>,setlocale,function,required,implemented,libc/include/locale.h,libc/locale.c,header/symbol audit; amd64 QEMU boot; pcat/pc98 HDD integration builds,,reviewed,"No actionable issue found in signature, boundary, and integration review.",not-needed,https://www.open-std.org/jtc1/sc22/wg14/www/docs/n2176.pdf
34,ISO-C17,<math.h>,acos,function,required,implemented,libc/include/math.h,vendor/musl/src/math/acos.c,header/symbol audit; amd64 QEMU boot; pcat/pc98 HDD integration builds,,reviewed,The pinned musl implementation was reviewed for zedBSD's 64-bit long-double ABI; local error helpers now update the software fenv.,fixed,https://www.open-std.org/jtc1/sc22/wg14/www/docs/n2176.pdf
35,ISO-C17,<math.h>,acosf,function,required,implemented,libc/include/math.h,vendor/musl/src/math/acosf.c,header/symbol audit; amd64 QEMU boot; pcat/pc98 HDD integration builds,,reviewed,The pinned musl implementation was reviewed for zedBSD's 64-bit long-double ABI; local error helpers now update the software fenv.,fixed,https://www.open-std.org/jtc1/sc22/wg14/www/docs/n2176.pdf
36,ISO-C17,<math.h>,acosh,function,required,implemented,libc/include/math.h,vendor/musl/src/math/acosh.c,header/symbol audit; amd64 QEMU boot; pcat/pc98 HDD integration builds,,reviewed,The pinned musl implementation was reviewed for zedBSD's 64-bit long-double ABI; local error helpers now update the software fenv.,fixed,https://www.open-std.org/jtc1/sc22/wg14/www/docs/n2176.pdf
37,ISO-C17,<math.h>,acoshf,function,required,implemented,libc/include/math.h,vendor/musl/src/math/acoshf.c,header/symbol audit; amd64 QEMU boot; pcat/pc98 HDD integration builds,,reviewed,The pinned musl implementation was reviewed for zedBSD's 64-bit long-double ABI; local error helpers now update the software fenv.,fixed,https://www.open-std.org/jtc1/sc22/wg14/www/docs/n2176.pdf
38,ISO-C17,<math.h>,acoshl,function,required,implemented,libc/include/math.h,vendor/musl/src/math/acoshl.c,header/symbol audit; amd64 QEMU boot; pcat/pc98 HDD integration builds,,reviewed,The pinned musl implementation was reviewed for zedBSD's 64-bit long-double ABI; local error helpers now update the software fenv.,fixed,https://www.open-std.org/jtc1/sc22/wg14/www/docs/n2176.pdf
39,ISO-C17,<math.h>,acosl,function,required,implemented,libc/include/math.h,vendor/musl/src/math/acosl.c,header/symbol audit; amd64 QEMU boot; pcat/pc98 HDD integration builds,,reviewed,The pinned musl implementation was reviewed for zedBSD's 64-bit long-double ABI; local error helpers now update the software fenv.,fixed,https://www.open-std.org/jtc1/sc22/wg14/www/docs/n2176.pdf
40,ISO-C17,<math.h>,asin,function,required,implemented,libc/include/math.h,vendor/musl/src/math/asin.c,header/symbol audit; amd64 QEMU boot; pcat/pc98 HDD integration builds,,reviewed,The pinned musl implementation was reviewed for zedBSD's 64-bit long-double ABI; local error helpers now update the software fenv.,fixed,https://www.open-std.org/jtc1/sc22/wg14/www/docs/n2176.pdf
41,ISO-C17,<math.h>,asinf,function,required,implemented,libc/include/math.h,vendor/musl/src/math/asinf.c,header/symbol audit; amd64 QEMU boot; pcat/pc98 HDD integration builds,,reviewed,The pinned musl implementation was reviewed for zedBSD's 64-bit long-double ABI; local error helpers now update the software fenv.,fixed,https://www.open-std.org/jtc1/sc22/wg14/www/docs/n2176.pdf
42,ISO-C17,<math.h>,asinh,function,required,implemented,libc/include/math.h,vendor/musl/src/math/asinh.c,header/symbol audit; amd64 QEMU boot; pcat/pc98 HDD integration builds,,reviewed,The pinned musl implementation was reviewed for zedBSD's 64-bit long-double ABI; local error helpers now update the software fenv.,fixed,https://www.open-std.org/jtc1/sc22/wg14/www/docs/n2176.pdf
43,ISO-C17,<math.h>,asinhf,function,required,implemented,libc/include/math.h,vendor/musl/src/math/asinhf.c,header/symbol audit; amd64 QEMU boot; pcat/pc98 HDD integration builds,,reviewed,The pinned musl implementation was reviewed for zedBSD's 64-bit long-double ABI; local error helpers now update the software fenv.,fixed,https://www.open-std.org/jtc1/sc22/wg14/www/docs/n2176.pdf
44,ISO-C17,<math.h>,asinhl,function,required,implemented,libc/include/math.h,vendor/musl/src/math/asinhl.c,header/symbol audit; amd64 QEMU boot; pcat/pc98 HDD integration builds,,reviewed,The pinned musl implementation was reviewed for zedBSD's 64-bit long-double ABI; local error helpers now update the software fenv.,fixed,https://www.open-std.org/jtc1/sc22/wg14/www/docs/n2176.pdf
45,ISO-C17,<math.h>,asinl,function,required,implemented,libc/include/math.h,vendor/musl/src/math/asinl.c,header/symbol audit; amd64 QEMU boot; pcat/pc98 HDD integration builds,,reviewed,The pinned musl implementation was reviewed for zedBSD's 64-bit long-double ABI; local error helpers now update the software fenv.,fixed,https://www.open-std.org/jtc1/sc22/wg14/www/docs/n2176.pdf
46,ISO-C17,<math.h>,atan,function,required,implemented,libc/include/math.h,vendor/musl/src/math/atan.c,header/symbol audit; amd64 QEMU boot; pcat/pc98 HDD integration builds,,reviewed,The pinned musl implementation was reviewed for zedBSD's 64-bit long-double ABI; local error helpers now update the software fenv.,fixed,https://www.open-std.org/jtc1/sc22/wg14/www/docs/n2176.pdf
47,ISO-C17,<math.h>,atan2,function,required,implemented,libc/include/math.h,vendor/musl/src/math/atan2.c,header/symbol audit; amd64 QEMU boot; pcat/pc98 HDD integration builds,,reviewed,The pinned musl implementation was reviewed for zedBSD's 64-bit long-double ABI; local error helpers now update the software fenv.,fixed,https://www.open-std.org/jtc1/sc22/wg14/www/docs/n2176.pdf
48,ISO-C17,<math.h>,atan2f,function,required,implemented,libc/include/math.h,vendor/musl/src/math/atan2f.c,header/symbol audit; amd64 QEMU boot; pcat/pc98 HDD integration builds,,reviewed,The pinned musl implementation was reviewed for zedBSD's 64-bit long-double ABI; local error helpers now update the software fenv.,fixed,https://www.open-std.org/jtc1/sc22/wg14/www/docs/n2176.pdf
49,ISO-C17,<math.h>,atan2l,function,required,implemented,libc/include/math.h,vendor/musl/src/math/atan2l.c,header/symbol audit; amd64 QEMU boot; pcat/pc98 HDD integration builds,,reviewed,The pinned musl implementation was reviewed for zedBSD's 64-bit long-double ABI; local error helpers now update the software fenv.,fixed,https://www.open-std.org/jtc1/sc22/wg14/www/docs/n2176.pdf
50,ISO-C17,<math.h>,atanf,function,required,implemented,libc/include/math.h,vendor/musl/src/math/atanf.c,header/symbol audit; amd64 QEMU boot; pcat/pc98 HDD integration builds,,reviewed,The pinned musl implementation was reviewed for zedBSD's 64-bit long-double ABI; local error helpers now update the software fenv.,fixed,https://www.open-std.org/jtc1/sc22/wg14/www/docs/n2176.pdf
51,ISO-C17,<math.h>,atanh,function,required,implemented,libc/include/math.h,vendor/musl/src/math/atanh.c,header/symbol audit; amd64 QEMU boot; pcat/pc98 HDD integration builds,,reviewed,The pinned musl implementation was reviewed for zedBSD's 64-bit long-double ABI; local error helpers now update the software fenv.,fixed,https://www.open-std.org/jtc1/sc22/wg14/www/docs/n2176.pdf
52,ISO-C17,<math.h>,atanhf,function,required,implemented,libc/include/math.h,vendor/musl/src/math/atanhf.c,header/symbol audit; amd64 QEMU boot; pcat/pc98 HDD integration builds,,reviewed,The pinned musl implementation was reviewed for zedBSD's 64-bit long-double ABI; local error helpers now update the software fenv.,fixed,https://www.open-std.org/jtc1/sc22/wg14/www/docs/n2176.pdf
53,ISO-C17,<math.h>,atanhl,function,required,implemented,libc/include/math.h,vendor/musl/src/math/atanhl.c,header/symbol audit; amd64 QEMU boot; pcat/pc98 HDD integration builds,,reviewed,The pinned musl implementation was reviewed for zedBSD's 64-bit long-double ABI; local error helpers now update the software fenv.,fixed,https://www.open-std.org/jtc1/sc22/wg14/www/docs/n2176.pdf
54,ISO-C17,<math.h>,atanl,function,required,implemented,libc/include/math.h,vendor/musl/src/math/atanl.c,header/symbol audit; amd64 QEMU boot; pcat/pc98 HDD integration builds,,reviewed,The pinned musl implementation was reviewed for zedBSD's 64-bit long-double ABI; local error helpers now update the software fenv.,fixed,https://www.open-std.org/jtc1/sc22/wg14/www/docs/n2176.pdf
55,ISO-C17,<math.h>,cbrt,function,required,implemented,libc/include/math.h,vendor/musl/src/math/cbrt.c,header/symbol audit; amd64 QEMU boot; pcat/pc98 HDD integration builds,,reviewed,The pinned musl implementation was reviewed for zedBSD's 64-bit long-double ABI; local error helpers now update the software fenv.,fixed,https://www.open-std.org/jtc1/sc22/wg14/www/docs/n2176.pdf
56,ISO-C17,<math.h>,cbrtf,function,required,implemented,libc/include/math.h,vendor/musl/src/math/cbrtf.c,header/symbol audit; amd64 QEMU boot; pcat/pc98 HDD integration builds,,reviewed,The pinned musl implementation was reviewed for zedBSD's 64-bit long-double ABI; local error helpers now update the software fenv.,fixed,https://www.open-std.org/jtc1/sc22/wg14/www/docs/n2176.pdf
57,ISO-C17,<math.h>,cbrtl,function,required,implemented,libc/include/math.h,vendor/musl/src/math/cbrtl.c,header/symbol audit; amd64 QEMU boot; pcat/pc98 HDD integration builds,,reviewed,The pinned musl implementation was reviewed for zedBSD's 64-bit long-double ABI; local error helpers now update the software fenv.,fixed,https://www.open-std.org/jtc1/sc22/wg14/www/docs/n2176.pdf
58,ISO-C17,<math.h>,ceil,function,required,implemented,libc/include/math.h,vendor/musl/src/math/ceil.c|vendor/musl/src/math/powerpc64/ceil.c|vendor/musl/src/math/s390x/ceil.c|vendor/musl/src/math/aarch64/ceil.c,header/symbol audit; amd64 QEMU boot; pcat/pc98 HDD integration builds,,reviewed,The pinned musl implementation was reviewed for zedBSD's 64-bit long-double ABI; local error helpers now update the software fenv.,fixed,https://www.open-std.org/jtc1/sc22/wg14/www/docs/n2176.pdf
59,ISO-C17,<math.h>,ceilf,function,required,implemented,libc/include/math.h,vendor/musl/src/math/ceilf.c|vendor/musl/src/math/powerpc64/ceilf.c|vendor/musl/src/math/s390x/ceilf.c|vendor/musl/src/math/aarch64/ceilf.c,header/symbol audit; amd64 QEMU boot; pcat/pc98 HDD integration builds,,reviewed,The pinned musl implementation was reviewed for zedBSD's 64-bit long-double ABI; local error helpers now update the software fenv.,fixed,https://www.open-std.org/jtc1/sc22/wg14/www/docs/n2176.pdf
60,ISO-C17,<math.h>,ceill,function,required,implemented,libc/include/math.h,vendor/musl/src/math/ceill.c|vendor/musl/src/math/s390x/ceill.c,header/symbol audit; amd64 QEMU boot; pcat/pc98 HDD integration builds,,reviewed,The pinned musl implementation was reviewed for zedBSD's 64-bit long-double ABI; local error helpers now update the software fenv.,fixed,https://www.open-std.org/jtc1/sc22/wg14/www/docs/n2176.pdf
61,ISO-C17,<math.h>,copysign,function,required,implemented,libc/include/math.h,vendor/musl/src/math/copysign.c|vendor/musl/src/math/riscv64/copysign.c|vendor/musl/src/math/riscv32/copysign.c,header/symbol audit; amd64 QEMU boot; pcat/pc98 HDD integration builds,,reviewed,The pinned musl implementation was reviewed for zedBSD's 64-bit long-double ABI; local error helpers now update the software fenv.,fixed,https://www.open-std.org/jtc1/sc22/wg14/www/docs/n2176.pdf
62,ISO-C17,<math.h>,copysignf,function,required,implemented,libc/include/math.h,vendor/musl/src/math/copysignf.c|vendor/musl/src/math/riscv64/copysignf.c|vendor/musl/src/math/riscv32/copysignf.c,header/symbol audit; amd64 QEMU boot; pcat/pc98 HDD integration builds,,reviewed,The pinned musl implementation was reviewed for zedBSD's 64-bit long-double ABI; local error helpers now update the software fenv.,fixed,https://www.open-std.org/jtc1/sc22/wg14/www/docs/n2176.pdf
63,ISO-C17,<math.h>,copysignl,function,required,implemented,libc/include/math.h,vendor/musl/src/math/copysignl.c,header/symbol audit; amd64 QEMU boot; pcat/pc98 HDD integration builds,,reviewed,The pinned musl implementation was reviewed for zedBSD's 64-bit long-double ABI; local error helpers now update the software fenv.,fixed,https://www.open-std.org/jtc1/sc22/wg14/www/docs/n2176.pdf
64,ISO-C17,<math.h>,cos,function,required,implemented,libc/include/math.h,vendor/musl/src/math/cos.c,header/symbol audit; amd64 QEMU boot; pcat/pc98 HDD integration builds,,reviewed,The pinned musl implementation was reviewed for zedBSD's 64-bit long-double ABI; local error helpers now update the software fenv.,fixed,https://www.open-std.org/jtc1/sc22/wg14/www/docs/n2176.pdf
65,ISO-C17,<math.h>,cosf,function,required,implemented,libc/include/math.h,vendor/musl/src/math/cosf.c,header/symbol audit; amd64 QEMU boot; pcat/pc98 HDD integration builds,,reviewed,The pinned musl implementation was reviewed for zedBSD's 64-bit long-double ABI; local error helpers now update the software fenv.,fixed,https://www.open-std.org/jtc1/sc22/wg14/www/docs/n2176.pdf
66,ISO-C17,<math.h>,cosh,function,required,implemented,libc/include/math.h,vendor/musl/src/math/cosh.c,header/symbol audit; amd64 QEMU boot; pcat/pc98 HDD integration builds,,reviewed,The pinned musl implementation was reviewed for zedBSD's 64-bit long-double ABI; local error helpers now update the software fenv.,fixed,https://www.open-std.org/jtc1/sc22/wg14/www/docs/n2176.pdf
67,ISO-C17,<math.h>,coshf,function,required,implemented,libc/include/math.h,vendor/musl/src/math/coshf.c,header/symbol audit; amd64 QEMU boot; pcat/pc98 HDD integration builds,,reviewed,The pinned musl implementation was reviewed for zedBSD's 64-bit long-double ABI; local error helpers now update the software fenv.,fixed,https://www.open-std.org/jtc1/sc22/wg14/www/docs/n2176.pdf
68,ISO-C17,<math.h>,coshl,function,required,implemented,libc/include/math.h,vendor/musl/src/math/coshl.c,header/symbol audit; amd64 QEMU boot; pcat/pc98 HDD integration builds,,reviewed,The pinned musl implementation was reviewed for zedBSD's 64-bit long-double ABI; local error helpers now update the software fenv.,fixed,https://www.open-std.org/jtc1/sc22/wg14/www/docs/n2176.pdf
69,ISO-C17,<math.h>,cosl,function,required,implemented,libc/include/math.h,vendor/musl/src/math/cosl.c,header/symbol audit; amd64 QEMU boot; pcat/pc98 HDD integration builds,,reviewed,The pinned musl implementation was reviewed for zedBSD's 64-bit long-double ABI; local error helpers now update the software fenv.,fixed,https://www.open-std.org/jtc1/sc22/wg14/www/docs/n2176.pdf
70,ISO-C17,<math.h>,erf,function,required,implemented,libc/include/math.h,vendor/musl/src/math/erf.c,header/symbol audit; amd64 QEMU boot; pcat/pc98 HDD integration builds,,reviewed,The pinned musl implementation was reviewed for zedBSD's 64-bit long-double ABI; local error helpers now update the software fenv.,fixed,https://www.open-std.org/jtc1/sc22/wg14/www/docs/n2176.pdf
71,ISO-C17,<math.h>,erfc,function,required,implemented,libc/include/math.h,vendor/musl/src/math/erf.c,header/symbol audit; amd64 QEMU boot; pcat/pc98 HDD integration builds,,reviewed,The pinned musl implementation was reviewed for zedBSD's 64-bit long-double ABI; local error helpers now update the software fenv.,fixed,https://www.open-std.org/jtc1/sc22/wg14/www/docs/n2176.pdf
72,ISO-C17,<math.h>,erfcf,function,required,implemented,libc/include/math.h,vendor/musl/src/math/erff.c,header/symbol audit; amd64 QEMU boot; pcat/pc98 HDD integration builds,,reviewed,The pinned musl implementation was reviewed for zedBSD's 64-bit long-double ABI; local error helpers now update the software fenv.,fixed,https://www.open-std.org/jtc1/sc22/wg14/www/docs/n2176.pdf
73,ISO-C17,<math.h>,erfcl,function,required,implemented,libc/include/math.h,vendor/musl/src/math/erfl.c,header/symbol audit; amd64 QEMU boot; pcat/pc98 HDD integration builds,,reviewed,The pinned musl implementation was reviewed for zedBSD's 64-bit long-double ABI; local error helpers now update the software fenv.,fixed,https://www.open-std.org/jtc1/sc22/wg14/www/docs/n2176.pdf
74,ISO-C17,<math.h>,erff,function,required,implemented,libc/include/math.h,vendor/musl/src/math/erff.c,header/symbol audit; amd64 QEMU boot; pcat/pc98 HDD integration builds,,reviewed,The pinned musl implementation was reviewed for zedBSD's 64-bit long-double ABI; local error helpers now update the software fenv.,fixed,https://www.open-std.org/jtc1/sc22/wg14/www/docs/n2176.pdf
75,ISO-C17,<math.h>,erfl,function,required,implemented,libc/include/math.h,vendor/musl/src/math/erfl.c,header/symbol audit; amd64 QEMU boot; pcat/pc98 HDD integration builds,,reviewed,The pinned musl implementation was reviewed for zedBSD's 64-bit long-double ABI; local error helpers now update the software fenv.,fixed,https://www.open-std.org/jtc1/sc22/wg14/www/docs/n2176.pdf
76,ISO-C17,<math.h>,exp,function,required,implemented,libc/include/math.h,vendor/musl/src/math/exp.c,header/symbol audit; amd64 QEMU boot; pcat/pc98 HDD integration builds,,reviewed,The pinned musl implementation was reviewed for zedBSD's 64-bit long-double ABI; local error helpers now update the software fenv.,fixed,https://www.open-std.org/jtc1/sc22/wg14/www/docs/n2176.pdf
77,ISO-C17,<math.h>,exp2,function,required,implemented,libc/include/math.h,vendor/musl/src/math/exp2.c|vendor/musl/src/math/powf.c,header/symbol audit; amd64 QEMU boot; pcat/pc98 HDD integration builds,,reviewed,The pinned musl implementation was reviewed for zedBSD's 64-bit long-double ABI; local error helpers now update the software fenv.,fixed,https://www.open-std.org/jtc1/sc22/wg14/www/docs/n2176.pdf
78,ISO-C17,<math.h>,exp2f,function,required,implemented,libc/include/math.h,vendor/musl/src/math/exp2f.c,header/symbol audit; amd64 QEMU boot; pcat/pc98 HDD integration builds,,reviewed,The pinned musl implementation was reviewed for zedBSD's 64-bit long-double ABI; local error helpers now update the software fenv.,fixed,https://www.open-std.org/jtc1/sc22/wg14/www/docs/n2176.pdf
79,ISO-C17,<math.h>,exp2l,function,required,implemented,libc/include/math.h,vendor/musl/src/math/exp2l.c,header/symbol audit; amd64 QEMU boot; pcat/pc98 HDD integration builds,,reviewed,The pinned musl implementation was reviewed for zedBSD's 64-bit long-double ABI; local error helpers now update the software fenv.,fixed,https://www.open-std.org/jtc1/sc22/wg14/www/docs/n2176.pdf
80,ISO-C17,<math.h>,expf,function,required,implemented,libc/include/math.h,vendor/musl/src/math/expf.c,header/symbol audit; amd64 QEMU boot; pcat/pc98 HDD integration builds,,reviewed,The pinned musl implementation was reviewed for zedBSD's 64-bit long-double ABI; local error helpers now update the software fenv.,fixed,https://www.open-std.org/jtc1/sc22/wg14/www/docs/n2176.pdf
81,ISO-C17,<math.h>,expl,function,required,implemented,libc/include/math.h,vendor/musl/src/math/expl.c,header/symbol audit; amd64 QEMU boot; pcat/pc98 HDD integration builds,,reviewed,The pinned musl implementation was reviewed for zedBSD's 64-bit long-double ABI; local error helpers now update the software fenv.,fixed,https://www.open-std.org/jtc1/sc22/wg14/www/docs/n2176.pdf
82,ISO-C17,<math.h>,expm1,function,required,implemented,libc/include/math.h,vendor/musl/src/math/expm1.c,header/symbol audit; amd64 QEMU boot; pcat/pc98 HDD integration builds,,reviewed,The pinned musl implementation was reviewed for zedBSD's 64-bit long-double ABI; local error helpers now update the software fenv.,fixed,https://www.open-std.org/jtc1/sc22/wg14/www/docs/n2176.pdf
83,ISO-C17,<math.h>,expm1f,function,required,implemented,libc/include/math.h,vendor/musl/src/math/expm1f.c,header/symbol audit; amd64 QEMU boot; pcat/pc98 HDD integration builds,,reviewed,The pinned musl implementation was reviewed for zedBSD's 64-bit long-double ABI; local error helpers now update the software fenv.,fixed,https://www.open-std.org/jtc1/sc22/wg14/www/docs/n2176.pdf
84,ISO-C17,<math.h>,expm1l,function,required,implemented,libc/include/math.h,vendor/musl/src/math/expm1l.c,header/symbol audit; amd64 QEMU boot; pcat/pc98 HDD integration builds,,reviewed,The pinned musl implementation was reviewed for zedBSD's 64-bit long-double ABI; local error helpers now update the software fenv.,fixed,https://www.open-std.org/jtc1/sc22/wg14/www/docs/n2176.pdf
85,ISO-C17,<math.h>,fabs,function,required,implemented,libc/include/math.h,vendor/musl/src/math/fabs.c|vendor/musl/src/math/powerpc64/fabs.c|vendor/musl/src/math/arm/fabs.c|vendor/musl/src/math/riscv64/fabs.c,header/symbol audit; amd64 QEMU boot; pcat/pc98 HDD integration builds,,reviewed,The pinned musl implementation was reviewed for zedBSD's 64-bit long-double ABI; local error helpers now update the software fenv.,fixed,https://www.open-std.org/jtc1/sc22/wg14/www/docs/n2176.pdf
86,ISO-C17,<math.h>,fabsf,function,required,implemented,libc/include/math.h,vendor/musl/src/math/fabsf.c|vendor/musl/src/math/powerpc64/fabsf.c|vendor/musl/src/math/arm/fabsf.c|vendor/musl/src/math/riscv64/fabsf.c,header/symbol audit; amd64 QEMU boot; pcat/pc98 HDD integration builds,,reviewed,The pinned musl implementation was reviewed for zedBSD's 64-bit long-double ABI; local error helpers now update the software fenv.,fixed,https://www.open-std.org/jtc1/sc22/wg14/www/docs/n2176.pdf
87,ISO-C17,<math.h>,fabsl,function,required,implemented,libc/include/math.h,vendor/musl/src/math/fabsl.c|vendor/musl/src/math/x86_64/fabsl.c|vendor/musl/src/math/i386/fabsl.c|vendor/musl/src/math/s390x/fabsl.c,header/symbol audit; amd64 QEMU boot; pcat/pc98 HDD integration builds,,reviewed,The pinned musl implementation was reviewed for zedBSD's 64-bit long-double ABI; local error helpers now update the software fenv.,fixed,https://www.open-std.org/jtc1/sc22/wg14/www/docs/n2176.pdf
88,ISO-C17,<math.h>,fdim,function,required,implemented,libc/include/math.h,vendor/musl/src/math/fdim.c,header/symbol audit; amd64 QEMU boot; pcat/pc98 HDD integration builds,,reviewed,The pinned musl implementation was reviewed for zedBSD's 64-bit long-double ABI; local error helpers now update the software fenv.,fixed,https://www.open-std.org/jtc1/sc22/wg14/www/docs/n2176.pdf
89,ISO-C17,<math.h>,fdimf,function,required,implemented,libc/include/math.h,vendor/musl/src/math/fdimf.c,header/symbol audit; amd64 QEMU boot; pcat/pc98 HDD integration builds,,reviewed,The pinned musl implementation was reviewed for zedBSD's 64-bit long-double ABI; local error helpers now update the software fenv.,fixed,https://www.open-std.org/jtc1/sc22/wg14/www/docs/n2176.pdf
90,ISO-C17,<math.h>,fdiml,function,required,implemented,libc/include/math.h,vendor/musl/src/math/fdiml.c,header/symbol audit; amd64 QEMU boot; pcat/pc98 HDD integration builds,,reviewed,The pinned musl implementation was reviewed for zedBSD's 64-bit long-double ABI; local error helpers now update the software fenv.,fixed,https://www.open-std.org/jtc1/sc22/wg14/www/docs/n2176.pdf
91,ISO-C17,<math.h>,floor,function,required,implemented,libc/include/math.h,vendor/musl/src/math/floor.c|vendor/musl/src/math/powerpc64/floor.c|vendor/musl/src/math/s390x/floor.c|vendor/musl/src/math/aarch64/floor.c,header/symbol audit; amd64 QEMU boot; pcat/pc98 HDD integration builds,,reviewed,The pinned musl implementation was reviewed for zedBSD's 64-bit long-double ABI; local error helpers now update the software fenv.,fixed,https://www.open-std.org/jtc1/sc22/wg14/www/docs/n2176.pdf
92,ISO-C17,<math.h>,floorf,function,required,implemented,libc/include/math.h,vendor/musl/src/math/floorf.c|vendor/musl/src/math/powerpc64/floorf.c|vendor/musl/src/math/s390x/floorf.c|vendor/musl/src/math/aarch64/floorf.c,header/symbol audit; amd64 QEMU boot; pcat/pc98 HDD integration builds,,reviewed,The pinned musl implementation was reviewed for zedBSD's 64-bit long-double ABI; local error helpers now update the software fenv.,fixed,https://www.open-std.org/jtc1/sc22/wg14/www/docs/n2176.pdf
93,ISO-C17,<math.h>,floorl,function,required,implemented,libc/include/math.h,vendor/musl/src/math/floorl.c|vendor/musl/src/math/s390x/floorl.c,header/symbol audit; amd64 QEMU boot; pcat/pc98 HDD integration builds,,reviewed,The pinned musl implementation was reviewed for zedBSD's 64-bit long-double ABI; local error helpers now update the software fenv.,fixed,https://www.open-std.org/jtc1/sc22/wg14/www/docs/n2176.pdf
94,ISO-C17,<math.h>,fma,function,required,implemented,libc/include/math.h,vendor/musl/src/math/fma.c|vendor/musl/src/math/powerpc64/fma.c|vendor/musl/src/math/arm/fma.c|vendor/musl/src/math/x32/fma.c,header/symbol audit; amd64 QEMU boot; pcat/pc98 HDD integration builds,,reviewed,The pinned musl implementation was reviewed for zedBSD's 64-bit long-double ABI; local error helpers now update the software fenv.,fixed,https://www.open-std.org/jtc1/sc22/wg14/www/docs/n2176.pdf
95,ISO-C17,<math.h>,fmaf,function,required,implemented,libc/include/math.h,vendor/musl/src/math/fmaf.c|vendor/musl/src/math/powerpc64/fmaf.c|vendor/musl/src/math/arm/fmaf.c|vendor/musl/src/math/x32/fmaf.c,header/symbol audit; amd64 QEMU boot; pcat/pc98 HDD integration builds,,reviewed,The pinned musl implementation was reviewed for zedBSD's 64-bit long-double ABI; local error helpers now update the software fenv.,fixed,https://www.open-std.org/jtc1/sc22/wg14/www/docs/n2176.pdf
96,ISO-C17,<math.h>,fmal,function,required,implemented,libc/include/math.h,vendor/musl/src/math/fmal.c,header/symbol audit; amd64 QEMU boot; pcat/pc98 HDD integration builds,,reviewed,The pinned musl implementation was reviewed for zedBSD's 64-bit long-double ABI; local error helpers now update the software fenv.,fixed,https://www.open-std.org/jtc1/sc22/wg14/www/docs/n2176.pdf
97,ISO-C17,<math.h>,fmax,function,required,implemented,libc/include/math.h,vendor/musl/src/math/fmax.c|vendor/musl/src/math/powerpc64/fmax.c|vendor/musl/src/math/riscv64/fmax.c|vendor/musl/src/math/aarch64/fmax.c,header/symbol audit; amd64 QEMU boot; pcat/pc98 HDD integration builds,,reviewed,The pinned musl implementation was reviewed for zedBSD's 64-bit long-double ABI; local error helpers now update the software fenv.,fixed,https://www.open-std.org/jtc1/sc22/wg14/www/docs/n2176.pdf
98,ISO-C17,<math.h>,fmaxf,function,required,implemented,libc/include/math.h,vendor/musl/src/math/fmaxf.c|vendor/musl/src/math/powerpc64/fmaxf.c|vendor/musl/src/math/riscv64/fmaxf.c|vendor/musl/src/math/aarch64/fmaxf.c,header/symbol audit; amd64 QEMU boot; pcat/pc98 HDD integration builds,,reviewed,The pinned musl implementation was reviewed for zedBSD's 64-bit long-double ABI; local error helpers now update the software fenv.,fixed,https://www.open-std.org/jtc1/sc22/wg14/www/docs/n2176.pdf
99,ISO-C17,<math.h>,fmaxl,function,required,implemented,libc/include/math.h,vendor/musl/src/math/fmaxl.c,header/symbol audit; amd64 QEMU boot; pcat/pc98 HDD integration builds,,reviewed,The pinned musl implementation was reviewed for zedBSD's 64-bit long-double ABI; local error helpers now update the software fenv.,fixed,https://www.open-std.org/jtc1/sc22/wg14/www/docs/n2176.pdf
100,ISO-C17,<math.h>,fmin,function,required,implemented,libc/include/math.h,vendor/musl/src/math/fmin.c|vendor/musl/src/math/powerpc64/fmin.c|vendor/musl/src/math/riscv64/fmin.c|vendor/musl/src/math/aarch64/fmin.c,header/symbol audit; amd64 QEMU boot; pcat/pc98 HDD integration builds,,reviewed,The pinned musl implementation was reviewed for zedBSD's 64-bit long-double ABI; local error helpers now update the software fenv.,fixed,https://www.open-std.org/jtc1/sc22/wg14/www/docs/n2176.pdf
101,ISO-C17,<math.h>,fminf,function,required,implemented,libc/include/math.h,vendor/musl/src/math/fminf.c|vendor/musl/src/math/powerpc64/fminf.c|vendor/musl/src/math/riscv64/fminf.c|vendor/musl/src/math/aarch64/fminf.c,header/symbol audit; amd64 QEMU boot; pcat/pc98 HDD integration builds,,reviewed,The pinned musl implementation was reviewed for zedBSD's 64-bit long-double ABI; local error helpers now update the software fenv.,fixed,https://www.open-std.org/jtc1/sc22/wg14/www/docs/n2176.pdf
102,ISO-C17,<math.h>,fminl,function,required,implemented,libc/include/math.h,vendor/musl/src/math/fminl.c,header/symbol audit; amd64 QEMU boot; pcat/pc98 HDD integration builds,,reviewed,The pinned musl implementation was reviewed for zedBSD's 64-bit long-double ABI; local error helpers now update the software fenv.,fixed,https://www.open-std.org/jtc1/sc22/wg14/www/docs/n2176.pdf
103,ISO-C17,<math.h>,fmod,function,required,implemented,libc/include/math.h,vendor/musl/src/math/fmod.c|vendor/musl/src/math/i386/fmod.c,header/symbol audit; amd64 QEMU boot; pcat/pc98 HDD integration builds,,reviewed,The pinned musl implementation was reviewed for zedBSD's 64-bit long-double ABI; local error helpers now update the software fenv.,fixed,https://www.open-std.org/jtc1/sc22/wg14/www/docs/n2176.pdf
104,ISO-C17,<math.h>,fmodf,function,required,implemented,libc/include/math.h,vendor/musl/src/math/fmodf.c|vendor/musl/src/math/i386/fmodf.c,header/symbol audit; amd64 QEMU boot; pcat/pc98 HDD integration builds,,reviewed,The pinned musl implementation was reviewed for zedBSD's 64-bit long-double ABI; local error helpers now update the software fenv.,fixed,https://www.open-std.org/jtc1/sc22/wg14/www/docs/n2176.pdf
105,ISO-C17,<math.h>,fmodl,function,required,implemented,libc/include/math.h,vendor/musl/src/math/fmodl.c|vendor/musl/src/math/x86_64/fmodl.c|vendor/musl/src/math/i386/fmodl.c,header/symbol audit; amd64 QEMU boot; pcat/pc98 HDD integration builds,,reviewed,The pinned musl implementation was reviewed for zedBSD's 64-bit long-double ABI; local error helpers now update the software fenv.,fixed,https://www.open-std.org/jtc1/sc22/wg14/www/docs/n2176.pdf
106,ISO-C17,<math.h>,frexp,function,required,implemented,libc/include/math.h,vendor/musl/src/math/frexp.c,header/symbol audit; amd64 QEMU boot; pcat/pc98 HDD integration builds,,reviewed,The pinned musl implementation was reviewed for zedBSD's 64-bit long-double ABI; local error helpers now update the software fenv.,fixed,https://www.open-std.org/jtc1/sc22/wg14/www/docs/n2176.pdf
107,ISO-C17,<math.h>,frexpf,function,required,implemented,libc/include/math.h,vendor/musl/src/math/frexpf.c,header/symbol audit; amd64 QEMU boot; pcat/pc98 HDD integration builds,,reviewed,The pinned musl implementation was reviewed for zedBSD's 64-bit long-double ABI; local error helpers now update the software fenv.,fixed,https://www.open-std.org/jtc1/sc22/wg14/www/docs/n2176.pdf
108,ISO-C17,<math.h>,frexpl,function,required,implemented,libc/include/math.h,vendor/musl/src/math/frexpl.c,header/symbol audit; amd64 QEMU boot; pcat/pc98 HDD integration builds,,reviewed,The pinned musl implementation was reviewed for zedBSD's 64-bit long-double ABI; local error helpers now update the software fenv.,fixed,https://www.open-std.org/jtc1/sc22/wg14/www/docs/n2176.pdf
109,ISO-C17,<math.h>,hypot,function,required,implemented,libc/include/math.h,vendor/musl/src/math/hypot.c,header/symbol audit; amd64 QEMU boot; pcat/pc98 HDD integration builds,,reviewed,The pinned musl implementation was reviewed for zedBSD's 64-bit long-double ABI; local error helpers now update the software fenv.,fixed,https://www.open-std.org/jtc1/sc22/wg14/www/docs/n2176.pdf
110,ISO-C17,<math.h>,hypotf,function,required,implemented,libc/include/math.h,vendor/musl/src/math/hypotf.c,header/symbol audit; amd64 QEMU boot; pcat/pc98 HDD integration builds,,reviewed,The pinned musl implementation was reviewed for zedBSD's 64-bit long-double ABI; local error helpers now update the software fenv.,fixed,https://www.open-std.org/jtc1/sc22/wg14/www/docs/n2176.pdf
111,ISO-C17,<math.h>,hypotl,function,required,implemented,libc/include/math.h,vendor/musl/src/math/hypotl.c,header/symbol audit; amd64 QEMU boot; pcat/pc98 HDD integration builds,,reviewed,The pinned musl implementation was reviewed for zedBSD's 64-bit long-double ABI; local error helpers now update the software fenv.,fixed,https://www.open-std.org/jtc1/sc22/wg14/www/docs/n2176.pdf
112,ISO-C17,<math.h>,ilogb,function,required,implemented,libc/include/math.h,vendor/musl/src/math/ilogb.c,header/symbol audit; amd64 QEMU boot; pcat/pc98 HDD integration builds,,reviewed,The pinned musl implementation was reviewed for zedBSD's 64-bit long-double ABI; local error helpers now update the software fenv.,fixed,https://www.open-std.org/jtc1/sc22/wg14/www/docs/n2176.pdf
113,ISO-C17,<math.h>,ilogbf,function,required,implemented,libc/include/math.h,vendor/musl/src/math/ilogbf.c,header/symbol audit; amd64 QEMU boot; pcat/pc98 HDD integration builds,,reviewed,The pinned musl implementation was reviewed for zedBSD's 64-bit long-double ABI; local error helpers now update the software fenv.,fixed,https://www.open-std.org/jtc1/sc22/wg14/www/docs/n2176.pdf
114,ISO-C17,<math.h>,ilogbl,function,required,implemented,libc/include/math.h,vendor/musl/src/math/ilogbl.c,header/symbol audit; amd64 QEMU boot; pcat/pc98 HDD integration builds,,reviewed,The pinned musl implementation was reviewed for zedBSD's 64-bit long-double ABI; local error helpers now update the software fenv.,fixed,https://www.open-std.org/jtc1/sc22/wg14/www/docs/n2176.pdf
115,ISO-C17,<math.h>,ldexp,function,required,implemented,libc/include/math.h,vendor/musl/src/math/ldexp.c,header/symbol audit; amd64 QEMU boot; pcat/pc98 HDD integration builds,,reviewed,The pinned musl implementation was reviewed for zedBSD's 64-bit long-double ABI; local error helpers now update the software fenv.,fixed,https://www.open-std.org/jtc1/sc22/wg14/www/docs/n2176.pdf
116,ISO-C17,<math.h>,ldexpf,function,required,implemented,libc/include/math.h,vendor/musl/src/math/ldexpf.c,header/symbol audit; amd64 QEMU boot; pcat/pc98 HDD integration builds,,reviewed,The pinned musl implementation was reviewed for zedBSD's 64-bit long-double ABI; local error helpers now update the software fenv.,fixed,https://www.open-std.org/jtc1/sc22/wg14/www/docs/n2176.pdf
117,ISO-C17,<math.h>,ldexpl,function,required,implemented,libc/include/math.h,vendor/musl/src/math/ldexpl.c,header/symbol audit; amd64 QEMU boot; pcat/pc98 HDD integration builds,,reviewed,The pinned musl implementation was reviewed for zedBSD's 64-bit long-double ABI; local error helpers now update the software fenv.,fixed,https://www.open-std.org/jtc1/sc22/wg14/www/docs/n2176.pdf
118,ISO-C17,<math.h>,lgamma,function,required,implemented,libc/include/math.h,vendor/musl/src/math/lgamma.c,header/symbol audit; amd64 QEMU boot; pcat/pc98 HDD integration builds,,reviewed,The pinned musl implementation was reviewed for zedBSD's 64-bit long-double ABI; local error helpers now update the software fenv.,fixed,https://www.open-std.org/jtc1/sc22/wg14/www/docs/n2176.pdf
119,ISO-C17,<math.h>,lgammaf,function,required,implemented,libc/include/math.h,vendor/musl/src/math/lgammaf.c,header/symbol audit; amd64 QEMU boot; pcat/pc98 HDD integration builds,,reviewed,The pinned musl implementation was reviewed for zedBSD's 64-bit long-double ABI; local error helpers now update the software fenv.,fixed,https://www.open-std.org/jtc1/sc22/wg14/www/docs/n2176.pdf
120,ISO-C17,<math.h>,lgammal,function,required,implemented,libc/include/math.h,vendor/musl/src/math/lgammal.c,header/symbol audit; amd64 QEMU boot; pcat/pc98 HDD integration builds,,reviewed,The pinned musl implementation was reviewed for zedBSD's 64-bit long-double ABI; local error helpers now update the software fenv.,fixed,https://www.open-std.org/jtc1/sc22/wg14/www/docs/n2176.pdf
121,ISO-C17,<math.h>,llrint,function,required,implemented,libc/include/math.h,vendor/musl/src/math/llrint.c|vendor/musl/src/math/x86_64/llrint.c|vendor/musl/src/math/i386/llrint.c|vendor/musl/src/math/aarch64/llrint.c,header/symbol audit; amd64 QEMU boot; pcat/pc98 HDD integration builds,,reviewed,The pinned musl implementation was reviewed for zedBSD's 64-bit long-double ABI; local error helpers now update the software fenv.,fixed,https://www.open-std.org/jtc1/sc22/wg14/www/docs/n2176.pdf
122,ISO-C17,<math.h>,llrintf,function,required,implemented,libc/include/math.h,vendor/musl/src/math/llrintf.c|vendor/musl/src/math/x86_64/llrintf.c|vendor/musl/src/math/i386/llrintf.c|vendor/musl/src/math/aarch64/llrintf.c,header/symbol audit; amd64 QEMU boot; pcat/pc98 HDD integration builds,,reviewed,The pinned musl implementation was reviewed for zedBSD's 64-bit long-double ABI; local error helpers now update the software fenv.,fixed,https://www.open-std.org/jtc1/sc22/wg14/www/docs/n2176.pdf
123,ISO-C17,<math.h>,llrintl,function,required,implemented,libc/include/math.h,vendor/musl/src/math/llrintl.c|vendor/musl/src/math/x86_64/llrintl.c|vendor/musl/src/math/i386/llrintl.c,header/symbol audit; amd64 QEMU boot; pcat/pc98 HDD integration builds,,reviewed,The pinned musl implementation was reviewed for zedBSD's 64-bit long-double ABI; local error helpers now update the software fenv.,fixed,https://www.open-std.org/jtc1/sc22/wg14/www/docs/n2176.pdf
124,ISO-C17,<math.h>,llround,function,required,implemented,libc/include/math.h,vendor/musl/src/math/llround.c|vendor/musl/src/math/aarch64/llround.c,header/symbol audit; amd64 QEMU boot; pcat/pc98 HDD integration builds,,reviewed,The pinned musl implementation was reviewed for zedBSD's 64-bit long-double ABI; local error helpers now update the software fenv.,fixed,https://www.open-std.org/jtc1/sc22/wg14/www/docs/n2176.pdf
125,ISO-C17,<math.h>,llroundf,function,required,implemented,libc/include/math.h,vendor/musl/src/math/llroundf.c|vendor/musl/src/math/aarch64/llroundf.c,header/symbol audit; amd64 QEMU boot; pcat/pc98 HDD integration builds,,reviewed,The pinned musl implementation was reviewed for zedBSD's 64-bit long-double ABI; local error helpers now update the software fenv.,fixed,https://www.open-std.org/jtc1/sc22/wg14/www/docs/n2176.pdf
126,ISO-C17,<math.h>,llroundl,function,required,implemented,libc/include/math.h,vendor/musl/src/math/llroundl.c,header/symbol audit; amd64 QEMU boot; pcat/pc98 HDD integration builds,,reviewed,The pinned musl implementation was reviewed for zedBSD's 64-bit long-double ABI; local error helpers now update the software fenv.,fixed,https://www.open-std.org/jtc1/sc22/wg14/www/docs/n2176.pdf
127,ISO-C17,<math.h>,log,function,required,implemented,libc/include/math.h,vendor/musl/src/math/log.c|vendor/musl/src/math/pow_data.c,header/symbol audit; amd64 QEMU boot; pcat/pc98 HDD integration builds,,reviewed,The pinned musl implementation was reviewed for zedBSD's 64-bit long-double ABI; local error helpers now update the software fenv.,fixed,https://www.open-std.org/jtc1/sc22/wg14/www/docs/n2176.pdf
128,ISO-C17,<math.h>,log10,function,required,implemented,libc/include/math.h,vendor/musl/src/math/log10.c,header/symbol audit; amd64 QEMU boot; pcat/pc98 HDD integration builds,,reviewed,The pinned musl implementation was reviewed for zedBSD's 64-bit long-double ABI; local error helpers now update the software fenv.,fixed,https://www.open-std.org/jtc1/sc22/wg14/www/docs/n2176.pdf
129,ISO-C17,<math.h>,log10f,function,required,implemented,libc/include/math.h,vendor/musl/src/math/log10f.c,header/symbol audit; amd64 QEMU boot; pcat/pc98 HDD integration builds,,reviewed,The pinned musl implementation was reviewed for zedBSD's 64-bit long-double ABI; local error helpers now update the software fenv.,fixed,https://www.open-std.org/jtc1/sc22/wg14/www/docs/n2176.pdf
130,ISO-C17,<math.h>,log10l,function,required,implemented,libc/include/math.h,vendor/musl/src/math/log10l.c,header/symbol audit; amd64 QEMU boot; pcat/pc98 HDD integration builds,,reviewed,The pinned musl implementation was reviewed for zedBSD's 64-bit long-double ABI; local error helpers now update the software fenv.,fixed,https://www.open-std.org/jtc1/sc22/wg14/www/docs/n2176.pdf
131,ISO-C17,<math.h>,log1p,function,required,implemented,libc/include/math.h,vendor/musl/src/math/log1p.c,header/symbol audit; amd64 QEMU boot; pcat/pc98 HDD integration builds,,reviewed,The pinned musl implementation was reviewed for zedBSD's 64-bit long-double ABI; local error helpers now update the software fenv.,fixed,https://www.open-std.org/jtc1/sc22/wg14/www/docs/n2176.pdf
132,ISO-C17,<math.h>,log1pf,function,required,implemented,libc/include/math.h,vendor/musl/src/math/log1pf.c,header/symbol audit; amd64 QEMU boot; pcat/pc98 HDD integration builds,,reviewed,The pinned musl implementation was reviewed for zedBSD's 64-bit long-double ABI; local error helpers now update the software fenv.,fixed,https://www.open-std.org/jtc1/sc22/wg14/www/docs/n2176.pdf
133,ISO-C17,<math.h>,log1pl,function,required,implemented,libc/include/math.h,vendor/musl/src/math/log1pl.c,header/symbol audit; amd64 QEMU boot; pcat/pc98 HDD integration builds,,reviewed,The pinned musl implementation was reviewed for zedBSD's 64-bit long-double ABI; local error helpers now update the software fenv.,fixed,https://www.open-std.org/jtc1/sc22/wg14/www/docs/n2176.pdf
134,ISO-C17,<math.h>,log2,function,required,implemented,libc/include/math.h,vendor/musl/src/math/log2.c,header/symbol audit; amd64 QEMU boot; pcat/pc98 HDD integration builds,,reviewed,The pinned musl implementation was reviewed for zedBSD's 64-bit long-double ABI; local error helpers now update the software fenv.,fixed,https://www.open-std.org/jtc1/sc22/wg14/www/docs/n2176.pdf
135,ISO-C17,<math.h>,log2f,function,required,implemented,libc/include/math.h,vendor/musl/src/math/log2f.c,header/symbol audit; amd64 QEMU boot; pcat/pc98 HDD integration builds,,reviewed,The pinned musl implementation was reviewed for zedBSD's 64-bit long-double ABI; local error helpers now update the software fenv.,fixed,https://www.open-std.org/jtc1/sc22/wg14/www/docs/n2176.pdf
136,ISO-C17,<math.h>,log2l,function,required,implemented,libc/include/math.h,vendor/musl/src/math/log2l.c,header/symbol audit; amd64 QEMU boot; pcat/pc98 HDD integration builds,,reviewed,The pinned musl implementation was reviewed for zedBSD's 64-bit long-double ABI; local error helpers now update the software fenv.,fixed,https://www.open-std.org/jtc1/sc22/wg14/www/docs/n2176.pdf
137,ISO-C17,<math.h>,logb,function,required,implemented,libc/include/math.h,vendor/musl/src/math/logb.c,header/symbol audit; amd64 QEMU boot; pcat/pc98 HDD integration builds,,reviewed,The pinned musl implementation was reviewed for zedBSD's 64-bit long-double ABI; local error helpers now update the software fenv.,fixed,https://www.open-std.org/jtc1/sc22/wg14/www/docs/n2176.pdf
138,ISO-C17,<math.h>,logbf,function,required,implemented,libc/include/math.h,vendor/musl/src/math/logbf.c,header/symbol audit; amd64 QEMU boot; pcat/pc98 HDD integration builds,,reviewed,The pinned musl implementation was reviewed for zedBSD's 64-bit long-double ABI; local error helpers now update the software fenv.,fixed,https://www.open-std.org/jtc1/sc22/wg14/www/docs/n2176.pdf
139,ISO-C17,<math.h>,logbl,function,required,implemented,libc/include/math.h,vendor/musl/src/math/logbl.c,header/symbol audit; amd64 QEMU boot; pcat/pc98 HDD integration builds,,reviewed,The pinned musl implementation was reviewed for zedBSD's 64-bit long-double ABI; local error helpers now update the software fenv.,fixed,https://www.open-std.org/jtc1/sc22/wg14/www/docs/n2176.pdf
140,ISO-C17,<math.h>,logf,function,required,implemented,libc/include/math.h,vendor/musl/src/math/logf.c,header/symbol audit; amd64 QEMU boot; pcat/pc98 HDD integration builds,,reviewed,The pinned musl implementation was reviewed for zedBSD's 64-bit long-double ABI; local error helpers now update the software fenv.,fixed,https://www.open-std.org/jtc1/sc22/wg14/www/docs/n2176.pdf
141,ISO-C17,<math.h>,logl,function,required,implemented,libc/include/math.h,vendor/musl/src/math/logl.c,header/symbol audit; amd64 QEMU boot; pcat/pc98 HDD integration builds,,reviewed,The pinned musl implementation was reviewed for zedBSD's 64-bit long-double ABI; local error helpers now update the software fenv.,fixed,https://www.open-std.org/jtc1/sc22/wg14/www/docs/n2176.pdf
142,ISO-C17,<math.h>,lrint,function,required,implemented,libc/include/math.h,vendor/musl/src/math/lrint.c|vendor/musl/src/math/powerpc64/lrint.c|vendor/musl/src/math/x86_64/lrint.c|vendor/musl/src/math/i386/lrint.c,header/symbol audit; amd64 QEMU boot; pcat/pc98 HDD integration builds,,reviewed,The pinned musl implementation was reviewed for zedBSD's 64-bit long-double ABI; local error helpers now update the software fenv.,fixed,https://www.open-std.org/jtc1/sc22/wg14/www/docs/n2176.pdf
143,ISO-C17,<math.h>,lrintf,function,required,implemented,libc/include/math.h,vendor/musl/src/math/lrintf.c|vendor/musl/src/math/powerpc64/lrintf.c|vendor/musl/src/math/x86_64/lrintf.c|vendor/musl/src/math/i386/lrintf.c,header/symbol audit; amd64 QEMU boot; pcat/pc98 HDD integration builds,,reviewed,The pinned musl implementation was reviewed for zedBSD's 64-bit long-double ABI; local error helpers now update the software fenv.,fixed,https://www.open-std.org/jtc1/sc22/wg14/www/docs/n2176.pdf
144,ISO-C17,<math.h>,lrintl,function,required,implemented,libc/include/math.h,vendor/musl/src/math/lrintl.c|vendor/musl/src/math/x86_64/lrintl.c|vendor/musl/src/math/i386/lrintl.c,header/symbol audit; amd64 QEMU boot; pcat/pc98 HDD integration builds,,reviewed,The pinned musl implementation was reviewed for zedBSD's 64-bit long-double ABI; local error helpers now update the software fenv.,fixed,https://www.open-std.org/jtc1/sc22/wg14/www/docs/n2176.pdf
145,ISO-C17,<math.h>,lround,function,required,implemented,libc/include/math.h,vendor/musl/src/math/lround.c|vendor/musl/src/math/powerpc64/lround.c|vendor/musl/src/math/aarch64/lround.c,header/symbol audit; amd64 QEMU boot; pcat/pc98 HDD integration builds,,reviewed,The pinned musl implementation was reviewed for zedBSD's 64-bit long-double ABI; local error helpers now update the software fenv.,fixed,https://www.open-std.org/jtc1/sc22/wg14/www/docs/n2176.pdf
146,ISO-C17,<math.h>,lroundf,function,required,implemented,libc/include/math.h,vendor/musl/src/math/lroundf.c|vendor/musl/src/math/powerpc64/lroundf.c|vendor/musl/src/math/aarch64/lroundf.c,header/symbol audit; amd64 QEMU boot; pcat/pc98 HDD integration builds,,reviewed,The pinned musl implementation was reviewed for zedBSD's 64-bit long-double ABI; local error helpers now update the software fenv.,fixed,https://www.open-std.org/jtc1/sc22/wg14/www/docs/n2176.pdf
147,ISO-C17,<math.h>,lroundl,function,required,implemented,libc/include/math.h,vendor/musl/src/math/lroundl.c,header/symbol audit; amd64 QEMU boot; pcat/pc98 HDD integration builds,,reviewed,The pinned musl implementation was reviewed for zedBSD's 64-bit long-double ABI; local error helpers now update the software fenv.,fixed,https://www.open-std.org/jtc1/sc22/wg14/www/docs/n2176.pdf
148,ISO-C17,<math.h>,modf,function,required,implemented,libc/include/math.h,vendor/musl/src/math/modf.c,header/symbol audit; amd64 QEMU boot; pcat/pc98 HDD integration builds,,reviewed,The pinned musl implementation was reviewed for zedBSD's 64-bit long-double ABI; local error helpers now update the software fenv.,fixed,https://www.open-std.org/jtc1/sc22/wg14/www/docs/n2176.pdf
149,ISO-C17,<math.h>,modff,function,required,implemented,libc/include/math.h,vendor/musl/src/math/modff.c,header/symbol audit; amd64 QEMU boot; pcat/pc98 HDD integration builds,,reviewed,The pinned musl implementation was reviewed for zedBSD's 64-bit long-double ABI; local error helpers now update the software fenv.,fixed,https://www.open-std.org/jtc1/sc22/wg14/www/docs/n2176.pdf
150,ISO-C17,<math.h>,modfl,function,required,implemented,libc/include/math.h,vendor/musl/src/math/modfl.c,header/symbol audit; amd64 QEMU boot; pcat/pc98 HDD integration builds,,reviewed,The pinned musl implementation was reviewed for zedBSD's 64-bit long-double ABI; local error helpers now update the software fenv.,fixed,https://www.open-std.org/jtc1/sc22/wg14/www/docs/n2176.pdf
151,ISO-C17,<math.h>,nan,function,required,implemented,libc/include/math.h,vendor/musl/src/math/nan.c,header/symbol audit; amd64 QEMU boot; pcat/pc98 HDD integration builds,,reviewed,The pinned musl implementation was reviewed for zedBSD's 64-bit long-double ABI; local error helpers now update the software fenv.,fixed,https://www.open-std.org/jtc1/sc22/wg14/www/docs/n2176.pdf
152,ISO-C17,<math.h>,nanf,function,required,implemented,libc/include/math.h,vendor/musl/src/math/nanf.c,header/symbol audit; amd64 QEMU boot; pcat/pc98 HDD integration builds,,reviewed,The pinned musl implementation was reviewed for zedBSD's 64-bit long-double ABI; local error helpers now update the software fenv.,fixed,https://www.open-std.org/jtc1/sc22/wg14/www/docs/n2176.pdf
153,ISO-C17,<math.h>,nanl,function,required,implemented,libc/include/math.h,vendor/musl/src/math/nanl.c,header/symbol audit; amd64 QEMU boot; pcat/pc98 HDD integration builds,,reviewed,The pinned musl implementation was reviewed for zedBSD's 64-bit long-double ABI; local error helpers now update the software fenv.,fixed,https://www.open-std.org/jtc1/sc22/wg14/www/docs/n2176.pdf
154,ISO-C17,<math.h>,nearbyint,function,required,implemented,libc/include/math.h,vendor/musl/src/math/nearbyint.c|vendor/musl/src/math/s390x/nearbyint.c|vendor/musl/src/math/aarch64/nearbyint.c,header/symbol audit; amd64 QEMU boot; pcat/pc98 HDD integration builds,,reviewed,The pinned musl implementation was reviewed for zedBSD's 64-bit long-double ABI; local error helpers now update the software fenv.,fixed,https://www.open-std.org/jtc1/sc22/wg14/www/docs/n2176.pdf
155,ISO-C17,<math.h>,nearbyintf,function,required,implemented,libc/include/math.h,vendor/musl/src/math/nearbyintf.c|vendor/musl/src/math/s390x/nearbyintf.c|vendor/musl/src/math/aarch64/nearbyintf.c,header/symbol audit; amd64 QEMU boot; pcat/pc98 HDD integration builds,,reviewed,The pinned musl implementation was reviewed for zedBSD's 64-bit long-double ABI; local error helpers now update the software fenv.,fixed,https://www.open-std.org/jtc1/sc22/wg14/www/docs/n2176.pdf
156,ISO-C17,<math.h>,nearbyintl,function,required,implemented,libc/include/math.h,vendor/musl/src/math/nearbyintl.c|vendor/musl/src/math/s390x/nearbyintl.c,header/symbol audit; amd64 QEMU boot; pcat/pc98 HDD integration builds,,reviewed,The pinned musl implementation was reviewed for zedBSD's 64-bit long-double ABI; local error helpers now update the software fenv.,fixed,https://www.open-std.org/jtc1/sc22/wg14/www/docs/n2176.pdf
157,ISO-C17,<math.h>,nextafter,function,required,implemented,libc/include/math.h,vendor/musl/src/math/nextafter.c,header/symbol audit; amd64 QEMU boot; pcat/pc98 HDD integration builds,,reviewed,The pinned musl implementation was reviewed for zedBSD's 64-bit long-double ABI; local error helpers now update the software fenv.,fixed,https://www.open-std.org/jtc1/sc22/wg14/www/docs/n2176.pdf
158,ISO-C17,<math.h>,nextafterf,function,required,implemented,libc/include/math.h,vendor/musl/src/math/nextafterf.c,header/symbol audit; amd64 QEMU boot; pcat/pc98 HDD integration builds,,reviewed,The pinned musl implementation was reviewed for zedBSD's 64-bit long-double ABI; local error helpers now update the software fenv.,fixed,https://www.open-std.org/jtc1/sc22/wg14/www/docs/n2176.pdf
159,ISO-C17,<math.h>,nextafterl,function,required,implemented,libc/include/math.h,vendor/musl/src/math/nextafterl.c,header/symbol audit; amd64 QEMU boot; pcat/pc98 HDD integration builds,,reviewed,The pinned musl implementation was reviewed for zedBSD's 64-bit long-double ABI; local error helpers now update the software fenv.,fixed,https://www.open-std.org/jtc1/sc22/wg14/www/docs/n2176.pdf
160,ISO-C17,<math.h>,nexttoward,function,required,implemented,libc/include/math.h,vendor/musl/src/math/nexttoward.c,header/symbol audit; amd64 QEMU boot; pcat/pc98 HDD integration builds,,reviewed,The pinned musl implementation was reviewed for zedBSD's 64-bit long-double ABI; local error helpers now update the software fenv.,fixed,https://www.open-std.org/jtc1/sc22/wg14/www/docs/n2176.pdf
161,ISO-C17,<math.h>,nexttowardf,function,required,implemented,libc/include/math.h,vendor/musl/src/math/nexttowardf.c,header/symbol audit; amd64 QEMU boot; pcat/pc98 HDD integration builds,,reviewed,The pinned musl implementation was reviewed for zedBSD's 64-bit long-double ABI; local error helpers now update the software fenv.,fixed,https://www.open-std.org/jtc1/sc22/wg14/www/docs/n2176.pdf
162,ISO-C17,<math.h>,nexttowardl,function,required,implemented,libc/include/math.h,vendor/musl/src/math/nexttowardl.c,header/symbol audit; amd64 QEMU boot; pcat/pc98 HDD integration builds,,reviewed,The pinned musl implementation was reviewed for zedBSD's 64-bit long-double ABI; local error helpers now update the software fenv.,fixed,https://www.open-std.org/jtc1/sc22/wg14/www/docs/n2176.pdf
163,ISO-C17,<math.h>,pow,function,required,implemented,libc/include/math.h,vendor/musl/src/math/pow.c,header/symbol audit; amd64 QEMU boot; pcat/pc98 HDD integration builds,,reviewed,The pinned musl implementation was reviewed for zedBSD's 64-bit long-double ABI; local error helpers now update the software fenv.,fixed,https://www.open-std.org/jtc1/sc22/wg14/www/docs/n2176.pdf
164,ISO-C17,<math.h>,powf,function,required,implemented,libc/include/math.h,vendor/musl/src/math/powf.c,header/symbol audit; amd64 QEMU boot; pcat/pc98 HDD integration builds,,reviewed,The pinned musl implementation was reviewed for zedBSD's 64-bit long-double ABI; local error helpers now update the software fenv.,fixed,https://www.open-std.org/jtc1/sc22/wg14/www/docs/n2176.pdf
165,ISO-C17,<math.h>,powl,function,required,implemented,libc/include/math.h,vendor/musl/src/math/powl.c,header/symbol audit; amd64 QEMU boot; pcat/pc98 HDD integration builds,,reviewed,The pinned musl implementation was reviewed for zedBSD's 64-bit long-double ABI; local error helpers now update the software fenv.,fixed,https://www.open-std.org/jtc1/sc22/wg14/www/docs/n2176.pdf
166,ISO-C17,<math.h>,remainder,function,required,implemented,libc/include/math.h,vendor/musl/src/math/remainder.c|vendor/musl/src/math/i386/remainder.c,header/symbol audit; amd64 QEMU boot; pcat/pc98 HDD integration builds,,reviewed,The pinned musl implementation was reviewed for zedBSD's 64-bit long-double ABI; local error helpers now update the software fenv.,fixed,https://www.open-std.org/jtc1/sc22/wg14/www/docs/n2176.pdf
167,ISO-C17,<math.h>,remainderf,function,required,implemented,libc/include/math.h,vendor/musl/src/math/remainderf.c|vendor/musl/src/math/i386/remainderf.c,header/symbol audit; amd64 QEMU boot; pcat/pc98 HDD integration builds,,reviewed,The pinned musl implementation was reviewed for zedBSD's 64-bit long-double ABI; local error helpers now update the software fenv.,fixed,https://www.open-std.org/jtc1/sc22/wg14/www/docs/n2176.pdf
168,ISO-C17,<math.h>,remainderl,function,required,implemented,libc/include/math.h,vendor/musl/src/math/remainderl.c|vendor/musl/src/math/x86_64/remainderl.c|vendor/musl/src/math/i386/remainderl.c,header/symbol audit; amd64 QEMU boot; pcat/pc98 HDD integration builds,,reviewed,The pinned musl implementation was reviewed for zedBSD's 64-bit long-double ABI; local error helpers now update the software fenv.,fixed,https://www.open-std.org/jtc1/sc22/wg14/www/docs/n2176.pdf
169,ISO-C17,<math.h>,remquo,function,required,implemented,libc/include/math.h,vendor/musl/src/math/remquo.c,header/symbol audit; amd64 QEMU boot; pcat/pc98 HDD integration builds,,reviewed,The pinned musl implementation was reviewed for zedBSD's 64-bit long-double ABI; local error helpers now update the software fenv.,fixed,https://www.open-std.org/jtc1/sc22/wg14/www/docs/n2176.pdf
170,ISO-C17,<math.h>,remquof,function,required,implemented,libc/include/math.h,vendor/musl/src/math/remquof.c,header/symbol audit; amd64 QEMU boot; pcat/pc98 HDD integration builds,,reviewed,The pinned musl implementation was reviewed for zedBSD's 64-bit long-double ABI; local error helpers now update the software fenv.,fixed,https://www.open-std.org/jtc1/sc22/wg14/www/docs/n2176.pdf
171,ISO-C17,<math.h>,remquol,function,required,implemented,libc/include/math.h,vendor/musl/src/math/remquol.c|vendor/musl/src/math/x86_64/remquol.c,header/symbol audit; amd64 QEMU boot; pcat/pc98 HDD integration builds,,reviewed,The pinned musl implementation was reviewed for zedBSD's 64-bit long-double ABI; local error helpers now update the software fenv.,fixed,https://www.open-std.org/jtc1/sc22/wg14/www/docs/n2176.pdf
172,ISO-C17,<math.h>,rint,function,required,implemented,libc/include/math.h,vendor/musl/src/math/rint.c|vendor/musl/src/math/i386/rint.c|vendor/musl/src/math/s390x/rint.c|vendor/musl/src/math/aarch64/rint.c,header/symbol audit; amd64 QEMU boot; pcat/pc98 HDD integration builds,,reviewed,The pinned musl implementation was reviewed for zedBSD's 64-bit long-double ABI; local error helpers now update the software fenv.,fixed,https://www.open-std.org/jtc1/sc22/wg14/www/docs/n2176.pdf
173,ISO-C17,<math.h>,rintf,function,required,implemented,libc/include/math.h,vendor/musl/src/math/rintf.c|vendor/musl/src/math/i386/rintf.c|vendor/musl/src/math/s390x/rintf.c|vendor/musl/src/math/aarch64/rintf.c,header/symbol audit; amd64 QEMU boot; pcat/pc98 HDD integration builds,,reviewed,The pinned musl implementation was reviewed for zedBSD's 64-bit long-double ABI; local error helpers now update the software fenv.,fixed,https://www.open-std.org/jtc1/sc22/wg14/www/docs/n2176.pdf
174,ISO-C17,<math.h>,rintl,function,required,implemented,libc/include/math.h,vendor/musl/src/math/rintl.c|vendor/musl/src/math/x86_64/rintl.c|vendor/musl/src/math/i386/rintl.c|vendor/musl/src/math/s390x/rintl.c,header/symbol audit; amd64 QEMU boot; pcat/pc98 HDD integration builds,,reviewed,The pinned musl implementation was reviewed for zedBSD's 64-bit long-double ABI; local error helpers now update the software fenv.,fixed,https://www.open-std.org/jtc1/sc22/wg14/www/docs/n2176.pdf
175,ISO-C17,<math.h>,round,function,required,implemented,libc/include/math.h,vendor/musl/src/math/round.c|vendor/musl/src/math/powerpc64/round.c|vendor/musl/src/math/s390x/round.c|vendor/musl/src/math/aarch64/round.c,header/symbol audit; amd64 QEMU boot; pcat/pc98 HDD integration builds,,reviewed,The pinned musl implementation was reviewed for zedBSD's 64-bit long-double ABI; local error helpers now update the software fenv.,fixed,https://www.open-std.org/jtc1/sc22/wg14/www/docs/n2176.pdf
176,ISO-C17,<math.h>,roundf,function,required,implemented,libc/include/math.h,vendor/musl/src/math/roundf.c|vendor/musl/src/math/powerpc64/roundf.c|vendor/musl/src/math/s390x/roundf.c|vendor/musl/src/math/aarch64/roundf.c,header/symbol audit; amd64 QEMU boot; pcat/pc98 HDD integration builds,,reviewed,The pinned musl implementation was reviewed for zedBSD's 64-bit long-double ABI; local error helpers now update the software fenv.,fixed,https://www.open-std.org/jtc1/sc22/wg14/www/docs/n2176.pdf
177,ISO-C17,<math.h>,roundl,function,required,implemented,libc/include/math.h,vendor/musl/src/math/roundl.c|vendor/musl/src/math/s390x/roundl.c,header/symbol audit; amd64 QEMU boot; pcat/pc98 HDD integration builds,,reviewed,The pinned musl implementation was reviewed for zedBSD's 64-bit long-double ABI; local error helpers now update the software fenv.,fixed,https://www.open-std.org/jtc1/sc22/wg14/www/docs/n2176.pdf
178,ISO-C17,<math.h>,scalbln,function,required,implemented,libc/include/math.h,vendor/musl/src/math/scalbln.c,header/symbol audit; amd64 QEMU boot; pcat/pc98 HDD integration builds,,reviewed,The pinned musl implementation was reviewed for zedBSD's 64-bit long-double ABI; local error helpers now update the software fenv.,fixed,https://www.open-std.org/jtc1/sc22/wg14/www/docs/n2176.pdf
179,ISO-C17,<math.h>,scalblnf,function,required,implemented,libc/include/math.h,vendor/musl/src/math/scalblnf.c,header/symbol audit; amd64 QEMU boot; pcat/pc98 HDD integration builds,,reviewed,The pinned musl implementation was reviewed for zedBSD's 64-bit long-double ABI; local error helpers now update the software fenv.,fixed,https://www.open-std.org/jtc1/sc22/wg14/www/docs/n2176.pdf
180,ISO-C17,<math.h>,scalblnl,function,required,implemented,libc/include/math.h,vendor/musl/src/math/scalblnl.c,header/symbol audit; amd64 QEMU boot; pcat/pc98 HDD integration builds,,reviewed,The pinned musl implementation was reviewed for zedBSD's 64-bit long-double ABI; local error helpers now update the software fenv.,fixed,https://www.open-std.org/jtc1/sc22/wg14/www/docs/n2176.pdf
181,ISO-C17,<math.h>,scalbn,function,required,implemented,libc/include/math.h,vendor/musl/src/math/scalbn.c,header/symbol audit; amd64 QEMU boot; pcat/pc98 HDD integration builds,,reviewed,The pinned musl implementation was reviewed for zedBSD's 64-bit long-double ABI; local error helpers now update the software fenv.,fixed,https://www.open-std.org/jtc1/sc22/wg14/www/docs/n2176.pdf
182,ISO-C17,<math.h>,scalbnf,function,required,implemented,libc/include/math.h,vendor/musl/src/math/scalbnf.c,header/symbol audit; amd64 QEMU boot; pcat/pc98 HDD integration builds,,reviewed,The pinned musl implementation was reviewed for zedBSD's 64-bit long-double ABI; local error helpers now update the software fenv.,fixed,https://www.open-std.org/jtc1/sc22/wg14/www/docs/n2176.pdf
183,ISO-C17,<math.h>,scalbnl,function,required,implemented,libc/include/math.h,vendor/musl/src/math/scalbnl.c,header/symbol audit; amd64 QEMU boot; pcat/pc98 HDD integration builds,,reviewed,The pinned musl implementation was reviewed for zedBSD's 64-bit long-double ABI; local error helpers now update the software fenv.,fixed,https://www.open-std.org/jtc1/sc22/wg14/www/docs/n2176.pdf
184,ISO-C17,<math.h>,sin,function,required,implemented,libc/include/math.h,vendor/musl/src/math/sin.c,header/symbol audit; amd64 QEMU boot; pcat/pc98 HDD integration builds,,reviewed,The pinned musl implementation was reviewed for zedBSD's 64-bit long-double ABI; local error helpers now update the software fenv.,fixed,https://www.open-std.org/jtc1/sc22/wg14/www/docs/n2176.pdf
185,ISO-C17,<math.h>,sinf,function,required,implemented,libc/include/math.h,vendor/musl/src/math/sinf.c,header/symbol audit; amd64 QEMU boot; pcat/pc98 HDD integration builds,,reviewed,The pinned musl implementation was reviewed for zedBSD's 64-bit long-double ABI; local error helpers now update the software fenv.,fixed,https://www.open-std.org/jtc1/sc22/wg14/www/docs/n2176.pdf
186,ISO-C17,<math.h>,sinh,function,required,implemented,libc/include/math.h,vendor/musl/src/math/sinh.c,header/symbol audit; amd64 QEMU boot; pcat/pc98 HDD integration builds,,reviewed,The pinned musl implementation was reviewed for zedBSD's 64-bit long-double ABI; local error helpers now update the software fenv.,fixed,https://www.open-std.org/jtc1/sc22/wg14/www/docs/n2176.pdf
187,ISO-C17,<math.h>,sinhf,function,required,implemented,libc/include/math.h,vendor/musl/src/math/sinhf.c,header/symbol audit; amd64 QEMU boot; pcat/pc98 HDD integration builds,,reviewed,The pinned musl implementation was reviewed for zedBSD's 64-bit long-double ABI; local error helpers now update the software fenv.,fixed,https://www.open-std.org/jtc1/sc22/wg14/www/docs/n2176.pdf
188,ISO-C17,<math.h>,sinhl,function,required,implemented,libc/include/math.h,vendor/musl/src/math/sinhl.c,header/symbol audit; amd64 QEMU boot; pcat/pc98 HDD integration builds,,reviewed,The pinned musl implementation was reviewed for zedBSD's 64-bit long-double ABI; local error helpers now update the software fenv.,fixed,https://www.open-std.org/jtc1/sc22/wg14/www/docs/n2176.pdf
189,ISO-C17,<math.h>,sinl,function,required,implemented,libc/include/math.h,vendor/musl/src/math/sinl.c,header/symbol audit; amd64 QEMU boot; pcat/pc98 HDD integration builds,,reviewed,The pinned musl implementation was reviewed for zedBSD's 64-bit long-double ABI; local error helpers now update the software fenv.,fixed,https://www.open-std.org/jtc1/sc22/wg14/www/docs/n2176.pdf
190,ISO-C17,<math.h>,sqrt,function,required,implemented,libc/include/math.h,vendor/musl/src/math/sqrt.c|vendor/musl/src/math/powerpc64/sqrt.c|vendor/musl/src/math/arm/sqrt.c|vendor/musl/src/math/riscv64/sqrt.c,header/symbol audit; amd64 QEMU boot; pcat/pc98 HDD integration builds,,reviewed,The pinned musl implementation was reviewed for zedBSD's 64-bit long-double ABI; local error helpers now update the software fenv.,fixed,https://www.open-std.org/jtc1/sc22/wg14/www/docs/n2176.pdf
191,ISO-C17,<math.h>,sqrtf,function,required,implemented,libc/include/math.h,vendor/musl/src/math/sqrtf.c|vendor/musl/src/math/powerpc64/sqrtf.c|vendor/musl/src/math/arm/sqrtf.c|vendor/musl/src/math/riscv64/sqrtf.c,header/symbol audit; amd64 QEMU boot; pcat/pc98 HDD integration builds,,reviewed,The pinned musl implementation was reviewed for zedBSD's 64-bit long-double ABI; local error helpers now update the software fenv.,fixed,https://www.open-std.org/jtc1/sc22/wg14/www/docs/n2176.pdf
192,ISO-C17,<math.h>,sqrtl,function,required,implemented,libc/include/math.h,vendor/musl/src/math/sqrtl.c|vendor/musl/src/math/x86_64/sqrtl.c|vendor/musl/src/math/i386/sqrtl.c|vendor/musl/src/math/m68k/sqrtl.c,header/symbol audit; amd64 QEMU boot; pcat/pc98 HDD integration builds,,reviewed,The pinned musl implementation was reviewed for zedBSD's 64-bit long-double ABI; local error helpers now update the software fenv.,fixed,https://www.open-std.org/jtc1/sc22/wg14/www/docs/n2176.pdf
193,ISO-C17,<math.h>,tan,function,required,implemented,libc/include/math.h,vendor/musl/src/math/tan.c,header/symbol audit; amd64 QEMU boot; pcat/pc98 HDD integration builds,,reviewed,The pinned musl implementation was reviewed for zedBSD's 64-bit long-double ABI; local error helpers now update the software fenv.,fixed,https://www.open-std.org/jtc1/sc22/wg14/www/docs/n2176.pdf
194,ISO-C17,<math.h>,tanf,function,required,implemented,libc/include/math.h,vendor/musl/src/math/tanf.c,header/symbol audit; amd64 QEMU boot; pcat/pc98 HDD integration builds,,reviewed,The pinned musl implementation was reviewed for zedBSD's 64-bit long-double ABI; local error helpers now update the software fenv.,fixed,https://www.open-std.org/jtc1/sc22/wg14/www/docs/n2176.pdf
195,ISO-C17,<math.h>,tanh,function,required,implemented,libc/include/math.h,vendor/musl/src/math/tanh.c,header/symbol audit; amd64 QEMU boot; pcat/pc98 HDD integration builds,,reviewed,The pinned musl implementation was reviewed for zedBSD's 64-bit long-double ABI; local error helpers now update the software fenv.,fixed,https://www.open-std.org/jtc1/sc22/wg14/www/docs/n2176.pdf
196,ISO-C17,<math.h>,tanhf,function,required,implemented,libc/include/math.h,vendor/musl/src/math/tanhf.c,header/symbol audit; amd64 QEMU boot; pcat/pc98 HDD integration builds,,reviewed,The pinned musl implementation was reviewed for zedBSD's 64-bit long-double ABI; local error helpers now update the software fenv.,fixed,https://www.open-std.org/jtc1/sc22/wg14/www/docs/n2176.pdf
197,ISO-C17,<math.h>,tanhl,function,required,implemented,libc/include/math.h,vendor/musl/src/math/tanhl.c,header/symbol audit; amd64 QEMU boot; pcat/pc98 HDD integration builds,,reviewed,The pinned musl implementation was reviewed for zedBSD's 64-bit long-double ABI; local error helpers now update the software fenv.,fixed,https://www.open-std.org/jtc1/sc22/wg14/www/docs/n2176.pdf
198,ISO-C17,<math.h>,tanl,function,required,implemented,libc/include/math.h,vendor/musl/src/math/tanl.c,header/symbol audit; amd64 QEMU boot; pcat/pc98 HDD integration builds,,reviewed,The pinned musl implementation was reviewed for zedBSD's 64-bit long-double ABI; local error helpers now update the software fenv.,fixed,https://www.open-std.org/jtc1/sc22/wg14/www/docs/n2176.pdf
199,ISO-C17,<math.h>,tgamma,function,required,implemented,libc/include/math.h,vendor/musl/src/math/tgamma.c,header/symbol audit; amd64 QEMU boot; pcat/pc98 HDD integration builds,,reviewed,The pinned musl implementation was reviewed for zedBSD's 64-bit long-double ABI; local error helpers now update the software fenv.,fixed,https://www.open-std.org/jtc1/sc22/wg14/www/docs/n2176.pdf
200,ISO-C17,<math.h>,tgammaf,function,required,implemented,libc/include/math.h,vendor/musl/src/math/tgammaf.c,header/symbol audit; amd64 QEMU boot; pcat/pc98 HDD integration builds,,reviewed,The pinned musl implementation was reviewed for zedBSD's 64-bit long-double ABI; local error helpers now update the software fenv.,fixed,https://www.open-std.org/jtc1/sc22/wg14/www/docs/n2176.pdf
201,ISO-C17,<math.h>,tgammal,function,required,implemented,libc/include/math.h,vendor/musl/src/math/tgammal.c,header/symbol audit; amd64 QEMU boot; pcat/pc98 HDD integration builds,,reviewed,The pinned musl implementation was reviewed for zedBSD's 64-bit long-double ABI; local error helpers now update the software fenv.,fixed,https://www.open-std.org/jtc1/sc22/wg14/www/docs/n2176.pdf
202,ISO-C17,<math.h>,trunc,function,required,implemented,libc/include/math.h,vendor/musl/src/math/trunc.c|vendor/musl/src/math/powerpc64/trunc.c|vendor/musl/src/math/s390x/trunc.c|vendor/musl/src/math/aarch64/trunc.c,header/symbol audit; amd64 QEMU boot; pcat/pc98 HDD integration builds,,reviewed,The pinned musl implementation was reviewed for zedBSD's 64-bit long-double ABI; local error helpers now update the software fenv.,fixed,https://www.open-std.org/jtc1/sc22/wg14/www/docs/n2176.pdf
203,ISO-C17,<math.h>,truncf,function,required,implemented,libc/include/math.h,vendor/musl/src/math/truncf.c|vendor/musl/src/math/powerpc64/truncf.c|vendor/musl/src/math/s390x/truncf.c|vendor/musl/src/math/aarch64/truncf.c,header/symbol audit; amd64 QEMU boot; pcat/pc98 HDD integration builds,,reviewed,The pinned musl implementation was reviewed for zedBSD's 64-bit long-double ABI; local error helpers now update the software fenv.,fixed,https://www.open-std.org/jtc1/sc22/wg14/www/docs/n2176.pdf
204,ISO-C17,<math.h>,truncl,function,required,implemented,libc/include/math.h,vendor/musl/src/math/truncl.c|vendor/musl/src/math/s390x/truncl.c,header/symbol audit; amd64 QEMU boot; pcat/pc98 HDD integration builds,,reviewed,The pinned musl implementation was reviewed for zedBSD's 64-bit long-double ABI; local error helpers now update the software fenv.,fixed,https://www.open-std.org/jtc1/sc22/wg14/www/docs/n2176.pdf
205,ISO-C17,<setjmp.h>,longjmp,function,required,implemented,libc/include/setjmp.h,libc/setjmp.c,header/symbol audit; amd64 QEMU boot; pcat/pc98 HDD integration builds,,reviewed,The compiler-assisted context layout was validated with a setjmp/longjmp round-trip smoke test.,not-needed,https://www.open-std.org/jtc1/sc22/wg14/www/docs/n2176.pdf
206,ISO-C17,<setjmp.h>,setjmp,macro,required,implemented,libc/include/setjmp.h,libc/setjmp.c,header/symbol audit; amd64 QEMU boot; pcat/pc98 HDD integration builds,,reviewed,The compiler-assisted context layout was validated with a setjmp/longjmp round-trip smoke test.,not-needed,https://www.open-std.org/jtc1/sc22/wg14/www/docs/n2176.pdf
207,ISO-C17,<signal.h>,raise,function,required,implemented,libc/include/signal.h,userland/base/libc/signal.c,header/symbol audit; amd64 QEMU boot; pcat/pc98 HDD integration builds,,reviewed,"No actionable issue found in signature, boundary, and integration review.",not-needed,https://www.open-std.org/jtc1/sc22/wg14/www/docs/n2176.pdf
208,ISO-C17,<signal.h>,signal,function,required,implemented,libc/include/signal.h,userland/base/libc/signal.c,header/symbol audit; amd64 QEMU boot; pcat/pc98 HDD integration builds,,reviewed,"No actionable issue found in signature, boundary, and integration review.",not-needed,https://www.open-std.org/jtc1/sc22/wg14/www/docs/n2176.pdf
209,ISO-C17,<stdio.h>,clearerr,function,required,implemented,libc/include/stdio.h,libc/stdio.c,header/symbol audit; amd64 QEMU boot; pcat/pc98 HDD integration builds,,reviewed,"No actionable issue found in signature, boundary, and integration review.",not-needed,https://www.open-std.org/jtc1/sc22/wg14/www/docs/n2176.pdf
210,ISO-C17,<stdio.h>,fclose,function,required,implemented,libc/include/stdio.h,userland/base/libc/posix.c,header/symbol audit; amd64 QEMU boot; pcat/pc98 HDD integration builds,,reviewed,"No actionable issue found in signature, boundary, and integration review.",not-needed,https://www.open-std.org/jtc1/sc22/wg14/www/docs/n2176.pdf
211,ISO-C17,<stdio.h>,feof,function,required,implemented,libc/include/stdio.h,libc/stdio.c,header/symbol audit; amd64 QEMU boot; pcat/pc98 HDD integration builds,,reviewed,"No actionable issue found in signature, boundary, and integration review.",not-needed,https://www.open-std.org/jtc1/sc22/wg14/www/docs/n2176.pdf
212,ISO-C17,<stdio.h>,ferror,function,required,implemented,libc/include/stdio.h,libc/stdio.c,header/symbol audit; amd64 QEMU boot; pcat/pc98 HDD integration builds,,reviewed,"No actionable issue found in signature, boundary, and integration review.",not-needed,https://www.open-std.org/jtc1/sc22/wg14/www/docs/n2176.pdf
213,ISO-C17,<stdio.h>,fflush,function,required,implemented,libc/include/stdio.h,userland/base/libc/posix.c,header/symbol audit; amd64 QEMU boot; pcat/pc98 HDD integration builds,,reviewed,"No actionable issue found in signature, boundary, and integration review.",not-needed,https://www.open-std.org/jtc1/sc22/wg14/www/docs/n2176.pdf
214,ISO-C17,<stdio.h>,fgetc,function,required,implemented,libc/include/stdio.h,libc/stdio.c,header/symbol audit; amd64 QEMU boot; pcat/pc98 HDD integration builds,,reviewed,"No actionable issue found in signature, boundary, and integration review.",not-needed,https://www.open-std.org/jtc1/sc22/wg14/www/docs/n2176.pdf
215,ISO-C17,<stdio.h>,fgetpos,function,required,implemented,libc/include/stdio.h,libc/stdio-extra.c,header/symbol audit; amd64 QEMU boot; pcat/pc98 HDD integration builds,,reviewed,"No actionable issue found in signature, boundary, and integration review.",not-needed,https://www.open-std.org/jtc1/sc22/wg14/www/docs/n2176.pdf
216,ISO-C17,<stdio.h>,fgets,function,required,implemented,libc/include/stdio.h,userland/base/libc/posix.c,header/symbol audit; amd64 QEMU boot; pcat/pc98 HDD integration builds,,reviewed,"No actionable issue found in signature, boundary, and integration review.",not-needed,https://www.open-std.org/jtc1/sc22/wg14/www/docs/n2176.pdf
217,ISO-C17,<stdio.h>,fopen,function,required,implemented,libc/include/stdio.h,userland/base/libc/posix.c,header/symbol audit; amd64 QEMU boot; pcat/pc98 HDD integration builds,,reviewed,"No actionable issue found in signature, boundary, and integration review.",not-needed,https://www.open-std.org/jtc1/sc22/wg14/www/docs/n2176.pdf
218,ISO-C17,<stdio.h>,fprintf,function,required,implemented,libc/include/stdio.h,libc/stdio.c,header/symbol audit; amd64 QEMU boot; pcat/pc98 HDD integration builds,,reviewed,"No actionable issue found in signature, boundary, and integration review.",not-needed,https://www.open-std.org/jtc1/sc22/wg14/www/docs/n2176.pdf
219,ISO-C17,<stdio.h>,fputc,function,required,implemented,libc/include/stdio.h,libc/stdio.c,header/symbol audit; amd64 QEMU boot; pcat/pc98 HDD integration builds,,reviewed,"No actionable issue found in signature, boundary, and integration review.",not-needed,https://www.open-std.org/jtc1/sc22/wg14/www/docs/n2176.pdf
220,ISO-C17,<stdio.h>,fputs,function,required,implemented,libc/include/stdio.h,libc/stdio-extra.c,header/symbol audit; amd64 QEMU boot; pcat/pc98 HDD integration builds,,reviewed,"No actionable issue found in signature, boundary, and integration review.",not-needed,https://www.open-std.org/jtc1/sc22/wg14/www/docs/n2176.pdf
221,ISO-C17,<stdio.h>,fread,function,required,implemented,libc/include/stdio.h,libc/stdio.c|userland/base/libc/posix.c,header/symbol audit; amd64 QEMU boot; pcat/pc98 HDD integration builds,,reviewed,"No actionable issue found in signature, boundary, and integration review.",not-needed,https://www.open-std.org/jtc1/sc22/wg14/www/docs/n2176.pdf
222,ISO-C17,<stdio.h>,freopen,function,required,implemented,libc/include/stdio.h,libc/stdio-extra.c|userland/base/libc/posix.c,header/symbol audit; amd64 QEMU boot; pcat/pc98 HDD integration builds,,reviewed,"The first pass did not provide real cookie streams, purge, or in-place stream reassociation; the userland FILE backend now does.",fixed,https://www.open-std.org/jtc1/sc22/wg14/www/docs/n2176.pdf
223,ISO-C17,<stdio.h>,fscanf,function,required,implemented,libc/include/stdio.h,libc/stdio-extra.c,header/symbol audit; amd64 QEMU boot; pcat/pc98 HDD integration builds,,reviewed,"The first scanner omitted scansets, bounded numeric fields, and wide string/character arguments; those cases are now handled.",fixed,https://www.open-std.org/jtc1/sc22/wg14/www/docs/n2176.pdf
224,ISO-C17,<stdio.h>,fseek,function,required,implemented,libc/include/stdio.h,userland/base/libc/posix.c,header/symbol audit; amd64 QEMU boot; pcat/pc98 HDD integration builds,,reviewed,"No actionable issue found in signature, boundary, and integration review.",not-needed,https://www.open-std.org/jtc1/sc22/wg14/www/docs/n2176.pdf
225,ISO-C17,<stdio.h>,fsetpos,function,required,implemented,libc/include/stdio.h,libc/stdio-extra.c,header/symbol audit; amd64 QEMU boot; pcat/pc98 HDD integration builds,,reviewed,"No actionable issue found in signature, boundary, and integration review.",not-needed,https://www.open-std.org/jtc1/sc22/wg14/www/docs/n2176.pdf
226,ISO-C17,<stdio.h>,ftell,function,required,implemented,libc/include/stdio.h,userland/base/libc/posix.c,header/symbol audit; amd64 QEMU boot; pcat/pc98 HDD integration builds,,reviewed,"No actionable issue found in signature, boundary, and integration review.",not-needed,https://www.open-std.org/jtc1/sc22/wg14/www/docs/n2176.pdf
227,ISO-C17,<stdio.h>,fwrite,function,required,implemented,libc/include/stdio.h,libc/stdio.c|userland/base/libc/posix.c,header/symbol audit; amd64 QEMU boot; pcat/pc98 HDD integration builds,,reviewed,"No actionable issue found in signature, boundary, and integration review.",not-needed,https://www.open-std.org/jtc1/sc22/wg14/www/docs/n2176.pdf
228,ISO-C17,<stdio.h>,getc,function,required,implemented,libc/include/stdio.h,libc/stdio.c|userland/base/libc/posix.c,header/symbol audit; amd64 QEMU boot; pcat/pc98 HDD integration builds,,reviewed,"No actionable issue found in signature, boundary, and integration review.",not-needed,https://www.open-std.org/jtc1/sc22/wg14/www/docs/n2176.pdf
229,ISO-C17,<stdio.h>,getchar,function,required,implemented,libc/include/stdio.h,libc/stdio-extra.c,header/symbol audit; amd64 QEMU boot; pcat/pc98 HDD integration builds,,reviewed,"No actionable issue found in signature, boundary, and integration review.",not-needed,https://www.open-std.org/jtc1/sc22/wg14/www/docs/n2176.pdf
230,ISO-C17,<stdio.h>,perror,function,required,implemented,libc/include/stdio.h,libc/stdio-extra.c,header/symbol audit; amd64 QEMU boot; pcat/pc98 HDD integration builds,,reviewed,"No actionable issue found in signature, boundary, and integration review.",not-needed,https://www.open-std.org/jtc1/sc22/wg14/www/docs/n2176.pdf
231,ISO-C17,<stdio.h>,printf,function,required,implemented,libc/include/stdio.h,libc/stdio.c,header/symbol audit; amd64 QEMU boot; pcat/pc98 HDD integration builds,,reviewed,"No actionable issue found in signature, boundary, and integration review.",not-needed,https://www.open-std.org/jtc1/sc22/wg14/www/docs/n2176.pdf
232,ISO-C17,<stdio.h>,putc,function,required,implemented,libc/include/stdio.h,libc/stdio-extra.c,header/symbol audit; amd64 QEMU boot; pcat/pc98 HDD integration builds,,reviewed,"No actionable issue found in signature, boundary, and integration review.",not-needed,https://www.open-std.org/jtc1/sc22/wg14/www/docs/n2176.pdf
233,ISO-C17,<stdio.h>,putchar,function,required,implemented,libc/include/stdio.h,libc/stdio.c,header/symbol audit; amd64 QEMU boot; pcat/pc98 HDD integration builds,,reviewed,"No actionable issue found in signature, boundary, and integration review.",not-needed,https://www.open-std.org/jtc1/sc22/wg14/www/docs/n2176.pdf
234,ISO-C17,<stdio.h>,puts,function,required,implemented,libc/include/stdio.h,libc/stdio.c,header/symbol audit; amd64 QEMU boot; pcat/pc98 HDD integration builds,,reviewed,"No actionable issue found in signature, boundary, and integration review.",not-needed,https://www.open-std.org/jtc1/sc22/wg14/www/docs/n2176.pdf
235,ISO-C17,<stdio.h>,remove,function,required,implemented,libc/include/stdio.h,libc/stdio-extra.c,header/symbol audit; amd64 QEMU boot; pcat/pc98 HDD integration builds,,reviewed,"No actionable issue found in signature, boundary, and integration review.",not-needed,https://www.open-std.org/jtc1/sc22/wg14/www/docs/n2176.pdf
236,ISO-C17,<stdio.h>,rename,function,required,implemented,libc/include/stdio.h,userland/base/libc/posix.c,header/symbol audit; amd64 QEMU boot; pcat/pc98 HDD integration builds,,reviewed,"No actionable issue found in signature, boundary, and integration review.",not-needed,https://www.open-std.org/jtc1/sc22/wg14/www/docs/n2176.pdf
237,ISO-C17,<stdio.h>,rewind,function,required,implemented,libc/include/stdio.h,libc/stdio-extra.c,header/symbol audit; amd64 QEMU boot; pcat/pc98 HDD integration builds,,reviewed,"No actionable issue found in signature, boundary, and integration review.",not-needed,https://www.open-std.org/jtc1/sc22/wg14/www/docs/n2176.pdf
238,ISO-C17,<stdio.h>,scanf,function,required,implemented,libc/include/stdio.h,libc/stdio-extra.c,header/symbol audit; amd64 QEMU boot; pcat/pc98 HDD integration builds,,reviewed,"The first scanner omitted scansets, bounded numeric fields, and wide string/character arguments; those cases are now handled.",fixed,https://www.open-std.org/jtc1/sc22/wg14/www/docs/n2176.pdf
239,ISO-C17,<stdio.h>,setbuf,function,required,implemented,libc/include/stdio.h,userland/base/libc/posix.c,header/symbol audit; amd64 QEMU boot; pcat/pc98 HDD integration builds,,reviewed,"No actionable issue found in signature, boundary, and integration review.",not-needed,https://www.open-std.org/jtc1/sc22/wg14/www/docs/n2176.pdf
240,ISO-C17,<stdio.h>,setvbuf,function,required,implemented,libc/include/stdio.h,userland/base/libc/posix.c,header/symbol audit; amd64 QEMU boot; pcat/pc98 HDD integration builds,,reviewed,"No actionable issue found in signature, boundary, and integration review.",not-needed,https://www.open-std.org/jtc1/sc22/wg14/www/docs/n2176.pdf
241,ISO-C17,<stdio.h>,snprintf,function,required,implemented,libc/include/stdio.h,libc/format.c,header/symbol audit; amd64 QEMU boot; pcat/pc98 HDD integration builds,,reviewed,"No actionable issue found in signature, boundary, and integration review.",not-needed,https://www.open-std.org/jtc1/sc22/wg14/www/docs/n2176.pdf
242,ISO-C17,<stdio.h>,sprintf,function,required,implemented,libc/include/stdio.h,libc/stdio-extra.c,header/symbol audit; amd64 QEMU boot; pcat/pc98 HDD integration builds,,reviewed,"No actionable issue found in signature, boundary, and integration review.",not-needed,https://www.open-std.org/jtc1/sc22/wg14/www/docs/n2176.pdf
243,ISO-C17,<stdio.h>,sscanf,function,required,implemented,libc/include/stdio.h,libc/stdio-extra.c,header/symbol audit; amd64 QEMU boot; pcat/pc98 HDD integration builds,,reviewed,"The first scanner omitted scansets, bounded numeric fields, and wide string/character arguments; those cases are now handled.",fixed,https://www.open-std.org/jtc1/sc22/wg14/www/docs/n2176.pdf
244,ISO-C17,<stdio.h>,tmpfile,function,required,implemented,libc/include/stdio.h,libc/stdio-extra.c,header/symbol audit; amd64 QEMU boot; pcat/pc98 HDD integration builds,,reviewed,"No actionable issue found in signature, boundary, and integration review.",not-needed,https://www.open-std.org/jtc1/sc22/wg14/www/docs/n2176.pdf
245,ISO-C17,<stdio.h>,tmpnam,function,required,implemented,libc/include/stdio.h,libc/stdio-extra.c,header/symbol audit; amd64 QEMU boot; pcat/pc98 HDD integration builds,,reviewed,"No actionable issue found in signature, boundary, and integration review.",not-needed,https://www.open-std.org/jtc1/sc22/wg14/www/docs/n2176.pdf
246,ISO-C17,<stdio.h>,ungetc,function,required,implemented,libc/include/stdio.h,userland/base/libc/posix.c,header/symbol audit; amd64 QEMU boot; pcat/pc98 HDD integration builds,,reviewed,"No actionable issue found in signature, boundary, and integration review.",not-needed,https://www.open-std.org/jtc1/sc22/wg14/www/docs/n2176.pdf
247,ISO-C17,<stdio.h>,vfprintf,function,required,implemented,libc/include/stdio.h,libc/stdio-extra.c,header/symbol audit; amd64 QEMU boot; pcat/pc98 HDD integration builds,,reviewed,"No actionable issue found in signature, boundary, and integration review.",not-needed,https://www.open-std.org/jtc1/sc22/wg14/www/docs/n2176.pdf
248,ISO-C17,<stdio.h>,vfscanf,function,required,implemented,libc/include/stdio.h,libc/stdio-extra.c,header/symbol audit; amd64 QEMU boot; pcat/pc98 HDD integration builds,,reviewed,"The first scanner omitted scansets, bounded numeric fields, and wide string/character arguments; those cases are now handled.",fixed,https://www.open-std.org/jtc1/sc22/wg14/www/docs/n2176.pdf
249,ISO-C17,<stdio.h>,vprintf,function,required,implemented,libc/include/stdio.h,libc/stdio-extra.c,header/symbol audit; amd64 QEMU boot; pcat/pc98 HDD integration builds,,reviewed,"No actionable issue found in signature, boundary, and integration review.",not-needed,https://www.open-std.org/jtc1/sc22/wg14/www/docs/n2176.pdf
250,ISO-C17,<stdio.h>,vscanf,function,required,implemented,libc/include/stdio.h,libc/stdio-extra.c,header/symbol audit; amd64 QEMU boot; pcat/pc98 HDD integration builds,,reviewed,"The first scanner omitted scansets, bounded numeric fields, and wide string/character arguments; those cases are now handled.",fixed,https://www.open-std.org/jtc1/sc22/wg14/www/docs/n2176.pdf
251,ISO-C17,<stdio.h>,vsnprintf,function,required,implemented,libc/include/stdio.h,libc/format.c,header/symbol audit; amd64 QEMU boot; pcat/pc98 HDD integration builds,,reviewed,"No actionable issue found in signature, boundary, and integration review.",not-needed,https://www.open-std.org/jtc1/sc22/wg14/www/docs/n2176.pdf
252,ISO-C17,<stdio.h>,vsprintf,function,required,implemented,libc/include/stdio.h,libc/stdio-extra.c,header/symbol audit; amd64 QEMU boot; pcat/pc98 HDD integration builds,,reviewed,"No actionable issue found in signature, boundary, and integration review.",not-needed,https://www.open-std.org/jtc1/sc22/wg14/www/docs/n2176.pdf
253,ISO-C17,<stdio.h>,vsscanf,function,required,implemented,libc/include/stdio.h,libc/stdio-extra.c,header/symbol audit; amd64 QEMU boot; pcat/pc98 HDD integration builds,,reviewed,"The first scanner omitted scansets, bounded numeric fields, and wide string/character arguments; those cases are now handled.",fixed,https://www.open-std.org/jtc1/sc22/wg14/www/docs/n2176.pdf
254,ISO-C17,<stdlib.h>,_Exit,function,required,implemented,libc/include/stdlib.h,libc/stdlib-extra.c,header/symbol audit; amd64 QEMU boot; pcat/pc98 HDD integration builds,,reviewed,Exit-handler registration was not connected to exit and was not serialized; handlers now run LIFO with registration locking.,fixed,https://www.open-std.org/jtc1/sc22/wg14/www/docs/n2176.pdf
255,ISO-C17,<stdlib.h>,abort,function,required,implemented,libc/include/stdlib.h,libc/stdio.c|userland/base/libc/signal.c,header/symbol audit; amd64 QEMU boot; pcat/pc98 HDD integration builds,,reviewed,"No actionable issue found in signature, boundary, and integration review.",not-needed,https://www.open-std.org/jtc1/sc22/wg14/www/docs/n2176.pdf
256,ISO-C17,<stdlib.h>,abs,function,required,implemented,libc/include/stdlib.h,libc/strto.c,header/symbol audit; amd64 QEMU boot; pcat/pc98 HDD integration builds,,reviewed,"No actionable issue found in signature, boundary, and integration review.",not-needed,https://www.open-std.org/jtc1/sc22/wg14/www/docs/n2176.pdf
257,ISO-C17,<stdlib.h>,aligned_alloc,function,required,implemented,libc/include/stdlib.h,libc/stdlib-extra.c,header/symbol audit; amd64 QEMU boot; pcat/pc98 HDD integration builds,,reviewed,"No actionable issue found in signature, boundary, and integration review.",not-needed,https://www.open-std.org/jtc1/sc22/wg14/www/docs/n2176.pdf
258,ISO-C17,<stdlib.h>,at_quick_exit,function,required,implemented,libc/include/stdlib.h,libc/stdlib-extra.c,header/symbol audit; amd64 QEMU boot; pcat/pc98 HDD integration builds,,reviewed,Exit-handler registration was not connected to exit and was not serialized; handlers now run LIFO with registration locking.,fixed,https://www.open-std.org/jtc1/sc22/wg14/www/docs/n2176.pdf
259,ISO-C17,<stdlib.h>,atexit,function,required,implemented,libc/include/stdlib.h,libc/stdlib-extra.c,header/symbol audit; amd64 QEMU boot; pcat/pc98 HDD integration builds,,reviewed,Exit-handler registration was not connected to exit and was not serialized; handlers now run LIFO with registration locking.,fixed,https://www.open-std.org/jtc1/sc22/wg14/www/docs/n2176.pdf
260,ISO-C17,<stdlib.h>,atof,function,required,implemented,libc/include/stdlib.h,libc/strto.c,header/symbol audit; amd64 QEMU boot; pcat/pc98 HDD integration builds,,reviewed,"No actionable issue found in signature, boundary, and integration review.",not-needed,https://www.open-std.org/jtc1/sc22/wg14/www/docs/n2176.pdf
261,ISO-C17,<stdlib.h>,atoi,function,required,implemented,libc/include/stdlib.h,libc/strto.c,header/symbol audit; amd64 QEMU boot; pcat/pc98 HDD integration builds,,reviewed,"No actionable issue found in signature, boundary, and integration review.",not-needed,https://www.open-std.org/jtc1/sc22/wg14/www/docs/n2176.pdf
262,ISO-C17,<stdlib.h>,atol,function,required,implemented,libc/include/stdlib.h,libc/strto.c,header/symbol audit; amd64 QEMU boot; pcat/pc98 HDD integration builds,,reviewed,"No actionable issue found in signature, boundary, and integration review.",not-needed,https://www.open-std.org/jtc1/sc22/wg14/www/docs/n2176.pdf
263,ISO-C17,<stdlib.h>,atoll,function,required,implemented,libc/include/stdlib.h,libc/strto.c,header/symbol audit; amd64 QEMU boot; pcat/pc98 HDD integration builds,,reviewed,"No actionable issue found in signature, boundary, and integration review.",not-needed,https://www.open-std.org/jtc1/sc22/wg14/www/docs/n2176.pdf
264,ISO-C17,<stdlib.h>,bsearch,function,required,implemented,libc/include/stdlib.h,libc/stdlib-extra.c,header/symbol audit; amd64 QEMU boot; pcat/pc98 HDD integration builds,,reviewed,"No actionable issue found in signature, boundary, and integration review.",not-needed,https://www.open-std.org/jtc1/sc22/wg14/www/docs/n2176.pdf
265,ISO-C17,<stdlib.h>,calloc,function,required,implemented,libc/include/stdlib.h,libc/heap.c,header/symbol audit; amd64 QEMU boot; pcat/pc98 HDD integration builds,,reviewed,"No actionable issue found in signature, boundary, and integration review.",not-needed,https://www.open-std.org/jtc1/sc22/wg14/www/docs/n2176.pdf
266,ISO-C17,<stdlib.h>,div,function,required,implemented,libc/include/stdlib.h,libc/stdlib-extra.c,header/symbol audit; amd64 QEMU boot; pcat/pc98 HDD integration builds,,reviewed,"No actionable issue found in signature, boundary, and integration review.",not-needed,https://www.open-std.org/jtc1/sc22/wg14/www/docs/n2176.pdf
267,ISO-C17,<stdlib.h>,exit,function,required,implemented,libc/include/stdlib.h,libc/stdio.c|userland/base/libc/posix.c,header/symbol audit; amd64 QEMU boot; pcat/pc98 HDD integration builds,,reviewed,Exit-handler registration was not connected to exit and was not serialized; handlers now run LIFO with registration locking.,fixed,https://www.open-std.org/jtc1/sc22/wg14/www/docs/n2176.pdf
268,ISO-C17,<stdlib.h>,free,function,required,implemented,libc/include/stdlib.h,libc/heap.c,header/symbol audit; amd64 QEMU boot; pcat/pc98 HDD integration builds,,reviewed,"No actionable issue found in signature, boundary, and integration review.",not-needed,https://www.open-std.org/jtc1/sc22/wg14/www/docs/n2176.pdf
269,ISO-C17,<stdlib.h>,getenv,function,required,implemented,libc/include/stdlib.h,userland/base/libc/posix.c,header/symbol audit; amd64 QEMU boot; pcat/pc98 HDD integration builds,,reviewed,"No actionable issue found in signature, boundary, and integration review.",not-needed,https://www.open-std.org/jtc1/sc22/wg14/www/docs/n2176.pdf
270,ISO-C17,<stdlib.h>,labs,function,required,implemented,libc/include/stdlib.h,libc/strto.c,header/symbol audit; amd64 QEMU boot; pcat/pc98 HDD integration builds,,reviewed,"No actionable issue found in signature, boundary, and integration review.",not-needed,https://www.open-std.org/jtc1/sc22/wg14/www/docs/n2176.pdf
271,ISO-C17,<stdlib.h>,ldiv,function,required,implemented,libc/include/stdlib.h,libc/stdlib-extra.c,header/symbol audit; amd64 QEMU boot; pcat/pc98 HDD integration builds,,reviewed,"No actionable issue found in signature, boundary, and integration review.",not-needed,https://www.open-std.org/jtc1/sc22/wg14/www/docs/n2176.pdf
272,ISO-C17,<stdlib.h>,llabs,function,required,implemented,libc/include/stdlib.h,libc/stdlib-extra.c,header/symbol audit; amd64 QEMU boot; pcat/pc98 HDD integration builds,,reviewed,"No actionable issue found in signature, boundary, and integration review.",not-needed,https://www.open-std.org/jtc1/sc22/wg14/www/docs/n2176.pdf
273,ISO-C17,<stdlib.h>,lldiv,function,required,implemented,libc/include/stdlib.h,libc/stdlib-extra.c,header/symbol audit; amd64 QEMU boot; pcat/pc98 HDD integration builds,,reviewed,"No actionable issue found in signature, boundary, and integration review.",not-needed,https://www.open-std.org/jtc1/sc22/wg14/www/docs/n2176.pdf
274,ISO-C17,<stdlib.h>,malloc,function,required,implemented,libc/include/stdlib.h,libc/heap.c,header/symbol audit; amd64 QEMU boot; pcat/pc98 HDD integration builds,,reviewed,"No actionable issue found in signature, boundary, and integration review.",not-needed,https://www.open-std.org/jtc1/sc22/wg14/www/docs/n2176.pdf
275,ISO-C17,<stdlib.h>,mblen,function,required,implemented,libc/include/stdlib.h,libc/stdlib-extra.c,header/symbol audit; amd64 QEMU boot; pcat/pc98 HDD integration builds,,reviewed,"No actionable issue found in signature, boundary, and integration review.",not-needed,https://www.open-std.org/jtc1/sc22/wg14/www/docs/n2176.pdf
276,ISO-C17,<stdlib.h>,mbstowcs,function,required,implemented,libc/include/stdlib.h,libc/stdlib-extra.c,header/symbol audit; amd64 QEMU boot; pcat/pc98 HDD integration builds,,reviewed,"No actionable issue found in signature, boundary, and integration review.",not-needed,https://www.open-std.org/jtc1/sc22/wg14/www/docs/n2176.pdf
277,ISO-C17,<stdlib.h>,mbtowc,function,required,implemented,libc/include/stdlib.h,libc/stdlib-extra.c,header/symbol audit; amd64 QEMU boot; pcat/pc98 HDD integration builds,,reviewed,"No actionable issue found in signature, boundary, and integration review.",not-needed,https://www.open-std.org/jtc1/sc22/wg14/www/docs/n2176.pdf
278,ISO-C17,<stdlib.h>,qsort,function,required,implemented,libc/include/stdlib.h,libc/stdlib-extra.c,header/symbol audit; amd64 QEMU boot; pcat/pc98 HDD integration builds,,reviewed,"No actionable issue found in signature, boundary, and integration review.",not-needed,https://www.open-std.org/jtc1/sc22/wg14/www/docs/n2176.pdf
279,ISO-C17,<stdlib.h>,quick_exit,function,required,implemented,libc/include/stdlib.h,libc/stdlib-extra.c,header/symbol audit; amd64 QEMU boot; pcat/pc98 HDD integration builds,,reviewed,Exit-handler registration was not connected to exit and was not serialized; handlers now run LIFO with registration locking.,fixed,https://www.open-std.org/jtc1/sc22/wg14/www/docs/n2176.pdf
280,ISO-C17,<stdlib.h>,rand,function,required,implemented,libc/include/stdlib.h,libc/strto.c,header/symbol audit; amd64 QEMU boot; pcat/pc98 HDD integration builds,,reviewed,"No actionable issue found in signature, boundary, and integration review.",not-needed,https://www.open-std.org/jtc1/sc22/wg14/www/docs/n2176.pdf
281,ISO-C17,<stdlib.h>,realloc,function,required,implemented,libc/include/stdlib.h,libc/heap.c,header/symbol audit; amd64 QEMU boot; pcat/pc98 HDD integration builds,,reviewed,"No actionable issue found in signature, boundary, and integration review.",not-needed,https://www.open-std.org/jtc1/sc22/wg14/www/docs/n2176.pdf
282,ISO-C17,<stdlib.h>,srand,function,required,implemented,libc/include/stdlib.h,libc/strto.c,header/symbol audit; amd64 QEMU boot; pcat/pc98 HDD integration builds,,reviewed,"No actionable issue found in signature, boundary, and integration review.",not-needed,https://www.open-std.org/jtc1/sc22/wg14/www/docs/n2176.pdf
283,ISO-C17,<stdlib.h>,strtod,function,required,implemented,libc/include/stdlib.h,,header/symbol audit; amd64 QEMU boot; pcat/pc98 HDD integration builds,,reviewed,"No actionable issue found in signature, boundary, and integration review.",not-needed,https://www.open-std.org/jtc1/sc22/wg14/www/docs/n2176.pdf
284,ISO-C17,<stdlib.h>,strtof,function,required,implemented,libc/include/stdlib.h,,header/symbol audit; amd64 QEMU boot; pcat/pc98 HDD integration builds,,reviewed,"No actionable issue found in signature, boundary, and integration review.",not-needed,https://www.open-std.org/jtc1/sc22/wg14/www/docs/n2176.pdf
285,ISO-C17,<stdlib.h>,strtol,function,required,implemented,libc/include/stdlib.h,libc/strto.c,header/symbol audit; amd64 QEMU boot; pcat/pc98 HDD integration builds,,reviewed,"No actionable issue found in signature, boundary, and integration review.",not-needed,https://www.open-std.org/jtc1/sc22/wg14/www/docs/n2176.pdf
286,ISO-C17,<stdlib.h>,strtold,function,required,implemented,libc/include/stdlib.h,,header/symbol audit; amd64 QEMU boot; pcat/pc98 HDD integration builds,,reviewed,"No actionable issue found in signature, boundary, and integration review.",not-needed,https://www.open-std.org/jtc1/sc22/wg14/www/docs/n2176.pdf
287,ISO-C17,<stdlib.h>,strtoll,function,required,implemented,libc/include/stdlib.h,libc/strto.c,header/symbol audit; amd64 QEMU boot; pcat/pc98 HDD integration builds,,reviewed,"No actionable issue found in signature, boundary, and integration review.",not-needed,https://www.open-std.org/jtc1/sc22/wg14/www/docs/n2176.pdf
288,ISO-C17,<stdlib.h>,strtoul,function,required,implemented,libc/include/stdlib.h,libc/strto.c,header/symbol audit; amd64 QEMU boot; pcat/pc98 HDD integration builds,,reviewed,"No actionable issue found in signature, boundary, and integration review.",not-needed,https://www.open-std.org/jtc1/sc22/wg14/www/docs/n2176.pdf
289,ISO-C17,<stdlib.h>,strtoull,function,required,implemented,libc/include/stdlib.h,libc/strto.c,header/symbol audit; amd64 QEMU boot; pcat/pc98 HDD integration builds,,reviewed,"No actionable issue found in signature, boundary, and integration review.",not-needed,https://www.open-std.org/jtc1/sc22/wg14/www/docs/n2176.pdf
290,ISO-C17,<stdlib.h>,system,function,required,implemented,libc/include/stdlib.h,libc/stdlib-extra.c,header/symbol audit; amd64 QEMU boot; pcat/pc98 HDD integration builds,,reviewed,"No actionable issue found in signature, boundary, and integration review.",not-needed,https://www.open-std.org/jtc1/sc22/wg14/www/docs/n2176.pdf
291,ISO-C17,<stdlib.h>,wcstombs,function,required,implemented,libc/include/stdlib.h,libc/stdlib-extra.c,header/symbol audit; amd64 QEMU boot; pcat/pc98 HDD integration builds,,reviewed,"No actionable issue found in signature, boundary, and integration review.",not-needed,https://www.open-std.org/jtc1/sc22/wg14/www/docs/n2176.pdf
292,ISO-C17,<stdlib.h>,wctomb,function,required,implemented,libc/include/stdlib.h,libc/stdlib-extra.c,header/symbol audit; amd64 QEMU boot; pcat/pc98 HDD integration builds,,reviewed,"No actionable issue found in signature, boundary, and integration review.",not-needed,https://www.open-std.org/jtc1/sc22/wg14/www/docs/n2176.pdf
293,ISO-C17,<string.h>,memchr,function,required,implemented,libc/include/string.h,libc/string.c,header/symbol audit; amd64 QEMU boot; pcat/pc98 HDD integration builds,,reviewed,"No actionable issue found in signature, boundary, and integration review.",not-needed,https://www.open-std.org/jtc1/sc22/wg14/www/docs/n2176.pdf
294,ISO-C17,<string.h>,memcmp,function,required,implemented,libc/include/string.h,libc/string.c,header/symbol audit; amd64 QEMU boot; pcat/pc98 HDD integration builds,,reviewed,"No actionable issue found in signature, boundary, and integration review.",not-needed,https://www.open-std.org/jtc1/sc22/wg14/www/docs/n2176.pdf
295,ISO-C17,<string.h>,memcpy,function,required,implemented,libc/include/string.h,libc/string.c,header/symbol audit; amd64 QEMU boot; pcat/pc98 HDD integration builds,,reviewed,"No actionable issue found in signature, boundary, and integration review.",not-needed,https://www.open-std.org/jtc1/sc22/wg14/www/docs/n2176.pdf
296,ISO-C17,<string.h>,memmove,function,required,implemented,libc/include/string.h,libc/string.c,header/symbol audit; amd64 QEMU boot; pcat/pc98 HDD integration builds,,reviewed,"No actionable issue found in signature, boundary, and integration review.",not-needed,https://www.open-std.org/jtc1/sc22/wg14/www/docs/n2176.pdf
297,ISO-C17,<string.h>,memset,function,required,implemented,libc/include/string.h,libc/string.c,header/symbol audit; amd64 QEMU boot; pcat/pc98 HDD integration builds,,reviewed,"No actionable issue found in signature, boundary, and integration review.",not-needed,https://www.open-std.org/jtc1/sc22/wg14/www/docs/n2176.pdf
298,ISO-C17,<string.h>,strcat,function,required,implemented,libc/include/string.h,libc/string.c,header/symbol audit; amd64 QEMU boot; pcat/pc98 HDD integration builds,,reviewed,"No actionable issue found in signature, boundary, and integration review.",not-needed,https://www.open-std.org/jtc1/sc22/wg14/www/docs/n2176.pdf
299,ISO-C17,<string.h>,strchr,function,required,implemented,libc/include/string.h,libc/string.c,header/symbol audit; amd64 QEMU boot; pcat/pc98 HDD integration builds,,reviewed,"No actionable issue found in signature, boundary, and integration review.",not-needed,https://www.open-std.org/jtc1/sc22/wg14/www/docs/n2176.pdf
300,ISO-C17,<string.h>,strcmp,function,required,implemented,libc/include/string.h,libc/string.c,header/symbol audit; amd64 QEMU boot; pcat/pc98 HDD integration builds,,reviewed,"No actionable issue found in signature, boundary, and integration review.",not-needed,https://www.open-std.org/jtc1/sc22/wg14/www/docs/n2176.pdf
301,ISO-C17,<string.h>,strcoll,function,required,implemented,libc/include/string.h,libc/locale.c,header/symbol audit; amd64 QEMU boot; pcat/pc98 HDD integration builds,,reviewed,"No actionable issue found in signature, boundary, and integration review.",not-needed,https://www.open-std.org/jtc1/sc22/wg14/www/docs/n2176.pdf
302,ISO-C17,<string.h>,strcpy,function,required,implemented,libc/include/string.h,libc/string.c,header/symbol audit; amd64 QEMU boot; pcat/pc98 HDD integration builds,,reviewed,"No actionable issue found in signature, boundary, and integration review.",not-needed,https://www.open-std.org/jtc1/sc22/wg14/www/docs/n2176.pdf
303,ISO-C17,<string.h>,strcspn,function,required,implemented,libc/include/string.h,libc/string-extra.c,header/symbol audit; amd64 QEMU boot; pcat/pc98 HDD integration builds,,reviewed,"No actionable issue found in signature, boundary, and integration review.",not-needed,https://www.open-std.org/jtc1/sc22/wg14/www/docs/n2176.pdf
304,ISO-C17,<string.h>,strerror,function,required,implemented,libc/include/string.h,libc/string.c,header/symbol audit; amd64 QEMU boot; pcat/pc98 HDD integration builds,,reviewed,"No actionable issue found in signature, boundary, and integration review.",not-needed,https://www.open-std.org/jtc1/sc22/wg14/www/docs/n2176.pdf
305,ISO-C17,<string.h>,strlen,function,required,implemented,libc/include/string.h,libc/string.c,header/symbol audit; amd64 QEMU boot; pcat/pc98 HDD integration builds,,reviewed,"No actionable issue found in signature, boundary, and integration review.",not-needed,https://www.open-std.org/jtc1/sc22/wg14/www/docs/n2176.pdf
306,ISO-C17,<string.h>,strncat,function,required,implemented,libc/include/string.h,libc/string.c,header/symbol audit; amd64 QEMU boot; pcat/pc98 HDD integration builds,,reviewed,"No actionable issue found in signature, boundary, and integration review.",not-needed,https://www.open-std.org/jtc1/sc22/wg14/www/docs/n2176.pdf
307,ISO-C17,<string.h>,strncmp,function,required,implemented,libc/include/string.h,libc/string.c,header/symbol audit; amd64 QEMU boot; pcat/pc98 HDD integration builds,,reviewed,"No actionable issue found in signature, boundary, and integration review.",not-needed,https://www.open-std.org/jtc1/sc22/wg14/www/docs/n2176.pdf
308,ISO-C17,<string.h>,strncpy,function,required,implemented,libc/include/string.h,libc/string.c,header/symbol audit; amd64 QEMU boot; pcat/pc98 HDD integration builds,,reviewed,"No actionable issue found in signature, boundary, and integration review.",not-needed,https://www.open-std.org/jtc1/sc22/wg14/www/docs/n2176.pdf
309,ISO-C17,<string.h>,strpbrk,function,required,implemented,libc/include/string.h,libc/string-extra.c,header/symbol audit; amd64 QEMU boot; pcat/pc98 HDD integration builds,,reviewed,"No actionable issue found in signature, boundary, and integration review.",not-needed,https://www.open-std.org/jtc1/sc22/wg14/www/docs/n2176.pdf
310,ISO-C17,<string.h>,strrchr,function,required,implemented,libc/include/string.h,libc/string.c,header/symbol audit; amd64 QEMU boot; pcat/pc98 HDD integration builds,,reviewed,"No actionable issue found in signature, boundary, and integration review.",not-needed,https://www.open-std.org/jtc1/sc22/wg14/www/docs/n2176.pdf
311,ISO-C17,<string.h>,strspn,function,required,implemented,libc/include/string.h,libc/string-extra.c,header/symbol audit; amd64 QEMU boot; pcat/pc98 HDD integration builds,,reviewed,"No actionable issue found in signature, boundary, and integration review.",not-needed,https://www.open-std.org/jtc1/sc22/wg14/www/docs/n2176.pdf
312,ISO-C17,<string.h>,strstr,function,required,implemented,libc/include/string.h,libc/string.c,header/symbol audit; amd64 QEMU boot; pcat/pc98 HDD integration builds,,reviewed,"No actionable issue found in signature, boundary, and integration review.",not-needed,https://www.open-std.org/jtc1/sc22/wg14/www/docs/n2176.pdf
313,ISO-C17,<string.h>,strtok,function,required,implemented,libc/include/string.h,libc/string-extra.c,header/symbol audit; amd64 QEMU boot; pcat/pc98 HDD integration builds,,reviewed,"No actionable issue found in signature, boundary, and integration review.",not-needed,https://www.open-std.org/jtc1/sc22/wg14/www/docs/n2176.pdf
314,ISO-C17,<string.h>,strxfrm,function,required,implemented,libc/include/string.h,libc/locale.c,header/symbol audit; amd64 QEMU boot; pcat/pc98 HDD integration builds,,reviewed,"No actionable issue found in signature, boundary, and integration review.",not-needed,https://www.open-std.org/jtc1/sc22/wg14/www/docs/n2176.pdf
315,ISO-C17,<time.h>,asctime,function,required,implemented,libc/include/time.h,userland/base/libc/posix.c,header/symbol audit; amd64 QEMU boot; pcat/pc98 HDD integration builds,,reviewed,"No actionable issue found in signature, boundary, and integration review.",not-needed,https://www.open-std.org/jtc1/sc22/wg14/www/docs/n2176.pdf
316,ISO-C17,<time.h>,clock,function,required,implemented,libc/include/time.h,userland/base/libc/posix.c,header/symbol audit; amd64 QEMU boot; pcat/pc98 HDD integration builds,,reviewed,"No actionable issue found in signature, boundary, and integration review.",not-needed,https://www.open-std.org/jtc1/sc22/wg14/www/docs/n2176.pdf
317,ISO-C17,<time.h>,ctime,function,required,implemented,libc/include/time.h,userland/base/libc/posix.c,header/symbol audit; amd64 QEMU boot; pcat/pc98 HDD integration builds,,reviewed,"No actionable issue found in signature, boundary, and integration review.",not-needed,https://www.open-std.org/jtc1/sc22/wg14/www/docs/n2176.pdf
318,ISO-C17,<time.h>,difftime,function,required,implemented,libc/include/time.h,userland/base/libc/posix.c,header/symbol audit; amd64 QEMU boot; pcat/pc98 HDD integration builds,,reviewed,"No actionable issue found in signature, boundary, and integration review.",not-needed,https://www.open-std.org/jtc1/sc22/wg14/www/docs/n2176.pdf
319,ISO-C17,<time.h>,gmtime,function,required,implemented,libc/include/time.h,userland/base/libc/posix.c,header/symbol audit; amd64 QEMU boot; pcat/pc98 HDD integration builds,,reviewed,"No actionable issue found in signature, boundary, and integration review.",not-needed,https://www.open-std.org/jtc1/sc22/wg14/www/docs/n2176.pdf
320,ISO-C17,<time.h>,localtime,function,required,implemented,libc/include/time.h,userland/base/libc/posix.c,header/symbol audit; amd64 QEMU boot; pcat/pc98 HDD integration builds,,reviewed,"No actionable issue found in signature, boundary, and integration review.",not-needed,https://www.open-std.org/jtc1/sc22/wg14/www/docs/n2176.pdf
321,ISO-C17,<time.h>,mktime,function,required,implemented,libc/include/time.h,userland/base/libc/posix.c,header/symbol audit; amd64 QEMU boot; pcat/pc98 HDD integration builds,,reviewed,"No actionable issue found in signature, boundary, and integration review.",not-needed,https://www.open-std.org/jtc1/sc22/wg14/www/docs/n2176.pdf
322,ISO-C17,<time.h>,strftime,function,required,implemented,libc/include/time.h,userland/base/libc/posix.c,header/symbol audit; amd64 QEMU boot; pcat/pc98 HDD integration builds,,reviewed,"No actionable issue found in signature, boundary, and integration review.",not-needed,https://www.open-std.org/jtc1/sc22/wg14/www/docs/n2176.pdf
323,ISO-C17,<time.h>,time,function,required,implemented,libc/include/time.h,libc/stdio.c|userland/base/libc/posix.c,header/symbol audit; amd64 QEMU boot; pcat/pc98 HDD integration builds,,reviewed,"No actionable issue found in signature, boundary, and integration review.",not-needed,https://www.open-std.org/jtc1/sc22/wg14/www/docs/n2176.pdf
324,ISO-C17,<time.h>,timespec_get,function,required,implemented,libc/include/time.h,libc/time-extra.c,header/symbol audit; amd64 QEMU boot; pcat/pc98 HDD integration builds,,reviewed,"No actionable issue found in signature, boundary, and integration review.",not-needed,https://www.open-std.org/jtc1/sc22/wg14/www/docs/n2176.pdf
325,ISO-C17,<uchar.h>,c16rtomb,function,required,implemented,libc/include/uchar.h,libc/wide-extra.c,header/symbol audit; amd64 QEMU boot; pcat/pc98 HDD integration builds,,reviewed,Wide formatting originally forwarded incompatible unqualified %c/%s arguments and UTF-16 pending-surrogate errors were incomplete; fixed.,fixed,https://www.open-std.org/jtc1/sc22/wg14/www/docs/n2176.pdf
326,ISO-C17,<uchar.h>,c32rtomb,function,required,implemented,libc/include/uchar.h,libc/wide-extra.c,header/symbol audit; amd64 QEMU boot; pcat/pc98 HDD integration builds,,reviewed,Wide formatting originally forwarded incompatible unqualified %c/%s arguments and UTF-16 pending-surrogate errors were incomplete; fixed.,fixed,https://www.open-std.org/jtc1/sc22/wg14/www/docs/n2176.pdf
327,ISO-C17,<uchar.h>,mbrtoc16,function,required,implemented,libc/include/uchar.h,libc/wide-extra.c,header/symbol audit; amd64 QEMU boot; pcat/pc98 HDD integration builds,,reviewed,Wide formatting originally forwarded incompatible unqualified %c/%s arguments and UTF-16 pending-surrogate errors were incomplete; fixed.,fixed,https://www.open-std.org/jtc1/sc22/wg14/www/docs/n2176.pdf
328,ISO-C17,<uchar.h>,mbrtoc32,function,required,implemented,libc/include/uchar.h,libc/wide-extra.c,header/symbol audit; amd64 QEMU boot; pcat/pc98 HDD integration builds,,reviewed,Wide formatting originally forwarded incompatible unqualified %c/%s arguments and UTF-16 pending-surrogate errors were incomplete; fixed.,fixed,https://www.open-std.org/jtc1/sc22/wg14/www/docs/n2176.pdf
329,ISO-C17,<wchar.h>,btowc,function,required,implemented,libc/include/wchar.h,libc/locale.c,header/symbol audit; amd64 QEMU boot; pcat/pc98 HDD integration builds,,reviewed,Wide formatting originally forwarded incompatible unqualified %c/%s arguments and UTF-16 pending-surrogate errors were incomplete; fixed.,fixed,https://www.open-std.org/jtc1/sc22/wg14/www/docs/n2176.pdf
330,ISO-C17,<wchar.h>,fgetwc,function,required,implemented,libc/include/wchar.h,libc/wide.c,header/symbol audit; amd64 QEMU boot; pcat/pc98 HDD integration builds,,reviewed,Wide formatting originally forwarded incompatible unqualified %c/%s arguments and UTF-16 pending-surrogate errors were incomplete; fixed.,fixed,https://www.open-std.org/jtc1/sc22/wg14/www/docs/n2176.pdf
331,ISO-C17,<wchar.h>,fgetws,function,required,implemented,libc/include/wchar.h,libc/wide-extra.c,header/symbol audit; amd64 QEMU boot; pcat/pc98 HDD integration builds,,reviewed,Wide formatting originally forwarded incompatible unqualified %c/%s arguments and UTF-16 pending-surrogate errors were incomplete; fixed.,fixed,https://www.open-std.org/jtc1/sc22/wg14/www/docs/n2176.pdf
332,ISO-C17,<wchar.h>,fputwc,function,required,implemented,libc/include/wchar.h,libc/wide.c,header/symbol audit; amd64 QEMU boot; pcat/pc98 HDD integration builds,,reviewed,Wide formatting originally forwarded incompatible unqualified %c/%s arguments and UTF-16 pending-surrogate errors were incomplete; fixed.,fixed,https://www.open-std.org/jtc1/sc22/wg14/www/docs/n2176.pdf
333,ISO-C17,<wchar.h>,fputws,function,required,implemented,libc/include/wchar.h,libc/wide-extra.c,header/symbol audit; amd64 QEMU boot; pcat/pc98 HDD integration builds,,reviewed,Wide formatting originally forwarded incompatible unqualified %c/%s arguments and UTF-16 pending-surrogate errors were incomplete; fixed.,fixed,https://www.open-std.org/jtc1/sc22/wg14/www/docs/n2176.pdf
334,ISO-C17,<wchar.h>,fwide,function,required,implemented,libc/include/wchar.h,libc/wide.c,header/symbol audit; amd64 QEMU boot; pcat/pc98 HDD integration builds,,reviewed,Wide formatting originally forwarded incompatible unqualified %c/%s arguments and UTF-16 pending-surrogate errors were incomplete; fixed.,fixed,https://www.open-std.org/jtc1/sc22/wg14/www/docs/n2176.pdf
335,ISO-C17,<wchar.h>,fwprintf,function,required,implemented,libc/include/wchar.h,libc/wide-extra.c,header/symbol audit; amd64 QEMU boot; pcat/pc98 HDD integration builds,,reviewed,Wide formatting originally forwarded incompatible unqualified %c/%s arguments and UTF-16 pending-surrogate errors were incomplete; fixed.,fixed,https://www.open-std.org/jtc1/sc22/wg14/www/docs/n2176.pdf
336,ISO-C17,<wchar.h>,fwscanf,function,required,implemented,libc/include/wchar.h,libc/wide-extra.c,header/symbol audit; amd64 QEMU boot; pcat/pc98 HDD integration builds,,reviewed,"The first scanner omitted scansets, bounded numeric fields, and wide string/character arguments; those cases are now handled.",fixed,https://www.open-std.org/jtc1/sc22/wg14/www/docs/n2176.pdf
337,ISO-C17,<wchar.h>,getwc,function,required,implemented,libc/include/wchar.h,libc/wide.c,header/symbol audit; amd64 QEMU boot; pcat/pc98 HDD integration builds,,reviewed,Wide formatting originally forwarded incompatible unqualified %c/%s arguments and UTF-16 pending-surrogate errors were incomplete; fixed.,fixed,https://www.open-std.org/jtc1/sc22/wg14/www/docs/n2176.pdf
338,ISO-C17,<wchar.h>,getwchar,function,required,implemented,libc/include/wchar.h,libc/wide.c,header/symbol audit; amd64 QEMU boot; pcat/pc98 HDD integration builds,,reviewed,Wide formatting originally forwarded incompatible unqualified %c/%s arguments and UTF-16 pending-surrogate errors were incomplete; fixed.,fixed,https://www.open-std.org/jtc1/sc22/wg14/www/docs/n2176.pdf
339,ISO-C17,<wchar.h>,mbrlen,function,required,implemented,libc/include/wchar.h,libc/locale.c,header/symbol audit; amd64 QEMU boot; pcat/pc98 HDD integration builds,,reviewed,Wide formatting originally forwarded incompatible unqualified %c/%s arguments and UTF-16 pending-surrogate errors were incomplete; fixed.,fixed,https://www.open-std.org/jtc1/sc22/wg14/www/docs/n2176.pdf
340,ISO-C17,<wchar.h>,mbrtowc,function,required,implemented,libc/include/wchar.h,libc/locale.c,header/symbol audit; amd64 QEMU boot; pcat/pc98 HDD integration builds,,reviewed,Wide formatting originally forwarded incompatible unqualified %c/%s arguments and UTF-16 pending-surrogate errors were incomplete; fixed.,fixed,https://www.open-std.org/jtc1/sc22/wg14/www/docs/n2176.pdf
341,ISO-C17,<wchar.h>,mbsinit,function,required,implemented,libc/include/wchar.h,libc/locale.c,header/symbol audit; amd64 QEMU boot; pcat/pc98 HDD integration builds,,reviewed,Wide formatting originally forwarded incompatible unqualified %c/%s arguments and UTF-16 pending-surrogate errors were incomplete; fixed.,fixed,https://www.open-std.org/jtc1/sc22/wg14/www/docs/n2176.pdf
342,ISO-C17,<wchar.h>,mbsrtowcs,function,required,implemented,libc/include/wchar.h,libc/locale.c,header/symbol audit; amd64 QEMU boot; pcat/pc98 HDD integration builds,,reviewed,Wide formatting originally forwarded incompatible unqualified %c/%s arguments and UTF-16 pending-surrogate errors were incomplete; fixed.,fixed,https://www.open-std.org/jtc1/sc22/wg14/www/docs/n2176.pdf
343,ISO-C17,<wchar.h>,putwc,function,required,implemented,libc/include/wchar.h,libc/wide.c,header/symbol audit; amd64 QEMU boot; pcat/pc98 HDD integration builds,,reviewed,Wide formatting originally forwarded incompatible unqualified %c/%s arguments and UTF-16 pending-surrogate errors were incomplete; fixed.,fixed,https://www.open-std.org/jtc1/sc22/wg14/www/docs/n2176.pdf
344,ISO-C17,<wchar.h>,putwchar,function,required,implemented,libc/include/wchar.h,libc/wide.c,header/symbol audit; amd64 QEMU boot; pcat/pc98 HDD integration builds,,reviewed,Wide formatting originally forwarded incompatible unqualified %c/%s arguments and UTF-16 pending-surrogate errors were incomplete; fixed.,fixed,https://www.open-std.org/jtc1/sc22/wg14/www/docs/n2176.pdf
345,ISO-C17,<wchar.h>,swprintf,function,required,implemented,libc/include/wchar.h,libc/wide-extra.c,header/symbol audit; amd64 QEMU boot; pcat/pc98 HDD integration builds,,reviewed,Wide formatting originally forwarded incompatible unqualified %c/%s arguments and UTF-16 pending-surrogate errors were incomplete; fixed.,fixed,https://www.open-std.org/jtc1/sc22/wg14/www/docs/n2176.pdf
346,ISO-C17,<wchar.h>,swscanf,function,required,implemented,libc/include/wchar.h,libc/wide-extra.c,header/symbol audit; amd64 QEMU boot; pcat/pc98 HDD integration builds,,reviewed,"The first scanner omitted scansets, bounded numeric fields, and wide string/character arguments; those cases are now handled.",fixed,https://www.open-std.org/jtc1/sc22/wg14/www/docs/n2176.pdf
347,ISO-C17,<wchar.h>,ungetwc,function,required,implemented,libc/include/wchar.h,libc/wide-extra.c,header/symbol audit; amd64 QEMU boot; pcat/pc98 HDD integration builds,,reviewed,Wide formatting originally forwarded incompatible unqualified %c/%s arguments and UTF-16 pending-surrogate errors were incomplete; fixed.,fixed,https://www.open-std.org/jtc1/sc22/wg14/www/docs/n2176.pdf
348,ISO-C17,<wchar.h>,vfwprintf,function,required,implemented,libc/include/wchar.h,libc/wide-extra.c,header/symbol audit; amd64 QEMU boot; pcat/pc98 HDD integration builds,,reviewed,Wide formatting originally forwarded incompatible unqualified %c/%s arguments and UTF-16 pending-surrogate errors were incomplete; fixed.,fixed,https://www.open-std.org/jtc1/sc22/wg14/www/docs/n2176.pdf
349,ISO-C17,<wchar.h>,vfwscanf,function,required,implemented,libc/include/wchar.h,libc/wide-extra.c,header/symbol audit; amd64 QEMU boot; pcat/pc98 HDD integration builds,,reviewed,"The first scanner omitted scansets, bounded numeric fields, and wide string/character arguments; those cases are now handled.",fixed,https://www.open-std.org/jtc1/sc22/wg14/www/docs/n2176.pdf
350,ISO-C17,<wchar.h>,vswprintf,function,required,implemented,libc/include/wchar.h,libc/wide-extra.c,header/symbol audit; amd64 QEMU boot; pcat/pc98 HDD integration builds,,reviewed,Wide formatting originally forwarded incompatible unqualified %c/%s arguments and UTF-16 pending-surrogate errors were incomplete; fixed.,fixed,https://www.open-std.org/jtc1/sc22/wg14/www/docs/n2176.pdf
351,ISO-C17,<wchar.h>,vswscanf,function,required,implemented,libc/include/wchar.h,libc/wide-extra.c,header/symbol audit; amd64 QEMU boot; pcat/pc98 HDD integration builds,,reviewed,"The first scanner omitted scansets, bounded numeric fields, and wide string/character arguments; those cases are now handled.",fixed,https://www.open-std.org/jtc1/sc22/wg14/www/docs/n2176.pdf
352,ISO-C17,<wchar.h>,vwprintf,function,required,implemented,libc/include/wchar.h,libc/wide-extra.c,header/symbol audit; amd64 QEMU boot; pcat/pc98 HDD integration builds,,reviewed,Wide formatting originally forwarded incompatible unqualified %c/%s arguments and UTF-16 pending-surrogate errors were incomplete; fixed.,fixed,https://www.open-std.org/jtc1/sc22/wg14/www/docs/n2176.pdf
353,ISO-C17,<wchar.h>,vwscanf,function,required,implemented,libc/include/wchar.h,libc/wide-extra.c,header/symbol audit; amd64 QEMU boot; pcat/pc98 HDD integration builds,,reviewed,"The first scanner omitted scansets, bounded numeric fields, and wide string/character arguments; those cases are now handled.",fixed,https://www.open-std.org/jtc1/sc22/wg14/www/docs/n2176.pdf
354,ISO-C17,<wchar.h>,wcrtomb,function,required,implemented,libc/include/wchar.h,libc/locale.c,header/symbol audit; amd64 QEMU boot; pcat/pc98 HDD integration builds,,reviewed,Wide formatting originally forwarded incompatible unqualified %c/%s arguments and UTF-16 pending-surrogate errors were incomplete; fixed.,fixed,https://www.open-std.org/jtc1/sc22/wg14/www/docs/n2176.pdf
355,ISO-C17,<wchar.h>,wcscat,function,required,implemented,libc/include/wchar.h,libc/wide-extra.c,header/symbol audit; amd64 QEMU boot; pcat/pc98 HDD integration builds,,reviewed,Wide formatting originally forwarded incompatible unqualified %c/%s arguments and UTF-16 pending-surrogate errors were incomplete; fixed.,fixed,https://www.open-std.org/jtc1/sc22/wg14/www/docs/n2176.pdf
356,ISO-C17,<wchar.h>,wcschr,function,required,implemented,libc/include/wchar.h,libc/wide.c,header/symbol audit; amd64 QEMU boot; pcat/pc98 HDD integration builds,,reviewed,Wide formatting originally forwarded incompatible unqualified %c/%s arguments and UTF-16 pending-surrogate errors were incomplete; fixed.,fixed,https://www.open-std.org/jtc1/sc22/wg14/www/docs/n2176.pdf
357,ISO-C17,<wchar.h>,wcscmp,function,required,implemented,libc/include/wchar.h,libc/wide.c,header/symbol audit; amd64 QEMU boot; pcat/pc98 HDD integration builds,,reviewed,Wide formatting originally forwarded incompatible unqualified %c/%s arguments and UTF-16 pending-surrogate errors were incomplete; fixed.,fixed,https://www.open-std.org/jtc1/sc22/wg14/www/docs/n2176.pdf
358,ISO-C17,<wchar.h>,wcscoll,function,required,implemented,libc/include/wchar.h,libc/wide.c,header/symbol audit; amd64 QEMU boot; pcat/pc98 HDD integration builds,,reviewed,Wide formatting originally forwarded incompatible unqualified %c/%s arguments and UTF-16 pending-surrogate errors were incomplete; fixed.,fixed,https://www.open-std.org/jtc1/sc22/wg14/www/docs/n2176.pdf
359,ISO-C17,<wchar.h>,wcscpy,function,required,implemented,libc/include/wchar.h,libc/wide.c,header/symbol audit; amd64 QEMU boot; pcat/pc98 HDD integration builds,,reviewed,Wide formatting originally forwarded incompatible unqualified %c/%s arguments and UTF-16 pending-surrogate errors were incomplete; fixed.,fixed,https://www.open-std.org/jtc1/sc22/wg14/www/docs/n2176.pdf
360,ISO-C17,<wchar.h>,wcscspn,function,required,implemented,libc/include/wchar.h,libc/wide-extra.c,header/symbol audit; amd64 QEMU boot; pcat/pc98 HDD integration builds,,reviewed,Wide formatting originally forwarded incompatible unqualified %c/%s arguments and UTF-16 pending-surrogate errors were incomplete; fixed.,fixed,https://www.open-std.org/jtc1/sc22/wg14/www/docs/n2176.pdf
361,ISO-C17,<wchar.h>,wcsftime,function,required,implemented,libc/include/wchar.h,libc/wide-extra.c,header/symbol audit; amd64 QEMU boot; pcat/pc98 HDD integration builds,,reviewed,Wide formatting originally forwarded incompatible unqualified %c/%s arguments and UTF-16 pending-surrogate errors were incomplete; fixed.,fixed,https://www.open-std.org/jtc1/sc22/wg14/www/docs/n2176.pdf
362,ISO-C17,<wchar.h>,wcslen,function,required,implemented,libc/include/wchar.h,libc/wide.c,header/symbol audit; amd64 QEMU boot; pcat/pc98 HDD integration builds,,reviewed,Wide formatting originally forwarded incompatible unqualified %c/%s arguments and UTF-16 pending-surrogate errors were incomplete; fixed.,fixed,https://www.open-std.org/jtc1/sc22/wg14/www/docs/n2176.pdf
363,ISO-C17,<wchar.h>,wcsncat,function,required,implemented,libc/include/wchar.h,libc/wide-extra.c,header/symbol audit; amd64 QEMU boot; pcat/pc98 HDD integration builds,,reviewed,Wide formatting originally forwarded incompatible unqualified %c/%s arguments and UTF-16 pending-surrogate errors were incomplete; fixed.,fixed,https://www.open-std.org/jtc1/sc22/wg14/www/docs/n2176.pdf
364,ISO-C17,<wchar.h>,wcsncmp,function,required,implemented,libc/include/wchar.h,libc/wide.c,header/symbol audit; amd64 QEMU boot; pcat/pc98 HDD integration builds,,reviewed,Wide formatting originally forwarded incompatible unqualified %c/%s arguments and UTF-16 pending-surrogate errors were incomplete; fixed.,fixed,https://www.open-std.org/jtc1/sc22/wg14/www/docs/n2176.pdf
365,ISO-C17,<wchar.h>,wcsncpy,function,required,implemented,libc/include/wchar.h,libc/wide.c,header/symbol audit; amd64 QEMU boot; pcat/pc98 HDD integration builds,,reviewed,Wide formatting originally forwarded incompatible unqualified %c/%s arguments and UTF-16 pending-surrogate errors were incomplete; fixed.,fixed,https://www.open-std.org/jtc1/sc22/wg14/www/docs/n2176.pdf
366,ISO-C17,<wchar.h>,wcspbrk,function,required,implemented,libc/include/wchar.h,libc/wide-extra.c,header/symbol audit; amd64 QEMU boot; pcat/pc98 HDD integration builds,,reviewed,Wide formatting originally forwarded incompatible unqualified %c/%s arguments and UTF-16 pending-surrogate errors were incomplete; fixed.,fixed,https://www.open-std.org/jtc1/sc22/wg14/www/docs/n2176.pdf
367,ISO-C17,<wchar.h>,wcsrchr,function,required,implemented,libc/include/wchar.h,libc/wide.c,header/symbol audit; amd64 QEMU boot; pcat/pc98 HDD integration builds,,reviewed,Wide formatting originally forwarded incompatible unqualified %c/%s arguments and UTF-16 pending-surrogate errors were incomplete; fixed.,fixed,https://www.open-std.org/jtc1/sc22/wg14/www/docs/n2176.pdf
368,ISO-C17,<wchar.h>,wcsrtombs,function,required,implemented,libc/include/wchar.h,libc/locale.c,header/symbol audit; amd64 QEMU boot; pcat/pc98 HDD integration builds,,reviewed,Wide formatting originally forwarded incompatible unqualified %c/%s arguments and UTF-16 pending-surrogate errors were incomplete; fixed.,fixed,https://www.open-std.org/jtc1/sc22/wg14/www/docs/n2176.pdf
369,ISO-C17,<wchar.h>,wcsspn,function,required,implemented,libc/include/wchar.h,libc/wide-extra.c,header/symbol audit; amd64 QEMU boot; pcat/pc98 HDD integration builds,,reviewed,Wide formatting originally forwarded incompatible unqualified %c/%s arguments and UTF-16 pending-surrogate errors were incomplete; fixed.,fixed,https://www.open-std.org/jtc1/sc22/wg14/www/docs/n2176.pdf
370,ISO-C17,<wchar.h>,wcsstr,function,required,implemented,libc/include/wchar.h,libc/wide-extra.c,header/symbol audit; amd64 QEMU boot; pcat/pc98 HDD integration builds,,reviewed,Wide formatting originally forwarded incompatible unqualified %c/%s arguments and UTF-16 pending-surrogate errors were incomplete; fixed.,fixed,https://www.open-std.org/jtc1/sc22/wg14/www/docs/n2176.pdf
371,ISO-C17,<wchar.h>,wcstod,function,required,implemented,libc/include/wchar.h,libc/wide-extra.c,header/symbol audit; amd64 QEMU boot; pcat/pc98 HDD integration builds,,reviewed,Wide formatting originally forwarded incompatible unqualified %c/%s arguments and UTF-16 pending-surrogate errors were incomplete; fixed.,fixed,https://www.open-std.org/jtc1/sc22/wg14/www/docs/n2176.pdf
372,ISO-C17,<wchar.h>,wcstof,function,required,implemented,libc/include/wchar.h,libc/wide-extra.c,header/symbol audit; amd64 QEMU boot; pcat/pc98 HDD integration builds,,reviewed,Wide formatting originally forwarded incompatible unqualified %c/%s arguments and UTF-16 pending-surrogate errors were incomplete; fixed.,fixed,https://www.open-std.org/jtc1/sc22/wg14/www/docs/n2176.pdf
373,ISO-C17,<wchar.h>,wcstok,function,required,implemented,libc/include/wchar.h,libc/wide-extra.c,header/symbol audit; amd64 QEMU boot; pcat/pc98 HDD integration builds,,reviewed,Wide formatting originally forwarded incompatible unqualified %c/%s arguments and UTF-16 pending-surrogate errors were incomplete; fixed.,fixed,https://www.open-std.org/jtc1/sc22/wg14/www/docs/n2176.pdf
374,ISO-C17,<wchar.h>,wcstol,function,required,implemented,libc/include/wchar.h,libc/wide-extra.c,header/symbol audit; amd64 QEMU boot; pcat/pc98 HDD integration builds,,reviewed,Wide formatting originally forwarded incompatible unqualified %c/%s arguments and UTF-16 pending-surrogate errors were incomplete; fixed.,fixed,https://www.open-std.org/jtc1/sc22/wg14/www/docs/n2176.pdf
375,ISO-C17,<wchar.h>,wcstold,function,required,implemented,libc/include/wchar.h,libc/wide-extra.c,header/symbol audit; amd64 QEMU boot; pcat/pc98 HDD integration builds,,reviewed,Wide formatting originally forwarded incompatible unqualified %c/%s arguments and UTF-16 pending-surrogate errors were incomplete; fixed.,fixed,https://www.open-std.org/jtc1/sc22/wg14/www/docs/n2176.pdf
376,ISO-C17,<wchar.h>,wcstoll,function,required,implemented,libc/include/wchar.h,libc/wide-extra.c,header/symbol audit; amd64 QEMU boot; pcat/pc98 HDD integration builds,,reviewed,Wide formatting originally forwarded incompatible unqualified %c/%s arguments and UTF-16 pending-surrogate errors were incomplete; fixed.,fixed,https://www.open-std.org/jtc1/sc22/wg14/www/docs/n2176.pdf
377,ISO-C17,<wchar.h>,wcstoul,function,required,implemented,libc/include/wchar.h,libc/wide-extra.c,header/symbol audit; amd64 QEMU boot; pcat/pc98 HDD integration builds,,reviewed,Wide formatting originally forwarded incompatible unqualified %c/%s arguments and UTF-16 pending-surrogate errors were incomplete; fixed.,fixed,https://www.open-std.org/jtc1/sc22/wg14/www/docs/n2176.pdf
378,ISO-C17,<wchar.h>,wcstoull,function,required,implemented,libc/include/wchar.h,libc/wide-extra.c,header/symbol audit; amd64 QEMU boot; pcat/pc98 HDD integration builds,,reviewed,Wide formatting originally forwarded incompatible unqualified %c/%s arguments and UTF-16 pending-surrogate errors were incomplete; fixed.,fixed,https://www.open-std.org/jtc1/sc22/wg14/www/docs/n2176.pdf
379,ISO-C17,<wchar.h>,wcsxfrm,function,required,implemented,libc/include/wchar.h,libc/wide.c,header/symbol audit; amd64 QEMU boot; pcat/pc98 HDD integration builds,,reviewed,Wide formatting originally forwarded incompatible unqualified %c/%s arguments and UTF-16 pending-surrogate errors were incomplete; fixed.,fixed,https://www.open-std.org/jtc1/sc22/wg14/www/docs/n2176.pdf
380,ISO-C17,<wchar.h>,wctob,function,required,implemented,libc/include/wchar.h,libc/locale.c,header/symbol audit; amd64 QEMU boot; pcat/pc98 HDD integration builds,,reviewed,Wide formatting originally forwarded incompatible unqualified %c/%s arguments and UTF-16 pending-surrogate errors were incomplete; fixed.,fixed,https://www.open-std.org/jtc1/sc22/wg14/www/docs/n2176.pdf
381,ISO-C17,<wchar.h>,wmemchr,function,required,implemented,libc/include/wchar.h,libc/wide-extra.c,header/symbol audit; amd64 QEMU boot; pcat/pc98 HDD integration builds,,reviewed,Wide formatting originally forwarded incompatible unqualified %c/%s arguments and UTF-16 pending-surrogate errors were incomplete; fixed.,fixed,https://www.open-std.org/jtc1/sc22/wg14/www/docs/n2176.pdf
382,ISO-C17,<wchar.h>,wmemcmp,function,required,implemented,libc/include/wchar.h,libc/wide.c,header/symbol audit; amd64 QEMU boot; pcat/pc98 HDD integration builds,,reviewed,Wide formatting originally forwarded incompatible unqualified %c/%s arguments and UTF-16 pending-surrogate errors were incomplete; fixed.,fixed,https://www.open-std.org/jtc1/sc22/wg14/www/docs/n2176.pdf
383,ISO-C17,<wchar.h>,wmemcpy,function,required,implemented,libc/include/wchar.h,libc/wide.c,header/symbol audit; amd64 QEMU boot; pcat/pc98 HDD integration builds,,reviewed,Wide formatting originally forwarded incompatible unqualified %c/%s arguments and UTF-16 pending-surrogate errors were incomplete; fixed.,fixed,https://www.open-std.org/jtc1/sc22/wg14/www/docs/n2176.pdf
384,ISO-C17,<wchar.h>,wmemmove,function,required,implemented,libc/include/wchar.h,libc/wide.c,header/symbol audit; amd64 QEMU boot; pcat/pc98 HDD integration builds,,reviewed,Wide formatting originally forwarded incompatible unqualified %c/%s arguments and UTF-16 pending-surrogate errors were incomplete; fixed.,fixed,https://www.open-std.org/jtc1/sc22/wg14/www/docs/n2176.pdf
385,ISO-C17,<wchar.h>,wmemset,function,required,implemented,libc/include/wchar.h,libc/wide.c,header/symbol audit; amd64 QEMU boot; pcat/pc98 HDD integration builds,,reviewed,Wide formatting originally forwarded incompatible unqualified %c/%s arguments and UTF-16 pending-surrogate errors were incomplete; fixed.,fixed,https://www.open-std.org/jtc1/sc22/wg14/www/docs/n2176.pdf
386,ISO-C17,<wchar.h>,wprintf,function,required,implemented,libc/include/wchar.h,libc/wide-extra.c,header/symbol audit; amd64 QEMU boot; pcat/pc98 HDD integration builds,,reviewed,Wide formatting originally forwarded incompatible unqualified %c/%s arguments and UTF-16 pending-surrogate errors were incomplete; fixed.,fixed,https://www.open-std.org/jtc1/sc22/wg14/www/docs/n2176.pdf
387,ISO-C17,<wchar.h>,wscanf,function,required,implemented,libc/include/wchar.h,libc/wide-extra.c,header/symbol audit; amd64 QEMU boot; pcat/pc98 HDD integration builds,,reviewed,"The first scanner omitted scansets, bounded numeric fields, and wide string/character arguments; those cases are now handled.",fixed,https://www.open-std.org/jtc1/sc22/wg14/www/docs/n2176.pdf
388,ISO-C17,<wctype.h>,iswalnum,function,required,implemented,libc/include/wctype.h,libc/wide.c,header/symbol audit; amd64 QEMU boot; pcat/pc98 HDD integration builds,,reviewed,"No actionable issue found in signature, boundary, and integration review.",not-needed,https://www.open-std.org/jtc1/sc22/wg14/www/docs/n2176.pdf
389,ISO-C17,<wctype.h>,iswalpha,function,required,implemented,libc/include/wctype.h,libc/wide.c,header/symbol audit; amd64 QEMU boot; pcat/pc98 HDD integration builds,,reviewed,"No actionable issue found in signature, boundary, and integration review.",not-needed,https://www.open-std.org/jtc1/sc22/wg14/www/docs/n2176.pdf
390,ISO-C17,<wctype.h>,iswblank,function,required,implemented,libc/include/wctype.h,libc/wide.c,header/symbol audit; amd64 QEMU boot; pcat/pc98 HDD integration builds,,reviewed,"No actionable issue found in signature, boundary, and integration review.",not-needed,https://www.open-std.org/jtc1/sc22/wg14/www/docs/n2176.pdf
391,ISO-C17,<wctype.h>,iswcntrl,function,required,implemented,libc/include/wctype.h,libc/wide.c,header/symbol audit; amd64 QEMU boot; pcat/pc98 HDD integration builds,,reviewed,"No actionable issue found in signature, boundary, and integration review.",not-needed,https://www.open-std.org/jtc1/sc22/wg14/www/docs/n2176.pdf
392,ISO-C17,<wctype.h>,iswctype,function,required,implemented,libc/include/wctype.h,libc/wide.c,header/symbol audit; amd64 QEMU boot; pcat/pc98 HDD integration builds,,reviewed,"No actionable issue found in signature, boundary, and integration review.",not-needed,https://www.open-std.org/jtc1/sc22/wg14/www/docs/n2176.pdf
393,ISO-C17,<wctype.h>,iswdigit,function,required,implemented,libc/include/wctype.h,libc/wide.c,header/symbol audit; amd64 QEMU boot; pcat/pc98 HDD integration builds,,reviewed,"No actionable issue found in signature, boundary, and integration review.",not-needed,https://www.open-std.org/jtc1/sc22/wg14/www/docs/n2176.pdf
394,ISO-C17,<wctype.h>,iswgraph,function,required,implemented,libc/include/wctype.h,libc/wide.c,header/symbol audit; amd64 QEMU boot; pcat/pc98 HDD integration builds,,reviewed,"No actionable issue found in signature, boundary, and integration review.",not-needed,https://www.open-std.org/jtc1/sc22/wg14/www/docs/n2176.pdf
395,ISO-C17,<wctype.h>,iswlower,function,required,implemented,libc/include/wctype.h,libc/wide.c,header/symbol audit; amd64 QEMU boot; pcat/pc98 HDD integration builds,,reviewed,"No actionable issue found in signature, boundary, and integration review.",not-needed,https://www.open-std.org/jtc1/sc22/wg14/www/docs/n2176.pdf
396,ISO-C17,<wctype.h>,iswprint,function,required,implemented,libc/include/wctype.h,libc/wide.c,header/symbol audit; amd64 QEMU boot; pcat/pc98 HDD integration builds,,reviewed,"No actionable issue found in signature, boundary, and integration review.",not-needed,https://www.open-std.org/jtc1/sc22/wg14/www/docs/n2176.pdf
397,ISO-C17,<wctype.h>,iswpunct,function,required,implemented,libc/include/wctype.h,libc/wide.c,header/symbol audit; amd64 QEMU boot; pcat/pc98 HDD integration builds,,reviewed,"No actionable issue found in signature, boundary, and integration review.",not-needed,https://www.open-std.org/jtc1/sc22/wg14/www/docs/n2176.pdf
398,ISO-C17,<wctype.h>,iswspace,function,required,implemented,libc/include/wctype.h,libc/wide.c,header/symbol audit; amd64 QEMU boot; pcat/pc98 HDD integration builds,,reviewed,"No actionable issue found in signature, boundary, and integration review.",not-needed,https://www.open-std.org/jtc1/sc22/wg14/www/docs/n2176.pdf
399,ISO-C17,<wctype.h>,iswupper,function,required,implemented,libc/include/wctype.h,libc/wide.c,header/symbol audit; amd64 QEMU boot; pcat/pc98 HDD integration builds,,reviewed,"No actionable issue found in signature, boundary, and integration review.",not-needed,https://www.open-std.org/jtc1/sc22/wg14/www/docs/n2176.pdf
400,ISO-C17,<wctype.h>,iswxdigit,function,required,implemented,libc/include/wctype.h,libc/wide.c,header/symbol audit; amd64 QEMU boot; pcat/pc98 HDD integration builds,,reviewed,"No actionable issue found in signature, boundary, and integration review.",not-needed,https://www.open-std.org/jtc1/sc22/wg14/www/docs/n2176.pdf
401,ISO-C17,<wctype.h>,towctrans,function,required,implemented,libc/include/wctype.h,libc/wide.c,header/symbol audit; amd64 QEMU boot; pcat/pc98 HDD integration builds,,reviewed,"No actionable issue found in signature, boundary, and integration review.",not-needed,https://www.open-std.org/jtc1/sc22/wg14/www/docs/n2176.pdf
402,ISO-C17,<wctype.h>,towlower,function,required,implemented,libc/include/wctype.h,libc/wide.c,header/symbol audit; amd64 QEMU boot; pcat/pc98 HDD integration builds,,reviewed,"No actionable issue found in signature, boundary, and integration review.",not-needed,https://www.open-std.org/jtc1/sc22/wg14/www/docs/n2176.pdf
403,ISO-C17,<wctype.h>,towupper,function,required,implemented,libc/include/wctype.h,libc/wide.c,header/symbol audit; amd64 QEMU boot; pcat/pc98 HDD integration builds,,reviewed,"No actionable issue found in signature, boundary, and integration review.",not-needed,https://www.open-std.org/jtc1/sc22/wg14/www/docs/n2176.pdf
404,ISO-C17,<wctype.h>,wctrans,function,required,implemented,libc/include/wctype.h,libc/wide.c,header/symbol audit; amd64 QEMU boot; pcat/pc98 HDD integration builds,,reviewed,"No actionable issue found in signature, boundary, and integration review.",not-needed,https://www.open-std.org/jtc1/sc22/wg14/www/docs/n2176.pdf
405,ISO-C17,<wctype.h>,wctype,function,required,implemented,libc/include/wctype.h,libc/wide.c,header/symbol audit; amd64 QEMU boot; pcat/pc98 HDD integration builds,,reviewed,"No actionable issue found in signature, boundary, and integration review.",not-needed,https://www.open-std.org/jtc1/sc22/wg14/www/docs/n2176.pdf
406,BSD,<err.h>,err,function,common-extension,implemented,libc/include/err.h,libc/err.c,header/symbol audit; amd64 QEMU boot; pcat/pc98 HDD integration builds,,reviewed,"No actionable issue found in signature, boundary, and integration review.",not-needed,https://man.freebsd.org/cgi/man.cgi?query=err&sektion=3&manpath=FreeBSD+15.1-RELEASE
407,BSD,<err.h>,err_set_exit,function,common-extension,implemented,libc/include/err.h,libc/err.c,header/symbol audit; amd64 QEMU boot; pcat/pc98 HDD integration builds,,reviewed,"No actionable issue found in signature, boundary, and integration review.",not-needed,https://man.freebsd.org/cgi/man.cgi?query=err_set_exit&sektion=3&manpath=FreeBSD+15.1-RELEASE
408,BSD,<err.h>,err_set_file,function,common-extension,implemented,libc/include/err.h,libc/err.c,header/symbol audit; amd64 QEMU boot; pcat/pc98 HDD integration builds,,reviewed,"No actionable issue found in signature, boundary, and integration review.",not-needed,https://man.freebsd.org/cgi/man.cgi?query=err_set_file&sektion=3&manpath=FreeBSD+15.1-RELEASE
409,BSD,<err.h>,errc,function,common-extension,implemented,libc/include/err.h,libc/err.c,header/symbol audit; amd64 QEMU boot; pcat/pc98 HDD integration builds,,reviewed,"No actionable issue found in signature, boundary, and integration review.",not-needed,https://man.freebsd.org/cgi/man.cgi?query=errc&sektion=3&manpath=FreeBSD+15.1-RELEASE
410,BSD,<err.h>,errx,function,common-extension,implemented,libc/include/err.h,libc/err.c,header/symbol audit; amd64 QEMU boot; pcat/pc98 HDD integration builds,,reviewed,"No actionable issue found in signature, boundary, and integration review.",not-needed,https://man.freebsd.org/cgi/man.cgi?query=errx&sektion=3&manpath=FreeBSD+15.1-RELEASE
411,BSD,<err.h>,verr,function,common-extension,implemented,libc/include/err.h,libc/err.c,header/symbol audit; amd64 QEMU boot; pcat/pc98 HDD integration builds,,reviewed,"No actionable issue found in signature, boundary, and integration review.",not-needed,https://man.freebsd.org/cgi/man.cgi?query=verr&sektion=3&manpath=FreeBSD+15.1-RELEASE
412,BSD,<err.h>,verrc,function,common-extension,implemented,libc/include/err.h,libc/err.c,header/symbol audit; amd64 QEMU boot; pcat/pc98 HDD integration builds,,reviewed,"No actionable issue found in signature, boundary, and integration review.",not-needed,https://man.freebsd.org/cgi/man.cgi?query=verrc&sektion=3&manpath=FreeBSD+15.1-RELEASE
413,BSD,<err.h>,verrx,function,common-extension,implemented,libc/include/err.h,libc/err.c,header/symbol audit; amd64 QEMU boot; pcat/pc98 HDD integration builds,,reviewed,"No actionable issue found in signature, boundary, and integration review.",not-needed,https://man.freebsd.org/cgi/man.cgi?query=verrx&sektion=3&manpath=FreeBSD+15.1-RELEASE
414,BSD,<err.h>,vwarn,function,common-extension,implemented,libc/include/err.h,libc/err.c,header/symbol audit; amd64 QEMU boot; pcat/pc98 HDD integration builds,,reviewed,"No actionable issue found in signature, boundary, and integration review.",not-needed,https://man.freebsd.org/cgi/man.cgi?query=vwarn&sektion=3&manpath=FreeBSD+15.1-RELEASE
415,BSD,<err.h>,vwarnc,function,common-extension,implemented,libc/include/err.h,libc/err.c,header/symbol audit; amd64 QEMU boot; pcat/pc98 HDD integration builds,,reviewed,"No actionable issue found in signature, boundary, and integration review.",not-needed,https://man.freebsd.org/cgi/man.cgi?query=vwarnc&sektion=3&manpath=FreeBSD+15.1-RELEASE
416,BSD,<err.h>,vwarnx,function,common-extension,implemented,libc/include/err.h,libc/err.c,header/symbol audit; amd64 QEMU boot; pcat/pc98 HDD integration builds,,reviewed,"No actionable issue found in signature, boundary, and integration review.",not-needed,https://man.freebsd.org/cgi/man.cgi?query=vwarnx&sektion=3&manpath=FreeBSD+15.1-RELEASE
417,BSD,<err.h>,warn,function,common-extension,implemented,libc/include/err.h,libc/err.c,header/symbol audit; amd64 QEMU boot; pcat/pc98 HDD integration builds,,reviewed,"No actionable issue found in signature, boundary, and integration review.",not-needed,https://man.freebsd.org/cgi/man.cgi?query=warn&sektion=3&manpath=FreeBSD+15.1-RELEASE
418,BSD,<err.h>,warnc,function,common-extension,implemented,libc/include/err.h,libc/err.c,header/symbol audit; amd64 QEMU boot; pcat/pc98 HDD integration builds,,reviewed,"No actionable issue found in signature, boundary, and integration review.",not-needed,https://man.freebsd.org/cgi/man.cgi?query=warnc&sektion=3&manpath=FreeBSD+15.1-RELEASE
419,BSD,<err.h>,warnx,function,common-extension,implemented,libc/include/err.h,libc/err.c,header/symbol audit; amd64 QEMU boot; pcat/pc98 HDD integration builds,,reviewed,"No actionable issue found in signature, boundary, and integration review.",not-needed,https://man.freebsd.org/cgi/man.cgi?query=warnx&sektion=3&manpath=FreeBSD+15.1-RELEASE
420,BSD,<stdio.h>,asprintf,function,common-extension,implemented,libc/include/stdio.h,libc/stdio-extra.c,header/symbol audit; amd64 QEMU boot; pcat/pc98 HDD integration builds,,reviewed,"No actionable issue found in signature, boundary, and integration review.",not-needed,https://man.freebsd.org/cgi/man.cgi?query=asprintf&sektion=3&manpath=FreeBSD+15.1-RELEASE
421,BSD,<stdio.h>,fgetln,function,common-extension,implemented,libc/include/stdio.h,libc/stdio-extra.c,header/symbol audit; amd64 QEMU boot; pcat/pc98 HDD integration builds,,reviewed,"The first pass did not provide real cookie streams, purge, or in-place stream reassociation; the userland FILE backend now does.",fixed,https://man.freebsd.org/cgi/man.cgi?query=fgetln&sektion=3&manpath=FreeBSD+15.1-RELEASE
422,BSD,<stdio.h>,fmtcheck,function,common-extension,implemented,libc/include/stdio.h,libc/stdio-extra.c,header/symbol audit; amd64 QEMU boot; pcat/pc98 HDD integration builds,,reviewed,"No actionable issue found in signature, boundary, and integration review.",not-needed,https://man.freebsd.org/cgi/man.cgi?query=fmtcheck&sektion=3&manpath=FreeBSD+15.1-RELEASE
423,BSD,<stdio.h>,fpurge,function,common-extension,implemented,libc/include/stdio.h,libc/stdio-extra.c|userland/base/libc/posix.c,header/symbol audit; amd64 QEMU boot; pcat/pc98 HDD integration builds,,reviewed,"The first pass did not provide real cookie streams, purge, or in-place stream reassociation; the userland FILE backend now does.",fixed,https://man.freebsd.org/cgi/man.cgi?query=fpurge&sektion=3&manpath=FreeBSD+15.1-RELEASE
424,BSD,<stdio.h>,funopen,function,common-extension,implemented,libc/include/stdio.h,libc/stdio-extra.c|userland/base/libc/posix.c,header/symbol audit; amd64 QEMU boot; pcat/pc98 HDD integration builds,,reviewed,"The first pass did not provide real cookie streams, purge, or in-place stream reassociation; the userland FILE backend now does.",fixed,https://man.freebsd.org/cgi/man.cgi?query=funopen&sektion=3&manpath=FreeBSD+15.1-RELEASE
425,BSD,<stdio.h>,setbuffer,function,common-extension,implemented,libc/include/stdio.h,libc/stdio-extra.c,header/symbol audit; amd64 QEMU boot; pcat/pc98 HDD integration builds,,reviewed,"No actionable issue found in signature, boundary, and integration review.",not-needed,https://man.freebsd.org/cgi/man.cgi?query=setbuffer&sektion=3&manpath=FreeBSD+15.1-RELEASE
426,BSD,<stdio.h>,setlinebuf,function,common-extension,implemented,libc/include/stdio.h,libc/stdio-extra.c,header/symbol audit; amd64 QEMU boot; pcat/pc98 HDD integration builds,,reviewed,"No actionable issue found in signature, boundary, and integration review.",not-needed,https://man.freebsd.org/cgi/man.cgi?query=setlinebuf&sektion=3&manpath=FreeBSD+15.1-RELEASE
427,BSD,<stdio.h>,vasprintf,function,common-extension,implemented,libc/include/stdio.h,libc/stdio-extra.c,header/symbol audit; amd64 QEMU boot; pcat/pc98 HDD integration builds,,reviewed,"No actionable issue found in signature, boundary, and integration review.",not-needed,https://man.freebsd.org/cgi/man.cgi?query=vasprintf&sektion=3&manpath=FreeBSD+15.1-RELEASE
428,BSD,<stdlib.h>,arc4random,function,common-extension,implemented,libc/include/stdlib.h,libc/stdlib-extra.c,header/symbol audit; amd64 QEMU boot; pcat/pc98 HDD integration builds,,reviewed,The entropy-device fallback was a non-cryptographic xorshift; it now uses a locked ChaCha20 generator seeded from process clocks/state.,fixed,https://man.freebsd.org/cgi/man.cgi?query=arc4random&sektion=3&manpath=FreeBSD+15.1-RELEASE
429,BSD,<stdlib.h>,arc4random_buf,function,common-extension,implemented,libc/include/stdlib.h,libc/stdlib-extra.c,header/symbol audit; amd64 QEMU boot; pcat/pc98 HDD integration builds,,reviewed,The entropy-device fallback was a non-cryptographic xorshift; it now uses a locked ChaCha20 generator seeded from process clocks/state.,fixed,https://man.freebsd.org/cgi/man.cgi?query=arc4random_buf&sektion=3&manpath=FreeBSD+15.1-RELEASE
430,BSD,<stdlib.h>,arc4random_uniform,function,common-extension,implemented,libc/include/stdlib.h,libc/stdlib-extra.c,header/symbol audit; amd64 QEMU boot; pcat/pc98 HDD integration builds,,reviewed,The entropy-device fallback was a non-cryptographic xorshift; it now uses a locked ChaCha20 generator seeded from process clocks/state.,fixed,https://man.freebsd.org/cgi/man.cgi?query=arc4random_uniform&sektion=3&manpath=FreeBSD+15.1-RELEASE
431,BSD,<stdlib.h>,getprogname,function,common-extension,implemented,libc/include/stdlib.h,libc/stdlib-extra.c,header/symbol audit; amd64 QEMU boot; pcat/pc98 HDD integration builds,,reviewed,"No actionable issue found in signature, boundary, and integration review.",not-needed,https://man.freebsd.org/cgi/man.cgi?query=getprogname&sektion=3&manpath=FreeBSD+15.1-RELEASE
432,BSD,<stdlib.h>,heapsort,function,common-extension,implemented,libc/include/stdlib.h,libc/stdlib-extra.c,header/symbol audit; amd64 QEMU boot; pcat/pc98 HDD integration builds,,reviewed,"No actionable issue found in signature, boundary, and integration review.",not-needed,https://man.freebsd.org/cgi/man.cgi?query=heapsort&sektion=3&manpath=FreeBSD+15.1-RELEASE
433,BSD,<stdlib.h>,mergesort,function,common-extension,implemented,libc/include/stdlib.h,libc/stdlib-extra.c,header/symbol audit; amd64 QEMU boot; pcat/pc98 HDD integration builds,,reviewed,"No actionable issue found in signature, boundary, and integration review.",not-needed,https://man.freebsd.org/cgi/man.cgi?query=mergesort&sektion=3&manpath=FreeBSD+15.1-RELEASE
434,BSD,<stdlib.h>,qsort_r,function,common-extension,implemented,libc/include/stdlib.h,libc/stdlib-extra.c,header/symbol audit; amd64 QEMU boot; pcat/pc98 HDD integration builds,,reviewed,"No actionable issue found in signature, boundary, and integration review.",not-needed,https://man.freebsd.org/cgi/man.cgi?query=qsort_r&sektion=3&manpath=FreeBSD+15.1-RELEASE
435,BSD,<stdlib.h>,reallocarray,function,common-extension,implemented,libc/include/stdlib.h,libc/stdlib-extra.c,header/symbol audit; amd64 QEMU boot; pcat/pc98 HDD integration builds,,reviewed,"No actionable issue found in signature, boundary, and integration review.",not-needed,https://man.freebsd.org/cgi/man.cgi?query=reallocarray&sektion=3&manpath=FreeBSD+15.1-RELEASE
436,BSD,<stdlib.h>,reallocf,function,common-extension,implemented,libc/include/stdlib.h,libc/stdlib-extra.c,header/symbol audit; amd64 QEMU boot; pcat/pc98 HDD integration builds,,reviewed,"No actionable issue found in signature, boundary, and integration review.",not-needed,https://man.freebsd.org/cgi/man.cgi?query=reallocf&sektion=3&manpath=FreeBSD+15.1-RELEASE
437,BSD,<stdlib.h>,recallocarray,function,common-extension,implemented,libc/include/stdlib.h,libc/stdlib-extra.c,header/symbol audit; amd64 QEMU boot; pcat/pc98 HDD integration builds,,reviewed,"No actionable issue found in signature, boundary, and integration review.",not-needed,https://man.freebsd.org/cgi/man.cgi?query=recallocarray&sektion=3&manpath=FreeBSD+15.1-RELEASE
438,BSD,<stdlib.h>,setprogname,function,common-extension,implemented,libc/include/stdlib.h,libc/stdlib-extra.c,header/symbol audit; amd64 QEMU boot; pcat/pc98 HDD integration builds,,reviewed,"No actionable issue found in signature, boundary, and integration review.",not-needed,https://man.freebsd.org/cgi/man.cgi?query=setprogname&sektion=3&manpath=FreeBSD+15.1-RELEASE
439,BSD,<stdlib.h>,srandomdev,function,common-extension,implemented,libc/include/stdlib.h,libc/stdlib-extra.c,header/symbol audit; amd64 QEMU boot; pcat/pc98 HDD integration builds,,reviewed,The entropy-device fallback was a non-cryptographic xorshift; it now uses a locked ChaCha20 generator seeded from process clocks/state.,fixed,https://man.freebsd.org/cgi/man.cgi?query=srandomdev&sektion=3&manpath=FreeBSD+15.1-RELEASE
440,BSD,<stdlib.h>,strtonum,function,common-extension,implemented,libc/include/stdlib.h,libc/stdlib-extra.c,header/symbol audit; amd64 QEMU boot; pcat/pc98 HDD integration builds,,reviewed,"No actionable issue found in signature, boundary, and integration review.",not-needed,https://man.freebsd.org/cgi/man.cgi?query=strtonum&sektion=3&manpath=FreeBSD+15.1-RELEASE
441,BSD,<string.h>,memmem,function,common-extension,implemented,libc/include/string.h,libc/string-extra.c,header/symbol audit; amd64 QEMU boot; pcat/pc98 HDD integration builds,,reviewed,"No actionable issue found in signature, boundary, and integration review.",not-needed,https://man.freebsd.org/cgi/man.cgi?query=memmem&sektion=3&manpath=FreeBSD+15.1-RELEASE
442,BSD,<string.h>,mempcpy,function,common-extension,implemented,libc/include/string.h,libc/string-extra.c,header/symbol audit; amd64 QEMU boot; pcat/pc98 HDD integration builds,,reviewed,"No actionable issue found in signature, boundary, and integration review.",not-needed,https://man.freebsd.org/cgi/man.cgi?query=mempcpy&sektion=3&manpath=FreeBSD+15.1-RELEASE
443,BSD,<string.h>,memrchr,function,common-extension,implemented,libc/include/string.h,libc/string-extra.c,header/symbol audit; amd64 QEMU boot; pcat/pc98 HDD integration builds,,reviewed,"No actionable issue found in signature, boundary, and integration review.",not-needed,https://man.freebsd.org/cgi/man.cgi?query=memrchr&sektion=3&manpath=FreeBSD+15.1-RELEASE
444,BSD,<string.h>,memset_explicit,function,common-extension,implemented,libc/include/string.h,libc/string-extra.c,header/symbol audit; amd64 QEMU boot; pcat/pc98 HDD integration builds,,reviewed,"No actionable issue found in signature, boundary, and integration review.",not-needed,https://man.freebsd.org/cgi/man.cgi?query=memset_explicit&sektion=3&manpath=FreeBSD+15.1-RELEASE
445,BSD,<string.h>,strcasestr,function,common-extension,implemented,libc/include/string.h,libc/string-extra.c,header/symbol audit; amd64 QEMU boot; pcat/pc98 HDD integration builds,,reviewed,"No actionable issue found in signature, boundary, and integration review.",not-needed,https://man.freebsd.org/cgi/man.cgi?query=strcasestr&sektion=3&manpath=FreeBSD+15.1-RELEASE
446,BSD,<string.h>,strchrnul,function,common-extension,implemented,libc/include/string.h,libc/string-extra.c,header/symbol audit; amd64 QEMU boot; pcat/pc98 HDD integration builds,,reviewed,"No actionable issue found in signature, boundary, and integration review.",not-needed,https://man.freebsd.org/cgi/man.cgi?query=strchrnul&sektion=3&manpath=FreeBSD+15.1-RELEASE
447,BSD,<string.h>,strlcat,function,common-extension,implemented,libc/include/string.h,libc/string-extra.c,header/symbol audit; amd64 QEMU boot; pcat/pc98 HDD integration builds,,reviewed,"No actionable issue found in signature, boundary, and integration review.",not-needed,https://man.freebsd.org/cgi/man.cgi?query=strlcat&sektion=3&manpath=FreeBSD+15.1-RELEASE
448,BSD,<string.h>,strlcpy,function,common-extension,implemented,libc/include/string.h,libc/string-extra.c,header/symbol audit; amd64 QEMU boot; pcat/pc98 HDD integration builds,,reviewed,"No actionable issue found in signature, boundary, and integration review.",not-needed,https://man.freebsd.org/cgi/man.cgi?query=strlcpy&sektion=3&manpath=FreeBSD+15.1-RELEASE
449,BSD,<string.h>,strmode,function,common-extension,implemented,libc/include/string.h,libc/string-extra.c,header/symbol audit; amd64 QEMU boot; pcat/pc98 HDD integration builds,,reviewed,"No actionable issue found in signature, boundary, and integration review.",not-needed,https://man.freebsd.org/cgi/man.cgi?query=strmode&sektion=3&manpath=FreeBSD+15.1-RELEASE
450,BSD,<string.h>,strnstr,function,common-extension,implemented,libc/include/string.h,libc/string-extra.c,header/symbol audit; amd64 QEMU boot; pcat/pc98 HDD integration builds,,reviewed,"No actionable issue found in signature, boundary, and integration review.",not-needed,https://man.freebsd.org/cgi/man.cgi?query=strnstr&sektion=3&manpath=FreeBSD+15.1-RELEASE
451,BSD,<string.h>,strsep,function,common-extension,implemented,libc/include/string.h,libc/string-extra.c,header/symbol audit; amd64 QEMU boot; pcat/pc98 HDD integration builds,,reviewed,"No actionable issue found in signature, boundary, and integration review.",not-needed,https://man.freebsd.org/cgi/man.cgi?query=strsep&sektion=3&manpath=FreeBSD+15.1-RELEASE
452,BSD,<string.h>,strverscmp,function,common-extension,implemented,libc/include/string.h,libc/string-extra.c,header/symbol audit; amd64 QEMU boot; pcat/pc98 HDD integration builds,,reviewed,strverscmp could inspect before its input and timingsafe_memcmp used data-dependent selection; both were replaced.,fixed,https://man.freebsd.org/cgi/man.cgi?query=strverscmp&sektion=3&manpath=FreeBSD+15.1-RELEASE
453,BSD,<string.h>,timingsafe_bcmp,function,common-extension,implemented,libc/include/string.h,libc/string-extra.c,header/symbol audit; amd64 QEMU boot; pcat/pc98 HDD integration builds,,reviewed,strverscmp could inspect before its input and timingsafe_memcmp used data-dependent selection; both were replaced.,fixed,https://man.freebsd.org/cgi/man.cgi?query=timingsafe_bcmp&sektion=3&manpath=FreeBSD+15.1-RELEASE
454,BSD,<string.h>,timingsafe_memcmp,function,common-extension,implemented,libc/include/string.h,libc/string-extra.c,header/symbol audit; amd64 QEMU boot; pcat/pc98 HDD integration builds,,reviewed,strverscmp could inspect before its input and timingsafe_memcmp used data-dependent selection; both were replaced.,fixed,https://man.freebsd.org/cgi/man.cgi?query=timingsafe_memcmp&sektion=3&manpath=FreeBSD+15.1-RELEASE
455,BSD,<strings.h>,bcmp,function,common-extension,implemented,libc/include/strings.h,libc/string-extra.c,header/symbol audit; amd64 QEMU boot; pcat/pc98 HDD integration builds,,reviewed,"No actionable issue found in signature, boundary, and integration review.",not-needed,https://man.freebsd.org/cgi/man.cgi?query=bcmp&sektion=3&manpath=FreeBSD+15.1-RELEASE
456,BSD,<strings.h>,bcopy,function,common-extension,implemented,libc/include/strings.h,libc/string-extra.c,header/symbol audit; amd64 QEMU boot; pcat/pc98 HDD integration builds,,reviewed,"No actionable issue found in signature, boundary, and integration review.",not-needed,https://man.freebsd.org/cgi/man.cgi?query=bcopy&sektion=3&manpath=FreeBSD+15.1-RELEASE
457,BSD,<strings.h>,bzero,function,common-extension,implemented,libc/include/strings.h,libc/string-extra.c,header/symbol audit; amd64 QEMU boot; pcat/pc98 HDD integration builds,,reviewed,"No actionable issue found in signature, boundary, and integration review.",not-needed,https://man.freebsd.org/cgi/man.cgi?query=bzero&sektion=3&manpath=FreeBSD+15.1-RELEASE
458,BSD,<strings.h>,explicit_bzero,function,common-extension,implemented,libc/include/strings.h,libc/string-extra.c,header/symbol audit; amd64 QEMU boot; pcat/pc98 HDD integration builds,,reviewed,"No actionable issue found in signature, boundary, and integration review.",not-needed,https://man.freebsd.org/cgi/man.cgi?query=explicit_bzero&sektion=3&manpath=FreeBSD+15.1-RELEASE
459,BSD,<strings.h>,ffs,function,common-extension,implemented,libc/include/strings.h,libc/string-extra.c,header/symbol audit; amd64 QEMU boot; pcat/pc98 HDD integration builds,,reviewed,"No actionable issue found in signature, boundary, and integration review.",not-needed,https://man.freebsd.org/cgi/man.cgi?query=ffs&sektion=3&manpath=FreeBSD+15.1-RELEASE
460,BSD,<strings.h>,ffsl,function,common-extension,implemented,libc/include/strings.h,libc/string-extra.c,header/symbol audit; amd64 QEMU boot; pcat/pc98 HDD integration builds,,reviewed,"No actionable issue found in signature, boundary, and integration review.",not-needed,https://man.freebsd.org/cgi/man.cgi?query=ffsl&sektion=3&manpath=FreeBSD+15.1-RELEASE
461,BSD,<strings.h>,ffsll,function,common-extension,implemented,libc/include/strings.h,libc/string-extra.c,header/symbol audit; amd64 QEMU boot; pcat/pc98 HDD integration builds,,reviewed,"No actionable issue found in signature, boundary, and integration review.",not-needed,https://man.freebsd.org/cgi/man.cgi?query=ffsll&sektion=3&manpath=FreeBSD+15.1-RELEASE
462,BSD,<strings.h>,fls,function,common-extension,implemented,libc/include/strings.h,libc/string-extra.c,header/symbol audit; amd64 QEMU boot; pcat/pc98 HDD integration builds,,reviewed,"No actionable issue found in signature, boundary, and integration review.",not-needed,https://man.freebsd.org/cgi/man.cgi?query=fls&sektion=3&manpath=FreeBSD+15.1-RELEASE
463,BSD,<strings.h>,flsl,function,common-extension,implemented,libc/include/strings.h,libc/string-extra.c,header/symbol audit; amd64 QEMU boot; pcat/pc98 HDD integration builds,,reviewed,"No actionable issue found in signature, boundary, and integration review.",not-needed,https://man.freebsd.org/cgi/man.cgi?query=flsl&sektion=3&manpath=FreeBSD+15.1-RELEASE
464,BSD,<strings.h>,flsll,function,common-extension,implemented,libc/include/strings.h,libc/string-extra.c,header/symbol audit; amd64 QEMU boot; pcat/pc98 HDD integration builds,,reviewed,"No actionable issue found in signature, boundary, and integration review.",not-needed,https://man.freebsd.org/cgi/man.cgi?query=flsll&sektion=3&manpath=FreeBSD+15.1-RELEASE
465,BSD,<strings.h>,index,function,common-extension,implemented,libc/include/strings.h,libc/string-extra.c,header/symbol audit; amd64 QEMU boot; pcat/pc98 HDD integration builds,,reviewed,"No actionable issue found in signature, boundary, and integration review.",not-needed,https://man.freebsd.org/cgi/man.cgi?query=index&sektion=3&manpath=FreeBSD+15.1-RELEASE
466,BSD,<strings.h>,rindex,function,common-extension,implemented,libc/include/strings.h,libc/string-extra.c,header/symbol audit; amd64 QEMU boot; pcat/pc98 HDD integration builds,,reviewed,"No actionable issue found in signature, boundary, and integration review.",not-needed,https://man.freebsd.org/cgi/man.cgi?query=rindex&sektion=3&manpath=FreeBSD+15.1-RELEASE
