boot: kernel heap, process, and scheduler initialization
I/O pool large=24 small=24 resident=1675264 budget=67108864
boot: HAL initialized successfully. [cpu 12, memory 7876MB, timer 1ms]
boot: CPUs ready: 12
boot: platform device discovery
usb: URB completion contract q009-release-acquire-v1
pci: ECAM segment 0000 bus 00 at 00000000:c0000000
i915: device 8086:46a8 rev 0c attached
i915: device 8086:46a8 registered; the start waits for kernel readiness
xhci: pci 0000:00:0d.0 id=8086:461e sub=1028:0b02 rev=04 parent=root
xhci: pci 0000:00:0d.0 BAR0 type=64 size=00000000:00010000 original=00000060:55280000/00000060:55280004 final=00000060:55280000/00000060:55280004 mapped=65536
xhci: pci 0000:00:0d.0 command=0006->0002 (MEM on, MASTER off)
xhci: pci 0000:00:0d.0 caps len=80 version=0120 hcs1=03000840 hcs2=14200054 hcc1=20007fc1 dboff=00003000 rtsoff=00002000 reject=00000000:ok
usb0: xHCI, 3 root ports
xhci: PCI controller, version=120 ports=3 slots=64 irq=0 MSI
xhci: pci 0000:00:14.0 id=8086:51ed sub=1028:0b02 rev=01 parent=root
xhci: pci 0000:00:14.0 BAR0 type=64 size=00000000:00010000 original=00000060:55260000/00000060:55260004 final=00000060:55260000/00000060:55260004 mapped=65536
xhci: pci 0000:00:14.0 command=0006->0002 (MEM on, MASTER off)
xhci: pci 0000:00:14.0 caps len=80 version=0120 hcs1=10000840 hcs2=14200054 hcc1=20007fc1 dboff=00003000 rtsoff=00002000 reject=00000000:ok
usb1: xHCI, 16 root ports
xhci: PCI controller, version=120 ports=16 slots=64 irq=0 MSI
intel-ax211: controller retained; WLAN publication deferred
hda: codec 0, 2 output pin(s), input yes, volume yes, 1 format(s), MSI
acpi: PCI_Config region of absent function 0:10.6 reads as all ones
acpi: PCI_Config region of absent function 0:10.7 reads as all ones
ACPI Debug: "[DellRtd3 Adl_Tbt SSDT][AcpiTableEntry]"
ACPI Debug: 0x74ab144
ACPI Debug: "[DellRtd3 Adl_Tbt SSDT][AcpiTableExit]"
ACPI Debug: 0x74ad9b2
ACPI Debug: "[DellUsbPortXhciAdl xh_adl SSDT][AcpiTableEntry]"
ACPI Debug: 0x74b4f1b
ACPI Debug: "[DellUsbPortXhciAdl xh_adl SSDT][AcpiTableExit]"
ACPI Debug: 0x74b82b0
ACPI Debug: "CPU XHCI PCIe MMIO Address0xC0068000"
ACPI Debug: "TDM0 MMIO Address0xC006A000"
ACPI Debug: "TDM1 MMIO Address0xC006B000"
ACPI Debug: "BASE of ITBT Port0x0"
ACPI Debug: "PCIe MMIO Address0xC0038000"
ACPI Debug: "BASE of ITBT Port0x1"
ACPI Debug: "PCIe MMIO Address0xC0039000"
ACPI Debug: "BASE of ITBT Port0x2"
ACPI Debug: "PCIe MMIO Address0xC003A000"
ACPI Debug: "BASE of ITBT Port0x3"
ACPI Debug: "PCIe MMIO Address0xC003B000"
ACPI Debug: "TCSS xHCI _STA0x1"
ACPI Debug: "TCSS DMA0 _STA0x1"
ACPI Debug: "TCSS DMA1 _STA0x0"
ACPI Debug: "TCSS RP0 _STA0x1"
ACPI Debug: "TCSS RP1 _STA0x1"
ACPI Debug: "TCSS RP2 _STA0x0"
ACPI Debug: "TCSS RP3 _STA0x0"
ACPI: S5 is SLP_TYP 7/0
ACPI: reset register port 0xb2 value 0x73 width 8
ACPI: SCI_EN 1, PM1_EN 0x20, 4 runtime GPEs
acpi: SCI on IRQ 9
ACPI: Notify(\_SB_.LID0, 0x80) has no handler
ACPI: EC at ports 0x930/0x934, GPE 0x6e
acpi: first SCI handled
ACPI: Notify(\_SB_.PR00, 0x80) has no handler
acpi: lid events on GPE 0x18
acpi: power-button events on GPE 0x18
acpi: power device lid value 1
acpi: power device power-button value -1
acpi: power device sleep-button value -1
acpi: power device ac value 1
acpi: power device battery0 value 100
ACPI: LPS0 \_SB_.PEPD, Intel functions 0x7f, Microsoft functions 0x1ff
acpi: 33 tables listed, namespace ready
pci: _CRS window 0x70800000-0xbfffffff
pci: _CRS window 0x4000000000-0x7fffffffff
pci: 0000:00:15.1 BAR0 assigned 0x4010000000 size 0x1000 from _CRS window 0x4000000000-0x7fffffffff
pci: 0000:00:15.0 BAR0 assigned 0x4010001000 size 0x1000 from _CRS window 0x4000000000-0x7fffffffff
lpss-i2c: 00:15.1 ready, FIFO tx 64 rx 64, clock 133000 kHz
lpss-i2c: 00:15.0 ready, FIFO tx 64 rx 64, clock 133000 kHz
ucsi: the mailbox is exchanged under \ECMU
ucsi: \_SB_.UBTC, mailbox 0x614e3000 (0x1000 bytes), version 0x0100, the 1.x arrangement
typec: display port TC1: connector 0 (group 0 position 1), bound (error 0)
typec: display port TC2: connector 1 (group 0 position 2), bound (error 0)
typec: display port TC3: no single connector at group 0 position 0 (visible 0), not bound
typec: display port TC4: no single connector at group 0 position 0 (visible 0), not bound
graphics: built-in VGA 8x16 font selected
ucsi: version 1.0.0, 1.x mailbox
boot: platform devices detected: 0
ucsi: rec 1 W 0000000000000001
ACPI: Notify(\_SB_.PR01, 0x80) has no handler
boot: waiting up to 5 seconds for boot storage
ucsi: rec 2 R 10000000 1 0
xhci: port 6 reset complete portsc=00000e03
ucsi: rec 3 R 08000000 1 0
ucsi: rec 4 W 0000000080010005
ucsi: rec 5 R 80000000 1 0
usb1: device 1 port 6 0c45:6d1d class ef configuration=1 configured (no supported configuration; first selected)
usb1: device 1 interface 0 class 0e/01/00 no-driver
usb1: device 1 interface 1 class 0e/02/00 no-driver
ucsi: rec 6 W 0000000000020004
ACPI: Notify(\_SB_.PR02, 0x80) has no handler
ucsi: rec 7 R 20000000 1 0
ucsi: rec 8 W 0000000000000006
xhci: port 8 reset complete portsc=00000e03
ucsi: rec 9 R 80001000 1 16
ucsi: rec 9 I 0 44030000021400000400000000032001
ucsi: rec 10 W 0000000000020004
usb1: device 2 port 8 0a5c:5842 class 00 configuration=1 configured
usb1: device 2 interface 0 class fe/00/00 no-driver
usb1: device 2 interface 1 class 0b/00/00 no-driver
smartcard: /dev/smartcard0: 58200 slot 0 of 1
usb-ccid: 58200: 1 slot(s), extended APDUs, messages of 528 bytes
usb1: device 2 interface 2 class 0b/00/00 driver=usb-ccid
usb1: device 2 interface 3 class ff/00/00 no-driver
ACPI: Notify(\_SB_.PR03, 0x80) has no handler
ucsi: rec 11 R 20000000 1 0
ucsi: 2 connectors, 4 Alternate Modes, features 0x000014
ucsi: rec 12 W 0000000000010007
ucsi: rec 13 R 80000200 1 2
ucsi: rec 13 I 0 e137
ucsi: rec 14 W 0000000000020004
xhci: port 10 reset complete portsc=00000603
usb1: port 10 enumeration failed (3)
ucsi: rec 15 R 20000000 1 0
xhci: port 15 reset complete portsc=00001203
ucsi: rec 16 W 000001000100000c
ACPI: Notify(\_SB_.PR04, 0x80) has no handler
usb1: device 3 port 15 30de:6545 class 00 configuration=1 configured
ucsi: rec 17 R 80000c00 1 12
ucsi: rec 17 I 0 87800100000001ff461c0000
ucsi: rec 18 W 0000000000020004
zedBSD 1.0.0-beta2
usb-storage: sda blocks=122019840 block-size=512 cache=unknown dpofua=no flush=sync-cache
boot: parameters: boot0=UUID=167F-8843 rootpart=PARTLABEL=zedBSD-root swap0=PARTLABEL=zedBSD-swap logo=logo.ppm login=graphical kmsg=quiet usbhid.dump=1
usb1: device 3 interface 0 class 08/06/50 driver=usb-storage
boot: ignored 2 unknown parameters; first=logo
boot: VFS initialization
vfs: boot BIOS=80 GPT partition=unknown devices=0
i915: display device: 8086:46a8 -> display version 13, Alder Lake-P class (XE_LPD)
input: /dev/input/event0: PC/AT PS/2 mouse
i915: PM probe get_sync: cfg_vendor=0x8086 usage=1 active=1 resume_rc=0
input: /dev/input/event1: PC/AT PS/2 keyboard
i915: pci_enable_device ok (command=0x0007)
i915: uncore BAR mapped (8388608 bytes)
i915: device_info: slice_fuse=0x00000001(1) dss_fuse=0x0000001f(5 DSS)
i915: gt_init_mmio: clock=19200000Hz period=52ns sseu(slice=0x1 dss=0x1f eu/ss=16 total=80) l3bank=0x7 engine_mask=0x10503 engines=5 fault=0x0
i915: engine[0] rcs0: class=0 inst=0 base=0x02000 reset_domain=0x2 ctx_size=57344 caps=0x0
xhci: port 3 reset complete portsc=00001203
i915: engine[1] bcs0: class=3 inst=0 base=0x22000 reset_domain=0x4 ctx_size=8192 caps=0x0
vfs: native boot disk=none physical disks=1
i915: engine[2] vcs0: class=1 inst=0 base=0x1c0000 reset_domain=0x20 ctx_size=8192 caps=0x3
i915: engine[3] vcs2: class=1 inst=2 base=0x1d0000 reset_domain=0x80 ctx_size=8192 caps=0x3
i915: engine[4] vecs0: class=2 inst=0 base=0x1c8000 reset_domain=0x2000 ctx_size=8192 caps=0x2
ucsi: rec 19 R 20000000 1 0
i915: gt_reset attempt=0 passes=2 rc=0
i915: sanitize_gpu __intel_gt_reset(ALL_ENGINES) ok
i915: dma_request: streaming_mask=0x7fffffffff coherent_mask=0x7fffffffff max_seg=0xffffffff
i915: ggtt_probe: ggms=3 entries=1048576 (4096 MiB GPU VA window)
i915: scratch: cpu=0xffff800100704000 dma=0x100704000 len=0x1000 ggtt_pte=0x100704001
i915: ggtt_init_hw: gmadr=0x4000000000 mappable_end=0x10000000
ucsi: rec 20 W 000001020100000c
i915: ggtt_init_hw: WC aperture mapped base=0x4000000000 size=0x10000000 va=0xfffffffec103a000 attr=RW|WC
i915: ggtt_init_hw: 32 fence registers initialized
i915: pci_set_master ok (command=0x0007)
i915: pci_enable_msi ok (vector programmed, msi_enabled=1, handler unattached)
i915: P2 opregion: ASLS=0x614e5018
i915: P2 opregion: data=AVAILABLE ver=2.1 mboxes=0x1d VBT via RVDA size=8704 valid=1 | runtime=DISABLED (ACPI_RUNTIME_UNAVAILABLE (no AML / ACPI event delivery in zedBSD): the OpRegion is used as data only)
i915: P2 opregion runtime mailboxes as found (observed only; this driver writes none of them): ACPI drdy=0x0 csts=0x0 cevt=0x0 chpd=0x0 clid=0x80000003 | ASLE ardy=0x0 aslc=0x0 tche=0x0
usb0: device 1 port 3 0bda:8156 class 00 configuration=2 configured
i915: P2 opregion: sign='IntelGraphicsMem' size=8KiB version=0x02010000
i915: dram: raw=0x00003420 type=0 channels=2 qgv_points=4 psf_gv_points=3 wm_lv0_adjust=0
i915: bw: QGV 0 DCLK=2134 tRP=15 tRDPRE=8 tRAS=35 tRCD=15 tRC=50
i915: bw: QGV 1 DCLK=2934 tRP=21 tRDPRE=12 tRAS=47 tRCD=21 tRC=68
gpt: sda protective MBR extent mismatch: advertised-last=4329471 gpt-last=122019839; using GPT
i915: bw: QGV 2 DCLK=3201 tRP=22 tRDPRE=12 tRAS=52 tRCD=22 tRC=74
vfs: scan sda H/S=255/63 blocks=122019840: 3 entries
i915: bw: QGV 3 DCLK=2668 tRP=19 tRDPRE=10 tRAS=43 tRCD=19 tRC=62
vfs: sda partition 1 start=00000000:00000800 data=00000000:00000800 blocks=00000000:00020000
i915: bw: PSF GV 0 CLK=32
usb-cdc-ncm: ue0 mac=6c:1f:f7:06:14:8a
vfs: sda partition 2 start=00000000:00020800 data=00000000:00020800 blocks=00000000:00200000
i915: bw: PSF GV 1 CLK=48
ucsi: rec 21 R 80000c00 1 12
vfs: sda partition 3 start=00000000:00220800 data=00000000:00220800 blocks=00000000:00200000
i915: bw: PSF GV 2 CLK=48
i915: bw: BW0/QGV0 num_planes=0 deratedbw=9299 peakbw=34144
usb0: device 1 interface 0 class 02/0d/00 driver=usb-cdc-ncm
ucsi: rec 21 I 0 3c41010000003c4102000000
i915: bw: BW0/QGV1 num_planes=0 deratedbw=10925 peakbw=46944
i915: bw: BW0/QGV2 num_planes=0 deratedbw=11707 peakbw=51216
usb0: device 1 interface 1 class 0a/00/01 claimed-by=0 driver=usb-cdc-ncm
i915: bw: BW0/QGV3 num_planes=0 deratedbw=10508 peakbw=42688
i915: bw: BW0/PSF0 num_planes=0 bw=34133
i915: bw: BW0/PSF1 num_planes=0 bw=51200
i915: bw: BW0/PSF2 num_planes=0 bw=51200
i915: bw: BW1/QGV0 num_planes=2 deratedbw=11064 peakbw=34144
i915: bw: BW1/QGV1 num_planes=2 deratedbw=13813 peakbw=46944
ucsi: rec 22 W 0000000000020004
i915: bw: BW1/QGV2 num_planes=2 deratedbw=14899 peakbw=51216
ACPI: Notify(\_SB_.PR05, 0x80) has no handler
i915: bw: BW1/QGV3 num_planes=2 deratedbw=13010 peakbw=42688
i915: bw: BW1/PSF0 num_planes=2 bw=34133
i915: bw: BW1/PSF1 num_planes=2 bw=51200
i915: bw: BW1/PSF2 num_planes=2 bw=51200
i915: bw: BW2/QGV0 num_planes=0 deratedbw=12225 peakbw=34144
i915: bw: BW2/QGV1 num_planes=0 deratedbw=15917 peakbw=46944
i915: bw: BW2/QGV2 num_planes=0 deratedbw=17252 peakbw=51216
i915: bw: BW2/QGV3 num_planes=0 deratedbw=14768 peakbw=42688
i915: bw: BW2/PSF0 num_planes=0 bw=34133
i915: bw: BW2/PSF1 num_planes=0 bw=51200
i915: bw: BW2/PSF2 num_planes=0 bw=51200
i915: bw: BW3/QGV0 num_planes=0 deratedbw=12902 peakbw=34144
i915: bw: BW3/QGV1 num_planes=0 deratedbw=17230 peakbw=46944
i915: bw: BW3/QGV2 num_planes=0 deratedbw=18731 peakbw=51216
i915: bw: BW3/QGV3 num_planes=0 deratedbw=15838 peakbw=42688
i915: bw: BW3/PSF0 num_planes=0 bw=34133
i915: bw: BW3/PSF1 num_planes=0 bw=51200
i915: bw: BW3/PSF2 num_planes=0 bw=51200
i915: bw: BW4/QGV0 num_planes=0 deratedbw=13269 peakbw=34144
i915: bw: BW4/QGV1 num_planes=0 deratedbw=17970 peakbw=46944
i915: bw: BW4/QGV2 num_planes=0 deratedbw=19569 peakbw=51216
i915: bw: BW4/QGV3 num_planes=0 deratedbw=16433 peakbw=42688
i915: bw: BW4/PSF0 num_planes=0 bw=34133
i915: bw: BW4/PSF1 num_planes=0 bw=51200
i915: bw: BW4/PSF2 num_planes=0 bw=51200
i915: bw: BW5/QGV0 num_planes=0 deratedbw=13460 peakbw=34144
i915: bw: BW5/QGV1 num_planes=0 deratedbw=18365 peakbw=46944
i915: bw: BW5/QGV2 num_planes=0 deratedbw=20017 peakbw=51216
i915: bw: BW5/QGV3 num_planes=0 deratedbw=16748 peakbw=42688
i915: bw: BW5/PSF0 num_planes=0 bw=34133
i915: bw: BW5/PSF1 num_planes=0 bw=51200
i915: bw: BW5/PSF2 num_planes=0 bw=51200
i915: bw: sagv_status=2 num_qgv_points=4 num_psf_points=3
i915: P2 hw_probe tail: dram_detect rc=0 bw_init rc=0 sagv=2
i915: P3 display_driver_probe_noirq enter (device state carried from P2, msi_kept=1)
ucsi: rec 23 R 20000000 1 0
i915: P3 drm_vblank_init: vblank_slots=4 (per-pipe worker+timer+seqlock)
i915: intel_bios_init: source=1 vbt_found=1 version=249 bdb_blocks=12 child_devices=4 missing_defaults=0 parser_errors=0 arena_peak=5184
i915: VBT child[0]: port=A dvo_port=10 type=0x1806 aux_ch=0 ddc_pin=9 dp=1 edp=1 hdmi=0 typec=0 tbt=0 max_lanes=4 max_rate=0 hpd_invert=0 lane_reversal=0
i915: VBT child[1]: port=B dvo_port=7 type=0x60d2 aux_ch=1 ddc_pin=2 dp=0 edp=0 hdmi=1 typec=0 tbt=0 max_lanes=4 max_rate=0 hpd_invert=0 lane_reversal=0
ucsi: rec 24 W 000001040100000c
i915: VBT child[2]: port=D dvo_port=13 type=0x68c6 aux_ch=3 ddc_pin=9 dp=1 edp=0 hdmi=0 typec=1 tbt=1 max_lanes=4 max_rate=810000 hpd_invert=0 lane_reversal=0
vfs: boot0 UUID=167F-8843 -> /dev/sda1 (private FAT)
i915: VBT child[3]: port=E dvo_port=15 type=0x68c6 aux_ch=4 ddc_pin=10 dp=1 edp=0 hdmi=0 typec=1 tbt=1 max_lanes=4 max_rate=810000 hpd_invert=0 lane_reversal=0
vfs: rootpart selector PARTLABEL=zedBSD-root resolved to /dev/sda2
i915: P3 intel_bios_init done: source=1 vbt_found=1 version=249 child_devices=4
i915: P3 intel_vga_register: client=registered gmch_bridge=found ret=0
i915: P3 intel_power_domains_init: wells=30 allowed_dc=0x4000000a target_dc=0x2 disable_pw=1 (xelpd map)
i915: N0 platform: hypervisor=0 (CPUID.1:ECX[31]; recorded, not a driver mode)
i915: N0 opregion: ASLS=0x614e5018 mapped=1 sig=1 ver=2.1.0 size=8KiB mboxes=0x1d | VBT via RVDA (rvda=0x2000 rvds=8704 relative=1 inside=0 phys=0x614e7018) mapped=1 size=8704 valid=1 sha256=3bff4a0920d55c9a.. matches explicit pin=0
i915: N0 vt-d (GPU unit): GFXVTBAR=0xfed90001 enabled=1 view=native VER=0x00000040 readable=1 GSTS=0x40000000 (TES bit31) PMEN=0x00000000 (EPM bit0 / PRS bit31)
i915: N0 vt-d GSTS decoded: TES=0 RTPS=1 FLS=0 AFLS=0 WBFS=0 QIES=0 IRES=0 IRTPS=0 CFIS=0 | PMEN EPM=0 PRS=0
i915: N0 VBT: observed OPREGION(RVDA) 8704 bytes sha256=3bff4a0920d55c9a.. | adopted by the parser: OPREGION 8704 bytes sha256=3bff4a0920d55c9a.. | same bytes=1
i915: N0 firmware framebuffer: present=1 base=0x4000000000 size=0x7e9000 in_aperture=1 GGTT pages 0..2025 | driver writes GGTT pages 770048..1048576 overlap=0
i915: N0 pipe A: READABLE_ACTIVE
i915: N0 pipe A: TRANSCONF=0xc0000000 TRANS_DDI_FUNC_CTL=0x8a210102 PIPESRC=0x077f0437 PLANE_CTL=0x94000008 PLANE_SURF=0x00000000 STRIDE=0x00000078 SIZE=0x0437077f
ucsi: rec 25 R 80000000 1 0
i915: N0 pipe B: READABLE_INACTIVE
i915: N0 pipe B: TRANSCONF=0x00000000 TRANS_DDI_FUNC_CTL=0x00030000 PIPESRC=0x00000000 PLANE_CTL=0x00000008 PLANE_SURF=0x00000000 STRIDE=0x00000000 SIZE=0x00000000
i915: N0 pipe C: READABLE_INACTIVE
i915: N0 pipe C: TRANSCONF=0x00000000 TRANS_DDI_FUNC_CTL=0x00030000 PIPESRC=0x00000000 PLANE_CTL=0x00000008 PLANE_SURF=0x00000000 STRIDE=0x00000000 SIZE=0x00000000
i915: N0 pipe D: POWER_OFF -- not_readable (its wells' STATE is off: counted inactive, as the reference readout concludes; its registers were not read)
ucsi: rec 26 W 0000000000020004
i915: N0 pipe-A domain: DPLL0_ENABLE=0x00000000 DPLL1_ENABLE=0xcc000000 DPCLKA_CFGCR0=0x01e07801 (PHY A -> DPLL 1) DDI_BUF_CTL_A=0x80000002 PP_STATUS=0x80000008 PP_CONTROL=0x00000067 BLC_PWM_CTL=0x80000000 BLC_PWM_DUTY=0x00017700
i915: N0 decision: PROCEED -- a pipe is active (firmware display): the start takes it over (N1: readout + crtc_disable_noatomic) before its first write (active pipes 0x1, unreadable 0x8)
i915: N0 conditions: primary=0x0 observed=0x81 [ ACTIVE_PIPE OPREGION_PRESENT(data only; runtime disabled)]
i915: N0 before-N0: PCI COMMAND firmware=0x0007 now=0x0007 (BME/MEM set at P2; restored on teardown) | done already: GT reset (GDRST full, display untouched on ADL-P), GT fault/error-register clears, fence clears (0..31), PCODE reads, MSI enabled (no handler), WC CPU view of the aperture | not done: any display register, any GGTT PTE, any D-state change
i915: N0: the firmware's output: DP SST on DDI A, pipe A (lit pipes 0x1)
i915: P3 intel_combo_phy_init: combo PHYs A/B (2 initialised)
i915: BW_BUDDY: ABOX mask 0x3 page_mask 0x1f
i915: P3 intel_combo_phy_init: combo PHYs A/B (0 initialised)
input: /dev/input/event2: 06CB:CE65 Touchpad
i915: P3 intel_power_domains_init_hw(false) done: cdclk=179200 vco=537600 dbuf=0xf init_ref=1 sync_hw=1
i2c-hid: \_SB_.PC00.I2C1.TPD0 06cb:ce65 at 0x2c on \_SB.PC00.I2C1: 06CB:CE65 Touchpad, 5 fingers, 1 buttons
i915: P3 intel_dmc_init: revid=0xc step=D0 DMC load queued (path=i915/adlp_dmc.bin, work_submitted=1)
i915: P3 modeset/flip workqueues: modeset=1 flip=1
i915: Forcing SAGV disable: mask 0x10b
i915: P3 intel_bw_init: obj=3 sagv_forced=1 qgv=0x4 psf=0x6 mask=0x10b pcode=0 sagv_status=1
i915: PCIID cached: ven=0x8086 dev=0x46a8 rev=0x0c subsys=1028:0b02 | live: ven=0x8086 dev=0x46a8 rev=0x0c subsys=1028:0b02
ucsi: rec 27 R 20000000 1 0
i915: P3 intel_init_quirks: dev=0x46a8 subsys=1028:0b02 quirk_mask=0x0 hooks=0 dmi_available=0
i915: Sanitized enable_fbc value: 1
i915: P3 intel_fbc_init: fbc_mask=0x1 enable_fbc=1 created=1 funcs=6
i915: P3 probe_noirq COMPLETE: global objs=4 (order: cdclk,dbuf,bw,pmdemand) mode_config max=16384x16384 cursor=256x256 async_flip=1
i915: Found Alder Lake PCH
i915: P4 intel_detect_pch: type=8 id=0x5180 source=1 bridges=1 bridge_dev=0x5182 subsys=1028:0b02
i915: intel_irq_install: rc=0 msi_irq=19 attached=1 gt_irqs=0x909 dmask=0x9090909 smask=0x9090000 reset_writes=62 post_writes=28
ucsi: rec 28 W 0000000000010012
i915: P4 de masks: pipe_masked=0x10100f80 pipe_enables=0x90700f89 port_masked=0x3f07 misc_masked=0x80000 de_irq_mask[A]=0xefeff07f master_enabled=1
ACPI: Notify(\_SB_.PR06, 0x80) has no handler
intel-gpio: GPI_IS 0xfd6e0100 (pins 0-25): HOSTSW_OWN 00874004 GPI_IS 00000000 GPI_IE 00000000
intel-gpio: GPI_IS 0xfd6e0104 (pins 32-47): HOSTSW_OWN 0000000c GPI_IS 00000000 GPI_IE 00000000
intel-gpio: GPI_IS 0xfd6e0108 (pins 64-88): HOSTSW_OWN 00fb99e0 GPI_IS 00000000 GPI_IE 00000000
i915: irq observed: count=0 handled=0 none=0 gt=0 display=0 last_master_ctl=0x0 gu_misc_iir=0x0
intel-gpio: GPI_IS 0xfd690100 (pins 352-359): HOSTSW_OWN 000000e0 GPI_IS 00000000 GPI_IE 00000000
ucsi: rec 29 R 80000900 1 9
i915: P5-0 survey pipe A: power(pipe=1 trans=1) TRANSCONF=0xc0000000 TRANS_DDI_FUNC_CTL=0x8a210102 PLANE_CTL(1)=0x94000008
ucsi: rec 29 I 0 00000b202cb1845301
intel-gpio: GPI_IS 0xfd690104 (pins 65535-65543): HOSTSW_OWN 00000000 GPI_IS 00000000 GPI_IE 00000000
i915: P5-0 survey pipe B: power(pipe=1 trans=1) TRANSCONF=0x00000000 TRANS_DDI_FUNC_CTL=0x00030000 PLANE_CTL(1)=0x00000008
intel-gpio: GPI_IS 0xfd6d0100 (pins 96-103): HOSTSW_OWN 000000ff GPI_IS 00000000 GPI_IE 00000000
intel-gpio: GPI_IS 0xfd6d0104 (pins 128-151): HOSTSW_OWN 0070200f GPI_IS 00000000 GPI_IE 00000000
i915: P5-0 survey pipe C: power(pipe=1 trans=1) TRANSCONF=0x00000000 TRANS_DDI_FUNC_CTL=0x00030000 PLANE_CTL(1)=0x00000008
intel-gpio: GPI_IS 0xfd6d0108 (pins 160-180): HOSTSW_OWN 000f9e14 GPI_IS 00000000 GPI_IE 00000000
i915: P5-0 survey pipe D: power(pipe=1 trans=1) TRANSCONF=0x00000000 TRANS_DDI_FUNC_CTL=0x00030000 PLANE_CTL(1)=0x00000008
ucsi: rec 30 W 0000000000020004
intel-gpio: GPI_IS 0xfd6d010c (pins 192-215): HOSTSW_OWN 00000000 GPI_IS 00000000 GPI_IE 00000000
i915: P5-0 survey DDI A: DDI_BUF_CTL=0x80000002
intel-gpio: GPI_IS 0xfd6d0110 (pins 224-252): HOSTSW_OWN 00000000 GPI_IS 00000000 GPI_IE 00000000
intel-gpio: GPI_IS 0xfd6a0100 (pins 256-279): HOSTSW_OWN 00000024 GPI_IS 00000000 GPI_IE 00000000
i915: P5-0 survey DDI B: DDI_BUF_CTL=0x00000080
intel-gpio: GPI_IS 0xfd6a0104 (pins 288-312): HOSTSW_OWN 0037fe80 GPI_IS 00000000 GPI_IE 00000000
i915: P5-0 survey DDI TC1: DDI_BUF_CTL=0x00000080
intel-gpio: GPI_IS 0xfd6a0108 (pins 65535-65540): HOSTSW_OWN 00000000 GPI_IS 00000000 GPI_IE 00000000
i915: P5-0 survey DDI TC2: DDI_BUF_CTL=0x00000080
intel-gpio: GPI_IS 0xfd6a010c (pins 320-344): HOSTSW_OWN 00c3bfff GPI_IS 00000088 GPI_IE 00000000
i915: P5-0 survey DDI TC3: DDI_BUF_CTL=0x00000080
intel-gpio: GPI_IS 0xfd6a0110 (pins 65535-65544): HOSTSW_OWN 00000000 GPI_IS 00000000 GPI_IE 00000000
i915: P5-0 survey DDI TC4: DDI_BUF_CTL=0x00000080
intel-gpio: 15 groups' interrupts turned off before the line is taken
i915: P5-0 survey PLL DPLL0: ENABLE=0x00000000
intel-gpio: pin 327 interrupts through irq 14
i915: P5-0 survey PLL DPLL1: ENABLE=0xcc000000
i2c-hid: \_SB_.PC00.I2C1.TPD0 reads on its interrupt (\_SB.GPI0 pin 327)
i915: P5-0 survey PLL TBT: ENABLE=0x00000000
i915: P5-0 survey PLL TC1: ENABLE=0x00000000
i915: P5-0 survey PLL TC2: ENABLE=0x00000000
i915: P5-0 survey PLL TC3: ENABLE=0x00000000
i915: P5-0 survey PLL TC4: ENABLE=0x00000000
i915: P5-0 survey well 'DDI_IO_A': ON but refcount=0 (a sanitize candidate)
i915: P5-0 survey well 'AUX_A': ON but refcount=0 (a sanitize candidate)
i915: P5-0 survey wells: total=30 on=10 on_unused=2
i915: SAGV supported: yes, original SAGV block time: 35 us
i915: P5 4 display pipes available.
i915: P5 Current CDCLK: cdclk=179200 vco=537600 ref=38400 voltage=0
i915: P5a wm: levels=6 latency=3/54/83/102/147/147/144/144 valid=1 sagv_status=1 block_time=35us
ucsi: rec 31 R 20000000 1 0
i915: P5a objects: crtcs=4 planes/crtc=6 scalers=2 dplls=7(mgr=1) gmbus_pins=9 pps_base=0x61200 gmbus_base=0xc0000
i915: P5a hw: max_cdclk=652800 nssc_ref=38400 adlp_wa=1 hti_read=0 vga_already_off=1 vga_disabled=0 writes=2 (gmbus_adapters/hdcp_component unimplemented: 1/1)
i915: edp init_connector (in setup_outputs): vbt_source=1 port=A aux_ch=0 panel_early=1 type=2 pps(100us) t1_t3=2000 t8=800 t9=2000 t10=1100 t11_t12=5000 controller=0 well_refs=14
ucsi: rec 32 W 000001000101000c
i915: edp pps before: PP_STATUS=0x80000008 PP_CONTROL=0x00000067 PP_ON_DELAYS=0x00010001 PP_OFF_DELAYS=0x044c0001
i915: edp pps after intel_pps_init: PP_STATUS=0x80000008 PP_CONTROL=0x00000067 PP_ON_DELAYS=0x07d00001 PP_OFF_DELAYS=0x044c0001
i915: edp pps: idx=0 valid=1 delays(ms) up=200 down=110 cycle=600 bl_on=80 bl_off=200
i915: edp acquire: rc=0 stage=4 failed_stage=0 dpcd_ok=1 edp_dpcd_ok=1 link_cfg_ok=1 edid_ok=1 edid_blocks=1 ext=0 i2c_defers=0 i2c_nacks=0 log_errors=0 wait_timeouts=0 time_faults=0 elapsed_ms=19 | sleeps: tick=0 (0 us) short=0 (0 us)
ucsi: rec 33 R 10000000 1 0
i915: edp DPCD 000: 11 0a 02 41 00 00 01 00 02 00 00 00 00 0b 00 | eDP 700: 01 18 00 (ok=1) | 100: 0a 02 (ok=1)
i915: edp EDID +000: 00 ff ff ff ff ff ff 00 06 af 99 2b 00 00 00 00
i915: edp EDID +010: 00 1f 01 04 95 1d 11 78 02 93 05 92 58 59 90 29
i915: edp EDID +020: 1d 50 54 00 00 00 01 01 01 01 01 01 01 01 01 01
i915: edp EDID +030: 01 01 01 01 01 01 00 37 80 a0 70 38 30 40 10 10
ACPI: Notify(\_SB_.PR07, 0x80) has no handler
i915: edp EDID +040: 3e 00 25 a5 10 00 00 1a 00 2c 80 a0 70 38 30 40
i915: edp EDID +050: 10 10 3e 00 25 a5 10 00 00 1a 00 00 00 fe 00 35
i915: edp EDID +060: 47 54 4b 30 80 42 31 33 33 48 41 4e 00 00 00 00
i915: edp EDID +070: 00 01 41 23 99 00 10 00 00 0a 01 0a 20 20 00 74
i915: edp EDID sha256=503058223c08a628.. mfg=06af product=2b99
i915: edp pps after intel_pps_init_late: PP_STATUS=0x80000008 PP_CONTROL=0x0000006f PP_ON_DELAYS=0x07d00001 PP_OFF_DELAYS=0x044c0001
i915: edp late: rc=0 panel_late=1 type=2 delays(ms) up=200 down=110 cycle=600 | KEPT: vdd_hw=1 vdd_wakeref=1 off_reserved=1 (in 3000 ms) refs core=0 aux=1 well_refs=17
i915: LCD-A rc=0 mode 1920x1080 clock=140800 kHz h 1920/1936/1952/2080 v 1080/1083/1097/1128 sync +- bpc=6 | link 270000 kHz x2 (sink max 270000 x2, use_max_params=1) bpp=18 need=316800 have=540000 kBps | TU=64 data M/N 0x4b17e4/0x800000 link M/N 273406/524288 | DPLL ref=38400 kHz CFGCR0=0x00e001a5 CFGCR1=0x00000088 DIV0=0x0 | notes=0
i915: LCD-A cpu-transcoder[12] rmw   0x420c0 = 0x80000000 clear=0x00000000 (computed; NOT written)
i915: LCD-A cpu-transcoder[13] write 0x60420 = 0x00000000 clear=0x00000000 (computed; NOT written)
i915: LCD-A cpu-transcoder[14] write 0x6002c = 0x00000000 clear=0x00000000 (computed; NOT written)
i915: LCD-A cpu-transcoder[15] rmw   0x420c0 = 0x00000000 clear=0x18000000 (computed; NOT written)
i915: LCD-A cpu-transcoder[16] write 0x70008 = 0x00000000 clear=0x00000000 (computed; NOT written)
i915: LCD-A ddi[0] write 0x60410 = 0x00000001 (computed; NOT written)
i915: LCD-A ddi[1] write 0x60404 = 0x00000000 (computed; NOT written)
i915: LCD-A ddi[2] write 0x60400 = 0x8a210002 (computed; NOT written)
i915: LCD-A ddi: DDI_BUF_CTL value=0x00000002 (enable bit comes with link training) | DDI_BUF_CTL_A readout now=0x80000002
i915: LCD-A word[ 0] 0x60030 = 0x7e4b17e4 (computed; NOT written)
i915: LCD-A word[ 1] 0x60034 = 0x00800000 (computed; NOT written)
i915: LCD-A word[ 2] 0x60040 = 0x00042bfe (computed; NOT written)
i915: LCD-A word[ 3] 0x60044 = 0x00080000 (computed; NOT written)
i915: LCD-A word[ 4] 0x6007c = 0x00000000 (computed; NOT written)
i915: LCD-A word[ 5] 0x60028 = 0x00000000 (computed; NOT written)
i915: LCD-A word[ 6] 0x60000 = 0x081f077f (computed; NOT written)
i915: LCD-A word[ 7] 0x60004 = 0x081f077f (computed; NOT written)
i915: LCD-A word[ 8] 0x60008 = 0x079f078f (computed; NOT written)
i915: LCD-A word[ 9] 0x6000c = 0x04670437 (computed; NOT written)
i915: LCD-A word[10] 0x60010 = 0x04670000 (computed; NOT written)
i915: LCD-A word[11] 0x60014 = 0x0448043a (computed; NOT written)
i915: LCD-A word[12] 0x6001c = 0x077f0437 (computed; NOT written)
i915: P5b setup_outputs: vbt_children=4 ddi_init=4 encoders=4 skipped=0 crt_present=0
i915: P5b encoder[0]: port=A phy=0 tc=0 clk=1 pd=17 dvo=0x0a dev_type=0x1806 dp=1 hdmi=0
ucsi: rec 34 R 80000000 1 0
i915: P5b encoder[1]: port=B phy=1 tc=0 clk=1 pd=18 dvo=0x07 dev_type=0x60d2 dp=0 hdmi=1
i915: P5b encoder[2]: port=D phy=5 tc=1 clk=2 pd=23 dvo=0x0d dev_type=0x68c6 dp=1 hdmi=0
i915: P5b encoder[3]: port=E phy=6 tc=1 clk=2 pd=24 dvo=0x0f dev_type=0x68c6 dp=1 hdmi=0
i915: P5c [CRTC:A] hw state readout: enabled
i915: P5c [CRTC:B] hw state readout: disabled
i915: P5c [CRTC:C] hw state readout: disabled
ucsi: rec 35 W 0000000000020004
i915: P5c [CRTC:D] hw state readout: disabled
i915: P5c [ENCODER port A] hw state readout: enabled pipe_mask=0x1 mst=0
i915: P5c [ENCODER port B] hw state readout: disabled pipe_mask=0x0 mst=0
i915: P5c [ENCODER port D] hw state readout: disabled pipe_mask=0x0 mst=0
i915: P5c [ENCODER port E] hw state readout: disabled pipe_mask=0x0 mst=0
i915: P5c [ENCODER port A] get_config: ICL_DPCLKA_CFGCR0=0x01e07801 -> shared_dpll id 1
i915: P5c DPLL 0 hw state readout: pipe_mask 0x0, on 0
i915: P5c DPLL 1 hw state readout: pipe_mask 0x1, on 1
i915: P5c TBT PLL hw state readout: pipe_mask 0x0, on 0
i915: P5c TC PLL 1 hw state readout: pipe_mask 0x0, on 0
i915: P5c TC PLL 2 hw state readout: pipe_mask 0x0, on 0
i915: P5c TC PLL 3 hw state readout: pipe_mask 0x0, on 0
i915: P5c TC PLL 4 hw state readout: pipe_mask 0x0, on 0
i915: P5c readout: crtcs=4 active_pipes=0x1 planes_visible=1 encoders_linked=1 dplls_on=1 (detail readout unimplemented: 1)
i915: P5d power wells: kept (active pipes 0x1: the firmware display is left to the takeover)
i915: P5d sanitize: vblank_resets=4 dmc_pipes=1 vblank_on=1 fbc_deact=0 enc_clk_gated=0 dplls_disabled=0 wells_disabled=0 cmtg_wa=0 early_was=0 wm_read=1 (crtc_disable_noatomic needed: 0)
i915: gt tables: gt_wa=5 mocs(uc_index=3 entries=64) rps(rp0=72 rp1=27 min=6 eff=27 pcode=1) rc6_supported=1
i915: WA-MANIFEST GT 'gt_wa': 5 entries
i915: WA GT reg=0x00fdc clr=0x7f000000 set=0x00000000 rmask=0x7f000000 kind=0 mcr=0 MCR steering (icl_wa_init_mcr)
i915: WA GT reg=0x1c3f10 clr=0x00400000 set=0x00400000 rmask=0x00400000 kind=0 mcr=0 Wa_14011060649
i915: WA GT reg=0x1d3f10 clr=0x00400000 set=0x00400000 rmask=0x00400000 kind=0 mcr=0 Wa_14011060649
i915: WA GT reg=0x09550 clr=0x00000200 set=0x00000200 rmask=0x00000200 kind=0 mcr=1 Wa_14011059788
i915: WA GT reg=0x09424 clr=0x00000002 set=0x00000000 rmask=0x00000000 kind=2 mcr=0 Wa_14015795083
ucsi: rec 36 R 20000000 1 0
i915: gt tables rcs0: engine_wa=8 ctx_wa=5 whitelist=4
i915: WA-MANIFEST ENGINE 'rcs0': 8 entries
i915: WA ENGINE reg=0x020c4 clr=0x00000000 set=0x3fff0306 rmask=0x00003fff kind=1 mcr=0 fake: RING_CMD_CCTL MOCS
i915: WA ENGINE reg=0x020ec clr=0x00000000 set=0x00020002 rmask=0x00000002 kind=1 mcr=0 Wa_1606700617
i915: WA ENGINE reg=0x0e4f4 clr=0x00000000 set=0x41004100 rmask=0x00004100 kind=1 mcr=1 Wa_1606931601
i915: WA ENGINE reg=0x020a0 clr=0x00080000 set=0x00080000 rmask=0x00080000 kind=0 mcr=0 Wa_14010919138
ucsi: rec 37 W 000001000102000c
i915: WA ENGINE reg=0x0e18c clr=0x00000000 set=0x80008000 rmask=0x00008000 kind=1 mcr=1 Wa_1406941453
i915: WA ENGINE reg=0x0e48c clr=0x00000000 set=0x02000200 rmask=0x00000200 kind=1 mcr=1 Wa_14010229206
i915: WA ENGINE reg=0x02050 clr=0x00000000 set=0x10801080 rmask=0x00001080 kind=1 mcr=0 Wa_1607297627
i915: WA ENGINE reg=0x020e0 clr=0x00000000 set=0x40004000 rmask=0x00004000 kind=1 mcr=0 perctx preempt ctrl
i915: WA-MANIFEST CTX 'ctx_wa': 5 entries
i915: WA CTX reg=0x07304 clr=0x00000000 set=0x02000200 rmask=0x00000200 kind=1 mcr=0 Wa_1409142259
i915: WA CTX reg=0x02580 clr=0x00000000 set=0x00060002 rmask=0x00000006 kind=1 mcr=0 WaDisableGPGPUMidThreadPreemption
i915: WA CTX reg=0x06604 clr=0xffffffff set=0xe0040000 rmask=0x00000000 kind=2 mcr=0 Wa_16011163337 (FF_MODE2)
i915: WA CTX reg=0x07018 clr=0x00000000 set=0x20002000 rmask=0x00002000 kind=1 mcr=0 Wa_1806527549
i915: WA CTX reg=0x07300 clr=0x00000000 set=0x00400040 rmask=0x00000040 kind=1 mcr=0 Wa_1606376872
i915: WA-MANIFEST WHITELIST 'whitelist': 4 entries
i915: WA WHITELIST reg=0x10002349 clr=0x00000000 set=0x00000000 rmask=0x00000000 kind=0 mcr=0 Wa_1408556865 (PS_INVOCATION_COUNT x4)
i915: WA WHITELIST reg=0x07010 clr=0x00000000 set=0x00000000 rmask=0x00000000 kind=0 mcr=0 Wa_1508744258
i915: WA WHITELIST reg=0x07018 clr=0x00000000 set=0x00000000 rmask=0x00000000 kind=0 mcr=0 Wa_1806527549 (whitelist)
i915: WA WHITELIST reg=0x07304 clr=0x00000000 set=0x00000000 rmask=0x00000000 kind=0 mcr=0 tuning
i915: gt tables bcs0: engine_wa=1 ctx_wa=1 whitelist=1
i915: gt tables vcs0: engine_wa=1 ctx_wa=0 whitelist=1
i915: gt tables vcs2: engine_wa=1 ctx_wa=0 whitelist=1
i915: gt tables vecs0: engine_wa=1 ctx_wa=0 whitelist=1
i915: gt memory: object pool grew to 128 slots
i915: gt mem: ggtt window first=1032192 pages=16384 (of 1048576) scratch ggtt=0xfc000000 ppgtt top_pd dma=0x1009ae000 objects=6
ucsi: rec 38 R 10000000 1 0
i915: gt_reset attempt=0 passes=2 rc=0
i915: gt resume: rc=0 reset_engines=0 stop_cs_timeouts=0 engines_resumed=5 l3cc(rcs)=32
i915: gt hw: pat=1 gt_wa(w=3 skip=2 ok=4 mismatch=0 noverify=1) mocs(global=64 l3cc=32) whitelist_writes=60 engines=5
i915: gt pm: rps_enabled=1 rc6_enabled=1 rc6_ctl=0x40000 pg_enable=0x19f
i915: record_defaults: rc=0 where=- polls=10 timed_out=0 wedged=0
i915: verify_workarounds: rc=0 where=- polls=23 timed_out=0
i915: migrate_init: rc=0 where=-
i915: pxp_init: rc=0 where=- full=1
ucsi: rec 39 R 80000000 0 0
i915: P7 display_driver_probe: rc=0 active_crtcs=1 initial_commit=-21 (DRM atomic commit unimplemented) overlay=0 fbdev=0 ipc_enabled=1
i915: P7 hpd_init: encoders=4 pins=4,5 setups=1 skipped=0 | de: enabled=0x30003 hotplug=0x30003 IMR=0xfffcfffc TC_CTL=0x00000088 TBT_CTL=0x00000088 | pch: enabled=0x3030000 hotplug=0x3030000 SHPD_FILTER=0xf8 SDEIMR=0x3c043f07 SHOTPLUG_DDI=0x00000088 SHOTPLUG_TC=0x00000088 | poll: works=1 core_gets=1
i915: TC1: declared (DDI D, legacy 0, AUX channel 3)
ucsi: rec 40 W 0000000000020004
i915: TC2: declared (DDI E, legacy 0, AUX channel 4)
i915: TC1: PHY mode tbt (ready 1, owned 0, live none)
i915: TC1 readout: mode=none links=0 legacy=0 cold=0 live=0x0 | TCSS_DDI_STATUS=0x00000004 FIA1.0 DFLEXDPSP=0x00000010 DFLEXPA1=0x00000000 DDI_BUF_CTL=0x00000080
i915: TC2: PHY mode tbt (ready 1, owned 0, live none)
i915: TC2 readout: mode=none links=0 legacy=0 cold=0 live=0x0 | TCSS_DDI_STATUS=0x00000004 FIA1.1 DFLEXDPSP=0x00000010 DFLEXPA1=0x00000000 DDI_BUF_CTL=0x00000080
i915: DP-ext TC1: bound (DDI D, AUX channel 3, VBT max rate 810000 lanes 4)
i915: DP-ext TC2: bound (DDI E, AUX channel 4, VBT max rate 810000 lanes 4)
i915: DP-ext: 2 external DP port(s) bound
ucsi: rec 41 R 20000000 0 0
i915: hpd start: connectors=4 hdmi=HDMI-A-1 storm_threshold=50 short_storm=0 backend=mmio
i915: P7 hotplug path: started
i915: the firmware display (1 active crtc) is left to the resident start's takeover (N1)
i915: P7 intel_opregion_register: runtime DISABLED (VBT_ONLY, ACPI_RUNTIME_UNAVAILABLE): no notifier registered, no mailbox written, no ASLE service -- the probe continues
i915: P7 power_domains_enable: deferred (the INIT reference is kept until the takeover)
ucsi: rec 42 W 000000000001000d
i915: P7 driver_register: na_registrations=15 opregion=0 kms_poll=1 | power_domains_enable: wells_on 0 -> 0 dc_state=0x0 verify_mismatches=0 | runtime_pm_enable: probe usage=0 active=1 (autosuspend not armed: intel_runtime_suspend unimplemented)
i915: P7 well always_on: refcount=3 hw_enabled=1
i915: P7 well PW_1: refcount=0 hw_enabled=1
i915: P7 well DC_off: refcount=3 hw_enabled=1
i915: P7 well PW_2: refcount=2 hw_enabled=1
i915: P7 well PW_A: refcount=2 hw_enabled=1
i915: P7 well PW_B: refcount=2 hw_enabled=1
i915: P7 well PW_C: refcount=2 hw_enabled=1
i915: P7 well PW_D: refcount=2 hw_enabled=1
i915: P7 well DDI_IO_A: refcount=0 hw_enabled=1
i915: P7 well AUX_A: refcount=1 hw_enabled=1
ucsi: rec 43 R 80000100 0 1
i915: P7 DC_STATE_EN=0x00000000 DC_off disable_calls=0 dc_state_writes=1 rewrites=0 dmc_has_payload=0
ucsi: rec 43 I 0 0f
i915: trace: 120 records (dropped 0)
i915: rps: started timer=1 min=6 RPe=27 RP0=72 freq=27 clock=19200000Hz rp_control=0x400
i915: display output: eDP panel, the firmware's output (DP SST on DDI A, pipe A, lit pipes 0x1)
i915: rps: busy events=0x10 freq 27 -> 26 (up=0 down=1 boosts=0)
i915: hpd (drm_dbg_kms) [CONNECTOR:2:HDMI-A-1]
i915: hpd probe HDMI-A-1: status 2, SDEISR 0x00010000 (pin bit 0x00020000: not live)
i915: display inventory: HDMI-A-1 detected at the start (status 2), not lit
i915: rps: busy events=0x10 freq 26 -> 24 (up=0 down=2 boosts=0)
ucsi: rec 44 W 0000000000020004
i915: hpd TC1 connected=0 (DDI D)
i915: hpd probe DP-1: status 2, SDEISR 0x00010000 (pin bit 0x01000000: not live)
i915: display inventory: DP-1 detected at the start (status 2), not lit
i915: rps: busy events=0x10 freq 24 -> 20 (up=0 down=3 boosts=0)
i915: hpd TC2 connected=0 (DDI E)
i915: hpd probe DP-2: status 2, SDEISR 0x00010000 (pin bit 0x02000000: not live)
i915: rps: busy events=0x10 freq 20 -> 12 (up=0 down=4 boosts=0)
i915: display inventory: DP-2 detected at the start (status 2), not lit
i915: vk: XXX capset declares vendor flags 7 for the connectivity check (contracts not implemented beyond the happy path)
ucsi: rec 45 R 20000000 0 0
i915: rps: busy events=0x10 freq 12 -> 6 (up=0 down=5 boosts=0)
i915: registered native GPU node (storage, native streams, jobs)
i915: resident: GPU node published; serving (RCS0, one request at a time, woken by the engine interrupt) on cpu 6
i915: backlight: the panel's light is a backlight device
ucsi: rec 46 W 000000000001000e
ucsi: rec 47 R 80000100 0 1
ucsi: rec 47 I 0 ff
ucsi: rec 48 W 0000000000020004
ucsi: rec 49 R 20000000 0 0
ucsi: rec 50 W 0000000700810010
ucsi: rec 51 R 10000000 0 0
ucsi: rec 52 R 80001000 0 16
ucsi: rec 52 I 0 2c9101082cd102002cc103002cb10400
ucsi: rec 53 W 0000000000020004
ucsi: rec 54 R 20000000 0 0
ucsi: rec 55 W 0000000604810010
ucsi: rec 56 R 10000000 0 0
ucsi: rec 57 R 80000c00 0 12
ucsi: rec 57 I 0 2c4106003c21dcc03c21dcc0
ucsi: rec 58 W 0000000000020004
ucsi: rec 59 R 20000000 0 0
ucsi: rec 60 W 0000000000020007
ucsi: rec 61 R 80000200 0 2
ucsi: rec 61 I 0 e137
ucsi: rec 62 W 0000000000020004
ucsi: rec 63 R 20000000 0 0
ucsi: rec 64 W 000001000200000c
ucsi: rec 65 R 80000c00 0 12
ucsi: rec 65 I 0 87800100000001ff461c0000
ucsi: rec 66 W 0000000000020004
ucsi: rec 67 R 20000000 0 0
ucsi: rec 68 W 000001020200000c
ucsi: rec 69 R 80000c00 0 12
ucsi: rec 69 I 0 3c41010000003c4102000000
ucsi: rec 70 W 0000000000020004
ucsi: rec 71 R 20000000 0 0
ucsi: rec 72 W 000001040200000c
ucsi: rec 73 R 80000000 0 0
ucsi: rec 74 W 0000000000020004
ucsi: rec 75 R 20000000 0 0
ucsi: rec 76 W 0000000000020012
ucsi: rec 77 R 80000900 0 9
ucsi: rec 77 I 0 00003c400000000001
ucsi: rec 78 W 0000000000020004
ucsi: rec 79 R 20000000 0 0
ucsi: rec 80 W 000001000201000c
ucsi: rec 81 R 80000000 0 0
ucsi: rec 82 W 0000000000020004
ucsi: rec 83 R 20000000 0 0
ucsi: rec 84 W 000001000202000c
ucsi: rec 85 R 80000000 0 0
ucsi: rec 86 W 0000000000020004
ucsi: rec 87 R 20000000 0 0
ucsi: rec 88 W 000000000002000d
ucsi: rec 89 R 80000100 0 1
ucsi: rec 89 I 0 0f
ucsi: rec 90 W 0000000000020004
ucsi: rec 91 R 20000000 0 0
ucsi: rec 92 W 000000000002000e
ucsi: rec 93 R 80000100 0 1
ucsi: rec 93 I 0 00
ucsi: rec 94 W 0000000000020004
ucsi: rec 95 R 20000000 0 0
ucsi: rec 96 W 00000000db650005
ucsi: rec 97 R 80000000 0 0
ucsi: rec 98 W 0000000000020004
ucsi: rec 99 R 20000000 0 0
ucsi: rec 100 W 0000000000010012
ucsi: rec 101 R 80000900 0 9
ucsi: rec 101 I 0 00000b202cb1845301
ucsi: rec 102 W 0000000000020004
ucsi: rec 103 R 20000000 0 0
ucsi: rec 104 W 000001000101000c
ucsi: rec 105 R 80000000 0 0
ucsi: rec 106 W 0000000000020004
ucsi: rec 107 R 20000000 0 0
ucsi: rec 108 W 000001000102000c
ucsi: rec 109 R 80000000 0 0
ucsi: rec 110 W 0000000000020004
ucsi: rec 111 R 20000000 0 0
ucsi: rec 112 W 000000000001000d
ucsi: rec 113 R 80000100 0 1
ucsi: rec 113 I 0 0f
ucsi: rec 114 W 0000000000020004
ucsi: rec 115 R 20000000 0 0
ucsi: rec 116 W 000000000001000e
ucsi: rec 117 R 80000100 0 1
ucsi: rec 117 I 0 ff
ucsi: rec 118 W 0000000000020004
ucsi: rec 119 R 20000000 0 0
ucsi: rec 120 W 0000000700810010
ucsi: rec 121 R 10000000 0 0
ucsi: rec 122 R 10000000 0 0
ucsi: rec 123 R 80001000 0 16
ucsi: rec 123 I 0 2c9101082cd102002cc103002cb10400
ucsi: rec 124 W 0000000000020004
ucsi: rec 125 R 20000000 0 0
ucsi: rec 126 W 0000000604810010
ucsi: rec 127 R 10000000 0 0
ucsi: rec 128 R 80000c00 0 12
ucsi: rec 128 I 0 2c4106003c21dcc03c21dcc0
ucsi: rec 129 W 0000000000020004
ucsi: rec 130 R 20000000 0 0
ucsi: rec 131 W 0000000000020012
ucsi: rec 132 R 80000900 0 9
ucsi: rec 132 I 0 00003c400000000001
ucsi: rec 133 W 0000000000020004
ucsi: rec 134 R 20000000 0 0
ucsi: rec 135 W 000001000201000c
ucsi: rec 136 R 80000000 0 0
ucsi: rec 137 W 0000000000020004
ucsi: rec 138 R 20000000 0 0
ucsi: rec 139 W 000001000202000c
ucsi: rec 140 R 80000000 0 0
ucsi: rec 141 W 0000000000020004
ucsi: rec 142 R 20000000 0 0
ucsi: rec 143 W 000000000002000d
ucsi: rec 144 R 80000100 0 1
ucsi: rec 144 I 0 0f
ucsi: rec 145 W 0000000000020004
ucsi: rec 146 R 20000000 0 0
ucsi: rec 147 W 000000000002000e
ucsi: rec 148 R 80000100 0 1
ucsi: rec 148 I 0 00
ucsi: rec 149 W 0000000000020004
ucsi: rec 150 R 20000000 0 0
ucsi: 2 connectors
ucsi: rec 151 R 20000000 0 0
swap: swap0 source=PARTLABEL=zedBSD-swap slots=262143
swap: active sources=1 total=262143 free=262143
vfs: mounting runtime filesystems...
vfs: runtime filesystems mounted
boot: memory 8065748 KiB total, 8034820 KiB free, 16408 KiB reserved
boot: starting init /sbin/init

i915: firmware /lib/firmware/i915/adlp_dmc.bin: loaded (79088 bytes)
i915: dmc worker: proceeding to load
i915: resident shim: context sw_id=2 lrca=fc0b9119 pml4=0x102951000 ring=16384 bytes engine=rcs0
i915: resident shim: context sw_id=3 lrca=fc0ce119 pml4=0x102ac8000 ring=16384 bytes engine=rcs0
i8042: mouse id=0 packet=3
i915: vk: pipeline compiled by the executor: vs 816 bytes (1 attributes, 1 push registers, 1 varyings), fs 304 bytes (1 inputs, 0 push registers, 1 sampled images)
i915: vk: pipeline compiled by the executor: vs 816 bytes (1 attributes, 1 push registers, 1 varyings), fs 304 bytes (1 inputs, 0 push registers, 1 sampled images)
i915: vk: pipeline compiled by the executor: vs 1088 bytes (1 attributes, 3 push registers, 2 varyings), fs 7568 bytes (2 inputs, 3 push registers, 1 sampled images)
i915: resident shim: context sw_id=4 lrca=fc0e3119 pml4=0x106b23000 ring=16384 bytes engine=rcs0
i915: resident display: lease 1 claimed
i915: vk: transfer kernels compiled by the executor: fill 400 bytes, copy 304 bytes
i915: vk: GPU fill 1920x1080 -> 1920x1080 at (0,0) of a 1920x1080 surface: 0
i915: vk: first draw: batch 353 dwords at 0x101a00000, state at 0x101804000, target 1920x1080 at 0x101e00000, depth no, 6 vertices
i915: rps: unpark events=0x0 freq 6 -> 27 (up=0 down=5 boosts=0)
i915: rps: busy events=0x20 freq 27 -> 28 (up=1 down=5 boosts=0)
i915: rps: busy events=0x20 freq 28 -> 30 (up=2 down=5 boosts=0)
i915: rps: busy events=0x20 freq 30 -> 34 (up=3 down=5 boosts=0)
i915: vk: GPU copy 1920x1080 -> 1920x1080 at (0,0) of a 1920x1080 surface: 0
i915: rps: busy events=0x10 freq 34 -> 33 (up=3 down=6 boosts=0)
i915: LCD-B input: VBT low_vswing=0 hobl=0 afc_override=0 backlight present=1 active_low=0 controller=0 pwm=200 Hz min=15 | rawclk=19200 kHz | DDI_BUF_CTL at connector init 0x80000002 -> saved bits 0x0
i915: rps: busy events=0x10 freq 33 -> 31 (up=3 down=7 boosts=0)
i915: LCD-B input: wm levels=6 latency 3/54/83/102/147/147/144/144 us ipc=1 sagv_block=35 us | DBUF slices now 0xf MBUS_CTL=0x1c000700 joined=0 | CDCLK now 179200 kHz vco 537600 ref 38400 bypass 19200 level 0 max 652800 | QGV mask 0x10b -> allowed 0x4 bw 14899 MB/s | DMC fw mask 0x1f
i915: rps: busy events=0x10 freq 31 -> 27 (up=3 down=8 boosts=0)
i915: N1 registry: 4 built | &n1=0xffff8001007ce020 &plane0=0xffff8001007d2478 hook=0xffffffff802f0452
i915: N1 registry: 3 encoder(s): the bound screen's and 2 Type-C port(s)
i915: LCD-B UNRESOLVED step reached: __drm_atomic_helper_crtc_destroy_state
i915: LCD-B UNRESOLVED step reached: intel_crtc_free_hw_state
i915: rps: busy events=0x10 freq 27 -> 19 (up=3 down=9 boosts=0)
i915: LCD-B UNRESOLVED step reached: intel_dsc_get_config
i915: LCD-B UNRESOLVED step reached: intel_vrr_get_config
i915: LCD-B UNRESOLVED step reached: intel_color_get_config
i915: LCD-B UNRESOLVED step reached: hsw_ips_get_config
i915: rps: busy events=0x10 freq 19 -> 6 (up=3 down=10 boosts=0)
i915: LCD-B UNRESOLVED step reached: __drm_atomic_helper_crtc_destroy_state
i915: LCD-B UNRESOLVED step reached: intel_crtc_free_hw_state
i915: LCD-B UNRESOLVED step reached: __drm_atomic_helper_crtc_destroy_state
i915: LCD-B UNRESOLVED step reached: intel_crtc_free_hw_state
i915: LCD-B UNRESOLVED step reached: __drm_atomic_helper_crtc_destroy_state
i915: LCD-B UNRESOLVED step reached: intel_crtc_free_hw_state
i915: LCD-B UNRESOLVED step reached: intel_hdmi_infoframes_enabled
i915: LCD-B UNRESOLVED step reached: intel_ddi_mso_get_config
i915: LCD-B UNRESOLVED step reached: intel_ddi_is_audio_enabled
i915: LCD-B UNRESOLVED step reached: intel_edp_fixup_vbt_bpp
i915: LCD-B UNRESOLVED step reached: intel_hdmi_read_gcp_infoframe
i915: LCD-B UNRESOLVED step reached: intel_read_infoframe
i915: LCD-B UNRESOLVED step reached: intel_read_infoframe
i915: LCD-B UNRESOLVED step reached: intel_read_infoframe
i915: LCD-B UNRESOLVED step reached: intel_read_infoframe
i915: LCD-B UNRESOLVED step reached: bdw_get_trans_port_sync_config
i915: LCD-B UNRESOLVED step reached: intel_read_dp_sdp
i915: LCD-B UNRESOLVED step reached: intel_read_dp_sdp
i915: LCD-B UNRESOLVED step reached: intel_psr_get_config
i915: LCD-B UNRESOLVED step reached: intel_audio_codec_get_config
i915: LCD-B UNRESOLVED step reached: intel_pmdemand_update_phys_mask
i915: LCD-B UNRESOLVED step reached: intel_dp_sync_state
i915: LCD-B UNRESOLVED step reached: intel_pmdemand_update_phys_mask
i915: LCD-B UNRESOLVED step reached: intel_tc_port_sanitize_mode
i915: LCD-B UNRESOLVED step reached: intel_pmdemand_update_phys_mask
i915: LCD-B UNRESOLVED step reached: intel_tc_port_sanitize_mode
i915: LCD-B UNRESOLVED step reached: intel_pmdemand_update_port_clock
i915: LCD-B UNRESOLVED step reached: intel_pmdemand_update_port_clock
i915: LCD-B UNRESOLVED step reached: intel_pmdemand_update_port_clock
i915: LCD-B UNRESOLVED step reached: intel_pmdemand_update_port_clock
i915: LCD-B (decided) intel_pmdemand_init_pmdemand_params: display 13 has no pm demand unit
i915: LCD-B (decided) intel_pch_sanitize: HAS_PCH_IBX is false on this PCH
i915: LCD-B UNRESOLVED step reached: intel_init_fifo_underrun_reporting
i915: LCD-B UNRESOLVED step reached: drm_crtc_vblank_reset
i915: LCD-B (decided) intel_crtc_vblank_on: DRM vblank events unused in this test; pipe vblank IRQ stays masked (checked by the binding)
i915: LCD-B UNRESOLVED step reached: intel_init_fifo_underrun_reporting
i915: LCD-B UNRESOLVED step reached: drm_crtc_vblank_reset
i915: LCD-B UNRESOLVED step reached: intel_init_fifo_underrun_reporting
i915: LCD-B UNRESOLVED step reached: drm_crtc_vblank_reset
i915: LCD-B UNRESOLVED step reached: intel_init_fifo_underrun_reporting
i915: LCD-B UNRESOLVED step reached: drm_crtc_vblank_reset
i915: LCD-B UNRESOLVED step reached: intel_fbc_sanitize
i915: LCD-B UNRESOLVED step reached: intel_tc_port_link_needs_reset
i915: LCD-B UNRESOLVED step reached: intel_crtc_state_dump
i915: LCD-B UNRESOLVED step reached: intel_crtc_state_dump
i915: LCD-B UNRESOLVED step reached: intel_crtc_state_dump
i915: LCD-B UNRESOLVED step reached: intel_crtc_state_dump
i915: LCD-B UNRESOLVED step reached: intel_power_domains_sanitize_state
i915: takeover: readout: active pipes 0x1, pipe 0 transcoder 0 DPLL1 port 0, mode 1920x1080 0 kHz, plane visible=1
i915: LCD-B UNRESOLVED step reached: drm_crtc_wait_one_vblank
i915: LCD-B UNRESOLVED step reached: drm_atomic_add_affected_connectors
i915: hpd (drm_dbg) hotplug event received, stat 0x00010000, dig 0x00000089, pins 0x00000010, long 0x00000000
i915: hpd (drm_dbg) digital hpd on [ENCODER:1:DDI A] - short
i915: hpd: ignoring short hpd on eDP DDI A
i915: LCD-B UNRESOLVED step reached: __drm_atomic_helper_crtc_destroy_state
i915: LCD-B UNRESOLVED step reached: intel_crtc_free_hw_state
i915: hpd (drm_dbg) hotplug event received, stat 0x00010000, dig 0x0000008a, pins 0x00000010, long 0x00000010
i915: LCD-B UNRESOLVED step reached: intel_pmdemand_update_phys_mask
i915: hpd (drm_dbg) digital hpd on [ENCODER:1:DDI A] - long
i915: LCD-B UNRESOLVED step reached: intel_fbc_disable
i915: hpd (drm_dbg_kms) Received HPD interrupt on PIN 4 - cnt: 10
i915: LCD-B UNRESOLVED step reached: intel_update_watermarks
i915: hpd: ignoring long hpd on eDP DDI A
i915: LCD-B UNRESOLVED step reached: intel_pmdemand_update_port_clock
i915: takeover: rc=0, crtcs stopped 1, still active 0x0
i915: power well DC_off state mismatch (refcount 0/enabled 1)
i915: takeover: power_domains_enable: wells_on 8 -> 3
i915: LCD-B reg[preflight] ICL_DPLL_ENABLE 0x46010 = 0x00000000
i915: LCD-B reg[preflight] TGL_DPLL_CFGCR0 0x164284 = 0x018001d4
i915: LCD-B reg[preflight] TGL_DPLL_CFGCR1 0x164288 = 0x00002644
i915: LCD-B reg[preflight] ICL_DPCLKA_CFGCR0 0x164280 = 0x01e07c01
i915: LCD-B reg[preflight] DDI_BUF_CTL 0x64000 = 0x00000082
i915: LCD-B reg[preflight] TRANS_CLK_SEL 0x46140 = 0x00000000
i915: LCD-B reg[preflight] TRANS_DDI_FUNC_CTL 0x60400 = 0x00210102
i915: LCD-B reg[preflight] TRANSCONF 0x70008 = 0x00000000
i915: LCD-B reg[preflight] PIPE_MISC 0x70030 = 0x00000000
i915: LCD-B reg[preflight] PLANE_CTL_1 0x70180 = 0x00000000
i915: LCD-B reg[preflight] PLANE_COLOR_CTL_1 0x701cc = 0x00000000
i915: LCD-B reg[preflight] PLANE_STRIDE_1 0x70188 = 0x00000000
i915: LCD-B reg[preflight] PLANE_SIZE_1 0x70190 = 0x00000000
i915: LCD-B reg[preflight] PLANE_SURF_1 0x7019c = 0x00000000
i915: LCD-B reg[preflight] PLANE_WM_1_0 0x70240 = 0x00000000
i915: LCD-B reg[preflight] PLANE_BUF_CFG_1 0x7027c = 0x00000000
i915: LCD-B reg[preflight] MBUS_CTL 0x4438c = 0x1c000700
i915: LCD-B reg[preflight] PIPE_MBUS_DBOX_CTL 0x7003c = 0x00000000
i915: LCD-B reg[preflight] DBUF_CTL_S1 0x45008 = 0xc040c000
i915: LCD-B reg[preflight] DBUF_CTL_S2 0x44fe8 = 0xc040c000
i915: LCD-B reg[preflight] DBUF_CTL_S3 0x44300 = 0xc040c000
i915: LCD-B reg[preflight] DBUF_CTL_S4 0x44304 = 0xc040c000
i915: LCD-B reg[preflight] BXT_BLC_PWM_CTL 0xc8250 = 0x80000000
i915: LCD-B reg[preflight] BXT_BLC_PWM_FREQ 0xc8254 = 0x00017700
i915: LCD-B reg[preflight] BXT_BLC_PWM_DUTY 0xc8258 = 0x00017700
i915: LCD-B reg[preflight] ICL_PIPESTATUS 0x70058 = 0x00000000
i915: LCD-B reg[preflight] GEN8_DE_PIPE_IMR 0x44404 = 0x00000000
i915: LCD-B reg[preflight] GEN8_DE_PIPE_IER 0x4440c = 0x00000000
i915: LCD-B reg[preflight] GEN8_DE_PIPE_IIR 0x44408 = 0x00000000
i915: LCD-B reg[preflight] PIPE_FRMCOUNT_G4X 0x70040 = 0x00000000
i915: LCD-B preflight: DDI / PLL idle=1 (pipe A registers read TRANSCONF 0x00000000 PLANE_CTL 0x00000000 IMR 0x00000000 with power well A off) | IRQ state pipe A mask 0xefeff07f: vblank + underrun masked=1 | no code of this path waits for a software vblank count; no worker / callback / waiter is created by it
i915: LCD-B input: VBT low_vswing=0 hobl=0 afc_override=0 backlight present=1 active_low=0 controller=0 pwm=200 Hz min=15 | rawclk=19200 kHz | DDI_BUF_CTL at connector init 0x80000002 -> saved bits 0x0
i915: LCD-B input: wm levels=6 latency 3/54/83/102/147/147/144/144 us ipc=1 sagv_block=35 us | DBUF slices now 0xf MBUS_CTL=0x1c000700 joined=0 | CDCLK now 179200 kHz vco 537600 ref 38400 bypass 19200 level 0 max 652800 | QGV mask 0x10b -> allowed 0x4 bw 14899 MB/s | DMC fw mask 0x1f
i915: resident display: buffers 1920x1080 pitch 7680: A surf 0xbc0c0000 cpu 0xffff80010a0cc000, B surf 0xbca00000 cpu 0xffff80010a8b5000
i915: P3 intel_combo_phy_init: combo PHYs A/B (0 initialised)
i915: LCD-B (decided) intel_sagv_pre_plane_update: the QGV restriction stays as the initialisation left it (SAGV off, max-bandwidth point; bandwidth checked in prepare)
i915: LCD-B (decided) intel_set_cpu_fifo_underrun_reporting: underrun IRQ stays masked; the test owns and samples ICL_PIPESTATUS
i915: hpd (drm_dbg) hotplug event received, stat 0x00010000, dig 0x0000008a, pins 0x00000010, long 0x00000010
i915: hpd (drm_dbg) digital hpd on [ENCODER:1:DDI A] - long
i915: hpd (drm_dbg_kms) Received HPD interrupt on PIN 4 - cnt: 20
i915: hpd: ignoring long hpd on eDP DDI A
i915: LCD-B (decided) intel_crtc_vblank_on: DRM vblank events unused in this test; pipe vblank IRQ stays masked (checked by the binding)
i915: LCD-B (decided) intel_sagv_post_plane_update: QGV points are not relaxed (SAGV stays off)
i915: LCD-B reg[picture-up] ICL_DPLL_ENABLE 0x46010 = 0xcc000000 | Linux 0xcc000000 mask 0xcc000000 same
i915: LCD-B reg[picture-up] TGL_DPLL_CFGCR0 0x164284 = 0x00e001a5 | Linux 0x00e001a5 mask 0xffffffff same
i915: LCD-B reg[picture-up] TGL_DPLL_CFGCR1 0x164288 = 0x00000088 | Linux 0x00000088 mask 0xffffffff same
i915: LCD-B reg[picture-up] ICL_DPCLKA_CFGCR0 0x164280 = 0x01e07800
i915: LCD-B reg[picture-up] DDI_BUF_CTL 0x64000 = 0x80000002 | Linux 0x80000002 mask 0xffffff7f same
i915: LCD-B reg[picture-up] TRANS_CLK_SEL 0x46140 = 0x10000000 | Linux 0x10000000 mask 0xffffffff same
i915: LCD-B reg[picture-up] TRANS_DDI_FUNC_CTL 0x60400 = 0x8a210002 | Linux 0x8a210002 mask 0xffffffff same
i915: LCD-B reg[picture-up] TRANSCONF 0x70008 = 0xc0000000 | Linux 0xc0000000 mask 0xc0000000 same
i915: LCD-B reg[picture-up] PIPE_MISC 0x70030 = 0x00800150
i915: LCD-B reg[picture-up] PLANE_CTL_1 0x70180 = 0x94000000 | Linux 0x94000000 mask 0xffffffff same
i915: LCD-B reg[picture-up] PLANE_COLOR_CTL_1 0x701cc = 0x00002000 | Linux 0x00002000 mask 0xffffffff same
i915: LCD-B reg[picture-up] PLANE_STRIDE_1 0x70188 = 0x00000078 | Linux 0x00000078 mask 0xffffffff same
i915: LCD-B reg[picture-up] PLANE_SIZE_1 0x70190 = 0x0437077f | Linux 0x0437077f mask 0xffffffff same
i915: LCD-B reg[picture-up] PLANE_SURF_1 0x7019c = 0xbc0c0000
i915: LCD-B reg[picture-up] PLANE_WM_1_0 0x70240 = 0x80004010 | Linux 0x80004010 mask 0xffffffff same
i915: LCD-B reg[picture-up] PLANE_BUF_CFG_1 0x7027c = 0x0fdb0000 | Linux 0x0fdb0000 mask 0xffffffff same
i915: LCD-B reg[picture-up] MBUS_CTL 0x4438c = 0xdc000700 | Linux 0xdc000700 mask 0xffffffff same
i915: LCD-B reg[picture-up] PIPE_MBUS_DBOX_CTL 0x7003c = 0xa9038806
i915: LCD-B reg[picture-up] DBUF_CTL_S1 0x45008 = 0xc043c000 | Linux 0xc043c000 mask 0xffffffff same
i915: LCD-B reg[picture-up] DBUF_CTL_S2 0x44fe8 = 0xc043c000 | Linux 0xc043c000 mask 0xffffffff same
i915: LCD-B reg[picture-up] DBUF_CTL_S3 0x44300 = 0xc043c000
i915: LCD-B reg[picture-up] DBUF_CTL_S4 0x44304 = 0xc043c000
i915: LCD-B reg[picture-up] BXT_BLC_PWM_CTL 0xc8250 = 0x80000000
i915: LCD-B reg[picture-up] BXT_BLC_PWM_FREQ 0xc8254 = 0x00017700 | Linux 0x00017700 mask 0xffffffff same
i915: LCD-B reg[picture-up] BXT_BLC_PWM_DUTY 0xc8258 = 0x00017700
i915: LCD-B reg[picture-up] ICL_PIPESTATUS 0x70058 = 0x60000000
i915: LCD-B reg[picture-up] GEN8_DE_PIPE_IMR 0x44404 = 0xefe9f07f
i915: LCD-B reg[picture-up] GEN8_DE_PIPE_IER 0x4440c = 0x90700f89
i915: LCD-B reg[picture-up] GEN8_DE_PIPE_IIR 0x44408 = 0x00000000
i915: LCD-B reg[picture-up] PIPE_FRMCOUNT_G4X 0x70040 = 0x00000010
i915: LCD-B reg[picture-up] same as Linux's dump: 17/17 (comparison only; no value above was copied from it)
i915: LCD-B PICTURE UP: pattern id=0 on the panel; observation window 0 ms starts now (take the photograph)
i915: resident display: picture up (buffer A surf 0xbc0c0000); serving presentation
i915: resident display: panel buffers mapped for the GPU at 0x101e00000 / 0x102600000 (2025 pages each)
i915: rps: unpark events=0x0 freq 6 -> 27 (up=3 down=10 boosts=0)
i915: rps: busy events=0x10 freq 27 -> 26 (up=3 down=11 boosts=0)
i915: rps: busy events=0x10 freq 26 -> 24 (up=3 down=12 boosts=0)
i915: rps: busy events=0x10 freq 24 -> 20 (up=3 down=13 boosts=0)
i915: rps: busy events=0x10 freq 20 -> 12 (up=3 down=14 boosts=0)
i915: rps: busy events=0x10 freq 12 -> 6 (up=3 down=15 boosts=0)
i915: resident display: check frame 1: source 1920x1080 pitch 7680 non-black 2073600 fnv de394a5b (px(0,0)=ffeaf2fc) | panel buffer B non-black 2073600 of 2073600 fnv 6fc666d4 (px(center)=fff8ccce)
i915: resident display: flip 1: surf 0xbc0c0000 -> 0xbca00000 | frame 18 -> 0
i915: resident display: first frame 1920x1080 (stride 7680; shared, GPU copy; RGBA) shown on the 1920x1080 panel
i915: vk: GPU fill 1920x1080 -> 1920x1080 at (0,0) of a 1920x1080 surface: 0
i915: rps: unpark events=0x0 freq 6 -> 27 (up=3 down=15 boosts=0)
i915: rps: busy events=0x20 freq 27 -> 28 (up=4 down=15 boosts=0)
i915: vk: GPU copy 1920x1080 -> 1920x1080 at (0,0) of a 1920x1080 surface: 0
i915: rps: busy events=0x10 freq 28 -> 27 (up=4 down=16 boosts=0)
i915: rps: busy events=0x10 freq 27 -> 25 (up=4 down=17 boosts=0)
i915: resident display: check frame 2: source 1920x1080 pitch 7680 non-black 2073600 fnv a049145b (px(0,0)=ffeaf2fc) | panel buffer A non-black 2073600 of 2073600 fnv 66107ea0 (px(center)=fff8ccce)
i915: resident display: flip 2: surf 0xbca00000 -> 0xbc0c0000 | frame 31 -> 0
i915: resident display: flip 3: surf 0xbc0c0000 -> 0xbca00000 | frame 140 -> 0
i915: perf: markers 10: wait 0.00 ms, run 0.00 ms
i915: perf: 7277 ms: 4 presents (0.54/s), 11 submits, 9 batches | per submit ms: 4.68 (build 0.66, run 4.01, gpu 4.00) | per present ms: 383.91 (copy 1.91, publish 0.00, flip 0.00)
i915: resident shim: context sw_id=5 lrca=fc0f8119 pml4=0x10d7a7000 ring=16384 bytes engine=rcs0
i915: resident shim: context sw_id=6 lrca=fc10d119 pml4=0x10d861000 ring=16384 bytes engine=rcs0
i915: vk: pipeline compiled by the executor: vs 688 bytes (1 attributes, 1 push registers, 1 varyings), fs 304 bytes (1 inputs, 0 push registers, 1 sampled images)
i915: vk: pipeline compiled by the executor: vs 688 bytes (1 attributes, 1 push registers, 1 varyings), fs 304 bytes (1 inputs, 0 push registers, 1 sampled images)
i915: vk: an object (kind 9) was destroyed before what names it: 0 views, 1 descriptor sets, 0 framebuffers and 0 command buffers let go of it
i915: vk: an object (kind 9) was destroyed before what names it: 0 views, 1 descriptor sets, 0 framebuffers and 0 command buffers let go of it
i915: vk: an object (kind 9) was destroyed before what names it: 0 views, 2 descriptor sets, 0 framebuffers and 0 command buffers let go of it
i915: vk: an object (kind 9) was destroyed before what names it: 0 views, 2 descriptor sets, 0 framebuffers and 0 command buffers let go of it
i915: vk: an object (kind 9) was destroyed before what names it: 0 views, 2 descriptor sets, 0 framebuffers and 0 command buffers let go of it
i915: vk: an object (kind 9) was destroyed before what names it: 0 views, 2 descriptor sets, 0 framebuffers and 0 command buffers let go of it
i915: vk: an object (kind 9) was destroyed before what names it: 0 views, 2 descriptor sets, 0 framebuffers and 0 command buffers let go of it
i915: vk: an object (kind 9) was destroyed before what names it: 0 views, 2 descriptor sets, 0 framebuffers and 0 command buffers let go of it
i915: vk: first draw: batch 353 dwords at 0x104000000, state at 0x103e00000, target 1920x1036 at 0x104400000, depth no, 6 vertices
i915: vk: first draw: batch 353 dwords at 0x102400000, state at 0x102200000, target 1180x800 at 0x102800000, depth no, 6 vertices
i915: perf: markers 52: wait 0.13 ms, run 0.02 ms
i915: perf: 7259 ms: 19 presents (2.61/s), 52 submits, 50 batches | per submit ms: 4.25 (build 0.11, run 4.13, gpu 3.87) | per present ms: 2.99 (copy 1.32, publish 0.00, flip 0.59)
ucsi: rec 152 R 20000000 1 0
i915: perf: markers 2: wait 0.01 ms, run 0.00 ms
i915: perf: 60121 ms: 1 presents (0.01/s), 2 submits, 2 batches | per submit ms: 7.82 (build 0.12, run 7.69, gpu 7.69) | per present ms: 0.74 (copy 0.70, publish 0.00, flip 0.01)
ucsi: rec 153 R 20000000 1 0
i915: perf: markers 2: wait 0.00 ms, run 0.00 ms
i915: perf: 60118 ms: 1 presents (0.01/s), 2 submits, 2 batches | per submit ms: 7.69 (build 0.12, run 7.57, gpu 7.55) | per present ms: 0.79 (copy 0.75, publish 0.00, flip 0.01)
ucsi: rec 154 R 20000000 1 0
i915: perf: markers 2: wait 0.00 ms, run 0.00 ms
i915: perf: 60130 ms: 1 presents (0.01/s), 2 submits, 2 batches | per submit ms: 7.65 (build 0.09, run 7.56, gpu 7.55) | per present ms: 0.78 (copy 0.74, publish 0.00, flip 0.01)
ucsi: rec 155 R 20000000 1 0
i915: perf: markers 2: wait 0.00 ms, run 0.00 ms
i915: perf: 60119 ms: 1 presents (0.01/s), 2 submits, 2 batches | per submit ms: 7.70 (build 0.08, run 7.61, gpu 7.60) | per present ms: 0.79 (copy 0.74, publish 0.00, flip 0.01)
ucsi: rec 156 R 20000000 1 0
i915: perf: markers 2: wait 0.00 ms, run 0.00 ms
i915: perf: 60131 ms: 1 presents (0.01/s), 2 submits, 2 batches | per submit ms: 7.70 (build 0.12, run 7.57, gpu 7.57) | per present ms: 0.76 (copy 0.72, publish 0.00, flip 0.01)
ucsi: rec 157 R 20000000 1 0
i915: perf: markers 2: wait 0.00 ms, run 0.00 ms
i915: perf: 60127 ms: 1 presents (0.01/s), 2 submits, 2 batches | per submit ms: 7.90 (build 0.12, run 7.77, gpu 7.76) | per present ms: 0.76 (copy 0.75, publish 0.00, flip 0.00)
ucsi: rec 158 R 20000000 1 0
i915: perf: markers 2: wait 0.00 ms, run 0.00 ms
i915: perf: 60120 ms: 1 presents (0.01/s), 2 submits, 2 batches | per submit ms: 8.15 (build 0.15, run 8.00, gpu 7.99) | per present ms: 0.79 (copy 0.75, publish 0.00, flip 0.01)
ucsi: rec 159 R 20000000 1 0
i915: perf: markers 2: wait 0.00 ms, run 0.00 ms
i915: perf: 60126 ms: 1 presents (0.01/s), 2 submits, 2 batches | per submit ms: 7.74 (build 0.12, run 7.62, gpu 7.61) | per present ms: 0.80 (copy 0.76, publish 0.00, flip 0.01)
ucsi: rec 160 R 20000000 1 0
i915: perf: markers 2: wait 0.00 ms, run 0.00 ms
i915: perf: 60125 ms: 1 presents (0.01/s), 2 submits, 2 batches | per submit ms: 7.73 (build 0.12, run 7.61, gpu 7.60) | per present ms: 0.79 (copy 0.75, publish 0.00, flip 0.01)
ucsi: rec 161 R 20000000 1 0
i915: perf: markers 2: wait 0.00 ms, run 0.00 ms
i915: perf: 31296 ms: 1 presents (0.03/s), 2 submits, 2 batches | per submit ms: 8.02 (build 0.12, run 7.89, gpu 7.88) | per present ms: 0.79 (copy 0.74, publish 0.00, flip 0.01)
i915: resident shim: ring rewound (idle context)
xhci: cancel slot=1 endpoint=7 pending-events=0 first-type=0 iman=2 usbsts=0 erdp=572e1700 dequeue=112 command-busy=0 irq-busy=0
xhci: cancelled request slot=1 endpoint=7 completion=26 residual=16
xhci: cancel slot=1 endpoint=3 pending-events=0 first-type=0 iman=2 usbsts=0 erdp=572e1730 dequeue=115 command-busy=0 irq-busy=0
xhci: cancelled request slot=1 endpoint=3 completion=26 residual=16384
usb0: device 1 port 3 disconnected
ucsi: rec 162 R 20000004 0 0
ucsi: rec 163 W 0000000000020012
ucsi: rec 164 R 80000904 0 9
ucsi: rec 164 I 0 004011000000000001
ucsi: rec 165 W 0000000000020004
ucsi: rec 166 R 20000004 0 0
ucsi: rec 167 W 0000000000000006
ucsi: rec 168 R 80001004 0 16
ucsi: rec 168 I 0 44030000021400000400000000032001
ucsi: rec 169 W 0000000000030004
ucsi: rec 170 R 20000000 0 0
i915: perf: markers 22: wait 0.00 ms, run 0.00 ms
i915: perf: 7165 ms: 9 presents (1.25/s), 22 submits, 22 batches | per submit ms: 4.65 (build 0.10, run 4.54, gpu 4.52) | per present ms: 4.81 (copy 2.25, publish 0.00, flip 1.03)
ucsi: rec 171 R 20000004 0 0
ucsi: rec 172 W 0000000000020012
ucsi: rec 173 R 80000904 0 9
ucsi: rec 173 I 0 00403c400000000001
ucsi: rec 174 W 0000000000020004
ucsi: rec 175 R 20000004 0 0
ucsi: rec 176 W 000001000201000c
ucsi: rec 177 R 80000004 0 0
ucsi: rec 178 W 0000000000020004
ucsi: rec 179 R 20000004 0 0
ucsi: rec 180 W 000001000202000c
ucsi: rec 181 R 10000004 0 0
ucsi: rec 182 R 10000004 0 0
ucsi: rec 183 R 80000004 0 0
ucsi: rec 184 W 0000000000020004
ucsi: rec 185 R 20000004 0 0
ucsi: rec 186 W 000000000002000d
ucsi: rec 187 R 80000104 0 1
ucsi: rec 187 I 0 0f
ucsi: rec 188 W 0000000000020004
ucsi: rec 189 R 20000004 0 0
ucsi: rec 190 W 000000000002000e
ucsi: rec 191 R 80000104 0 1
ucsi: rec 191 I 0 00
ucsi: rec 192 W 0000000000020004
ucsi: rec 193 R 20000004 0 0
ucsi: rec 194 W 0000000000000006
ucsi: rec 195 R 80001004 0 16
ucsi: rec 195 I 0 44030000021400000400000000032001
ucsi: rec 196 W 0000000000030004
ucsi: rec 197 R 20000000 0 0
ucsi: rec 198 R 20000004 0 0
ucsi: rec 199 W 0000000000020012
ucsi: rec 200 R 80000904 0 9
ucsi: rec 200 I 0 60003b402cb1041301
ucsi: rec 201 W 0000000000020004
ucsi: rec 202 R 20000004 0 0
ucsi: rec 203 W 000001000201000c
ucsi: rec 204 R 80000004 0 0
ucsi: rec 205 W 0000000000020004
ucsi: rec 206 R 20000004 0 0
ucsi: rec 207 W 000001000202000c
ucsi: rec 208 R 10000004 0 0
ucsi: rec 209 R 10000004 0 0
ucsi: rec 210 R 80000004 0 0
ucsi: rec 211 W 0000000000020004
ucsi: rec 212 R 20000004 0 0
ucsi: rec 213 W 000000000002000d
ucsi: rec 214 R 80000104 0 1
ucsi: rec 214 I 0 0f
ucsi: rec 215 W 0000000000020004
ucsi: rec 216 R 20000004 0 0
ucsi: rec 217 W 000000000002000e
ucsi: rec 218 R 80000104 0 1
ucsi: rec 218 I 0 00
ucsi: rec 219 W 0000000000020004
ucsi: rec 220 R 20000004 0 0
ucsi: rec 221 W 0000000300820010
ucsi: rec 222 R 10000004 0 0
ucsi: rec 223 R 10000004 1 0
ucsi: rec 224 R 80000404 0 4
ucsi: rec 224 I 0 c890012e
ucsi: rec 225 W 0000000000020004
ucsi: rec 226 R 20000004 0 0
ucsi: rec 227 W 0000000000000006
ucsi: rec 228 R 80001004 0 16
ucsi: rec 228 I 0 44030000021400000400000000032001
ucsi: rec 229 W 0000000000030004
ucsi: rec 230 R 20000000 0 0
i915: hpd (drm_dbg) hotplug event received, stat 0x00020000, dig 0x000000a8, pins 0x00000400, long 0x00000400
i915: DE HPD iir=0x00020000 pins=0x00000400 long=0x00000400
i915: hpd (drm_dbg) digital hpd on [ENCODER:4:DDI E] - long
i915: hpd (drm_dbg_kms) Received HPD interrupt on PIN 10 - cnt: 10
i915: hpd: long hpd on DDI E: detecting
i915: hpd (drm_dbg_kms) running encoder hotplug functions
i915: hpd (drm_dbg_kms) Connector DP-2 (pin 10) received hotplug event. (retry 0)
i915: hpd TC2 connected=1 (DDI E)
i915: TC2: mode none -> dp-alt
i915: DP-ext TC2: connected (step done, rc 0)
i915: DP-ext TC2 DPCD 000: 14 14 c4 81 01 00 01 80 02 00 06 00 04 00 84
i915: DP-ext TC2: LTTPR valid 1 count 1 | sink OUI 24dd1b id 'Dp1.4 ' hw 0.0 sw 0.0 (valid 1) | rate max 540000 (sink 540000, source 810000) lanes 4 (sink 4)
i915: DP-ext TC2 EDID: 2 block(s) (extensions 1) mfg 2a87 product 1230 | DTD1 1920x1280 pixel clock 164360 kHz | HDMI 0
i915: DP-ext TC2: probe 1 held the port in dp-alt mode (FIA lanes 4), none after it | I2C nacks 0 defers 0
i915: hpd (drm_dbg_kms) [CONNECTOR:4:DP-2] EDID changed, epoch counter 2
i915: hpd DP detect DP-2: connected, EDID 256 bytes
i915: hpd (drm_dbg_kms) [CONNECTOR:4:DP-2] status updated from disconnected to connected (epoch counter 1->3)
i915: HPD-EVENT DP-2 pin=10 retry=0 status disconnected -> connected (CHANGED) | live=0 EDID rc=0 blocks=0 digital=0 | epoch=3 t=614577
i915: hpd uevent (connector hotplug event, no userspace listener): DP-2
i915: TC2: mode none -> dp-alt
i915: DP-ext TC2: connected (step done, rc 0)
i915: DP-ext TC2 DPCD 000: 14 14 c4 81 01 00 01 80 02 00 06 00 04 00 84
i915: DP-ext TC2: LTTPR valid 1 count 1 | sink OUI 24dd1b id 'Dp1.4 ' hw 0.0 sw 0.0 (valid 1) | rate max 540000 (sink 540000, source 810000) lanes 4 (sink 4)
i915: DP-ext TC2 EDID: 2 block(s) (extensions 1) mfg 2a87 product 1230 | DTD1 1920x1280 pixel clock 164360 kHz | HDMI 0
i915: DP-ext TC2: probe 2 held the port in dp-alt mode (FIA lanes 4), none after it | I2C nacks 0 defers 0
i915: resident display: DP on TC2 (DDI E): 1920x1280 164360 kHz (EDID), link 162000 kHz x4 at 24 bpp (limits 0 kHz x0)
i915: display head: lease 2 claimed (connector 3, DP, pipe B)
i915: display head: lease 2 released after 0 frame(s) (connector 3)
i915: vk: an object (kind 17) was destroyed before what names it: 0 views, 0 descriptor sets, 0 framebuffers and 1 command buffers let go of it
i915: vk: an object (kind 8) was destroyed before what names it: 0 views, 0 descriptor sets, 0 framebuffers and 1 command buffers let go of it
i915: resident display: lease released; holding the last picture (buffer A) for the next lease for up to 10000 ms
i915: perf: markers 18: wait 0.00 ms, run 0.01 ms
i915: perf: 2280 ms: 8 presents (3.50/s), 17 submits, 15 batches | per submit ms: 3.68 (build 0.12, run 3.56, gpu 3.51) | per present ms: 5.94 (copy 2.63, publish 0.00, flip 1.46) (final)
i915: resident display: lease 1 released after 50 frame(s) (stop done)
i915: resident shim: context sw_id=7 lrca=fc0e3119 pml4=0x12ad8e000 ring=16384 bytes engine=rcs0
i915: TC2: mode none -> dp-alt
i915: DP-ext TC2: connected (step done, rc 0)
i915: DP-ext TC2 DPCD 000: 14 14 c4 81 01 00 01 80 02 00 06 00 04 00 84
i915: DP-ext TC2: LTTPR valid 1 count 1 | sink OUI 24dd1b id 'Dp1.4 ' hw 0.0 sw 0.0 (valid 1) | rate max 540000 (sink 540000, source 810000) lanes 4 (sink 4)
i915: DP-ext TC2 EDID: 2 block(s) (extensions 1) mfg 2a87 product 1230 | DTD1 1920x1280 pixel clock 164360 kHz | HDMI 0
i915: DP-ext TC2: probe 3 held the port in dp-alt mode (FIA lanes 4), none after it | I2C nacks 0 defers 0
i915: resident display: DP on TC2 (DDI E): 1920x1280 164360 kHz (EDID), link 162000 kHz x4 at 24 bpp (limits 0 kHz x0)
i915: resident display: released after 50 flip(s); the reference stop path follows
i915: LCD-B observation window over; stopping through the reference's disable path
i915: hpd (drm_dbg) hotplug event received, stat 0x00010000, dig 0x00000089, pins 0x00000010, long 0x00000000
i915: hpd (drm_dbg) digital hpd on [ENCODER:1:DDI A] - short
i915: hpd: ignoring short hpd on eDP DDI A
i915: hpd (drm_dbg) hotplug event received, stat 0x00010000, dig 0x0000008a, pins 0x00000010, long 0x00000010
i915: hpd (drm_dbg) digital hpd on [ENCODER:1:DDI A] - long
i915: hpd (drm_dbg_kms) Received HPD interrupt on PIN 4 - cnt: 10
i915: hpd: ignoring long hpd on eDP DDI A
i915: LCD-B (decided) intel_sagv_pre_plane_update: the QGV restriction stays as the initialisation left it
i915: LCD-B reg[after-disable] ICL_DPLL_ENABLE 0x46010 = 0x00000000
i915: LCD-B reg[after-disable] TGL_DPLL_CFGCR0 0x164284 = 0x00e001a5
i915: LCD-B reg[after-disable] TGL_DPLL_CFGCR1 0x164288 = 0x00000088
i915: LCD-B reg[after-disable] ICL_DPCLKA_CFGCR0 0x164280 = 0x01e07c00
i915: LCD-B reg[after-disable] DDI_BUF_CTL 0x64000 = 0x00000082
i915: LCD-B reg[after-disable] TRANS_CLK_SEL 0x46140 = 0x00000000
i915: LCD-B reg[after-disable] TRANS_DDI_FUNC_CTL 0x60400 = 0x00210002
i915: LCD-B reg[after-disable] TRANSCONF 0x70008 = 0x00000000
i915: LCD-B reg[after-disable] PIPE_MISC 0x70030 = 0x00000000
i915: LCD-B reg[after-disable] PLANE_CTL_1 0x70180 = 0x00000000
i915: LCD-B reg[after-disable] PLANE_COLOR_CTL_1 0x701cc = 0x00000000
i915: LCD-B reg[after-disable] PLANE_STRIDE_1 0x70188 = 0x00000000
i915: LCD-B reg[after-disable] PLANE_SIZE_1 0x70190 = 0x00000000
i915: LCD-B reg[after-disable] PLANE_SURF_1 0x7019c = 0x00000000
i915: LCD-B reg[after-disable] PLANE_WM_1_0 0x70240 = 0x00000000
i915: LCD-B reg[after-disable] PLANE_BUF_CFG_1 0x7027c = 0x00000000
i915: LCD-B reg[after-disable] MBUS_CTL 0x4438c = 0x1c000700
i915: LCD-B reg[after-disable] PIPE_MBUS_DBOX_CTL 0x7003c = 0x00000000
i915: LCD-B reg[after-disable] DBUF_CTL_S1 0x45008 = 0xc041c000
i915: LCD-B reg[after-disable] DBUF_CTL_S2 0x44fe8 = 0x0041c000
i915: LCD-B reg[after-disable] DBUF_CTL_S3 0x44300 = 0x0041c000
i915: LCD-B reg[after-disable] DBUF_CTL_S4 0x44304 = 0x0041c000
i915: LCD-B reg[after-disable] BXT_BLC_PWM_CTL 0xc8250 = 0x00000000
i915: LCD-B reg[after-disable] BXT_BLC_PWM_FREQ 0xc8254 = 0x00017700
i915: LCD-B reg[after-disable] BXT_BLC_PWM_DUTY 0xc8258 = 0x00000000
i915: LCD-B reg[after-disable] ICL_PIPESTATUS 0x70058 = 0x00000000
i915: LCD-B reg[after-disable] GEN8_DE_PIPE_IMR 0x44404 = 0x00000000
i915: LCD-B reg[after-disable] GEN8_DE_PIPE_IER 0x4440c = 0x00000000
i915: LCD-B reg[after-disable] GEN8_DE_PIPE_IIR 0x44408 = 0x00000000
i915: LCD-B reg[after-disable] PIPE_FRMCOUNT_G4X 0x70040 = 0x00000000
i915: resident display: run log 1206 writes, 100 rmw, 6 waits (0 timed out), 0 errors, 0 unresolved steps (1821 entries kept, 0 not kept)
i915: resident display: ended PASS (show rc=0; flips 50, stop confirmed, buffers released=1, power refs held 0, first anomaly: none)
i915: resident display: the output moves to connector 3 (DisplayPort, Keiland's claim)
i915: resident display: lease 3 claimed
i915: vk: an object (kind 9) was destroyed before what names it: 0 views, 2 descriptor sets, 0 framebuffers and 0 command buffers let go of it
i915: vk: an object (kind 9) was destroyed before what names it: 0 views, 2 descriptor sets, 0 framebuffers and 0 command buffers let go of it
i915: DP-ext preflight: TRANSCONF(B)=0x00000000 DDI_BUF_CTL(0x64400)=0x00000000
i915: vk: an object (kind 18) was destroyed before what names it: 0 views, 0 descriptor sets, 0 framebuffers and 1 command buffers let go of it
i915: LCD-B input: VBT low_vswing=0 hobl=0 afc_override=0 backlight present=1 active_low=0 controller=0 pwm=200 Hz min=15 | rawclk=19200 kHz | DDI_BUF_CTL at connector init 0x80000002 -> saved bits 0x0
i915: LCD-B input: wm levels=6 latency 3/54/83/102/147/147/144/144 us ipc=1 sagv_block=35 us | DBUF slices now 0x1 MBUS_CTL=0x1c000700 joined=0 | CDCLK now 179200 kHz vco 537600 ref 38400 bypass 19200 level 0 max 652800 | QGV mask 0x10b -> allowed 0x4 bw 14899 MB/s | DMC fw mask 0x1f
i915: resident display: DP on TC2 (port 4), pipe 1: 1920x1280 164360 kHz | link 162000 kHz x4 24 bpp | TC PLL 4 (div0 0x00084269) | DPCD rev 0x14 branch 0
i915: vk: an object (kind 8) was destroyed before what names it: 0 views, 0 descriptor sets, 0 framebuffers and 1 command buffers let go of it
i915: vk: an object (kind 9) was destroyed before what names it: 0 views, 1 descriptor sets, 0 framebuffers and 0 command buffers let go of it
i915: resident display: buffers 1920x1280 pitch 7680: A surf 0xbc0c0000 cpu 0xffff8001310e7000, B surf 0xbcb80000 cpu 0xffff800133585000
i915: P3 intel_combo_phy_init: combo PHYs A/B (0 initialised)
i915: LCD-B (decided) intel_sagv_pre_plane_update: the QGV restriction stays as the initialisation left it (SAGV off, max-bandwidth point; bandwidth checked in prepare)
i915: TC2: mode none -> dp-alt
i915: LCD-B (decided) intel_set_cpu_fifo_underrun_reporting: underrun IRQ stays masked; the test owns and samples ICL_PIPESTATUS
i915: LCD-B (decided) intel_crtc_vblank_on: DRM vblank events unused in this test; pipe vblank IRQ stays masked (checked by the binding)
i915: LCD-B (decided) intel_sagv_post_plane_update: QGV points are not relaxed (SAGV stays off)
i915: LCD-B reg[picture-up] ICL_DPLL_ENABLE 0x46010 = 0x00000000 | Linux 0xcc000000 mask 0xcc000000 DIFFERENT
i915: LCD-B reg[picture-up] TGL_DPLL_CFGCR0 0x164284 = 0x00e001a5 | Linux 0x00e001a5 mask 0xffffffff same
i915: LCD-B reg[picture-up] TGL_DPLL_CFGCR1 0x164288 = 0x00000088 | Linux 0x00000088 mask 0xffffffff same
i915: LCD-B reg[picture-up] ICL_DPCLKA_CFGCR0 0x164280 = 0x01e05c00
i915: LCD-B reg[picture-up] DDI_BUF_CTL 0x64000 = 0x00000082 | Linux 0x80000002 mask 0xffffff7f DIFFERENT
i915: LCD-B reg[picture-up] TRANS_CLK_SEL 0x46140 = 0x00000000 | Linux 0x10000000 mask 0xffffffff DIFFERENT
i915: LCD-B reg[picture-up] TRANS_DDI_FUNC_CTL 0x60400 = 0x00210002 | Linux 0x8a210002 mask 0xffffffff DIFFERENT
i915: LCD-B reg[picture-up] TRANSCONF 0x70008 = 0x00000000 | Linux 0xc0000000 mask 0xc0000000 DIFFERENT
i915: LCD-B reg[picture-up] PIPE_MISC 0x70030 = 0x00000000
i915: LCD-B reg[picture-up] PLANE_CTL_1 0x70180 = 0x00000000 | Linux 0x94000000 mask 0xffffffff DIFFERENT
i915: LCD-B reg[picture-up] PLANE_COLOR_CTL_1 0x701cc = 0x00000000 | Linux 0x00002000 mask 0xffffffff DIFFERENT
i915: LCD-B reg[picture-up] PLANE_STRIDE_1 0x70188 = 0x00000000 | Linux 0x00000078 mask 0xffffffff DIFFERENT
i915: LCD-B reg[picture-up] PLANE_SIZE_1 0x70190 = 0x00000000 | Linux 0x0437077f mask 0xffffffff DIFFERENT
i915: LCD-B reg[picture-up] PLANE_SURF_1 0x7019c = 0x00000000
i915: LCD-B reg[picture-up] PLANE_WM_1_0 0x70240 = 0x00000000 | Linux 0x80004010 mask 0xffffffff DIFFERENT
i915: LCD-B reg[picture-up] PLANE_BUF_CFG_1 0x7027c = 0x00000000 | Linux 0x0fdb0000 mask 0xffffffff DIFFERENT
i915: LCD-B reg[picture-up] MBUS_CTL 0x4438c = 0xdc000700 | Linux 0xdc000700 mask 0xffffffff same
i915: LCD-B reg[picture-up] PIPE_MBUS_DBOX_CTL 0x7003c = 0x00000000
i915: LCD-B reg[picture-up] DBUF_CTL_S1 0x45008 = 0xc043c000 | Linux 0xc043c000 mask 0xffffffff same
i915: LCD-B reg[picture-up] DBUF_CTL_S2 0x44fe8 = 0xc043c000 | Linux 0xc043c000 mask 0xffffffff same
i915: LCD-B reg[picture-up] DBUF_CTL_S3 0x44300 = 0xc043c000
i915: LCD-B reg[picture-up] DBUF_CTL_S4 0x44304 = 0xc043c000
i915: LCD-B reg[picture-up] BXT_BLC_PWM_CTL 0xc8250 = 0x00000000
i915: LCD-B reg[picture-up] BXT_BLC_PWM_FREQ 0xc8254 = 0x00017700 | Linux 0x00017700 mask 0xffffffff same
i915: LCD-B reg[picture-up] BXT_BLC_PWM_DUTY 0xc8258 = 0x00000000
i915: LCD-B reg[picture-up] ICL_PIPESTATUS 0x70058 = 0x00000000
i915: LCD-B reg[picture-up] GEN8_DE_PIPE_IMR 0x44404 = 0x00000000
i915: LCD-B reg[picture-up] GEN8_DE_PIPE_IER 0x4440c = 0x00000000
i915: LCD-B reg[picture-up] GEN8_DE_PIPE_IIR 0x44408 = 0x00000000
i915: LCD-B reg[picture-up] PIPE_FRMCOUNT_G4X 0x70040 = 0x00000000
i915: LCD-B reg[picture-up] same as Linux's dump: 6/17 (comparison only; no value above was copied from it)
i915: LCD-B PICTURE UP: pattern id=0 on the panel; observation window 0 ms starts now (take the photograph)
i915: resident display: picture up (buffer A surf 0xbc0c0000); serving presentation
i915: resident display: panel buffers mapped for the GPU at 0x102400000 / 0x102e00000 (2400 pages each)
i915: resident display: flip 1: surf 0xbc0c0000 -> 0xbcb80000 | frame 13 -> 0
i915: resident display: first frame 1920x1280 (stride 7680; shared, GPU copy; RGBA) shown on the 1920x1280 panel
i915: resident display: flip 2: surf 0xbcb80000 -> 0xbc0c0000 | frame 14 -> 0
i915: resident display: flip 3: surf 0xbc0c0000 -> 0xbcb80000 | frame 15 -> 0
i915: vk: an object (kind 9) was destroyed before what names it: 0 views, 2 descriptor sets, 0 framebuffers and 0 command buffers let go of it
i915: vk: an object (kind 9) was destroyed before what names it: 0 views, 2 descriptor sets, 0 framebuffers and 0 command buffers let go of it
i915: vk: an object (kind 9) was destroyed before what names it: 0 views, 2 descriptor sets, 0 framebuffers and 0 command buffers let go of it
xhci: port 2 reset complete portsc=00000e03
usb1: device 4 port 2 1a40:0801 class 09 configuration=1 configured
usb1: device 4 interface 0 class 09/00/00 driver=usb-hub
usb1: hub 4, 4 ports
usb1: device 5 port 2 056a:5131 class 00 configuration=1 configured
usb-hid-rdesc: usb1 device 5 interface 0 length=522
usb-hid-rdesc: usb1 device 5 interface 0 0000: 05 0d 09 04 a1 01 85 0c 95 01 75 08 26 ff 00 15 00 81 03 09 54 81 02 05 0d 09 22 a1 02 09 42 15
usb-hid-rdesc: usb1 device 5 interface 0 0020: 00 25 01 75 01 95 01 81 02 81 03 09 47 81 02 95 05 81 03 75 10 09 51 95 01 81 02 05 01 75 10 95
usb-hid-rdesc: usb1 device 5 interface 0 0040: 01 55 0e 65 11 09 30 26 80 28 35 00 46 20 0a 81 02 46 c0 06 09 31 26 00 1b 81 02 c0 05 0d 09 22
usb-hid-rdesc: usb1 device 5 interface 0 0060: a1 02 09 42 15 00 25 01 75 01 95 01 81 02 81 03 09 47 81 02 95 05 81 03 75 10 09 51 95 01 81 02
usb-hid-rdesc: usb1 device 5 interface 0 0080: 05 01 75 10 95 01 55 0e 65 11 09 30 26 80 28 35 00 46 20 0a 81 02 46 c0 06 09 31 26 00 1b 81 02
usb-hid-rdesc: usb1 device 5 interface 0 00a0: c0 05 0d 09 22 a1 02 09 42 15 00 25 01 75 01 95 01 81 02 81 03 09 47 81 02 95 05 81 03 75 10 09
usb-hid-rdesc: usb1 device 5 interface 0 00c0: 51 95 01 81 02 05 01 75 10 95 01 55 0e 65 11 09 30 26 80 28 35 00 46 20 0a 81 02 46 c0 06 09 31
usb-hid-rdesc: usb1 device 5 interface 0 00e0: 26 00 1b 81 02 c0 05 0d 09 22 a1 02 09 42 15 00 25 01 75 01 95 01 81 02 81 03 09 47 81 02 95 05
usb-hid-rdesc: usb1 device 5 interface 0 0100: 81 03 75 10 09 51 95 01 81 02 05 01 75 10 95 01 55 0e 65 11 09 30 26 80 28 35 00 46 20 0a 81 02
usb-hid-rdesc: usb1 device 5 interface 0 0120: 46 c0 06 09 31 26 00 1b 81 02 c0 05 0d 09 22 a1 02 09 42 15 00 25 01 75 01 95 01 81 02 81 03 09
usb-hid-rdesc: usb1 device 5 interface 0 0140: 47 81 02 95 05 81 03 75 10 09 51 95 01 81 02 05 01 75 10 95 01 55 0e 65 11 09 30 26 80 28 35 00
usb-hid-rdesc: usb1 device 5 interface 0 0160: 46 20 0a 81 02 46 c0 06 09 31 26 00 1b 81 02 c0 05 0d 27 ff ff 00 00 75 10 95 01 09 56 81 02 85
usb-hid-rdesc: usb1 device 5 interface 0 0180: 0c 09 55 75 08 95 01 26 ff 00 b1 02 85 0a 06 00 ff 09 c5 96 00 01 b1 02 c0 06 11 ff 09 11 a1 01
usb-hid-rdesc: usb1 device 5 interface 0 01a0: 85 03 a1 02 09 00 75 08 15 00 26 ff 00 95 27 81 02 c0 85 02 09 00 95 01 b1 02 85 03 09 00 95 3f
usb-hid-rdesc: usb1 device 5 interface 0 01c0: b1 02 85 04 09 00 95 0f b1 02 85 07 09 00 96 00 01 b1 02 85 08 09 00 96 87 00 b1 02 85 09 09 00
usb-hid-rdesc: usb1 device 5 interface 0 01e0: 96 3f 00 b1 02 85 0d 09 00 95 07 b1 02 c0 05 0d 09 0e a1 01 85 0e 09 23 a1 02 09 52 09 53 15 00
usb-hid-rdesc: usb1 device 5 interface 0 0200: 25 0a 75 08 95 02 b1 02 c0 c0
usb-hid: usb1 device 5 interface 0 device-mode=2 report=14 bytes=3 error=0
input: /dev/input/event3: Pen and multitouch sensor Touchscreen
usb-hid: event device usb1 device=5 interface=0 endpoint=81 report-bytes=40
usb1: device 5 interface 0 class 03/00/00 driver=usb-hid
usb-hid-rdesc: usb1 device 5 interface 1 length=442
usb-hid-rdesc: usb1 device 5 interface 1 0000: 05 0d 09 02 a1 01 85 06 09 20 a1 00 09 42 09 44 09 45 09 3c 09 5a 09 32 15 00 25 01 75 01 95 06
usb-hid-rdesc: usb1 device 5 interface 1 0020: 81 02 95 02 81 03 05 01 09 30 27 40 65 00 00 47 40 65 00 00 65 11 55 0d 75 10 95 01 81 02 09 31
usb-hid-rdesc: usb1 device 5 interface 1 0040: 27 80 43 00 00 47 80 43 00 00 81 02 45 00 65 00 55 00 05 0d 09 30 26 ff 0f 75 10 81 02 06 00 ff
usb-hid-rdesc: usb1 device 5 interface 1 0060: 09 5b 16 00 80 26 ff 7f 75 10 81 02 05 0d 09 5b 17 00 00 00 80 27 ff ff ff 7f 75 20 81 02 06 00
usb-hid-rdesc: usb1 device 5 interface 1 0080: ff 09 00 75 08 26 ff 00 15 00 81 02 05 0d 09 3b 81 02 c0 85 13 06 00 ff 09 c5 96 00 01 b1 02 c0
usb-hid-rdesc: usb1 device 5 interface 1 00a0: 06 11 ff 09 02 a1 01 85 0b 09 20 a1 00 09 42 09 44 09 45 09 3c 09 5a 09 32 15 00 25 01 75 01 95
usb-hid-rdesc: usb1 device 5 interface 1 00c0: 06 81 02 95 02 81 03 05 01 09 30 27 40 65 00 00 47 40 65 00 00 65 11 55 0d 75 10 95 01 81 02 09
usb-hid-rdesc: usb1 device 5 interface 1 00e0: 31 27 80 43 00 00 47 80 43 00 00 81 02 45 00 65 00 55 00 05 0d 09 30 26 ff 0f 75 10 81 02 06 00
usb-hid-rdesc: usb1 device 5 interface 1 0100: ff 09 5b 16 00 80 26 ff 7f 75 10 81 02 05 0d 09 5b 17 00 00 00 80 27 ff ff ff 7f 75 20 81 02 06
usb-hid-rdesc: usb1 device 5 interface 1 0120: 00 ff 09 00 75 08 26 ff 00 15 00 81 02 05 0d 09 3b 81 02 c0 85 05 09 00 95 17 81 02 85 10 09 00
usb-hid-rdesc: usb1 device 5 interface 1 0140: 95 14 81 02 85 0f 09 00 95 27 81 02 85 0f 09 00 95 07 b1 02 85 11 09 00 95 09 b1 02 85 05 09 00
usb-hid-rdesc: usb1 device 5 interface 1 0160: 95 08 b1 02 85 10 09 00 96 3f 00 b1 02 85 0b 09 00 96 3f 00 b1 02 85 12 09 00 75 08 15 00 26 ff
usb-hid-rdesc: usb1 device 5 interface 1 0180: 00 96 05 01 b1 02 c0 05 01 09 02 a1 01 85 01 09 01 a1 00 05 09 19 01 29 02 15 00 25 01 95 02 75
usb-hid-rdesc: usb1 device 5 interface 1 01a0: 01 81 02 95 01 75 06 81 03 05 01 09 30 09 31 26 ff 7f 75 10 95 02 81 02 c0 c0
usb-hid-diag: usb1 device 5 interface 1 refused error=3 stage=parse item=0x01b6 prefix=0x81
usb-hid-diag: usb1 device 5 interface 1 attach error=3 stage=prepare
usb1: device 5 interface 1 class 03/00/00 driver=usb-hid attach-failed error=3
xhci: cancel slot=5 endpoint=3 pending-events=0 first-type=0 iman=2 usbsts=0 erdp=5730b430 dequeue=67 command-busy=0 irq-busy=0
xhci: cancelled request slot=5 endpoint=3 completion=26 residual=1
xhci: cancel slot=5 endpoint=3 pending-events=0 first-type=0 iman=2 usbsts=0 erdp=5730b480 dequeue=72 command-busy=0 irq-busy=0
xhci: cancelled request slot=5 endpoint=3 completion=26 residual=1
xhci: cancel slot=5 endpoint=3 pending-events=0 first-type=0 iman=2 usbsts=0 erdp=5730b4b0 dequeue=75 command-busy=0 irq-busy=0
xhci: cancelled request slot=5 endpoint=3 completion=26 residual=1
xhci: cancel slot=5 endpoint=3 pending-events=0 first-type=0 iman=2 usbsts=0 erdp=5730b500 dequeue=80 command-busy=0 irq-busy=0
xhci: cancelled request slot=5 endpoint=3 completion=26 residual=1
xhci: cancel slot=5 endpoint=3 pending-events=0 first-type=0 iman=2 usbsts=0 erdp=5730b530 dequeue=83 command-busy=0 irq-busy=0
xhci: cancelled request slot=5 endpoint=3 completion=26 residual=1
xhci: cancel slot=5 endpoint=3 pending-events=0 first-type=0 iman=2 usbsts=0 erdp=5730b7f0 dequeue=127 command-busy=0 irq-busy=0
xhci: cancelled request slot=5 endpoint=3 completion=26 residual=1
xhci: cancel slot=5 endpoint=3 pending-events=0 first-type=0 iman=2 usbsts=0 erdp=5730b820 dequeue=130 command-busy=0 irq-busy=0
xhci: cancelled request slot=5 endpoint=3 completion=26 residual=1
xhci: cancel slot=5 endpoint=3 pending-events=0 first-type=0 iman=2 usbsts=0 erdp=5730b870 dequeue=135 command-busy=0 irq-busy=0
xhci: cancelled request slot=5 endpoint=3 completion=26 residual=1
xhci: cancel slot=5 endpoint=3 pending-events=0 first-type=0 iman=2 usbsts=0 erdp=5730b8e0 dequeue=142 command-busy=0 irq-busy=0
xhci: cancelled request slot=5 endpoint=3 completion=26 residual=1
xhci: cancel slot=5 endpoint=3 pending-events=0 first-type=0 iman=2 usbsts=0 erdp=5730b930 dequeue=147 command-busy=0 irq-busy=0
xhci: cancelled request slot=5 endpoint=3 completion=26 residual=1
xhci: cancel slot=5 endpoint=3 pending-events=0 first-type=0 iman=2 usbsts=0 erdp=5730b960 dequeue=150 command-busy=0 irq-busy=0
xhci: cancelled request slot=5 endpoint=3 completion=26 residual=1
xhci: cancel slot=5 endpoint=3 pending-events=1 first-type=32 iman=2 usbsts=0 erdp=5730b9c0 dequeue=156 command-busy=0 irq-busy=0
xhci: cancelled request slot=5 endpoint=3 completion=26 residual=1
xhci: cancel slot=5 endpoint=3 pending-events=0 first-type=0 iman=2 usbsts=0 erdp=5730bae0 dequeue=174 command-busy=0 irq-busy=0
xhci: cancelled request slot=5 endpoint=3 completion=26 residual=1
xhci: cancel slot=5 endpoint=3 pending-events=0 first-type=0 iman=2 usbsts=0 erdp=5730bb30 dequeue=179 command-busy=0 irq-busy=0
xhci: cancelled request slot=5 endpoint=3 completion=26 residual=1
xhci: cancel slot=5 endpoint=3 pending-events=0 first-type=0 iman=2 usbsts=0 erdp=5730bb60 dequeue=182 command-busy=0 irq-busy=0
xhci: cancelled request slot=5 endpoint=3 completion=26 residual=1
xhci: cancel slot=5 endpoint=3 pending-events=0 first-type=0 iman=2 usbsts=0 erdp=5730bbb0 dequeue=187 command-busy=0 irq-busy=0
xhci: cancelled request slot=5 endpoint=3 completion=26 residual=1
xhci: cancel slot=5 endpoint=3 pending-events=0 first-type=0 iman=2 usbsts=0 erdp=5730bc20 dequeue=194 command-busy=0 irq-busy=0
xhci: cancelled request slot=5 endpoint=3 completion=26 residual=1
xhci: cancel slot=5 endpoint=3 pending-events=0 first-type=0 iman=2 usbsts=0 erdp=5730bc70 dequeue=199 command-busy=0 irq-busy=0
xhci: cancelled request slot=5 endpoint=3 completion=26 residual=1
xhci: cancel slot=5 endpoint=3 pending-events=0 first-type=0 iman=2 usbsts=0 erdp=5730b000 dequeue=0 command-busy=0 irq-busy=0
xhci: cancelled request slot=5 endpoint=3 completion=26 residual=1
usb-hid-report: usb1 device 5 interface 0 length=40
usb-hid-report: usb1 device 5 interface 0 0000: 0c 00 01 05 01 00 d7 0e f3 09 00 00 00 00 00 00 00 00 00 00 00 00 00 00 00 00 00 00 00 00 00 00
usb-hid-report: usb1 device 5 interface 0 0020: 00 00 00 00 00 00 34 7f
usb-hid-report: usb1 device 5 interface 0 length=40
usb-hid-report: usb1 device 5 interface 0 0000: 0c 00 01 05 01 00 d7 0e f3 09 00 00 00 00 00 00 00 00 00 00 00 00 00 00 00 00 00 00 00 00 00 00
usb-hid-report: usb1 device 5 interface 0 0020: 00 00 00 00 00 00 98 7f
i915: perf: markers 22: wait 2.05 ms, run 0.01 ms
usb-hid-report: usb1 device 5 interface 0 length=40
i915: perf: 8534 ms: 5 presents (0.58/s), 23 submits, 17 batches | per submit ms: 29.90 (build 0.10, run 29.80, gpu 3.27) | per present ms: 69.65 (copy 0.87, publish 0.00, flip 0.31)
usb-hid-report: usb1 device 5 interface 0 0000: 0c 00 01 05 01 00 d7 0e f3 09 00 00 00 00 00 00 00 00 00 00 00 00 00 00 00 00 00 00 00 00 00 00
usb-hid-report: usb1 device 5 interface 0 0020: 00 00 00 00 00 00 fc 7f
usb-hid-report: usb1 device 5 interface 0 length=40
usb-hid-report: usb1 device 5 interface 0 0000: 0c 00 01 05 01 00 d7 0e f3 09 00 00 00 00 00 00 00 00 00 00 00 00 00 00 00 00 00 00 00 00 00 00
usb-hid-report: usb1 device 5 interface 0 0020: 00 00 00 00 00 00 60 80
usb-hid-report: usb1 device 5 interface 0 length=40
usb-hid-report: usb1 device 5 interface 0 0000: 0c 00 01 05 01 00 d7 0e f3 09 00 00 00 00 00 00 00 00 00 00 00 00 00 00 00 00 00 00 00 00 00 00
usb-hid-report: usb1 device 5 interface 0 0020: 00 00 00 00 00 00 c4 80
usb-hid-report: usb1 device 5 interface 0 length=40
usb-hid-report: usb1 device 5 interface 0 0000: 0c 00 01 05 01 00 23 0f f6 09 00 00 00 00 00 00 00 00 00 00 00 00 00 00 00 00 00 00 00 00 00 00
usb-hid-report: usb1 device 5 interface 0 0020: 00 00 00 00 00 00 28 81
usb-hid-report: usb1 device 5 interface 0 length=40
usb-hid-report: usb1 device 5 interface 0 0000: 0c 00 01 05 01 00 82 0f fc 09 00 00 00 00 00 00 00 00 00 00 00 00 00 00 00 00 00 00 00 00 00 00
usb-hid-report: usb1 device 5 interface 0 0020: 00 00 00 00 00 00 8c 81
usb-hid-report: usb1 device 5 interface 0 length=40
usb-hid-report: usb1 device 5 interface 0 0000: 0c 00 01 05 01 00 ee 0f 02 0a 00 00 00 00 00 00 00 00 00 00 00 00 00 00 00 00 00 00 00 00 00 00
usb-hid-report: usb1 device 5 interface 0 0020: 00 00 00 00 00 00 f0 81
usb-hid-report: usb1 device 5 interface 0 length=40
usb-hid-report: usb1 device 5 interface 0 0000: 0c 00 01 05 01 00 67 10 07 0a 00 00 00 00 00 00 00 00 00 00 00 00 00 00 00 00 00 00 00 00 00 00
usb-hid-report: usb1 device 5 interface 0 0020: 00 00 00 00 00 00 54 82
usb-hid-report: usb1 device 5 interface 0 length=40
usb-hid-report: usb1 device 5 interface 0 0000: 0c 00 01 05 01 00 dd 10 04 0a 00 00 00 00 00 00 00 00 00 00 00 00 00 00 00 00 00 00 00 00 00 00
usb-hid-report: usb1 device 5 interface 0 0020: 00 00 00 00 00 00 b8 82
xhci: cancel slot=5 endpoint=3 pending-events=0 first-type=0 iman=2 usbsts=0 erdp=5730b0f0 dequeue=15 command-busy=0 irq-busy=0
xhci: cancelled request slot=5 endpoint=3 completion=26 residual=1
usb-hid-report: usb1 device 5 interface 0 length=40
usb-hid-report: usb1 device 5 interface 0 0000: 0c 00 01 05 01 00 4d 11 ff 09 00 00 00 00 00 00 00 00 00 00 00 00 00 00 00 00 00 00 00 00 00 00
usb-hid-report: usb1 device 5 interface 0 0020: 00 00 00 00 00 00 1c 83
usb-hid-report: usb1 device 5 interface 0 length=40
usb-hid-report: usb1 device 5 interface 0 0000: 0c 00 01 05 01 00 c9 11 f5 09 00 00 00 00 00 00 00 00 00 00 00 00 00 00 00 00 00 00 00 00 00 00
usb-hid-report: usb1 device 5 interface 0 0020: 00 00 00 00 00 00 80 83
usb-hid-report: usb1 device 5 interface 0 length=40
usb-hid-report: usb1 device 5 interface 0 0000: 0c 00 01 05 01 00 3c 12 e8 09 00 00 00 00 00 00 00 00 00 00 00 00 00 00 00 00 00 00 00 00 00 00
usb-hid-report: usb1 device 5 interface 0 0020: 00 00 00 00 00 00 e4 83
usb-hid-report: usb1 device 5 interface 0 length=40
usb-hid-report: usb1 device 5 interface 0 0000: 0c 00 01 05 01 00 ba 12 d7 09 00 00 00 00 00 00 00 00 00 00 00 00 00 00 00 00 00 00 00 00 00 00
usb-hid-report: usb1 device 5 interface 0 0020: 00 00 00 00 00 00 48 84
usb-hid-report: usb1 device 5 interface 0 length=40
usb-hid-report: usb1 device 5 interface 0 0000: 0c 00 01 05 01 00 37 13 c7 09 00 00 00 00 00 00 00 00 00 00 00 00 00 00 00 00 00 00 00 00 00 00
usb-hid-report: usb1 device 5 interface 0 0020: 00 00 00 00 00 00 ac 84
usb-hid-report: usb1 device 5 interface 0 length=40
usb-hid-report: usb1 device 5 interface 0 0000: 0c 00 01 05 01 00 a9 13 b7 09 00 00 00 00 00 00 00 00 00 00 00 00 00 00 00 00 00 00 00 00 00 00
usb-hid-report: usb1 device 5 interface 0 0020: 00 00 00 00 00 00 10 85
usb-hid-report: usb1 device 5 interface 0 length=40
usb-hid-report: usb1 device 5 interface 0 0000: 0c 00 01 05 01 00 26 14 ab 09 00 00 00 00 00 00 00 00 00 00 00 00 00 00 00 00 00 00 00 00 00 00
usb-hid-report: usb1 device 5 interface 0 0020: 00 00 00 00 00 00 74 85
usb-hid-report: usb1 device 5 interface 0 length=40
usb-hid-report: usb1 device 5 interface 0 0000: 0c 00 01 05 01 00 94 14 a2 09 00 00 00 00 00 00 00 00 00 00 00 00 00 00 00 00 00 00 00 00 00 00
usb-hid-report: usb1 device 5 interface 0 0020: 00 00 00 00 00 00 d8 85
usb-hid-report: usb1 device 5 interface 0 length=40
usb-hid-report: usb1 device 5 interface 0 0000: 0c 00 01 05 01 00 0b 15 9e 09 00 00 00 00 00 00 00 00 00 00 00 00 00 00 00 00 00 00 00 00 00 00
usb-hid-report: usb1 device 5 interface 0 0020: 00 00 00 00 00 00 3c 86
usb-hid-report: usb1 device 5 interface 0 length=40
usb-hid-report: usb1 device 5 interface 0 0000: 0c 00 01 05 01 00 81 15 9e 09 00 00 00 00 00 00 00 00 00 00 00 00 00 00 00 00 00 00 00 00 00 00
usb-hid-report: usb1 device 5 interface 0 0020: 00 00 00 00 00 00 a0 86
usb-hid-report: usb1 device 5 interface 0 length=40
usb-hid-report: usb1 device 5 interface 0 0000: 0c 00 01 05 01 00 e8 15 a2 09 00 00 00 00 00 00 00 00 00 00 00 00 00 00 00 00 00 00 00 00 00 00
usb-hid-report: usb1 device 5 interface 0 0020: 00 00 00 00 00 00 04 87
usb-hid-report: usb1 device 5 interface 0 length=40
usb-hid-report: usb1 device 5 interface 0 0000: 0c 00 01 05 01 00 57 16 aa 09 00 00 00 00 00 00 00 00 00 00 00 00 00 00 00 00 00 00 00 00 00 00
usb-hid-report: usb1 device 5 interface 0 0020: 00 00 00 00 00 00 68 87
usb-hid-report: usb1 device 5 interface 0 length=40
usb-hid-report: usb1 device 5 interface 0 0000: 0c 00 01 05 01 00 b1 16 b3 09 00 00 00 00 00 00 00 00 00 00 00 00 00 00 00 00 00 00 00 00 00 00
usb-hid-report: usb1 device 5 interface 0 0020: 00 00 00 00 00 00 cc 87
usb-hid-report: usb1 device 5 interface 0 length=40
usb-hid-report: usb1 device 5 interface 0 0000: 0c 00 01 05 01 00 0a 17 bf 09 00 00 00 00 00 00 00 00 00 00 00 00 00 00 00 00 00 00 00 00 00 00
usb-hid-report: usb1 device 5 interface 0 0020: 00 00 00 00 00 00 30 88
usb-hid-report: usb1 device 5 interface 0 length=40
usb-hid-report: usb1 device 5 interface 0 0000: 0c 00 01 05 01 00 56 17 c9 09 00 00 00 00 00 00 00 00 00 00 00 00 00 00 00 00 00 00 00 00 00 00
usb-hid-report: usb1 device 5 interface 0 0020: 00 00 00 00 00 00 94 88
usb-hid-report: usb1 device 5 interface 0 length=40
usb-hid-report: usb1 device 5 interface 0 0000: 0c 00 01 05 01 00 95 17 d4 09 00 00 00 00 00 00 00 00 00 00 00 00 00 00 00 00 00 00 00 00 00 00
usb-hid-report: usb1 device 5 interface 0 0020: 00 00 00 00 00 00 f8 88
usb-hid-report: usb1 device 5 interface 0 length=40
usb-hid-report: usb1 device 5 interface 0 0000: 0c 00 01 05 01 00 d1 17 e0 09 00 00 00 00 00 00 00 00 00 00 00 00 00 00 00 00 00 00 00 00 00 00
usb-hid-report: usb1 device 5 interface 0 0020: 00 00 00 00 00 00 5c 89
usb-hid-report: usb1 device 5 interface 0 length=40
usb-hid-report: usb1 device 5 interface 0 0000: 0c 00 01 05 01 00 05 18 eb 09 00 00 00 00 00 00 00 00 00 00 00 00 00 00 00 00 00 00 00 00 00 00
usb-hid-report: usb1 device 5 interface 0 0020: 00 00 00 00 00 00 c0 89
usb-hid-report: usb1 device 5 interface 0 length=40
usb-hid-report: usb1 device 5 interface 0 0000: 0c 00 01 05 01 00 2f 18 f4 09 00 00 00 00 00 00 00 00 00 00 00 00 00 00 00 00 00 00 00 00 00 00
usb-hid-report: usb1 device 5 interface 0 0020: 00 00 00 00 00 00 24 8a
usb-hid-report: usb1 device 5 interface 0 length=40
usb-hid-report: usb1 device 5 interface 0 0000: 0c 00 01 05 01 00 51 18 fd 09 00 00 00 00 00 00 00 00 00 00 00 00 00 00 00 00 00 00 00 00 00 00
usb-hid-report: usb1 device 5 interface 0 0020: 00 00 00 00 00 00 88 8a
usb-hid-report: usb1 device 5 interface 0 length=40
usb-hid-report: usb1 device 5 interface 0 0000: 0c 00 01 05 01 00 6d 18 06 0a 00 00 00 00 00 00 00 00 00 00 00 00 00 00 00 00 00 00 00 00 00 00
usb-hid-report: usb1 device 5 interface 0 0020: 00 00 00 00 00 00 ec 8a
usb-hid-report: usb1 device 5 interface 0 length=40
usb-hid-report: usb1 device 5 interface 0 0000: 0c 00 01 05 01 00 84 18 0e 0a 00 00 00 00 00 00 00 00 00 00 00 00 00 00 00 00 00 00 00 00 00 00
usb-hid-report: usb1 device 5 interface 0 0020: 00 00 00 00 00 00 50 8b
usb-hid-report: usb1 device 5 interface 0 length=40
usb-hid-report: usb1 device 5 interface 0 0000: 0c 00 01 05 01 00 96 18 16 0a 00 00 00 00 00 00 00 00 00 00 00 00 00 00 00 00 00 00 00 00 00 00
usb-hid-report: usb1 device 5 interface 0 0020: 00 00 00 00 00 00 b4 8b
usb-hid-report: usb1 device 5 interface 0 length=40
usb-hid-report: usb1 device 5 interface 0 0000: 0c 00 01 05 01 00 a6 18 1e 0a 00 00 00 00 00 00 00 00 00 00 00 00 00 00 00 00 00 00 00 00 00 00
usb-hid-report: usb1 device 5 interface 0 0020: 00 00 00 00 00 00 18 8c
usb-hid-report: usb1 device 5 interface 0 length=40
usb-hid-report: usb1 device 5 interface 0 0000: 0c 00 01 05 01 00 b3 18 26 0a 00 00 00 00 00 00 00 00 00 00 00 00 00 00 00 00 00 00 00 00 00 00
usb-hid-report: usb1 device 5 interface 0 0020: 00 00 00 00 00 00 7c 8c
xhci: cancel slot=5 endpoint=3 pending-events=0 first-type=0 iman=2 usbsts=0 erdp=5730b2b0 dequeue=43 command-busy=0 irq-busy=0
usb-hid-report: usb1 device 5 interface 0 length=40
xhci: cancelled request slot=5 endpoint=3 completion=26 residual=1
usb-hid-report: usb1 device 5 interface 0 0000: 0c 00 01 05 01 00 be 18 2f 0a 00 00 00 00 00 00 00 00 00 00 00 00 00 00 00 00 00 00 00 00 00 00
usb-hid-report: usb1 device 5 interface 0 0020: 00 00 00 00 00 00 e0 8c
usb-hid-report: usb1 device 5 interface 0 length=40
usb-hid-report: usb1 device 5 interface 0 0000: 0c 00 01 05 01 00 c7 18 37 0a 00 00 00 00 00 00 00 00 00 00 00 00 00 00 00 00 00 00 00 00 00 00
usb-hid-report: usb1 device 5 interface 0 0020: 00 00 00 00 00 00 44 8d
usb-hid-report: usb1 device 5 interface 0 length=40
usb-hid-report: usb1 device 5 interface 0 0000: 0c 00 01 05 01 00 ce 18 3f 0a 00 00 00 00 00 00 00 00 00 00 00 00 00 00 00 00 00 00 00 00 00 00
usb-hid-report: usb1 device 5 interface 0 0020: 00 00 00 00 00 00 a8 8d
usb-hid-report: usb1 device 5 interface 0 length=40
usb-hid-report: usb1 device 5 interface 0 0000: 0c 00 01 05 01 00 d3 18 46 0a 00 00 00 00 00 00 00 00 00 00 00 00 00 00 00 00 00 00 00 00 00 00
usb-hid-report: usb1 device 5 interface 0 0020: 00 00 00 00 00 00 0c 8e
usb-hid-report: usb1 device 5 interface 0 length=40
usb-hid-report: usb1 device 5 interface 0 0000: 0c 00 01 05 01 00 d7 18 4d 0a 00 00 00 00 00 00 00 00 00 00 00 00 00 00 00 00 00 00 00 00 00 00
usb-hid-report: usb1 device 5 interface 0 0020: 00 00 00 00 00 00 70 8e
usb-hid-report: usb1 device 5 interface 0 length=40
usb-hid-report: usb1 device 5 interface 0 0000: 0c 00 01 05 01 00 da 18 54 0a 00 00 00 00 00 00 00 00 00 00 00 00 00 00 00 00 00 00 00 00 00 00
usb-hid-report: usb1 device 5 interface 0 0020: 00 00 00 00 00 00 d4 8e
usb-hid-report: usb1 device 5 interface 0 length=40
usb-hid-report: usb1 device 5 interface 0 0000: 0c 00 01 05 01 00 dc 18 5b 0a 00 00 00 00 00 00 00 00 00 00 00 00 00 00 00 00 00 00 00 00 00 00
usb-hid-report: usb1 device 5 interface 0 0020: 00 00 00 00 00 00 38 8f
usb-hid-report: usb1 device 5 interface 0 length=40
usb-hid-report: usb1 device 5 interface 0 0000: 0c 00 01 05 01 00 de 18 63 0a 00 00 00 00 00 00 00 00 00 00 00 00 00 00 00 00 00 00 00 00 00 00
usb-hid-report: usb1 device 5 interface 0 0020: 00 00 00 00 00 00 9c 8f
usb-hid-report: usb1 device 5 interface 0 length=40
usb-hid-report: usb1 device 5 interface 0 0000: 0c 00 01 05 01 00 df 18 6c 0a 00 00 00 00 00 00 00 00 00 00 00 00 00 00 00 00 00 00 00 00 00 00
usb-hid-report: usb1 device 5 interface 0 0020: 00 00 00 00 00 00 00 90
usb-hid-report: usb1 device 5 interface 0 length=40
usb-hid-report: usb1 device 5 interface 0 0000: 0c 00 01 05 01 00 e1 18 75 0a 00 00 00 00 00 00 00 00 00 00 00 00 00 00 00 00 00 00 00 00 00 00
usb-hid-report: usb1 device 5 interface 0 0020: 00 00 00 00 00 00 64 90
usb-hid-report: usb1 device 5 interface 0 length=40
usb-hid-report: usb1 device 5 interface 0 0000: 0c 00 01 05 01 00 e3 18 7e 0a 00 00 00 00 00 00 00 00 00 00 00 00 00 00 00 00 00 00 00 00 00 00
usb-hid-report: usb1 device 5 interface 0 0020: 00 00 00 00 00 00 c8 90
usb-hid-report: usb1 device 5 interface 0 length=40
usb-hid-report: usb1 device 5 interface 0 0000: 0c 00 01 05 01 00 e5 18 86 0a 00 00 00 00 00 00 00 00 00 00 00 00 00 00 00 00 00 00 00 00 00 00
usb-hid-report: usb1 device 5 interface 0 0020: 00 00 00 00 00 00 2c 91
usb-hid-report: usb1 device 5 interface 0 length=40
usb-hid-report: usb1 device 5 interface 0 0000: 0c 00 01 05 01 00 e7 18 8d 0a 00 00 00 00 00 00 00 00 00 00 00 00 00 00 00 00 00 00 00 00 00 00
usb-hid-report: usb1 device 5 interface 0 0020: 00 00 00 00 00 00 90 91
usb-hid-report: usb1 device 5 interface 0 length=40
usb-hid-report: usb1 device 5 interface 0 0000: 0c 00 01 05 01 00 e9 18 93 0a 00 00 00 00 00 00 00 00 00 00 00 00 00 00 00 00 00 00 00 00 00 00
usb-hid-report: usb1 device 5 interface 0 0020: 00 00 00 00 00 00 f4 91
usb-hid-report: usb1 device 5 interface 0 length=40
usb-hid-report: usb1 device 5 interface 0 0000: 0c 00 01 05 01 00 eb 18 98 0a 00 00 00 00 00 00 00 00 00 00 00 00 00 00 00 00 00 00 00 00 00 00
usb-hid-report: usb1 device 5 interface 0 0020: 00 00 00 00 00 00 58 92
usb-hid-report: usb1 device 5 interface 0 length=40
usb-hid-report: usb1 device 5 interface 0 0000: 0c 00 01 05 01 00 ed 18 9d 0a 00 00 00 00 00 00 00 00 00 00 00 00 00 00 00 00 00 00 00 00 00 00
usb-hid-report: usb1 device 5 interface 0 0020: 00 00 00 00 00 00 bc 92
usb-hid-report: usb1 device 5 interface 0 length=40
usb-hid-report: usb1 device 5 interface 0 0000: 0c 00 01 05 01 00 ef 18 a1 0a 00 00 00 00 00 00 00 00 00 00 00 00 00 00 00 00 00 00 00 00 00 00
usb-hid-report: usb1 device 5 interface 0 0020: 00 00 00 00 00 00 20 93
usb-hid-report: usb1 device 5 interface 0 length=40
usb-hid-report: usb1 device 5 interface 0 0000: 0c 00 01 05 01 00 f1 18 a5 0a 00 00 00 00 00 00 00 00 00 00 00 00 00 00 00 00 00 00 00 00 00 00
usb-hid-report: usb1 device 5 interface 0 0020: 00 00 00 00 00 00 84 93
usb-hid-report: usb1 device 5 interface 0 length=40
usb-hid-report: usb1 device 5 interface 0 0000: 0c 00 01 05 01 00 f3 18 a8 0a 00 00 00 00 00 00 00 00 00 00 00 00 00 00 00 00 00 00 00 00 00 00
usb-hid-report: usb1 device 5 interface 0 0020: 00 00 00 00 00 00 e8 93
usb-hid-report: usb1 device 5 interface 0 length=40
usb-hid-report: usb1 device 5 interface 0 0000: 0c 00 01 05 01 00 f5 18 ab 0a 00 00 00 00 00 00 00 00 00 00 00 00 00 00 00 00 00 00 00 00 00 00
usb-hid-report: usb1 device 5 interface 0 0020: 00 00 00 00 00 00 4c 94
usb-hid-report: usb1 device 5 interface 0 length=40
usb-hid-report: usb1 device 5 interface 0 0000: 0c 00 01 05 01 00 f7 18 ad 0a 00 00 00 00 00 00 00 00 00 00 00 00 00 00 00 00 00 00 00 00 00 00
usb-hid-report: usb1 device 5 interface 0 0020: 00 00 00 00 00 00 b0 94
usb-hid-report: usb1 device 5 interface 0 length=40
usb-hid-report: usb1 device 5 interface 0 0000: 0c 00 01 05 01 00 f9 18 af 0a 00 00 00 00 00 00 00 00 00 00 00 00 00 00 00 00 00 00 00 00 00 00
usb-hid-report: usb1 device 5 interface 0 0020: 00 00 00 00 00 00 14 95
usb-hid-report: usb1 device 5 interface 0 length=40
usb-hid-report: usb1 device 5 interface 0 0000: 0c 00 01 05 01 00 fb 18 b1 0a 00 00 00 00 00 00 00 00 00 00 00 00 00 00 00 00 00 00 00 00 00 00
usb-hid-report: usb1 device 5 interface 0 0020: 00 00 00 00 00 00 78 95
usb-hid-report: usb1 device 5 interface 0 length=40
usb-hid-report: usb1 device 5 interface 0 0000: 0c 00 01 05 01 00 fd 18 b2 0a 00 00 00 00 00 00 00 00 00 00 00 00 00 00 00 00 00 00 00 00 00 00
usb-hid-report: usb1 device 5 interface 0 0020: 00 00 00 00 00 00 dc 95
usb-hid-report: usb1 device 5 interface 0 length=40
usb-hid-report: usb1 device 5 interface 0 0000: 0c 00 01 05 01 00 ff 18 b3 0a 00 00 00 00 00 00 00 00 00 00 00 00 00 00 00 00 00 00 00 00 00 00
usb-hid-report: usb1 device 5 interface 0 0020: 00 00 00 00 00 00 40 96
usb-hid-report: usb1 device 5 interface 0 length=40
usb-hid-report: usb1 device 5 interface 0 0000: 0c 00 01 05 01 00 01 19 b4 0a 00 00 00 00 00 00 00 00 00 00 00 00 00 00 00 00 00 00 00 00 00 00
xhci: cancel slot=5 endpoint=3 pending-events=0 first-type=0 iman=2 usbsts=0 erdp=5730b4a0 dequeue=74 command-busy=0 irq-busy=0
usb-hid-report: usb1 device 5 interface 0 0020: 00 00 00 00 00 00 a4 96
xhci: cancelled request slot=5 endpoint=3 completion=26 residual=1
usb-hid-report: usb1 device 5 interface 0 length=40
usb-hid-report: usb1 device 5 interface 0 0000: 0c 00 01 05 01 00 03 19 b5 0a 00 00 00 00 00 00 00 00 00 00 00 00 00 00 00 00 00 00 00 00 00 00
usb-hid-report: usb1 device 5 interface 0 0020: 00 00 00 00 00 00 08 97
usb-hid-report: usb1 device 5 interface 0 length=40
usb-hid-report: usb1 device 5 interface 0 0000: 0c 00 01 05 01 00 05 19 b7 0a 00 00 00 00 00 00 00 00 00 00 00 00 00 00 00 00 00 00 00 00 00 00
usb-hid-report: usb1 device 5 interface 0 0020: 00 00 00 00 00 00 6c 97
usb-hid-report: usb1 device 5 interface 0 length=40
usb-hid-report: usb1 device 5 interface 0 0000: 0c 00 01 05 01 00 08 19 b9 0a 00 00 00 00 00 00 00 00 00 00 00 00 00 00 00 00 00 00 00 00 00 00
usb-hid-report: usb1 device 5 interface 0 0020: 00 00 00 00 00 00 d0 97
usb-hid-report: usb1 device 5 interface 0 length=40
usb-hid-report: usb1 device 5 interface 0 0000: 0c 00 01 05 01 00 0d 19 bc 0a 00 00 00 00 00 00 00 00 00 00 00 00 00 00 00 00 00 00 00 00 00 00
usb-hid-report: usb1 device 5 interface 0 0020: 00 00 00 00 00 00 34 98
usb-hid-report: usb1 device 5 interface 0 length=40
usb-hid-report: usb1 device 5 interface 0 0000: 0c 00 01 05 01 00 13 19 c1 0a 00 00 00 00 00 00 00 00 00 00 00 00 00 00 00 00 00 00 00 00 00 00
usb-hid-report: usb1 device 5 interface 0 0020: 00 00 00 00 00 00 98 98
usb-hid-report: usb1 device 5 interface 0 length=40
usb-hid-report: usb1 device 5 interface 0 0000: 0c 00 01 05 01 00 1a 19 c8 0a 00 00 00 00 00 00 00 00 00 00 00 00 00 00 00 00 00 00 00 00 00 00
usb-hid-report: usb1 device 5 interface 0 0020: 00 00 00 00 00 00 fc 98
usb-hid-report: usb1 device 5 interface 0 length=40
usb-hid-report: usb1 device 5 interface 0 0000: 0c 00 01 04 01 00 1a 19 c8 0a 00 00 00 00 00 00 00 00 00 00 00 00 00 00 00 00 00 00 00 00 00 00
usb-hid-report: usb1 device 5 interface 0 0020: 00 00 00 00 00 00 60 99
xhci: cancel slot=5 endpoint=3 pending-events=0 first-type=0 iman=2 usbsts=0 erdp=5730b540 dequeue=84 command-busy=0 irq-busy=0
xhci: cancelled request slot=5 endpoint=3 completion=26 residual=1
xhci: cancel slot=5 endpoint=3 pending-events=0 first-type=0 iman=2 usbsts=0 erdp=5730b590 dequeue=89 command-busy=0 irq-busy=0
xhci: cancelled request slot=5 endpoint=3 completion=26 residual=1
xhci: cancel slot=5 endpoint=3 pending-events=0 first-type=0 iman=2 usbsts=0 erdp=5730b660 dequeue=102 command-busy=0 irq-busy=0
xhci: cancelled request slot=5 endpoint=3 completion=26 residual=1
xhci: cancel slot=5 endpoint=3 pending-events=0 first-type=0 iman=2 usbsts=0 erdp=5730b730 dequeue=115 command-busy=0 irq-busy=0
xhci: cancelled request slot=5 endpoint=3 completion=26 residual=1
usb-hid-report: usb1 device 5 interface 0 length=40
usb-hid-report: usb1 device 5 interface 0 0000: 0c 00 01 05 01 00 9a 1f 42 14 00 00 00 00 00 00 00 00 00 00 00 00 00 00 00 00 00 00 00 00 00 00
usb-hid-report: usb1 device 5 interface 0 0020: 00 00 00 00 00 00 38 c1
usb-hid-report: usb1 device 5 interface 0 length=40
usb-hid-report: usb1 device 5 interface 0 0000: 0c 00 01 05 01 00 9a 1f 42 14 00 00 00 00 00 00 00 00 00 00 00 00 00 00 00 00 00 00 00 00 00 00
usb-hid-report: usb1 device 5 interface 0 0020: 00 00 00 00 00 00 9c c1
usb-hid-report: usb1 device 5 interface 0 length=40
usb-hid-report: usb1 device 5 interface 0 0000: 0c 00 01 05 01 00 9a 1f 42 14 00 00 00 00 00 00 00 00 00 00 00 00 00 00 00 00 00 00 00 00 00 00
usb-hid-report: usb1 device 5 interface 0 0020: 00 00 00 00 00 00 00 c2
usb-hid-report: usb1 device 5 interface 0 length=40
usb-hid-report: usb1 device 5 interface 0 0000: 0c 00 01 05 01 00 9a 1f 42 14 00 00 00 00 00 00 00 00 00 00 00 00 00 00 00 00 00 00 00 00 00 00
usb-hid-report: usb1 device 5 interface 0 0020: 00 00 00 00 00 00 64 c2
usb-hid-report: usb1 device 5 interface 0 length=40
usb-hid-report: usb1 device 5 interface 0 0000: 0c 00 01 05 01 00 9a 1f 42 14 00 00 00 00 00 00 00 00 00 00 00 00 00 00 00 00 00 00 00 00 00 00
usb-hid-report: usb1 device 5 interface 0 0020: 00 00 00 00 00 00 c8 c2
usb-hid-report: usb1 device 5 interface 0 length=40
usb-hid-report: usb1 device 5 interface 0 0000: 0c 00 01 05 01 00 9a 1f 42 14 00 00 00 00 00 00 00 00 00 00 00 00 00 00 00 00 00 00 00 00 00 00
usb-hid-report: usb1 device 5 interface 0 0020: 00 00 00 00 00 00 2c c3
usb-hid-report: usb1 device 5 interface 0 length=40
usb-hid-report: usb1 device 5 interface 0 0000: 0c 00 01 05 01 00 9a 1f 42 14 00 00 00 00 00 00 00 00 00 00 00 00 00 00 00 00 00 00 00 00 00 00
usb-hid-report: usb1 device 5 interface 0 0020: 00 00 00 00 00 00 90 c3
usb-hid-report: usb1 device 5 interface 0 length=40
usb-hid-report: usb1 device 5 interface 0 0000: 0c 00 01 04 01 00 9a 1f 42 14 00 00 00 00 00 00 00 00 00 00 00 00 00 00 00 00 00 00 00 00 00 00
usb-hid-report: usb1 device 5 interface 0 0020: 00 00 00 00 00 00 f4 c3
xhci: cancel slot=5 endpoint=3 pending-events=0 first-type=0 iman=2 usbsts=0 erdp=5730b7e0 dequeue=126 command-busy=0 irq-busy=0
xhci: cancelled request slot=5 endpoint=3 completion=26 residual=1
xhci: cancel slot=5 endpoint=3 pending-events=0 first-type=0 iman=2 usbsts=0 erdp=5730b830 dequeue=131 command-busy=0 irq-busy=0
xhci: cancelled request slot=5 endpoint=3 completion=26 residual=1
usb-hid-report: usb1 device 5 interface 0 length=40
usb-hid-report: usb1 device 5 interface 0 0000: 0c 00 01 05 01 00 a6 1f 15 14 00 00 00 00 00 00 00 00 00 00 00 00 00 00 00 00 00 00 00 00 00 00
usb-hid-report: usb1 device 5 interface 0 0020: 00 00 00 00 00 00 ec d5
usb-hid-report: usb1 device 5 interface 0 length=40
usb-hid-report: usb1 device 5 interface 0 0000: 0c 00 01 05 01 00 a6 1f 15 14 00 00 00 00 00 00 00 00 00 00 00 00 00 00 00 00 00 00 00 00 00 00
usb-hid-report: usb1 device 5 interface 0 0020: 00 00 00 00 00 00 50 d6
usb-hid-report: usb1 device 5 interface 0 length=40
usb-hid-report: usb1 device 5 interface 0 0000: 0c 00 01 05 01 00 a6 1f 15 14 00 00 00 00 00 00 00 00 00 00 00 00 00 00 00 00 00 00 00 00 00 00
usb-hid-report: usb1 device 5 interface 0 0020: 00 00 00 00 00 00 b4 d6
usb-hid-report: usb1 device 5 interface 0 length=40
usb-hid-report: usb1 device 5 interface 0 0000: 0c 00 01 05 01 00 a6 1f 15 14 00 00 00 00 00 00 00 00 00 00 00 00 00 00 00 00 00 00 00 00 00 00
usb-hid-report: usb1 device 5 interface 0 0020: 00 00 00 00 00 00 18 d7
usb-hid-report: usb1 device 5 interface 0 length=40
usb-hid-report: usb1 device 5 interface 0 0000: 0c 00 01 05 01 00 a6 1f 15 14 00 00 00 00 00 00 00 00 00 00 00 00 00 00 00 00 00 00 00 00 00 00
usb-hid-report: usb1 device 5 interface 0 0020: 00 00 00 00 00 00 7c d7
usb-hid-report: usb1 device 5 interface 0 length=40
usb-hid-report: usb1 device 5 interface 0 0000: 0c 00 01 05 01 00 a6 1f 15 14 00 00 00 00 00 00 00 00 00 00 00 00 00 00 00 00 00 00 00 00 00 00
usb-hid-report: usb1 device 5 interface 0 0020: 00 00 00 00 00 00 e0 d7
usb-hid-report: usb1 device 5 interface 0 length=40
usb-hid-report: usb1 device 5 interface 0 0000: 0c 00 01 05 01 00 a6 1f 15 14 00 00 00 00 00 00 00 00 00 00 00 00 00 00 00 00 00 00 00 00 00 00
usb-hid-report: usb1 device 5 interface 0 0020: 00 00 00 00 00 00 44 d8
usb-hid-report: usb1 device 5 interface 0 length=40
usb-hid-report: usb1 device 5 interface 0 0000: 0c 00 01 05 01 00 a6 1f 15 14 00 00 00 00 00 00 00 00 00 00 00 00 00 00 00 00 00 00 00 00 00 00
usb-hid-report: usb1 device 5 interface 0 0020: 00 00 00 00 00 00 a8 d8
usb-hid-report: usb1 device 5 interface 0 length=40
usb-hid-report: usb1 device 5 interface 0 0000: 0c 00 01 05 01 00 a6 1f 15 14 00 00 00 00 00 00 00 00 00 00 00 00 00 00 00 00 00 00 00 00 00 00
usb-hid-report: usb1 device 5 interface 0 0020: 00 00 00 00 00 00 0c d9
usb-hid-report: usb1 device 5 interface 0 length=40
usb-hid-report: usb1 device 5 interface 0 0000: 0c 00 01 04 01 00 a6 1f 15 14 00 00 00 00 00 00 00 00 00 00 00 00 00 00 00 00 00 00 00 00 00 00
usb-hid-report: usb1 device 5 interface 0 0020: 00 00 00 00 00 00 70 d9
xhci: cancel slot=5 endpoint=3 pending-events=0 first-type=0 iman=2 usbsts=0 erdp=5730b900 dequeue=144 command-busy=0 irq-busy=0
xhci: cancelled request slot=5 endpoint=3 completion=26 residual=1
usb-hid-report: usb1 device 5 interface 0 length=40
usb-hid-report: usb1 device 5 interface 0 0000: 0c 00 01 05 01 00 97 1f 91 14 00 00 00 00 00 00 00 00 00 00 00 00 00 00 00 00 00 00 00 00 00 00
usb-hid-report: usb1 device 5 interface 0 0020: 00 00 00 00 00 00 b0 df
usb-hid-report: usb1 device 5 interface 0 length=40
usb-hid-report: usb1 device 5 interface 0 0000: 0c 00 01 05 01 00 97 1f 91 14 00 00 00 00 00 00 00 00 00 00 00 00 00 00 00 00 00 00 00 00 00 00
usb-hid-report: usb1 device 5 interface 0 0020: 00 00 00 00 00 00 14 e0
usb-hid-report: usb1 device 5 interface 0 length=40
usb-hid-report: usb1 device 5 interface 0 0000: 0c 00 01 05 01 00 97 1f 91 14 00 00 00 00 00 00 00 00 00 00 00 00 00 00 00 00 00 00 00 00 00 00
usb-hid-report: usb1 device 5 interface 0 0020: 00 00 00 00 00 00 78 e0
usb-hid-report: usb1 device 5 interface 0 length=40
usb-hid-report: usb1 device 5 interface 0 0000: 0c 00 01 05 01 00 97 1f 91 14 00 00 00 00 00 00 00 00 00 00 00 00 00 00 00 00 00 00 00 00 00 00
usb-hid-report: usb1 device 5 interface 0 0020: 00 00 00 00 00 00 dc e0
usb-hid-report: usb1 device 5 interface 0 length=40
usb-hid-report: usb1 device 5 interface 0 0000: 0c 00 01 05 01 00 97 1f 91 14 00 00 00 00 00 00 00 00 00 00 00 00 00 00 00 00 00 00 00 00 00 00
usb-hid-report: usb1 device 5 interface 0 0020: 00 00 00 00 00 00 40 e1
usb-hid-report: usb1 device 5 interface 0 length=40
usb-hid-report: usb1 device 5 interface 0 0000: 0c 00 01 05 01 00 97 1f 91 14 00 00 00 00 00 00 00 00 00 00 00 00 00 00 00 00 00 00 00 00 00 00
usb-hid-report: usb1 device 5 interface 0 0020: 00 00 00 00 00 00 a4 e1
usb-hid-report: usb1 device 5 interface 0 length=40
usb-hid-report: usb1 device 5 interface 0 0000: 0c 00 01 05 01 00 97 1f 91 14 00 00 00 00 00 00 00 00 00 00 00 00 00 00 00 00 00 00 00 00 00 00
usb-hid-report: usb1 device 5 interface 0 0020: 00 00 00 00 00 00 08 e2
usb-hid-report: usb1 device 5 interface 0 length=40
usb-hid-report: usb1 device 5 interface 0 0000: 0c 00 01 05 01 00 97 1f 91 14 00 00 00 00 00 00 00 00 00 00 00 00 00 00 00 00 00 00 00 00 00 00
usb-hid-report: usb1 device 5 interface 0 0020: 00 00 00 00 00 00 6c e2
usb-hid-report: usb1 device 5 interface 0 length=40
usb-hid-report: usb1 device 5 interface 0 0000: 0c 00 01 04 01 00 97 1f 91 14 00 00 00 00 00 00 00 00 00 00 00 00 00 00 00 00 00 00 00 00 00 00
usb-hid-report: usb1 device 5 interface 0 0020: 00 00 00 00 00 00 d0 e2
xhci: cancel slot=5 endpoint=3 pending-events=0 first-type=0 iman=2 usbsts=0 erdp=5730b9e0 dequeue=158 command-busy=0 irq-busy=0
xhci: cancelled request slot=5 endpoint=3 completion=26 residual=1
xhci: cancel slot=5 endpoint=3 pending-events=0 first-type=0 iman=2 usbsts=0 erdp=5730ba10 dequeue=161 command-busy=0 irq-busy=0
xhci: cancelled request slot=5 endpoint=3 completion=26 residual=1
usb-hid-report: usb1 device 5 interface 0 length=40
usb-hid-report: usb1 device 5 interface 0 0000: 0c 00 01 05 01 00 ad 1f 57 14 00 00 00 00 00 00 00 00 00 00 00 00 00 00 00 00 00 00 00 00 00 00
usb-hid-report: usb1 device 5 interface 0 0020: 00 00 00 00 00 00 b4 ef
usb-hid-report: usb1 device 5 interface 0 length=40
usb-hid-report: usb1 device 5 interface 0 0000: 0c 00 01 05 01 00 ad 1f 57 14 00 00 00 00 00 00 00 00 00 00 00 00 00 00 00 00 00 00 00 00 00 00
usb-hid-report: usb1 device 5 interface 0 0020: 00 00 00 00 00 00 18 f0
usb-hid-report: usb1 device 5 interface 0 length=40
usb-hid-report: usb1 device 5 interface 0 0000: 0c 00 01 05 01 00 ad 1f 57 14 00 00 00 00 00 00 00 00 00 00 00 00 00 00 00 00 00 00 00 00 00 00
usb-hid-report: usb1 device 5 interface 0 0020: 00 00 00 00 00 00 7c f0
usb-hid-report: usb1 device 5 interface 0 length=40
usb-hid-report: usb1 device 5 interface 0 0000: 0c 00 01 05 01 00 ad 1f 57 14 00 00 00 00 00 00 00 00 00 00 00 00 00 00 00 00 00 00 00 00 00 00
usb-hid-report: usb1 device 5 interface 0 0020: 00 00 00 00 00 00 e0 f0
usb-hid-report: usb1 device 5 interface 0 length=40
usb-hid-report: usb1 device 5 interface 0 0000: 0c 00 01 05 01 00 ad 1f 57 14 00 00 00 00 00 00 00 00 00 00 00 00 00 00 00 00 00 00 00 00 00 00
usb-hid-report: usb1 device 5 interface 0 0020: 00 00 00 00 00 00 44 f1
usb-hid-report: usb1 device 5 interface 0 length=40
usb-hid-report: usb1 device 5 interface 0 0000: 0c 00 01 05 01 00 ad 1f 57 14 00 00 00 00 00 00 00 00 00 00 00 00 00 00 00 00 00 00 00 00 00 00
usb-hid-report: usb1 device 5 interface 0 0020: 00 00 00 00 00 00 a8 f1
usb-hid-report: usb1 device 5 interface 0 length=40
usb-hid-report: usb1 device 5 interface 0 0000: 0c 00 01 05 01 00 ad 1f 57 14 00 00 00 00 00 00 00 00 00 00 00 00 00 00 00 00 00 00 00 00 00 00
usb-hid-report: usb1 device 5 interface 0 0020: 00 00 00 00 00 00 0c f2
usb-hid-report: usb1 device 5 interface 0 length=40
usb-hid-report: usb1 device 5 interface 0 0000: 0c 00 01 05 01 00 ad 1f 57 14 00 00 00 00 00 00 00 00 00 00 00 00 00 00 00 00 00 00 00 00 00 00
usb-hid-report: usb1 device 5 interface 0 0020: 00 00 00 00 00 00 70 f2
usb-hid-report: usb1 device 5 interface 0 length=40
usb-hid-report: usb1 device 5 interface 0 0000: 0c 00 01 05 01 00 ad 1f 57 14 00 00 00 00 00 00 00 00 00 00 00 00 00 00 00 00 00 00 00 00 00 00
usb-hid-report: usb1 device 5 interface 0 0020: 00 00 00 00 00 00 d4 f2
usb-hid-report: usb1 device 5 interface 0 length=40
usb-hid-report: usb1 device 5 interface 0 0000: 0c 00 01 05 01 00 ad 1f 57 14 00 00 00 00 00 00 00 00 00 00 00 00 00 00 00 00 00 00 00 00 00 00
usb-hid-report: usb1 device 5 interface 0 0020: 00 00 00 00 00 00 38 f3
usb-hid-report: usb1 device 5 interface 0 length=40
usb-hid-report: usb1 device 5 interface 0 0000: 0c 00 01 05 01 00 ad 1f 57 14 00 00 00 00 00 00 00 00 00 00 00 00 00 00 00 00 00 00 00 00 00 00
usb-hid-report: usb1 device 5 interface 0 0020: 00 00 00 00 00 00 9c f3
usb-hid-report: usb1 device 5 interface 0 length=40
usb-hid-report: usb1 device 5 interface 0 0000: 0c 00 01 04 01 00 ad 1f 57 14 00 00 00 00 00 00 00 00 00 00 00 00 00 00 00 00 00 00 00 00 00 00
usb-hid-report: usb1 device 5 interface 0 0020: 00 00 00 00 00 00 00 f4
usb-hid-report: usb1 device 5 interface 0 length=40
usb-hid-report: usb1 device 5 interface 0 0000: 0c 00 01 05 01 00 91 1f 7a 14 00 00 00 00 00 00 00 00 00 00 00 00 00 00 00 00 00 00 00 00 00 00
usb-hid-report: usb1 device 5 interface 0 0020: 00 00 00 00 00 00 4c f8
usb-hid-report: usb1 device 5 interface 0 length=40
usb-hid-report: usb1 device 5 interface 0 0000: 0c 00 01 05 01 00 91 1f 7a 14 00 00 00 00 00 00 00 00 00 00 00 00 00 00 00 00 00 00 00 00 00 00
usb-hid-report: usb1 device 5 interface 0 0020: 00 00 00 00 00 00 b0 f8
usb-hid-report: usb1 device 5 interface 0 length=40
usb-hid-report: usb1 device 5 interface 0 0000: 0c 00 01 05 01 00 91 1f 7a 14 00 00 00 00 00 00 00 00 00 00 00 00 00 00 00 00 00 00 00 00 00 00
usb-hid-report: usb1 device 5 interface 0 0020: 00 00 00 00 00 00 14 f9
xhci: cancel slot=5 endpoint=3 pending-events=0 first-type=0 iman=2 usbsts=0 erdp=5730bec0 dequeue=236 command-busy=0 irq-busy=0
xhci: cancelled request slot=5 endpoint=3 completion=26 residual=1
usb-hid-report: usb1 device 5 interface 0 length=40
usb-hid-report: usb1 device 5 interface 0 0000: 0c 00 01 05 01 00 91 1f 7a 14 00 00 00 00 00 00 00 00 00 00 00 00 00 00 00 00 00 00 00 00 00 00
usb-hid-report: usb1 device 5 interface 0 0020: 00 00 00 00 00 00 78 f9
usb-hid-report: usb1 device 5 interface 0 length=40
usb-hid-report: usb1 device 5 interface 0 0000: 0c 00 01 05 01 00 91 1f 7a 14 00 00 00 00 00 00 00 00 00 00 00 00 00 00 00 00 00 00 00 00 00 00
usb-hid-report: usb1 device 5 interface 0 0020: 00 00 00 00 00 00 dc f9
usb-hid-report: usb1 device 5 interface 0 length=40
usb-hid-report: usb1 device 5 interface 0 0000: 0c 00 01 05 01 00 91 1f 7a 14 00 00 00 00 00 00 00 00 00 00 00 00 00 00 00 00 00 00 00 00 00 00
usb-hid-report: usb1 device 5 interface 0 0020: 00 00 00 00 00 00 40 fa
usb-hid-report: usb1 device 5 interface 0 length=40
usb-hid-report: usb1 device 5 interface 0 0000: 0c 00 01 05 01 00 91 1f 7a 14 00 00 00 00 00 00 00 00 00 00 00 00 00 00 00 00 00 00 00 00 00 00
usb-hid-report: usb1 device 5 interface 0 0020: 00 00 00 00 00 00 a4 fa
usb-hid-report: usb1 device 5 interface 0 length=40
usb-hid-report: usb1 device 5 interface 0 0000: 0c 00 01 05 01 00 84 1f 5c 14 00 00 00 00 00 00 00 00 00 00 00 00 00 00 00 00 00 00 00 00 00 00
usb-hid-report: usb1 device 5 interface 0 0020: 00 00 00 00 00 00 08 fb
usb-hid-report: usb1 device 5 interface 0 length=40
usb-hid-report: usb1 device 5 interface 0 0000: 0c 00 01 05 01 00 7e 1f 3d 14 00 00 00 00 00 00 00 00 00 00 00 00 00 00 00 00 00 00 00 00 00 00
usb-hid-report: usb1 device 5 interface 0 0020: 00 00 00 00 00 00 6c fb
usb-hid-report: usb1 device 5 interface 0 length=40
usb-hid-report: usb1 device 5 interface 0 0000: 0c 00 01 04 01 00 7e 1f 3d 14 00 00 00 00 00 00 00 00 00 00 00 00 00 00 00 00 00 00 00 00 00 00
usb-hid-report: usb1 device 5 interface 0 0020: 00 00 00 00 00 00 d0 fb
xhci: cancel slot=5 endpoint=3 pending-events=0 first-type=0 iman=2 usbsts=0 erdp=5730bfa0 dequeue=250 command-busy=0 irq-busy=0
xhci: cancelled request slot=5 endpoint=3 completion=26 residual=1
xhci: cancel slot=5 endpoint=3 pending-events=0 first-type=0 iman=2 usbsts=0 erdp=5730bff0 dequeue=255 command-busy=0 irq-busy=0
xhci: cancelled request slot=5 endpoint=3 completion=26 residual=1
xhci: cancel slot=5 endpoint=3 pending-events=0 first-type=0 iman=2 usbsts=0 erdp=5730b020 dequeue=2 command-busy=0 irq-busy=0
xhci: cancelled request slot=5 endpoint=3 completion=26 residual=1
usb-hid-report: usb1 device 5 interface 0 length=40
usb-hid-report: usb1 device 5 interface 0 0000: 0c 00 01 05 01 00 c4 15 95 03 00 00 00 00 00 00 00 00 00 00 00 00 00 00 00 00 00 00 00 00 00 00
usb-hid-report: usb1 device 5 interface 0 0020: 00 00 00 00 00 00 74 1b
usb-hid-report: usb1 device 5 interface 0 length=40
usb-hid-report: usb1 device 5 interface 0 0000: 0c 00 01 05 01 00 c4 15 95 03 00 00 00 00 00 00 00 00 00 00 00 00 00 00 00 00 00 00 00 00 00 00
usb-hid-report: usb1 device 5 interface 0 0020: 00 00 00 00 00 00 d8 1b
usb-hid-report: usb1 device 5 interface 0 length=40
usb-hid-report: usb1 device 5 interface 0 0000: 0c 00 01 05 01 00 c4 15 95 03 00 00 00 00 00 00 00 00 00 00 00 00 00 00 00 00 00 00 00 00 00 00
usb-hid-report: usb1 device 5 interface 0 0020: 00 00 00 00 00 00 3c 1c
usb-hid-report: usb1 device 5 interface 0 length=40
usb-hid-report: usb1 device 5 interface 0 0000: 0c 00 01 05 01 00 c4 15 95 03 00 00 00 00 00 00 00 00 00 00 00 00 00 00 00 00 00 00 00 00 00 00
usb-hid-report: usb1 device 5 interface 0 0020: 00 00 00 00 00 00 a0 1c
usb-hid-report: usb1 device 5 interface 0 length=40
usb-hid-report: usb1 device 5 interface 0 0000: 0c 00 01 05 01 00 c4 15 95 03 00 00 00 00 00 00 00 00 00 00 00 00 00 00 00 00 00 00 00 00 00 00
usb-hid-report: usb1 device 5 interface 0 0020: 00 00 00 00 00 00 04 1d
usb-hid-report: usb1 device 5 interface 0 length=40
usb-hid-report: usb1 device 5 interface 0 0000: 0c 00 01 05 01 00 c4 15 95 03 00 00 00 00 00 00 00 00 00 00 00 00 00 00 00 00 00 00 00 00 00 00
usb-hid-report: usb1 device 5 interface 0 0020: 00 00 00 00 00 00 68 1d
usb-hid-report: usb1 device 5 interface 0 length=40
usb-hid-report: usb1 device 5 interface 0 0000: 0c 00 01 05 01 00 c4 15 95 03 00 00 00 00 00 00 00 00 00 00 00 00 00 00 00 00 00 00 00 00 00 00
usb-hid-report: usb1 device 5 interface 0 0020: 00 00 00 00 00 00 cc 1d
usb-hid-report: usb1 device 5 interface 0 length=40
usb-hid-report: usb1 device 5 interface 0 0000: 0c 00 01 05 01 00 c4 15 95 03 00 00 00 00 00 00 00 00 00 00 00 00 00 00 00 00 00 00 00 00 00 00
usb-hid-report: usb1 device 5 interface 0 0020: 00 00 00 00 00 00 30 1e
usb-hid-report: usb1 device 5 interface 0 length=40
usb-hid-report: usb1 device 5 interface 0 0000: 0c 00 01 05 01 00 c4 15 95 03 00 00 00 00 00 00 00 00 00 00 00 00 00 00 00 00 00 00 00 00 00 00
usb-hid-report: usb1 device 5 interface 0 0020: 00 00 00 00 00 00 94 1e
usb-hid-report: usb1 device 5 interface 0 length=40
usb-hid-report: usb1 device 5 interface 0 0000: 0c 00 01 05 01 00 c4 15 95 03 00 00 00 00 00 00 00 00 00 00 00 00 00 00 00 00 00 00 00 00 00 00
usb-hid-report: usb1 device 5 interface 0 0020: 00 00 00 00 00 00 f8 1e
usb-hid-report: usb1 device 5 interface 0 length=40
usb-hid-report: usb1 device 5 interface 0 0000: 0c 00 01 05 01 00 c4 15 95 03 00 00 00 00 00 00 00 00 00 00 00 00 00 00 00 00 00 00 00 00 00 00
usb-hid-report: usb1 device 5 interface 0 0020: 00 00 00 00 00 00 5c 1f
usb-hid-report: usb1 device 5 interface 0 length=40
usb-hid-report: usb1 device 5 interface 0 0000: 0c 00 01 04 01 00 c4 15 95 03 00 00 00 00 00 00 00 00 00 00 00 00 00 00 00 00 00 00 00 00 00 00
usb-hid-report: usb1 device 5 interface 0 0020: 00 00 00 00 00 00 c0 1f
i915: resident shim: ring rewound (idle context)
xhci: cancel slot=5 endpoint=3 pending-events=0 first-type=0 iman=2 usbsts=0 erdp=5730b130 dequeue=19 command-busy=0 irq-busy=0
xhci: cancelled request slot=5 endpoint=3 completion=26 residual=1
usb-hid-report: usb1 device 5 interface 0 length=40
usb-hid-report: usb1 device 5 interface 0 0000: 0c 00 01 05 01 00 58 15 51 03 00 00 00 00 00 00 00 00 00 00 00 00 00 00 00 00 00 00 00 00 00 00
usb-hid-report: usb1 device 5 interface 0 0020: 00 00 00 00 00 00 44 23
usb-hid-report: usb1 device 5 interface 0 length=40
usb-hid-report: usb1 device 5 interface 0 0000: 0c 00 01 05 01 00 58 15 51 03 00 00 00 00 00 00 00 00 00 00 00 00 00 00 00 00 00 00 00 00 00 00
usb-hid-report: usb1 device 5 interface 0 0020: 00 00 00 00 00 00 a8 23
usb-hid-report: usb1 device 5 interface 0 length=40
usb-hid-report: usb1 device 5 interface 0 0000: 0c 00 01 05 01 00 58 15 51 03 00 00 00 00 00 00 00 00 00 00 00 00 00 00 00 00 00 00 00 00 00 00
usb-hid-report: usb1 device 5 interface 0 0020: 00 00 00 00 00 00 0c 24
usb-hid-report: usb1 device 5 interface 0 length=40
usb-hid-report: usb1 device 5 interface 0 0000: 0c 00 01 05 01 00 58 15 51 03 00 00 00 00 00 00 00 00 00 00 00 00 00 00 00 00 00 00 00 00 00 00
usb-hid-report: usb1 device 5 interface 0 0020: 00 00 00 00 00 00 70 24
usb-hid-report: usb1 device 5 interface 0 length=40
usb-hid-report: usb1 device 5 interface 0 0000: 0c 00 01 05 01 00 58 15 51 03 00 00 00 00 00 00 00 00 00 00 00 00 00 00 00 00 00 00 00 00 00 00
usb-hid-report: usb1 device 5 interface 0 0020: 00 00 00 00 00 00 d4 24
usb-hid-report: usb1 device 5 interface 0 length=40
usb-hid-report: usb1 device 5 interface 0 0000: 0c 00 01 05 01 00 58 15 51 03 00 00 00 00 00 00 00 00 00 00 00 00 00 00 00 00 00 00 00 00 00 00
usb-hid-report: usb1 device 5 interface 0 0020: 00 00 00 00 00 00 38 25
usb-hid-report: usb1 device 5 interface 0 length=40
usb-hid-report: usb1 device 5 interface 0 0000: 0c 00 01 05 01 00 58 15 51 03 00 00 00 00 00 00 00 00 00 00 00 00 00 00 00 00 00 00 00 00 00 00
usb-hid-report: usb1 device 5 interface 0 0020: 00 00 00 00 00 00 9c 25
usb-hid-report: usb1 device 5 interface 0 length=40
usb-hid-report: usb1 device 5 interface 0 0000: 0c 00 01 04 01 00 58 15 51 03 00 00 00 00 00 00 00 00 00 00 00 00 00 00 00 00 00 00 00 00 00 00
usb-hid-report: usb1 device 5 interface 0 0020: 00 00 00 00 00 00 00 26
i915: vk: an object (kind 18) was destroyed before what names it: 0 views, 0 descriptor sets, 0 framebuffers and 1 command buffers let go of it
i915: vk: an object (kind 8) was destroyed before what names it: 0 views, 0 descriptor sets, 0 framebuffers and 1 command buffers let go of it
i915: vk: an object (kind 9) was destroyed before what names it: 0 views, 1 descriptor sets, 0 framebuffers and 0 command buffers let go of it
i915: vk: an object (kind 9) was destroyed before what names it: 0 views, 2 descriptor sets, 0 framebuffers and 0 command buffers let go of it
i915: vk: an object (kind 9) was destroyed before what names it: 0 views, 2 descriptor sets, 0 framebuffers and 0 command buffers let go of it
i915: vk: an object (kind 9) was destroyed before what names it: 0 views, 2 descriptor sets, 0 framebuffers and 0 command buffers let go of it
xhci: cancel slot=5 endpoint=3 pending-events=0 first-type=0 iman=2 usbsts=0 erdp=5730b1e0 dequeue=30 command-busy=0 irq-busy=0
xhci: cancelled request slot=5 endpoint=3 completion=26 residual=1
usb-hid-report: usb1 device 5 interface 0 length=40
usb-hid-report: usb1 device 5 interface 0 0000: 0c 00 01 05 01 00 e1 14 79 03 00 00 00 00 00 00 00 00 00 00 00 00 00 00 00 00 00 00 00 00 00 00
usb-hid-report: usb1 device 5 interface 0 0020: 00 00 00 00 00 00 dc 2b
usb-hid-report: usb1 device 5 interface 0 length=40
usb-hid-report: usb1 device 5 interface 0 0000: 0c 00 01 05 01 00 e1 14 79 03 00 00 00 00 00 00 00 00 00 00 00 00 00 00 00 00 00 00 00 00 00 00
usb-hid-report: usb1 device 5 interface 0 0020: 00 00 00 00 00 00 40 2c
usb-hid-report: usb1 device 5 interface 0 length=40
usb-hid-report: usb1 device 5 interface 0 0000: 0c 00 01 05 01 00 e1 14 79 03 00 00 00 00 00 00 00 00 00 00 00 00 00 00 00 00 00 00 00 00 00 00
usb-hid-report: usb1 device 5 interface 0 0020: 00 00 00 00 00 00 a4 2c
usb-hid-report: usb1 device 5 interface 0 length=40
usb-hid-report: usb1 device 5 interface 0 0000: 0c 00 01 05 01 00 e1 14 79 03 00 00 00 00 00 00 00 00 00 00 00 00 00 00 00 00 00 00 00 00 00 00
usb-hid-report: usb1 device 5 interface 0 0020: 00 00 00 00 00 00 08 2d
usb-hid-report: usb1 device 5 interface 0 length=40
usb-hid-report: usb1 device 5 interface 0 0000: 0c 00 01 05 01 00 e1 14 79 03 00 00 00 00 00 00 00 00 00 00 00 00 00 00 00 00 00 00 00 00 00 00
usb-hid-report: usb1 device 5 interface 0 0020: 00 00 00 00 00 00 6c 2d
usb-hid-report: usb1 device 5 interface 0 length=40
usb-hid-report: usb1 device 5 interface 0 0000: 0c 00 01 05 01 00 e1 14 79 03 00 00 00 00 00 00 00 00 00 00 00 00 00 00 00 00 00 00 00 00 00 00
usb-hid-report: usb1 device 5 interface 0 0020: 00 00 00 00 00 00 d0 2d
usb-hid-report: usb1 device 5 interface 0 length=40
usb-hid-report: usb1 device 5 interface 0 0000: 0c 00 01 05 01 00 e1 14 79 03 00 00 00 00 00 00 00 00 00 00 00 00 00 00 00 00 00 00 00 00 00 00
usb-hid-report: usb1 device 5 interface 0 0020: 00 00 00 00 00 00 34 2e
usb-hid-report: usb1 device 5 interface 0 length=40
usb-hid-report: usb1 device 5 interface 0 0000: 0c 00 01 05 01 00 e1 14 79 03 00 00 00 00 00 00 00 00 00 00 00 00 00 00 00 00 00 00 00 00 00 00
usb-hid-report: usb1 device 5 interface 0 0020: 00 00 00 00 00 00 98 2e
usb-hid-report: usb1 device 5 interface 0 length=40
usb-hid-report: usb1 device 5 interface 0 0000: 0c 00 01 04 01 00 e1 14 79 03 00 00 00 00 00 00 00 00 00 00 00 00 00 00 00 00 00 00 00 00 00 00
usb-hid-report: usb1 device 5 interface 0 0020: 00 00 00 00 00 00 fc 2e
xhci: cancel slot=5 endpoint=3 pending-events=1 first-type=32 iman=2 usbsts=0 erdp=5730b350 dequeue=53 command-busy=0 irq-busy=0
xhci: cancelled request slot=5 endpoint=3 completion=26 residual=1
xhci: cancel slot=5 endpoint=3 pending-events=0 first-type=0 iman=2 usbsts=0 erdp=5730b670 dequeue=103 command-busy=0 irq-busy=0
xhci: cancelled request slot=5 endpoint=3 completion=26 residual=1
usb-hid-report: usb1 device 5 interface 0 length=40
usb-hid-report: usb1 device 5 interface 0 0000: 0c 00 01 05 01 00 6d 13 df 00 00 00 00 00 00 00 00 00 00 00 00 00 00 00 00 00 00 00 00 00 00 00
usb-hid-report: usb1 device 5 interface 0 0020: 00 00 00 00 00 00 6c 46
usb-hid-report: usb1 device 5 interface 0 length=40
usb-hid-report: usb1 device 5 interface 0 0000: 0c 00 01 05 01 00 6d 13 df 00 00 00 00 00 00 00 00 00 00 00 00 00 00 00 00 00 00 00 00 00 00 00
usb-hid-report: usb1 device 5 interface 0 0020: 00 00 00 00 00 00 d0 46
usb-hid-report: usb1 device 5 interface 0 length=40
usb-hid-report: usb1 device 5 interface 0 0000: 0c 00 01 05 01 00 6d 13 df 00 00 00 00 00 00 00 00 00 00 00 00 00 00 00 00 00 00 00 00 00 00 00
usb-hid-report: usb1 device 5 interface 0 0020: 00 00 00 00 00 00 34 47
i915: vk: session 1: frames 50 in 5110 ms: per submit 1 runs (0 full) 50 ops (most 110), in submit 7527 us (runs 7344, record 183), between 94688 us
i915: perf: markers 73: wait 0.44 ms, run 0.03 ms
i915: perf: 5111 ms: 25 presents (4.89/s), 73 submits, 72 batches | per submit ms: 6.03 (build 0.14, run 5.89, gpu 5.31) | per present ms: 1.33 (copy 1.00, publish 0.00, flip 0.08)
usb-hid-report: usb1 device 5 interface 0 length=40
usb-hid-report: usb1 device 5 interface 0 0000: 0c 00 01 05 01 00 6d 13 df 00 00 00 00 00 00 00 00 00 00 00 00 00 00 00 00 00 00 00 00 00 00 00
usb-hid-report: usb1 device 5 interface 0 0020: 00 00 00 00 00 00 98 47
usb-hid-report: usb1 device 5 interface 0 length=40
usb-hid-report: usb1 device 5 interface 0 0000: 0c 00 01 05 01 00 6d 13 df 00 00 00 00 00 00 00 00 00 00 00 00 00 00 00 00 00 00 00 00 00 00 00
usb-hid-report: usb1 device 5 interface 0 0020: 00 00 00 00 00 00 fc 47
xhci: cancel slot=5 endpoint=3 pending-events=0 first-type=0 iman=2 usbsts=0 erdp=5730b710 dequeue=113 command-busy=0 irq-busy=0
xhci: cancelled request slot=5 endpoint=3 completion=26 residual=1
usb-hid-report: usb1 device 5 interface 0 length=40
usb-hid-report: usb1 device 5 interface 0 0000: 0c 00 01 05 01 00 6d 13 df 00 00 00 00 00 00 00 00 00 00 00 00 00 00 00 00 00 00 00 00 00 00 00
usb-hid-report: usb1 device 5 interface 0 0020: 00 00 00 00 00 00 60 48
usb-hid-report: usb1 device 5 interface 0 length=40
usb-hid-report: usb1 device 5 interface 0 0000: 0c 00 01 05 01 00 6d 13 df 00 00 00 00 00 00 00 00 00 00 00 00 00 00 00 00 00 00 00 00 00 00 00
usb-hid-report: usb1 device 5 interface 0 0020: 00 00 00 00 00 00 c4 48
usb-hid-report: usb1 device 5 interface 0 length=40
usb-hid-report: usb1 device 5 interface 0 0000: 0c 00 01 04 01 00 6d 13 df 00 00 00 00 00 00 00 00 00 00 00 00 00 00 00 00 00 00 00 00 00 00 00
usb-hid-report: usb1 device 5 interface 0 0020: 00 00 00 00 00 00 28 49
usb-hid-report: usb1 device 5 interface 0 length=40
usb-hid-report: usb1 device 5 interface 0 0000: 0c 00 01 05 01 00 8f 13 ba 00 00 00 00 00 00 00 00 00 00 00 00 00 00 00 00 00 00 00 00 00 00 00
usb-hid-report: usb1 device 5 interface 0 0020: 00 00 00 00 00 00 54 4a
i915: vk: an object (kind 18) was destroyed before what names it: 0 views, 0 descriptor sets, 0 framebuffers and 1 command buffers let go of it
usb-hid-report: usb1 device 5 interface 0 length=40
usb-hid-report: usb1 device 5 interface 0 0000: 0c 00 01 05 01 00 8f 13 ba 00 00 00 00 00 00 00 00 00 00 00 00 00 00 00 00 00 00 00 00 00 00 00
usb-hid-report: usb1 device 5 interface 0 0020: 00 00 00 00 00 00 b8 4a
i915: vk: an object (kind 8) was destroyed before what names it: 0 views, 0 descriptor sets, 0 framebuffers and 1 command buffers let go of it
i915: vk: an object (kind 9) was destroyed before what names it: 0 views, 1 descriptor sets, 0 framebuffers and 0 command buffers let go of it
usb-hid-report: usb1 device 5 interface 0 length=40
usb-hid-report: usb1 device 5 interface 0 0000: 0c 00 01 05 01 00 8f 13 ba 00 00 00 00 00 00 00 00 00 00 00 00 00 00 00 00 00 00 00 00 00 00 00
usb-hid-report: usb1 device 5 interface 0 0020: 00 00 00 00 00 00 1c 4b
i915: vk: an object (kind 9) was destroyed before what names it: 0 views, 2 descriptor sets, 0 framebuffers and 0 command buffers let go of it
i915: vk: an object (kind 9) was destroyed before what names it: 0 views, 2 descriptor sets, 0 framebuffers and 0 command buffers let go of it
usb-hid-report: usb1 device 5 interface 0 length=40
usb-hid-report: usb1 device 5 interface 0 0000: 0c 00 01 05 01 00 8f 13 ba 00 00 00 00 00 00 00 00 00 00 00 00 00 00 00 00 00 00 00 00 00 00 00
usb-hid-report: usb1 device 5 interface 0 0020: 00 00 00 00 00 00 80 4b
usb-hid-report: usb1 device 5 interface 0 length=40
usb-hid-report: usb1 device 5 interface 0 0000: 0c 00 01 05 01 00 8f 13 ba 00 00 00 00 00 00 00 00 00 00 00 00 00 00 00 00 00 00 00 00 00 00 00
usb-hid-report: usb1 device 5 interface 0 0020: 00 00 00 00 00 00 e4 4b
i915: vk: an object (kind 9) was destroyed before what names it: 0 views, 2 descriptor sets, 0 framebuffers and 0 command buffers let go of it
usb-hid-report: usb1 device 5 interface 0 length=40
usb-hid-report: usb1 device 5 interface 0 0000: 0c 00 01 05 01 00 8f 13 ba 00 00 00 00 00 00 00 00 00 00 00 00 00 00 00 00 00 00 00 00 00 00 00
usb-hid-report: usb1 device 5 interface 0 0020: 00 00 00 00 00 00 48 4c
usb-hid-report: usb1 device 5 interface 0 length=40
usb-hid-report: usb1 device 5 interface 0 0000: 0c 00 01 05 01 00 8f 13 ba 00 00 00 00 00 00 00 00 00 00 00 00 00 00 00 00 00 00 00 00 00 00 00
usb-hid-report: usb1 device 5 interface 0 0020: 00 00 00 00 00 00 ac 4c
usb-hid-report: usb1 device 5 interface 0 length=40
usb-hid-report: usb1 device 5 interface 0 0000: 0c 00 01 05 01 00 8f 13 ba 00 00 00 00 00 00 00 00 00 00 00 00 00 00 00 00 00 00 00 00 00 00 00
usb-hid-report: usb1 device 5 interface 0 0020: 00 00 00 00 00 00 10 4d
usb-hid-report: usb1 device 5 interface 0 length=40
usb-hid-report: usb1 device 5 interface 0 0000: 0c 00 01 04 01 00 8f 13 ba 00 00 00 00 00 00 00 00 00 00 00 00 00 00 00 00 00 00 00 00 00 00 00
usb-hid-report: usb1 device 5 interface 0 0020: 00 00 00 00 00 00 74 4d
xhci: cancel slot=5 endpoint=3 pending-events=0 first-type=0 iman=2 usbsts=0 erdp=5730b840 dequeue=132 command-busy=0 irq-busy=0
xhci: cancelled request slot=5 endpoint=3 completion=26 residual=1
xhci: cancel slot=5 endpoint=3 pending-events=0 first-type=0 iman=2 usbsts=0 erdp=5730b890 dequeue=137 command-busy=0 irq-busy=0
xhci: cancelled request slot=5 endpoint=3 completion=26 residual=1
xhci: cancel slot=5 endpoint=3 pending-events=0 first-type=0 iman=2 usbsts=0 erdp=5730b8c0 dequeue=140 command-busy=0 irq-busy=0
xhci: cancelled request slot=5 endpoint=3 completion=26 residual=1
usb-hid-report: usb1 device 5 interface 0 length=40
usb-hid-report: usb1 device 5 interface 0 0000: 0c 00 01 05 01 00 d8 14 64 03 00 00 00 00 00 00 00 00 00 00 00 00 00 00 00 00 00 00 00 00 00 00
usb-hid-report: usb1 device 5 interface 0 0020: 00 00 00 00 00 00 88 6b
usb-hid-report: usb1 device 5 interface 0 length=40
usb-hid-report: usb1 device 5 interface 0 0000: 0c 00 01 05 01 00 d8 14 64 03 00 00 00 00 00 00 00 00 00 00 00 00 00 00 00 00 00 00 00 00 00 00
usb-hid-report: usb1 device 5 interface 0 0020: 00 00 00 00 00 00 ec 6b
usb-hid-report: usb1 device 5 interface 0 length=40
usb-hid-report: usb1 device 5 interface 0 0000: 0c 00 01 05 01 00 d8 14 64 03 00 00 00 00 00 00 00 00 00 00 00 00 00 00 00 00 00 00 00 00 00 00
usb-hid-report: usb1 device 5 interface 0 0020: 00 00 00 00 00 00 50 6c
usb-hid-report: usb1 device 5 interface 0 length=40
usb-hid-report: usb1 device 5 interface 0 0000: 0c 00 01 05 01 00 d8 14 64 03 00 00 00 00 00 00 00 00 00 00 00 00 00 00 00 00 00 00 00 00 00 00
usb-hid-report: usb1 device 5 interface 0 0020: 00 00 00 00 00 00 b4 6c
usb-hid-report: usb1 device 5 interface 0 length=40
usb-hid-report: usb1 device 5 interface 0 0000: 0c 00 01 05 01 00 d8 14 64 03 00 00 00 00 00 00 00 00 00 00 00 00 00 00 00 00 00 00 00 00 00 00
usb-hid-report: usb1 device 5 interface 0 0020: 00 00 00 00 00 00 18 6d
usb-hid-report: usb1 device 5 interface 0 length=40
usb-hid-report: usb1 device 5 interface 0 0000: 0c 00 01 05 01 00 d8 14 64 03 00 00 00 00 00 00 00 00 00 00 00 00 00 00 00 00 00 00 00 00 00 00
usb-hid-report: usb1 device 5 interface 0 0020: 00 00 00 00 00 00 7c 6d
usb-hid-report: usb1 device 5 interface 0 length=40
usb-hid-report: usb1 device 5 interface 0 0000: 0c 00 01 05 01 00 d8 14 64 03 00 00 00 00 00 00 00 00 00 00 00 00 00 00 00 00 00 00 00 00 00 00
usb-hid-report: usb1 device 5 interface 0 0020: 00 00 00 00 00 00 e0 6d
usb-hid-report: usb1 device 5 interface 0 length=40
usb-hid-report: usb1 device 5 interface 0 0000: 0c 00 01 04 01 00 d8 14 64 03 00 00 00 00 00 00 00 00 00 00 00 00 00 00 00 00 00 00 00 00 00 00
usb-hid-report: usb1 device 5 interface 0 0020: 00 00 00 00 00 00 44 6e
xhci: cancel slot=5 endpoint=3 pending-events=0 first-type=0 iman=2 usbsts=0 erdp=5730b990 dequeue=153 command-busy=0 irq-busy=0
xhci: cancelled request slot=5 endpoint=3 completion=26 residual=1
usb-hid-report: usb1 device 5 interface 0 length=40
usb-hid-report: usb1 device 5 interface 0 0000: 0c 00 01 05 01 00 ef 14 9f 03 00 00 00 00 00 00 00 00 00 00 00 00 00 00 00 00 00 00 00 00 00 00
usb-hid-report: usb1 device 5 interface 0 0020: 00 00 00 00 00 00 64 71
usb-hid-report: usb1 device 5 interface 0 length=40
usb-hid-report: usb1 device 5 interface 0 0000: 0c 00 01 05 01 00 ef 14 9f 03 00 00 00 00 00 00 00 00 00 00 00 00 00 00 00 00 00 00 00 00 00 00
usb-hid-report: usb1 device 5 interface 0 0020: 00 00 00 00 00 00 c8 71
usb-hid-report: usb1 device 5 interface 0 length=40
usb-hid-report: usb1 device 5 interface 0 0000: 0c 00 01 05 01 00 ef 14 9f 03 00 00 00 00 00 00 00 00 00 00 00 00 00 00 00 00 00 00 00 00 00 00
usb-hid-report: usb1 device 5 interface 0 0020: 00 00 00 00 00 00 2c 72
usb-hid-report: usb1 device 5 interface 0 length=40
usb-hid-report: usb1 device 5 interface 0 0000: 0c 00 01 05 01 00 ef 14 9f 03 00 00 00 00 00 00 00 00 00 00 00 00 00 00 00 00 00 00 00 00 00 00
usb-hid-report: usb1 device 5 interface 0 0020: 00 00 00 00 00 00 90 72
usb-hid-report: usb1 device 5 interface 0 length=40
usb-hid-report: usb1 device 5 interface 0 0000: 0c 00 01 05 01 00 ef 14 9f 03 00 00 00 00 00 00 00 00 00 00 00 00 00 00 00 00 00 00 00 00 00 00
usb-hid-report: usb1 device 5 interface 0 0020: 00 00 00 00 00 00 f4 72
usb-hid-report: usb1 device 5 interface 0 length=40
usb-hid-report: usb1 device 5 interface 0 0000: 0c 00 01 05 01 00 ef 14 9f 03 00 00 00 00 00 00 00 00 00 00 00 00 00 00 00 00 00 00 00 00 00 00
usb-hid-report: usb1 device 5 interface 0 0020: 00 00 00 00 00 00 58 73
usb-hid-report: usb1 device 5 interface 0 length=40
usb-hid-report: usb1 device 5 interface 0 0000: 0c 00 01 05 01 00 ef 14 9f 03 00 00 00 00 00 00 00 00 00 00 00 00 00 00 00 00 00 00 00 00 00 00
usb-hid-report: usb1 device 5 interface 0 0020: 00 00 00 00 00 00 bc 73
usb-hid-report: usb1 device 5 interface 0 length=40
usb-hid-report: usb1 device 5 interface 0 0000: 0c 00 01 05 01 00 ef 14 9f 03 00 00 00 00 00 00 00 00 00 00 00 00 00 00 00 00 00 00 00 00 00 00
usb-hid-report: usb1 device 5 interface 0 0020: 00 00 00 00 00 00 20 74
usb-hid-report: usb1 device 5 interface 0 length=40
usb-hid-report: usb1 device 5 interface 0 0000: 0c 00 01 05 01 00 ef 14 9f 03 00 00 00 00 00 00 00 00 00 00 00 00 00 00 00 00 00 00 00 00 00 00
usb-hid-report: usb1 device 5 interface 0 0020: 00 00 00 00 00 00 84 74
usb-hid-report: usb1 device 5 interface 0 length=40
usb-hid-report: usb1 device 5 interface 0 0000: 0c 00 01 05 01 00 cc 14 a5 03 00 00 00 00 00 00 00 00 00 00 00 00 00 00 00 00 00 00 00 00 00 00
usb-hid-report: usb1 device 5 interface 0 0020: 00 00 00 00 00 00 e8 74
usb-hid-report: usb1 device 5 interface 0 length=40
usb-hid-report: usb1 device 5 interface 0 0000: 0c 00 01 05 01 00 bc 14 b0 03 00 00 00 00 00 00 00 00 00 00 00 00 00 00 00 00 00 00 00 00 00 00
usb-hid-report: usb1 device 5 interface 0 0020: 00 00 00 00 00 00 4c 75
usb-hid-report: usb1 device 5 interface 0 length=40
usb-hid-report: usb1 device 5 interface 0 0000: 0c 00 01 05 01 00 a3 14 c0 03 00 00 00 00 00 00 00 00 00 00 00 00 00 00 00 00 00 00 00 00 00 00
usb-hid-report: usb1 device 5 interface 0 0020: 00 00 00 00 00 00 b0 75
usb-hid-report: usb1 device 5 interface 0 length=40
usb-hid-report: usb1 device 5 interface 0 0000: 0c 00 01 05 01 00 81 14 d5 03 00 00 00 00 00 00 00 00 00 00 00 00 00 00 00 00 00 00 00 00 00 00
usb-hid-report: usb1 device 5 interface 0 0020: 00 00 00 00 00 00 14 76
usb-hid-report: usb1 device 5 interface 0 length=40
usb-hid-report: usb1 device 5 interface 0 0000: 0c 00 01 05 01 00 5a 14 ed 03 00 00 00 00 00 00 00 00 00 00 00 00 00 00 00 00 00 00 00 00 00 00
usb-hid-report: usb1 device 5 interface 0 0020: 00 00 00 00 00 00 78 76
usb-hid-report: usb1 device 5 interface 0 length=40
usb-hid-report: usb1 device 5 interface 0 0000: 0c 00 01 05 01 00 32 14 08 04 00 00 00 00 00 00 00 00 00 00 00 00 00 00 00 00 00 00 00 00 00 00
usb-hid-report: usb1 device 5 interface 0 0020: 00 00 00 00 00 00 dc 76
usb-hid-report: usb1 device 5 interface 0 length=40
usb-hid-report: usb1 device 5 interface 0 0000: 0c 00 01 05 01 00 0c 14 29 04 00 00 00 00 00 00 00 00 00 00 00 00 00 00 00 00 00 00 00 00 00 00
usb-hid-report: usb1 device 5 interface 0 0020: 00 00 00 00 00 00 40 77
usb-hid-report: usb1 device 5 interface 0 length=40
usb-hid-report: usb1 device 5 interface 0 0000: 0c 00 01 05 01 00 e7 13 50 04 00 00 00 00 00 00 00 00 00 00 00 00 00 00 00 00 00 00 00 00 00 00
usb-hid-report: usb1 device 5 interface 0 0020: 00 00 00 00 00 00 a4 77
usb-hid-report: usb1 device 5 interface 0 length=40
usb-hid-report: usb1 device 5 interface 0 0000: 0c 00 01 05 01 00 ba 13 7a 04 00 00 00 00 00 00 00 00 00 00 00 00 00 00 00 00 00 00 00 00 00 00
usb-hid-report: usb1 device 5 interface 0 0020: 00 00 00 00 00 00 08 78
usb-hid-report: usb1 device 5 interface 0 length=40
usb-hid-report: usb1 device 5 interface 0 0000: 0c 00 01 05 01 00 85 13 ab 04 00 00 00 00 00 00 00 00 00 00 00 00 00 00 00 00 00 00 00 00 00 00
usb-hid-report: usb1 device 5 interface 0 0020: 00 00 00 00 00 00 6c 78
usb-hid-report: usb1 device 5 interface 0 length=40
usb-hid-report: usb1 device 5 interface 0 0000: 0c 00 01 05 01 00 55 13 e2 04 00 00 00 00 00 00 00 00 00 00 00 00 00 00 00 00 00 00 00 00 00 00
usb-hid-report: usb1 device 5 interface 0 0020: 00 00 00 00 00 00 d0 78
usb-hid-report: usb1 device 5 interface 0 length=40
usb-hid-report: usb1 device 5 interface 0 0000: 0c 00 01 05 01 00 26 13 1e 05 00 00 00 00 00 00 00 00 00 00 00 00 00 00 00 00 00 00 00 00 00 00
usb-hid-report: usb1 device 5 interface 0 0020: 00 00 00 00 00 00 34 79
xhci: cancel slot=5 endpoint=3 pending-events=0 first-type=0 iman=2 usbsts=0 erdp=5730bff0 dequeue=255 command-busy=0 irq-busy=0
xhci: cancelled request slot=5 endpoint=3 completion=26 residual=1
usb-hid-report: usb1 device 5 interface 0 length=40
usb-hid-report: usb1 device 5 interface 0 0000: 0c 00 01 05 01 00 f5 12 5a 05 00 00 00 00 00 00 00 00 00 00 00 00 00 00 00 00 00 00 00 00 00 00
usb-hid-report: usb1 device 5 interface 0 0020: 00 00 00 00 00 00 98 79
usb-hid-report: usb1 device 5 interface 0 length=40
usb-hid-report: usb1 device 5 interface 0 0000: 0c 00 01 05 01 00 bb 12 9b 05 00 00 00 00 00 00 00 00 00 00 00 00 00 00 00 00 00 00 00 00 00 00
usb-hid-report: usb1 device 5 interface 0 0020: 00 00 00 00 00 00 fc 79
usb-hid-report: usb1 device 5 interface 0 length=40
usb-hid-report: usb1 device 5 interface 0 0000: 0c 00 01 05 01 00 89 12 db 05 00 00 00 00 00 00 00 00 00 00 00 00 00 00 00 00 00 00 00 00 00 00
usb-hid-report: usb1 device 5 interface 0 0020: 00 00 00 00 00 00 60 7a
usb-hid-report: usb1 device 5 interface 0 length=40
usb-hid-report: usb1 device 5 interface 0 0000: 0c 00 01 05 01 00 5f 12 17 06 00 00 00 00 00 00 00 00 00 00 00 00 00 00 00 00 00 00 00 00 00 00
usb-hid-report: usb1 device 5 interface 0 0020: 00 00 00 00 00 00 c4 7a
usb-hid-report: usb1 device 5 interface 0 length=40
usb-hid-report: usb1 device 5 interface 0 0000: 0c 00 01 05 01 00 32 12 52 06 00 00 00 00 00 00 00 00 00 00 00 00 00 00 00 00 00 00 00 00 00 00
usb-hid-report: usb1 device 5 interface 0 0020: 00 00 00 00 00 00 28 7b
usb-hid-report: usb1 device 5 interface 0 length=40
usb-hid-report: usb1 device 5 interface 0 0000: 0c 00 01 05 01 00 ff 11 91 06 00 00 00 00 00 00 00 00 00 00 00 00 00 00 00 00 00 00 00 00 00 00
usb-hid-report: usb1 device 5 interface 0 0020: 00 00 00 00 00 00 8c 7b
usb-hid-report: usb1 device 5 interface 0 length=40
usb-hid-report: usb1 device 5 interface 0 0000: 0c 00 01 05 01 00 d2 11 cd 06 00 00 00 00 00 00 00 00 00 00 00 00 00 00 00 00 00 00 00 00 00 00
usb-hid-report: usb1 device 5 interface 0 0020: 00 00 00 00 00 00 f0 7b
usb-hid-report: usb1 device 5 interface 0 length=40
usb-hid-report: usb1 device 5 interface 0 0000: 0c 00 01 05 01 00 ad 11 01 07 00 00 00 00 00 00 00 00 00 00 00 00 00 00 00 00 00 00 00 00 00 00
usb-hid-report: usb1 device 5 interface 0 0020: 00 00 00 00 00 00 54 7c
usb-hid-report: usb1 device 5 interface 0 length=40
usb-hid-report: usb1 device 5 interface 0 0000: 0c 00 01 05 01 00 87 11 38 07 00 00 00 00 00 00 00 00 00 00 00 00 00 00 00 00 00 00 00 00 00 00
usb-hid-report: usb1 device 5 interface 0 0020: 00 00 00 00 00 00 b8 7c
usb-hid-report: usb1 device 5 interface 0 length=40
usb-hid-report: usb1 device 5 interface 0 0000: 0c 00 01 05 01 00 5e 11 6e 07 00 00 00 00 00 00 00 00 00 00 00 00 00 00 00 00 00 00 00 00 00 00
usb-hid-report: usb1 device 5 interface 0 0020: 00 00 00 00 00 00 1c 7d
usb-hid-report: usb1 device 5 interface 0 length=40
usb-hid-report: usb1 device 5 interface 0 0000: 0c 00 01 05 01 00 35 11 a1 07 00 00 00 00 00 00 00 00 00 00 00 00 00 00 00 00 00 00 00 00 00 00
usb-hid-report: usb1 device 5 interface 0 0020: 00 00 00 00 00 00 80 7d
usb-hid-report: usb1 device 5 interface 0 length=40
usb-hid-report: usb1 device 5 interface 0 0000: 0c 00 01 05 01 00 12 11 cf 07 00 00 00 00 00 00 00 00 00 00 00 00 00 00 00 00 00 00 00 00 00 00
usb-hid-report: usb1 device 5 interface 0 0020: 00 00 00 00 00 00 e4 7d
usb-hid-report: usb1 device 5 interface 0 length=40
usb-hid-report: usb1 device 5 interface 0 0000: 0c 00 01 05 01 00 f5 10 fa 07 00 00 00 00 00 00 00 00 00 00 00 00 00 00 00 00 00 00 00 00 00 00
usb-hid-report: usb1 device 5 interface 0 0020: 00 00 00 00 00 00 48 7e
usb-hid-report: usb1 device 5 interface 0 length=40
usb-hid-report: usb1 device 5 interface 0 0000: 0c 00 01 05 01 00 dd 10 20 08 00 00 00 00 00 00 00 00 00 00 00 00 00 00 00 00 00 00 00 00 00 00
usb-hid-report: usb1 device 5 interface 0 0020: 00 00 00 00 00 00 ac 7e
usb-hid-report: usb1 device 5 interface 0 length=40
usb-hid-report: usb1 device 5 interface 0 0000: 0c 00 01 05 01 00 c6 10 41 08 00 00 00 00 00 00 00 00 00 00 00 00 00 00 00 00 00 00 00 00 00 00
usb-hid-report: usb1 device 5 interface 0 0020: 00 00 00 00 00 00 10 7f
usb-hid-report: usb1 device 5 interface 0 length=40
usb-hid-report: usb1 device 5 interface 0 0000: 0c 00 01 05 01 00 b1 10 5f 08 00 00 00 00 00 00 00 00 00 00 00 00 00 00 00 00 00 00 00 00 00 00
usb-hid-report: usb1 device 5 interface 0 0020: 00 00 00 00 00 00 74 7f
usb-hid-report: usb1 device 5 interface 0 length=40
usb-hid-report: usb1 device 5 interface 0 0000: 0c 00 01 05 01 00 a0 10 77 08 00 00 00 00 00 00 00 00 00 00 00 00 00 00 00 00 00 00 00 00 00 00
usb-hid-report: usb1 device 5 interface 0 0020: 00 00 00 00 00 00 d8 7f
usb-hid-report: usb1 device 5 interface 0 length=40
usb-hid-report: usb1 device 5 interface 0 0000: 0c 00 01 05 01 00 90 10 8b 08 00 00 00 00 00 00 00 00 00 00 00 00 00 00 00 00 00 00 00 00 00 00
usb-hid-report: usb1 device 5 interface 0 0020: 00 00 00 00 00 00 3c 80
usb-hid-report: usb1 device 5 interface 0 length=40
usb-hid-report: usb1 device 5 interface 0 0000: 0c 00 01 05 01 00 80 10 9d 08 00 00 00 00 00 00 00 00 00 00 00 00 00 00 00 00 00 00 00 00 00 00
usb-hid-report: usb1 device 5 interface 0 0020: 00 00 00 00 00 00 a0 80
usb-hid-report: usb1 device 5 interface 0 length=40
usb-hid-report: usb1 device 5 interface 0 0000: 0c 00 01 05 01 00 71 10 ae 08 00 00 00 00 00 00 00 00 00 00 00 00 00 00 00 00 00 00 00 00 00 00
usb-hid-report: usb1 device 5 interface 0 0020: 00 00 00 00 00 00 04 81
usb-hid-report: usb1 device 5 interface 0 length=40
usb-hid-report: usb1 device 5 interface 0 0000: 0c 00 01 05 01 00 64 10 bd 08 00 00 00 00 00 00 00 00 00 00 00 00 00 00 00 00 00 00 00 00 00 00
usb-hid-report: usb1 device 5 interface 0 0020: 00 00 00 00 00 00 68 81
i915: resident shim: ring rewound (idle context)
usb-hid-report: usb1 device 5 interface 0 length=40
usb-hid-report: usb1 device 5 interface 0 0000: 0c 00 01 05 01 00 58 10 ca 08 00 00 00 00 00 00 00 00 00 00 00 00 00 00 00 00 00 00 00 00 00 00
usb-hid-report: usb1 device 5 interface 0 0020: 00 00 00 00 00 00 cc 81
usb-hid-report: usb1 device 5 interface 0 length=40
usb-hid-report: usb1 device 5 interface 0 0000: 0c 00 01 05 01 00 4d 10 d6 08 00 00 00 00 00 00 00 00 00 00 00 00 00 00 00 00 00 00 00 00 00 00
usb-hid-report: usb1 device 5 interface 0 0020: 00 00 00 00 00 00 30 82
usb-hid-report: usb1 device 5 interface 0 length=40
usb-hid-report: usb1 device 5 interface 0 0000: 0c 00 01 05 01 00 44 10 df 08 00 00 00 00 00 00 00 00 00 00 00 00 00 00 00 00 00 00 00 00 00 00
usb-hid-report: usb1 device 5 interface 0 0020: 00 00 00 00 00 00 94 82
usb-hid-report: usb1 device 5 interface 0 length=40
usb-hid-report: usb1 device 5 interface 0 0000: 0c 00 01 05 01 00 3d 10 e6 08 00 00 00 00 00 00 00 00 00 00 00 00 00 00 00 00 00 00 00 00 00 00
usb-hid-report: usb1 device 5 interface 0 0020: 00 00 00 00 00 00 f8 82
xhci: cancel slot=5 endpoint=3 pending-events=0 first-type=0 iman=2 usbsts=0 erdp=5730b1d0 dequeue=29 command-busy=0 irq-busy=0
xhci: cancelled request slot=5 endpoint=3 completion=26 residual=1
usb-hid-report: usb1 device 5 interface 0 length=40
usb-hid-report: usb1 device 5 interface 0 0000: 0c 00 01 05 01 00 37 10 eb 08 00 00 00 00 00 00 00 00 00 00 00 00 00 00 00 00 00 00 00 00 00 00
usb-hid-report: usb1 device 5 interface 0 0020: 00 00 00 00 00 00 5c 83
usb-hid-report: usb1 device 5 interface 0 length=40
usb-hid-report: usb1 device 5 interface 0 0000: 0c 00 01 05 01 00 33 10 ef 08 00 00 00 00 00 00 00 00 00 00 00 00 00 00 00 00 00 00 00 00 00 00
usb-hid-report: usb1 device 5 interface 0 0020: 00 00 00 00 00 00 c0 83
usb-hid-report: usb1 device 5 interface 0 length=40
usb-hid-report: usb1 device 5 interface 0 0000: 0c 00 01 05 01 00 2f 10 f1 08 00 00 00 00 00 00 00 00 00 00 00 00 00 00 00 00 00 00 00 00 00 00
usb-hid-report: usb1 device 5 interface 0 0020: 00 00 00 00 00 00 24 84
usb-hid-report: usb1 device 5 interface 0 length=40
usb-hid-report: usb1 device 5 interface 0 0000: 0c 00 01 05 01 00 2c 10 f2 08 00 00 00 00 00 00 00 00 00 00 00 00 00 00 00 00 00 00 00 00 00 00
usb-hid-report: usb1 device 5 interface 0 0020: 00 00 00 00 00 00 88 84
usb-hid-report: usb1 device 5 interface 0 length=40
usb-hid-report: usb1 device 5 interface 0 0000: 0c 00 01 05 01 00 2a 10 f2 08 00 00 00 00 00 00 00 00 00 00 00 00 00 00 00 00 00 00 00 00 00 00
usb-hid-report: usb1 device 5 interface 0 0020: 00 00 00 00 00 00 ec 84
usb-hid-report: usb1 device 5 interface 0 length=40
usb-hid-report: usb1 device 5 interface 0 0000: 0c 00 01 05 01 00 28 10 f1 08 00 00 00 00 00 00 00 00 00 00 00 00 00 00 00 00 00 00 00 00 00 00
usb-hid-report: usb1 device 5 interface 0 0020: 00 00 00 00 00 00 50 85
usb-hid-report: usb1 device 5 interface 0 length=40
usb-hid-report: usb1 device 5 interface 0 0000: 0c 00 01 05 01 00 27 10 f0 08 00 00 00 00 00 00 00 00 00 00 00 00 00 00 00 00 00 00 00 00 00 00
usb-hid-report: usb1 device 5 interface 0 0020: 00 00 00 00 00 00 b4 85
usb-hid-report: usb1 device 5 interface 0 length=40
usb-hid-report: usb1 device 5 interface 0 0000: 0c 00 01 05 01 00 26 10 ec 08 00 00 00 00 00 00 00 00 00 00 00 00 00 00 00 00 00 00 00 00 00 00
usb-hid-report: usb1 device 5 interface 0 0020: 00 00 00 00 00 00 18 86
usb-hid-report: usb1 device 5 interface 0 length=40
usb-hid-report: usb1 device 5 interface 0 0000: 0c 00 01 05 01 00 25 10 e5 08 00 00 00 00 00 00 00 00 00 00 00 00 00 00 00 00 00 00 00 00 00 00
usb-hid-report: usb1 device 5 interface 0 0020: 00 00 00 00 00 00 7c 86
usb-hid-report: usb1 device 5 interface 0 length=40
usb-hid-report: usb1 device 5 interface 0 0000: 0c 00 01 05 01 00 25 10 da 08 00 00 00 00 00 00 00 00 00 00 00 00 00 00 00 00 00 00 00 00 00 00
usb-hid-report: usb1 device 5 interface 0 0020: 00 00 00 00 00 00 e0 86
usb-hid-report: usb1 device 5 interface 0 length=40
usb-hid-report: usb1 device 5 interface 0 0000: 0c 00 01 05 01 00 25 10 da 08 00 00 00 00 00 00 00 00 00 00 00 00 00 00 00 00 00 00 00 00 00 00
usb-hid-report: usb1 device 5 interface 0 0020: 00 00 00 00 00 00 44 87
usb-hid-report: usb1 device 5 interface 0 length=40
usb-hid-report: usb1 device 5 interface 0 0000: 0c 00 01 05 01 00 29 10 b0 08 00 00 00 00 00 00 00 00 00 00 00 00 00 00 00 00 00 00 00 00 00 00
usb-hid-report: usb1 device 5 interface 0 0020: 00 00 00 00 00 00 a8 87
usb-hid-report: usb1 device 5 interface 0 length=40
usb-hid-report: usb1 device 5 interface 0 0000: 0c 00 01 05 01 00 2c 10 94 08 00 00 00 00 00 00 00 00 00 00 00 00 00 00 00 00 00 00 00 00 00 00
usb-hid-report: usb1 device 5 interface 0 0020: 00 00 00 00 00 00 0c 88
usb-hid-report: usb1 device 5 interface 0 length=40
usb-hid-report: usb1 device 5 interface 0 0000: 0c 00 01 05 01 00 30 10 74 08 00 00 00 00 00 00 00 00 00 00 00 00 00 00 00 00 00 00 00 00 00 00
usb-hid-report: usb1 device 5 interface 0 0020: 00 00 00 00 00 00 70 88
usb-hid-report: usb1 device 5 interface 0 length=40
usb-hid-report: usb1 device 5 interface 0 0000: 0c 00 01 05 01 00 36 10 4f 08 00 00 00 00 00 00 00 00 00 00 00 00 00 00 00 00 00 00 00 00 00 00
usb-hid-report: usb1 device 5 interface 0 0020: 00 00 00 00 00 00 d4 88
usb-hid-report: usb1 device 5 interface 0 length=40
usb-hid-report: usb1 device 5 interface 0 0000: 0c 00 01 05 01 00 3f 10 28 08 00 00 00 00 00 00 00 00 00 00 00 00 00 00 00 00 00 00 00 00 00 00
usb-hid-report: usb1 device 5 interface 0 0020: 00 00 00 00 00 00 38 89
usb-hid-report: usb1 device 5 interface 0 length=40
usb-hid-report: usb1 device 5 interface 0 0000: 0c 00 01 05 01 00 4a 10 00 08 00 00 00 00 00 00 00 00 00 00 00 00 00 00 00 00 00 00 00 00 00 00
usb-hid-report: usb1 device 5 interface 0 0020: 00 00 00 00 00 00 9c 89
usb-hid-report: usb1 device 5 interface 0 length=40
usb-hid-report: usb1 device 5 interface 0 0000: 0c 00 01 05 01 00 57 10 db 07 00 00 00 00 00 00 00 00 00 00 00 00 00 00 00 00 00 00 00 00 00 00
usb-hid-report: usb1 device 5 interface 0 0020: 00 00 00 00 00 00 00 8a
usb-hid-report: usb1 device 5 interface 0 length=40
usb-hid-report: usb1 device 5 interface 0 0000: 0c 00 01 05 01 00 67 10 b3 07 00 00 00 00 00 00 00 00 00 00 00 00 00 00 00 00 00 00 00 00 00 00
usb-hid-report: usb1 device 5 interface 0 0020: 00 00 00 00 00 00 64 8a
usb-hid-report: usb1 device 5 interface 0 length=40
usb-hid-report: usb1 device 5 interface 0 0000: 0c 00 01 05 01 00 79 10 88 07 00 00 00 00 00 00 00 00 00 00 00 00 00 00 00 00 00 00 00 00 00 00
usb-hid-report: usb1 device 5 interface 0 0020: 00 00 00 00 00 00 c8 8a
usb-hid-report: usb1 device 5 interface 0 length=40
usb-hid-report: usb1 device 5 interface 0 0000: 0c 00 01 05 01 00 8b 10 60 07 00 00 00 00 00 00 00 00 00 00 00 00 00 00 00 00 00 00 00 00 00 00
usb-hid-report: usb1 device 5 interface 0 0020: 00 00 00 00 00 00 2c 8b
usb-hid-report: usb1 device 5 interface 0 length=40
usb-hid-report: usb1 device 5 interface 0 0000: 0c 00 01 05 01 00 9d 10 39 07 00 00 00 00 00 00 00 00 00 00 00 00 00 00 00 00 00 00 00 00 00 00
usb-hid-report: usb1 device 5 interface 0 0020: 00 00 00 00 00 00 90 8b
i915: resident shim: ring rewound (idle context)
usb-hid-report: usb1 device 5 interface 0 length=40
usb-hid-report: usb1 device 5 interface 0 0000: 0c 00 01 05 01 00 af 10 10 07 00 00 00 00 00 00 00 00 00 00 00 00 00 00 00 00 00 00 00 00 00 00
usb-hid-report: usb1 device 5 interface 0 0020: 00 00 00 00 00 00 f4 8b
usb-hid-report: usb1 device 5 interface 0 length=40
usb-hid-report: usb1 device 5 interface 0 0000: 0c 00 01 05 01 00 c2 10 e7 06 00 00 00 00 00 00 00 00 00 00 00 00 00 00 00 00 00 00 00 00 00 00
usb-hid-report: usb1 device 5 interface 0 0020: 00 00 00 00 00 00 58 8c
usb-hid-report: usb1 device 5 interface 0 length=40
usb-hid-report: usb1 device 5 interface 0 0000: 0c 00 01 05 01 00 d5 10 bf 06 00 00 00 00 00 00 00 00 00 00 00 00 00 00 00 00 00 00 00 00 00 00
usb-hid-report: usb1 device 5 interface 0 0020: 00 00 00 00 00 00 bc 8c
xhci: cancel slot=5 endpoint=3 pending-events=0 first-type=0 iman=2 usbsts=0 erdp=5730b390 dequeue=57 command-busy=0 irq-busy=0
xhci: cancelled request slot=5 endpoint=3 completion=26 residual=1
usb-hid-report: usb1 device 5 interface 0 length=40
usb-hid-report: usb1 device 5 interface 0 0000: 0c 00 01 05 01 00 eb 10 98 06 00 00 00 00 00 00 00 00 00 00 00 00 00 00 00 00 00 00 00 00 00 00
usb-hid-report: usb1 device 5 interface 0 0020: 00 00 00 00 00 00 20 8d
usb-hid-report: usb1 device 5 interface 0 length=40
usb-hid-report: usb1 device 5 interface 0 0000: 0c 00 01 05 01 00 04 11 6f 06 00 00 00 00 00 00 00 00 00 00 00 00 00 00 00 00 00 00 00 00 00 00
usb-hid-report: usb1 device 5 interface 0 0020: 00 00 00 00 00 00 84 8d
usb-hid-report: usb1 device 5 interface 0 length=40
usb-hid-report: usb1 device 5 interface 0 0000: 0c 00 01 05 01 00 1c 11 4d 06 00 00 00 00 00 00 00 00 00 00 00 00 00 00 00 00 00 00 00 00 00 00
usb-hid-report: usb1 device 5 interface 0 0020: 00 00 00 00 00 00 e8 8d
usb-hid-report: usb1 device 5 interface 0 length=40
usb-hid-report: usb1 device 5 interface 0 0000: 0c 00 01 05 01 00 35 11 2b 06 00 00 00 00 00 00 00 00 00 00 00 00 00 00 00 00 00 00 00 00 00 00
usb-hid-report: usb1 device 5 interface 0 0020: 00 00 00 00 00 00 4c 8e
usb-hid-report: usb1 device 5 interface 0 length=40
usb-hid-report: usb1 device 5 interface 0 0000: 0c 00 01 05 01 00 4e 11 09 06 00 00 00 00 00 00 00 00 00 00 00 00 00 00 00 00 00 00 00 00 00 00
usb-hid-report: usb1 device 5 interface 0 0020: 00 00 00 00 00 00 b0 8e
usb-hid-report: usb1 device 5 interface 0 length=40
usb-hid-report: usb1 device 5 interface 0 0000: 0c 00 01 05 01 00 64 11 e8 05 00 00 00 00 00 00 00 00 00 00 00 00 00 00 00 00 00 00 00 00 00 00
usb-hid-report: usb1 device 5 interface 0 0020: 00 00 00 00 00 00 14 8f
usb-hid-report: usb1 device 5 interface 0 length=40
usb-hid-report: usb1 device 5 interface 0 0000: 0c 00 01 05 01 00 78 11 cb 05 00 00 00 00 00 00 00 00 00 00 00 00 00 00 00 00 00 00 00 00 00 00
usb-hid-report: usb1 device 5 interface 0 0020: 00 00 00 00 00 00 78 8f
usb-hid-report: usb1 device 5 interface 0 length=40
usb-hid-report: usb1 device 5 interface 0 0000: 0c 00 01 05 01 00 8d 11 af 05 00 00 00 00 00 00 00 00 00 00 00 00 00 00 00 00 00 00 00 00 00 00
usb-hid-report: usb1 device 5 interface 0 0020: 00 00 00 00 00 00 dc 8f
usb-hid-report: usb1 device 5 interface 0 length=40
usb-hid-report: usb1 device 5 interface 0 0000: 0c 00 01 05 01 00 a3 11 94 05 00 00 00 00 00 00 00 00 00 00 00 00 00 00 00 00 00 00 00 00 00 00
usb-hid-report: usb1 device 5 interface 0 0020: 00 00 00 00 00 00 40 90
usb-hid-report: usb1 device 5 interface 0 length=40
usb-hid-report: usb1 device 5 interface 0 0000: 0c 00 01 05 01 00 b9 11 7b 05 00 00 00 00 00 00 00 00 00 00 00 00 00 00 00 00 00 00 00 00 00 00
usb-hid-report: usb1 device 5 interface 0 0020: 00 00 00 00 00 00 a4 90
usb-hid-report: usb1 device 5 interface 0 length=40
usb-hid-report: usb1 device 5 interface 0 0000: 0c 00 01 05 01 00 cf 11 65 05 00 00 00 00 00 00 00 00 00 00 00 00 00 00 00 00 00 00 00 00 00 00
usb-hid-report: usb1 device 5 interface 0 0020: 00 00 00 00 00 00 08 91
usb-hid-report: usb1 device 5 interface 0 length=40
usb-hid-report: usb1 device 5 interface 0 0000: 0c 00 01 05 01 00 e3 11 51 05 00 00 00 00 00 00 00 00 00 00 00 00 00 00 00 00 00 00 00 00 00 00
usb-hid-report: usb1 device 5 interface 0 0020: 00 00 00 00 00 00 6c 91
usb-hid-report: usb1 device 5 interface 0 length=40
usb-hid-report: usb1 device 5 interface 0 0000: 0c 00 01 05 01 00 f5 11 40 05 00 00 00 00 00 00 00 00 00 00 00 00 00 00 00 00 00 00 00 00 00 00
usb-hid-report: usb1 device 5 interface 0 0020: 00 00 00 00 00 00 d0 91
usb-hid-report: usb1 device 5 interface 0 length=40
usb-hid-report: usb1 device 5 interface 0 0000: 0c 00 01 05 01 00 04 12 31 05 00 00 00 00 00 00 00 00 00 00 00 00 00 00 00 00 00 00 00 00 00 00
usb-hid-report: usb1 device 5 interface 0 0020: 00 00 00 00 00 00 34 92
usb-hid-report: usb1 device 5 interface 0 length=40
usb-hid-report: usb1 device 5 interface 0 0000: 0c 00 01 05 01 00 10 12 26 05 00 00 00 00 00 00 00 00 00 00 00 00 00 00 00 00 00 00 00 00 00 00
usb-hid-report: usb1 device 5 interface 0 0020: 00 00 00 00 00 00 98 92
usb-hid-report: usb1 device 5 interface 0 length=40
usb-hid-report: usb1 device 5 interface 0 0000: 0c 00 01 05 01 00 19 12 1d 05 00 00 00 00 00 00 00 00 00 00 00 00 00 00 00 00 00 00 00 00 00 00
usb-hid-report: usb1 device 5 interface 0 0020: 00 00 00 00 00 00 fc 92
usb-hid-report: usb1 device 5 interface 0 length=40
usb-hid-report: usb1 device 5 interface 0 0000: 0c 00 01 05 01 00 1f 12 17 05 00 00 00 00 00 00 00 00 00 00 00 00 00 00 00 00 00 00 00 00 00 00
usb-hid-report: usb1 device 5 interface 0 0020: 00 00 00 00 00 00 60 93
usb-hid-report: usb1 device 5 interface 0 length=40
usb-hid-report: usb1 device 5 interface 0 0000: 0c 00 01 05 01 00 24 12 13 05 00 00 00 00 00 00 00 00 00 00 00 00 00 00 00 00 00 00 00 00 00 00
usb-hid-report: usb1 device 5 interface 0 0020: 00 00 00 00 00 00 c4 93
usb-hid-report: usb1 device 5 interface 0 length=40
usb-hid-report: usb1 device 5 interface 0 0000: 0c 00 01 05 01 00 27 12 10 05 00 00 00 00 00 00 00 00 00 00 00 00 00 00 00 00 00 00 00 00 00 00
usb-hid-report: usb1 device 5 interface 0 0020: 00 00 00 00 00 00 28 94
usb-hid-report: usb1 device 5 interface 0 length=40
usb-hid-report: usb1 device 5 interface 0 0000: 0c 00 01 05 01 00 2a 12 0e 05 00 00 00 00 00 00 00 00 00 00 00 00 00 00 00 00 00 00 00 00 00 00
usb-hid-report: usb1 device 5 interface 0 0020: 00 00 00 00 00 00 8c 94
usb-hid-report: usb1 device 5 interface 0 length=40
usb-hid-report: usb1 device 5 interface 0 0000: 0c 00 01 05 01 00 2c 12 0d 05 00 00 00 00 00 00 00 00 00 00 00 00 00 00 00 00 00 00 00 00 00 00
usb-hid-report: usb1 device 5 interface 0 0020: 00 00 00 00 00 00 f0 94
usb-hid-report: usb1 device 5 interface 0 length=40
usb-hid-report: usb1 device 5 interface 0 0000: 0c 00 01 05 01 00 2e 12 0c 05 00 00 00 00 00 00 00 00 00 00 00 00 00 00 00 00 00 00 00 00 00 00
usb-hid-report: usb1 device 5 interface 0 0020: 00 00 00 00 00 00 54 95
usb-hid-report: usb1 device 5 interface 0 length=40
usb-hid-report: usb1 device 5 interface 0 0000: 0c 00 01 05 01 00 2f 12 0c 05 00 00 00 00 00 00 00 00 00 00 00 00 00 00 00 00 00 00 00 00 00 00
usb-hid-report: usb1 device 5 interface 0 0020: 00 00 00 00 00 00 b8 95
usb-hid-report: usb1 device 5 interface 0 length=40
usb-hid-report: usb1 device 5 interface 0 0000: 0c 00 01 05 01 00 30 12 0c 05 00 00 00 00 00 00 00 00 00 00 00 00 00 00 00 00 00 00 00 00 00 00
usb-hid-report: usb1 device 5 interface 0 0020: 00 00 00 00 00 00 1c 96
usb-hid-report: usb1 device 5 interface 0 length=40
usb-hid-report: usb1 device 5 interface 0 0000: 0c 00 01 05 01 00 31 12 0e 05 00 00 00 00 00 00 00 00 00 00 00 00 00 00 00 00 00 00 00 00 00 00
usb-hid-report: usb1 device 5 interface 0 0020: 00 00 00 00 00 00 80 96
xhci: cancel slot=5 endpoint=3 pending-events=0 first-type=0 iman=2 usbsts=0 erdp=5730b570 dequeue=87 command-busy=0 irq-busy=0
xhci: cancelled request slot=5 endpoint=3 completion=26 residual=1
usb-hid-report: usb1 device 5 interface 0 length=40
usb-hid-report: usb1 device 5 interface 0 0000: 0c 00 01 05 01 00 33 12 11 05 00 00 00 00 00 00 00 00 00 00 00 00 00 00 00 00 00 00 00 00 00 00
usb-hid-report: usb1 device 5 interface 0 0020: 00 00 00 00 00 00 e4 96
usb-hid-report: usb1 device 5 interface 0 length=40
usb-hid-report: usb1 device 5 interface 0 0000: 0c 00 01 04 01 00 33 12 11 05 00 00 00 00 00 00 00 00 00 00 00 00 00 00 00 00 00 00 00 00 00 00
usb-hid-report: usb1 device 5 interface 0 0020: 00 00 00 00 00 00 48 97
xhci: cancel slot=5 endpoint=3 pending-events=0 first-type=0 iman=2 usbsts=0 erdp=5730b600 dequeue=96 command-busy=0 irq-busy=0
xhci: cancelled request slot=5 endpoint=3 completion=26 residual=1
usb-hid-report: usb1 device 5 interface 0 length=40
usb-hid-report: usb1 device 5 interface 0 0000: 0c 00 01 05 01 00 b3 12 f3 04 00 00 00 00 00 00 00 00 00 00 00 00 00 00 00 00 00 00 00 00 00 00
usb-hid-report: usb1 device 5 interface 0 0020: 00 00 00 00 00 00 40 a9
usb-hid-report: usb1 device 5 interface 0 length=40
usb-hid-report: usb1 device 5 interface 0 0000: 0c 00 01 05 01 00 b3 12 f3 04 00 00 00 00 00 00 00 00 00 00 00 00 00 00 00 00 00 00 00 00 00 00
usb-hid-report: usb1 device 5 interface 0 0020: 00 00 00 00 00 00 a4 a9
usb-hid-report: usb1 device 5 interface 0 length=40
usb-hid-report: usb1 device 5 interface 0 0000: 0c 00 01 05 01 00 b3 12 f3 04 00 00 00 00 00 00 00 00 00 00 00 00 00 00 00 00 00 00 00 00 00 00
usb-hid-report: usb1 device 5 interface 0 0020: 00 00 00 00 00 00 08 aa
usb-hid-report: usb1 device 5 interface 0 length=40
usb-hid-report: usb1 device 5 interface 0 0000: 0c 00 01 05 01 00 b3 12 f3 04 00 00 00 00 00 00 00 00 00 00 00 00 00 00 00 00 00 00 00 00 00 00
usb-hid-report: usb1 device 5 interface 0 0020: 00 00 00 00 00 00 6c aa
xhci: cancel slot=5 endpoint=3 pending-events=0 first-type=0 iman=2 usbsts=0 erdp=5730b690 dequeue=105 command-busy=0 irq-busy=0
usb-hid-report: usb1 device 5 interface 0 length=40
xhci: cancelled request slot=5 endpoint=3 completion=26 residual=1
usb-hid-report: usb1 device 5 interface 0 0000: 0c 00 01 05 01 00 b3 12 f3 04 00 00 00 00 00 00 00 00 00 00 00 00 00 00 00 00 00 00 00 00 00 00
usb-hid-report: usb1 device 5 interface 0 0020: 00 00 00 00 00 00 d0 aa
usb-hid-report: usb1 device 5 interface 0 length=40
usb-hid-report: usb1 device 5 interface 0 0000: 0c 00 01 05 01 00 b3 12 f3 04 00 00 00 00 00 00 00 00 00 00 00 00 00 00 00 00 00 00 00 00 00 00
usb-hid-report: usb1 device 5 interface 0 0020: 00 00 00 00 00 00 34 ab
usb-hid-report: usb1 device 5 interface 0 length=40
usb-hid-report: usb1 device 5 interface 0 0000: 0c 00 01 04 01 00 b3 12 f3 04 00 00 00 00 00 00 00 00 00 00 00 00 00 00 00 00 00 00 00 00 00 00
usb-hid-report: usb1 device 5 interface 0 0020: 00 00 00 00 00 00 98 ab
usb-hid-report: usb1 device 5 interface 0 length=40
usb-hid-report: usb1 device 5 interface 0 0000: 0c 00 01 05 01 00 d0 12 e8 04 00 00 00 00 00 00 00 00 00 00 00 00 00 00 00 00 00 00 00 00 00 00
usb-hid-report: usb1 device 5 interface 0 0020: 00 00 00 00 00 00 e4 af
usb-hid-report: usb1 device 5 interface 0 length=40
usb-hid-report: usb1 device 5 interface 0 0000: 0c 00 01 05 01 00 d0 12 e8 04 00 00 00 00 00 00 00 00 00 00 00 00 00 00 00 00 00 00 00 00 00 00
usb-hid-report: usb1 device 5 interface 0 0020: 00 00 00 00 00 00 48 b0
usb-hid-report: usb1 device 5 interface 0 length=40
usb-hid-report: usb1 device 5 interface 0 0000: 0c 00 01 05 01 00 d0 12 e8 04 00 00 00 00 00 00 00 00 00 00 00 00 00 00 00 00 00 00 00 00 00 00
usb-hid-report: usb1 device 5 interface 0 0020: 00 00 00 00 00 00 ac b0
usb-hid-report: usb1 device 5 interface 0 length=40
usb-hid-report: usb1 device 5 interface 0 0000: 0c 00 01 05 01 00 d0 12 e8 04 00 00 00 00 00 00 00 00 00 00 00 00 00 00 00 00 00 00 00 00 00 00
usb-hid-report: usb1 device 5 interface 0 0020: 00 00 00 00 00 00 10 b1
usb-hid-report: usb1 device 5 interface 0 length=40
usb-hid-report: usb1 device 5 interface 0 0000: 0c 00 01 05 01 00 d0 12 e8 04 00 00 00 00 00 00 00 00 00 00 00 00 00 00 00 00 00 00 00 00 00 00
usb-hid-report: usb1 device 5 interface 0 0020: 00 00 00 00 00 00 74 b1
usb-hid-report: usb1 device 5 interface 0 length=40
usb-hid-report: usb1 device 5 interface 0 0000: 0c 00 01 05 01 00 d0 12 e8 04 00 00 00 00 00 00 00 00 00 00 00 00 00 00 00 00 00 00 00 00 00 00
usb-hid-report: usb1 device 5 interface 0 0020: 00 00 00 00 00 00 d8 b1
usb-hid-report: usb1 device 5 interface 0 length=40
usb-hid-report: usb1 device 5 interface 0 0000: 0c 00 01 05 01 00 d0 12 e8 04 00 00 00 00 00 00 00 00 00 00 00 00 00 00 00 00 00 00 00 00 00 00
usb-hid-report: usb1 device 5 interface 0 0020: 00 00 00 00 00 00 3c b2
usb-hid-report: usb1 device 5 interface 0 length=40
usb-hid-report: usb1 device 5 interface 0 0000: 0c 00 01 05 01 00 9f 12 06 05 00 00 00 00 00 00 00 00 00 00 00 00 00 00 00 00 00 00 00 00 00 00
usb-hid-report: usb1 device 5 interface 0 0020: 00 00 00 00 00 00 a0 b2
usb-hid-report: usb1 device 5 interface 0 length=40
usb-hid-report: usb1 device 5 interface 0 0000: 0c 00 01 05 01 00 83 12 29 05 00 00 00 00 00 00 00 00 00 00 00 00 00 00 00 00 00 00 00 00 00 00
usb-hid-report: usb1 device 5 interface 0 0020: 00 00 00 00 00 00 04 b3
usb-hid-report: usb1 device 5 interface 0 length=40
usb-hid-report: usb1 device 5 interface 0 0000: 0c 00 01 05 01 00 5f 12 54 05 00 00 00 00 00 00 00 00 00 00 00 00 00 00 00 00 00 00 00 00 00 00
usb-hid-report: usb1 device 5 interface 0 0020: 00 00 00 00 00 00 68 b3
usb-hid-report: usb1 device 5 interface 0 length=40
usb-hid-report: usb1 device 5 interface 0 0000: 0c 00 01 05 01 00 2c 12 88 05 00 00 00 00 00 00 00 00 00 00 00 00 00 00 00 00 00 00 00 00 00 00
usb-hid-report: usb1 device 5 interface 0 0020: 00 00 00 00 00 00 cc b3
usb-hid-report: usb1 device 5 interface 0 length=40
usb-hid-report: usb1 device 5 interface 0 0000: 0c 00 01 05 01 00 ed 11 c7 05 00 00 00 00 00 00 00 00 00 00 00 00 00 00 00 00 00 00 00 00 00 00
usb-hid-report: usb1 device 5 interface 0 0020: 00 00 00 00 00 00 30 b4
usb-hid-report: usb1 device 5 interface 0 length=40
usb-hid-report: usb1 device 5 interface 0 0000: 0c 00 01 05 01 00 b7 11 fe 05 00 00 00 00 00 00 00 00 00 00 00 00 00 00 00 00 00 00 00 00 00 00
xhci: cancel slot=5 endpoint=3 pending-events=0 first-type=0 iman=2 usbsts=0 erdp=5730b7c0 dequeue=124 command-busy=0 irq-busy=0
usb-hid-report: usb1 device 5 interface 0 0020: 00 00 00 00 00 00 94 b4
xhci: cancelled request slot=5 endpoint=3 completion=26 residual=1
usb-hid-report: usb1 device 5 interface 0 length=40
usb-hid-report: usb1 device 5 interface 0 0000: 0c 00 01 05 01 00 73 11 37 06 00 00 00 00 00 00 00 00 00 00 00 00 00 00 00 00 00 00 00 00 00 00
usb-hid-report: usb1 device 5 interface 0 0020: 00 00 00 00 00 00 f8 b4
usb-hid-report: usb1 device 5 interface 0 length=40
usb-hid-report: usb1 device 5 interface 0 0000: 0c 00 01 05 01 00 24 11 7b 06 00 00 00 00 00 00 00 00 00 00 00 00 00 00 00 00 00 00 00 00 00 00
usb-hid-report: usb1 device 5 interface 0 0020: 00 00 00 00 00 00 5c b5
usb-hid-report: usb1 device 5 interface 0 length=40
usb-hid-report: usb1 device 5 interface 0 0000: 0c 00 01 05 01 00 e0 10 bc 06 00 00 00 00 00 00 00 00 00 00 00 00 00 00 00 00 00 00 00 00 00 00
usb-hid-report: usb1 device 5 interface 0 0020: 00 00 00 00 00 00 c0 b5
usb-hid-report: usb1 device 5 interface 0 length=40
usb-hid-report: usb1 device 5 interface 0 0000: 0c 00 01 05 01 00 90 10 fe 06 00 00 00 00 00 00 00 00 00 00 00 00 00 00 00 00 00 00 00 00 00 00
usb-hid-report: usb1 device 5 interface 0 0020: 00 00 00 00 00 00 24 b6
usb-hid-report: usb1 device 5 interface 0 length=40
usb-hid-report: usb1 device 5 interface 0 0000: 0c 00 01 05 01 00 43 10 4a 07 00 00 00 00 00 00 00 00 00 00 00 00 00 00 00 00 00 00 00 00 00 00
usb-hid-report: usb1 device 5 interface 0 0020: 00 00 00 00 00 00 88 b6
i915: resident shim: ring rewound (idle context)
usb-hid-report: usb1 device 5 interface 0 length=40
usb-hid-report: usb1 device 5 interface 0 0000: 0c 00 01 05 01 00 f7 0f 98 07 00 00 00 00 00 00 00 00 00 00 00 00 00 00 00 00 00 00 00 00 00 00
usb-hid-report: usb1 device 5 interface 0 0020: 00 00 00 00 00 00 ec b6
usb-hid-report: usb1 device 5 interface 0 length=40
usb-hid-report: usb1 device 5 interface 0 0000: 0c 00 01 05 01 00 a2 0f e8 07 00 00 00 00 00 00 00 00 00 00 00 00 00 00 00 00 00 00 00 00 00 00
usb-hid-report: usb1 device 5 interface 0 0020: 00 00 00 00 00 00 50 b7
usb-hid-report: usb1 device 5 interface 0 length=40
usb-hid-report: usb1 device 5 interface 0 0000: 0c 00 01 05 01 00 5f 0f 39 08 00 00 00 00 00 00 00 00 00 00 00 00 00 00 00 00 00 00 00 00 00 00
usb-hid-report: usb1 device 5 interface 0 0020: 00 00 00 00 00 00 b4 b7
usb-hid-report: usb1 device 5 interface 0 length=40
usb-hid-report: usb1 device 5 interface 0 0000: 0c 00 01 05 01 00 18 0f 86 08 00 00 00 00 00 00 00 00 00 00 00 00 00 00 00 00 00 00 00 00 00 00
usb-hid-report: usb1 device 5 interface 0 0020: 00 00 00 00 00 00 18 b8
usb-hid-report: usb1 device 5 interface 0 length=40
usb-hid-report: usb1 device 5 interface 0 0000: 0c 00 01 05 01 00 ce 0e dd 08 00 00 00 00 00 00 00 00 00 00 00 00 00 00 00 00 00 00 00 00 00 00
usb-hid-report: usb1 device 5 interface 0 0020: 00 00 00 00 00 00 7c b8
usb-hid-report: usb1 device 5 interface 0 length=40
usb-hid-report: usb1 device 5 interface 0 0000: 0c 00 01 05 01 00 93 0e 2e 09 00 00 00 00 00 00 00 00 00 00 00 00 00 00 00 00 00 00 00 00 00 00
usb-hid-report: usb1 device 5 interface 0 0020: 00 00 00 00 00 00 e0 b8
xhci: cancel slot=5 endpoint=3 pending-events=0 first-type=0 iman=2 usbsts=0 erdp=5730b000 dequeue=0 command-busy=0 irq-busy=0
xhci: cancelled request slot=5 endpoint=3 completion=26 residual=1
xhci: cancel slot=5 endpoint=3 pending-events=0 first-type=0 iman=2 usbsts=0 erdp=5730b5e0 dequeue=94 command-busy=0 irq-busy=0
xhci: cancelled request slot=5 endpoint=3 completion=26 residual=1
i915: resident shim: ring rewound (idle context)
xhci: cancel slot=5 endpoint=3 pending-events=0 first-type=0 iman=2 usbsts=0 erdp=5730b7c0 dequeue=124 command-busy=0 irq-busy=0
xhci: cancelled request slot=5 endpoint=3 completion=26 residual=1
i915: resident shim: ring rewound (idle context)
xhci: cancel slot=5 endpoint=3 pending-events=0 first-type=0 iman=2 usbsts=0 erdp=5730bd80 dequeue=216 command-busy=0 irq-busy=0
xhci: cancelled request slot=5 endpoint=3 completion=26 residual=1
xhci: cancel slot=5 endpoint=3 pending-events=0 first-type=0 iman=2 usbsts=0 erdp=5730bf30 dequeue=243 command-busy=0 irq-busy=0
xhci: cancelled request slot=5 endpoint=3 completion=26 residual=1
xhci: cancel slot=5 endpoint=3 pending-events=0 first-type=0 iman=2 usbsts=0 erdp=5730b180 dequeue=24 command-busy=0 irq-busy=0
xhci: cancelled request slot=5 endpoint=3 completion=26 residual=1
i915: vk: an object (kind 18) was destroyed before what names it: 0 views, 0 descriptor sets, 0 framebuffers and 1 command buffers let go of it
i915: vk: an object (kind 8) was destroyed before what names it: 0 views, 0 descriptor sets, 0 framebuffers and 1 command buffers let go of it
i915: vk: an object (kind 9) was destroyed before what names it: 0 views, 1 descriptor sets, 0 framebuffers and 0 command buffers let go of it
i915: vk: an object (kind 9) was destroyed before what names it: 0 views, 2 descriptor sets, 0 framebuffers and 0 command buffers let go of it
i915: vk: an object (kind 9) was destroyed before what names it: 0 views, 2 descriptor sets, 0 framebuffers and 0 command buffers let go of it
i915: vk: an object (kind 9) was destroyed before what names it: 0 views, 2 descriptor sets, 0 framebuffers and 0 command buffers let go of it
xhci: cancel slot=5 endpoint=3 pending-events=0 first-type=0 iman=2 usbsts=0 erdp=5730b620 dequeue=98 command-busy=0 irq-busy=0
xhci: cancelled request slot=5 endpoint=3 completion=26 residual=1
i915: resident shim: ring rewound (idle context)
xhci: cancel slot=5 endpoint=3 pending-events=1 first-type=32 iman=2 usbsts=0 erdp=5730b7c0 dequeue=124 command-busy=0 irq-busy=0
xhci: cancelled request slot=5 endpoint=3 completion=26 residual=1
i915: vk: session 1: frames 272 in 5010 ms: per submit 1 runs (0 full) 52 ops (most 110), in submit 7283 us (runs 7050, record 233), between 11135 us
i915: perf: markers 290: wait 0.07 ms, run 0.01 ms
i915: perf: 5011 ms: 136 presents (27.14/s), 290 submits, 288 batches | per submit ms: 7.04 (build 0.22, run 6.81, gpu 6.67) | per present ms: 1.87 (copy 1.10, publish 0.00, flip 0.34)
xhci: cancel slot=5 endpoint=3 pending-events=0 first-type=0 iman=2 usbsts=0 erdp=5730bb70 dequeue=183 command-busy=0 irq-busy=0
xhci: cancelled request slot=5 endpoint=3 completion=26 residual=1
i915: vk: an object (kind 18) was destroyed before what names it: 0 views, 0 descriptor sets, 0 framebuffers and 1 command buffers let go of it
i915: vk: an object (kind 8) was destroyed before what names it: 0 views, 0 descriptor sets, 0 framebuffers and 1 command buffers let go of it
i915: vk: an object (kind 9) was destroyed before what names it: 0 views, 1 descriptor sets, 0 framebuffers and 0 command buffers let go of it
i915: vk: an object (kind 9) was destroyed before what names it: 0 views, 2 descriptor sets, 0 framebuffers and 0 command buffers let go of it
i915: vk: an object (kind 9) was destroyed before what names it: 0 views, 2 descriptor sets, 0 framebuffers and 0 command buffers let go of it
i915: vk: an object (kind 9) was destroyed before what names it: 0 views, 2 descriptor sets, 0 framebuffers and 0 command buffers let go of it
xhci: cancel slot=5 endpoint=3 pending-events=0 first-type=0 iman=2 usbsts=0 erdp=5730bcf0 dequeue=207 command-busy=0 irq-busy=0
xhci: cancelled request slot=5 endpoint=3 completion=26 residual=1
xhci: cancel slot=5 endpoint=3 pending-events=0 first-type=0 iman=2 usbsts=0 erdp=5730bd40 dequeue=212 command-busy=0 irq-busy=0
xhci: cancelled request slot=5 endpoint=3 completion=26 residual=1
xhci: cancel slot=5 endpoint=3 pending-events=0 first-type=0 iman=2 usbsts=0 erdp=5730bd70 dequeue=215 command-busy=0 irq-busy=0
xhci: cancelled request slot=5 endpoint=3 completion=26 residual=1
xhci: cancel slot=5 endpoint=3 pending-events=0 first-type=0 iman=2 usbsts=0 erdp=5730beb0 dequeue=235 command-busy=0 irq-busy=0
xhci: cancelled request slot=5 endpoint=3 completion=26 residual=1
i915: vk: an object (kind 18) was destroyed before what names it: 0 views, 0 descriptor sets, 0 framebuffers and 1 command buffers let go of it
i915: vk: an object (kind 8) was destroyed before what names it: 0 views, 0 descriptor sets, 0 framebuffers and 1 command buffers let go of it
i915: vk: an object (kind 9) was destroyed before what names it: 0 views, 1 descriptor sets, 0 framebuffers and 0 command buffers let go of it
i915: vk: an object (kind 9) was destroyed before what names it: 0 views, 2 descriptor sets, 0 framebuffers and 0 command buffers let go of it
i915: vk: an object (kind 9) was destroyed before what names it: 0 views, 2 descriptor sets, 0 framebuffers and 0 command buffers let go of it
xhci: cancel slot=5 endpoint=3 pending-events=0 first-type=0 iman=2 usbsts=0 erdp=5730bfe0 dequeue=254 command-busy=0 irq-busy=0
xhci: cancelled request slot=5 endpoint=3 completion=26 residual=1
i915: vk: an object (kind 9) was destroyed before what names it: 0 views, 2 descriptor sets, 0 framebuffers and 0 command buffers let go of it
xhci: cancel slot=5 endpoint=3 pending-events=0 first-type=0 iman=2 usbsts=0 erdp=5730b420 dequeue=66 command-busy=0 irq-busy=0
xhci: cancelled request slot=5 endpoint=3 completion=26 residual=1
xhci: cancel slot=5 endpoint=3 pending-events=0 first-type=0 iman=2 usbsts=0 erdp=5730b630 dequeue=99 command-busy=0 irq-busy=0
xhci: cancelled request slot=5 endpoint=3 completion=26 residual=1
xhci: cancel slot=5 endpoint=3 pending-events=0 first-type=0 iman=2 usbsts=0 erdp=5730b680 dequeue=104 command-busy=0 irq-busy=0
xhci: cancelled request slot=5 endpoint=3 completion=26 residual=1
i915: resident shim: ring rewound (idle context)
i915: vk: an object (kind 18) was destroyed before what names it: 0 views, 0 descriptor sets, 0 framebuffers and 1 command buffers let go of it
i915: vk: an object (kind 8) was destroyed before what names it: 0 views, 0 descriptor sets, 0 framebuffers and 1 command buffers let go of it
i915: vk: an object (kind 9) was destroyed before what names it: 0 views, 1 descriptor sets, 0 framebuffers and 0 command buffers let go of it
i915: vk: an object (kind 9) was destroyed before what names it: 0 views, 2 descriptor sets, 0 framebuffers and 0 command buffers let go of it
i915: vk: an object (kind 9) was destroyed before what names it: 0 views, 2 descriptor sets, 0 framebuffers and 0 command buffers let go of it
i915: vk: an object (kind 9) was destroyed before what names it: 0 views, 2 descriptor sets, 0 framebuffers and 0 command buffers let go of it
xhci: cancel slot=5 endpoint=3 pending-events=0 first-type=0 iman=2 usbsts=0 erdp=5730b7e0 dequeue=126 command-busy=0 irq-busy=0
xhci: cancelled request slot=5 endpoint=3 completion=26 residual=1
xhci: cancel slot=5 endpoint=3 pending-events=0 first-type=0 iman=2 usbsts=0 erdp=5730b830 dequeue=131 command-busy=0 irq-busy=0
xhci: cancelled request slot=5 endpoint=3 completion=26 residual=1
xhci: cancel slot=5 endpoint=3 pending-events=0 first-type=0 iman=2 usbsts=0 erdp=5730b860 dequeue=134 command-busy=0 irq-busy=0
xhci: cancelled request slot=5 endpoint=3 completion=26 residual=1
xhci: cancel slot=5 endpoint=3 pending-events=0 first-type=0 iman=2 usbsts=0 erdp=5730b8b0 dequeue=139 command-busy=0 irq-busy=0
xhci: cancelled request slot=5 endpoint=3 completion=26 residual=1
hid-input: malformed input usb1/port2/device5/interface0 length=40 error=3
hid-input: malformed input usb1/port2/device5/interface0 length=40 error=3
hid-input: malformed input usb1/port2/device5/interface0 length=40 error=3
hid-input: malformed input usb1/port2/device5/interface0 length=40 error=3
hid-input: malformed input usb1/port2/device5/interface0 length=40 error=3
hid-input: malformed input usb1/port2/device5/interface0 length=40 error=3
hid-input: malformed input usb1/port2/device5/interface0 length=40 error=3
hid-input: malformed input usb1/port2/device5/interface0 length=40 error=3
hid-input: malformed input usb1/port2/device5/interface0 length=40 error=3
hid-input: malformed input usb1/port2/device5/interface0 length=40 error=3
hid-input: malformed input usb1/port2/device5/interface0 length=40 error=3
xhci: cancel slot=5 endpoint=3 pending-events=0 first-type=0 iman=2 usbsts=0 erdp=5730bb10 dequeue=177 command-busy=0 irq-busy=0
xhci: cancelled request slot=5 endpoint=3 completion=26 residual=1
xhci: cancel slot=5 endpoint=3 pending-events=0 first-type=0 iman=2 usbsts=0 erdp=5730bb60 dequeue=182 command-busy=0 irq-busy=0
xhci: cancelled request slot=5 endpoint=3 completion=26 residual=1
xhci: cancel slot=5 endpoint=3 pending-events=0 first-type=0 iman=2 usbsts=0 erdp=5730bb90 dequeue=185 command-busy=0 irq-busy=0
xhci: cancelled request slot=5 endpoint=3 completion=26 residual=1
hid-input: malformed input usb1/port2/device5/interface0 length=40 error=3
hid-input: malformed input usb1/port2/device5/interface0 length=40 error=3
hid-input: malformed input usb1/port2/device5/interface0 length=40 error=3
hid-input: malformed input usb1/port2/device5/interface0 length=40 error=3
hid-input: malformed input usb1/port2/device5/interface0 length=40 error=3
xhci: cancel slot=5 endpoint=3 pending-events=0 first-type=0 iman=2 usbsts=0 erdp=5730bcb0 dequeue=203 command-busy=0 irq-busy=0
xhci: cancelled request slot=5 endpoint=3 completion=26 residual=1
xhci: cancel slot=5 endpoint=3 pending-events=0 first-type=0 iman=2 usbsts=0 erdp=5730bd50 dequeue=213 command-busy=0 irq-busy=0
xhci: cancelled request slot=5 endpoint=3 completion=26 residual=1
xhci: cancel slot=5 endpoint=3 pending-events=0 first-type=0 iman=2 usbsts=0 erdp=5730bda0 dequeue=218 command-busy=0 irq-busy=0
xhci: cancelled request slot=5 endpoint=3 completion=26 residual=1
i915: resident shim: ring rewound (idle context)
xhci: cancel slot=5 endpoint=3 pending-events=0 first-type=0 iman=2 usbsts=0 erdp=5730bf50 dequeue=245 command-busy=0 irq-busy=0
xhci: cancelled request slot=5 endpoint=3 completion=26 residual=1
xhci: cancel slot=5 endpoint=3 pending-events=0 first-type=0 iman=2 usbsts=0 erdp=5730b010 dequeue=1 command-busy=0 irq-busy=0
xhci: cancelled request slot=5 endpoint=3 completion=26 residual=1
xhci: cancel slot=5 endpoint=3 pending-events=0 first-type=0 iman=2 usbsts=0 erdp=5730b370 dequeue=55 command-busy=0 irq-busy=0
xhci: cancelled request slot=5 endpoint=3 completion=26 residual=1
i915: vk: session 1: frames 100 in 5426 ms: per submit 1 runs (0 full) 53 ops (most 110), in submit 7859 us (runs 7538, record 321), between 46404 us
i915: perf: markers 117: wait 0.40 ms, run 0.00 ms
i915: perf: 5425 ms: 50 presents (9.21/s), 117 submits, 114 batches | per submit ms: 7.16 (build 0.28, run 6.88, gpu 6.61) | per present ms: 1.44 (copy 0.96, publish 0.00, flip 0.19)
xhci: cancel slot=5 endpoint=3 pending-events=0 first-type=0 iman=2 usbsts=0 erdp=5730b520 dequeue=82 command-busy=0 irq-busy=0
xhci: cancelled request slot=5 endpoint=3 completion=26 residual=1
xhci: cancel slot=5 endpoint=3 pending-events=0 first-type=0 iman=2 usbsts=0 erdp=5730b6e0 dequeue=110 command-busy=0 irq-busy=0
xhci: cancelled request slot=5 endpoint=3 completion=26 residual=1
xhci: cancel slot=5 endpoint=3 pending-events=0 first-type=0 iman=2 usbsts=0 erdp=5730b810 dequeue=129 command-busy=0 irq-busy=0
xhci: cancelled request slot=5 endpoint=3 completion=26 residual=1
xhci: cancel slot=5 endpoint=3 pending-events=0 first-type=0 iman=2 usbsts=0 erdp=5730b840 dequeue=132 command-busy=0 irq-busy=0
xhci: cancelled request slot=5 endpoint=3 completion=26 residual=1
xhci: cancel slot=5 endpoint=3 pending-events=0 first-type=0 iman=2 usbsts=0 erdp=5730b890 dequeue=137 command-busy=0 irq-busy=0
xhci: cancelled request slot=5 endpoint=3 completion=26 residual=1
xhci: cancel slot=5 endpoint=3 pending-events=0 first-type=0 iman=2 usbsts=0 erdp=5730b930 dequeue=147 command-busy=0 irq-busy=0
xhci: cancelled request slot=5 endpoint=3 completion=26 residual=1
xhci: cancel slot=5 endpoint=3 pending-events=0 first-type=0 iman=2 usbsts=0 erdp=5730bcc0 dequeue=204 command-busy=0 irq-busy=0
xhci: cancelled request slot=5 endpoint=3 completion=26 residual=1
xhci: cancel slot=5 endpoint=3 pending-events=0 first-type=0 iman=2 usbsts=0 erdp=5730bd80 dequeue=216 command-busy=0 irq-busy=0
xhci: cancelled request slot=5 endpoint=3 completion=26 residual=1
xhci: cancel slot=5 endpoint=3 pending-events=0 first-type=0 iman=2 usbsts=0 erdp=5730bdd0 dequeue=221 command-busy=0 irq-busy=0
xhci: cancelled request slot=5 endpoint=3 completion=26 residual=1
xhci: cancel slot=5 endpoint=3 pending-events=0 first-type=0 iman=2 usbsts=0 erdp=5730be00 dequeue=224 command-busy=0 irq-busy=0
xhci: cancelled request slot=5 endpoint=3 completion=26 residual=1
xhci: cancel slot=5 endpoint=3 pending-events=0 first-type=0 iman=2 usbsts=0 erdp=5730bf60 dequeue=246 command-busy=0 irq-busy=0
xhci: cancelled request slot=5 endpoint=3 completion=26 residual=1
xhci: cancel slot=5 endpoint=3 pending-events=0 first-type=0 iman=2 usbsts=0 erdp=5730b090 dequeue=9 command-busy=0 irq-busy=0
xhci: cancelled request slot=5 endpoint=3 completion=26 residual=1
xhci: cancel slot=5 endpoint=3 pending-events=0 first-type=0 iman=2 usbsts=0 erdp=5730b0e0 dequeue=14 command-busy=0 irq-busy=0
xhci: cancelled request slot=5 endpoint=3 completion=26 residual=1
xhci: cancel slot=5 endpoint=3 pending-events=0 first-type=0 iman=2 usbsts=0 erdp=5730b190 dequeue=25 command-busy=0 irq-busy=0
xhci: cancelled request slot=5 endpoint=3 completion=26 residual=1
xhci: cancel slot=5 endpoint=3 pending-events=0 first-type=0 iman=2 usbsts=0 erdp=5730b2e0 dequeue=46 command-busy=0 irq-busy=0
xhci: cancelled request slot=5 endpoint=3 completion=26 residual=1
xhci: cancel slot=5 endpoint=3 pending-events=0 first-type=0 iman=2 usbsts=0 erdp=5730b350 dequeue=53 command-busy=0 irq-busy=0
xhci: cancelled request slot=5 endpoint=3 completion=26 residual=1
xhci: cancel slot=5 endpoint=3 pending-events=0 first-type=0 iman=2 usbsts=0 erdp=5730b430 dequeue=67 command-busy=0 irq-busy=0
xhci: cancelled request slot=5 endpoint=3 completion=26 residual=1
xhci: cancel slot=5 endpoint=3 pending-events=0 first-type=0 iman=2 usbsts=0 erdp=5730b5f0 dequeue=95 command-busy=0 irq-busy=0
xhci: cancelled request slot=5 endpoint=3 completion=26 residual=1
xhci: cancel slot=5 endpoint=3 pending-events=0 first-type=0 iman=2 usbsts=0 erdp=5730b670 dequeue=103 command-busy=0 irq-busy=0
xhci: cancelled request slot=5 endpoint=3 completion=26 residual=1
xhci: cancel slot=5 endpoint=3 pending-events=0 first-type=0 iman=2 usbsts=0 erdp=5730b6a0 dequeue=106 command-busy=0 irq-busy=0
xhci: cancelled request slot=5 endpoint=3 completion=26 residual=1
i915: perf: markers 16: wait 0.00 ms, run 0.00 ms
i915: perf: 5066 ms: 8 presents (1.57/s), 16 submits, 16 batches | per submit ms: 6.54 (build 0.17, run 6.37, gpu 6.36) | per present ms: 0.84 (copy 0.82, publish 0.00, flip 0.00)
xhci: cancel slot=5 endpoint=3 pending-events=0 first-type=0 iman=2 usbsts=0 erdp=5730baa0 dequeue=170 command-busy=0 irq-busy=0
xhci: cancelled request slot=5 endpoint=3 completion=26 residual=1
xhci: cancel slot=5 endpoint=3 pending-events=0 first-type=0 iman=2 usbsts=0 erdp=5730bad0 dequeue=173 command-busy=0 irq-busy=0
xhci: cancelled request slot=5 endpoint=3 completion=26 residual=1
xhci: cancel slot=5 endpoint=3 pending-events=0 first-type=0 iman=2 usbsts=0 erdp=5730bc50 dequeue=197 command-busy=0 irq-busy=0
xhci: cancelled request slot=5 endpoint=3 completion=26 residual=1
xhci: cancel slot=5 endpoint=3 pending-events=0 first-type=0 iman=2 usbsts=0 erdp=5730bd90 dequeue=217 command-busy=0 irq-busy=0
xhci: cancelled request slot=5 endpoint=3 completion=26 residual=1
xhci: cancel slot=5 endpoint=3 pending-events=0 first-type=0 iman=2 usbsts=0 erdp=5730bdc0 dequeue=220 command-busy=0 irq-busy=0
xhci: cancelled request slot=5 endpoint=3 completion=26 residual=1
xhci: cancel slot=5 endpoint=3 pending-events=0 first-type=0 iman=2 usbsts=0 erdp=5730be10 dequeue=225 command-busy=0 irq-busy=0
xhci: cancelled request slot=5 endpoint=3 completion=26 residual=1
xhci: cancel slot=5 endpoint=3 pending-events=1 first-type=32 iman=2 usbsts=0 erdp=5730bf80 dequeue=248 command-busy=0 irq-busy=0
xhci: cancelled request slot=5 endpoint=3 completion=26 residual=1
xhci: cancel slot=5 endpoint=3 pending-events=0 first-type=0 iman=2 usbsts=0 erdp=5730b110 dequeue=17 command-busy=0 irq-busy=0
xhci: cancelled request slot=5 endpoint=3 completion=26 residual=1
i915: vk: an object (kind 18) was destroyed before what names it: 0 views, 0 descriptor sets, 0 framebuffers and 1 command buffers let go of it
i915: vk: an object (kind 8) was destroyed before what names it: 0 views, 0 descriptor sets, 0 framebuffers and 1 command buffers let go of it
i915: vk: an object (kind 9) was destroyed before what names it: 0 views, 1 descriptor sets, 0 framebuffers and 0 command buffers let go of it
i915: vk: an object (kind 9) was destroyed before what names it: 0 views, 2 descriptor sets, 0 framebuffers and 0 command buffers let go of it
i915: vk: an object (kind 9) was destroyed before what names it: 0 views, 2 descriptor sets, 0 framebuffers and 0 command buffers let go of it
i915: vk: an object (kind 9) was destroyed before what names it: 0 views, 2 descriptor sets, 0 framebuffers and 0 command buffers let go of it
i915: resident shim: ring rewound (idle context)
xhci: cancel slot=5 endpoint=3 pending-events=0 first-type=0 iman=2 usbsts=0 erdp=5730b180 dequeue=24 command-busy=0 irq-busy=0
xhci: cancelled request slot=5 endpoint=3 completion=26 residual=1
xhci: cancel slot=5 endpoint=3 pending-events=0 first-type=0 iman=2 usbsts=0 erdp=5730b1d0 dequeue=29 command-busy=0 irq-busy=0
xhci: cancelled request slot=5 endpoint=3 completion=26 residual=1
xhci: cancel slot=5 endpoint=3 pending-events=0 first-type=0 iman=2 usbsts=0 erdp=5730b220 dequeue=34 command-busy=0 irq-busy=0
xhci: cancelled request slot=5 endpoint=3 completion=26 residual=1
xhci: cancel slot=5 endpoint=3 pending-events=0 first-type=0 iman=2 usbsts=0 erdp=5730b2b0 dequeue=43 command-busy=0 irq-busy=0
xhci: cancelled request slot=5 endpoint=3 completion=26 residual=1
i915: resident shim: ring rewound (idle context)
xhci: cancel slot=5 endpoint=3 pending-events=0 first-type=0 iman=2 usbsts=0 erdp=5730b410 dequeue=65 command-busy=0 irq-busy=0
xhci: cancelled request slot=5 endpoint=3 completion=26 residual=1
xhci: cancel slot=5 endpoint=3 pending-events=0 first-type=0 iman=2 usbsts=0 erdp=5730b550 dequeue=85 command-busy=0 irq-busy=0
xhci: cancelled request slot=5 endpoint=3 completion=26 residual=1
xhci: cancel slot=5 endpoint=3 pending-events=1 first-type=32 iman=2 usbsts=0 erdp=5730b680 dequeue=104 command-busy=0 irq-busy=0
xhci: cancelled request slot=5 endpoint=3 completion=26 residual=1
xhci: cancel slot=5 endpoint=3 pending-events=0 first-type=0 iman=2 usbsts=0 erdp=5730b740 dequeue=116 command-busy=0 irq-busy=0
xhci: cancelled request slot=5 endpoint=3 completion=26 residual=1
xhci: cancel slot=5 endpoint=3 pending-events=0 first-type=0 iman=2 usbsts=0 erdp=5730b770 dequeue=119 command-busy=0 irq-busy=0
xhci: cancelled request slot=5 endpoint=3 completion=26 residual=1
xhci: cancel slot=5 endpoint=3 pending-events=0 first-type=0 iman=2 usbsts=0 erdp=5730b7c0 dequeue=124 command-busy=0 irq-busy=0
xhci: cancelled request slot=5 endpoint=3 completion=26 residual=1
xhci: cancel slot=5 endpoint=3 pending-events=0 first-type=0 iman=2 usbsts=0 erdp=5730b880 dequeue=136 command-busy=0 irq-busy=0
xhci: cancelled request slot=5 endpoint=3 completion=26 residual=1
xhci: cancel slot=5 endpoint=3 pending-events=0 first-type=0 iman=2 usbsts=0 erdp=5730b910 dequeue=145 command-busy=0 irq-busy=0
xhci: cancelled request slot=5 endpoint=3 completion=26 residual=1
xhci: cancel slot=5 endpoint=3 pending-events=0 first-type=0 iman=2 usbsts=0 erdp=5730b940 dequeue=148 command-busy=0 irq-busy=0
xhci: cancelled request slot=5 endpoint=3 completion=26 residual=1
i915: perf: markers 41: wait 0.20 ms, run 0.00 ms
i915: perf: 5339 ms: 17 presents (3.18/s), 41 submits, 40 batches | per submit ms: 7.74 (build 0.15, run 7.58, gpu 7.24) | per present ms: 0.90 (copy 0.83, publish 0.00, flip 0.00)
xhci: cancel slot=5 endpoint=3 pending-events=0 first-type=0 iman=2 usbsts=0 erdp=5730ba90 dequeue=169 command-busy=0 irq-busy=0
xhci: cancelled request slot=5 endpoint=3 completion=26 residual=1
xhci: cancel slot=5 endpoint=3 pending-events=0 first-type=0 iman=2 usbsts=0 erdp=5730bac0 dequeue=172 command-busy=0 irq-busy=0
xhci: cancelled request slot=5 endpoint=3 completion=26 residual=1
xhci: cancel slot=5 endpoint=3 pending-events=0 first-type=0 iman=2 usbsts=0 erdp=5730bb10 dequeue=177 command-busy=0 irq-busy=0
xhci: cancelled request slot=5 endpoint=3 completion=26 residual=1
xhci: cancel slot=5 endpoint=3 pending-events=0 first-type=0 iman=2 usbsts=0 erdp=5730bb40 dequeue=180 command-busy=0 irq-busy=0
xhci: cancelled request slot=5 endpoint=3 completion=26 residual=1
xhci: cancel slot=5 endpoint=3 pending-events=0 first-type=0 iman=2 usbsts=0 erdp=5730bbb0 dequeue=187 command-busy=0 irq-busy=0
xhci: cancelled request slot=5 endpoint=3 completion=26 residual=1
xhci: cancel slot=5 endpoint=3 pending-events=0 first-type=0 iman=2 usbsts=0 erdp=5730bbe0 dequeue=190 command-busy=0 irq-busy=0
xhci: cancelled request slot=5 endpoint=3 completion=26 residual=1
xhci: cancel slot=5 endpoint=3 pending-events=0 first-type=0 iman=2 usbsts=0 erdp=5730bc70 dequeue=199 command-busy=0 irq-busy=0
xhci: cancelled request slot=5 endpoint=3 completion=26 residual=1
xhci: cancel slot=5 endpoint=3 pending-events=0 first-type=0 iman=2 usbsts=0 erdp=5730bca0 dequeue=202 command-busy=0 irq-busy=0
xhci: cancelled request slot=5 endpoint=3 completion=26 residual=1
xhci: cancel slot=5 endpoint=3 pending-events=0 first-type=0 iman=2 usbsts=0 erdp=5730bd30 dequeue=211 command-busy=0 irq-busy=0
xhci: cancelled request slot=5 endpoint=3 completion=26 residual=1
xhci: cancel slot=5 endpoint=3 pending-events=0 first-type=0 iman=2 usbsts=0 erdp=5730bde0 dequeue=222 command-busy=0 irq-busy=0
xhci: cancelled request slot=5 endpoint=3 completion=26 residual=1
xhci: cancel slot=5 endpoint=3 pending-events=0 first-type=0 iman=2 usbsts=0 erdp=5730be30 dequeue=227 command-busy=0 irq-busy=0
xhci: cancelled request slot=5 endpoint=3 completion=26 residual=1
xhci: cancel slot=5 endpoint=3 pending-events=0 first-type=0 iman=2 usbsts=0 erdp=5730be60 dequeue=230 command-busy=0 irq-busy=0
xhci: cancelled request slot=5 endpoint=3 completion=26 residual=1
xhci: cancel slot=5 endpoint=3 pending-events=0 first-type=0 iman=2 usbsts=0 erdp=5730bfe0 dequeue=254 command-busy=0 irq-busy=0
xhci: cancelled request slot=5 endpoint=3 completion=26 residual=1
xhci: cancel slot=5 endpoint=3 pending-events=0 first-type=0 iman=2 usbsts=0 erdp=5730b1a0 dequeue=26 command-busy=0 irq-busy=0
xhci: cancelled request slot=5 endpoint=3 completion=26 residual=1
xhci: cancel slot=5 endpoint=3 pending-events=0 first-type=0 iman=2 usbsts=0 erdp=5730b680 dequeue=104 command-busy=0 irq-busy=0
xhci: cancelled request slot=5 endpoint=3 completion=26 residual=1
xhci: cancel slot=5 endpoint=3 pending-events=0 first-type=0 iman=2 usbsts=0 erdp=5730b840 dequeue=132 command-busy=0 irq-busy=0
xhci: cancelled request slot=5 endpoint=3 completion=26 residual=1
xhci: cancel slot=5 endpoint=3 pending-events=0 first-type=0 iman=2 usbsts=0 erdp=5730b8b0 dequeue=139 command-busy=0 irq-busy=0
xhci: cancelled request slot=5 endpoint=3 completion=26 residual=1
xhci: cancel slot=5 endpoint=3 pending-events=0 first-type=0 iman=2 usbsts=0 erdp=5730b990 dequeue=153 command-busy=0 irq-busy=0
xhci: cancelled request slot=5 endpoint=3 completion=26 residual=1
xhci: cancel slot=5 endpoint=3 pending-events=0 first-type=0 iman=2 usbsts=0 erdp=5730bb50 dequeue=181 command-busy=0 irq-busy=0
xhci: cancelled request slot=5 endpoint=3 completion=26 residual=1
xhci: cancel slot=5 endpoint=3 pending-events=0 first-type=0 iman=2 usbsts=0 erdp=5730bb80 dequeue=184 command-busy=0 irq-busy=0
xhci: cancelled request slot=5 endpoint=3 completion=26 residual=1
xhci: cancel slot=5 endpoint=3 pending-events=0 first-type=0 iman=2 usbsts=0 erdp=5730bbd0 dequeue=189 command-busy=0 irq-busy=0
xhci: cancelled request slot=5 endpoint=3 completion=26 residual=1
i915: perf: markers 52: wait 0.68 ms, run 0.00 ms
i915: perf: 5371 ms: 16 presents (2.97/s), 52 submits, 52 batches | per submit ms: 7.53 (build 0.11, run 7.41, gpu 6.81) | per present ms: 0.88 (copy 0.86, publish 0.00, flip 0.00)
xhci: cancel slot=5 endpoint=3 pending-events=0 first-type=0 iman=2 usbsts=0 erdp=5730beb0 dequeue=235 command-busy=0 irq-busy=0
xhci: cancelled request slot=5 endpoint=3 completion=26 residual=1
xhci: cancel slot=5 endpoint=3 pending-events=0 first-type=0 iman=2 usbsts=0 erdp=5730b0e0 dequeue=14 command-busy=0 irq-busy=0
xhci: cancelled request slot=5 endpoint=3 completion=26 residual=1
xhci: cancel slot=5 endpoint=3 pending-events=0 first-type=0 iman=2 usbsts=0 erdp=5730b2a0 dequeue=42 command-busy=0 irq-busy=0
xhci: cancelled request slot=5 endpoint=3 completion=26 residual=1
xhci: cancel slot=5 endpoint=3 pending-events=0 first-type=0 iman=2 usbsts=0 erdp=5730b480 dequeue=72 command-busy=0 irq-busy=0
xhci: cancelled request slot=5 endpoint=3 completion=26 residual=1
xhci: cancel slot=5 endpoint=3 pending-events=0 first-type=0 iman=2 usbsts=0 erdp=5730b660 dequeue=102 command-busy=0 irq-busy=0
xhci: cancelled request slot=5 endpoint=3 completion=26 residual=1
xhci: cancel slot=5 endpoint=3 pending-events=0 first-type=0 iman=2 usbsts=0 erdp=5730b850 dequeue=133 command-busy=0 irq-busy=0
xhci: cancelled request slot=5 endpoint=3 completion=26 residual=1
xhci: cancel slot=5 endpoint=3 pending-events=0 first-type=0 iman=2 usbsts=0 erdp=5730ba10 dequeue=161 command-busy=0 irq-busy=0
xhci: cancelled request slot=5 endpoint=3 completion=26 residual=1
xhci: cancel slot=5 endpoint=3 pending-events=0 first-type=0 iman=2 usbsts=0 erdp=5730bbf0 dequeue=191 command-busy=0 irq-busy=0
xhci: cancelled request slot=5 endpoint=3 completion=26 residual=1
xhci: cancel slot=5 endpoint=3 pending-events=0 first-type=0 iman=2 usbsts=0 erdp=5730bf40 dequeue=244 command-busy=0 irq-busy=0
xhci: cancelled request slot=5 endpoint=3 completion=26 residual=1
xhci: cancel slot=5 endpoint=3 pending-events=0 first-type=0 iman=2 usbsts=0 erdp=5730b170 dequeue=23 command-busy=0 irq-busy=0
xhci: cancelled request slot=5 endpoint=3 completion=26 residual=1
i915: resident shim: ring rewound (idle context)
xhci: cancel slot=5 endpoint=3 pending-events=0 first-type=0 iman=2 usbsts=0 erdp=5730b1c0 dequeue=28 command-busy=0 irq-busy=0
xhci: cancelled request slot=5 endpoint=3 completion=26 residual=1
xhci: cancel slot=5 endpoint=3 pending-events=0 first-type=0 iman=2 usbsts=0 erdp=5730b210 dequeue=33 command-busy=0 irq-busy=0
xhci: cancelled request slot=5 endpoint=3 completion=26 residual=1
xhci: cancel slot=5 endpoint=3 pending-events=0 first-type=0 iman=2 usbsts=0 erdp=5730b360 dequeue=54 command-busy=0 irq-busy=0
xhci: cancelled request slot=5 endpoint=3 completion=26 residual=1
xhci: cancel slot=5 endpoint=3 pending-events=0 first-type=0 iman=2 usbsts=0 erdp=5730b540 dequeue=84 command-busy=0 irq-busy=0
xhci: cancelled request slot=5 endpoint=3 completion=26 residual=1
xhci: cancel slot=5 endpoint=3 pending-events=0 first-type=0 iman=2 usbsts=0 erdp=5730b790 dequeue=121 command-busy=0 irq-busy=0
xhci: cancelled request slot=5 endpoint=3 completion=26 residual=1
xhci: cancel slot=5 endpoint=3 pending-events=0 first-type=0 iman=2 usbsts=0 erdp=5730b7e0 dequeue=126 command-busy=0 irq-busy=0
xhci: cancelled request slot=5 endpoint=3 completion=26 residual=1
xhci: cancel slot=5 endpoint=3 pending-events=0 first-type=0 iman=2 usbsts=0 erdp=5730b8d0 dequeue=141 command-busy=0 irq-busy=0
xhci: cancelled request slot=5 endpoint=3 completion=26 residual=1
i915: resident shim: ring rewound (idle context)
i915: resident shim: ring rewound (idle context)
xhci: cancel slot=5 endpoint=3 pending-events=0 first-type=0 iman=2 usbsts=0 erdp=5730baf0 dequeue=175 command-busy=0 irq-busy=0
xhci: cancelled request slot=5 endpoint=3 completion=26 residual=1
xhci: cancel slot=5 endpoint=3 pending-events=0 first-type=0 iman=2 usbsts=0 erdp=5730bce0 dequeue=206 command-busy=0 irq-busy=0
xhci: cancelled request slot=5 endpoint=3 completion=26 residual=1
xhci: cancel slot=5 endpoint=3 pending-events=0 first-type=0 iman=2 usbsts=0 erdp=5730bec0 dequeue=236 command-busy=0 irq-busy=0
xhci: cancelled request slot=5 endpoint=3 completion=26 residual=1
i915: perf: markers 108: wait 0.24 ms, run 0.00 ms
i915: perf: 5115 ms: 29 presents (5.66/s), 108 submits, 108 batches | per submit ms: 7.03 (build 0.11, run 6.91, gpu 6.88) | per present ms: 0.93 (copy 0.89, publish 0.00, flip 0.00)
i915: vk: session 1: frames 58 in 5119 ms: per submit 1 runs (0 full) 51 ops (most 102), in submit 10987 us (runs 10781, record 206), between 77278 us
xhci: cancel slot=5 endpoint=3 pending-events=0 first-type=0 iman=2 usbsts=0 erdp=5730b080 dequeue=8 command-busy=0 irq-busy=0
xhci: cancelled request slot=5 endpoint=3 completion=26 residual=1
xhci: cancel slot=5 endpoint=3 pending-events=0 first-type=0 iman=2 usbsts=0 erdp=5730b260 dequeue=38 command-busy=0 irq-busy=0
xhci: cancelled request slot=5 endpoint=3 completion=26 residual=1
xhci: cancel slot=5 endpoint=3 pending-events=0 first-type=0 iman=2 usbsts=0 erdp=5730b360 dequeue=54 command-busy=0 irq-busy=0
xhci: cancelled request slot=5 endpoint=3 completion=26 residual=1
xhci: cancel slot=5 endpoint=3 pending-events=0 first-type=0 iman=2 usbsts=0 erdp=5730b410 dequeue=65 command-busy=0 irq-busy=0
xhci: cancelled request slot=5 endpoint=3 completion=26 residual=1
xhci: cancel slot=5 endpoint=3 pending-events=0 first-type=0 iman=2 usbsts=0 erdp=5730b5d0 dequeue=93 command-busy=0 irq-busy=0
xhci: cancelled request slot=5 endpoint=3 completion=26 residual=1
xhci: cancel slot=5 endpoint=3 pending-events=0 first-type=0 iman=2 usbsts=0 erdp=5730b7f0 dequeue=127 command-busy=0 irq-busy=0
xhci: cancelled request slot=5 endpoint=3 completion=26 residual=1
xhci: cancel slot=5 endpoint=3 pending-events=0 first-type=0 iman=2 usbsts=0 erdp=5730b9c0 dequeue=156 command-busy=0 irq-busy=0
xhci: cancelled request slot=5 endpoint=3 completion=26 residual=1
xhci: cancel slot=5 endpoint=3 pending-events=0 first-type=0 iman=2 usbsts=0 erdp=5730bba0 dequeue=186 command-busy=0 irq-busy=0
xhci: cancelled request slot=5 endpoint=3 completion=26 residual=1
xhci: cancel slot=5 endpoint=3 pending-events=0 first-type=0 iman=2 usbsts=0 erdp=5730bd60 dequeue=214 command-busy=0 irq-busy=0
xhci: cancelled request slot=5 endpoint=3 completion=26 residual=1
xhci: cancel slot=5 endpoint=3 pending-events=0 first-type=0 iman=2 usbsts=0 erdp=5730bfc0 dequeue=252 command-busy=0 irq-busy=0
xhci: cancelled request slot=5 endpoint=3 completion=26 residual=1
i915: vk: session 4: frames 54 in 5618 ms: per submit 1 runs (0 full) 1 ops (most 1), in submit 2512 us (runs 2504, record 8), between 101535 us
xhci: cancel slot=5 endpoint=3 pending-events=0 first-type=0 iman=2 usbsts=0 erdp=5730bff0 dequeue=255 command-busy=0 irq-busy=0
xhci: cancelled request slot=5 endpoint=3 completion=26 residual=1
xhci: cancel slot=5 endpoint=3 pending-events=0 first-type=0 iman=2 usbsts=0 erdp=5730b130 dequeue=19 command-busy=0 irq-busy=0
xhci: cancelled request slot=5 endpoint=3 completion=26 residual=1
xhci: cancel slot=5 endpoint=3 pending-events=0 first-type=0 iman=2 usbsts=0 erdp=5730b2f0 dequeue=47 command-busy=0 irq-busy=0
xhci: cancelled request slot=5 endpoint=3 completion=26 residual=1
xhci: cancel slot=5 endpoint=3 pending-events=0 first-type=0 iman=2 usbsts=0 erdp=5730b510 dequeue=81 command-busy=0 irq-busy=0
xhci: cancelled request slot=5 endpoint=3 completion=26 residual=1
xhci: cancel slot=5 endpoint=3 pending-events=0 first-type=0 iman=2 usbsts=0 erdp=5730b5e0 dequeue=94 command-busy=0 irq-busy=0
xhci: cancelled request slot=5 endpoint=3 completion=26 residual=1
xhci: cancel slot=5 endpoint=3 pending-events=0 first-type=0 iman=2 usbsts=0 erdp=5730b6c0 dequeue=108 command-busy=0 irq-busy=0
xhci: cancelled request slot=5 endpoint=3 completion=26 residual=1
i915: resident shim: ring rewound (idle context)
xhci: cancel slot=5 endpoint=3 pending-events=0 first-type=0 iman=2 usbsts=0 erdp=5730b6f0 dequeue=111 command-busy=0 irq-busy=0
xhci: cancelled request slot=5 endpoint=3 completion=26 residual=1
xhci: cancel slot=5 endpoint=3 pending-events=0 first-type=0 iman=2 usbsts=0 erdp=5730b890 dequeue=137 command-busy=0 irq-busy=0
xhci: cancelled request slot=5 endpoint=3 completion=26 residual=1
xhci: cancel slot=5 endpoint=3 pending-events=0 first-type=0 iman=2 usbsts=0 erdp=5730ba50 dequeue=165 command-busy=0 irq-busy=0
xhci: cancelled request slot=5 endpoint=3 completion=26 residual=1
xhci: cancel slot=5 endpoint=3 pending-events=0 first-type=0 iman=2 usbsts=0 erdp=5730bc50 dequeue=197 command-busy=0 irq-busy=0
xhci: cancelled request slot=5 endpoint=3 completion=26 residual=1
xhci: cancel slot=5 endpoint=3 pending-events=0 first-type=0 iman=2 usbsts=0 erdp=5730bcc0 dequeue=204 command-busy=0 irq-busy=0
xhci: cancelled request slot=5 endpoint=3 completion=26 residual=1
xhci: cancel slot=5 endpoint=3 pending-events=0 first-type=0 iman=2 usbsts=0 erdp=5730bd50 dequeue=213 command-busy=0 irq-busy=0
xhci: cancelled request slot=5 endpoint=3 completion=26 residual=1
i915: vk: session 1: frames 52 in 5493 ms: per submit 1 runs (0 full) 51 ops (most 102), in submit 11154 us (runs 10960, record 194), between 94495 us
i915: perf: markers 94: wait 0.00 ms, run 0.00 ms
i915: perf: 5525 ms: 26 presents (4.70/s), 94 submits, 95 batches | per submit ms: 7.47 (build 0.00, run 7.56, gpu 7.49) | per present ms: 0.89 (copy 0.86, publish 0.00, flip 0.00)
xhci: cancel slot=5 endpoint=3 pending-events=0 first-type=0 iman=2 usbsts=0 erdp=5730be10 dequeue=225 command-busy=0 irq-busy=0
xhci: cancelled request slot=5 endpoint=3 completion=26 residual=1
xhci: cancel slot=5 endpoint=3 pending-events=0 first-type=0 iman=2 usbsts=0 erdp=5730b310 dequeue=49 command-busy=0 irq-busy=0
xhci: cancelled request slot=5 endpoint=3 completion=26 residual=1
xhci: cancel slot=5 endpoint=3 pending-events=0 first-type=0 iman=2 usbsts=0 erdp=5730b4d0 dequeue=77 command-busy=0 irq-busy=0
xhci: cancelled request slot=5 endpoint=3 completion=26 residual=1
xhci: cancel slot=5 endpoint=3 pending-events=0 first-type=0 iman=2 usbsts=0 erdp=5730b6b0 dequeue=107 command-busy=0 irq-busy=0
xhci: cancelled request slot=5 endpoint=3 completion=26 residual=1
xhci: cancel slot=5 endpoint=3 pending-events=0 first-type=0 iman=2 usbsts=0 erdp=5730b870 dequeue=135 command-busy=0 irq-busy=0
xhci: cancelled request slot=5 endpoint=3 completion=26 residual=1
xhci: cancel slot=5 endpoint=3 pending-events=0 first-type=0 iman=2 usbsts=0 erdp=5730b9f0 dequeue=159 command-busy=0 irq-busy=0
xhci: cancelled request slot=5 endpoint=3 completion=26 residual=1
xhci: cancel slot=5 endpoint=3 pending-events=0 first-type=0 iman=2 usbsts=0 erdp=5730ba20 dequeue=162 command-busy=0 irq-busy=0
xhci: cancelled request slot=5 endpoint=3 completion=26 residual=1
xhci: cancel slot=5 endpoint=3 pending-events=1 first-type=32 iman=2 usbsts=0 erdp=5730bb70 dequeue=183 command-busy=0 irq-busy=0
xhci: cancelled request slot=5 endpoint=3 completion=26 residual=1
xhci: cancel slot=5 endpoint=3 pending-events=0 first-type=0 iman=2 usbsts=0 erdp=5730bd80 dequeue=216 command-busy=0 irq-busy=0
xhci: cancelled request slot=5 endpoint=3 completion=26 residual=1
xhci: cancel slot=5 endpoint=3 pending-events=0 first-type=0 iman=2 usbsts=0 erdp=5730bf60 dequeue=246 command-busy=0 irq-busy=0
xhci: cancelled request slot=5 endpoint=3 completion=26 residual=1
xhci: cancel slot=5 endpoint=3 pending-events=0 first-type=0 iman=2 usbsts=0 erdp=5730b010 dequeue=1 command-busy=0 irq-busy=0
xhci: cancelled request slot=5 endpoint=3 completion=26 residual=1
xhci: cancel slot=5 endpoint=3 pending-events=0 first-type=0 iman=2 usbsts=0 erdp=5730b080 dequeue=8 command-busy=0 irq-busy=0
xhci: cancelled request slot=5 endpoint=3 completion=26 residual=1
xhci: cancel slot=5 endpoint=3 pending-events=0 first-type=0 iman=2 usbsts=0 erdp=5730b0b0 dequeue=11 command-busy=0 irq-busy=0
xhci: cancelled request slot=5 endpoint=3 completion=26 residual=1
xhci: cancel slot=5 endpoint=3 pending-events=0 first-type=0 iman=2 usbsts=0 erdp=5730b100 dequeue=16 command-busy=0 irq-busy=0
xhci: cancelled request slot=5 endpoint=3 completion=26 residual=1
xhci: cancel slot=5 endpoint=3 pending-events=0 first-type=0 iman=2 usbsts=0 erdp=5730b130 dequeue=19 command-busy=0 irq-busy=0
xhci: cancelled request slot=5 endpoint=3 completion=26 residual=1
xhci: cancel slot=5 endpoint=3 pending-events=0 first-type=0 iman=2 usbsts=0 erdp=5730b1f0 dequeue=31 command-busy=0 irq-busy=0
xhci: cancelled request slot=5 endpoint=3 completion=26 residual=1
xhci: cancel slot=5 endpoint=3 pending-events=0 first-type=0 iman=2 usbsts=0 erdp=5730b250 dequeue=37 command-busy=0 irq-busy=0
xhci: cancelled request slot=5 endpoint=3 completion=26 residual=1
xhci: cancel slot=5 endpoint=3 pending-events=0 first-type=0 iman=2 usbsts=0 erdp=5730b2a0 dequeue=42 command-busy=0 irq-busy=0
xhci: cancelled request slot=5 endpoint=3 completion=26 residual=1
xhci: cancel slot=5 endpoint=3 pending-events=0 first-type=0 iman=2 usbsts=0 erdp=5730b2d0 dequeue=45 command-busy=0 irq-busy=0
xhci: cancelled request slot=5 endpoint=3 completion=26 residual=1
xhci: cancel slot=5 endpoint=3 pending-events=0 first-type=0 iman=2 usbsts=0 erdp=5730b320 dequeue=50 command-busy=0 irq-busy=0
xhci: cancelled request slot=5 endpoint=3 completion=26 residual=1
xhci: cancel slot=5 endpoint=3 pending-events=0 first-type=0 iman=2 usbsts=0 erdp=5730b350 dequeue=53 command-busy=0 irq-busy=0
xhci: cancelled request slot=5 endpoint=3 completion=26 residual=1
i915: perf: markers 60: wait 0.00 ms, run 0.00 ms
i915: perf: 5286 ms: 17 presents (3.21/s), 60 submits, 59 batches | per submit ms: 7.54 (build 0.49, run 7.04, gpu 7.03) | per present ms: 0.87 (copy 0.83, publish 0.00, flip 0.00)
xhci: cancel slot=5 endpoint=3 pending-events=0 first-type=0 iman=2 usbsts=0 erdp=5730b450 dequeue=69 command-busy=0 irq-busy=0
xhci: cancelled request slot=5 endpoint=3 completion=26 residual=1
i915: resident shim: ring rewound (idle context)
i915: vk: an object (kind 18) was destroyed before what names it: 0 views, 0 descriptor sets, 0 framebuffers and 1 command buffers let go of it
i915: vk: an object (kind 8) was destroyed before what names it: 0 views, 0 descriptor sets, 0 framebuffers and 1 command buffers let go of it
i915: vk: an object (kind 9) was destroyed before what names it: 0 views, 1 descriptor sets, 0 framebuffers and 0 command buffers let go of it
i915: vk: an object (kind 9) was destroyed before what names it: 0 views, 2 descriptor sets, 0 framebuffers and 0 command buffers let go of it
i915: vk: an object (kind 9) was destroyed before what names it: 0 views, 2 descriptor sets, 0 framebuffers and 0 command buffers let go of it
i915: vk: an object (kind 9) was destroyed before what names it: 0 views, 2 descriptor sets, 0 framebuffers and 0 command buffers let go of it
xhci: cancel slot=5 endpoint=3 pending-events=0 first-type=0 iman=2 usbsts=0 erdp=5730b650 dequeue=101 command-busy=0 irq-busy=0
xhci: cancelled request slot=5 endpoint=3 completion=26 residual=1
xhci: cancel slot=5 endpoint=3 pending-events=0 first-type=0 iman=2 usbsts=0 erdp=5730b6e0 dequeue=110 command-busy=0 irq-busy=0
xhci: cancelled request slot=5 endpoint=3 completion=26 residual=1
xhci: cancel slot=5 endpoint=3 pending-events=0 first-type=0 iman=2 usbsts=0 erdp=5730b710 dequeue=113 command-busy=0 irq-busy=0
xhci: cancelled request slot=5 endpoint=3 completion=26 residual=1
xhci: cancel slot=5 endpoint=3 pending-events=0 first-type=0 iman=2 usbsts=0 erdp=5730b760 dequeue=118 command-busy=0 irq-busy=0
xhci: cancelled request slot=5 endpoint=3 completion=26 residual=1
i915: resident shim: ring rewound (idle context)
xhci: cancel slot=5 endpoint=3 pending-events=0 first-type=0 iman=2 usbsts=0 erdp=5730b7b0 dequeue=123 command-busy=0 irq-busy=0
xhci: cancelled request slot=5 endpoint=3 completion=26 residual=1
xhci: cancel slot=5 endpoint=3 pending-events=0 first-type=0 iman=2 usbsts=0 erdp=5730b9a0 dequeue=154 command-busy=0 irq-busy=0
xhci: cancelled request slot=5 endpoint=3 completion=26 residual=1
xhci: cancel slot=5 endpoint=3 pending-events=0 first-type=0 iman=2 usbsts=0 erdp=5730bbf0 dequeue=191 command-busy=0 irq-busy=0
xhci: cancelled request slot=5 endpoint=3 completion=26 residual=1
xhci: cancel slot=5 endpoint=3 pending-events=0 first-type=0 iman=2 usbsts=0 erdp=5730bdd0 dequeue=221 command-busy=0 irq-busy=0
xhci: cancelled request slot=5 endpoint=3 completion=26 residual=1
xhci: cancel slot=5 endpoint=3 pending-events=0 first-type=0 iman=2 usbsts=0 erdp=5730bf90 dequeue=249 command-busy=0 irq-busy=0
xhci: cancelled request slot=5 endpoint=3 completion=26 residual=1
xhci: cancel slot=5 endpoint=3 pending-events=0 first-type=0 iman=2 usbsts=0 erdp=5730b1c0 dequeue=28 command-busy=0 irq-busy=0
xhci: cancelled request slot=5 endpoint=3 completion=26 residual=1
xhci: cancel slot=5 endpoint=3 pending-events=0 first-type=0 iman=2 usbsts=0 erdp=5730b340 dequeue=52 command-busy=0 irq-busy=0
xhci: cancelled request slot=5 endpoint=3 completion=26 residual=1
xhci: cancel slot=5 endpoint=3 pending-events=0 first-type=0 iman=2 usbsts=0 erdp=5730b390 dequeue=57 command-busy=0 irq-busy=0
xhci: cancelled request slot=5 endpoint=3 completion=26 residual=1
xhci: cancel slot=5 endpoint=3 pending-events=0 first-type=0 iman=2 usbsts=0 erdp=5730b3c0 dequeue=60 command-busy=0 irq-busy=0
xhci: cancelled request slot=5 endpoint=3 completion=26 residual=1
xhci: cancel slot=5 endpoint=3 pending-events=0 first-type=0 iman=2 usbsts=0 erdp=5730b410 dequeue=65 command-busy=0 irq-busy=0
xhci: cancelled request slot=5 endpoint=3 completion=26 residual=1
xhci: cancel slot=5 endpoint=3 pending-events=0 first-type=0 iman=2 usbsts=0 erdp=5730b760 dequeue=118 command-busy=0 irq-busy=0
xhci: cancelled request slot=5 endpoint=3 completion=26 residual=1
i915: resident shim: ring rewound (idle context)
xhci: cancel slot=5 endpoint=3 pending-events=0 first-type=0 iman=2 usbsts=0 erdp=5730b940 dequeue=148 command-busy=0 irq-busy=0
xhci: cancelled request slot=5 endpoint=3 completion=26 residual=1
ucsi: rec 231 R 20000000 1 0
xhci: cancel slot=5 endpoint=3 pending-events=0 first-type=0 iman=2 usbsts=0 erdp=5730bb00 dequeue=176 command-busy=0 irq-busy=0
xhci: cancelled request slot=5 endpoint=3 completion=26 residual=1
xhci: cancel slot=5 endpoint=3 pending-events=0 first-type=0 iman=2 usbsts=0 erdp=5730bce0 dequeue=206 command-busy=0 irq-busy=0
xhci: cancelled request slot=5 endpoint=3 completion=26 residual=1
xhci: cancel slot=5 endpoint=3 pending-events=0 first-type=0 iman=2 usbsts=0 erdp=5730bd10 dequeue=209 command-busy=0 irq-busy=0
xhci: cancelled request slot=5 endpoint=3 completion=26 residual=1
i915: perf: markers 119: wait 0.15 ms, run 0.00 ms
i915: perf: 5000 ms: 36 presents (7.19/s), 119 submits, 118 batches | per submit ms: 5.10 (build 0.11, run 4.98, gpu 4.93) | per present ms: 1.03 (copy 0.92, publish 0.00, flip 0.02)
i915: vk: session 1: frames 72 in 5013 ms: per submit 1 runs (0 full) 52 ops (most 110), in submit 7593 us (runs 7400, record 193), between 62032 us
xhci: cancel slot=5 endpoint=3 pending-events=0 first-type=0 iman=2 usbsts=0 erdp=5730be10 dequeue=225 command-busy=0 irq-busy=0
xhci: cancelled request slot=5 endpoint=3 completion=26 residual=1
xhci: cancel slot=5 endpoint=3 pending-events=0 first-type=0 iman=2 usbsts=0 erdp=5730be40 dequeue=228 command-busy=0 irq-busy=0
xhci: cancelled request slot=5 endpoint=3 completion=26 residual=1
xhci: cancel slot=5 endpoint=3 pending-events=0 first-type=0 iman=2 usbsts=0 erdp=5730b0a0 dequeue=10 command-busy=0 irq-busy=0
xhci: cancelled request slot=5 endpoint=3 completion=26 residual=1
i915: resident shim: ring rewound (idle context)
xhci: cancel slot=5 endpoint=3 pending-events=0 first-type=0 iman=2 usbsts=0 erdp=5730b150 dequeue=21 command-busy=0 irq-busy=0
xhci: cancelled request slot=5 endpoint=3 completion=26 residual=1
xhci: cancel slot=5 endpoint=3 pending-events=0 first-type=0 iman=2 usbsts=0 erdp=5730b1a0 dequeue=26 command-busy=0 irq-busy=0
xhci: cancelled request slot=5 endpoint=3 completion=26 residual=1
i915: resident shim: ring rewound (idle context)
xhci: cancel slot=5 endpoint=3 pending-events=0 first-type=0 iman=2 usbsts=0 erdp=5730b300 dequeue=48 command-busy=0 irq-busy=0
xhci: cancelled request slot=5 endpoint=3 completion=26 residual=1
xhci: cancel slot=5 endpoint=3 pending-events=0 first-type=0 iman=2 usbsts=0 erdp=5730b550 dequeue=85 command-busy=0 irq-busy=0
xhci: cancelled request slot=5 endpoint=3 completion=26 residual=1
xhci: cancel slot=5 endpoint=3 pending-events=0 first-type=0 iman=2 usbsts=0 erdp=5730b710 dequeue=113 command-busy=0 irq-busy=0
xhci: cancelled request slot=5 endpoint=3 completion=26 residual=1
xhci: cancel slot=5 endpoint=3 pending-events=0 first-type=0 iman=2 usbsts=0 erdp=5730b8f0 dequeue=143 command-busy=0 irq-busy=0
xhci: cancelled request slot=5 endpoint=3 completion=26 residual=1
i915: resident shim: ring rewound (idle context)
i915: vk: session 4: frames 126 in 5017 ms: per submit 1 runs (0 full) 1 ops (most 1), in submit 1490 us (runs 1484, record 5), between 38330 us
xhci: cancel slot=5 endpoint=3 pending-events=0 first-type=0 iman=2 usbsts=0 erdp=5730bab0 dequeue=171 command-busy=0 irq-busy=0
xhci: cancelled request slot=5 endpoint=3 completion=26 residual=1
i915: resident shim: ring rewound (idle context)
xhci: cancel slot=5 endpoint=3 pending-events=0 first-type=0 iman=2 usbsts=0 erdp=5730bcf0 dequeue=207 command-busy=0 irq-busy=0
xhci: cancelled request slot=5 endpoint=3 completion=26 residual=1
xhci: cancel slot=5 endpoint=3 pending-events=0 first-type=0 iman=2 usbsts=0 erdp=5730beb0 dequeue=235 command-busy=0 irq-busy=0
xhci: cancelled request slot=5 endpoint=3 completion=26 residual=1
xhci: cancel slot=5 endpoint=3 pending-events=0 first-type=0 iman=2 usbsts=0 erdp=5730b090 dequeue=9 command-busy=0 irq-busy=0
xhci: cancelled request slot=5 endpoint=3 completion=26 residual=1
i915: resident shim: ring rewound (idle context)
xhci: cancel slot=5 endpoint=3 pending-events=0 first-type=0 iman=2 usbsts=0 erdp=5730b260 dequeue=38 command-busy=0 irq-busy=0
xhci: cancelled request slot=5 endpoint=3 completion=26 residual=1
xhci: cancel slot=5 endpoint=3 pending-events=0 first-type=0 iman=2 usbsts=0 erdp=5730b3a0 dequeue=58 command-busy=0 irq-busy=0
xhci: cancelled request slot=5 endpoint=3 completion=26 residual=1
xhci: cancel slot=5 endpoint=3 pending-events=0 first-type=0 iman=2 usbsts=0 erdp=5730b3d0 dequeue=61 command-busy=0 irq-busy=0
xhci: cancelled request slot=5 endpoint=3 completion=26 residual=1
xhci: cancel slot=5 endpoint=3 pending-events=0 first-type=0 iman=2 usbsts=0 erdp=5730b610 dequeue=97 command-busy=0 irq-busy=0
xhci: cancelled request slot=5 endpoint=3 completion=26 residual=1
xhci: cancel slot=5 endpoint=3 pending-events=0 first-type=0 iman=2 usbsts=0 erdp=5730b7e0 dequeue=126 command-busy=0 irq-busy=0
xhci: cancelled request slot=5 endpoint=3 completion=26 residual=1
xhci: cancel slot=5 endpoint=3 pending-events=0 first-type=0 iman=2 usbsts=0 erdp=5730b9c0 dequeue=156 command-busy=0 irq-busy=0
xhci: cancelled request slot=5 endpoint=3 completion=26 residual=1
i915: resident shim: ring rewound (idle context)
xhci: cancel slot=5 endpoint=3 pending-events=0 first-type=0 iman=2 usbsts=0 erdp=5730bb00 dequeue=176 command-busy=0 irq-busy=0
xhci: cancelled request slot=5 endpoint=3 completion=26 residual=1
xhci: cancel slot=5 endpoint=3 pending-events=0 first-type=0 iman=2 usbsts=0 erdp=5730bb50 dequeue=181 command-busy=0 irq-busy=0
xhci: cancelled request slot=5 endpoint=3 completion=26 residual=1
i915: vk: session 1: frames 168 in 5390 ms: per submit 1 runs (0 full) 51 ops (most 103), in submit 6751 us (runs 6597, record 154), between 25335 us
i915: perf: markers 326: wait 0.04 ms, run 0.00 ms
i915: perf: 5405 ms: 84 presents (15.53/s), 326 submits, 326 batches | per submit ms: 4.25 (build 0.10, run 4.15, gpu 4.10) | per present ms: 1.07 (copy 0.95, publish 0.00, flip 0.02)
xhci: cancel slot=5 endpoint=3 pending-events=0 first-type=0 iman=2 usbsts=0 erdp=5730bbe0 dequeue=190 command-busy=0 irq-busy=0
xhci: cancelled request slot=5 endpoint=3 completion=26 residual=1
i915: resident shim: ring rewound (idle context)
xhci: cancel slot=5 endpoint=3 pending-events=0 first-type=0 iman=2 usbsts=0 erdp=5730bd00 dequeue=208 command-busy=0 irq-busy=0
xhci: cancelled request slot=5 endpoint=3 completion=26 residual=1
xhci: cancel slot=5 endpoint=3 pending-events=0 first-type=0 iman=2 usbsts=0 erdp=5730bdc0 dequeue=220 command-busy=0 irq-busy=0
xhci: cancelled request slot=5 endpoint=3 completion=26 residual=1
xhci: cancel slot=5 endpoint=3 pending-events=0 first-type=0 iman=2 usbsts=0 erdp=5730bf50 dequeue=245 command-busy=0 irq-busy=0
xhci: cancelled request slot=5 endpoint=3 completion=26 residual=1
xhci: cancel slot=5 endpoint=3 pending-events=0 first-type=0 iman=2 usbsts=0 erdp=5730bf90 dequeue=249 command-busy=0 irq-busy=0
xhci: cancelled request slot=5 endpoint=3 completion=26 residual=1
xhci: cancel slot=5 endpoint=3 pending-events=0 first-type=0 iman=2 usbsts=0 erdp=5730bfe0 dequeue=254 command-busy=0 irq-busy=0
xhci: cancelled request slot=5 endpoint=3 completion=26 residual=1
xhci: cancel slot=5 endpoint=3 pending-events=0 first-type=0 iman=2 usbsts=0 erdp=5730b160 dequeue=22 command-busy=0 irq-busy=0
xhci: cancelled request slot=5 endpoint=3 completion=26 residual=1
xhci: cancel slot=5 endpoint=3 pending-events=0 first-type=0 iman=2 usbsts=0 erdp=5730b340 dequeue=52 command-busy=0 irq-busy=0
xhci: cancelled request slot=5 endpoint=3 completion=26 residual=1
xhci: cancel slot=5 endpoint=3 pending-events=0 first-type=0 iman=2 usbsts=0 erdp=5730b520 dequeue=82 command-busy=0 irq-busy=0
xhci: cancelled request slot=5 endpoint=3 completion=26 residual=1
i915: vk: session 4: frames 112 in 5190 ms: per submit 1 runs (0 full) 1 ops (most 1), in submit 1570 us (runs 1565, record 5), between 44775 us
xhci: cancel slot=5 endpoint=3 pending-events=0 first-type=0 iman=2 usbsts=0 erdp=5730b6f0 dequeue=111 command-busy=0 irq-busy=0
xhci: cancelled request slot=5 endpoint=3 completion=26 residual=1
xhci: cancel slot=5 endpoint=3 pending-events=0 first-type=0 iman=2 usbsts=0 erdp=5730ba50 dequeue=165 command-busy=0 irq-busy=0
xhci: cancelled request slot=5 endpoint=3 completion=26 residual=1
i915: resident shim: ring rewound (idle context)
xhci: cancel slot=5 endpoint=3 pending-events=0 first-type=0 iman=2 usbsts=0 erdp=5730ba80 dequeue=168 command-busy=0 irq-busy=0
xhci: cancelled request slot=5 endpoint=3 completion=26 residual=1
xhci: cancel slot=5 endpoint=3 pending-events=0 first-type=0 iman=2 usbsts=0 erdp=5730bc50 dequeue=197 command-busy=0 irq-busy=0
xhci: cancelled request slot=5 endpoint=3 completion=26 residual=1
xhci: cancel slot=5 endpoint=3 pending-events=0 first-type=0 iman=2 usbsts=0 erdp=5730be10 dequeue=225 command-busy=0 irq-busy=0
xhci: cancelled request slot=5 endpoint=3 completion=26 residual=1
xhci: cancel slot=5 endpoint=3 pending-events=0 first-type=0 iman=2 usbsts=0 erdp=5730b000 dequeue=0 command-busy=0 irq-busy=0
xhci: cancelled request slot=5 endpoint=3 completion=26 residual=1
xhci: cancel slot=5 endpoint=3 pending-events=0 first-type=0 iman=2 usbsts=0 erdp=5730b090 dequeue=9 command-busy=0 irq-busy=0
xhci: cancelled request slot=5 endpoint=3 completion=26 residual=1
xhci: cancel slot=5 endpoint=3 pending-events=0 first-type=0 iman=2 usbsts=0 erdp=5730b290 dequeue=41 command-busy=0 irq-busy=0
xhci: cancelled request slot=5 endpoint=3 completion=26 residual=1
xhci: cancel slot=5 endpoint=3 pending-events=0 first-type=0 iman=2 usbsts=0 erdp=5730b490 dequeue=73 command-busy=0 irq-busy=0
xhci: cancelled request slot=5 endpoint=3 completion=26 residual=1
xhci: cancel slot=5 endpoint=3 pending-events=0 first-type=0 iman=2 usbsts=0 erdp=5730b670 dequeue=103 command-busy=0 irq-busy=0
xhci: cancelled request slot=5 endpoint=3 completion=26 residual=1
xhci: cancel slot=5 endpoint=3 pending-events=0 first-type=0 iman=2 usbsts=0 erdp=5730b7c0 dequeue=124 command-busy=0 irq-busy=0
xhci: cancelled request slot=5 endpoint=3 completion=26 residual=1
xhci: cancel slot=5 endpoint=3 pending-events=0 first-type=0 iman=2 usbsts=0 erdp=5730b830 dequeue=131 command-busy=0 irq-busy=0
xhci: cancelled request slot=5 endpoint=3 completion=26 residual=1
i915: vk: session 1: frames 82 in 5108 ms: per submit 1 runs (0 full) 51 ops (most 103), in submit 6780 us (runs 6636, record 143), between 55520 us
i915: perf: markers 150: wait 0.05 ms, run 0.00 ms
i915: perf: 5106 ms: 41 presents (8.02/s), 150 submits, 151 batches | per submit ms: 4.31 (build 0.01, run 4.30, gpu 4.25) | per present ms: 1.01 (copy 0.92, publish 0.00, flip 0.01)
i915: resident shim: ring rewound (idle context)
i915: resident shim: ring rewound (idle context)
xhci: cancel slot=5 endpoint=3 pending-events=0 first-type=0 iman=2 usbsts=0 erdp=5730b9f0 dequeue=159 command-busy=0 irq-busy=0
xhci: cancelled request slot=5 endpoint=3 completion=26 residual=1
xhci: cancel slot=5 endpoint=3 pending-events=0 first-type=0 iman=2 usbsts=0 erdp=5730bbe0 dequeue=190 command-busy=0 irq-busy=0
xhci: cancelled request slot=5 endpoint=3 completion=26 residual=1
xhci: cancel slot=5 endpoint=3 pending-events=0 first-type=0 iman=2 usbsts=0 erdp=5730bda0 dequeue=218 command-busy=0 irq-busy=0
xhci: cancelled request slot=5 endpoint=3 completion=26 residual=1
xhci: cancel slot=5 endpoint=3 pending-events=0 first-type=0 iman=2 usbsts=0 erdp=5730bfe0 dequeue=254 command-busy=0 irq-busy=0
xhci: cancelled request slot=5 endpoint=3 completion=26 residual=1
xhci: cancel slot=5 endpoint=3 pending-events=0 first-type=0 iman=2 usbsts=0 erdp=5730b1f0 dequeue=31 command-busy=0 irq-busy=0
xhci: cancelled request slot=5 endpoint=3 completion=26 residual=1
xhci: cancel slot=5 endpoint=3 pending-events=0 first-type=0 iman=2 usbsts=0 erdp=5730b3d0 dequeue=61 command-busy=0 irq-busy=0
xhci: cancelled request slot=5 endpoint=3 completion=26 residual=1
i915: resident shim: ring rewound (idle context)
xhci: cancel slot=5 endpoint=3 pending-events=0 first-type=0 iman=2 usbsts=0 erdp=5730b590 dequeue=89 command-busy=0 irq-busy=0
xhci: cancelled request slot=5 endpoint=3 completion=26 residual=1
xhci: cancel slot=5 endpoint=3 pending-events=0 first-type=0 iman=2 usbsts=0 erdp=5730b770 dequeue=119 command-busy=0 irq-busy=0
xhci: cancelled request slot=5 endpoint=3 completion=26 residual=1
xhci: cancel slot=5 endpoint=3 pending-events=0 first-type=0 iman=2 usbsts=0 erdp=5730b930 dequeue=147 command-busy=0 irq-busy=0
xhci: cancelled request slot=5 endpoint=3 completion=26 residual=1
i915: vk: session 4: frames 102 in 5408 ms: per submit 1 runs (0 full) 1 ops (most 1), in submit 1660 us (runs 1654, record 5), between 51360 us
i915: resident shim: ring rewound (idle context)
xhci: cancel slot=5 endpoint=3 pending-events=0 first-type=0 iman=2 usbsts=0 erdp=5730bb10 dequeue=177 command-busy=0 irq-busy=0
xhci: cancelled request slot=5 endpoint=3 completion=26 residual=1
xhci: cancel slot=5 endpoint=3 pending-events=0 first-type=0 iman=2 usbsts=0 erdp=5730be20 dequeue=226 command-busy=0 irq-busy=0
xhci: cancelled request slot=5 endpoint=3 completion=26 residual=1
xhci: cancel slot=5 endpoint=3 pending-events=0 first-type=0 iman=2 usbsts=0 erdp=5730b010 dequeue=1 command-busy=0 irq-busy=0
xhci: cancelled request slot=5 endpoint=3 completion=26 residual=1
xhci: cancel slot=5 endpoint=3 pending-events=0 first-type=0 iman=2 usbsts=0 erdp=5730b210 dequeue=33 command-busy=0 irq-busy=0
xhci: cancelled request slot=5 endpoint=3 completion=26 residual=1
xhci: cancel slot=5 endpoint=3 pending-events=0 first-type=0 iman=2 usbsts=0 erdp=5730b260 dequeue=38 command-busy=0 irq-busy=0
xhci: cancelled request slot=5 endpoint=3 completion=26 residual=1
xhci: cancel slot=5 endpoint=3 pending-events=0 first-type=0 iman=2 usbsts=0 erdp=5730b350 dequeue=53 command-busy=0 irq-busy=0
xhci: cancelled request slot=5 endpoint=3 completion=26 residual=1
i915: resident shim: ring rewound (idle context)
xhci: cancel slot=5 endpoint=3 pending-events=0 first-type=0 iman=2 usbsts=0 erdp=5730b530 dequeue=83 command-busy=0 irq-busy=0
xhci: cancelled request slot=5 endpoint=3 completion=26 residual=1
xhci: cancel slot=5 endpoint=3 pending-events=0 first-type=0 iman=2 usbsts=0 erdp=5730b640 dequeue=100 command-busy=0 irq-busy=0
xhci: cancelled request slot=5 endpoint=3 completion=26 residual=1
xhci: cancel slot=5 endpoint=3 pending-events=0 first-type=0 iman=2 usbsts=0 erdp=5730b6d0 dequeue=109 command-busy=0 irq-busy=0
xhci: cancelled request slot=5 endpoint=3 completion=26 residual=1
i915: resident shim: ring rewound (idle context)
i915: resident shim: ring rewound (idle context)
xhci: cancel slot=5 endpoint=3 pending-events=0 first-type=0 iman=2 usbsts=0 erdp=5730b890 dequeue=137 command-busy=0 irq-busy=0
xhci: cancelled request slot=5 endpoint=3 completion=26 residual=1
xhci: cancel slot=5 endpoint=3 pending-events=0 first-type=0 iman=2 usbsts=0 erdp=5730b9e0 dequeue=158 command-busy=0 irq-busy=0
xhci: cancelled request slot=5 endpoint=3 completion=26 residual=1
xhci: cancel slot=5 endpoint=3 pending-events=0 first-type=0 iman=2 usbsts=0 erdp=5730ba70 dequeue=167 command-busy=0 irq-busy=0
xhci: cancelled request slot=5 endpoint=3 completion=26 residual=1
i915: vk: session 1: frames 184 in 5395 ms: per submit 1 runs (0 full) 51 ops (most 103), in submit 6672 us (runs 6487, record 185), between 22648 us
i915: perf: markers 358: wait 0.16 ms, run 0.00 ms
i915: perf: 5395 ms: 92 presents (17.05/s), 358 submits, 358 batches | per submit ms: 4.16 (build 0.10, run 4.06, gpu 3.93) | per present ms: 1.41 (copy 0.93, publish 0.00, flip 0.10)
i915: resident shim: ring rewound (idle context)
xhci: cancel slot=5 endpoint=3 pending-events=0 first-type=0 iman=2 usbsts=0 erdp=5730bbc0 dequeue=188 command-busy=0 irq-busy=0
xhci: cancelled request slot=5 endpoint=3 completion=26 residual=1
xhci: cancel slot=5 endpoint=3 pending-events=0 first-type=0 iman=2 usbsts=0 erdp=5730bc70 dequeue=199 command-busy=0 irq-busy=0
xhci: cancelled request slot=5 endpoint=3 completion=26 residual=1
xhci: cancel slot=5 endpoint=3 pending-events=0 first-type=0 iman=2 usbsts=0 erdp=5730bcc0 dequeue=204 command-busy=0 irq-busy=0
xhci: cancelled request slot=5 endpoint=3 completion=26 residual=1
xhci: cancel slot=5 endpoint=3 pending-events=0 first-type=0 iman=2 usbsts=0 erdp=5730b0e0 dequeue=14 command-busy=0 irq-busy=0
xhci: cancelled request slot=5 endpoint=3 completion=26 residual=1
xhci: cancel slot=5 endpoint=3 pending-events=0 first-type=0 iman=2 usbsts=0 erdp=5730b160 dequeue=22 command-busy=0 irq-busy=0
xhci: cancelled request slot=5 endpoint=3 completion=26 residual=1
xhci: cancel slot=5 endpoint=3 pending-events=0 first-type=0 iman=2 usbsts=0 erdp=5730b270 dequeue=39 command-busy=0 irq-busy=0
xhci: cancelled request slot=5 endpoint=3 completion=26 residual=1
xhci: cancel slot=5 endpoint=3 pending-events=0 first-type=0 iman=2 usbsts=0 erdp=5730b2c0 dequeue=44 command-busy=0 irq-busy=0
xhci: cancelled request slot=5 endpoint=3 completion=26 residual=1
xhci: cancel slot=5 endpoint=3 pending-events=0 first-type=0 iman=2 usbsts=0 erdp=5730b420 dequeue=66 command-busy=0 irq-busy=0
xhci: cancelled request slot=5 endpoint=3 completion=26 residual=1
xhci: cancel slot=5 endpoint=3 pending-events=0 first-type=0 iman=2 usbsts=0 erdp=5730b470 dequeue=71 command-busy=0 irq-busy=0
xhci: cancelled request slot=5 endpoint=3 completion=26 residual=1
xhci: cancel slot=5 endpoint=3 pending-events=0 first-type=0 iman=2 usbsts=0 erdp=5730b780 dequeue=120 command-busy=0 irq-busy=0
xhci: cancelled request slot=5 endpoint=3 completion=26 residual=1
i915: vk: session 4: frames 132 in 5466 ms: per submit 1 runs (0 full) 1 ops (most 1), in submit 1224 us (runs 1219, record 5), between 40188 us
xhci: cancel slot=5 endpoint=3 pending-events=0 first-type=0 iman=2 usbsts=0 erdp=5730b8f0 dequeue=143 command-busy=0 irq-busy=0
xhci: cancelled request slot=5 endpoint=3 completion=26 residual=1
xhci: cancel slot=5 endpoint=3 pending-events=0 first-type=0 iman=2 usbsts=0 erdp=5730b920 dequeue=146 command-busy=0 irq-busy=0
xhci: cancelled request slot=5 endpoint=3 completion=26 residual=1
xhci: cancel slot=5 endpoint=3 pending-events=0 first-type=0 iman=2 usbsts=0 erdp=5730ba60 dequeue=166 command-busy=0 irq-busy=0
xhci: cancelled request slot=5 endpoint=3 completion=26 residual=1
xhci: cancel slot=5 endpoint=3 pending-events=0 first-type=0 iman=2 usbsts=0 erdp=5730bab0 dequeue=171 command-busy=0 irq-busy=0
xhci: cancelled request slot=5 endpoint=3 completion=26 residual=1
xhci: cancel slot=5 endpoint=3 pending-events=0 first-type=0 iman=2 usbsts=0 erdp=5730bbb0 dequeue=187 command-busy=0 irq-busy=0
xhci: cancelled request slot=5 endpoint=3 completion=26 residual=1
xhci: cancel slot=5 endpoint=3 pending-events=0 first-type=0 iman=2 usbsts=0 erdp=5730bc70 dequeue=199 command-busy=0 irq-busy=0
xhci: cancelled request slot=5 endpoint=3 completion=26 residual=1
xhci: cancel slot=5 endpoint=3 pending-events=0 first-type=0 iman=2 usbsts=0 erdp=5730bcc0 dequeue=204 command-busy=0 irq-busy=0
xhci: cancelled request slot=5 endpoint=3 completion=26 residual=1
xhci: cancel slot=5 endpoint=3 pending-events=0 first-type=0 iman=2 usbsts=0 erdp=5730bd60 dequeue=214 command-busy=0 irq-busy=0
xhci: cancelled request slot=5 endpoint=3 completion=26 residual=1
xhci: cancel slot=5 endpoint=3 pending-events=0 first-type=0 iman=2 usbsts=0 erdp=5730bee0 dequeue=238 command-busy=0 irq-busy=0
xhci: cancelled request slot=5 endpoint=3 completion=26 residual=1
xhci: cancel slot=5 endpoint=3 pending-events=0 first-type=0 iman=2 usbsts=0 erdp=5730bf10 dequeue=241 command-busy=0 irq-busy=0
xhci: cancelled request slot=5 endpoint=3 completion=26 residual=1
xhci: cancel slot=5 endpoint=3 pending-events=0 first-type=0 iman=2 usbsts=0 erdp=5730b0e0 dequeue=14 command-busy=0 irq-busy=0
xhci: cancelled request slot=5 endpoint=3 completion=26 residual=1
i915: vk: session 1: frames 56 in 5442 ms: per submit 1 runs (0 full) 51 ops (most 103), in submit 6890 us (runs 6719, record 171), between 90293 us
i915: perf: markers 100: wait 0.10 ms, run 0.00 ms
i915: perf: 5443 ms: 28 presents (5.14/s), 100 submits, 99 batches | per submit ms: 4.51 (build 0.26, run 4.24, gpu 4.17) | per present ms: 1.06 (copy 0.92, publish 0.00, flip 0.03)
xhci: cancel slot=5 endpoint=3 pending-events=0 first-type=0 iman=2 usbsts=0 erdp=5730b240 dequeue=36 command-busy=0 irq-busy=0
xhci: cancelled request slot=5 endpoint=3 completion=26 residual=1
xhci: cancel slot=5 endpoint=3 pending-events=0 first-type=0 iman=2 usbsts=0 erdp=5730b290 dequeue=41 command-busy=0 irq-busy=0
xhci: cancelled request slot=5 endpoint=3 completion=26 residual=1
xhci: cancel slot=5 endpoint=3 pending-events=0 first-type=0 iman=2 usbsts=0 erdp=5730b300 dequeue=48 command-busy=0 irq-busy=0
xhci: cancelled request slot=5 endpoint=3 completion=26 residual=1
xhci: cancel slot=5 endpoint=3 pending-events=0 first-type=0 iman=2 usbsts=0 erdp=5730b530 dequeue=83 command-busy=0 irq-busy=0
xhci: cancelled request slot=5 endpoint=3 completion=26 residual=1
xhci: cancel slot=5 endpoint=3 pending-events=0 first-type=0 iman=2 usbsts=0 erdp=5730b6f0 dequeue=111 command-busy=0 irq-busy=0
xhci: cancelled request slot=5 endpoint=3 completion=26 residual=1
xhci: cancel slot=5 endpoint=3 pending-events=0 first-type=0 iman=2 usbsts=0 erdp=5730b860 dequeue=134 command-busy=0 irq-busy=0
xhci: cancelled request slot=5 endpoint=3 completion=26 residual=1
xhci: cancel slot=5 endpoint=3 pending-events=0 first-type=0 iman=2 usbsts=0 erdp=5730b8c0 dequeue=140 command-busy=0 irq-busy=0
xhci: cancelled request slot=5 endpoint=3 completion=26 residual=1
xhci: cancel slot=5 endpoint=3 pending-events=0 first-type=0 iman=2 usbsts=0 erdp=5730baa0 dequeue=170 command-busy=0 irq-busy=0
xhci: cancelled request slot=5 endpoint=3 completion=26 residual=1
xhci: cancel slot=5 endpoint=3 pending-events=0 first-type=0 iman=2 usbsts=0 erdp=5730bc60 dequeue=198 command-busy=0 irq-busy=0
xhci: cancelled request slot=5 endpoint=3 completion=26 residual=1
xhci: cancel slot=5 endpoint=3 pending-events=0 first-type=0 iman=2 usbsts=0 erdp=5730bed0 dequeue=237 command-busy=0 irq-busy=0
xhci: cancelled request slot=5 endpoint=3 completion=26 residual=1
xhci: cancel slot=5 endpoint=3 pending-events=0 first-type=0 iman=2 usbsts=0 erdp=5730bfd0 dequeue=253 command-busy=0 irq-busy=0
xhci: cancelled request slot=5 endpoint=3 completion=26 residual=1
xhci: cancel slot=5 endpoint=3 pending-events=0 first-type=0 iman=2 usbsts=0 erdp=5730b020 dequeue=2 command-busy=0 irq-busy=0
xhci: cancelled request slot=5 endpoint=3 completion=26 residual=1
i915: resident shim: ring rewound (idle context)
xhci: cancel slot=5 endpoint=3 pending-events=0 first-type=0 iman=2 usbsts=0 erdp=5730b0d0 dequeue=13 command-busy=0 irq-busy=0
xhci: cancelled request slot=5 endpoint=3 completion=26 residual=1
i915: resident shim: ring rewound (idle context)
xhci: cancel slot=5 endpoint=3 pending-events=0 first-type=0 iman=2 usbsts=0 erdp=5730b2e0 dequeue=46 command-busy=0 irq-busy=0
xhci: cancelled request slot=5 endpoint=3 completion=26 residual=1
i915: resident shim: ring rewound (idle context)
xhci: cancel slot=5 endpoint=3 pending-events=0 first-type=0 iman=2 usbsts=0 erdp=5730b4a0 dequeue=74 command-busy=0 irq-busy=0
xhci: cancelled request slot=5 endpoint=3 completion=26 residual=1
xhci: cancel slot=5 endpoint=3 pending-events=0 first-type=0 iman=2 usbsts=0 erdp=5730b510 dequeue=81 command-busy=0 irq-busy=0
xhci: cancelled request slot=5 endpoint=3 completion=26 residual=1
xhci: cancel slot=5 endpoint=3 pending-events=0 first-type=0 iman=2 usbsts=0 erdp=5730b670 dequeue=103 command-busy=0 irq-busy=0
xhci: cancelled request slot=5 endpoint=3 completion=26 residual=1
xhci: cancel slot=5 endpoint=3 pending-events=0 first-type=0 iman=2 usbsts=0 erdp=5730bad0 dequeue=173 command-busy=0 irq-busy=0
xhci: cancelled request slot=5 endpoint=3 completion=26 residual=1
xhci: cancel slot=5 endpoint=3 pending-events=0 first-type=0 iman=2 usbsts=0 erdp=5730bb70 dequeue=183 command-busy=0 irq-busy=0
xhci: cancelled request slot=5 endpoint=3 completion=26 residual=1
xhci: cancel slot=5 endpoint=3 pending-events=0 first-type=0 iman=2 usbsts=0 erdp=5730bd50 dequeue=213 command-busy=0 irq-busy=0
xhci: cancelled request slot=5 endpoint=3 completion=26 residual=1
i915: resident shim: ring rewound (idle context)
xhci: cancel slot=5 endpoint=3 pending-events=0 first-type=0 iman=2 usbsts=0 erdp=5730bdb0 dequeue=219 command-busy=0 irq-busy=0
xhci: cancelled request slot=5 endpoint=3 completion=26 residual=1
i915: vk: session 1: frames 96 in 5221 ms: per submit 1 runs (0 full) 51 ops (most 103), in submit 6243 us (runs 6061, record 182), between 48150 us
i915: perf: markers 178: wait 0.45 ms, run 0.00 ms
i915: perf: 5220 ms: 48 presents (9.19/s), 178 submits, 178 batches | per submit ms: 4.11 (build 0.10, run 4.00, gpu 3.67) | per present ms: 2.05 (copy 0.90, publish 0.00, flip 0.28)
i915: resident shim: ring rewound (idle context)
xhci: cancel slot=5 endpoint=3 pending-events=0 first-type=0 iman=2 usbsts=0 erdp=5730beb0 dequeue=235 command-busy=0 irq-busy=0
xhci: cancelled request slot=5 endpoint=3 completion=26 residual=1
xhci: cancel slot=5 endpoint=3 pending-events=0 first-type=0 iman=2 usbsts=0 erdp=5730bf70 dequeue=247 command-busy=0 irq-busy=0
xhci: cancelled request slot=5 endpoint=3 completion=26 residual=1
xhci: cancel slot=5 endpoint=3 pending-events=0 first-type=0 iman=2 usbsts=0 erdp=5730bfc0 dequeue=252 command-busy=0 irq-busy=0
xhci: cancelled request slot=5 endpoint=3 completion=26 residual=1
xhci: cancel slot=5 endpoint=3 pending-events=0 first-type=0 iman=2 usbsts=0 erdp=5730b1e0 dequeue=30 command-busy=0 irq-busy=0
xhci: cancelled request slot=5 endpoint=3 completion=26 residual=1
xhci: cancel slot=5 endpoint=3 pending-events=0 first-type=0 iman=2 usbsts=0 erdp=5730b390 dequeue=57 command-busy=0 irq-busy=0
xhci: cancelled request slot=5 endpoint=3 completion=26 residual=1
xhci: cancel slot=5 endpoint=3 pending-events=0 first-type=0 iman=2 usbsts=0 erdp=5730b4b0 dequeue=75 command-busy=0 irq-busy=0
xhci: cancelled request slot=5 endpoint=3 completion=26 residual=1
xhci: cancel slot=5 endpoint=3 pending-events=0 first-type=0 iman=2 usbsts=0 erdp=5730b500 dequeue=80 command-busy=0 irq-busy=0
xhci: cancelled request slot=5 endpoint=3 completion=26 residual=1
xhci: cancel slot=5 endpoint=3 pending-events=0 first-type=0 iman=2 usbsts=0 erdp=5730b550 dequeue=85 command-busy=0 irq-busy=0
xhci: cancelled request slot=5 endpoint=3 completion=26 residual=1
xhci: cancel slot=5 endpoint=3 pending-events=0 first-type=0 iman=2 usbsts=0 erdp=5730b5a0 dequeue=90 command-busy=0 irq-busy=0
xhci: cancelled request slot=5 endpoint=3 completion=26 residual=1
xhci: cancel slot=5 endpoint=3 pending-events=0 first-type=0 iman=2 usbsts=0 erdp=5730b5d0 dequeue=93 command-busy=0 irq-busy=0
xhci: cancelled request slot=5 endpoint=3 completion=26 residual=1
xhci: cancel slot=5 endpoint=3 pending-events=0 first-type=0 iman=2 usbsts=0 erdp=5730b620 dequeue=98 command-busy=0 irq-busy=0
xhci: cancelled request slot=5 endpoint=3 completion=26 residual=1
xhci: cancel slot=5 endpoint=3 pending-events=0 first-type=0 iman=2 usbsts=0 erdp=5730b6b0 dequeue=107 command-busy=0 irq-busy=0
xhci: cancelled request slot=5 endpoint=3 completion=26 residual=1
xhci: cancel slot=5 endpoint=3 pending-events=0 first-type=0 iman=2 usbsts=0 erdp=5730b700 dequeue=112 command-busy=0 irq-busy=0
xhci: cancelled request slot=5 endpoint=3 completion=26 residual=1
xhci: cancel slot=5 endpoint=3 pending-events=0 first-type=0 iman=2 usbsts=0 erdp=5730b770 dequeue=119 command-busy=0 irq-busy=0
xhci: cancelled request slot=5 endpoint=3 completion=26 residual=1
xhci: cancel slot=5 endpoint=3 pending-events=0 first-type=0 iman=2 usbsts=0 erdp=5730b7c0 dequeue=124 command-busy=0 irq-busy=0
xhci: cancelled request slot=5 endpoint=3 completion=26 residual=1
xhci: cancel slot=5 endpoint=3 pending-events=0 first-type=0 iman=2 usbsts=0 erdp=5730b7f0 dequeue=127 command-busy=0 irq-busy=0
xhci: cancelled request slot=5 endpoint=3 completion=26 residual=1
xhci: cancel slot=5 endpoint=3 pending-events=0 first-type=0 iman=2 usbsts=0 erdp=5730b840 dequeue=132 command-busy=0 irq-busy=0
xhci: cancelled request slot=5 endpoint=3 completion=26 residual=1
xhci: cancel slot=5 endpoint=3 pending-events=0 first-type=0 iman=2 usbsts=0 erdp=5730b9c0 dequeue=156 command-busy=0 irq-busy=0
xhci: cancelled request slot=5 endpoint=3 completion=26 residual=1
xhci: cancel slot=5 endpoint=3 pending-events=0 first-type=0 iman=2 usbsts=0 erdp=5730ba10 dequeue=161 command-busy=0 irq-busy=0
xhci: cancelled request slot=5 endpoint=3 completion=26 residual=1
i915: vk: session 4: frames 92 in 7304 ms: per submit 1 runs (0 full) 0 ops (most 1), in submit 1563 us (runs 1559, record 4), between 77837 us
xhci: cancel slot=5 endpoint=3 pending-events=0 first-type=0 iman=2 usbsts=0 erdp=5730bb40 dequeue=180 command-busy=0 irq-busy=0
i915: vk: an object (kind 18) was destroyed before what names it: 0 views, 0 descriptor sets, 0 framebuffers and 1 command buffers let go of it
xhci: cancelled request slot=5 endpoint=3 completion=26 residual=1
i915: vk: an object (kind 8) was destroyed before what names it: 0 views, 0 descriptor sets, 0 framebuffers and 1 command buffers let go of it
i915: vk: an object (kind 9) was destroyed before what names it: 0 views, 1 descriptor sets, 0 framebuffers and 0 command buffers let go of it
i915: vk: an object (kind 9) was destroyed before what names it: 0 views, 2 descriptor sets, 0 framebuffers and 0 command buffers let go of it
i915: vk: an object (kind 9) was destroyed before what names it: 0 views, 2 descriptor sets, 0 framebuffers and 0 command buffers let go of it
i915: vk: an object (kind 9) was destroyed before what names it: 0 views, 2 descriptor sets, 0 framebuffers and 0 command buffers let go of it
i915: perf: markers 57: wait 0.85 ms, run 0.00 ms
i915: perf: 5005 ms: 17 presents (3.39/s), 57 submits, 56 batches | per submit ms: 5.10 (build 0.14, run 4.96, gpu 4.51) | per present ms: 1.19 (copy 0.92, publish 0.00, flip 0.06)
xhci: cancel slot=5 endpoint=3 pending-events=0 first-type=0 iman=2 usbsts=0 erdp=5730bb90 dequeue=185 command-busy=0 irq-busy=0
xhci: cancelled request slot=5 endpoint=3 completion=26 residual=1
xhci: cancel slot=5 endpoint=3 pending-events=0 first-type=0 iman=2 usbsts=0 erdp=5730bc00 dequeue=192 command-busy=0 irq-busy=0
xhci: cancelled request slot=5 endpoint=3 completion=26 residual=1
xhci: cancel slot=5 endpoint=3 pending-events=0 first-type=0 iman=2 usbsts=0 erdp=5730bc50 dequeue=197 command-busy=0 irq-busy=0
xhci: cancelled request slot=5 endpoint=3 completion=26 residual=1
xhci: cancel slot=5 endpoint=3 pending-events=1 first-type=32 iman=2 usbsts=0 erdp=5730bd60 dequeue=214 command-busy=0 irq-busy=0
xhci: cancelled request slot=5 endpoint=3 completion=26 residual=1
i915: vk: an object (kind 18) was destroyed before what names it: 0 views, 0 descriptor sets, 0 framebuffers and 1 command buffers let go of it
i915: vk: an object (kind 8) was destroyed before what names it: 0 views, 0 descriptor sets, 0 framebuffers and 1 command buffers let go of it
i915: vk: an object (kind 9) was destroyed before what names it: 0 views, 1 descriptor sets, 0 framebuffers and 0 command buffers let go of it
i915: vk: an object (kind 9) was destroyed before what names it: 0 views, 2 descriptor sets, 0 framebuffers and 0 command buffers let go of it
i915: vk: an object (kind 9) was destroyed before what names it: 0 views, 2 descriptor sets, 0 framebuffers and 0 command buffers let go of it
i915: vk: an object (kind 9) was destroyed before what names it: 0 views, 2 descriptor sets, 0 framebuffers and 0 command buffers let go of it
xhci: cancel slot=5 endpoint=3 pending-events=0 first-type=0 iman=2 usbsts=0 erdp=5730be40 dequeue=228 command-busy=0 irq-busy=0
xhci: cancelled request slot=5 endpoint=3 completion=26 residual=1
xhci: cancel slot=5 endpoint=3 pending-events=0 first-type=0 iman=2 usbsts=0 erdp=5730be70 dequeue=231 command-busy=0 irq-busy=0
xhci: cancelled request slot=5 endpoint=3 completion=26 residual=1
xhci: cancel slot=5 endpoint=3 pending-events=0 first-type=0 iman=2 usbsts=0 erdp=5730bec0 dequeue=236 command-busy=0 irq-busy=0
xhci: cancelled request slot=5 endpoint=3 completion=26 residual=1
xhci: cancel slot=5 endpoint=3 pending-events=0 first-type=0 iman=2 usbsts=0 erdp=5730bf10 dequeue=241 command-busy=0 irq-busy=0
xhci: cancelled request slot=5 endpoint=3 completion=26 residual=1
xhci: cancel slot=5 endpoint=3 pending-events=0 first-type=0 iman=2 usbsts=0 erdp=5730b0c0 dequeue=12 command-busy=0 irq-busy=0
xhci: cancelled request slot=5 endpoint=3 completion=26 residual=1
i915: resident shim: ring rewound (idle context)
xhci: cancel slot=5 endpoint=3 pending-events=0 first-type=0 iman=2 usbsts=0 erdp=5730b2c0 dequeue=44 command-busy=0 irq-busy=0
xhci: cancelled request slot=5 endpoint=3 completion=26 residual=1
i915: resident shim: ring rewound (idle context)
xhci: cancel slot=5 endpoint=3 pending-events=0 first-type=0 iman=2 usbsts=0 erdp=5730b3e0 dequeue=62 command-busy=0 irq-busy=0
xhci: cancelled request slot=5 endpoint=3 completion=26 residual=1
xhci: cancel slot=5 endpoint=3 pending-events=1 first-type=32 iman=2 usbsts=0 erdp=5730b4f0 dequeue=79 command-busy=0 irq-busy=0
xhci: cancelled request slot=5 endpoint=3 completion=26 residual=1
xhci: cancel slot=5 endpoint=3 pending-events=0 first-type=0 iman=2 usbsts=0 erdp=5730b770 dequeue=119 command-busy=0 irq-busy=0
xhci: cancelled request slot=5 endpoint=3 completion=26 residual=1
xhci: cancel slot=5 endpoint=3 pending-events=0 first-type=0 iman=2 usbsts=0 erdp=5730b860 dequeue=134 command-busy=0 irq-busy=0
xhci: cancelled request slot=5 endpoint=3 completion=26 residual=1
xhci: cancel slot=5 endpoint=3 pending-events=0 first-type=0 iman=2 usbsts=0 erdp=5730b9e0 dequeue=158 command-busy=0 irq-busy=0
xhci: cancelled request slot=5 endpoint=3 completion=26 residual=1
xhci: cancel slot=5 endpoint=3 pending-events=0 first-type=0 iman=2 usbsts=0 erdp=5730ba10 dequeue=161 command-busy=0 irq-busy=0
xhci: cancelled request slot=5 endpoint=3 completion=26 residual=1
xhci: cancel slot=5 endpoint=3 pending-events=0 first-type=0 iman=2 usbsts=0 erdp=5730ba60 dequeue=166 command-busy=0 irq-busy=0
xhci: cancelled request slot=5 endpoint=3 completion=26 residual=1
xhci: cancel slot=5 endpoint=3 pending-events=0 first-type=0 iman=2 usbsts=0 erdp=5730bb30 dequeue=179 command-busy=0 irq-busy=0
xhci: cancelled request slot=5 endpoint=3 completion=26 residual=1
i915: resident shim: ring rewound (idle context)
xhci: cancel slot=5 endpoint=3 pending-events=0 first-type=0 iman=2 usbsts=0 erdp=5730bdc0 dequeue=220 command-busy=0 irq-busy=0
xhci: cancelled request slot=5 endpoint=3 completion=26 residual=1
xhci: cancel slot=5 endpoint=3 pending-events=0 first-type=0 iman=2 usbsts=0 erdp=5730bdf0 dequeue=223 command-busy=0 irq-busy=0
xhci: cancelled request slot=5 endpoint=3 completion=26 residual=1
i915: vk: session 1: frames 126 in 5013 ms: per submit 1 runs (30 full) 78 ops (most 458), in submit 7627 us (runs 7348, record 279), between 32162 us
i915: perf: markers 129: wait 0.03 ms, run 0.00 ms
i915: perf: 5015 ms: 63 presents (12.56/s), 129 submits, 158 batches | per submit ms: 7.54 (build 0.28, run 7.25, gpu 7.17) | per present ms: 2.40 (copy 0.88, publish 0.00, flip 0.73)
xhci: cancel slot=5 endpoint=3 pending-events=0 first-type=0 iman=2 usbsts=0 erdp=5730be40 dequeue=228 command-busy=0 irq-busy=0
xhci: cancelled request slot=5 endpoint=3 completion=26 residual=1
xhci: cancel slot=5 endpoint=3 pending-events=0 first-type=0 iman=2 usbsts=0 erdp=5730be70 dequeue=231 command-busy=0 irq-busy=0
xhci: cancelled request slot=5 endpoint=3 completion=26 residual=1
xhci: cancel slot=5 endpoint=3 pending-events=0 first-type=0 iman=2 usbsts=0 erdp=5730bee0 dequeue=238 command-busy=0 irq-busy=0
xhci: cancelled request slot=5 endpoint=3 completion=26 residual=1
xhci: cancel slot=5 endpoint=3 pending-events=0 first-type=0 iman=2 usbsts=0 erdp=5730bf10 dequeue=241 command-busy=0 irq-busy=0
xhci: cancelled request slot=5 endpoint=3 completion=26 residual=1
xhci: cancel slot=5 endpoint=3 pending-events=0 first-type=0 iman=2 usbsts=0 erdp=5730bf60 dequeue=246 command-busy=0 irq-busy=0
xhci: cancelled request slot=5 endpoint=3 completion=26 residual=1
xhci: cancel slot=5 endpoint=3 pending-events=0 first-type=0 iman=2 usbsts=0 erdp=5730bfd0 dequeue=253 command-busy=0 irq-busy=0
xhci: cancelled request slot=5 endpoint=3 completion=26 residual=1
xhci: cancel slot=5 endpoint=3 pending-events=0 first-type=0 iman=2 usbsts=0 erdp=5730b080 dequeue=8 command-busy=0 irq-busy=0
xhci: cancelled request slot=5 endpoint=3 completion=26 residual=1
xhci: cancel slot=5 endpoint=3 pending-events=0 first-type=0 iman=2 usbsts=0 erdp=5730b0b0 dequeue=11 command-busy=0 irq-busy=0
xhci: cancelled request slot=5 endpoint=3 completion=26 residual=1
xhci: cancel slot=5 endpoint=3 pending-events=0 first-type=0 iman=2 usbsts=0 erdp=5730b1b0 dequeue=27 command-busy=0 irq-busy=0
xhci: cancelled request slot=5 endpoint=3 completion=26 residual=1
i915: resident shim: ring rewound (idle context)
xhci: cancel slot=5 endpoint=3 pending-events=0 first-type=0 iman=2 usbsts=0 erdp=5730b1e0 dequeue=30 command-busy=0 irq-busy=0
xhci: cancelled request slot=5 endpoint=3 completion=26 residual=1
xhci: cancel slot=5 endpoint=3 pending-events=0 first-type=0 iman=2 usbsts=0 erdp=5730b230 dequeue=35 command-busy=0 irq-busy=0
xhci: cancelled request slot=5 endpoint=3 completion=26 residual=1
xhci: cancel slot=5 endpoint=3 pending-events=0 first-type=0 iman=2 usbsts=0 erdp=5730b260 dequeue=38 command-busy=0 irq-busy=0
xhci: cancelled request slot=5 endpoint=3 completion=26 residual=1
xhci: cancel slot=5 endpoint=3 pending-events=1 first-type=32 iman=2 usbsts=0 erdp=5730b500 dequeue=80 command-busy=0 irq-busy=0
xhci: cancelled request slot=5 endpoint=3 completion=26 residual=1
i915: resident shim: context sw_id=8 lrca=fc122119 pml4=0x163280000 ring=16384 bytes engine=rcs0
i915: vk: pipeline compiled by the executor: vs 688 bytes (1 attributes, 1 push registers, 1 varyings), fs 304 bytes (1 inputs, 0 push registers, 1 sampled images)
i915: vk: an object (kind 9) was destroyed before what names it: 0 views, 1 descriptor sets, 0 framebuffers and 0 command buffers let go of it
i915: vk: first draw: batch 353 dwords at 0x102400000, state at 0x102200000, target 1040x680 at 0x102800000, depth no, 6 vertices
i915: vk: an object (kind 9) was destroyed before what names it: 0 views, 2 descriptor sets, 0 framebuffers and 0 command buffers let go of it
i915: vk: an object (kind 9) was destroyed before what names it: 0 views, 2 descriptor sets, 0 framebuffers and 0 command buffers let go of it
i915: vk: an object (kind 9) was destroyed before what names it: 0 views, 2 descriptor sets, 0 framebuffers and 0 command buffers let go of it
xhci: cancel slot=5 endpoint=3 pending-events=0 first-type=0 iman=2 usbsts=0 erdp=5730b7a0 dequeue=122 command-busy=0 irq-busy=0
xhci: cancelled request slot=5 endpoint=3 completion=26 residual=1
xhci: cancel slot=5 endpoint=3 pending-events=0 first-type=0 iman=2 usbsts=0 erdp=5730b7f0 dequeue=127 command-busy=0 irq-busy=0
xhci: cancelled request slot=5 endpoint=3 completion=26 residual=1
xhci: cancel slot=5 endpoint=3 pending-events=0 first-type=0 iman=2 usbsts=0 erdp=5730b820 dequeue=130 command-busy=0 irq-busy=0
xhci: cancelled request slot=5 endpoint=3 completion=26 residual=1
xhci: cancel slot=5 endpoint=3 pending-events=0 first-type=0 iman=2 usbsts=0 erdp=5730b870 dequeue=135 command-busy=0 irq-busy=0
xhci: cancelled request slot=5 endpoint=3 completion=26 residual=1
xhci: cancel slot=5 endpoint=3 pending-events=0 first-type=0 iman=2 usbsts=0 erdp=5730b920 dequeue=146 command-busy=0 irq-busy=0
xhci: cancelled request slot=5 endpoint=3 completion=26 residual=1
xhci: cancel slot=5 endpoint=3 pending-events=0 first-type=0 iman=2 usbsts=0 erdp=5730ba60 dequeue=166 command-busy=0 irq-busy=0
xhci: cancelled request slot=5 endpoint=3 completion=26 residual=1
i915: resident shim: ring rewound (idle context)
xhci: cancel slot=5 endpoint=3 pending-events=0 first-type=0 iman=2 usbsts=0 erdp=5730bc40 dequeue=196 command-busy=0 irq-busy=0
xhci: cancelled request slot=5 endpoint=3 completion=26 residual=1
i915: vk: session 1: frames 52 in 5000 ms: per submit 2 runs (54 full) 155 ops (most 515), in submit 11730 us (runs 11199, record 530), between 84431 us
i915: perf: markers 62: wait 0.04 ms, run 0.01 ms
i915: perf: 5001 ms: 26 presents (5.19/s), 62 submits, 115 batches | per submit ms: 10.35 (build 0.48, run 9.87, gpu 9.48) | per present ms: 0.93 (copy 0.91, publish 0.00, flip 0.00)
xhci: cancel slot=5 endpoint=3 pending-events=0 first-type=0 iman=2 usbsts=0 erdp=5730bc90 dequeue=201 command-busy=0 irq-busy=0
xhci: cancelled request slot=5 endpoint=3 completion=26 residual=1
xhci: cancel slot=5 endpoint=3 pending-events=0 first-type=0 iman=2 usbsts=0 erdp=5730bd00 dequeue=208 command-busy=0 irq-busy=0
xhci: cancelled request slot=5 endpoint=3 completion=26 residual=1
xhci: cancel slot=5 endpoint=3 pending-events=0 first-type=0 iman=2 usbsts=0 erdp=5730bd50 dequeue=213 command-busy=0 irq-busy=0
xhci: cancelled request slot=5 endpoint=3 completion=26 residual=1
xhci: cancel slot=5 endpoint=3 pending-events=0 first-type=0 iman=2 usbsts=0 erdp=5730bda0 dequeue=218 command-busy=0 irq-busy=0
xhci: cancelled request slot=5 endpoint=3 completion=26 residual=1
xhci: cancel slot=5 endpoint=3 pending-events=0 first-type=0 iman=2 usbsts=0 erdp=5730bdf0 dequeue=223 command-busy=0 irq-busy=0
xhci: cancelled request slot=5 endpoint=3 completion=26 residual=1
xhci: cancel slot=5 endpoint=3 pending-events=0 first-type=0 iman=2 usbsts=0 erdp=5730be20 dequeue=226 command-busy=0 irq-busy=0
xhci: cancelled request slot=5 endpoint=3 completion=26 residual=1
xhci: cancel slot=5 endpoint=3 pending-events=0 first-type=0 iman=2 usbsts=0 erdp=5730be70 dequeue=231 command-busy=0 irq-busy=0
xhci: cancelled request slot=5 endpoint=3 completion=26 residual=1
xhci: cancel slot=5 endpoint=3 pending-events=0 first-type=0 iman=2 usbsts=0 erdp=5730b030 dequeue=3 command-busy=0 irq-busy=0
xhci: cancelled request slot=5 endpoint=3 completion=26 residual=1
xhci: cancel slot=5 endpoint=3 pending-events=0 first-type=0 iman=2 usbsts=0 erdp=5730b080 dequeue=8 command-busy=0 irq-busy=0
xhci: cancelled request slot=5 endpoint=3 completion=26 residual=1
xhci: cancel slot=5 endpoint=3 pending-events=0 first-type=0 iman=2 usbsts=0 erdp=5730b0f0 dequeue=15 command-busy=0 irq-busy=0
xhci: cancelled request slot=5 endpoint=3 completion=26 residual=1
xhci: cancel slot=5 endpoint=3 pending-events=0 first-type=0 iman=2 usbsts=0 erdp=5730b140 dequeue=20 command-busy=0 irq-busy=0
xhci: cancelled request slot=5 endpoint=3 completion=26 residual=1
xhci: cancel slot=5 endpoint=3 pending-events=0 first-type=0 iman=2 usbsts=0 erdp=5730b170 dequeue=23 command-busy=0 irq-busy=0
xhci: cancelled request slot=5 endpoint=3 completion=26 residual=1
xhci: cancel slot=5 endpoint=3 pending-events=0 first-type=0 iman=2 usbsts=0 erdp=5730b1c0 dequeue=28 command-busy=0 irq-busy=0
xhci: cancelled request slot=5 endpoint=3 completion=26 residual=1
xhci: cancel slot=5 endpoint=3 pending-events=0 first-type=0 iman=2 usbsts=0 erdp=5730b2a0 dequeue=42 command-busy=0 irq-busy=0
xhci: cancelled request slot=5 endpoint=3 completion=26 residual=1
xhci: cancel slot=5 endpoint=3 pending-events=0 first-type=0 iman=2 usbsts=0 erdp=5730b2d0 dequeue=45 command-busy=0 irq-busy=0
xhci: cancelled request slot=5 endpoint=3 completion=26 residual=1
xhci: cancel slot=5 endpoint=3 pending-events=0 first-type=0 iman=2 usbsts=0 erdp=5730b320 dequeue=50 command-busy=0 irq-busy=0
xhci: cancelled request slot=5 endpoint=3 completion=26 residual=1
xhci: cancel slot=5 endpoint=3 pending-events=1 first-type=32 iman=2 usbsts=0 erdp=5730b4e0 dequeue=78 command-busy=0 irq-busy=0
xhci: cancelled request slot=5 endpoint=3 completion=26 residual=1
i915: resident shim: context sw_id=9 lrca=fc137119 pml4=0x1665a6000 ring=16384 bytes engine=rcs0
i915: vk: pipeline compiled by the executor: vs 688 bytes (1 attributes, 1 push registers, 1 varyings), fs 304 bytes (1 inputs, 0 push registers, 1 sampled images)
i915: vk: an object (kind 9) was destroyed before what names it: 0 views, 1 descriptor sets, 0 framebuffers and 0 command buffers let go of it
i915: vk: first draw: batch 353 dwords at 0x102400000, state at 0x102200000, target 960x600 at 0x102800000, depth no, 6 vertices
i915: vk: an object (kind 9) was destroyed before what names it: 0 views, 2 descriptor sets, 0 framebuffers and 0 command buffers let go of it
i915: vk: an object (kind 9) was destroyed before what names it: 0 views, 2 descriptor sets, 0 framebuffers and 0 command buffers let go of it
i915: vk: an object (kind 9) was destroyed before what names it: 0 views, 2 descriptor sets, 0 framebuffers and 0 command buffers let go of it
xhci: cancel slot=5 endpoint=3 pending-events=0 first-type=0 iman=2 usbsts=0 erdp=5730b5e0 dequeue=94 command-busy=0 irq-busy=0
xhci: cancelled request slot=5 endpoint=3 completion=26 residual=1
i915: resident shim: ring rewound (idle context)
xhci: cancel slot=5 endpoint=3 pending-events=0 first-type=0 iman=2 usbsts=0 erdp=5730b610 dequeue=97 command-busy=0 irq-busy=0
xhci: cancelled request slot=5 endpoint=3 completion=26 residual=1
i915: resident shim: ring rewound (idle context)
i915: perf: markers 84: wait 0.00 ms, run 0.01 ms
i915: perf: 5001 ms: 23 presents (4.59/s), 84 submits, 130 batches | per submit ms: 6.54 (build 0.30, run 6.23, gpu 5.92) | per present ms: 0.95 (copy 0.92, publish 0.00, flip 0.00)
xhci: cancel slot=5 endpoint=3 pending-events=0 first-type=0 iman=2 usbsts=0 erdp=5730b660 dequeue=102 command-busy=0 irq-busy=0
xhci: cancelled request slot=5 endpoint=3 completion=26 residual=1
xhci: cancel slot=5 endpoint=3 pending-events=0 first-type=0 iman=2 usbsts=0 erdp=5730b690 dequeue=105 command-busy=0 irq-busy=0
xhci: cancelled request slot=5 endpoint=3 completion=26 residual=1
i915: resident shim: ring rewound (idle context)
i915: resident shim: ring rewound (idle context)
xhci: cancel slot=5 endpoint=3 pending-events=0 first-type=0 iman=2 usbsts=0 erdp=5730b740 dequeue=116 command-busy=0 irq-busy=0
xhci: cancelled request slot=5 endpoint=3 completion=26 residual=1
xhci: cancel slot=5 endpoint=3 pending-events=0 first-type=0 iman=2 usbsts=0 erdp=5730b770 dequeue=119 command-busy=0 irq-busy=0
xhci: cancelled request slot=5 endpoint=3 completion=26 residual=1
xhci: cancel slot=5 endpoint=3 pending-events=0 first-type=0 iman=2 usbsts=0 erdp=5730b7c0 dequeue=124 command-busy=0 irq-busy=0
xhci: cancelled request slot=5 endpoint=3 completion=26 residual=1
i915: resident shim: ring rewound (idle context)
xhci: cancel slot=5 endpoint=3 pending-events=0 first-type=0 iman=2 usbsts=0 erdp=5730b7f0 dequeue=127 command-busy=0 irq-busy=0
xhci: cancelled request slot=5 endpoint=3 completion=26 residual=1
xhci: cancel slot=5 endpoint=3 pending-events=0 first-type=0 iman=2 usbsts=0 erdp=5730b880 dequeue=136 command-busy=0 irq-busy=0
xhci: cancelled request slot=5 endpoint=3 completion=26 residual=1
i915: resident shim: ring rewound (idle context)
xhci: cancel slot=5 endpoint=3 pending-events=0 first-type=0 iman=2 usbsts=0 erdp=5730b9a0 dequeue=154 command-busy=0 irq-busy=0
xhci: cancelled request slot=5 endpoint=3 completion=26 residual=1
i915: resident shim: ring rewound (idle context)
i915: resident shim: ring rewound (idle context)
xhci: cancel slot=5 endpoint=3 pending-events=0 first-type=0 iman=2 usbsts=0 erdp=5730ba50 dequeue=165 command-busy=0 irq-busy=0
xhci: cancelled request slot=5 endpoint=3 completion=26 residual=1
xhci: cancel slot=5 endpoint=3 pending-events=0 first-type=0 iman=2 usbsts=0 erdp=5730bd50 dequeue=213 command-busy=0 irq-busy=0
xhci: cancelled request slot=5 endpoint=3 completion=26 residual=1
xhci: cancel slot=5 endpoint=3 pending-events=0 first-type=0 iman=2 usbsts=0 erdp=5730bda0 dequeue=218 command-busy=0 irq-busy=0
xhci: cancelled request slot=5 endpoint=3 completion=26 residual=1
i915: resident shim: ring rewound (idle context)
xhci: cancel slot=5 endpoint=3 pending-events=0 first-type=0 iman=2 usbsts=0 erdp=5730bdd0 dequeue=221 command-busy=0 irq-busy=0
xhci: cancelled request slot=5 endpoint=3 completion=26 residual=1
i915: resident shim: ring rewound (idle context)
i915: vk: an object (kind 18) was destroyed before what names it: 0 views, 0 descriptor sets, 0 framebuffers and 1 command buffers let go of it
i915: vk: an object (kind 8) was destroyed before what names it: 0 views, 0 descriptor sets, 0 framebuffers and 1 command buffers let go of it
i915: vk: an object (kind 9) was destroyed before what names it: 0 views, 1 descriptor sets, 0 framebuffers and 0 command buffers let go of it
xhci: cancel slot=5 endpoint=3 pending-events=0 first-type=0 iman=2 usbsts=0 erdp=5730be80 dequeue=232 command-busy=0 irq-busy=0
i915: vk: an object (kind 18) was destroyed before what names it: 0 views, 0 descriptor sets, 0 framebuffers and 1 command buffers let go of it
xhci: cancelled request slot=5 endpoint=3 completion=26 residual=1
i915: vk: an object (kind 9) was destroyed before what names it: 0 views, 2 descriptor sets, 0 framebuffers and 0 command buffers let go of it
i915: vk: an object (kind 9) was destroyed before what names it: 0 views, 2 descriptor sets, 0 framebuffers and 0 command buffers let go of it
i915: vk: an object (kind 9) was destroyed before what names it: 0 views, 2 descriptor sets, 0 framebuffers and 0 command buffers let go of it
i915: vk: an object (kind 8) was destroyed before what names it: 0 views, 0 descriptor sets, 0 framebuffers and 1 command buffers let go of it
i915: vk: an object (kind 9) was destroyed before what names it: 0 views, 1 descriptor sets, 0 framebuffers and 0 command buffers let go of it
i915: vk: an object (kind 18) was destroyed before what names it: 0 views, 0 descriptor sets, 0 framebuffers and 1 command buffers let go of it
i915: vk: an object (kind 9) was destroyed before what names it: 0 views, 2 descriptor sets, 0 framebuffers and 0 command buffers let go of it
i915: vk: an object (kind 9) was destroyed before what names it: 0 views, 2 descriptor sets, 0 framebuffers and 0 command buffers let go of it
i915: vk: an object (kind 8) was destroyed before what names it: 0 views, 0 descriptor sets, 0 framebuffers and 1 command buffers let go of it
i915: vk: an object (kind 9) was destroyed before what names it: 0 views, 2 descriptor sets, 0 framebuffers and 0 command buffers let go of it
i915: vk: an object (kind 8) was destroyed before what names it: 0 views, 0 descriptor sets, 0 framebuffers and 1 command buffers let go of it
i915: vk: an object (kind 9) was destroyed before what names it: 0 views, 1 descriptor sets, 0 framebuffers and 0 command buffers let go of it
i915: vk: an object (kind 9) was destroyed before what names it: 0 views, 2 descriptor sets, 0 framebuffers and 0 command buffers let go of it
i915: vk: an object (kind 9) was destroyed before what names it: 0 views, 2 descriptor sets, 0 framebuffers and 0 command buffers let go of it
i915: vk: an object (kind 9) was destroyed before what names it: 0 views, 2 descriptor sets, 0 framebuffers and 0 command buffers let go of it
xhci: cancel slot=5 endpoint=3 pending-events=0 first-type=0 iman=2 usbsts=0 erdp=5730beb0 dequeue=235 command-busy=0 irq-busy=0
xhci: cancelled request slot=5 endpoint=3 completion=26 residual=1
xhci: cancel slot=5 endpoint=3 pending-events=0 first-type=0 iman=2 usbsts=0 erdp=5730bf40 dequeue=244 command-busy=0 irq-busy=0
xhci: cancelled request slot=5 endpoint=3 completion=26 residual=1
i915: resident shim: ring rewound (idle context)
xhci: cancel slot=5 endpoint=3 pending-events=0 first-type=0 iman=2 usbsts=0 erdp=5730b120 dequeue=18 command-busy=0 irq-busy=0
xhci: cancelled request slot=5 endpoint=3 completion=26 residual=1
xhci: cancel slot=5 endpoint=3 pending-events=0 first-type=0 iman=2 usbsts=0 erdp=5730b170 dequeue=23 command-busy=0 irq-busy=0
xhci: cancelled request slot=5 endpoint=3 completion=26 residual=1
i915: resident shim: ring rewound (idle context)
i915: resident shim: ring rewound (idle context)
i915: vk: session 8: frames 295 in 5007 ms: per submit 1 runs (0 full) 0 ops (most 1), in submit 561 us (runs 550, record 11), between 16412 us
xhci: cancel slot=5 endpoint=3 pending-events=0 first-type=0 iman=2 usbsts=0 erdp=5730b1a0 dequeue=26 command-busy=0 irq-busy=0
xhci: cancelled request slot=5 endpoint=3 completion=26 residual=1
i915: resident shim: ring rewound (idle context)
xhci: cancel slot=5 endpoint=3 pending-events=0 first-type=0 iman=2 usbsts=0 erdp=5730b260 dequeue=38 command-busy=0 irq-busy=0
xhci: cancelled request slot=5 endpoint=3 completion=26 residual=1
xhci: cancel slot=5 endpoint=3 pending-events=0 first-type=0 iman=2 usbsts=0 erdp=5730b2b0 dequeue=43 command-busy=0 irq-busy=0
xhci: cancelled request slot=5 endpoint=3 completion=26 residual=1
i915: vk: session 1: frames 304 in 5017 ms: per submit 2 runs (152 full) 98 ops (most 233), in submit 8570 us (runs 8166, record 404), between 7935 us
i915: perf: markers 607: wait 0.04 ms, run 0.01 ms
i915: perf: 5018 ms: 152 presents (30.28/s), 607 submits, 756 batches | per submit ms: 4.62 (build 0.21, run 4.41, gpu 4.32) | per present ms: 0.99 (copy 0.96, publish 0.00, flip 0.00)
xhci: cancel slot=5 endpoint=3 pending-events=0 first-type=0 iman=2 usbsts=0 erdp=5730b380 dequeue=56 command-busy=0 irq-busy=0
xhci: cancelled request slot=5 endpoint=3 completion=26 residual=1
i915: resident shim: ring rewound (idle context)
xhci: cancel slot=5 endpoint=3 pending-events=0 first-type=0 iman=2 usbsts=0 erdp=5730b3b0 dequeue=59 command-busy=0 irq-busy=0
xhci: cancelled request slot=5 endpoint=3 completion=26 residual=1
i915: resident shim: ring rewound (idle context)
xhci: cancel slot=5 endpoint=3 pending-events=0 first-type=0 iman=2 usbsts=0 erdp=5730b440 dequeue=68 command-busy=0 irq-busy=0
xhci: cancelled request slot=5 endpoint=3 completion=26 residual=1
i915: resident shim: ring rewound (idle context)
xhci: cancel slot=5 endpoint=3 pending-events=1 first-type=32 iman=2 usbsts=0 erdp=5730b830 dequeue=131 command-busy=0 irq-busy=0
xhci: cancelled request slot=5 endpoint=3 completion=26 residual=1
xhci: cancel slot=5 endpoint=3 pending-events=0 first-type=0 iman=2 usbsts=0 erdp=5730baa0 dequeue=170 command-busy=0 irq-busy=0
xhci: cancelled request slot=5 endpoint=3 completion=26 residual=1
xhci: cancel slot=5 endpoint=3 pending-events=0 first-type=0 iman=2 usbsts=0 erdp=5730bc60 dequeue=198 command-busy=0 irq-busy=0
xhci: cancelled request slot=5 endpoint=3 completion=26 residual=1
i915: resident shim: ring rewound (idle context)
i915: vk: an object (kind 18) was destroyed before what names it: 0 views, 0 descriptor sets, 0 framebuffers and 1 command buffers let go of it
i915: vk: an object (kind 8) was destroyed before what names it: 0 views, 0 descriptor sets, 0 framebuffers and 1 command buffers let go of it
i915: vk: an object (kind 9) was destroyed before what names it: 0 views, 1 descriptor sets, 0 framebuffers and 0 command buffers let go of it
i915: vk: an object (kind 9) was destroyed before what names it: 0 views, 2 descriptor sets, 0 framebuffers and 0 command buffers let go of it
i915: vk: an object (kind 9) was destroyed before what names it: 0 views, 2 descriptor sets, 0 framebuffers and 0 command buffers let go of it
i915: vk: an object (kind 9) was destroyed before what names it: 0 views, 2 descriptor sets, 0 framebuffers and 0 command buffers let go of it
i915: vk: an object (kind 18) was destroyed before what names it: 0 views, 0 descriptor sets, 0 framebuffers and 1 command buffers let go of it
i915: vk: an object (kind 8) was destroyed before what names it: 0 views, 0 descriptor sets, 0 framebuffers and 1 command buffers let go of it
i915: vk: an object (kind 8) was destroyed before what names it: 0 views, 0 descriptor sets, 0 framebuffers and 1 command buffers let go of it
i915: vk: an object (kind 9) was destroyed before what names it: 0 views, 1 descriptor sets, 0 framebuffers and 0 command buffers let go of it
i915: resident shim: ring rewound (idle context)
i915: vk: an object (kind 9) was destroyed before what names it: 0 views, 2 descriptor sets, 0 framebuffers and 0 command buffers let go of it
i915: vk: an object (kind 9) was destroyed before what names it: 0 views, 2 descriptor sets, 0 framebuffers and 0 command buffers let go of it
i915: vk: an object (kind 9) was destroyed before what names it: 0 views, 2 descriptor sets, 0 framebuffers and 0 command buffers let go of it
xhci: cancel slot=5 endpoint=3 pending-events=0 first-type=0 iman=2 usbsts=0 erdp=5730bd00 dequeue=208 command-busy=0 irq-busy=0
xhci: cancelled request slot=5 endpoint=3 completion=26 residual=1
xhci: cancel slot=5 endpoint=3 pending-events=0 first-type=0 iman=2 usbsts=0 erdp=5730bd30 dequeue=211 command-busy=0 irq-busy=0
xhci: cancelled request slot=5 endpoint=3 completion=26 residual=1
i915: resident shim: ring rewound (idle context)
xhci: cancel slot=5 endpoint=3 pending-events=0 first-type=0 iman=2 usbsts=0 erdp=5730bd80 dequeue=216 command-busy=0 irq-busy=0
xhci: cancelled request slot=5 endpoint=3 completion=26 residual=1
i915: resident shim: ring rewound (idle context)
xhci: cancel slot=5 endpoint=3 pending-events=0 first-type=0 iman=2 usbsts=0 erdp=5730bdb0 dequeue=219 command-busy=0 irq-busy=0
xhci: cancelled request slot=5 endpoint=3 completion=26 residual=1
xhci: cancel slot=5 endpoint=3 pending-events=0 first-type=0 iman=2 usbsts=0 erdp=5730bff0 dequeue=255 command-busy=0 irq-busy=0
xhci: cancelled request slot=5 endpoint=3 completion=26 residual=1
i915: resident shim: ring rewound (idle context)
i915: resident shim: ring rewound (idle context)
xhci: cancel slot=5 endpoint=3 pending-events=0 first-type=0 iman=2 usbsts=0 erdp=5730b180 dequeue=24 command-busy=0 irq-busy=0
xhci: cancelled request slot=5 endpoint=3 completion=26 residual=1
xhci: cancel slot=5 endpoint=3 pending-events=0 first-type=0 iman=2 usbsts=0 erdp=5730b360 dequeue=54 command-busy=0 irq-busy=0
xhci: cancelled request slot=5 endpoint=3 completion=26 residual=1
i915: resident shim: ring rewound (idle context)
i915: resident shim: ring rewound (idle context)
xhci: cancel slot=5 endpoint=3 pending-events=0 first-type=0 iman=2 usbsts=0 erdp=5730b520 dequeue=82 command-busy=0 irq-busy=0
xhci: cancelled request slot=5 endpoint=3 completion=26 residual=1
xhci: cancel slot=5 endpoint=3 pending-events=0 first-type=0 iman=2 usbsts=0 erdp=5730b690 dequeue=105 command-busy=0 irq-busy=0
xhci: cancelled request slot=5 endpoint=3 completion=26 residual=1
xhci: cancel slot=5 endpoint=3 pending-events=0 first-type=0 iman=2 usbsts=0 erdp=5730b6c0 dequeue=108 command-busy=0 irq-busy=0
xhci: cancelled request slot=5 endpoint=3 completion=26 residual=1
i915: resident shim: ring rewound (idle context)
i915: resident shim: ring rewound (idle context)
xhci: cancel slot=5 endpoint=3 pending-events=0 first-type=0 iman=2 usbsts=0 erdp=5730b710 dequeue=113 command-busy=0 irq-busy=0
xhci: cancelled request slot=5 endpoint=3 completion=26 residual=1
xhci: cancel slot=5 endpoint=3 pending-events=0 first-type=0 iman=2 usbsts=0 erdp=5730b740 dequeue=116 command-busy=0 irq-busy=0
xhci: cancelled request slot=5 endpoint=3 completion=26 residual=1
xhci: cancel slot=5 endpoint=3 pending-events=0 first-type=0 iman=2 usbsts=0 erdp=5730b830 dequeue=131 command-busy=0 irq-busy=0
xhci: cancelled request slot=5 endpoint=3 completion=26 residual=1
i915: vk: session 8: frames 279 in 5471 ms: per submit 1 runs (0 full) 0 ops (most 1), in submit 2228 us (runs 2222, record 6), between 17382 us
xhci: cancel slot=5 endpoint=3 pending-events=0 first-type=0 iman=2 usbsts=0 erdp=5730b8f0 dequeue=143 command-busy=0 irq-busy=0
xhci: cancelled request slot=5 endpoint=3 completion=26 residual=1
xhci: cancel slot=5 endpoint=3 pending-events=0 first-type=0 iman=2 usbsts=0 erdp=5730b940 dequeue=148 command-busy=0 irq-busy=0
xhci: cancelled request slot=5 endpoint=3 completion=26 residual=1
xhci: cancel slot=5 endpoint=3 pending-events=0 first-type=0 iman=2 usbsts=0 erdp=5730b970 dequeue=151 command-busy=0 irq-busy=0
xhci: cancelled request slot=5 endpoint=3 completion=26 residual=1
xhci: cancel slot=5 endpoint=3 pending-events=0 first-type=0 iman=2 usbsts=0 erdp=5730b9c0 dequeue=156 command-busy=0 irq-busy=0
xhci: cancelled request slot=5 endpoint=3 completion=26 residual=1
xhci: cancel slot=5 endpoint=3 pending-events=0 first-type=0 iman=2 usbsts=0 erdp=5730ba60 dequeue=166 command-busy=0 irq-busy=0
xhci: cancelled request slot=5 endpoint=3 completion=26 residual=1
i915: vk: session 1: frames 314 in 5996 ms: per submit 2 runs (157 full) 90 ops (most 233), in submit 7970 us (runs 7611, record 359), between 11126 us
i915: perf: markers 564: wait 0.32 ms, run 0.01 ms
i915: perf: 5997 ms: 157 presents (26.17/s), 564 submits, 719 batches | per submit ms: 5.53 (build 0.20, run 5.32, gpu 4.48) | per present ms: 1.32 (copy 1.29, publish 0.00, flip 0.00)
xhci: cancel slot=5 endpoint=3 pending-events=0 first-type=0 iman=2 usbsts=0 erdp=5730bd90 dequeue=217 command-busy=0 irq-busy=0
xhci: cancelled request slot=5 endpoint=3 completion=26 residual=1
i915: resident shim: ring rewound (idle context)
xhci: cancel slot=5 endpoint=3 pending-events=0 first-type=0 iman=2 usbsts=0 erdp=5730bf50 dequeue=245 command-busy=0 irq-busy=0
xhci: cancelled request slot=5 endpoint=3 completion=26 residual=1
xhci: cancel slot=5 endpoint=3 pending-events=0 first-type=0 iman=2 usbsts=0 erdp=5730b180 dequeue=24 command-busy=0 irq-busy=0
xhci: cancelled request slot=5 endpoint=3 completion=26 residual=1
xhci: cancel slot=5 endpoint=3 pending-events=0 first-type=0 iman=2 usbsts=0 erdp=5730b300 dequeue=48 command-busy=0 irq-busy=0
xhci: cancelled request slot=5 endpoint=3 completion=26 residual=1
i915: resident shim: ring rewound (idle context)
i915: resident shim: ring rewound (idle context)
xhci: cancel slot=5 endpoint=3 pending-events=0 first-type=0 iman=2 usbsts=0 erdp=5730b350 dequeue=53 command-busy=0 irq-busy=0
xhci: cancelled request slot=5 endpoint=3 completion=26 residual=1
xhci: cancel slot=5 endpoint=3 pending-events=0 first-type=0 iman=2 usbsts=0 erdp=5730b380 dequeue=56 command-busy=0 irq-busy=0
xhci: cancelled request slot=5 endpoint=3 completion=26 residual=1
xhci: cancel slot=5 endpoint=3 pending-events=0 first-type=0 iman=2 usbsts=0 erdp=5730b3d0 dequeue=61 command-busy=0 irq-busy=0
xhci: cancelled request slot=5 endpoint=3 completion=26 residual=1
ucsi: rec 232 R 20000000 1 0
xhci: cancel slot=5 endpoint=3 pending-events=0 first-type=0 iman=2 usbsts=0 erdp=5730b490 dequeue=73 command-busy=0 irq-busy=0
xhci: cancelled request slot=5 endpoint=3 completion=26 residual=1
xhci: cancel slot=5 endpoint=3 pending-events=0 first-type=0 iman=2 usbsts=0 erdp=5730b580 dequeue=88 command-busy=0 irq-busy=0
xhci: cancelled request slot=5 endpoint=3 completion=26 residual=1
xhci: cancel slot=5 endpoint=3 pending-events=0 first-type=0 iman=2 usbsts=0 erdp=5730b5c0 dequeue=92 command-busy=0 irq-busy=0
xhci: cancelled request slot=5 endpoint=3 completion=26 residual=1
xhci: cancel slot=5 endpoint=3 pending-events=0 first-type=0 iman=2 usbsts=0 erdp=5730b650 dequeue=101 command-busy=0 irq-busy=0
xhci: cancelled request slot=5 endpoint=3 completion=26 residual=1
xhci: cancel slot=5 endpoint=3 pending-events=0 first-type=0 iman=2 usbsts=0 erdp=5730b6c0 dequeue=108 command-busy=0 irq-busy=0
xhci: cancelled request slot=5 endpoint=3 completion=26 residual=1
i915: vk: an object (kind 18) was destroyed before what names it: 0 views, 0 descriptor sets, 0 framebuffers and 1 command buffers let go of it
i915: vk: an object (kind 8) was destroyed before what names it: 0 views, 0 descriptor sets, 0 framebuffers and 1 command buffers let go of it
i915: vk: an object (kind 9) was destroyed before what names it: 0 views, 1 descriptor sets, 0 framebuffers and 0 command buffers let go of it
i915: vk: an object (kind 18) was destroyed before what names it: 0 views, 0 descriptor sets, 0 framebuffers and 1 command buffers let go of it
i915: vk: an object (kind 9) was destroyed before what names it: 0 views, 2 descriptor sets, 0 framebuffers and 0 command buffers let go of it
i915: vk: an object (kind 9) was destroyed before what names it: 0 views, 2 descriptor sets, 0 framebuffers and 0 command buffers let go of it
i915: vk: an object (kind 8) was destroyed before what names it: 0 views, 0 descriptor sets, 0 framebuffers and 1 command buffers let go of it
i915: vk: an object (kind 9) was destroyed before what names it: 0 views, 2 descriptor sets, 0 framebuffers and 0 command buffers let go of it
i915: vk: an object (kind 9) was destroyed before what names it: 0 views, 1 descriptor sets, 0 framebuffers and 0 command buffers let go of it
i915: vk: an object (kind 9) was destroyed before what names it: 0 views, 2 descriptor sets, 0 framebuffers and 0 command buffers let go of it
i915: vk: an object (kind 9) was destroyed before what names it: 0 views, 2 descriptor sets, 0 framebuffers and 0 command buffers let go of it
i915: vk: an object (kind 9) was destroyed before what names it: 0 views, 2 descriptor sets, 0 framebuffers and 0 command buffers let go of it
xhci: cancel slot=5 endpoint=3 pending-events=0 first-type=0 iman=2 usbsts=0 erdp=5730b770 dequeue=119 command-busy=0 irq-busy=0
xhci: cancelled request slot=5 endpoint=3 completion=26 residual=1
xhci: cancel slot=5 endpoint=3 pending-events=0 first-type=0 iman=2 usbsts=0 erdp=5730b7a0 dequeue=122 command-busy=0 irq-busy=0
xhci: cancelled request slot=5 endpoint=3 completion=26 residual=1
i915: resident shim: ring rewound (idle context)
xhci: cancel slot=5 endpoint=3 pending-events=0 first-type=0 iman=2 usbsts=0 erdp=5730b880 dequeue=136 command-busy=0 irq-busy=0
xhci: cancelled request slot=5 endpoint=3 completion=26 residual=1
xhci: cancel slot=5 endpoint=3 pending-events=0 first-type=0 iman=2 usbsts=0 erdp=5730bbc0 dequeue=188 command-busy=0 irq-busy=0
xhci: cancelled request slot=5 endpoint=3 completion=26 residual=1
xhci: cancel slot=5 endpoint=3 pending-events=0 first-type=0 iman=2 usbsts=0 erdp=5730bc10 dequeue=193 command-busy=0 irq-busy=0
xhci: cancelled request slot=5 endpoint=3 completion=26 residual=1
xhci: cancel slot=5 endpoint=3 pending-events=0 first-type=0 iman=2 usbsts=0 erdp=5730bcb0 dequeue=203 command-busy=0 irq-busy=0
xhci: cancelled request slot=5 endpoint=3 completion=26 residual=1
i915: vk: an object (kind 18) was destroyed before what names it: 0 views, 0 descriptor sets, 0 framebuffers and 1 command buffers let go of it
i915: vk: an object (kind 8) was destroyed before what names it: 0 views, 0 descriptor sets, 0 framebuffers and 1 command buffers let go of it
i915: vk: an object (kind 9) was destroyed before what names it: 0 views, 1 descriptor sets, 0 framebuffers and 0 command buffers let go of it
i915: vk: an object (kind 9) was destroyed before what names it: 0 views, 2 descriptor sets, 0 framebuffers and 0 command buffers let go of it
i915: vk: an object (kind 9) was destroyed before what names it: 0 views, 2 descriptor sets, 0 framebuffers and 0 command buffers let go of it
i915: vk: an object (kind 9) was destroyed before what names it: 0 views, 2 descriptor sets, 0 framebuffers and 0 command buffers let go of it
i915: vk: an object (kind 18) was destroyed before what names it: 0 views, 0 descriptor sets, 0 framebuffers and 1 command buffers let go of it
i915: vk: an object (kind 8) was destroyed before what names it: 0 views, 0 descriptor sets, 0 framebuffers and 1 command buffers let go of it
i915: vk: an object (kind 8) was destroyed before what names it: 0 views, 0 descriptor sets, 0 framebuffers and 1 command buffers let go of it
i915: vk: an object (kind 9) was destroyed before what names it: 0 views, 1 descriptor sets, 0 framebuffers and 0 command buffers let go of it
i915: resident shim: ring rewound (idle context)
i915: vk: an object (kind 9) was destroyed before what names it: 0 views, 2 descriptor sets, 0 framebuffers and 0 command buffers let go of it
i915: vk: an object (kind 9) was destroyed before what names it: 0 views, 2 descriptor sets, 0 framebuffers and 0 command buffers let go of it
i915: vk: an object (kind 9) was destroyed before what names it: 0 views, 2 descriptor sets, 0 framebuffers and 0 command buffers let go of it
i915: resident shim: ring rewound (idle context)
xhci: cancel slot=5 endpoint=3 pending-events=0 first-type=0 iman=2 usbsts=0 erdp=5730bd40 dequeue=212 command-busy=0 irq-busy=0
xhci: cancelled request slot=5 endpoint=3 completion=26 residual=1
xhci: cancel slot=5 endpoint=3 pending-events=0 first-type=0 iman=2 usbsts=0 erdp=5730bd70 dequeue=215 command-busy=0 irq-busy=0
xhci: cancelled request slot=5 endpoint=3 completion=26 residual=1
i915: vk: session 1: frames 184 in 5016 ms: per submit 2 runs (92 full) 109 ops (most 256), in submit 11690 us (runs 11223, record 467), between 15571 us
i915: perf: markers 282: wait 0.21 ms, run 0.01 ms
i915: perf: 5015 ms: 92 presents (18.34/s), 282 submits, 370 batches | per submit ms: 8.09 (build 0.31, run 7.78, gpu 7.46) | per present ms: 1.04 (copy 1.00, publish 0.00, flip 0.00)
xhci: cancel slot=5 endpoint=3 pending-events=0 first-type=0 iman=2 usbsts=0 erdp=5730bdc0 dequeue=220 command-busy=0 irq-busy=0
xhci: cancelled request slot=5 endpoint=3 completion=26 residual=1
xhci: cancel slot=5 endpoint=3 pending-events=0 first-type=0 iman=2 usbsts=0 erdp=5730b070 dequeue=7 command-busy=0 irq-busy=0
xhci: cancelled request slot=5 endpoint=3 completion=26 residual=1
xhci: cancel slot=5 endpoint=3 pending-events=0 first-type=0 iman=2 usbsts=0 erdp=5730b0c0 dequeue=12 command-busy=0 irq-busy=0
xhci: cancelled request slot=5 endpoint=3 completion=26 residual=1
i915: resident shim: ring rewound (idle context)
xhci: cancel slot=5 endpoint=3 pending-events=0 first-type=0 iman=2 usbsts=0 erdp=5730b0f0 dequeue=15 command-busy=0 irq-busy=0
xhci: cancelled request slot=5 endpoint=3 completion=26 residual=1
i915: resident shim: ring rewound (idle context)
xhci: cancel slot=5 endpoint=3 pending-events=0 first-type=0 iman=2 usbsts=0 erdp=5730b140 dequeue=20 command-busy=0 irq-busy=0
xhci: cancelled request slot=5 endpoint=3 completion=26 residual=1
xhci: cancel slot=5 endpoint=3 pending-events=0 first-type=0 iman=2 usbsts=0 erdp=5730b200 dequeue=32 command-busy=0 irq-busy=0
xhci: cancelled request slot=5 endpoint=3 completion=26 residual=1
i915: vk: an object (kind 18) was destroyed before what names it: 0 views, 0 descriptor sets, 0 framebuffers and 1 command buffers let go of it
i915: resident shim: ring rewound (idle context)
i915: vk: an object (kind 18) was destroyed before what names it: 0 views, 0 descriptor sets, 0 framebuffers and 1 command buffers let go of it
i915: vk: an object (kind 8) was destroyed before what names it: 0 views, 0 descriptor sets, 0 framebuffers and 1 command buffers let go of it
i915: vk: an object (kind 8) was destroyed before what names it: 0 views, 0 descriptor sets, 0 framebuffers and 1 command buffers let go of it
i915: vk: an object (kind 9) was destroyed before what names it: 0 views, 1 descriptor sets, 0 framebuffers and 0 command buffers let go of it
i915: vk: an object (kind 9) was destroyed before what names it: 0 views, 1 descriptor sets, 0 framebuffers and 0 command buffers let go of it
i915: vk: an object (kind 9) was destroyed before what names it: 0 views, 2 descriptor sets, 0 framebuffers and 0 command buffers let go of it
i915: vk: an object (kind 9) was destroyed before what names it: 0 views, 2 descriptor sets, 0 framebuffers and 0 command buffers let go of it
i915: vk: an object (kind 9) was destroyed before what names it: 0 views, 2 descriptor sets, 0 framebuffers and 0 command buffers let go of it
i915: vk: an object (kind 9) was destroyed before what names it: 0 views, 2 descriptor sets, 0 framebuffers and 0 command buffers let go of it
i915: vk: an object (kind 9) was destroyed before what names it: 0 views, 2 descriptor sets, 0 framebuffers and 0 command buffers let go of it
i915: vk: an object (kind 9) was destroyed before what names it: 0 views, 2 descriptor sets, 0 framebuffers and 0 command buffers let go of it
xhci: cancel slot=5 endpoint=3 pending-events=0 first-type=0 iman=2 usbsts=0 erdp=5730b290 dequeue=41 command-busy=0 irq-busy=0
xhci: cancelled request slot=5 endpoint=3 completion=26 residual=1
i915: resident shim: ring rewound (idle context)
xhci: cancel slot=5 endpoint=3 pending-events=0 first-type=0 iman=2 usbsts=0 erdp=5730b2c0 dequeue=44 command-busy=0 irq-busy=0
xhci: cancelled request slot=5 endpoint=3 completion=26 residual=1
xhci: cancel slot=5 endpoint=3 pending-events=0 first-type=0 iman=2 usbsts=0 erdp=5730b310 dequeue=49 command-busy=0 irq-busy=0
xhci: cancelled request slot=5 endpoint=3 completion=26 residual=1
xhci: cancel slot=5 endpoint=3 pending-events=0 first-type=0 iman=2 usbsts=0 erdp=5730b440 dequeue=68 command-busy=0 irq-busy=0
xhci: cancelled request slot=5 endpoint=3 completion=26 residual=1
xhci: cancel slot=5 endpoint=3 pending-events=0 first-type=0 iman=2 usbsts=0 erdp=5730b490 dequeue=73 command-busy=0 irq-busy=0
xhci: cancelled request slot=5 endpoint=3 completion=26 residual=1
xhci: cancel slot=5 endpoint=3 pending-events=0 first-type=0 iman=2 usbsts=0 erdp=5730b4c0 dequeue=76 command-busy=0 irq-busy=0
xhci: cancelled request slot=5 endpoint=3 completion=26 residual=1
i915: resident shim: ring rewound (idle context)
i915: vk: an object (kind 18) was destroyed before what names it: 0 views, 0 descriptor sets, 0 framebuffers and 1 command buffers let go of it
i915: vk: an object (kind 18) was destroyed before what names it: 0 views, 0 descriptor sets, 0 framebuffers and 1 command buffers let go of it
i915: resident shim: ring rewound (idle context)
i915: vk: an object (kind 8) was destroyed before what names it: 0 views, 0 descriptor sets, 0 framebuffers and 1 command buffers let go of it
i915: vk: an object (kind 8) was destroyed before what names it: 0 views, 0 descriptor sets, 0 framebuffers and 1 command buffers let go of it
i915: vk: an object (kind 9) was destroyed before what names it: 0 views, 1 descriptor sets, 0 framebuffers and 0 command buffers let go of it
i915: vk: an object (kind 9) was destroyed before what names it: 0 views, 1 descriptor sets, 0 framebuffers and 0 command buffers let go of it
i915: vk: an object (kind 9) was destroyed before what names it: 0 views, 2 descriptor sets, 0 framebuffers and 0 command buffers let go of it
i915: vk: an object (kind 9) was destroyed before what names it: 0 views, 2 descriptor sets, 0 framebuffers and 0 command buffers let go of it
i915: vk: an object (kind 9) was destroyed before what names it: 0 views, 2 descriptor sets, 0 framebuffers and 0 command buffers let go of it
i915: vk: an object (kind 9) was destroyed before what names it: 0 views, 2 descriptor sets, 0 framebuffers and 0 command buffers let go of it
xhci: cancel slot=5 endpoint=3 pending-events=0 first-type=0 iman=2 usbsts=0 erdp=5730b580 dequeue=88 command-busy=0 irq-busy=0
xhci: cancelled request slot=5 endpoint=3 completion=26 residual=1
i915: vk: an object (kind 9) was destroyed before what names it: 0 views, 2 descriptor sets, 0 framebuffers and 0 command buffers let go of it
i915: vk: an object (kind 9) was destroyed before what names it: 0 views, 2 descriptor sets, 0 framebuffers and 0 command buffers let go of it
xhci: cancel slot=5 endpoint=3 pending-events=0 first-type=0 iman=2 usbsts=0 erdp=5730b5b0 dequeue=91 command-busy=0 irq-busy=0
xhci: cancelled request slot=5 endpoint=3 completion=26 residual=1
xhci: cancel slot=5 endpoint=3 pending-events=0 first-type=0 iman=2 usbsts=0 erdp=5730b640 dequeue=100 command-busy=0 irq-busy=0
xhci: cancelled request slot=5 endpoint=3 completion=26 residual=1
i915: vk: session 8: frames 201 in 5027 ms: per submit 1 runs (0 full) 0 ops (most 1), in submit 608 us (runs 602, record 6), between 24403 us
xhci: cancel slot=5 endpoint=3 pending-events=0 first-type=0 iman=2 usbsts=0 erdp=5730b670 dequeue=103 command-busy=0 irq-busy=0
xhci: cancelled request slot=5 endpoint=3 completion=26 residual=1
i915: resident shim: ring rewound (idle context)
xhci: cancel slot=5 endpoint=3 pending-events=0 first-type=0 iman=2 usbsts=0 erdp=5730b990 dequeue=153 command-busy=0 irq-busy=0
xhci: cancelled request slot=5 endpoint=3 completion=26 residual=1
i915: resident shim: ring rewound (idle context)
xhci: cancel slot=5 endpoint=3 pending-events=0 first-type=0 iman=2 usbsts=0 erdp=5730bab0 dequeue=171 command-busy=0 irq-busy=0
xhci: cancelled request slot=5 endpoint=3 completion=26 residual=1
xhci: cancel slot=5 endpoint=3 pending-events=0 first-type=0 iman=2 usbsts=0 erdp=5730bc90 dequeue=201 command-busy=0 irq-busy=0
xhci: cancelled request slot=5 endpoint=3 completion=26 residual=1
i915: resident shim: ring rewound (idle context)
xhci: cancel slot=5 endpoint=3 pending-events=0 first-type=0 iman=2 usbsts=0 erdp=5730be60 dequeue=230 command-busy=0 irq-busy=0
xhci: cancelled request slot=5 endpoint=3 completion=26 residual=1
i915: resident shim: ring rewound (idle context)
i915: vk: session 1: frames 226 in 5011 ms: per submit 2 runs (113 full) 111 ops (most 256), in submit 12533 us (runs 12078, record 454), between 9643 us
i915: perf: markers 450: wait 0.20 ms, run 0.01 ms
i915: perf: 5012 ms: 113 presents (22.54/s), 450 submits, 559 batches | per submit ms: 7.00 (build 0.24, run 6.76, gpu 6.21) | per present ms: 1.03 (copy 0.99, publish 0.00, flip 0.00)
xhci: cancel slot=5 endpoint=3 pending-events=0 first-type=0 iman=2 usbsts=0 erdp=5730b040 dequeue=4 command-busy=0 irq-busy=0
xhci: cancelled request slot=5 endpoint=3 completion=26 residual=1
xhci: cancel slot=5 endpoint=3 pending-events=0 first-type=0 iman=2 usbsts=0 erdp=5730b0e0 dequeue=14 command-busy=0 irq-busy=0
xhci: cancelled request slot=5 endpoint=3 completion=26 residual=1
i915: resident shim: ring rewound (idle context)
xhci: cancel slot=5 endpoint=3 pending-events=0 first-type=0 iman=2 usbsts=0 erdp=5730b320 dequeue=50 command-busy=0 irq-busy=0
xhci: cancelled request slot=5 endpoint=3 completion=26 residual=1
xhci: cancel slot=5 endpoint=3 pending-events=0 first-type=0 iman=2 usbsts=0 erdp=5730b350 dequeue=53 command-busy=0 irq-busy=0
xhci: cancelled request slot=5 endpoint=3 completion=26 residual=1
xhci: cancel slot=5 endpoint=3 pending-events=0 first-type=0 iman=2 usbsts=0 erdp=5730b460 dequeue=70 command-busy=0 irq-busy=0
xhci: cancelled request slot=5 endpoint=3 completion=26 residual=1
i915: resident shim: ring rewound (idle context)
i915: resident shim: ring rewound (idle context)
i915: resident shim: ring rewound (idle context)
xhci: cancel slot=5 endpoint=3 pending-events=0 first-type=0 iman=2 usbsts=0 erdp=5730b620 dequeue=98 command-busy=0 irq-busy=0
xhci: cancelled request slot=5 endpoint=3 completion=26 residual=1
xhci: cancel slot=5 endpoint=3 pending-events=0 first-type=0 iman=2 usbsts=0 erdp=5730b790 dequeue=121 command-busy=0 irq-busy=0
xhci: cancelled request slot=5 endpoint=3 completion=26 residual=1
i915: resident shim: ring rewound (idle context)
xhci: cancel slot=5 endpoint=3 pending-events=0 first-type=0 iman=2 usbsts=0 erdp=5730b820 dequeue=130 command-busy=0 irq-busy=0
xhci: cancelled request slot=5 endpoint=3 completion=26 residual=1
i915: resident shim: ring rewound (idle context)
xhci: cancel slot=5 endpoint=3 pending-events=0 first-type=0 iman=2 usbsts=0 erdp=5730ba10 dequeue=161 command-busy=0 irq-busy=0
xhci: cancelled request slot=5 endpoint=3 completion=26 residual=1
i915: resident shim: ring rewound (idle context)
xhci: cancel slot=5 endpoint=3 pending-events=0 first-type=0 iman=2 usbsts=0 erdp=5730bbd0 dequeue=189 command-busy=0 irq-busy=0
xhci: cancelled request slot=5 endpoint=3 completion=26 residual=1
xhci: cancel slot=5 endpoint=3 pending-events=0 first-type=0 iman=2 usbsts=0 erdp=5730b100 dequeue=16 command-busy=0 irq-busy=0
xhci: cancelled request slot=5 endpoint=3 completion=26 residual=1
i915: resident shim: ring rewound (idle context)
xhci: cancel slot=5 endpoint=3 pending-events=0 first-type=0 iman=2 usbsts=0 erdp=5730b2c0 dequeue=44 command-busy=0 irq-busy=0
xhci: cancelled request slot=5 endpoint=3 completion=26 residual=1
i915: resident shim: ring rewound (idle context)
xhci: cancel slot=5 endpoint=3 pending-events=0 first-type=0 iman=2 usbsts=0 erdp=5730b410 dequeue=65 command-busy=0 irq-busy=0
xhci: cancelled request slot=5 endpoint=3 completion=26 residual=1
xhci: cancel slot=5 endpoint=3 pending-events=0 first-type=0 iman=2 usbsts=0 erdp=5730b440 dequeue=68 command-busy=0 irq-busy=0
xhci: cancelled request slot=5 endpoint=3 completion=26 residual=1
i915: resident shim: ring rewound (idle context)
xhci: cancel slot=5 endpoint=3 pending-events=0 first-type=0 iman=2 usbsts=0 erdp=5730b490 dequeue=73 command-busy=0 irq-busy=0
xhci: cancelled request slot=5 endpoint=3 completion=26 residual=1
i915: vk: session 8: frames 260 in 5033 ms: per submit 1 runs (0 full) 1 ops (most 1), in submit 2917 us (runs 2910, record 6), between 16442 us
i915: resident shim: ring rewound (idle context)
xhci: cancel slot=5 endpoint=3 pending-events=0 first-type=0 iman=2 usbsts=0 erdp=5730b550 dequeue=85 command-busy=0 irq-busy=0
xhci: cancelled request slot=5 endpoint=3 completion=26 residual=1
xhci: cancel slot=5 endpoint=3 pending-events=0 first-type=0 iman=2 usbsts=0 erdp=5730b5a0 dequeue=90 command-busy=0 irq-busy=0
xhci: cancelled request slot=5 endpoint=3 completion=26 residual=1
xhci: cancel slot=5 endpoint=3 pending-events=0 first-type=0 iman=2 usbsts=0 erdp=5730b7e0 dequeue=126 command-busy=0 irq-busy=0
xhci: cancelled request slot=5 endpoint=3 completion=26 residual=1
xhci: cancel slot=5 endpoint=3 pending-events=0 first-type=0 iman=2 usbsts=0 erdp=5730b870 dequeue=135 command-busy=0 irq-busy=0
xhci: cancelled request slot=5 endpoint=3 completion=26 residual=1
i915: resident shim: ring rewound (idle context)
xhci: cancel slot=5 endpoint=3 pending-events=0 first-type=0 iman=2 usbsts=0 erdp=5730b930 dequeue=147 command-busy=0 irq-busy=0
xhci: cancelled request slot=5 endpoint=3 completion=26 residual=1
i915: vk: session 1: frames 332 in 5026 ms: per submit 2 runs (166 full) 94 ops (most 201), in submit 9172 us (runs 8803, record 368), between 5968 us
i915: perf: markers 624: wait 0.19 ms, run 0.01 ms
i915: perf: 5025 ms: 166 presents (33.02/s), 624 submits, 790 batches | per submit ms: 6.07 (build 0.20, run 5.86, gpu 4.87) | per present ms: 1.46 (copy 1.32, publish 0.00, flip 0.03)
xhci: cancel slot=5 endpoint=3 pending-events=0 first-type=0 iman=2 usbsts=0 erdp=5730b980 dequeue=152 command-busy=0 irq-busy=0
xhci: cancelled request slot=5 endpoint=3 completion=26 residual=1
i915: resident shim: ring rewound (idle context)
xhci: cancel slot=5 endpoint=3 pending-events=0 first-type=0 iman=2 usbsts=0 erdp=5730b9d0 dequeue=157 command-busy=0 irq-busy=0
xhci: cancelled request slot=5 endpoint=3 completion=26 residual=1
xhci: cancel slot=5 endpoint=3 pending-events=0 first-type=0 iman=2 usbsts=0 erdp=5730ba20 dequeue=162 command-busy=0 irq-busy=0
xhci: cancelled request slot=5 endpoint=3 completion=26 residual=1
i915: resident shim: ring rewound (idle context)
xhci: cancel slot=5 endpoint=3 pending-events=0 first-type=0 iman=2 usbsts=0 erdp=5730bac0 dequeue=172 command-busy=0 irq-busy=0
xhci: cancelled request slot=5 endpoint=3 completion=26 residual=1
i915: vk: an object (kind 18) was destroyed before what names it: 0 views, 0 descriptor sets, 0 framebuffers and 1 command buffers let go of it
i915: resident shim: ring rewound (idle context)
i915: vk: an object (kind 8) was destroyed before what names it: 0 views, 0 descriptor sets, 0 framebuffers and 1 command buffers let go of it
i915: vk: an object (kind 9) was destroyed before what names it: 0 views, 1 descriptor sets, 0 framebuffers and 0 command buffers let go of it
i915: vk: an object (kind 9) was destroyed before what names it: 0 views, 2 descriptor sets, 0 framebuffers and 0 command buffers let go of it
i915: vk: an object (kind 9) was destroyed before what names it: 0 views, 2 descriptor sets, 0 framebuffers and 0 command buffers let go of it
i915: vk: an object (kind 9) was destroyed before what names it: 0 views, 2 descriptor sets, 0 framebuffers and 0 command buffers let go of it
xhci: cancel slot=5 endpoint=3 pending-events=0 first-type=0 iman=2 usbsts=0 erdp=5730bb80 dequeue=184 command-busy=0 irq-busy=0
xhci: cancelled request slot=5 endpoint=3 completion=26 residual=1
xhci: cancel slot=5 endpoint=3 pending-events=0 first-type=0 iman=2 usbsts=0 erdp=5730bc10 dequeue=193 command-busy=0 irq-busy=0
xhci: cancelled request slot=5 endpoint=3 completion=26 residual=1
xhci: cancel slot=5 endpoint=3 pending-events=0 first-type=0 iman=2 usbsts=0 erdp=5730bca0 dequeue=202 command-busy=0 irq-busy=0
xhci: cancelled request slot=5 endpoint=3 completion=26 residual=1
i915: resident shim: ring rewound (idle context)
xhci: cancel slot=5 endpoint=3 pending-events=0 first-type=0 iman=2 usbsts=0 erdp=5730bcd0 dequeue=205 command-busy=0 irq-busy=0
xhci: cancelled request slot=5 endpoint=3 completion=26 residual=1
i915: vk: an object (kind 18) was destroyed before what names it: 0 views, 0 descriptor sets, 0 framebuffers and 1 command buffers let go of it
i915: vk: an object (kind 8) was destroyed before what names it: 0 views, 0 descriptor sets, 0 framebuffers and 1 command buffers let go of it
i915: vk: an object (kind 9) was destroyed before what names it: 0 views, 1 descriptor sets, 0 framebuffers and 0 command buffers let go of it
xhci: cancel slot=5 endpoint=3 pending-events=0 first-type=0 iman=2 usbsts=0 erdp=5730bdf0 dequeue=223 command-busy=0 irq-busy=0
xhci: cancelled request slot=5 endpoint=3 completion=26 residual=1
i915: vk: an object (kind 9) was destroyed before what names it: 0 views, 2 descriptor sets, 0 framebuffers and 0 command buffers let go of it
i915: vk: an object (kind 9) was destroyed before what names it: 0 views, 2 descriptor sets, 0 framebuffers and 0 command buffers let go of it
i915: vk: an object (kind 9) was destroyed before what names it: 0 views, 2 descriptor sets, 0 framebuffers and 0 command buffers let go of it
i915: resident shim: ring rewound (idle context)
xhci: cancel slot=5 endpoint=3 pending-events=0 first-type=0 iman=2 usbsts=0 erdp=5730be50 dequeue=229 command-busy=0 irq-busy=0
xhci: cancelled request slot=5 endpoint=3 completion=26 residual=1
xhci: cancel slot=5 endpoint=3 pending-events=0 first-type=0 iman=2 usbsts=0 erdp=5730bea0 dequeue=234 command-busy=0 irq-busy=0
xhci: cancelled request slot=5 endpoint=3 completion=26 residual=1
xhci: cancel slot=5 endpoint=3 pending-events=0 first-type=0 iman=2 usbsts=0 erdp=5730b020 dequeue=2 command-busy=0 irq-busy=0
xhci: cancelled request slot=5 endpoint=3 completion=26 residual=1
xhci: cancel slot=5 endpoint=3 pending-events=0 first-type=0 iman=2 usbsts=0 erdp=5730b150 dequeue=21 command-busy=0 irq-busy=0
xhci: cancelled request slot=5 endpoint=3 completion=26 residual=1
i915: resident shim: ring rewound (idle context)
xhci: cancel slot=5 endpoint=3 pending-events=0 first-type=0 iman=2 usbsts=0 erdp=5730b320 dequeue=50 command-busy=0 irq-busy=0
xhci: cancelled request slot=5 endpoint=3 completion=26 residual=1
xhci: cancel slot=5 endpoint=3 pending-events=0 first-type=0 iman=2 usbsts=0 erdp=5730b540 dequeue=84 command-busy=0 irq-busy=0
xhci: cancelled request slot=5 endpoint=3 completion=26 residual=1
i915: resident shim: ring rewound (idle context)
i915: vk: session 8: frames 210 in 5026 ms: per submit 1 runs (0 full) 1 ops (most 1), in submit 1077 us (runs 1070, record 6), between 22856 us
i915: resident shim: ring rewound (idle context)
xhci: cancel slot=5 endpoint=3 pending-events=0 first-type=0 iman=2 usbsts=0 erdp=5730b700 dequeue=112 command-busy=0 irq-busy=0
xhci: cancelled request slot=5 endpoint=3 completion=26 residual=1
i915: resident shim: ring rewound (idle context)
xhci: cancel slot=5 endpoint=3 pending-events=0 first-type=0 iman=2 usbsts=0 erdp=5730b8e0 dequeue=142 command-busy=0 irq-busy=0
xhci: cancelled request slot=5 endpoint=3 completion=26 residual=1
xhci: cancel slot=5 endpoint=3 pending-events=0 first-type=0 iman=2 usbsts=0 erdp=5730ba50 dequeue=165 command-busy=0 irq-busy=0
xhci: cancelled request slot=5 endpoint=3 completion=26 residual=1
xhci: cancel slot=5 endpoint=3 pending-events=0 first-type=0 iman=2 usbsts=0 erdp=5730bb30 dequeue=179 command-busy=0 irq-busy=0
xhci: cancelled request slot=5 endpoint=3 completion=26 residual=1
i915: resident shim: ring rewound (idle context)
i915: vk: session 1: frames 252 in 5016 ms: per submit 1 runs (100 full) 90 ops (most 208), in submit 12132 us (runs 11712, record 420), between 7772 us
i915: perf: markers 452: wait 0.71 ms, run 0.01 ms
i915: perf: 5017 ms: 126 presents (25.11/s), 452 submits, 550 batches | per submit ms: 7.74 (build 0.24, run 7.49, gpu 6.64) | per present ms: 1.11 (copy 1.07, publish 0.00, flip 0.00)
xhci: cancel slot=5 endpoint=3 pending-events=0 first-type=0 iman=2 usbsts=0 erdp=5730bce0 dequeue=206 command-busy=0 irq-busy=0
xhci: cancelled request slot=5 endpoint=3 completion=26 residual=1
xhci: cancel slot=5 endpoint=3 pending-events=0 first-type=0 iman=2 usbsts=0 erdp=5730bec0 dequeue=236 command-busy=0 irq-busy=0
xhci: cancelled request slot=5 endpoint=3 completion=26 residual=1
i915: resident shim: ring rewound (idle context)
xhci: cancel slot=5 endpoint=3 pending-events=0 first-type=0 iman=2 usbsts=0 erdp=5730b080 dequeue=8 command-busy=0 irq-busy=0
xhci: cancelled request slot=5 endpoint=3 completion=26 residual=1
xhci: cancel slot=5 endpoint=3 pending-events=0 first-type=0 iman=2 usbsts=0 erdp=5730b1b0 dequeue=27 command-busy=0 irq-busy=0
xhci: cancelled request slot=5 endpoint=3 completion=26 residual=1
xhci: cancel slot=5 endpoint=3 pending-events=0 first-type=0 iman=2 usbsts=0 erdp=5730b1e0 dequeue=30 command-busy=0 irq-busy=0
xhci: cancelled request slot=5 endpoint=3 completion=26 residual=1
xhci: cancel slot=5 endpoint=3 pending-events=0 first-type=0 iman=2 usbsts=0 erdp=5730b360 dequeue=54 command-busy=0 irq-busy=0
xhci: cancelled request slot=5 endpoint=3 completion=26 residual=1
xhci: cancel slot=5 endpoint=3 pending-events=0 first-type=0 iman=2 usbsts=0 erdp=5730b4b0 dequeue=75 command-busy=0 irq-busy=0
xhci: cancelled request slot=5 endpoint=3 completion=26 residual=1
xhci: cancel slot=5 endpoint=3 pending-events=0 first-type=0 iman=2 usbsts=0 erdp=5730b8b0 dequeue=139 command-busy=0 irq-busy=0
xhci: cancelled request slot=5 endpoint=3 completion=26 residual=1
i915: resident shim: ring rewound (idle context)
xhci: cancel slot=5 endpoint=3 pending-events=0 first-type=0 iman=2 usbsts=0 erdp=5730b8e0 dequeue=142 command-busy=0 irq-busy=0
xhci: cancelled request slot=5 endpoint=3 completion=26 residual=1
xhci: cancel slot=5 endpoint=3 pending-events=0 first-type=0 iman=2 usbsts=0 erdp=5730ba10 dequeue=161 command-busy=0 irq-busy=0
xhci: cancelled request slot=5 endpoint=3 completion=26 residual=1
i915: resident shim: ring rewound (idle context)
xhci: cancel slot=5 endpoint=3 pending-events=0 first-type=0 iman=2 usbsts=0 erdp=5730bbd0 dequeue=189 command-busy=0 irq-busy=0
xhci: cancelled request slot=5 endpoint=3 completion=26 residual=1
i915: resident shim: ring rewound (idle context)
i915: resident shim: ring rewound (idle context)
xhci: cancel slot=5 endpoint=3 pending-events=0 first-type=0 iman=2 usbsts=0 erdp=5730bd00 dequeue=208 command-busy=0 irq-busy=0
xhci: cancelled request slot=5 endpoint=3 completion=26 residual=1
xhci: cancel slot=5 endpoint=3 pending-events=0 first-type=0 iman=2 usbsts=0 erdp=5730bdb0 dequeue=219 command-busy=0 irq-busy=0
xhci: cancelled request slot=5 endpoint=3 completion=26 residual=1
xhci: cancel slot=5 endpoint=3 pending-events=0 first-type=0 iman=2 usbsts=0 erdp=5730bfb0 dequeue=251 command-busy=0 irq-busy=0
xhci: cancelled request slot=5 endpoint=3 completion=26 residual=1
xhci: cancel slot=5 endpoint=3 pending-events=0 first-type=0 iman=2 usbsts=0 erdp=5730b0b0 dequeue=11 command-busy=0 irq-busy=0
xhci: cancelled request slot=5 endpoint=3 completion=26 residual=1
xhci: cancel slot=5 endpoint=3 pending-events=0 first-type=0 iman=2 usbsts=0 erdp=5730b140 dequeue=20 command-busy=0 irq-busy=0
xhci: cancelled request slot=5 endpoint=3 completion=26 residual=1
xhci: cancel slot=5 endpoint=3 pending-events=0 first-type=0 iman=2 usbsts=0 erdp=5730b170 dequeue=23 command-busy=0 irq-busy=0
xhci: cancelled request slot=5 endpoint=3 completion=26 residual=1
xhci: cancel slot=5 endpoint=3 pending-events=0 first-type=0 iman=2 usbsts=0 erdp=5730b250 dequeue=37 command-busy=0 irq-busy=0
xhci: cancelled request slot=5 endpoint=3 completion=26 residual=1
xhci: cancel slot=5 endpoint=3 pending-events=0 first-type=0 iman=2 usbsts=0 erdp=5730b280 dequeue=40 command-busy=0 irq-busy=0
xhci: cancelled request slot=5 endpoint=3 completion=26 residual=1
xhci: cancel slot=5 endpoint=3 pending-events=0 first-type=0 iman=2 usbsts=0 erdp=5730b310 dequeue=49 command-busy=0 irq-busy=0
xhci: cancelled request slot=5 endpoint=3 completion=26 residual=1
xhci: cancel slot=5 endpoint=3 pending-events=0 first-type=0 iman=2 usbsts=0 erdp=5730b340 dequeue=52 command-busy=0 irq-busy=0
xhci: cancelled request slot=5 endpoint=3 completion=26 residual=1
i915: vk: session 1: frames 122 in 5321 ms: per submit 2 runs (61 full) 99 ops (most 201), in submit 9734 us (runs 9323, record 410), between 33887 us
i915: perf: markers 188: wait 0.31 ms, run 0.01 ms
i915: perf: 5322 ms: 61 presents (11.46/s), 188 submits, 249 batches | per submit ms: 6.96 (build 0.28, run 6.68, gpu 6.22) | per present ms: 1.09 (copy 1.03, publish 0.00, flip 0.00)
xhci: cancel slot=5 endpoint=3 pending-events=0 first-type=0 iman=2 usbsts=0 erdp=5730b510 dequeue=81 command-busy=0 irq-busy=0
xhci: cancelled request slot=5 endpoint=3 completion=26 residual=1
i915: resident shim: ring rewound (idle context)
xhci: cancel slot=5 endpoint=3 pending-events=0 first-type=0 iman=2 usbsts=0 erdp=5730b6d0 dequeue=109 command-busy=0 irq-busy=0
xhci: cancelled request slot=5 endpoint=3 completion=26 residual=1
xhci: cancel slot=5 endpoint=3 pending-events=0 first-type=0 iman=2 usbsts=0 erdp=5730b8c0 dequeue=140 command-busy=0 irq-busy=0
xhci: cancelled request slot=5 endpoint=3 completion=26 residual=1
i915: resident shim: ring rewound (idle context)
xhci: cancel slot=5 endpoint=3 pending-events=0 first-type=0 iman=2 usbsts=0 erdp=5730ba80 dequeue=168 command-busy=0 irq-busy=0
xhci: cancelled request slot=5 endpoint=3 completion=26 residual=1
xhci: cancel slot=5 endpoint=3 pending-events=0 first-type=0 iman=2 usbsts=0 erdp=5730bc60 dequeue=198 command-busy=0 irq-busy=0
xhci: cancelled request slot=5 endpoint=3 completion=26 residual=1
xhci: cancel slot=5 endpoint=3 pending-events=1 first-type=32 iman=2 usbsts=0 erdp=5730be30 dequeue=227 command-busy=0 irq-busy=0
xhci: cancelled request slot=5 endpoint=3 completion=26 residual=1
i915: resident shim: ring rewound (idle context)
i915: resident shim: ring rewound (idle context)
xhci: cancel slot=5 endpoint=3 pending-events=1 first-type=32 iman=2 usbsts=0 erdp=5730b120 dequeue=18 command-busy=0 irq-busy=0
xhci: cancelled request slot=5 endpoint=3 completion=26 residual=1
xhci: cancel slot=5 endpoint=3 pending-events=0 first-type=0 iman=2 usbsts=0 erdp=5730b490 dequeue=73 command-busy=0 irq-busy=0
xhci: cancelled request slot=5 endpoint=3 completion=26 residual=1
xhci: cancel slot=5 endpoint=3 pending-events=0 first-type=0 iman=2 usbsts=0 erdp=5730b4c0 dequeue=76 command-busy=0 irq-busy=0
xhci: cancelled request slot=5 endpoint=3 completion=26 residual=1
xhci: cancel slot=5 endpoint=3 pending-events=0 first-type=0 iman=2 usbsts=0 erdp=5730b510 dequeue=81 command-busy=0 irq-busy=0
xhci: cancelled request slot=5 endpoint=3 completion=26 residual=1
xhci: cancel slot=5 endpoint=3 pending-events=0 first-type=0 iman=2 usbsts=0 erdp=5730b540 dequeue=84 command-busy=0 irq-busy=0
xhci: cancelled request slot=5 endpoint=3 completion=26 residual=1
xhci: cancel slot=5 endpoint=3 pending-events=0 first-type=0 iman=2 usbsts=0 erdp=5730b5e0 dequeue=94 command-busy=0 irq-busy=0
xhci: cancelled request slot=5 endpoint=3 completion=26 residual=1
xhci: cancel slot=5 endpoint=3 pending-events=0 first-type=0 iman=2 usbsts=0 erdp=5730b7a0 dequeue=122 command-busy=0 irq-busy=0
xhci: cancelled request slot=5 endpoint=3 completion=26 residual=1
xhci: cancel slot=5 endpoint=3 pending-events=0 first-type=0 iman=2 usbsts=0 erdp=5730bb30 dequeue=179 command-busy=0 irq-busy=0
xhci: cancelled request slot=5 endpoint=3 completion=26 residual=1
xhci: cancel slot=5 endpoint=3 pending-events=0 first-type=0 iman=2 usbsts=0 erdp=5730bd40 dequeue=212 command-busy=0 irq-busy=0
xhci: cancelled request slot=5 endpoint=3 completion=26 residual=1
xhci: cancel slot=5 endpoint=3 pending-events=0 first-type=0 iman=2 usbsts=0 erdp=5730bf20 dequeue=242 command-busy=0 irq-busy=0
xhci: cancelled request slot=5 endpoint=3 completion=26 residual=1
xhci: cancel slot=5 endpoint=3 pending-events=0 first-type=0 iman=2 usbsts=0 erdp=5730b000 dequeue=0 command-busy=0 irq-busy=0
xhci: cancelled request slot=5 endpoint=3 completion=26 residual=1
xhci: cancel slot=5 endpoint=3 pending-events=0 first-type=0 iman=2 usbsts=0 erdp=5730b070 dequeue=7 command-busy=0 irq-busy=0
xhci: cancelled request slot=5 endpoint=3 completion=26 residual=1
xhci: cancel slot=5 endpoint=3 pending-events=0 first-type=0 iman=2 usbsts=0 erdp=5730b1b0 dequeue=27 command-busy=0 irq-busy=0
xhci: cancelled request slot=5 endpoint=3 completion=26 residual=1
i915: resident shim: ring rewound (idle context)
xhci: cancel slot=5 endpoint=3 pending-events=0 first-type=0 iman=2 usbsts=0 erdp=5730b390 dequeue=57 command-busy=0 irq-busy=0
xhci: cancelled request slot=5 endpoint=3 completion=26 residual=1
i915: vk: session 1: frames 178 in 5013 ms: per submit 2 runs (89 full) 101 ops (most 204), in submit 10865 us (runs 10405, record 460), between 17297 us
i915: perf: markers 182: wait 0.03 ms, run 0.01 ms
i915: perf: 5013 ms: 89 presents (17.75/s), 182 submits, 271 batches | per submit ms: 10.71 (build 0.46, run 10.25, gpu 10.18) | per present ms: 1.11 (copy 1.09, publish 0.00, flip 0.00)
xhci: cancel slot=5 endpoint=3 pending-events=0 first-type=0 iman=2 usbsts=0 erdp=5730b550 dequeue=85 command-busy=0 irq-busy=0
xhci: cancelled request slot=5 endpoint=3 completion=26 residual=1
xhci: cancel slot=5 endpoint=3 pending-events=0 first-type=0 iman=2 usbsts=0 erdp=5730b8c0 dequeue=140 command-busy=0 irq-busy=0
xhci: cancelled request slot=5 endpoint=3 completion=26 residual=1
i915: resident shim: ring rewound (idle context)
xhci: cancel slot=5 endpoint=3 pending-events=0 first-type=0 iman=2 usbsts=0 erdp=5730bad0 dequeue=173 command-busy=0 irq-busy=0
xhci: cancelled request slot=5 endpoint=3 completion=26 residual=1
xhci: cancel slot=5 endpoint=3 pending-events=0 first-type=0 iman=2 usbsts=0 erdp=5730bbc0 dequeue=188 command-busy=0 irq-busy=0
xhci: cancelled request slot=5 endpoint=3 completion=26 residual=1
i915: vk: an object (kind 18) was destroyed before what names it: 0 views, 0 descriptor sets, 0 framebuffers and 1 command buffers let go of it
i915: vk: an object (kind 8) was destroyed before what names it: 0 views, 0 descriptor sets, 0 framebuffers and 1 command buffers let go of it
i915: vk: an object (kind 9) was destroyed before what names it: 0 views, 1 descriptor sets, 0 framebuffers and 0 command buffers let go of it
i915: vk: an object (kind 9) was destroyed before what names it: 0 views, 2 descriptor sets, 0 framebuffers and 0 command buffers let go of it
i915: vk: an object (kind 9) was destroyed before what names it: 0 views, 2 descriptor sets, 0 framebuffers and 0 command buffers let go of it
i915: vk: an object (kind 9) was destroyed before what names it: 0 views, 2 descriptor sets, 0 framebuffers and 0 command buffers let go of it
xhci: cancel slot=5 endpoint=3 pending-events=0 first-type=0 iman=2 usbsts=0 erdp=5730bcc0 dequeue=204 command-busy=0 irq-busy=0
xhci: cancelled request slot=5 endpoint=3 completion=26 residual=1
xhci: cancel slot=5 endpoint=3 pending-events=0 first-type=0 iman=2 usbsts=0 erdp=5730bd10 dequeue=209 command-busy=0 irq-busy=0
xhci: cancelled request slot=5 endpoint=3 completion=26 residual=1
xhci: cancel slot=5 endpoint=3 pending-events=0 first-type=0 iman=2 usbsts=0 erdp=5730bd40 dequeue=212 command-busy=0 irq-busy=0
xhci: cancelled request slot=5 endpoint=3 completion=26 residual=1
xhci: cancel slot=5 endpoint=3 pending-events=0 first-type=0 iman=2 usbsts=0 erdp=5730be20 dequeue=226 command-busy=0 irq-busy=0
xhci: cancelled request slot=5 endpoint=3 completion=26 residual=1
xhci: cancel slot=5 endpoint=3 pending-events=0 first-type=0 iman=2 usbsts=0 erdp=5730be50 dequeue=229 command-busy=0 irq-busy=0
xhci: cancelled request slot=5 endpoint=3 completion=26 residual=1
xhci: cancel slot=5 endpoint=3 pending-events=0 first-type=0 iman=2 usbsts=0 erdp=5730bea0 dequeue=234 command-busy=0 irq-busy=0
xhci: cancelled request slot=5 endpoint=3 completion=26 residual=1
xhci: cancel slot=5 endpoint=3 pending-events=0 first-type=0 iman=2 usbsts=0 erdp=5730bf10 dequeue=241 command-busy=0 irq-busy=0
xhci: cancelled request slot=5 endpoint=3 completion=26 residual=1
xhci: cancel slot=5 endpoint=3 pending-events=0 first-type=0 iman=2 usbsts=0 erdp=5730bf80 dequeue=248 command-busy=0 irq-busy=0
xhci: cancelled request slot=5 endpoint=3 completion=26 residual=1
xhci: cancel slot=5 endpoint=3 pending-events=0 first-type=0 iman=2 usbsts=0 erdp=5730bfb0 dequeue=251 command-busy=0 irq-busy=0
xhci: cancelled request slot=5 endpoint=3 completion=26 residual=1
xhci: cancel slot=5 endpoint=3 pending-events=0 first-type=0 iman=2 usbsts=0 erdp=5730b130 dequeue=19 command-busy=0 irq-busy=0
xhci: cancelled request slot=5 endpoint=3 completion=26 residual=1
xhci: cancel slot=5 endpoint=3 pending-events=0 first-type=0 iman=2 usbsts=0 erdp=5730b170 dequeue=23 command-busy=0 irq-busy=0
xhci: cancelled request slot=5 endpoint=3 completion=26 residual=1
xhci: cancel slot=5 endpoint=3 pending-events=0 first-type=0 iman=2 usbsts=0 erdp=5730b220 dequeue=34 command-busy=0 irq-busy=0
xhci: cancelled request slot=5 endpoint=3 completion=26 residual=1
xhci: cancel slot=5 endpoint=3 pending-events=0 first-type=0 iman=2 usbsts=0 erdp=5730b250 dequeue=37 command-busy=0 irq-busy=0
xhci: cancelled request slot=5 endpoint=3 completion=26 residual=1
xhci: cancel slot=5 endpoint=3 pending-events=0 first-type=0 iman=2 usbsts=0 erdp=5730b2f0 dequeue=47 command-busy=0 irq-busy=0
xhci: cancelled request slot=5 endpoint=3 completion=26 residual=1
i915: vk: an object (kind 18) was destroyed before what names it: 0 views, 0 descriptor sets, 0 framebuffers and 1 command buffers let go of it
i915: vk: an object (kind 8) was destroyed before what names it: 0 views, 0 descriptor sets, 0 framebuffers and 1 command buffers let go of it
i915: vk: an object (kind 9) was destroyed before what names it: 0 views, 1 descriptor sets, 0 framebuffers and 0 command buffers let go of it
i915: vk: an object (kind 9) was destroyed before what names it: 0 views, 2 descriptor sets, 0 framebuffers and 0 command buffers let go of it
i915: vk: an object (kind 9) was destroyed before what names it: 0 views, 2 descriptor sets, 0 framebuffers and 0 command buffers let go of it
i915: resident shim: ring rewound (idle context)
i915: vk: an object (kind 9) was destroyed before what names it: 0 views, 2 descriptor sets, 0 framebuffers and 0 command buffers let go of it
xhci: cancel slot=5 endpoint=3 pending-events=0 first-type=0 iman=2 usbsts=0 erdp=5730b480 dequeue=72 command-busy=0 irq-busy=0
xhci: cancelled request slot=5 endpoint=3 completion=26 residual=1
xhci: cancel slot=5 endpoint=3 pending-events=0 first-type=0 iman=2 usbsts=0 erdp=5730b4d0 dequeue=77 command-busy=0 irq-busy=0
xhci: cancelled request slot=5 endpoint=3 completion=26 residual=1
xhci: cancel slot=5 endpoint=3 pending-events=0 first-type=0 iman=2 usbsts=0 erdp=5730b500 dequeue=80 command-busy=0 irq-busy=0
xhci: cancelled request slot=5 endpoint=3 completion=26 residual=1
xhci: cancel slot=5 endpoint=3 pending-events=0 first-type=0 iman=2 usbsts=0 erdp=5730b550 dequeue=85 command-busy=0 irq-busy=0
xhci: cancelled request slot=5 endpoint=3 completion=26 residual=1
xhci: cancel slot=5 endpoint=3 pending-events=0 first-type=0 iman=2 usbsts=0 erdp=5730b850 dequeue=133 command-busy=0 irq-busy=0
xhci: cancelled request slot=5 endpoint=3 completion=26 residual=1
xhci: cancel slot=5 endpoint=3 pending-events=0 first-type=0 iman=2 usbsts=0 erdp=5730b8a0 dequeue=138 command-busy=0 irq-busy=0
xhci: cancelled request slot=5 endpoint=3 completion=26 residual=1
xhci: cancel slot=5 endpoint=3 pending-events=0 first-type=0 iman=2 usbsts=0 erdp=5730b8d0 dequeue=141 command-busy=0 irq-busy=0
xhci: cancelled request slot=5 endpoint=3 completion=26 residual=1
xhci: cancel slot=5 endpoint=3 pending-events=0 first-type=0 iman=2 usbsts=0 erdp=5730b920 dequeue=146 command-busy=0 irq-busy=0
xhci: cancelled request slot=5 endpoint=3 completion=26 residual=1
i915: vk: session 1: frames 74 in 6551 ms: per submit 1 runs (22 full) 81 ops (most 208), in submit 10980 us (runs 10630, record 349), between 77556 us
i915: perf: markers 88: wait 0.43 ms, run 0.01 ms
i915: perf: 6551 ms: 37 presents (5.64/s), 88 submits, 108 batches | per submit ms: 9.80 (build 0.31, run 9.48, gpu 9.07) | per present ms: 1.04 (copy 0.97, publish 0.00, flip 0.00)
xhci: cancel slot=5 endpoint=3 pending-events=0 first-type=0 iman=2 usbsts=0 erdp=5730ba40 dequeue=164 command-busy=0 irq-busy=0
xhci: cancelled request slot=5 endpoint=3 completion=26 residual=1
i915: resident shim: ring rewound (idle context)
xhci: cancel slot=5 endpoint=3 pending-events=0 first-type=0 iman=2 usbsts=0 erdp=5730bc20 dequeue=194 command-busy=0 irq-busy=0
xhci: cancelled request slot=5 endpoint=3 completion=26 residual=1
xhci: cancel slot=5 endpoint=3 pending-events=0 first-type=0 iman=2 usbsts=0 erdp=5730bf90 dequeue=249 command-busy=0 irq-busy=0
xhci: cancelled request slot=5 endpoint=3 completion=26 residual=1
i915: resident shim: ring rewound (idle context)
xhci: cancel slot=5 endpoint=3 pending-events=0 first-type=0 iman=2 usbsts=0 erdp=5730b170 dequeue=23 command-busy=0 irq-busy=0
xhci: cancelled request slot=5 endpoint=3 completion=26 residual=1
xhci: cancel slot=5 endpoint=3 pending-events=0 first-type=0 iman=2 usbsts=0 erdp=5730b330 dequeue=51 command-busy=0 irq-busy=0
xhci: cancelled request slot=5 endpoint=3 completion=26 residual=1
i915: resident shim: ring rewound (idle context)
xhci: cancel slot=5 endpoint=3 pending-events=0 first-type=0 iman=2 usbsts=0 erdp=5730b470 dequeue=71 command-busy=0 irq-busy=0
xhci: cancelled request slot=5 endpoint=3 completion=26 residual=1
xhci: cancel slot=5 endpoint=3 pending-events=0 first-type=0 iman=2 usbsts=0 erdp=5730b4c0 dequeue=76 command-busy=0 irq-busy=0
xhci: cancelled request slot=5 endpoint=3 completion=26 residual=1
xhci: cancel slot=5 endpoint=3 pending-events=0 first-type=0 iman=2 usbsts=0 erdp=5730b510 dequeue=81 command-busy=0 irq-busy=0
xhci: cancelled request slot=5 endpoint=3 completion=26 residual=1
xhci: cancel slot=5 endpoint=3 pending-events=0 first-type=0 iman=2 usbsts=0 erdp=5730b6a0 dequeue=106 command-busy=0 irq-busy=0
xhci: cancelled request slot=5 endpoint=3 completion=26 residual=1
i915: resident shim: ring rewound (idle context)
xhci: cancel slot=5 endpoint=3 pending-events=0 first-type=0 iman=2 usbsts=0 erdp=5730b880 dequeue=136 command-busy=0 irq-busy=0
xhci: cancelled request slot=5 endpoint=3 completion=26 residual=1
xhci: cancel slot=5 endpoint=3 pending-events=0 first-type=0 iman=2 usbsts=0 erdp=5730bbd0 dequeue=189 command-busy=0 irq-busy=0
xhci: cancelled request slot=5 endpoint=3 completion=26 residual=1
i915: resident shim: ring rewound (idle context)
xhci: cancel slot=5 endpoint=3 pending-events=0 first-type=0 iman=2 usbsts=0 erdp=5730bdb0 dequeue=219 command-busy=0 irq-busy=0
xhci: cancelled request slot=5 endpoint=3 completion=26 residual=1
i915: resident shim: ring rewound (idle context)
i915: resident shim: ring rewound (idle context)
xhci: cancel slot=5 endpoint=3 pending-events=0 first-type=0 iman=2 usbsts=0 erdp=5730bee0 dequeue=238 command-busy=0 irq-busy=0
xhci: cancelled request slot=5 endpoint=3 completion=26 residual=1
xhci: cancel slot=5 endpoint=3 pending-events=0 first-type=0 iman=2 usbsts=0 erdp=5730bf30 dequeue=243 command-busy=0 irq-busy=0
xhci: cancelled request slot=5 endpoint=3 completion=26 residual=1
xhci: cancel slot=5 endpoint=3 pending-events=0 first-type=0 iman=2 usbsts=0 erdp=5730bf60 dequeue=246 command-busy=0 irq-busy=0
xhci: cancelled request slot=5 endpoint=3 completion=26 residual=1
i915: resident shim: ring rewound (idle context)
xhci: cancel slot=5 endpoint=3 pending-events=0 first-type=0 iman=2 usbsts=0 erdp=5730b0e0 dequeue=14 command-busy=0 irq-busy=0
xhci: cancelled request slot=5 endpoint=3 completion=26 residual=1
xhci: cancel slot=5 endpoint=3 pending-events=0 first-type=0 iman=2 usbsts=0 erdp=5730b230 dequeue=35 command-busy=0 irq-busy=0
xhci: cancelled request slot=5 endpoint=3 completion=26 residual=1
i915: resident shim: ring rewound (idle context)
xhci: cancel slot=5 endpoint=3 pending-events=0 first-type=0 iman=2 usbsts=0 erdp=5730b310 dequeue=49 command-busy=0 irq-busy=0
xhci: cancelled request slot=5 endpoint=3 completion=26 residual=1
xhci: cancel slot=5 endpoint=3 pending-events=0 first-type=0 iman=2 usbsts=0 erdp=5730b3e0 dequeue=62 command-busy=0 irq-busy=0
xhci: cancelled request slot=5 endpoint=3 completion=26 residual=1
xhci: cancel slot=5 endpoint=3 pending-events=0 first-type=0 iman=2 usbsts=0 erdp=5730b5c0 dequeue=92 command-busy=0 irq-busy=0
xhci: cancelled request slot=5 endpoint=3 completion=26 residual=1
i915: resident shim: ring rewound (idle context)
i915: vk: session 1: frames 220 in 5023 ms: per submit 3 runs (371 full) 254 ops (most 589), in submit 13001 us (runs 11885, record 1115), between 9830 us
i915: perf: markers 220: wait 0.00 ms, run 0.01 ms
i915: perf: 5023 ms: 110 presents (21.89/s), 220 submits, 591 batches | per submit ms: 13.01 (build 1.12, run 11.88, gpu 11.85) | per present ms: 1.02 (copy 0.97, publish 0.00, flip 0.01)
xhci: cancel slot=5 endpoint=3 pending-events=0 first-type=0 iman=2 usbsts=0 erdp=5730b780 dequeue=120 command-busy=0 irq-busy=0
xhci: cancelled request slot=5 endpoint=3 completion=26 residual=1
xhci: cancel slot=5 endpoint=3 pending-events=0 first-type=0 iman=2 usbsts=0 erdp=5730b950 dequeue=149 command-busy=0 irq-busy=0
xhci: cancelled request slot=5 endpoint=3 completion=26 residual=1
xhci: cancel slot=5 endpoint=3 pending-events=0 first-type=0 iman=2 usbsts=0 erdp=5730b980 dequeue=152 command-busy=0 irq-busy=0
xhci: cancelled request slot=5 endpoint=3 completion=26 residual=1
i915: resident shim: ring rewound (idle context)
xhci: cancel slot=5 endpoint=3 pending-events=0 first-type=0 iman=2 usbsts=0 erdp=5730ba90 dequeue=169 command-busy=0 irq-busy=0
xhci: cancelled request slot=5 endpoint=3 completion=26 residual=1
i915: resident shim: ring rewound (idle context)
xhci: cancel slot=5 endpoint=3 pending-events=0 first-type=0 iman=2 usbsts=0 erdp=5730bc90 dequeue=201 command-busy=0 irq-busy=0
xhci: cancelled request slot=5 endpoint=3 completion=26 residual=1
xhci: cancel slot=5 endpoint=3 pending-events=0 first-type=0 iman=2 usbsts=0 erdp=5730bee0 dequeue=238 command-busy=0 irq-busy=0
xhci: cancelled request slot=5 endpoint=3 completion=26 residual=1
i915: resident shim: ring rewound (idle context)
xhci: cancel slot=5 endpoint=3 pending-events=0 first-type=0 iman=2 usbsts=0 erdp=5730b0a0 dequeue=10 command-busy=0 irq-busy=0
xhci: cancelled request slot=5 endpoint=3 completion=26 residual=1
xhci: cancel slot=5 endpoint=3 pending-events=0 first-type=0 iman=2 usbsts=0 erdp=5730b140 dequeue=20 command-busy=0 irq-busy=0
xhci: cancelled request slot=5 endpoint=3 completion=26 residual=1
xhci: cancel slot=5 endpoint=3 pending-events=0 first-type=0 iman=2 usbsts=0 erdp=5730b170 dequeue=23 command-busy=0 irq-busy=0
xhci: cancelled request slot=5 endpoint=3 completion=26 residual=1
xhci: cancel slot=5 endpoint=3 pending-events=0 first-type=0 iman=2 usbsts=0 erdp=5730b1c0 dequeue=28 command-busy=0 irq-busy=0
xhci: cancelled request slot=5 endpoint=3 completion=26 residual=1
xhci: cancel slot=5 endpoint=3 pending-events=0 first-type=0 iman=2 usbsts=0 erdp=5730b310 dequeue=49 command-busy=0 irq-busy=0
xhci: cancelled request slot=5 endpoint=3 completion=26 residual=1
i915: resident shim: ring rewound (idle context)
xhci: cancel slot=5 endpoint=3 pending-events=0 first-type=0 iman=2 usbsts=0 erdp=5730b7c0 dequeue=124 command-busy=0 irq-busy=0
xhci: cancelled request slot=5 endpoint=3 completion=26 residual=1
xhci: cancel slot=5 endpoint=3 pending-events=0 first-type=0 iman=2 usbsts=0 erdp=5730b9c0 dequeue=156 command-busy=0 irq-busy=0
xhci: cancelled request slot=5 endpoint=3 completion=26 residual=1
i915: resident shim: ring rewound (idle context)
xhci: cancel slot=5 endpoint=3 pending-events=0 first-type=0 iman=2 usbsts=0 erdp=5730bbb0 dequeue=187 command-busy=0 irq-busy=0
xhci: cancelled request slot=5 endpoint=3 completion=26 residual=1
i915: resident shim: ring rewound (idle context)
xhci: cancel slot=5 endpoint=3 pending-events=0 first-type=0 iman=2 usbsts=0 erdp=5730bd60 dequeue=214 command-busy=0 irq-busy=0
xhci: cancelled request slot=5 endpoint=3 completion=26 residual=1
i915: resident shim: ring rewound (idle context)
xhci: cancel slot=5 endpoint=3 pending-events=0 first-type=0 iman=2 usbsts=0 erdp=5730bdb0 dequeue=219 command-busy=0 irq-busy=0
xhci: cancelled request slot=5 endpoint=3 completion=26 residual=1
xhci: cancel slot=5 endpoint=3 pending-events=0 first-type=0 iman=2 usbsts=0 erdp=5730bde0 dequeue=222 command-busy=0 irq-busy=0
xhci: cancelled request slot=5 endpoint=3 completion=26 residual=1
xhci: cancel slot=5 endpoint=3 pending-events=0 first-type=0 iman=2 usbsts=0 erdp=5730bef0 dequeue=239 command-busy=0 irq-busy=0
xhci: cancelled request slot=5 endpoint=3 completion=26 residual=1
i915: resident shim: ring rewound (idle context)
xhci: cancel slot=5 endpoint=3 pending-events=0 first-type=0 iman=2 usbsts=0 erdp=5730b140 dequeue=20 command-busy=0 irq-busy=0
xhci: cancelled request slot=5 endpoint=3 completion=26 residual=1
xhci: cancel slot=5 endpoint=3 pending-events=0 first-type=0 iman=2 usbsts=0 erdp=5730b330 dequeue=51 command-busy=0 irq-busy=0
xhci: cancelled request slot=5 endpoint=3 completion=26 residual=1
i915: resident shim: ring rewound (idle context)
i915: vk: session 1: frames 236 in 5022 ms: per submit 2 runs (255 full) 175 ops (most 589), in submit 11984 us (runs 11138, record 846), between 9296 us
i915: perf: markers 240: wait 0.01 ms, run 0.01 ms
i915: perf: 5022 ms: 118 presents (23.49/s), 240 submits, 495 batches | per submit ms: 11.87 (build 0.84, run 11.03, gpu 10.93) | per present ms: 1.08 (copy 1.05, publish 0.00, flip 0.00)
xhci: cancel slot=5 endpoint=3 pending-events=0 first-type=0 iman=2 usbsts=0 erdp=5730b530 dequeue=83 command-busy=0 irq-busy=0
xhci: cancelled request slot=5 endpoint=3 completion=26 residual=1
xhci: cancel slot=5 endpoint=3 pending-events=0 first-type=0 iman=2 usbsts=0 erdp=5730b600 dequeue=96 command-busy=0 irq-busy=0
xhci: cancelled request slot=5 endpoint=3 completion=26 residual=1
xhci: cancel slot=5 endpoint=3 pending-events=0 first-type=0 iman=2 usbsts=0 erdp=5730b630 dequeue=99 command-busy=0 irq-busy=0
xhci: cancelled request slot=5 endpoint=3 completion=26 residual=1
xhci: cancel slot=5 endpoint=3 pending-events=0 first-type=0 iman=2 usbsts=0 erdp=5730b680 dequeue=104 command-busy=0 irq-busy=0
xhci: cancelled request slot=5 endpoint=3 completion=26 residual=1
xhci: cancel slot=5 endpoint=3 pending-events=0 first-type=0 iman=2 usbsts=0 erdp=5730b930 dequeue=147 command-busy=0 irq-busy=0
xhci: cancelled request slot=5 endpoint=3 completion=26 residual=1
i915: resident shim: ring rewound (idle context)
xhci: cancel slot=5 endpoint=3 pending-events=0 first-type=0 iman=2 usbsts=0 erdp=5730bb10 dequeue=177 command-busy=0 irq-busy=0
xhci: cancelled request slot=5 endpoint=3 completion=26 residual=1
xhci: cancel slot=5 endpoint=3 pending-events=0 first-type=0 iman=2 usbsts=0 erdp=5730bc50 dequeue=197 command-busy=0 irq-busy=0
xhci: cancelled request slot=5 endpoint=3 completion=26 residual=1
xhci: cancel slot=5 endpoint=3 pending-events=0 first-type=0 iman=2 usbsts=0 erdp=5730bca0 dequeue=202 command-busy=0 irq-busy=0
xhci: cancelled request slot=5 endpoint=3 completion=26 residual=1
xhci: cancel slot=5 endpoint=3 pending-events=0 first-type=0 iman=2 usbsts=0 erdp=5730bd30 dequeue=211 command-busy=0 irq-busy=0
xhci: cancelled request slot=5 endpoint=3 completion=26 residual=1
i915: resident shim: ring rewound (idle context)
xhci: cancel slot=5 endpoint=3 pending-events=0 first-type=0 iman=2 usbsts=0 erdp=5730bef0 dequeue=239 command-busy=0 irq-busy=0
xhci: cancelled request slot=5 endpoint=3 completion=26 residual=1
i915: resident shim: ring rewound (idle context)
xhci: cancel slot=5 endpoint=3 pending-events=0 first-type=0 iman=2 usbsts=0 erdp=5730b0b0 dequeue=11 command-busy=0 irq-busy=0
xhci: cancelled request slot=5 endpoint=3 completion=26 residual=1
i915: resident shim: ring rewound (idle context)
xhci: cancel slot=5 endpoint=3 pending-events=0 first-type=0 iman=2 usbsts=0 erdp=5730b170 dequeue=23 command-busy=0 irq-busy=0
xhci: cancelled request slot=5 endpoint=3 completion=26 residual=1
xhci: cancel slot=5 endpoint=3 pending-events=0 first-type=0 iman=2 usbsts=0 erdp=5730b520 dequeue=82 command-busy=0 irq-busy=0
xhci: cancelled request slot=5 endpoint=3 completion=26 residual=1
xhci: cancel slot=5 endpoint=3 pending-events=0 first-type=0 iman=2 usbsts=0 erdp=5730b700 dequeue=112 command-busy=0 irq-busy=0
xhci: cancelled request slot=5 endpoint=3 completion=26 residual=1
xhci: cancel slot=5 endpoint=3 pending-events=0 first-type=0 iman=2 usbsts=0 erdp=5730b7f0 dequeue=127 command-busy=0 irq-busy=0
xhci: cancelled request slot=5 endpoint=3 completion=26 residual=1
xhci: cancel slot=5 endpoint=3 pending-events=0 first-type=0 iman=2 usbsts=0 erdp=5730b840 dequeue=132 command-busy=0 irq-busy=0
xhci: cancelled request slot=5 endpoint=3 completion=26 residual=1
xhci: cancel slot=5 endpoint=3 pending-events=0 first-type=0 iman=2 usbsts=0 erdp=5730b8b0 dequeue=139 command-busy=0 irq-busy=0
xhci: cancelled request slot=5 endpoint=3 completion=26 residual=1
xhci: cancel slot=5 endpoint=3 pending-events=0 first-type=0 iman=2 usbsts=0 erdp=5730b950 dequeue=149 command-busy=0 irq-busy=0
xhci: cancelled request slot=5 endpoint=3 completion=26 residual=1
i915: resident shim: ring rewound (idle context)
xhci: cancel slot=5 endpoint=3 pending-events=0 first-type=0 iman=2 usbsts=0 erdp=5730bb10 dequeue=177 command-busy=0 irq-busy=0
xhci: cancelled request slot=5 endpoint=3 completion=26 residual=1
xhci: cancel slot=5 endpoint=3 pending-events=0 first-type=0 iman=2 usbsts=0 erdp=5730beb0 dequeue=235 command-busy=0 irq-busy=0
xhci: cancelled request slot=5 endpoint=3 completion=26 residual=1
i915: vk: session 1: frames 216 in 5031 ms: per submit 2 runs (139 full) 121 ops (most 589), in submit 9762 us (runs 9288, record 474), between 13530 us
i915: perf: markers 216: wait 0.00 ms, run 0.01 ms
i915: perf: 5030 ms: 106 presents (21.07/s), 216 submits, 351 batches | per submit ms: 9.76 (build 0.47, run 9.28, gpu 9.26) | per present ms: 1.87 (copy 1.40, publish 0.00, flip 0.22)
i915: resident shim: ring rewound (idle context)
xhci: cancel slot=5 endpoint=3 pending-events=0 first-type=0 iman=2 usbsts=0 erdp=5730b070 dequeue=7 command-busy=0 irq-busy=0
xhci: cancelled request slot=5 endpoint=3 completion=26 residual=1
xhci: cancel slot=5 endpoint=3 pending-events=0 first-type=0 iman=2 usbsts=0 erdp=5730b250 dequeue=37 command-busy=0 irq-busy=0
xhci: cancelled request slot=5 endpoint=3 completion=26 residual=1
i915: resident shim: ring rewound (idle context)
i915: resident shim: ring rewound (idle context)
xhci: cancel slot=5 endpoint=3 pending-events=0 first-type=0 iman=2 usbsts=0 erdp=5730b410 dequeue=65 command-busy=0 irq-busy=0
xhci: cancelled request slot=5 endpoint=3 completion=26 residual=1
xhci: cancel slot=5 endpoint=3 pending-events=0 first-type=0 iman=2 usbsts=0 erdp=5730b610 dequeue=97 command-busy=0 irq-busy=0
xhci: cancelled request slot=5 endpoint=3 completion=26 residual=1
i915: resident shim: ring rewound (idle context)
xhci: cancel slot=5 endpoint=3 pending-events=0 first-type=0 iman=2 usbsts=0 erdp=5730b820 dequeue=130 command-busy=0 irq-busy=0
xhci: cancelled request slot=5 endpoint=3 completion=26 residual=1
i915: resident shim: ring rewound (idle context)
xhci: cancel slot=5 endpoint=3 pending-events=0 first-type=0 iman=2 usbsts=0 erdp=5730ba00 dequeue=160 command-busy=0 irq-busy=0
xhci: cancelled request slot=5 endpoint=3 completion=26 residual=1
xhci: cancel slot=5 endpoint=3 pending-events=0 first-type=0 iman=2 usbsts=0 erdp=5730bbc0 dequeue=188 command-busy=0 irq-busy=0
xhci: cancelled request slot=5 endpoint=3 completion=26 residual=1
i915: resident shim: ring rewound (idle context)
xhci: cancel slot=5 endpoint=3 pending-events=0 first-type=0 iman=2 usbsts=0 erdp=5730be00 dequeue=224 command-busy=0 irq-busy=0
xhci: cancelled request slot=5 endpoint=3 completion=26 residual=1
i915: resident shim: ring rewound (idle context)
xhci: cancel slot=5 endpoint=3 pending-events=0 first-type=0 iman=2 usbsts=0 erdp=5730bfd0 dequeue=253 command-busy=0 irq-busy=0
xhci: cancelled request slot=5 endpoint=3 completion=26 residual=1
xhci: cancel slot=5 endpoint=3 pending-events=0 first-type=0 iman=2 usbsts=0 erdp=5730b1b0 dequeue=27 command-busy=0 irq-busy=0
xhci: cancelled request slot=5 endpoint=3 completion=26 residual=1
i915: resident shim: ring rewound (idle context)
xhci: cancel slot=5 endpoint=3 pending-events=0 first-type=0 iman=2 usbsts=0 erdp=5730b370 dequeue=55 command-busy=0 irq-busy=0
xhci: cancelled request slot=5 endpoint=3 completion=26 residual=1
i915: resident shim: ring rewound (idle context)
i915: resident shim: ring rewound (idle context)
xhci: cancel slot=5 endpoint=3 pending-events=0 first-type=0 iman=2 usbsts=0 erdp=5730b550 dequeue=85 command-busy=0 irq-busy=0
xhci: cancelled request slot=5 endpoint=3 completion=26 residual=1
xhci: cancel slot=5 endpoint=3 pending-events=0 first-type=0 iman=2 usbsts=0 erdp=5730b760 dequeue=118 command-busy=0 irq-busy=0
xhci: cancelled request slot=5 endpoint=3 completion=26 residual=1
i915: resident shim: ring rewound (idle context)
xhci: cancel slot=5 endpoint=3 pending-events=0 first-type=0 iman=2 usbsts=0 erdp=5730ba40 dequeue=164 command-busy=0 irq-busy=0
xhci: cancelled request slot=5 endpoint=3 completion=26 residual=1
xhci: cancel slot=5 endpoint=3 pending-events=0 first-type=0 iman=2 usbsts=0 erdp=5730ba70 dequeue=167 command-busy=0 irq-busy=0
xhci: cancelled request slot=5 endpoint=3 completion=26 residual=1
xhci: cancel slot=5 endpoint=3 pending-events=0 first-type=0 iman=2 usbsts=0 erdp=5730bb00 dequeue=176 command-busy=0 irq-busy=0
xhci: cancelled request slot=5 endpoint=3 completion=26 residual=1
i915: resident shim: ring rewound (idle context)
xhci: cancel slot=5 endpoint=3 pending-events=0 first-type=0 iman=2 usbsts=0 erdp=5730bcd0 dequeue=205 command-busy=0 irq-busy=0
xhci: cancelled request slot=5 endpoint=3 completion=26 residual=1
i915: resident shim: ring rewound (idle context)
xhci: cancel slot=5 endpoint=3 pending-events=0 first-type=0 iman=2 usbsts=0 erdp=5730beb0 dequeue=235 command-busy=0 irq-busy=0
xhci: cancelled request slot=5 endpoint=3 completion=26 residual=1
xhci: cancel slot=5 endpoint=3 pending-events=0 first-type=0 iman=2 usbsts=0 erdp=5730b070 dequeue=7 command-busy=0 irq-busy=0
xhci: cancelled request slot=5 endpoint=3 completion=26 residual=1
i915: resident shim: ring rewound (idle context)
xhci: cancel slot=5 endpoint=3 pending-events=0 first-type=0 iman=2 usbsts=0 erdp=5730b1e0 dequeue=30 command-busy=0 irq-busy=0
xhci: cancelled request slot=5 endpoint=3 completion=26 residual=1
i915: vk: session 1: frames 302 in 5045 ms: per submit 3 runs (502 full) 251 ops (most 590), in submit 13255 us (runs 12169, record 1086), between 3449 us
i915: perf: markers 302: wait 0.00 ms, run 0.01 ms
i915: perf: 5044 ms: 151 presents (29.93/s), 302 submits, 804 batches | per submit ms: 13.25 (build 1.09, run 12.16, gpu 12.13) | per present ms: 1.10 (copy 1.06, publish 0.00, flip 0.01)
xhci: cancel slot=5 endpoint=3 pending-events=0 first-type=0 iman=2 usbsts=0 erdp=5730b250 dequeue=37 command-busy=0 irq-busy=0
xhci: cancelled request slot=5 endpoint=3 completion=26 residual=1
xhci: cancel slot=5 endpoint=3 pending-events=0 first-type=0 iman=2 usbsts=0 erdp=5730b390 dequeue=57 command-busy=0 irq-busy=0
xhci: cancelled request slot=5 endpoint=3 completion=26 residual=1
xhci: cancel slot=5 endpoint=3 pending-events=0 first-type=0 iman=2 usbsts=0 erdp=5730b550 dequeue=85 command-busy=0 irq-busy=0
xhci: cancelled request slot=5 endpoint=3 completion=26 residual=1
xhci: cancel slot=5 endpoint=3 pending-events=0 first-type=0 iman=2 usbsts=0 erdp=5730b6d0 dequeue=109 command-busy=0 irq-busy=0
xhci: cancelled request slot=5 endpoint=3 completion=26 residual=1
xhci: cancel slot=5 endpoint=3 pending-events=0 first-type=0 iman=2 usbsts=0 erdp=5730b700 dequeue=112 command-busy=0 irq-busy=0
xhci: cancelled request slot=5 endpoint=3 completion=26 residual=1
xhci: cancel slot=5 endpoint=3 pending-events=0 first-type=0 iman=2 usbsts=0 erdp=5730b7a0 dequeue=122 command-busy=0 irq-busy=0
xhci: cancelled request slot=5 endpoint=3 completion=26 residual=1
xhci: cancel slot=5 endpoint=3 pending-events=0 first-type=0 iman=2 usbsts=0 erdp=5730b960 dequeue=150 command-busy=0 irq-busy=0
xhci: cancelled request slot=5 endpoint=3 completion=26 residual=1
i915: resident shim: ring rewound (idle context)
i915: resident shim: ring rewound (idle context)
xhci: cancel slot=5 endpoint=3 pending-events=1 first-type=32 iman=2 usbsts=0 erdp=5730bdc0 dequeue=220 command-busy=0 irq-busy=0
xhci: cancelled request slot=5 endpoint=3 completion=26 residual=1
xhci: cancel slot=5 endpoint=3 pending-events=0 first-type=0 iman=2 usbsts=0 erdp=5730b060 dequeue=6 command-busy=0 irq-busy=0
xhci: cancelled request slot=5 endpoint=3 completion=26 residual=1
i915: resident shim: ring rewound (idle context)
xhci: cancel slot=5 endpoint=3 pending-events=0 first-type=0 iman=2 usbsts=0 erdp=5730b240 dequeue=36 command-busy=0 irq-busy=0
xhci: cancelled request slot=5 endpoint=3 completion=26 residual=1
i915: resident shim: ring rewound (idle context)
xhci: cancel slot=5 endpoint=3 pending-events=0 first-type=0 iman=2 usbsts=0 erdp=5730b400 dequeue=64 command-busy=0 irq-busy=0
xhci: cancelled request slot=5 endpoint=3 completion=26 residual=1
i915: resident shim: ring rewound (idle context)
xhci: cancel slot=5 endpoint=3 pending-events=0 first-type=0 iman=2 usbsts=0 erdp=5730b5f0 dequeue=95 command-busy=0 irq-busy=0
xhci: cancelled request slot=5 endpoint=3 completion=26 residual=1
xhci: cancel slot=5 endpoint=3 pending-events=0 first-type=0 iman=2 usbsts=0 erdp=5730b7b0 dequeue=123 command-busy=0 irq-busy=0
xhci: cancelled request slot=5 endpoint=3 completion=26 residual=1
xhci: cancel slot=5 endpoint=3 pending-events=0 first-type=0 iman=2 usbsts=0 erdp=5730b990 dequeue=153 command-busy=0 irq-busy=0
xhci: cancelled request slot=5 endpoint=3 completion=26 residual=1
i915: resident shim: ring rewound (idle context)
xhci: cancel slot=5 endpoint=3 pending-events=0 first-type=0 iman=2 usbsts=0 erdp=5730bd00 dequeue=208 command-busy=0 irq-busy=0
xhci: cancelled request slot=5 endpoint=3 completion=26 residual=1
xhci: cancel slot=5 endpoint=3 pending-events=0 first-type=0 iman=2 usbsts=0 erdp=5730bee0 dequeue=238 command-busy=0 irq-busy=0
xhci: cancelled request slot=5 endpoint=3 completion=26 residual=1
i915: resident shim: ring rewound (idle context)
i915: resident shim: ring rewound (idle context)
xhci: cancel slot=5 endpoint=3 pending-events=0 first-type=0 iman=2 usbsts=0 erdp=5730bf90 dequeue=249 command-busy=0 irq-busy=0
xhci: cancelled request slot=5 endpoint=3 completion=26 residual=1
xhci: cancel slot=5 endpoint=3 pending-events=0 first-type=0 iman=2 usbsts=0 erdp=5730bfe0 dequeue=254 command-busy=0 irq-busy=0
xhci: cancelled request slot=5 endpoint=3 completion=26 residual=1
xhci: cancel slot=5 endpoint=3 pending-events=0 first-type=0 iman=2 usbsts=0 erdp=5730b150 dequeue=21 command-busy=0 irq-busy=0
xhci: cancelled request slot=5 endpoint=3 completion=26 residual=1
ucsi: rec 233 R 20000000 1 0
xhci: cancel slot=5 endpoint=3 pending-events=0 first-type=0 iman=2 usbsts=0 erdp=5730b340 dequeue=52 command-busy=0 irq-busy=0
xhci: cancelled request slot=5 endpoint=3 completion=26 residual=1
i915: vk: session 1: frames 182 in 5004 ms: per submit 3 runs (290 full) 242 ops (most 589), in submit 11876 us (runs 10818, record 1058), between 15618 us
i915: perf: markers 182: wait 0.00 ms, run 0.01 ms
i915: perf: 5005 ms: 91 presents (18.18/s), 182 submits, 472 batches | per submit ms: 11.88 (build 1.07, run 10.81, gpu 10.78) | per present ms: 1.03 (copy 1.00, publish 0.00, flip 0.00)
i915: resident shim: ring rewound (idle context)
xhci: cancel slot=5 endpoint=3 pending-events=0 first-type=0 iman=2 usbsts=0 erdp=5730b500 dequeue=80 command-busy=0 irq-busy=0
xhci: cancelled request slot=5 endpoint=3 completion=26 residual=1
i915: resident shim: ring rewound (idle context)
xhci: cancel slot=5 endpoint=3 pending-events=0 first-type=0 iman=2 usbsts=0 erdp=5730b6e0 dequeue=110 command-busy=0 irq-busy=0
xhci: cancelled request slot=5 endpoint=3 completion=26 residual=1
xhci: cancel slot=5 endpoint=3 pending-events=0 first-type=0 iman=2 usbsts=0 erdp=5730b900 dequeue=144 command-busy=0 irq-busy=0
xhci: cancelled request slot=5 endpoint=3 completion=26 residual=1
i915: resident shim: ring rewound (idle context)
xhci: cancel slot=5 endpoint=3 pending-events=0 first-type=0 iman=2 usbsts=0 erdp=5730b950 dequeue=149 command-busy=0 irq-busy=0
xhci: cancelled request slot=5 endpoint=3 completion=26 residual=1
xhci: cancel slot=5 endpoint=3 pending-events=0 first-type=0 iman=2 usbsts=0 erdp=5730ba20 dequeue=162 command-busy=0 irq-busy=0
xhci: cancelled request slot=5 endpoint=3 completion=26 residual=1
xhci: cancel slot=5 endpoint=3 pending-events=0 first-type=0 iman=2 usbsts=0 erdp=5730bbe0 dequeue=190 command-busy=0 irq-busy=0
xhci: cancelled request slot=5 endpoint=3 completion=26 residual=1
i915: resident shim: ring rewound (idle context)
xhci: cancel slot=5 endpoint=3 pending-events=0 first-type=0 iman=2 usbsts=0 erdp=5730bdc0 dequeue=220 command-busy=0 irq-busy=0
xhci: cancelled request slot=5 endpoint=3 completion=26 residual=1
xhci: cancel slot=5 endpoint=3 pending-events=0 first-type=0 iman=2 usbsts=0 erdp=5730bf80 dequeue=248 command-busy=0 irq-busy=0
xhci: cancelled request slot=5 endpoint=3 completion=26 residual=1
i915: resident shim: ring rewound (idle context)
xhci: cancel slot=5 endpoint=3 pending-events=0 first-type=0 iman=2 usbsts=0 erdp=5730b2c0 dequeue=44 command-busy=0 irq-busy=0
xhci: cancelled request slot=5 endpoint=3 completion=26 residual=1
i915: resident shim: ring rewound (idle context)
i915: resident shim: ring rewound (idle context)
xhci: cancel slot=5 endpoint=3 pending-events=0 first-type=0 iman=2 usbsts=0 erdp=5730b480 dequeue=72 command-busy=0 irq-busy=0
xhci: cancelled request slot=5 endpoint=3 completion=26 residual=1
xhci: cancel slot=5 endpoint=3 pending-events=0 first-type=0 iman=2 usbsts=0 erdp=5730b650 dequeue=101 command-busy=0 irq-busy=0
xhci: cancelled request slot=5 endpoint=3 completion=26 residual=1
xhci: cancel slot=5 endpoint=3 pending-events=0 first-type=0 iman=2 usbsts=0 erdp=5730b680 dequeue=104 command-busy=0 irq-busy=0
xhci: cancelled request slot=5 endpoint=3 completion=26 residual=1
xhci: cancel slot=5 endpoint=3 pending-events=0 first-type=0 iman=2 usbsts=0 erdp=5730b710 dequeue=113 command-busy=0 irq-busy=0
xhci: cancelled request slot=5 endpoint=3 completion=26 residual=1
xhci: cancel slot=5 endpoint=3 pending-events=0 first-type=0 iman=2 usbsts=0 erdp=5730b7d0 dequeue=125 command-busy=0 irq-busy=0
xhci: cancelled request slot=5 endpoint=3 completion=26 residual=1
i915: resident shim: ring rewound (idle context)
xhci: cancel slot=5 endpoint=3 pending-events=0 first-type=0 iman=2 usbsts=0 erdp=5730b9b0 dequeue=155 command-busy=0 irq-busy=0
xhci: cancelled request slot=5 endpoint=3 completion=26 residual=1
i915: resident shim: ring rewound (idle context)
xhci: cancel slot=5 endpoint=3 pending-events=0 first-type=0 iman=2 usbsts=0 erdp=5730bbd0 dequeue=189 command-busy=0 irq-busy=0
xhci: cancelled request slot=5 endpoint=3 completion=26 residual=1
xhci: cancel slot=5 endpoint=3 pending-events=0 first-type=0 iman=2 usbsts=0 erdp=5730bc20 dequeue=194 command-busy=0 irq-busy=0
xhci: cancelled request slot=5 endpoint=3 completion=26 residual=1
xhci: cancel slot=5 endpoint=3 pending-events=0 first-type=0 iman=2 usbsts=0 erdp=5730bd50 dequeue=213 command-busy=0 irq-busy=0
xhci: cancelled request slot=5 endpoint=3 completion=26 residual=1
i915: resident shim: ring rewound (idle context)
xhci: cancel slot=5 endpoint=3 pending-events=0 first-type=0 iman=2 usbsts=0 erdp=5730bf30 dequeue=243 command-busy=0 irq-busy=0
xhci: cancelled request slot=5 endpoint=3 completion=26 residual=1
xhci: cancel slot=5 endpoint=3 pending-events=0 first-type=0 iman=2 usbsts=0 erdp=5730bfb0 dequeue=251 command-busy=0 irq-busy=0
i915: vk: session 1: frames 254 in 5030 ms: per submit 2 runs (368 full) 222 ops (most 589), in submit 13348 us (runs 12346, record 1001), between 6455 us
xhci: cancelled request slot=5 endpoint=3 completion=26 residual=1
i915: perf: markers 254: wait 0.00 ms, run 0.01 ms
i915: perf: 5028 ms: 127 presents (25.25/s), 254 submits, 622 batches | per submit ms: 13.35 (build 1.00, run 12.34, gpu 12.31) | per present ms: 1.06 (copy 1.03, publish 0.00, flip 0.00)
i915: resident shim: ring rewound (idle context)
i915: resident shim: ring rewound (idle context)
xhci: cancel slot=5 endpoint=3 pending-events=0 first-type=0 iman=2 usbsts=0 erdp=5730b130 dequeue=19 command-busy=0 irq-busy=0
xhci: cancelled request slot=5 endpoint=3 completion=26 residual=1
xhci: cancel slot=5 endpoint=3 pending-events=0 first-type=0 iman=2 usbsts=0 erdp=5730b2f0 dequeue=47 command-busy=0 irq-busy=0
xhci: cancelled request slot=5 endpoint=3 completion=26 residual=1
i915: resident shim: ring rewound (idle context)
xhci: cancel slot=5 endpoint=3 pending-events=0 first-type=0 iman=2 usbsts=0 erdp=5730b3a0 dequeue=58 command-busy=0 irq-busy=0
xhci: cancelled request slot=5 endpoint=3 completion=26 residual=1
xhci: cancel slot=5 endpoint=3 pending-events=0 first-type=0 iman=2 usbsts=0 erdp=5730b810 dequeue=129 command-busy=0 irq-busy=0
xhci: cancelled request slot=5 endpoint=3 completion=26 residual=1
i915: resident shim: ring rewound (idle context)
xhci: cancel slot=5 endpoint=3 pending-events=0 first-type=0 iman=2 usbsts=0 erdp=5730b9a0 dequeue=154 command-busy=0 irq-busy=0
xhci: cancelled request slot=5 endpoint=3 completion=26 residual=1
xhci: cancel slot=5 endpoint=3 pending-events=0 first-type=0 iman=2 usbsts=0 erdp=5730b9e0 dequeue=158 command-busy=0 irq-busy=0
xhci: cancelled request slot=5 endpoint=3 completion=26 residual=1
xhci: cancel slot=5 endpoint=3 pending-events=0 first-type=0 iman=2 usbsts=0 erdp=5730bad0 dequeue=173 command-busy=0 irq-busy=0
xhci: cancelled request slot=5 endpoint=3 completion=26 residual=1
xhci: cancel slot=5 endpoint=3 pending-events=0 first-type=0 iman=2 usbsts=0 erdp=5730bb00 dequeue=176 command-busy=0 irq-busy=0
xhci: cancelled request slot=5 endpoint=3 completion=26 residual=1
xhci: cancel slot=5 endpoint=3 pending-events=0 first-type=0 iman=2 usbsts=0 erdp=5730bc70 dequeue=199 command-busy=0 irq-busy=0
xhci: cancelled request slot=5 endpoint=3 completion=26 residual=1
xhci: cancel slot=5 endpoint=3 pending-events=0 first-type=0 iman=2 usbsts=0 erdp=5730bfe0 dequeue=254 command-busy=0 irq-busy=0
xhci: cancelled request slot=5 endpoint=3 completion=26 residual=1
xhci: cancel slot=5 endpoint=3 pending-events=0 first-type=0 iman=2 usbsts=0 erdp=5730b0c0 dequeue=12 command-busy=0 irq-busy=0
xhci: cancelled request slot=5 endpoint=3 completion=26 residual=1
xhci: cancel slot=5 endpoint=3 pending-events=0 first-type=0 iman=2 usbsts=0 erdp=5730b0f0 dequeue=15 command-busy=0 irq-busy=0
xhci: cancelled request slot=5 endpoint=3 completion=26 residual=1
xhci: cancel slot=5 endpoint=3 pending-events=0 first-type=0 iman=2 usbsts=0 erdp=5730b170 dequeue=23 command-busy=0 irq-busy=0
xhci: cancelled request slot=5 endpoint=3 completion=26 residual=1
i915: resident shim: ring rewound (idle context)
xhci: cancel slot=5 endpoint=3 pending-events=0 first-type=0 iman=2 usbsts=0 erdp=5730b350 dequeue=53 command-busy=0 irq-busy=0
xhci: cancelled request slot=5 endpoint=3 completion=26 residual=1
xhci: cancel slot=5 endpoint=3 pending-events=0 first-type=0 iman=2 usbsts=0 erdp=5730b400 dequeue=64 command-busy=0 irq-busy=0
xhci: cancelled request slot=5 endpoint=3 completion=26 residual=1
xhci: cancel slot=5 endpoint=3 pending-events=0 first-type=0 iman=2 usbsts=0 erdp=5730b430 dequeue=67 command-busy=0 irq-busy=0
xhci: cancelled request slot=5 endpoint=3 completion=26 residual=1
xhci: cancel slot=5 endpoint=3 pending-events=0 first-type=0 iman=2 usbsts=0 erdp=5730b640 dequeue=100 command-busy=0 irq-busy=0
xhci: cancelled request slot=5 endpoint=3 completion=26 residual=1
xhci: cancel slot=5 endpoint=3 pending-events=0 first-type=0 iman=2 usbsts=0 erdp=5730b860 dequeue=134 command-busy=0 irq-busy=0
xhci: cancelled request slot=5 endpoint=3 completion=26 residual=1
xhci: cancel slot=5 endpoint=3 pending-events=0 first-type=0 iman=2 usbsts=0 erdp=5730b9a0 dequeue=154 command-busy=0 irq-busy=0
xhci: cancelled request slot=5 endpoint=3 completion=26 residual=1
xhci: cancel slot=5 endpoint=3 pending-events=0 first-type=0 iman=2 usbsts=0 erdp=5730b9d0 dequeue=157 command-busy=0 irq-busy=0
xhci: cancelled request slot=5 endpoint=3 completion=26 residual=1
i915: vk: session 1: frames 130 in 5100 ms: per submit 2 runs (130 full) 165 ops (most 589), in submit 11272 us (runs 10621, record 650), between 27960 us
i915: perf: markers 130: wait 0.00 ms, run 0.01 ms
i915: perf: 5100 ms: 65 presents (12.74/s), 130 submits, 260 batches | per submit ms: 11.28 (build 0.66, run 10.62, gpu 10.59) | per present ms: 1.01 (copy 0.97, publish 0.00, flip 0.00)
xhci: cancel slot=5 endpoint=3 pending-events=0 first-type=0 iman=2 usbsts=0 erdp=5730bba0 dequeue=186 command-busy=0 irq-busy=0
xhci: cancelled request slot=5 endpoint=3 completion=26 residual=1
i915: resident shim: ring rewound (idle context)
i915: resident shim: ring rewound (idle context)
xhci: cancel slot=5 endpoint=3 pending-events=0 first-type=0 iman=2 usbsts=0 erdp=5730bd60 dequeue=214 command-busy=0 irq-busy=0
xhci: cancelled request slot=5 endpoint=3 completion=26 residual=1
xhci: cancel slot=5 endpoint=3 pending-events=0 first-type=0 iman=2 usbsts=0 erdp=5730bf40 dequeue=244 command-busy=0 irq-busy=0
xhci: cancelled request slot=5 endpoint=3 completion=26 residual=1
i915: resident shim: ring rewound (idle context)
xhci: cancel slot=5 endpoint=3 pending-events=0 first-type=0 iman=2 usbsts=0 erdp=5730b100 dequeue=16 command-busy=0 irq-busy=0
xhci: cancelled request slot=5 endpoint=3 completion=26 residual=1
xhci: cancel slot=5 endpoint=3 pending-events=0 first-type=0 iman=2 usbsts=0 erdp=5730b300 dequeue=48 command-busy=0 irq-busy=0
xhci: cancelled request slot=5 endpoint=3 completion=26 residual=1
i915: resident shim: ring rewound (idle context)
xhci: cancel slot=5 endpoint=3 pending-events=0 first-type=0 iman=2 usbsts=0 erdp=5730b330 dequeue=51 command-busy=0 irq-busy=0
xhci: cancelled request slot=5 endpoint=3 completion=26 residual=1
xhci: cancel slot=5 endpoint=3 pending-events=0 first-type=0 iman=2 usbsts=0 erdp=5730b430 dequeue=67 command-busy=0 irq-busy=0
xhci: cancelled request slot=5 endpoint=3 completion=26 residual=1
i915: resident shim: ring rewound (idle context)
xhci: cancel slot=5 endpoint=3 pending-events=0 first-type=0 iman=2 usbsts=0 erdp=5730b5d0 dequeue=93 command-busy=0 irq-busy=0
xhci: cancelled request slot=5 endpoint=3 completion=26 residual=1
xhci: cancel slot=5 endpoint=3 pending-events=0 first-type=0 iman=2 usbsts=0 erdp=5730b6a0 dequeue=106 command-busy=0 irq-busy=0
xhci: cancelled request slot=5 endpoint=3 completion=26 residual=1
i915: resident shim: ring rewound (idle context)
xhci: cancel slot=5 endpoint=3 pending-events=0 first-type=0 iman=2 usbsts=0 erdp=5730b7a0 dequeue=122 command-busy=0 irq-busy=0
xhci: cancelled request slot=5 endpoint=3 completion=26 residual=1
xhci: cancel slot=5 endpoint=3 pending-events=0 first-type=0 iman=2 usbsts=0 erdp=5730b8d0 dequeue=141 command-busy=0 irq-busy=0
xhci: cancelled request slot=5 endpoint=3 completion=26 residual=1
i915: resident shim: ring rewound (idle context)
xhci: cancel slot=5 endpoint=3 pending-events=0 first-type=0 iman=2 usbsts=0 erdp=5730b9d0 dequeue=157 command-busy=0 irq-busy=0
xhci: cancelled request slot=5 endpoint=3 completion=26 residual=1
i915: resident shim: ring rewound (idle context)
xhci: cancel slot=5 endpoint=3 pending-events=0 first-type=0 iman=2 usbsts=0 erdp=5730ba70 dequeue=167 command-busy=0 irq-busy=0
xhci: cancelled request slot=5 endpoint=3 completion=26 residual=1
xhci: cancel slot=5 endpoint=3 pending-events=0 first-type=0 iman=2 usbsts=0 erdp=5730bb80 dequeue=184 command-busy=0 irq-busy=0
xhci: cancelled request slot=5 endpoint=3 completion=26 residual=1
i915: resident shim: ring rewound (idle context)
xhci: cancel slot=5 endpoint=3 pending-events=0 first-type=0 iman=2 usbsts=0 erdp=5730bc90 dequeue=201 command-busy=0 irq-busy=0
xhci: cancelled request slot=5 endpoint=3 completion=26 residual=1
i915: resident shim: ring rewound (idle context)
xhci: cancel slot=5 endpoint=3 pending-events=0 first-type=0 iman=2 usbsts=0 erdp=5730bd80 dequeue=216 command-busy=0 irq-busy=0
xhci: cancelled request slot=5 endpoint=3 completion=26 residual=1
xhci: cancel slot=5 endpoint=3 pending-events=0 first-type=0 iman=2 usbsts=0 erdp=5730bdd0 dequeue=221 command-busy=0 irq-busy=0
xhci: cancelled request slot=5 endpoint=3 completion=26 residual=1
xhci: cancel slot=5 endpoint=3 pending-events=0 first-type=0 iman=2 usbsts=0 erdp=5730bed0 dequeue=237 command-busy=0 irq-busy=0
xhci: cancelled request slot=5 endpoint=3 completion=26 residual=1
i915: resident shim: ring rewound (idle context)
xhci: cancel slot=5 endpoint=3 pending-events=0 first-type=0 iman=2 usbsts=0 erdp=5730b3c0 dequeue=60 command-busy=0 irq-busy=0
xhci: cancelled request slot=5 endpoint=3 completion=26 residual=1
xhci: cancel slot=5 endpoint=3 pending-events=0 first-type=0 iman=2 usbsts=0 erdp=5730b420 dequeue=66 command-busy=0 irq-busy=0
xhci: cancelled request slot=5 endpoint=3 completion=26 residual=1
i915: resident shim: ring rewound (idle context)
i915: vk: session 1: frames 280 in 5045 ms: per submit 2 runs (406 full) 225 ops (most 589), in submit 10573 us (runs 9604, record 969), between 7444 us
i915: perf: markers 280: wait 0.01 ms, run 0.01 ms
i915: perf: 5046 ms: 140 presents (27.74/s), 280 submits, 686 batches | per submit ms: 10.58 (build 0.97, run 9.60, gpu 9.58) | per present ms: 1.02 (copy 0.98, publish 0.00, flip 0.01)
xhci: cancel slot=5 endpoint=3 pending-events=0 first-type=0 iman=2 usbsts=0 erdp=5730b4b0 dequeue=75 command-busy=0 irq-busy=0
xhci: cancelled request slot=5 endpoint=3 completion=26 residual=1
xhci: cancel slot=5 endpoint=3 pending-events=0 first-type=0 iman=2 usbsts=0 erdp=5730b5f0 dequeue=95 command-busy=0 irq-busy=0
xhci: cancelled request slot=5 endpoint=3 completion=26 residual=1
i915: resident shim: ring rewound (idle context)
i915: resident shim: ring rewound (idle context)
xhci: cancel slot=5 endpoint=3 pending-events=0 first-type=0 iman=2 usbsts=0 erdp=5730b7d0 dequeue=125 command-busy=0 irq-busy=0
xhci: cancelled request slot=5 endpoint=3 completion=26 residual=1
xhci: cancel slot=5 endpoint=3 pending-events=0 first-type=0 iman=2 usbsts=0 erdp=5730b8f0 dequeue=143 command-busy=0 irq-busy=0
xhci: cancelled request slot=5 endpoint=3 completion=26 residual=1
i915: resident shim: ring rewound (idle context)
xhci: cancel slot=5 endpoint=3 pending-events=1 first-type=32 iman=2 usbsts=0 erdp=5730ba80 dequeue=168 command-busy=0 irq-busy=0
xhci: cancelled request slot=5 endpoint=3 completion=26 residual=1
xhci: cancel slot=5 endpoint=3 pending-events=0 first-type=0 iman=2 usbsts=0 erdp=5730bb30 dequeue=179 command-busy=0 irq-busy=0
xhci: cancelled request slot=5 endpoint=3 completion=26 residual=1
xhci: cancel slot=5 endpoint=3 pending-events=0 first-type=0 iman=2 usbsts=0 erdp=5730bd10 dequeue=209 command-busy=0 irq-busy=0
xhci: cancelled request slot=5 endpoint=3 completion=26 residual=1
i915: resident shim: ring rewound (idle context)
xhci: cancel slot=5 endpoint=3 pending-events=0 first-type=0 iman=2 usbsts=0 erdp=5730bdc0 dequeue=220 command-busy=0 irq-busy=0
xhci: cancelled request slot=5 endpoint=3 completion=26 residual=1
xhci: cancel slot=5 endpoint=3 pending-events=0 first-type=0 iman=2 usbsts=0 erdp=5730be70 dequeue=231 command-busy=0 irq-busy=0
xhci: cancelled request slot=5 endpoint=3 completion=26 residual=1
xhci: cancel slot=5 endpoint=3 pending-events=0 first-type=0 iman=2 usbsts=0 erdp=5730bed0 dequeue=237 command-busy=0 irq-busy=0
xhci: cancelled request slot=5 endpoint=3 completion=26 residual=1
i915: resident shim: ring rewound (idle context)
xhci: cancel slot=5 endpoint=3 pending-events=0 first-type=0 iman=2 usbsts=0 erdp=5730b040 dequeue=4 command-busy=0 irq-busy=0
xhci: cancelled request slot=5 endpoint=3 completion=26 residual=1
xhci: cancel slot=5 endpoint=3 pending-events=0 first-type=0 iman=2 usbsts=0 erdp=5730b070 dequeue=7 command-busy=0 irq-busy=0
xhci: cancelled request slot=5 endpoint=3 completion=26 residual=1
xhci: cancel slot=5 endpoint=3 pending-events=1 first-type=32 iman=2 usbsts=0 erdp=5730b0f0 dequeue=15 command-busy=0 irq-busy=0
xhci: cancelled request slot=5 endpoint=3 completion=26 residual=1
i915: resident shim: ring rewound (idle context)
xhci: cancel slot=5 endpoint=3 pending-events=0 first-type=0 iman=2 usbsts=0 erdp=5730b280 dequeue=40 command-busy=0 irq-busy=0
xhci: cancelled request slot=5 endpoint=3 completion=26 residual=1
i915: resident shim: ring rewound (idle context)
xhci: cancel slot=5 endpoint=3 pending-events=0 first-type=0 iman=2 usbsts=0 erdp=5730b460 dequeue=70 command-busy=0 irq-busy=0
xhci: cancelled request slot=5 endpoint=3 completion=26 residual=1
i915: resident shim: ring rewound (idle context)
xhci: cancel slot=5 endpoint=3 pending-events=0 first-type=0 iman=2 usbsts=0 erdp=5730b500 dequeue=80 command-busy=0 irq-busy=0
xhci: cancelled request slot=5 endpoint=3 completion=26 residual=1
xhci: cancel slot=5 endpoint=3 pending-events=0 first-type=0 iman=2 usbsts=0 erdp=5730b590 dequeue=89 command-busy=0 irq-busy=0
xhci: cancelled request slot=5 endpoint=3 completion=26 residual=1
xhci: cancel slot=5 endpoint=3 pending-events=0 first-type=0 iman=2 usbsts=0 erdp=5730b6e0 dequeue=110 command-busy=0 irq-busy=0
xhci: cancelled request slot=5 endpoint=3 completion=26 residual=1
i915: resident shim: ring rewound (idle context)
xhci: cancel slot=5 endpoint=3 pending-events=0 first-type=0 iman=2 usbsts=0 erdp=5730b8c0 dequeue=140 command-busy=0 irq-busy=0
xhci: cancelled request slot=5 endpoint=3 completion=26 residual=1
i915: resident shim: ring rewound (idle context)
xhci: cancel slot=5 endpoint=3 pending-events=0 first-type=0 iman=2 usbsts=0 erdp=5730bb50 dequeue=181 command-busy=0 irq-busy=0
xhci: cancelled request slot=5 endpoint=3 completion=26 residual=1
i915: vk: session 1: frames 270 in 5043 ms: per submit 2 runs (315 full) 195 ops (most 504), in submit 8881 us (runs 8092, record 789), between 9799 us
i915: perf: markers 270: wait 0.00 ms, run 0.01 ms
i915: perf: 5043 ms: 135 presents (26.76/s), 270 submits, 585 batches | per submit ms: 8.88 (build 0.79, run 8.09, gpu 8.07) | per present ms: 1.13 (copy 0.97, publish 0.00, flip 0.07)
xhci: cancel slot=5 endpoint=3 pending-events=0 first-type=0 iman=2 usbsts=0 erdp=5730bba0 dequeue=186 command-busy=0 irq-busy=0
xhci: cancelled request slot=5 endpoint=3 completion=26 residual=1
xhci: cancel slot=5 endpoint=3 pending-events=0 first-type=0 iman=2 usbsts=0 erdp=5730bbd0 dequeue=189 command-busy=0 irq-busy=0
xhci: cancelled request slot=5 endpoint=3 completion=26 residual=1
xhci: cancel slot=5 endpoint=3 pending-events=0 first-type=0 iman=2 usbsts=0 erdp=5730bc20 dequeue=194 command-busy=0 irq-busy=0
xhci: cancelled request slot=5 endpoint=3 completion=26 residual=1
xhci: cancel slot=5 endpoint=3 pending-events=0 first-type=0 iman=2 usbsts=0 erdp=5730bc50 dequeue=197 command-busy=0 irq-busy=0
xhci: cancelled request slot=5 endpoint=3 completion=26 residual=1
xhci: cancel slot=5 endpoint=3 pending-events=0 first-type=0 iman=2 usbsts=0 erdp=5730bce0 dequeue=206 command-busy=0 irq-busy=0
xhci: cancelled request slot=5 endpoint=3 completion=26 residual=1
xhci: cancel slot=5 endpoint=3 pending-events=0 first-type=0 iman=2 usbsts=0 erdp=5730bda0 dequeue=218 command-busy=0 irq-busy=0
xhci: cancelled request slot=5 endpoint=3 completion=26 residual=1
xhci: cancel slot=5 endpoint=3 pending-events=0 first-type=0 iman=2 usbsts=0 erdp=5730bdf0 dequeue=223 command-busy=0 irq-busy=0
xhci: cancelled request slot=5 endpoint=3 completion=26 residual=1
xhci: cancel slot=5 endpoint=3 pending-events=0 first-type=0 iman=2 usbsts=0 erdp=5730be20 dequeue=226 command-busy=0 irq-busy=0
xhci: cancelled request slot=5 endpoint=3 completion=26 residual=1
xhci: cancel slot=5 endpoint=3 pending-events=0 first-type=0 iman=2 usbsts=0 erdp=5730be70 dequeue=231 command-busy=0 irq-busy=0
xhci: cancelled request slot=5 endpoint=3 completion=26 residual=1
xhci: cancel slot=5 endpoint=3 pending-events=0 first-type=0 iman=2 usbsts=0 erdp=5730bec0 dequeue=236 command-busy=0 irq-busy=0
xhci: cancelled request slot=5 endpoint=3 completion=26 residual=1
xhci: cancel slot=5 endpoint=3 pending-events=0 first-type=0 iman=2 usbsts=0 erdp=5730bf10 dequeue=241 command-busy=0 irq-busy=0
xhci: cancelled request slot=5 endpoint=3 completion=26 residual=1
xhci: cancel slot=5 endpoint=3 pending-events=0 first-type=0 iman=2 usbsts=0 erdp=5730bf40 dequeue=244 command-busy=0 irq-busy=0
xhci: cancelled request slot=5 endpoint=3 completion=26 residual=1
xhci: cancel slot=5 endpoint=3 pending-events=0 first-type=0 iman=2 usbsts=0 erdp=5730bfd0 dequeue=253 command-busy=0 irq-busy=0
xhci: cancelled request slot=5 endpoint=3 completion=26 residual=1
xhci: cancel slot=5 endpoint=3 pending-events=0 first-type=0 iman=2 usbsts=0 erdp=5730b310 dequeue=49 command-busy=0 irq-busy=0
xhci: cancelled request slot=5 endpoint=3 completion=26 residual=1
xhci: cancel slot=5 endpoint=3 pending-events=0 first-type=0 iman=2 usbsts=0 erdp=5730b360 dequeue=54 command-busy=0 irq-busy=0
xhci: cancelled request slot=5 endpoint=3 completion=26 residual=1
xhci: cancel slot=5 endpoint=3 pending-events=0 first-type=0 iman=2 usbsts=0 erdp=5730b390 dequeue=57 command-busy=0 irq-busy=0
xhci: cancelled request slot=5 endpoint=3 completion=26 residual=1
xhci: cancel slot=5 endpoint=3 pending-events=0 first-type=0 iman=2 usbsts=0 erdp=5730b3e0 dequeue=62 command-busy=0 irq-busy=0
xhci: cancelled request slot=5 endpoint=3 completion=26 residual=1
xhci: cancel slot=5 endpoint=3 pending-events=0 first-type=0 iman=2 usbsts=0 erdp=5730b410 dequeue=65 command-busy=0 irq-busy=0
xhci: cancelled request slot=5 endpoint=3 completion=26 residual=1
xhci: cancel slot=5 endpoint=3 pending-events=0 first-type=0 iman=2 usbsts=0 erdp=5730b460 dequeue=70 command-busy=0 irq-busy=0
xhci: cancelled request slot=5 endpoint=3 completion=26 residual=1
xhci: cancel slot=5 endpoint=3 pending-events=0 first-type=0 iman=2 usbsts=0 erdp=5730b490 dequeue=73 command-busy=0 irq-busy=0
xhci: cancelled request slot=5 endpoint=3 completion=26 residual=1
xhci: cancel slot=5 endpoint=3 pending-events=0 first-type=0 iman=2 usbsts=0 erdp=5730b6d0 dequeue=109 command-busy=0 irq-busy=0
xhci: cancelled request slot=5 endpoint=3 completion=26 residual=1
xhci: cancel slot=5 endpoint=3 pending-events=0 first-type=0 iman=2 usbsts=0 erdp=5730b700 dequeue=112 command-busy=0 irq-busy=0
xhci: cancelled request slot=5 endpoint=3 completion=26 residual=1
xhci: cancel slot=5 endpoint=3 pending-events=0 first-type=0 iman=2 usbsts=0 erdp=5730b750 dequeue=117 command-busy=0 irq-busy=0
xhci: cancelled request slot=5 endpoint=3 completion=26 residual=1
xhci: cancel slot=5 endpoint=3 pending-events=0 first-type=0 iman=2 usbsts=0 erdp=5730b780 dequeue=120 command-busy=0 irq-busy=0
xhci: cancelled request slot=5 endpoint=3 completion=26 residual=1
i915: perf: markers 8: wait 0.00 ms, run 0.04 ms
i915: perf: 6111 ms: 4 presents (0.65/s), 8 submits, 20 batches | per submit ms: 11.83 (build 1.00, run 10.83, gpu 10.80) | per present ms: 1.05 (copy 1.02, publish 0.00, flip 0.01)
xhci: cancel slot=5 endpoint=3 pending-events=0 first-type=0 iman=2 usbsts=0 erdp=5730b940 dequeue=148 command-busy=0 irq-busy=0
xhci: cancelled request slot=5 endpoint=3 completion=26 residual=1
xhci: cancel slot=5 endpoint=3 pending-events=0 first-type=0 iman=2 usbsts=0 erdp=5730bb00 dequeue=176 command-busy=0 irq-busy=0
xhci: cancelled request slot=5 endpoint=3 completion=26 residual=1
xhci: cancel slot=5 endpoint=3 pending-events=0 first-type=0 iman=2 usbsts=0 erdp=5730bb60 dequeue=182 command-busy=0 irq-busy=0
xhci: cancelled request slot=5 endpoint=3 completion=26 residual=1
xhci: cancel slot=5 endpoint=3 pending-events=0 first-type=0 iman=2 usbsts=0 erdp=5730bb90 dequeue=185 command-busy=0 irq-busy=0
xhci: cancelled request slot=5 endpoint=3 completion=26 residual=1
xhci: cancel slot=5 endpoint=3 pending-events=0 first-type=0 iman=2 usbsts=0 erdp=5730bc80 dequeue=200 command-busy=0 irq-busy=0
xhci: cancelled request slot=5 endpoint=3 completion=26 residual=1
xhci: cancel slot=5 endpoint=3 pending-events=0 first-type=0 iman=2 usbsts=0 erdp=5730bd20 dequeue=210 command-busy=0 irq-busy=0
xhci: cancelled request slot=5 endpoint=3 completion=26 residual=1
xhci: cancel slot=5 endpoint=3 pending-events=0 first-type=0 iman=2 usbsts=0 erdp=5730bd70 dequeue=215 command-busy=0 irq-busy=0
xhci: cancelled request slot=5 endpoint=3 completion=26 residual=1
i915: resident shim: ring rewound (idle context)
xhci: cancel slot=5 endpoint=3 pending-events=0 first-type=0 iman=2 usbsts=0 erdp=5730be30 dequeue=227 command-busy=0 irq-busy=0
xhci: cancelled request slot=5 endpoint=3 completion=26 residual=1
i915: resident shim: ring rewound (idle context)
xhci: cancel slot=5 endpoint=3 pending-events=0 first-type=0 iman=2 usbsts=0 erdp=5730be80 dequeue=232 command-busy=0 irq-busy=0
xhci: cancelled request slot=5 endpoint=3 completion=26 residual=1
xhci: cancel slot=5 endpoint=3 pending-events=0 first-type=0 iman=2 usbsts=0 erdp=5730beb0 dequeue=235 command-busy=0 irq-busy=0
xhci: cancelled request slot=5 endpoint=3 completion=26 residual=1
xhci: cancel slot=5 endpoint=3 pending-events=0 first-type=0 iman=2 usbsts=0 erdp=5730b050 dequeue=5 command-busy=0 irq-busy=0
xhci: cancelled request slot=5 endpoint=3 completion=26 residual=1
xhci: cancel slot=5 endpoint=3 pending-events=0 first-type=0 iman=2 usbsts=0 erdp=5730b080 dequeue=8 command-busy=0 irq-busy=0
xhci: cancelled request slot=5 endpoint=3 completion=26 residual=1
xhci: cancel slot=5 endpoint=3 pending-events=0 first-type=0 iman=2 usbsts=0 erdp=5730b110 dequeue=17 command-busy=0 irq-busy=0
xhci: cancelled request slot=5 endpoint=3 completion=26 residual=1
i915: resident shim: ring rewound (idle context)
xhci: cancel slot=5 endpoint=3 pending-events=0 first-type=0 iman=2 usbsts=0 erdp=5730b240 dequeue=36 command-busy=0 irq-busy=0
xhci: cancelled request slot=5 endpoint=3 completion=26 residual=1
xhci: cancel slot=5 endpoint=3 pending-events=0 first-type=0 iman=2 usbsts=0 erdp=5730b2f0 dequeue=47 command-busy=0 irq-busy=0
xhci: cancelled request slot=5 endpoint=3 completion=26 residual=1
xhci: cancel slot=5 endpoint=3 pending-events=0 first-type=0 iman=2 usbsts=0 erdp=5730b320 dequeue=50 command-busy=0 irq-busy=0
xhci: cancelled request slot=5 endpoint=3 completion=26 residual=1
xhci: cancel slot=5 endpoint=3 pending-events=1 first-type=32 iman=2 usbsts=0 erdp=5730b3f0 dequeue=63 command-busy=0 irq-busy=0
xhci: cancelled request slot=5 endpoint=3 completion=26 residual=1
i915: resident shim: ring rewound (idle context)
xhci: cancel slot=5 endpoint=3 pending-events=0 first-type=0 iman=2 usbsts=0 erdp=5730b4a0 dequeue=74 command-busy=0 irq-busy=0
xhci: cancelled request slot=5 endpoint=3 completion=26 residual=1
xhci: cancel slot=5 endpoint=3 pending-events=0 first-type=0 iman=2 usbsts=0 erdp=5730b5d0 dequeue=93 command-busy=0 irq-busy=0
xhci: cancelled request slot=5 endpoint=3 completion=26 residual=1
xhci: cancel slot=5 endpoint=3 pending-events=0 first-type=0 iman=2 usbsts=0 erdp=5730b600 dequeue=96 command-busy=0 irq-busy=0
xhci: cancelled request slot=5 endpoint=3 completion=26 residual=1
xhci: cancel slot=5 endpoint=3 pending-events=0 first-type=0 iman=2 usbsts=0 erdp=5730b6b0 dequeue=107 command-busy=0 irq-busy=0
xhci: cancelled request slot=5 endpoint=3 completion=26 residual=1
i915: vk: session 1: frames 100 in 5291 ms: per submit 2 runs (140 full) 221 ops (most 589), in submit 9852 us (runs 9038, record 814), between 43058 us
i915: perf: markers 100: wait 0.00 ms, run 0.01 ms
i915: perf: 5293 ms: 50 presents (9.44/s), 100 submits, 240 batches | per submit ms: 9.87 (build 0.83, run 9.03, gpu 9.01) | per present ms: 0.96 (copy 0.94, publish 0.00, flip 0.00)
i915: resident shim: ring rewound (idle context)
xhci: cancel slot=5 endpoint=3 pending-events=0 first-type=0 iman=2 usbsts=0 erdp=5730b7f0 dequeue=127 command-busy=0 irq-busy=0
xhci: cancelled request slot=5 endpoint=3 completion=26 residual=1
xhci: cancel slot=5 endpoint=3 pending-events=0 first-type=0 iman=2 usbsts=0 erdp=5730b840 dequeue=132 command-busy=0 irq-busy=0
xhci: cancelled request slot=5 endpoint=3 completion=26 residual=1
xhci: cancel slot=5 endpoint=3 pending-events=0 first-type=0 iman=2 usbsts=0 erdp=5730b870 dequeue=135 command-busy=0 irq-busy=0
xhci: cancelled request slot=5 endpoint=3 completion=26 residual=1
xhci: cancel slot=5 endpoint=3 pending-events=1 first-type=32 iman=2 usbsts=0 erdp=5730b9e0 dequeue=158 command-busy=0 irq-busy=0
xhci: cancelled request slot=5 endpoint=3 completion=26 residual=1
xhci: cancel slot=5 endpoint=3 pending-events=0 first-type=0 iman=2 usbsts=0 erdp=5730bc00 dequeue=192 command-busy=0 irq-busy=0
xhci: cancelled request slot=5 endpoint=3 completion=26 residual=1
xhci: cancel slot=5 endpoint=3 pending-events=0 first-type=0 iman=2 usbsts=0 erdp=5730bc50 dequeue=197 command-busy=0 irq-busy=0
xhci: cancelled request slot=5 endpoint=3 completion=26 residual=1
xhci: cancel slot=5 endpoint=3 pending-events=0 first-type=0 iman=2 usbsts=0 erdp=5730bc80 dequeue=200 command-busy=0 irq-busy=0
xhci: cancelled request slot=5 endpoint=3 completion=26 residual=1
xhci: cancel slot=5 endpoint=3 pending-events=0 first-type=0 iman=2 usbsts=0 erdp=5730bd10 dequeue=209 command-busy=0 irq-busy=0
xhci: cancelled request slot=5 endpoint=3 completion=26 residual=1
xhci: cancel slot=5 endpoint=3 pending-events=0 first-type=0 iman=2 usbsts=0 erdp=5730bd40 dequeue=212 command-busy=0 irq-busy=0
xhci: cancelled request slot=5 endpoint=3 completion=26 residual=1
xhci: cancel slot=5 endpoint=3 pending-events=0 first-type=0 iman=2 usbsts=0 erdp=5730bd90 dequeue=217 command-busy=0 irq-busy=0
xhci: cancelled request slot=5 endpoint=3 completion=26 residual=1
xhci: cancel slot=5 endpoint=3 pending-events=0 first-type=0 iman=2 usbsts=0 erdp=5730bf70 dequeue=247 command-busy=0 irq-busy=0
xhci: cancelled request slot=5 endpoint=3 completion=26 residual=1
xhci: cancel slot=5 endpoint=3 pending-events=0 first-type=0 iman=2 usbsts=0 erdp=5730bfc0 dequeue=252 command-busy=0 irq-busy=0
xhci: cancelled request slot=5 endpoint=3 completion=26 residual=1
xhci: cancel slot=5 endpoint=3 pending-events=0 first-type=0 iman=2 usbsts=0 erdp=5730bff0 dequeue=255 command-busy=0 irq-busy=0
xhci: cancelled request slot=5 endpoint=3 completion=26 residual=1
xhci: cancel slot=5 endpoint=3 pending-events=0 first-type=0 iman=2 usbsts=0 erdp=5730b040 dequeue=4 command-busy=0 irq-busy=0
xhci: cancelled request slot=5 endpoint=3 completion=26 residual=1
xhci: cancel slot=5 endpoint=3 pending-events=0 first-type=0 iman=2 usbsts=0 erdp=5730b090 dequeue=9 command-busy=0 irq-busy=0
xhci: cancelled request slot=5 endpoint=3 completion=26 residual=1
xhci: cancel slot=5 endpoint=3 pending-events=0 first-type=0 iman=2 usbsts=0 erdp=5730b120 dequeue=18 command-busy=0 irq-busy=0
xhci: cancelled request slot=5 endpoint=3 completion=26 residual=1
xhci: cancel slot=5 endpoint=3 pending-events=0 first-type=0 iman=2 usbsts=0 erdp=5730b150 dequeue=21 command-busy=0 irq-busy=0
xhci: cancelled request slot=5 endpoint=3 completion=26 residual=1
xhci: cancel slot=5 endpoint=3 pending-events=0 first-type=0 iman=2 usbsts=0 erdp=5730b1a0 dequeue=26 command-busy=0 irq-busy=0
xhci: cancelled request slot=5 endpoint=3 completion=26 residual=1
xhci: cancel slot=5 endpoint=3 pending-events=0 first-type=0 iman=2 usbsts=0 erdp=5730b230 dequeue=35 command-busy=0 irq-busy=0
xhci: cancelled request slot=5 endpoint=3 completion=26 residual=1
i915: resident shim: ring rewound (idle context)
xhci: cancel slot=5 endpoint=3 pending-events=0 first-type=0 iman=2 usbsts=0 erdp=5730b280 dequeue=40 command-busy=0 irq-busy=0
xhci: cancelled request slot=5 endpoint=3 completion=26 residual=1
xhci: cancel slot=5 endpoint=3 pending-events=0 first-type=0 iman=2 usbsts=0 erdp=5730b2b0 dequeue=43 command-busy=0 irq-busy=0
xhci: cancelled request slot=5 endpoint=3 completion=26 residual=1
xhci: cancel slot=5 endpoint=3 pending-events=0 first-type=0 iman=2 usbsts=0 erdp=5730b300 dequeue=48 command-busy=0 irq-busy=0
xhci: cancelled request slot=5 endpoint=3 completion=26 residual=1
xhci: cancel slot=5 endpoint=3 pending-events=1 first-type=32 iman=2 usbsts=0 erdp=5730b340 dequeue=52 command-busy=0 irq-busy=0
xhci: cancelled request slot=5 endpoint=3 completion=26 residual=1
xhci: cancel slot=5 endpoint=3 pending-events=0 first-type=0 iman=2 usbsts=0 erdp=5730b3c0 dequeue=60 command-busy=0 irq-busy=0
xhci: cancelled request slot=5 endpoint=3 completion=26 residual=1
xhci: cancel slot=5 endpoint=3 pending-events=0 first-type=0 iman=2 usbsts=0 erdp=5730b560 dequeue=86 command-busy=0 irq-busy=0
xhci: cancelled request slot=5 endpoint=3 completion=26 residual=1
xhci: cancel slot=5 endpoint=3 pending-events=0 first-type=0 iman=2 usbsts=0 erdp=5730b590 dequeue=89 command-busy=0 irq-busy=0
xhci: cancelled request slot=5 endpoint=3 completion=26 residual=1
i915: perf: markers 44: wait 0.00 ms, run 0.00 ms
i915: perf: 6771 ms: 22 presents (3.24/s), 44 submits, 91 batches | per submit ms: 8.60 (build 0.59, run 8.00, gpu 7.97) | per present ms: 1.45 (copy 0.96, publish 0.00, flip 0.24)
xhci: cancel slot=5 endpoint=3 pending-events=0 first-type=0 iman=2 usbsts=0 erdp=5730b610 dequeue=97 command-busy=0 irq-busy=0
xhci: cancelled request slot=5 endpoint=3 completion=26 residual=1
xhci: cancel slot=5 endpoint=3 pending-events=0 first-type=0 iman=2 usbsts=0 erdp=5730b6a0 dequeue=106 command-busy=0 irq-busy=0
xhci: cancelled request slot=5 endpoint=3 completion=26 residual=1
xhci: cancel slot=5 endpoint=3 pending-events=0 first-type=0 iman=2 usbsts=0 erdp=5730b6f0 dequeue=111 command-busy=0 irq-busy=0
xhci: cancelled request slot=5 endpoint=3 completion=26 residual=1
xhci: cancel slot=5 endpoint=3 pending-events=0 first-type=0 iman=2 usbsts=0 erdp=5730b720 dequeue=114 command-busy=0 irq-busy=0
xhci: cancelled request slot=5 endpoint=3 completion=26 residual=1
xhci: cancel slot=5 endpoint=3 pending-events=0 first-type=0 iman=2 usbsts=0 erdp=5730b770 dequeue=119 command-busy=0 irq-busy=0
xhci: cancelled request slot=5 endpoint=3 completion=26 residual=1
xhci: cancel slot=5 endpoint=3 pending-events=0 first-type=0 iman=2 usbsts=0 erdp=5730b870 dequeue=135 command-busy=0 irq-busy=0
xhci: cancelled request slot=5 endpoint=3 completion=26 residual=1
xhci: cancel slot=5 endpoint=3 pending-events=0 first-type=0 iman=2 usbsts=0 erdp=5730b8c0 dequeue=140 command-busy=0 irq-busy=0
xhci: cancelled request slot=5 endpoint=3 completion=26 residual=1
xhci: cancel slot=5 endpoint=3 pending-events=0 first-type=0 iman=2 usbsts=0 erdp=5730b8f0 dequeue=143 command-busy=0 irq-busy=0
xhci: cancelled request slot=5 endpoint=3 completion=26 residual=1
xhci: cancel slot=5 endpoint=3 pending-events=0 first-type=0 iman=2 usbsts=0 erdp=5730b940 dequeue=148 command-busy=0 irq-busy=0
xhci: cancelled request slot=5 endpoint=3 completion=26 residual=1
xhci: cancel slot=5 endpoint=3 pending-events=0 first-type=0 iman=2 usbsts=0 erdp=5730b990 dequeue=153 command-busy=0 irq-busy=0
xhci: cancelled request slot=5 endpoint=3 completion=26 residual=1
xhci: cancel slot=5 endpoint=3 pending-events=0 first-type=0 iman=2 usbsts=0 erdp=5730b9e0 dequeue=158 command-busy=0 irq-busy=0
xhci: cancelled request slot=5 endpoint=3 completion=26 residual=1
xhci: cancel slot=5 endpoint=3 pending-events=0 first-type=0 iman=2 usbsts=0 erdp=5730ba10 dequeue=161 command-busy=0 irq-busy=0
xhci: cancelled request slot=5 endpoint=3 completion=26 residual=1
xhci: cancel slot=5 endpoint=3 pending-events=0 first-type=0 iman=2 usbsts=0 erdp=5730ba60 dequeue=166 command-busy=0 irq-busy=0
xhci: cancelled request slot=5 endpoint=3 completion=26 residual=1
xhci: cancel slot=5 endpoint=3 pending-events=0 first-type=0 iman=2 usbsts=0 erdp=5730bc60 dequeue=198 command-busy=0 irq-busy=0
xhci: cancelled request slot=5 endpoint=3 completion=26 residual=1
xhci: cancel slot=5 endpoint=3 pending-events=0 first-type=0 iman=2 usbsts=0 erdp=5730bcb0 dequeue=203 command-busy=0 irq-busy=0
xhci: cancelled request slot=5 endpoint=3 completion=26 residual=1
xhci: cancel slot=5 endpoint=3 pending-events=0 first-type=0 iman=2 usbsts=0 erdp=5730bce0 dequeue=206 command-busy=0 irq-busy=0
xhci: cancelled request slot=5 endpoint=3 completion=26 residual=1
xhci: cancel slot=5 endpoint=3 pending-events=0 first-type=0 iman=2 usbsts=0 erdp=5730bd30 dequeue=211 command-busy=0 irq-busy=0
xhci: cancelled request slot=5 endpoint=3 completion=26 residual=1
xhci: cancel slot=5 endpoint=3 pending-events=0 first-type=0 iman=2 usbsts=0 erdp=5730bd60 dequeue=214 command-busy=0 irq-busy=0
xhci: cancelled request slot=5 endpoint=3 completion=26 residual=1
xhci: cancel slot=5 endpoint=3 pending-events=0 first-type=0 iman=2 usbsts=0 erdp=5730bdb0 dequeue=219 command-busy=0 irq-busy=0
xhci: cancelled request slot=5 endpoint=3 completion=26 residual=1
xhci: cancel slot=6 endpoint=3 pending-events=0 first-type=0 iman=2 usbsts=0 erdp=5730bdf0 dequeue=223 command-busy=0 irq-busy=0
xhci: cancelled request slot=6 endpoint=3 completion=4 residual=40
xhci: command 15 failed, completion=19
usb1: device 5 port 2 disconnected
i915: hpd (drm_dbg) hotplug event received, stat 0x00020000, dig 0x000000a8, pins 0x00000400, long 0x00000400
i915: DE HPD iir=0x00020000 pins=0x00000400 long=0x00000400
i915: hpd (drm_dbg) digital hpd on [ENCODER:4:DDI E] - long
i915: hpd (drm_dbg_kms) Received HPD interrupt on PIN 10 - cnt: 10
i915: hpd: long hpd on DDI E: detecting
i915: hpd (drm_dbg_kms) running encoder hotplug functions
i915: hpd (drm_dbg_kms) Connector DP-2 (pin 10) received hotplug event. (retry 0)
i915: hpd TC2 connected=0 (DDI E)
i915: hpd (drm_dbg_kms) [CONNECTOR:4:DP-2] EDID changed, epoch counter 4
i915: hpd (drm_dbg_kms) [CONNECTOR:4:DP-2] status updated from connected to disconnected (epoch counter 3->5)
i915: hpd TC2: the link lost its DP-alt partner: looking again in 2000 ms
i915: HPD-EVENT DP-2 pin=10 retry=0 status connected -> disconnected (CHANGED) | live=0 EDID rc=0 blocks=0 digital=0 | epoch=5 t=837683
i915: hpd uevent (connector hotplug event, no userspace listener): DP-2
ucsi: rec 234 R 20000004 0 0
ucsi: rec 235 W 0000000000020012
ucsi: rec 236 R 80000904 0 9
ucsi: rec 236 I 0 204011000000000001
ucsi: rec 237 W 0000000000020004
ucsi: rec 238 R 20000004 0 0
ucsi: rec 239 W 0000000000000006
ucsi: rec 240 R 80001004 0 16
ucsi: rec 240 I 0 44030000021400000400000000032001
ucsi: rec 241 W 0000000000030004
ucsi: rec 242 R 20000000 0 0
xhci: transfer completion=4 residual=1 length=1 slot=5 endpoint=3 port=2 direction=in
usb1: device 4 port 2 disconnected
i915: hpd TC2: the link has had no DP-alt partner for 2000 ms: it must be reset (the output is not stopped here)
i915: perf: markers 4: wait 0.00 ms, run 0.00 ms
i915: perf: 16258 ms: 2 presents (0.12/s), 4 submits, 6 batches | per submit ms: 5.60 (build 0.37, run 5.23, gpu 5.21) | per present ms: 0.96 (copy 0.93, publish 0.00, flip 0.01)
i915: vk: an object (kind 9) was destroyed before what names it: 0 views, 1 descriptor sets, 0 framebuffers and 0 command buffers let go of it
i915: vk: an object (kind 9) was destroyed before what names it: 0 views, 1 descriptor sets, 0 framebuffers and 0 command buffers let go of it
i915: vk: an object (kind 18) was destroyed before what names it: 0 views, 0 descriptor sets, 0 framebuffers and 1 command buffers let go of it
i915: vk: an object (kind 8) was destroyed before what names it: 0 views, 0 descriptor sets, 0 framebuffers and 1 command buffers let go of it
i915: resident display: lease released; holding the last picture (buffer B) for the next lease for up to 10000 ms
i915: perf: markers 1: wait 0.01 ms, run 0.00 ms
i915: perf: 20 ms: 0 presents (0.00/s), 0 submits, 0 batches | per submit ms: 0.00 (build 0.00, run 0.00, gpu 0.00) | per present ms: 0.00 (copy 0.00, publish 0.00, flip 0.00) (final)
i915: resident display: lease 3 released after 2901 frame(s) (stop done)
i915: resident shim: context sw_id=10 lrca=fc0e3119 pml4=0x19ece3000 ring=16384 bytes engine=rcs0
i915: resident display: lease 4 claimed
i915: vk: an object (kind 18) was destroyed before what names it: 0 views, 0 descriptor sets, 0 framebuffers and 1 command buffers let go of it
i915: vk: an object (kind 8) was destroyed before what names it: 0 views, 0 descriptor sets, 0 framebuffers and 1 command buffers let go of it
i915: perf: markers 3: wait 0.00 ms, run 0.00 ms
i915: perf: 58 ms: 0 presents (0.00/s), 3 submits, 5 batches | per submit ms: 7.16 (build 0.48, run 6.67, gpu 6.66) | per present ms: 0.00 (copy 0.00, publish 0.00, flip 0.00) (final)
i915: resident display: lease 4 released after 0 frame(s) (stop done)
i915: resident shim: context sw_id=11 lrca=fc0e3119 pml4=0x1a2666000 ring=16384 bytes engine=rcs0
i915: resident display: lease 5 claimed
i915: vk: an object (kind 18) was destroyed before what names it: 0 views, 0 descriptor sets, 0 framebuffers and 1 command buffers let go of it
i915: vk: an object (kind 8) was destroyed before what names it: 0 views, 0 descriptor sets, 0 framebuffers and 1 command buffers let go of it
i915: perf: markers 3: wait 0.00 ms, run 0.01 ms
i915: perf: 55 ms: 0 presents (0.00/s), 3 submits, 5 batches | per submit ms: 7.28 (build 0.51, run 6.77, gpu 6.75) | per present ms: 0.00 (copy 0.00, publish 0.00, flip 0.00) (final)
i915: resident display: lease 5 released after 0 frame(s) (stop done)
i915: resident shim: context sw_id=12 lrca=fc0e3119 pml4=0x1a5fe9000 ring=16384 bytes engine=rcs0
i915: resident display: lease 6 claimed
i915: resident display: released after 2902 flip(s); the reference stop path follows
i915: LCD-B observation window over; stopping through the reference's disable path
i915: LCD-B UNRESOLVED step reached: intel_tc_port_link_cancel_reset_work (no reset work is queued)
i915: LCD-B (decided) intel_sagv_pre_plane_update: the QGV restriction stays as the initialisation left it
i915: LCD-B reg[after-disable] ICL_DPLL_ENABLE 0x46010 = 0x00000000
i915: LCD-B reg[after-disable] TGL_DPLL_CFGCR0 0x164284 = 0x00e001a5
i915: LCD-B reg[after-disable] TGL_DPLL_CFGCR1 0x164288 = 0x00000088
i915: LCD-B reg[after-disable] ICL_DPCLKA_CFGCR0 0x164280 = 0x01e07c00
i915: LCD-B reg[after-disable] DDI_BUF_CTL 0x64000 = 0x00000082
i915: LCD-B reg[after-disable] TRANS_CLK_SEL 0x46140 = 0x00000000
i915: LCD-B reg[after-disable] TRANS_DDI_FUNC_CTL 0x60400 = 0x00210002
i915: LCD-B reg[after-disable] TRANSCONF 0x70008 = 0x00000000
i915: LCD-B reg[after-disable] PIPE_MISC 0x70030 = 0x00000000
i915: LCD-B reg[after-disable] PLANE_CTL_1 0x70180 = 0x00000000
i915: LCD-B reg[after-disable] PLANE_COLOR_CTL_1 0x701cc = 0x00000000
i915: LCD-B reg[after-disable] PLANE_STRIDE_1 0x70188 = 0x00000000
i915: LCD-B reg[after-disable] PLANE_SIZE_1 0x70190 = 0x00000000
i915: LCD-B reg[after-disable] PLANE_SURF_1 0x7019c = 0x00000000
i915: LCD-B reg[after-disable] PLANE_WM_1_0 0x70240 = 0x00000000
i915: LCD-B reg[after-disable] PLANE_BUF_CFG_1 0x7027c = 0x00000000
i915: LCD-B reg[after-disable] MBUS_CTL 0x4438c = 0x1c000700
i915: LCD-B reg[after-disable] PIPE_MBUS_DBOX_CTL 0x7003c = 0x00000000
i915: LCD-B reg[after-disable] DBUF_CTL_S1 0x45008 = 0xc041c000
i915: LCD-B reg[after-disable] DBUF_CTL_S2 0x44fe8 = 0x0041c000
i915: LCD-B reg[after-disable] DBUF_CTL_S3 0x44300 = 0x0041c000
i915: LCD-B reg[after-disable] DBUF_CTL_S4 0x44304 = 0x0041c000
i915: LCD-B reg[after-disable] BXT_BLC_PWM_CTL 0xc8250 = 0x00000000
i915: LCD-B reg[after-disable] BXT_BLC_PWM_FREQ 0xc8254 = 0x00017700
i915: LCD-B reg[after-disable] BXT_BLC_PWM_DUTY 0xc8258 = 0x00000000
i915: LCD-B reg[after-disable] ICL_PIPESTATUS 0x70058 = 0x00000000
i915: LCD-B reg[after-disable] GEN8_DE_PIPE_IMR 0x44404 = 0x00000000
i915: LCD-B reg[after-disable] GEN8_DE_PIPE_IER 0x4440c = 0x00000000
i915: LCD-B reg[after-disable] GEN8_DE_PIPE_IIR 0x44408 = 0x00000000
i915: LCD-B reg[after-disable] PIPE_FRMCOUNT_G4X 0x70040 = 0x00000000
i915: LCD-B run log: 2048 entries (63930 writes, 25 rmw, 6 waits [0 timed out], 1 unresolved steps, 5 decided, 0 errors, dropped 91041, slept 28411 us)
i915: LCD-B t[  0] PHASE commit: enable
i915: LCD-B t[  1] pw-get 0x00049 b=0x00000000 c=0x00000000 d=0x00000000 rc=74 n=1
i915: LCD-B t[  2] observe 0x00000 b=0x00000000 c=0x00000000 d=0x00000000 rc=0 n=1
i915: LCD-B t[  3] pw-get 0x00000 b=0x00000000 c=0x00000000 d=0x00000000 rc=1 n=1
i915: LCD-B t[  4] pw-get 0x00002 b=0x00000000 c=0x00000000 d=0x00000000 rc=3 n=1
i915: LCD-B t[  5] pw-get 0x0000a b=0x00000000 c=0x00000000 d=0x00000000 rc=11 n=1
i915: LCD-B t[  6] pw-get 0x00018 b=0x00000000 c=0x00000000 d=0x00000000 rc=25 n=1
i915: LCD-B t[  7] decide (decided) intel_sagv_pre_plane_update: the QGV restriction stays as the initialisation left it (SAGV off, max-bandwidth point; bandwidth checked in prepare)
i915: LCD-B t[  8] rmw 0x4438c b=0xdc000000 c=0xdc000000 d=0x1c000700 rc=0 n=1
i915: LCD-B t[  9] rmw 0x45008 b=0x00030000 c=0x00070000 d=0xc041c000 rc=0 n=1
i915: LCD-B t[ 10] rmw 0x44fe8 b=0x00030000 c=0x00070000 d=0x0041c000 rc=0 n=1
i915: LCD-B t[ 11] rmw 0x44300 b=0x00030000 c=0x00070000 d=0x0041c000 rc=0 n=1
i915: LCD-B t[ 12] rmw 0x44304 b=0x00030000 c=0x00070000 d=0x0041c000 rc=0 n=1
i915: LCD-B t[ 13] dbuf 0x0000f b=0x00000000 c=0x00000000 d=0x00000000 rc=0 n=1
i915: LCD-B t[ 14] write 0x7103c b=0x01038806 c=0x00000000 d=0x00000000 rc=0 n=1
i915: LCD-B t[ 15] rmw 0x45254 b=0x00000001 c=0x00000000 d=0x00000000 rc=0 n=1
i915: LCD-B t[ 16] pw-get 0x0003c b=0x00000000 c=0x00000000 d=0x00000000 rc=61 n=1
i915: LCD-B t[ 17] rmw 0x46040 b=0x08000000 c=0x00000000 d=0x00000000 rc=0 n=1
i915: LCD-B t[ 18] wait 0x46040 b=0x04000000 c=0x04000000 d=0x00000001 rc=0 n=1
i915: LCD-B t[ 19] rmw 0x46040 b=0x80000000 c=0x00000000 d=0x0c000000 rc=0 n=1
i915: LCD-B t[ 20] wait 0x46040 b=0x40000000 c=0x40000000 d=0x00000001 rc=0 n=1
i915: LCD-B t[ 21] decide (decided) intel_set_cpu_fifo_underrun_reporting: underrun IRQ stays masked; the test owns and samples ICL_PIPESTATUS
i915: LCD-B t[ 22] observe 0x00001 b=0x00000000 c=0x00000000 d=0x00000000 rc=0 n=1
i915: LCD-B t[ 23] write 0x46110 b=0x80000000 c=0x00000000 d=0x00000000 rc=0 n=1
i915: LCD-B t[ 24] rmw 0x164280 b=0x00000000 c=0x00002000 d=0x01e07c00 rc=0 n=1
i915: LCD-B t[ 25] pw-get 0x00024 b=0x00000000 c=0x00000000 d=0x00000000 rc=37 n=1
i915: LCD-B t[ 26] write 0x46144 b=0x70000000 c=0x00000000 d=0x00000000 rc=0 n=1
i915: LCD-B t[ 27] write 0x61400 b=0x2a010006 c=0x00000000 d=0x00000000 rc=0 n=1
i915: LCD-B t[ 28] rmw 0x78200 b=0x00000000 c=0x860f0000 d=0x00000000 rc=0 n=1
i915: LCD-B t[ 30] write 0x61540 b=0x80040000 c=0x00000000 d=0x00000000 rc=0 n=1
i915: LCD-B t[ 31] write 0x64400 b=0x80000046 c=0x00000000 d=0x00000000 rc=0 n=1
i915: LCD-B t[ 35] write 0x61540 b=0x80040000 c=0x00000000 d=0x00000000 rc=0 n=1
i915: LCD-B t[ 37] write 0x61540 b=0x80040500 c=0x00000000 d=0x00000000 rc=0 n=1
i915: LCD-B t[ 39] write 0x61540 b=0x80040000 c=0x00000000 d=0x00000000 rc=0 n=1
i915: LCD-B t[ 41] write 0x61540 b=0x80040500 c=0x00000000 d=0x00000000 rc=0 n=1
i915: LCD-B t[ 42] rmw 0x61540 b=0x00000200 c=0x00000700 d=0x80040500 rc=0 n=1
i915: LCD-B t[ 43] wait 0x61544 b=0x02000000 c=0x02000000 d=0x00000001 rc=0 n=1
i915: LCD-B t[ 45] write 0x61540 b=0x80040300 c=0x00000000 d=0x00000000 rc=0 n=1
i915: LCD-B t[ 46] write 0x61410 b=0x00000021 c=0x00000000 d=0x00000000 rc=0 n=1
i915: LCD-B t[ 47] write 0x6101c b=0x077f04ff c=0x00000000 d=0x00000000 rc=0 n=1
i915: LCD-B t[ 48] write 0x71030 b=0x00800100 c=0x00000000 d=0x00000000 rc=0 n=1
i915: LCD-B t[ 49] write 0x61030 b=0x7e616605 c=0x00000000 d=0x00000000 rc=0 n=1
i915: LCD-B t[ 50] write 0x61034 b=0x00800000 c=0x00000000 d=0x00000000 rc=0 n=1
i915: LCD-B t[ 51] write 0x61040 b=0x00081dd5 c=0x00000000 d=0x00000000 rc=0 n=1
i915: LCD-B t[ 52] write 0x61044 b=0x00080000 c=0x00000000 d=0x00000000 rc=0 n=1
i915: LCD-B t[ 53] write 0x6107c b=0x00000000 c=0x00000000 d=0x00000000 rc=0 n=1
i915: LCD-B t[ 54] write 0x61028 b=0x00000000 c=0x00000000 d=0x00000000 rc=0 n=1
i915: LCD-B t[ 55] write 0x61000 b=0x081f077f c=0x00000000 d=0x00000000 rc=0 n=1
i915: LCD-B t[ 56] write 0x61004 b=0x081f077f c=0x00000000 d=0x00000000 rc=0 n=1
i915: LCD-B t[ 57] write 0x61008 b=0x07cf07af c=0x00000000 d=0x00000000 rc=0 n=1
i915: LCD-B t[ 58] write 0x6100c b=0x052404ff c=0x00000000 d=0x00000000 rc=0 n=1
i915: LCD-B t[ 59] write 0x61010 b=0x05240000 c=0x00000000 d=0x00000000 rc=0 n=1
i915: LCD-B t[ 60] write 0x61014 b=0x050c0502 c=0x00000000 d=0x00000000 rc=0 n=1
i915: LCD-B t[ 61] rmw 0x420c4 b=0x80000000 c=0x00000000 d=0x00000000 rc=0 n=1
i915: LCD-B t[ 62] write 0x61420 b=0x00000000 c=0x00000000 d=0x00000000 rc=0 n=1
i915: LCD-B t[ 63] write 0x6102c b=0x00000000 c=0x00000000 d=0x00000000 rc=0 n=1
i915: LCD-B t[ 64] rmw 0x420c4 b=0x00000000 c=0x18000000 d=0x80000000 rc=0 n=1
i915: LCD-B t[ 65] write 0x71008 b=0x00000000 c=0x00000000 d=0x00000000 rc=0 n=1
i915: LCD-B t[ 66] write 0x71034 b=0x00000000 c=0x00000000 d=0x00000000 rc=0 n=1
i915: LCD-B t[ 67] write 0x4ac80 b=0x00000000 c=0x00000000 d=0x00000000 rc=0 n=1
i915: LCD-B t[ 68] write 0x49128 b=0x00000000 c=0x00000000 d=0x00000000 rc=0 n=1
i915: LCD-B t[ 69] write 0x45274 b=0x00000000 c=0x00000000 d=0x00000000 rc=0 n=1
i915: LCD-B t[ 71] write 0x71038 b=0x40008080 c=0x00000000 d=0x00000000 rc=0 n=1
i915: LCD-B t[ 72] write 0x61404 b=0x00000000 c=0x00000000 d=0x00000000 rc=0 n=1
i915: LCD-B t[ 73] write 0x61400 b=0xaa010006 c=0x00000000 d=0x00000000 rc=0 n=1
i915: LCD-B t[ 74] rmw 0x71028 b=0x00002000 c=0x00000000 d=0x00000a0f rc=0 n=1
i915: LCD-B t[ 76] write 0x71008 b=0x80000000 c=0x00000000 d=0x00000000 rc=0 n=1
i915: LCD-B t[ 77] decide (decided) intel_crtc_vblank_on: DRM vblank events unused in this test; pipe vblank IRQ stays masked (checked by the binding)
i915: LCD-B t[ 79] write 0x61200 b=0x00000000 c=0x00000000 d=0x00000000 rc=0 n=1
i915: LCD-B t[ 80] observe 0x00002 b=0x00000000 c=0x00000000 d=0x00000000 rc=0 n=1
i915: LCD-B t[ 81] write 0x71188 b=0x00000078 c=0x00000000 d=0x00000000 rc=0 n=1
i915: LCD-B t[ 82] write 0x7118c b=0x00000000 c=0x00000000 d=0x00000000 rc=0 n=1
i915: LCD-B t[ 83] write 0x71190 b=0x04ff077f c=0x00000000 d=0x00000000 rc=0 n=1
i915: LCD-B t[ 84] write 0x71194 b=0x00000000 c=0x00000000 d=0x00000000 rc=0 n=1
i915: LCD-B t[ 85] write 0x71198 b=0x00000000 c=0x00000000 d=0x00000000 rc=0 n=1
i915: LCD-B t[ 86] write 0x711a0 b=0xff000000 c=0x00000000 d=0x00000000 rc=0 n=1
i915: LCD-B t[ 87] write 0x711a4 b=0x00000000 c=0x00000000 d=0x00000000 rc=0 n=1
i915: LCD-B t[ 88] write 0x711c0 b=0x00000000 c=0x00000000 d=0x00000000 rc=0 n=1
i915: LCD-B t[ 89] write 0x711c8 b=0x00000000 c=0x00000000 d=0x00000000 rc=0 n=1
i915: LCD-B t[ 90] write 0x711cc b=0x00002000 c=0x00000000 d=0x00000000 rc=0 n=1
i915: LCD-B t[ 91] write 0x71240 b=0x80004010 c=0x00000000 d=0x00000000 rc=0 n=1
i915: LCD-B t[ 92] write 0x71244 b=0x80014051 c=0x00000000 d=0x00000000 rc=0 n=1
i915: LCD-B t[ 93] write 0x71248 b=0x8001c071 c=0x00000000 d=0x00000000 rc=0 n=1
i915: LCD-B t[ 94] write 0x7124c b=0x80024091 c=0x00000000 d=0x00000000 rc=0 n=1
i915: LCD-B t[ 95] write 0x71250 b=0x800300c1 c=0x00000000 d=0x00000000 rc=0 n=1
i915: LCD-B t[ 96] write 0x71254 b=0x800300c1 c=0x00000000 d=0x00000000 rc=0 n=1
i915: LCD-B t[ 97] write 0x71268 b=0x8000001e c=0x00000000 d=0x00000000 rc=0 n=1
i915: LCD-B t[ 98] write 0x71258 b=0x80010041 c=0x00000000 d=0x00000000 rc=0 n=1
i915: LCD-B t[ 99] write 0x7125c b=0x8000004f c=0x00000000 d=0x00000000 rc=0 n=1
i915: LCD-B t[100] write 0x7127c b=0x0fd50000 c=0x00000000 d=0x00000000 rc=0 n=1
i915: LCD-B t[101] write 0x71180 b=0x94000000 c=0x00000000 d=0x00000000 rc=0 n=1
i915: LCD-B t[102] write 0x7119c b=0xbc0c0000 c=0x00000000 d=0x00000000 rc=0 n=1
i915: LCD-B t[103] observe 0x00003 b=0x00000000 c=0x00000000 d=0x00000000 rc=0 n=1
i915: LCD-B t[104] dbuf 0x0000f b=0x00000000 c=0x00000000 d=0x00000000 rc=0 n=1
i915: LCD-B t[105] decide (decided) intel_sagv_post_plane_update: QGV points are not relaxed (SAGV stays off)
i915: LCD-B t[106] observe 0x00007 b=0x00000000 c=0x00000000 d=0x00000000 rc=0 n=1
i915: LCD-B t[107] pw-put 0x00049 b=0x0000004a c=0x00000011 d=0x00000001 rc=0 n=1
i915: LCD-B t[110] pw-get 0x00049 b=0x00000000 c=0x00000000 d=0x00000000 rc=74 n=1
i915: LCD-B t[111] write 0x71188 b=0x00000078 c=0x00000000 d=0x00000000 rc=0 n=1
i915: LCD-B t[112] write 0x7118c b=0x00000000 c=0x00000000 d=0x00000000 rc=0 n=1
i915: LCD-B t[113] write 0x71190 b=0x04ff077f c=0x00000000 d=0x00000000 rc=0 n=1
i915: LCD-B t[114] write 0x71194 b=0x00000000 c=0x00000000 d=0x00000000 rc=0 n=1
i915: LCD-B t[115] write 0x71198 b=0x00000000 c=0x00000000 d=0x00000000 rc=0 n=1
i915: LCD-B t[116] write 0x711a0 b=0xff000000 c=0x00000000 d=0x00000000 rc=0 n=1
i915: LCD-B t[117] write 0x711a4 b=0x00000000 c=0x00000000 d=0x00000000 rc=0 n=1
i915: LCD-B t[118] write 0x711c0 b=0x00000000 c=0x00000000 d=0x00000000 rc=0 n=1
i915: LCD-B t[119] write 0x711c8 b=0x00000000 c=0x00000000 d=0x00000000 rc=0 n=1
i915: LCD-B t[120] write 0x711cc b=0x00002000 c=0x00000000 d=0x00000000 rc=0 n=1
i915: LCD-B t[121] write 0x71240 b=0x80004010 c=0x00000000 d=0x00000000 rc=0 n=1
i915: LCD-B t[122] write 0x71244 b=0x80014051 c=0x00000000 d=0x00000000 rc=0 n=1
i915: LCD-B t[123] write 0x71248 b=0x8001c071 c=0x00000000 d=0x00000000 rc=0 n=1
i915: LCD-B t[124] write 0x7124c b=0x80024091 c=0x00000000 d=0x00000000 rc=0 n=1
i915: LCD-B t[125] write 0x71250 b=0x800300c1 c=0x00000000 d=0x00000000 rc=0 n=1
i915: LCD-B t[126] write 0x71254 b=0x800300c1 c=0x00000000 d=0x00000000 rc=0 n=1
i915: LCD-B t[127] write 0x71268 b=0x8000001e c=0x00000000 d=0x00000000 rc=0 n=1
i915: LCD-B t[128] write 0x71258 b=0x80010041 c=0x00000000 d=0x00000000 rc=0 n=1
i915: LCD-B t[129] write 0x7125c b=0x8000004f c=0x00000000 d=0x00000000 rc=0 n=1
i915: LCD-B t[130] write 0x7127c b=0x0fd50000 c=0x00000000 d=0x00000000 rc=0 n=1
i915: LCD-B t[133] write 0x71180 b=0x94000000 c=0x00000000 d=0x00000000 rc=0 n=1
i915: LCD-B t[134] write 0x7119c b=0xbcb80000 c=0x00000000 d=0x00000000 rc=0 n=1
i915: LCD-B t[137] pw-put 0x00049 b=0x0000004a c=0x00000011 d=0x00000001 rc=0 n=1
i915: LCD-B t[140] pw-get 0x00049 b=0x00000000 c=0x00000000 d=0x00000000 rc=74 n=1
i915: LCD-B t[141] write 0x71188 b=0x00000078 c=0x00000000 d=0x00000000 rc=0 n=1
i915: LCD-B t[142] write 0x7118c b=0x00000000 c=0x00000000 d=0x00000000 rc=0 n=1
i915: LCD-B t[143] write 0x71190 b=0x04ff077f c=0x00000000 d=0x00000000 rc=0 n=1
i915: LCD-B t[144] write 0x71194 b=0x00000000 c=0x00000000 d=0x00000000 rc=0 n=1
i915: LCD-B t[145] write 0x71198 b=0x00000000 c=0x00000000 d=0x00000000 rc=0 n=1
i915: LCD-B t[146] write 0x711a0 b=0xff000000 c=0x00000000 d=0x00000000 rc=0 n=1
i915: LCD-B t[147] write 0x711a4 b=0x00000000 c=0x00000000 d=0x00000000 rc=0 n=1
i915: LCD-B t[148] write 0x711c0 b=0x00000000 c=0x00000000 d=0x00000000 rc=0 n=1
i915: LCD-B t[149] write 0x711c8 b=0x00000000 c=0x00000000 d=0x00000000 rc=0 n=1
i915: LCD-B t[150] write 0x711cc b=0x00002000 c=0x00000000 d=0x00000000 rc=0 n=1
i915: LCD-B t[151] write 0x71240 b=0x80004010 c=0x00000000 d=0x00000000 rc=0 n=1
i915: LCD-B t[152] write 0x71244 b=0x80014051 c=0x00000000 d=0x00000000 rc=0 n=1
i915: LCD-B t[153] write 0x71248 b=0x8001c071 c=0x00000000 d=0x00000000 rc=0 n=1
i915: LCD-B t[154] write 0x7124c b=0x80024091 c=0x00000000 d=0x00000000 rc=0 n=1
i915: LCD-B t[155] write 0x71250 b=0x800300c1 c=0x00000000 d=0x00000000 rc=0 n=1
i915: LCD-B t[156] write 0x71254 b=0x800300c1 c=0x00000000 d=0x00000000 rc=0 n=1
i915: LCD-B t[157] write 0x71268 b=0x8000001e c=0x00000000 d=0x00000000 rc=0 n=1
i915: LCD-B t[158] write 0x71258 b=0x80010041 c=0x00000000 d=0x00000000 rc=0 n=1
i915: LCD-B t[159] write 0x7125c b=0x8000004f c=0x00000000 d=0x00000000 rc=0 n=1
i915: LCD-B t[160] write 0x7127c b=0x0fd50000 c=0x00000000 d=0x00000000 rc=0 n=1
i915: LCD-B t[163] write 0x71180 b=0x94000000 c=0x00000000 d=0x00000000 rc=0 n=1
i915: LCD-B t[164] write 0x7119c b=0xbc0c0000 c=0x00000000 d=0x00000000 rc=0 n=1
i915: LCD-B t[167] pw-put 0x00049 b=0x0000004a c=0x00000011 d=0x00000001 rc=0 n=1
i915: LCD-B t[171] pw-get 0x00049 b=0x00000000 c=0x00000000 d=0x00000000 rc=74 n=1
i915: LCD-B t[172] write 0x71188 b=0x00000078 c=0x00000000 d=0x00000000 rc=0 n=1
i915: LCD-B t[173] write 0x7118c b=0x00000000 c=0x00000000 d=0x00000000 rc=0 n=1
i915: LCD-B t[174] write 0x71190 b=0x04ff077f c=0x00000000 d=0x00000000 rc=0 n=1
i915: LCD-B t[175] write 0x71194 b=0x00000000 c=0x00000000 d=0x00000000 rc=0 n=1
i915: LCD-B t[176] write 0x71198 b=0x00000000 c=0x00000000 d=0x00000000 rc=0 n=1
i915: LCD-B t[177] write 0x711a0 b=0xff000000 c=0x00000000 d=0x00000000 rc=0 n=1
i915: LCD-B t[178] write 0x711a4 b=0x00000000 c=0x00000000 d=0x00000000 rc=0 n=1
i915: LCD-B t[179] write 0x711c0 b=0x00000000 c=0x00000000 d=0x00000000 rc=0 n=1
i915: LCD-B t[180] write 0x711c8 b=0x00000000 c=0x00000000 d=0x00000000 rc=0 n=1
i915: LCD-B t[181] write 0x711cc b=0x00002000 c=0x00000000 d=0x00000000 rc=0 n=1
i915: LCD-B t[182] write 0x71240 b=0x80004010 c=0x00000000 d=0x00000000 rc=0 n=1
i915: LCD-B t[183] write 0x71244 b=0x80014051 c=0x00000000 d=0x00000000 rc=0 n=1
i915: LCD-B t[184] write 0x71248 b=0x8001c071 c=0x00000000 d=0x00000000 rc=0 n=1
i915: LCD-B t[185] write 0x7124c b=0x80024091 c=0x00000000 d=0x00000000 rc=0 n=1
i915: LCD-B t[186] write 0x71250 b=0x800300c1 c=0x00000000 d=0x00000000 rc=0 n=1
i915: LCD-B t[187] write 0x71254 b=0x800300c1 c=0x00000000 d=0x00000000 rc=0 n=1
i915: LCD-B t[188] write 0x71268 b=0x8000001e c=0x00000000 d=0x00000000 rc=0 n=1
i915: LCD-B t[189] write 0x71258 b=0x80010041 c=0x00000000 d=0x00000000 rc=0 n=1
i915: LCD-B t[190] write 0x7125c b=0x8000004f c=0x00000000 d=0x00000000 rc=0 n=1
i915: LCD-B t[191] write 0x7127c b=0x0fd50000 c=0x00000000 d=0x00000000 rc=0 n=1
i915: LCD-B t[194] write 0x71180 b=0x94000000 c=0x00000000 d=0x00000000 rc=0 n=1
i915: LCD-B t[195] write 0x7119c b=0xbcb80000 c=0x00000000 d=0x00000000 rc=0 n=1
i915: LCD-B t[198] pw-put 0x00049 b=0x0000004a c=0x00000011 d=0x00000001 rc=0 n=1
i915: LCD-B t[202] pw-get 0x00049 b=0x00000000 c=0x00000000 d=0x00000000 rc=74 n=1
i915: LCD-B t[203] write 0x71188 b=0x00000078 c=0x00000000 d=0x00000000 rc=0 n=1
i915: LCD-B t[204] write 0x7118c b=0x00000000 c=0x00000000 d=0x00000000 rc=0 n=1
i915: LCD-B t[205] write 0x71190 b=0x04ff077f c=0x00000000 d=0x00000000 rc=0 n=1
i915: LCD-B t[206] write 0x71194 b=0x00000000 c=0x00000000 d=0x00000000 rc=0 n=1
i915: LCD-B t[207] write 0x71198 b=0x00000000 c=0x00000000 d=0x00000000 rc=0 n=1
i915: LCD-B t[208] write 0x711a0 b=0xff000000 c=0x00000000 d=0x00000000 rc=0 n=1
i915: LCD-B t[209] write 0x711a4 b=0x00000000 c=0x00000000 d=0x00000000 rc=0 n=1
i915: LCD-B t[210] write 0x711c0 b=0x00000000 c=0x00000000 d=0x00000000 rc=0 n=1
i915: LCD-B t[211] write 0x711c8 b=0x00000000 c=0x00000000 d=0x00000000 rc=0 n=1
i915: LCD-B t[212] write 0x711cc b=0x00002000 c=0x00000000 d=0x00000000 rc=0 n=1
i915: LCD-B t[213] write 0x71240 b=0x80004010 c=0x00000000 d=0x00000000 rc=0 n=1
i915: LCD-B t[214] write 0x71244 b=0x80014051 c=0x00000000 d=0x00000000 rc=0 n=1
i915: LCD-B t[215] write 0x71248 b=0x8001c071 c=0x00000000 d=0x00000000 rc=0 n=1
i915: LCD-B t[216] write 0x7124c b=0x80024091 c=0x00000000 d=0x00000000 rc=0 n=1
i915: LCD-B t[217] write 0x71250 b=0x800300c1 c=0x00000000 d=0x00000000 rc=0 n=1
i915: LCD-B t[218] write 0x71254 b=0x800300c1 c=0x00000000 d=0x00000000 rc=0 n=1
i915: LCD-B t[219] write 0x71268 b=0x8000001e c=0x00000000 d=0x00000000 rc=0 n=1
i915: LCD-B t[220] write 0x71258 b=0x80010041 c=0x00000000 d=0x00000000 rc=0 n=1
i915: LCD-B t[221] write 0x7125c b=0x8000004f c=0x00000000 d=0x00000000 rc=0 n=1
i915: LCD-B t[222] write 0x7127c b=0x0fd50000 c=0x00000000 d=0x00000000 rc=0 n=1
i915: LCD-B t[225] write 0x71180 b=0x94000000 c=0x00000000 d=0x00000000 rc=0 n=1
i915: LCD-B t[226] write 0x7119c b=0xbc0c0000 c=0x00000000 d=0x00000000 rc=0 n=1
i915: LCD-B t[229] pw-put 0x00049 b=0x0000004a c=0x00000011 d=0x00000001 rc=0 n=1
i915: LCD-B t[232] pw-get 0x00049 b=0x00000000 c=0x00000000 d=0x00000000 rc=74 n=1
i915: LCD-B t[233] write 0x71188 b=0x00000078 c=0x00000000 d=0x00000000 rc=0 n=1
i915: LCD-B t[234] write 0x7118c b=0x00000000 c=0x00000000 d=0x00000000 rc=0 n=1
i915: LCD-B t[235] write 0x71190 b=0x04ff077f c=0x00000000 d=0x00000000 rc=0 n=1
i915: LCD-B t[236] write 0x71194 b=0x00000000 c=0x00000000 d=0x00000000 rc=0 n=1
i915: LCD-B t[237] write 0x71198 b=0x00000000 c=0x00000000 d=0x00000000 rc=0 n=1
i915: LCD-B t[238] write 0x711a0 b=0xff000000 c=0x00000000 d=0x00000000 rc=0 n=1
i915: LCD-B t[239] write 0x711a4 b=0x00000000 c=0x00000000 d=0x00000000 rc=0 n=1
i915: LCD-B t[240] write 0x711c0 b=0x00000000 c=0x00000000 d=0x00000000 rc=0 n=1
i915: LCD-B t[241] write 0x711c8 b=0x00000000 c=0x00000000 d=0x00000000 rc=0 n=1
i915: LCD-B t[242] write 0x711cc b=0x00002000 c=0x00000000 d=0x00000000 rc=0 n=1
i915: LCD-B t[243] write 0x71240 b=0x80004010 c=0x00000000 d=0x00000000 rc=0 n=1
i915: LCD-B t[244] write 0x71244 b=0x80014051 c=0x00000000 d=0x00000000 rc=0 n=1
i915: LCD-B t[245] write 0x71248 b=0x8001c071 c=0x00000000 d=0x00000000 rc=0 n=1
i915: LCD-B t[246] write 0x7124c b=0x80024091 c=0x00000000 d=0x00000000 rc=0 n=1
i915: LCD-B t[247] write 0x71250 b=0x800300c1 c=0x00000000 d=0x00000000 rc=0 n=1
i915: LCD-B t[248] write 0x71254 b=0x800300c1 c=0x00000000 d=0x00000000 rc=0 n=1
i915: LCD-B t[249] write 0x71268 b=0x8000001e c=0x00000000 d=0x00000000 rc=0 n=1
i915: LCD-B t[250] write 0x71258 b=0x80010041 c=0x00000000 d=0x00000000 rc=0 n=1
i915: LCD-B t[251] write 0x7125c b=0x8000004f c=0x00000000 d=0x00000000 rc=0 n=1
i915: LCD-B t[252] write 0x7127c b=0x0fd50000 c=0x00000000 d=0x00000000 rc=0 n=1
i915: LCD-B t[255] write 0x71180 b=0x94000000 c=0x00000000 d=0x00000000 rc=0 n=1
i915: LCD-B t[256] write 0x7119c b=0xbcb80000 c=0x00000000 d=0x00000000 rc=0 n=1
i915: LCD-B t[259] pw-put 0x00049 b=0x0000004a c=0x00000011 d=0x00000001 rc=0 n=1
i915: LCD-B t[262] pw-get 0x00049 b=0x00000000 c=0x00000000 d=0x00000000 rc=74 n=1
i915: LCD-B t[263] write 0x71188 b=0x00000078 c=0x00000000 d=0x00000000 rc=0 n=1
i915: LCD-B t[264] write 0x7118c b=0x00000000 c=0x00000000 d=0x00000000 rc=0 n=1
i915: LCD-B t[265] write 0x71190 b=0x04ff077f c=0x00000000 d=0x00000000 rc=0 n=1
i915: LCD-B t[266] write 0x71194 b=0x00000000 c=0x00000000 d=0x00000000 rc=0 n=1
i915: LCD-B t[267] write 0x71198 b=0x00000000 c=0x00000000 d=0x00000000 rc=0 n=1
i915: LCD-B t[268] write 0x711a0 b=0xff000000 c=0x00000000 d=0x00000000 rc=0 n=1
i915: LCD-B t[269] write 0x711a4 b=0x00000000 c=0x00000000 d=0x00000000 rc=0 n=1
i915: LCD-B t[270] write 0x711c0 b=0x00000000 c=0x00000000 d=0x00000000 rc=0 n=1
i915: LCD-B t[271] write 0x711c8 b=0x00000000 c=0x00000000 d=0x00000000 rc=0 n=1
i915: LCD-B t[272] write 0x711cc b=0x00002000 c=0x00000000 d=0x00000000 rc=0 n=1
i915: LCD-B t[273] write 0x71240 b=0x80004010 c=0x00000000 d=0x00000000 rc=0 n=1
i915: LCD-B t[274] write 0x71244 b=0x80014051 c=0x00000000 d=0x00000000 rc=0 n=1
i915: LCD-B t[275] write 0x71248 b=0x8001c071 c=0x00000000 d=0x00000000 rc=0 n=1
i915: LCD-B t[276] write 0x7124c b=0x80024091 c=0x00000000 d=0x00000000 rc=0 n=1
i915: LCD-B t[277] write 0x71250 b=0x800300c1 c=0x00000000 d=0x00000000 rc=0 n=1
i915: LCD-B t[278] write 0x71254 b=0x800300c1 c=0x00000000 d=0x00000000 rc=0 n=1
i915: LCD-B t[279] write 0x71268 b=0x8000001e c=0x00000000 d=0x00000000 rc=0 n=1
i915: LCD-B t[280] write 0x71258 b=0x80010041 c=0x00000000 d=0x00000000 rc=0 n=1
i915: LCD-B t[281] write 0x7125c b=0x8000004f c=0x00000000 d=0x00000000 rc=0 n=1
i915: LCD-B t[282] write 0x7127c b=0x0fd50000 c=0x00000000 d=0x00000000 rc=0 n=1
i915: LCD-B t[285] write 0x71180 b=0x94000000 c=0x00000000 d=0x00000000 rc=0 n=1
i915: LCD-B t[286] write 0x7119c b=0xbc0c0000 c=0x00000000 d=0x00000000 rc=0 n=1
i915: LCD-B t[289] pw-put 0x00049 b=0x0000004a c=0x00000011 d=0x00000001 rc=0 n=1
i915: LCD-B t[292] pw-get 0x00049 b=0x00000000 c=0x00000000 d=0x00000000 rc=74 n=1
i915: LCD-B t[293] write 0x71188 b=0x00000078 c=0x00000000 d=0x00000000 rc=0 n=1
i915: LCD-B t[294] write 0x7118c b=0x00000000 c=0x00000000 d=0x00000000 rc=0 n=1
i915: LCD-B t[295] write 0x71190 b=0x04ff077f c=0x00000000 d=0x00000000 rc=0 n=1
i915: LCD-B t[296] write 0x71194 b=0x00000000 c=0x00000000 d=0x00000000 rc=0 n=1
i915: LCD-B t[297] write 0x71198 b=0x00000000 c=0x00000000 d=0x00000000 rc=0 n=1
i915: LCD-B t[298] write 0x711a0 b=0xff000000 c=0x00000000 d=0x00000000 rc=0 n=1
i915: LCD-B t[299] write 0x711a4 b=0x00000000 c=0x00000000 d=0x00000000 rc=0 n=1
i915: LCD-B t[300] write 0x711c0 b=0x00000000 c=0x00000000 d=0x00000000 rc=0 n=1
i915: LCD-B t[301] write 0x711c8 b=0x00000000 c=0x00000000 d=0x00000000 rc=0 n=1
i915: LCD-B t[302] write 0x711cc b=0x00002000 c=0x00000000 d=0x00000000 rc=0 n=1
i915: LCD-B t[303] write 0x71240 b=0x80004010 c=0x00000000 d=0x00000000 rc=0 n=1
i915: LCD-B t[304] write 0x71244 b=0x80014051 c=0x00000000 d=0x00000000 rc=0 n=1
i915: LCD-B t[305] write 0x71248 b=0x8001c071 c=0x00000000 d=0x00000000 rc=0 n=1
i915: LCD-B t[306] write 0x7124c b=0x80024091 c=0x00000000 d=0x00000000 rc=0 n=1
i915: LCD-B t[307] write 0x71250 b=0x800300c1 c=0x00000000 d=0x00000000 rc=0 n=1
i915: LCD-B t[308] write 0x71254 b=0x800300c1 c=0x00000000 d=0x00000000 rc=0 n=1
i915: LCD-B t[309] write 0x71268 b=0x8000001e c=0x00000000 d=0x00000000 rc=0 n=1
i915: LCD-B t[310] write 0x71258 b=0x80010041 c=0x00000000 d=0x00000000 rc=0 n=1
i915: LCD-B t[311] write 0x7125c b=0x8000004f c=0x00000000 d=0x00000000 rc=0 n=1
i915: LCD-B t[312] write 0x7127c b=0x0fd50000 c=0x00000000 d=0x00000000 rc=0 n=1
i915: LCD-B t[315] write 0x71180 b=0x94000000 c=0x00000000 d=0x00000000 rc=0 n=1
i915: LCD-B t[316] write 0x7119c b=0xbcb80000 c=0x00000000 d=0x00000000 rc=0 n=1
i915: LCD-B t[319] pw-put 0x00049 b=0x0000004a c=0x00000011 d=0x00000001 rc=0 n=1
i915: LCD-B t[322] pw-get 0x00049 b=0x00000000 c=0x00000000 d=0x00000000 rc=74 n=1
i915: LCD-B t[323] write 0x71188 b=0x00000078 c=0x00000000 d=0x00000000 rc=0 n=1
i915: LCD-B t[324] write 0x7118c b=0x00000000 c=0x00000000 d=0x00000000 rc=0 n=1
i915: LCD-B t[325] write 0x71190 b=0x04ff077f c=0x00000000 d=0x00000000 rc=0 n=1
i915: LCD-B t[326] write 0x71194 b=0x00000000 c=0x00000000 d=0x00000000 rc=0 n=1
i915: LCD-B t[327] write 0x71198 b=0x00000000 c=0x00000000 d=0x00000000 rc=0 n=1
i915: LCD-B t[328] write 0x711a0 b=0xff000000 c=0x00000000 d=0x00000000 rc=0 n=1
i915: LCD-B t[329] write 0x711a4 b=0x00000000 c=0x00000000 d=0x00000000 rc=0 n=1
i915: LCD-B t[330] write 0x711c0 b=0x00000000 c=0x00000000 d=0x00000000 rc=0 n=1
i915: LCD-B t[331] write 0x711c8 b=0x00000000 c=0x00000000 d=0x00000000 rc=0 n=1
i915: LCD-B t[332] write 0x711cc b=0x00002000 c=0x00000000 d=0x00000000 rc=0 n=1
i915: LCD-B t[333] write 0x71240 b=0x80004010 c=0x00000000 d=0x00000000 rc=0 n=1
i915: LCD-B t[334] write 0x71244 b=0x80014051 c=0x00000000 d=0x00000000 rc=0 n=1
i915: LCD-B t[335] write 0x71248 b=0x8001c071 c=0x00000000 d=0x00000000 rc=0 n=1
i915: LCD-B t[336] write 0x7124c b=0x80024091 c=0x00000000 d=0x00000000 rc=0 n=1
i915: LCD-B t[337] write 0x71250 b=0x800300c1 c=0x00000000 d=0x00000000 rc=0 n=1
i915: LCD-B t[338] write 0x71254 b=0x800300c1 c=0x00000000 d=0x00000000 rc=0 n=1
i915: LCD-B t[339] write 0x71268 b=0x8000001e c=0x00000000 d=0x00000000 rc=0 n=1
i915: LCD-B t[340] write 0x71258 b=0x80010041 c=0x00000000 d=0x00000000 rc=0 n=1
i915: LCD-B t[341] write 0x7125c b=0x8000004f c=0x00000000 d=0x00000000 rc=0 n=1
i915: LCD-B t[342] write 0x7127c b=0x0fd50000 c=0x00000000 d=0x00000000 rc=0 n=1
i915: LCD-B t[345] write 0x71180 b=0x94000000 c=0x00000000 d=0x00000000 rc=0 n=1
i915: LCD-B t[346] write 0x7119c b=0xbc0c0000 c=0x00000000 d=0x00000000 rc=0 n=1
i915: LCD-B t[349] pw-put 0x00049 b=0x0000004a c=0x00000011 d=0x00000001 rc=0 n=1
i915: LCD-B t[352] pw-get 0x00049 b=0x00000000 c=0x00000000 d=0x00000000 rc=74 n=1
i915: LCD-B t[353] write 0x71188 b=0x00000078 c=0x00000000 d=0x00000000 rc=0 n=1
i915: LCD-B t[354] write 0x7118c b=0x00000000 c=0x00000000 d=0x00000000 rc=0 n=1
i915: LCD-B t[355] write 0x71190 b=0x04ff077f c=0x00000000 d=0x00000000 rc=0 n=1
i915: LCD-B t[356] write 0x71194 b=0x00000000 c=0x00000000 d=0x00000000 rc=0 n=1
i915: LCD-B t[357] write 0x71198 b=0x00000000 c=0x00000000 d=0x00000000 rc=0 n=1
i915: LCD-B t[358] write 0x711a0 b=0xff000000 c=0x00000000 d=0x00000000 rc=0 n=1
i915: LCD-B t[359] write 0x711a4 b=0x00000000 c=0x00000000 d=0x00000000 rc=0 n=1
i915: LCD-B t[360] write 0x711c0 b=0x00000000 c=0x00000000 d=0x00000000 rc=0 n=1
i915: LCD-B t[361] write 0x711c8 b=0x00000000 c=0x00000000 d=0x00000000 rc=0 n=1
i915: LCD-B t[362] write 0x711cc b=0x00002000 c=0x00000000 d=0x00000000 rc=0 n=1
i915: LCD-B t[363] write 0x71240 b=0x80004010 c=0x00000000 d=0x00000000 rc=0 n=1
i915: LCD-B t[364] write 0x71244 b=0x80014051 c=0x00000000 d=0x00000000 rc=0 n=1
i915: LCD-B t[365] write 0x71248 b=0x8001c071 c=0x00000000 d=0x00000000 rc=0 n=1
i915: LCD-B t[366] write 0x7124c b=0x80024091 c=0x00000000 d=0x00000000 rc=0 n=1
i915: LCD-B t[367] write 0x71250 b=0x800300c1 c=0x00000000 d=0x00000000 rc=0 n=1
i915: LCD-B t[368] write 0x71254 b=0x800300c1 c=0x00000000 d=0x00000000 rc=0 n=1
i915: LCD-B t[369] write 0x71268 b=0x8000001e c=0x00000000 d=0x00000000 rc=0 n=1
i915: LCD-B t[370] write 0x71258 b=0x80010041 c=0x00000000 d=0x00000000 rc=0 n=1
i915: LCD-B t[371] write 0x7125c b=0x8000004f c=0x00000000 d=0x00000000 rc=0 n=1
i915: LCD-B t[372] write 0x7127c b=0x0fd50000 c=0x00000000 d=0x00000000 rc=0 n=1
i915: LCD-B t[375] write 0x71180 b=0x94000000 c=0x00000000 d=0x00000000 rc=0 n=1
i915: LCD-B t[376] write 0x7119c b=0xbcb80000 c=0x00000000 d=0x00000000 rc=0 n=1
i915: LCD-B t[379] pw-put 0x00049 b=0x0000004a c=0x00000011 d=0x00000001 rc=0 n=1
i915: LCD-B t[382] pw-get 0x00049 b=0x00000000 c=0x00000000 d=0x00000000 rc=74 n=1
i915: LCD-B t[383] write 0x71188 b=0x00000078 c=0x00000000 d=0x00000000 rc=0 n=1
i915: LCD-B t[384] write 0x7118c b=0x00000000 c=0x00000000 d=0x00000000 rc=0 n=1
i915: LCD-B t[385] write 0x71190 b=0x04ff077f c=0x00000000 d=0x00000000 rc=0 n=1
i915: LCD-B t[386] write 0x71194 b=0x00000000 c=0x00000000 d=0x00000000 rc=0 n=1
i915: LCD-B t[387] write 0x71198 b=0x00000000 c=0x00000000 d=0x00000000 rc=0 n=1
i915: LCD-B t[388] write 0x711a0 b=0xff000000 c=0x00000000 d=0x00000000 rc=0 n=1
i915: LCD-B t[389] write 0x711a4 b=0x00000000 c=0x00000000 d=0x00000000 rc=0 n=1
i915: LCD-B t[390] write 0x711c0 b=0x00000000 c=0x00000000 d=0x00000000 rc=0 n=1
i915: LCD-B t[391] write 0x711c8 b=0x00000000 c=0x00000000 d=0x00000000 rc=0 n=1
i915: LCD-B t[392] write 0x711cc b=0x00002000 c=0x00000000 d=0x00000000 rc=0 n=1
i915: LCD-B t[393] write 0x71240 b=0x80004010 c=0x00000000 d=0x00000000 rc=0 n=1
i915: LCD-B t[394] write 0x71244 b=0x80014051 c=0x00000000 d=0x00000000 rc=0 n=1
i915: LCD-B t[395] write 0x71248 b=0x8001c071 c=0x00000000 d=0x00000000 rc=0 n=1
i915: LCD-B t[396] write 0x7124c b=0x80024091 c=0x00000000 d=0x00000000 rc=0 n=1
i915: LCD-B t[397] write 0x71250 b=0x800300c1 c=0x00000000 d=0x00000000 rc=0 n=1
i915: LCD-B t[398] write 0x71254 b=0x800300c1 c=0x00000000 d=0x00000000 rc=0 n=1
i915: LCD-B t[399] write 0x71268 b=0x8000001e c=0x00000000 d=0x00000000 rc=0 n=1
i915: LCD-B t[400] write 0x71258 b=0x80010041 c=0x00000000 d=0x00000000 rc=0 n=1
i915: LCD-B t[401] write 0x7125c b=0x8000004f c=0x00000000 d=0x00000000 rc=0 n=1
i915: LCD-B t[402] write 0x7127c b=0x0fd50000 c=0x00000000 d=0x00000000 rc=0 n=1
i915: LCD-B t[405] write 0x71180 b=0x94000000 c=0x00000000 d=0x00000000 rc=0 n=1
i915: LCD-B t[406] write 0x7119c b=0xbc0c0000 c=0x00000000 d=0x00000000 rc=0 n=1
i915: LCD-B t[409] pw-put 0x00049 b=0x0000004a c=0x00000011 d=0x00000001 rc=0 n=1
i915: LCD-B t[412] pw-get 0x00049 b=0x00000000 c=0x00000000 d=0x00000000 rc=74 n=1
i915: LCD-B t[413] write 0x71188 b=0x00000078 c=0x00000000 d=0x00000000 rc=0 n=1
i915: LCD-B t[414] write 0x7118c b=0x00000000 c=0x00000000 d=0x00000000 rc=0 n=1
i915: LCD-B t[415] write 0x71190 b=0x04ff077f c=0x00000000 d=0x00000000 rc=0 n=1
i915: LCD-B t[416] write 0x71194 b=0x00000000 c=0x00000000 d=0x00000000 rc=0 n=1
i915: LCD-B t[417] write 0x71198 b=0x00000000 c=0x00000000 d=0x00000000 rc=0 n=1
i915: LCD-B t[418] write 0x711a0 b=0xff000000 c=0x00000000 d=0x00000000 rc=0 n=1
i915: LCD-B t[419] write 0x711a4 b=0x00000000 c=0x00000000 d=0x00000000 rc=0 n=1
i915: LCD-B t[420] write 0x711c0 b=0x00000000 c=0x00000000 d=0x00000000 rc=0 n=1
i915: LCD-B t[421] write 0x711c8 b=0x00000000 c=0x00000000 d=0x00000000 rc=0 n=1
i915: LCD-B t[422] write 0x711cc b=0x00002000 c=0x00000000 d=0x00000000 rc=0 n=1
i915: LCD-B t[423] write 0x71240 b=0x80004010 c=0x00000000 d=0x00000000 rc=0 n=1
i915: LCD-B t[424] write 0x71244 b=0x80014051 c=0x00000000 d=0x00000000 rc=0 n=1
i915: LCD-B t[425] write 0x71248 b=0x8001c071 c=0x00000000 d=0x00000000 rc=0 n=1
i915: LCD-B t[426] write 0x7124c b=0x80024091 c=0x00000000 d=0x00000000 rc=0 n=1
i915: LCD-B t[427] write 0x71250 b=0x800300c1 c=0x00000000 d=0x00000000 rc=0 n=1
i915: LCD-B t[428] write 0x71254 b=0x800300c1 c=0x00000000 d=0x00000000 rc=0 n=1
i915: LCD-B t[429] write 0x71268 b=0x8000001e c=0x00000000 d=0x00000000 rc=0 n=1
i915: LCD-B t[430] write 0x71258 b=0x80010041 c=0x00000000 d=0x00000000 rc=0 n=1
i915: LCD-B t[431] write 0x7125c b=0x8000004f c=0x00000000 d=0x00000000 rc=0 n=1
i915: LCD-B t[432] write 0x7127c b=0x0fd50000 c=0x00000000 d=0x00000000 rc=0 n=1
i915: LCD-B t[435] write 0x71180 b=0x94000000 c=0x00000000 d=0x00000000 rc=0 n=1
i915: LCD-B t[436] write 0x7119c b=0xbcb80000 c=0x00000000 d=0x00000000 rc=0 n=1
i915: LCD-B t[439] pw-put 0x00049 b=0x0000004a c=0x00000011 d=0x00000001 rc=0 n=1
i915: LCD-B t[442] pw-get 0x00049 b=0x00000000 c=0x00000000 d=0x00000000 rc=74 n=1
i915: LCD-B t[443] write 0x71188 b=0x00000078 c=0x00000000 d=0x00000000 rc=0 n=1
i915: LCD-B t[444] write 0x7118c b=0x00000000 c=0x00000000 d=0x00000000 rc=0 n=1
i915: LCD-B t[445] write 0x71190 b=0x04ff077f c=0x00000000 d=0x00000000 rc=0 n=1
i915: LCD-B t[446] write 0x71194 b=0x00000000 c=0x00000000 d=0x00000000 rc=0 n=1
i915: LCD-B t[447] write 0x71198 b=0x00000000 c=0x00000000 d=0x00000000 rc=0 n=1
i915: LCD-B t[448] write 0x711a0 b=0xff000000 c=0x00000000 d=0x00000000 rc=0 n=1
i915: LCD-B t[449] write 0x711a4 b=0x00000000 c=0x00000000 d=0x00000000 rc=0 n=1
i915: LCD-B t[450] write 0x711c0 b=0x00000000 c=0x00000000 d=0x00000000 rc=0 n=1
i915: LCD-B t[451] write 0x711c8 b=0x00000000 c=0x00000000 d=0x00000000 rc=0 n=1
i915: LCD-B t[452] write 0x711cc b=0x00002000 c=0x00000000 d=0x00000000 rc=0 n=1
i915: LCD-B t[453] write 0x71240 b=0x80004010 c=0x00000000 d=0x00000000 rc=0 n=1
i915: LCD-B t[454] write 0x71244 b=0x80014051 c=0x00000000 d=0x00000000 rc=0 n=1
i915: LCD-B t[455] write 0x71248 b=0x8001c071 c=0x00000000 d=0x00000000 rc=0 n=1
i915: LCD-B t[456] write 0x7124c b=0x80024091 c=0x00000000 d=0x00000000 rc=0 n=1
i915: LCD-B t[457] write 0x71250 b=0x800300c1 c=0x00000000 d=0x00000000 rc=0 n=1
i915: LCD-B t[458] write 0x71254 b=0x800300c1 c=0x00000000 d=0x00000000 rc=0 n=1
i915: LCD-B t[459] write 0x71268 b=0x8000001e c=0x00000000 d=0x00000000 rc=0 n=1
i915: LCD-B t[460] write 0x71258 b=0x80010041 c=0x00000000 d=0x00000000 rc=0 n=1
i915: LCD-B t[461] write 0x7125c b=0x8000004f c=0x00000000 d=0x00000000 rc=0 n=1
i915: LCD-B t[462] write 0x7127c b=0x0fd50000 c=0x00000000 d=0x00000000 rc=0 n=1
i915: LCD-B t[465] write 0x71180 b=0x94000000 c=0x00000000 d=0x00000000 rc=0 n=1
i915: LCD-B t[466] write 0x7119c b=0xbc0c0000 c=0x00000000 d=0x00000000 rc=0 n=1
i915: LCD-B t[469] pw-put 0x00049 b=0x0000004a c=0x00000011 d=0x00000001 rc=0 n=1
i915: LCD-B t[472] pw-get 0x00049 b=0x00000000 c=0x00000000 d=0x00000000 rc=74 n=1
i915: LCD-B t[473] write 0x71188 b=0x00000078 c=0x00000000 d=0x00000000 rc=0 n=1
i915: LCD-B t[474] write 0x7118c b=0x00000000 c=0x00000000 d=0x00000000 rc=0 n=1
i915: LCD-B t[475] write 0x71190 b=0x04ff077f c=0x00000000 d=0x00000000 rc=0 n=1
i915: LCD-B t[476] write 0x71194 b=0x00000000 c=0x00000000 d=0x00000000 rc=0 n=1
i915: LCD-B t[477] write 0x71198 b=0x00000000 c=0x00000000 d=0x00000000 rc=0 n=1
i915: LCD-B t[478] write 0x711a0 b=0xff000000 c=0x00000000 d=0x00000000 rc=0 n=1
i915: LCD-B t[479] write 0x711a4 b=0x00000000 c=0x00000000 d=0x00000000 rc=0 n=1
i915: LCD-B t[480] write 0x711c0 b=0x00000000 c=0x00000000 d=0x00000000 rc=0 n=1
i915: LCD-B t[481] write 0x711c8 b=0x00000000 c=0x00000000 d=0x00000000 rc=0 n=1
i915: LCD-B t[482] write 0x711cc b=0x00002000 c=0x00000000 d=0x00000000 rc=0 n=1
i915: LCD-B t[483] write 0x71240 b=0x80004010 c=0x00000000 d=0x00000000 rc=0 n=1
i915: LCD-B t[484] write 0x71244 b=0x80014051 c=0x00000000 d=0x00000000 rc=0 n=1
i915: LCD-B t[485] write 0x71248 b=0x8001c071 c=0x00000000 d=0x00000000 rc=0 n=1
i915: LCD-B t[486] write 0x7124c b=0x80024091 c=0x00000000 d=0x00000000 rc=0 n=1
i915: LCD-B t[487] write 0x71250 b=0x800300c1 c=0x00000000 d=0x00000000 rc=0 n=1
i915: LCD-B t[488] write 0x71254 b=0x800300c1 c=0x00000000 d=0x00000000 rc=0 n=1
i915: LCD-B t[489] write 0x71268 b=0x8000001e c=0x00000000 d=0x00000000 rc=0 n=1
i915: LCD-B t[490] write 0x71258 b=0x80010041 c=0x00000000 d=0x00000000 rc=0 n=1
i915: LCD-B t[491] write 0x7125c b=0x8000004f c=0x00000000 d=0x00000000 rc=0 n=1
i915: LCD-B t[492] write 0x7127c b=0x0fd50000 c=0x00000000 d=0x00000000 rc=0 n=1
i915: LCD-B t[495] write 0x71180 b=0x94000000 c=0x00000000 d=0x00000000 rc=0 n=1
i915: LCD-B t[496] write 0x7119c b=0xbcb80000 c=0x00000000 d=0x00000000 rc=0 n=1
i915: LCD-B t[499] pw-put 0x00049 b=0x0000004a c=0x00000011 d=0x00000001 rc=0 n=1
i915: LCD-B t[502] pw-get 0x00049 b=0x00000000 c=0x00000000 d=0x00000000 rc=74 n=1
i915: LCD-B t[503] write 0x71188 b=0x00000078 c=0x00000000 d=0x00000000 rc=0 n=1
i915: LCD-B t[504] write 0x7118c b=0x00000000 c=0x00000000 d=0x00000000 rc=0 n=1
i915: LCD-B t[505] write 0x71190 b=0x04ff077f c=0x00000000 d=0x00000000 rc=0 n=1
i915: LCD-B t[506] write 0x71194 b=0x00000000 c=0x00000000 d=0x00000000 rc=0 n=1
i915: LCD-B t[507] write 0x71198 b=0x00000000 c=0x00000000 d=0x00000000 rc=0 n=1
i915: LCD-B t[508] write 0x711a0 b=0xff000000 c=0x00000000 d=0x00000000 rc=0 n=1
i915: LCD-B t[509] write 0x711a4 b=0x00000000 c=0x00000000 d=0x00000000 rc=0 n=1
i915: LCD-B t[510] write 0x711c0 b=0x00000000 c=0x00000000 d=0x00000000 rc=0 n=1
i915: LCD-B t[511] write 0x711c8 b=0x00000000 c=0x00000000 d=0x00000000 rc=0 n=1
i915: LCD-B t[512] write 0x711cc b=0x00002000 c=0x00000000 d=0x00000000 rc=0 n=1
i915: LCD-B t[513] write 0x71240 b=0x80004010 c=0x00000000 d=0x00000000 rc=0 n=1
i915: LCD-B t[514] write 0x71244 b=0x80014051 c=0x00000000 d=0x00000000 rc=0 n=1
i915: LCD-B t[515] write 0x71248 b=0x8001c071 c=0x00000000 d=0x00000000 rc=0 n=1
i915: LCD-B t[516] write 0x7124c b=0x80024091 c=0x00000000 d=0x00000000 rc=0 n=1
i915: LCD-B t[517] write 0x71250 b=0x800300c1 c=0x00000000 d=0x00000000 rc=0 n=1
i915: LCD-B t[518] write 0x71254 b=0x800300c1 c=0x00000000 d=0x00000000 rc=0 n=1
i915: LCD-B t[519] write 0x71268 b=0x8000001e c=0x00000000 d=0x00000000 rc=0 n=1
i915: LCD-B t[520] write 0x71258 b=0x80010041 c=0x00000000 d=0x00000000 rc=0 n=1
i915: LCD-B t[521] write 0x7125c b=0x8000004f c=0x00000000 d=0x00000000 rc=0 n=1
i915: LCD-B t[522] write 0x7127c b=0x0fd50000 c=0x00000000 d=0x00000000 rc=0 n=1
i915: LCD-B t[525] write 0x71180 b=0x94000000 c=0x00000000 d=0x00000000 rc=0 n=1
i915: LCD-B t[526] write 0x7119c b=0xbc0c0000 c=0x00000000 d=0x00000000 rc=0 n=1
i915: LCD-B t[529] pw-put 0x00049 b=0x0000004a c=0x00000011 d=0x00000001 rc=0 n=1
i915: LCD-B t[533] pw-get 0x00049 b=0x00000000 c=0x00000000 d=0x00000000 rc=74 n=1
i915: LCD-B t[534] write 0x71188 b=0x00000078 c=0x00000000 d=0x00000000 rc=0 n=1
i915: LCD-B t[535] write 0x7118c b=0x00000000 c=0x00000000 d=0x00000000 rc=0 n=1
i915: LCD-B t[536] write 0x71190 b=0x04ff077f c=0x00000000 d=0x00000000 rc=0 n=1
i915: LCD-B t[537] write 0x71194 b=0x00000000 c=0x00000000 d=0x00000000 rc=0 n=1
i915: LCD-B t[538] write 0x71198 b=0x00000000 c=0x00000000 d=0x00000000 rc=0 n=1
i915: LCD-B t[539] write 0x711a0 b=0xff000000 c=0x00000000 d=0x00000000 rc=0 n=1
i915: LCD-B t[540] write 0x711a4 b=0x00000000 c=0x00000000 d=0x00000000 rc=0 n=1
i915: LCD-B t[541] write 0x711c0 b=0x00000000 c=0x00000000 d=0x00000000 rc=0 n=1
i915: LCD-B t[542] write 0x711c8 b=0x00000000 c=0x00000000 d=0x00000000 rc=0 n=1
i915: LCD-B t[543] write 0x711cc b=0x00002000 c=0x00000000 d=0x00000000 rc=0 n=1
i915: LCD-B t[544] write 0x71240 b=0x80004010 c=0x00000000 d=0x00000000 rc=0 n=1
i915: LCD-B t[545] write 0x71244 b=0x80014051 c=0x00000000 d=0x00000000 rc=0 n=1
i915: LCD-B t[546] write 0x71248 b=0x8001c071 c=0x00000000 d=0x00000000 rc=0 n=1
i915: LCD-B t[547] write 0x7124c b=0x80024091 c=0x00000000 d=0x00000000 rc=0 n=1
i915: LCD-B t[548] write 0x71250 b=0x800300c1 c=0x00000000 d=0x00000000 rc=0 n=1
i915: LCD-B t[549] write 0x71254 b=0x800300c1 c=0x00000000 d=0x00000000 rc=0 n=1
i915: LCD-B t[550] write 0x71268 b=0x8000001e c=0x00000000 d=0x00000000 rc=0 n=1
i915: LCD-B t[551] write 0x71258 b=0x80010041 c=0x00000000 d=0x00000000 rc=0 n=1
i915: LCD-B t[552] write 0x7125c b=0x8000004f c=0x00000000 d=0x00000000 rc=0 n=1
i915: LCD-B t[553] write 0x7127c b=0x0fd50000 c=0x00000000 d=0x00000000 rc=0 n=1
i915: LCD-B t[556] write 0x71180 b=0x94000000 c=0x00000000 d=0x00000000 rc=0 n=1
i915: LCD-B t[557] write 0x7119c b=0xbcb80000 c=0x00000000 d=0x00000000 rc=0 n=1
i915: LCD-B t[560] pw-put 0x00049 b=0x0000004a c=0x00000011 d=0x00000001 rc=0 n=1
i915: LCD-B t[563] pw-get 0x00049 b=0x00000000 c=0x00000000 d=0x00000000 rc=74 n=1
i915: LCD-B t[564] write 0x71188 b=0x00000078 c=0x00000000 d=0x00000000 rc=0 n=1
i915: LCD-B t[565] write 0x7118c b=0x00000000 c=0x00000000 d=0x00000000 rc=0 n=1
i915: LCD-B t[566] write 0x71190 b=0x04ff077f c=0x00000000 d=0x00000000 rc=0 n=1
i915: LCD-B t[567] write 0x71194 b=0x00000000 c=0x00000000 d=0x00000000 rc=0 n=1
i915: LCD-B t[568] write 0x71198 b=0x00000000 c=0x00000000 d=0x00000000 rc=0 n=1
i915: LCD-B t[569] write 0x711a0 b=0xff000000 c=0x00000000 d=0x00000000 rc=0 n=1
i915: LCD-B t[570] write 0x711a4 b=0x00000000 c=0x00000000 d=0x00000000 rc=0 n=1
i915: LCD-B t[571] write 0x711c0 b=0x00000000 c=0x00000000 d=0x00000000 rc=0 n=1
i915: LCD-B t[572] write 0x711c8 b=0x00000000 c=0x00000000 d=0x00000000 rc=0 n=1
i915: LCD-B t[573] write 0x711cc b=0x00002000 c=0x00000000 d=0x00000000 rc=0 n=1
i915: LCD-B t[574] write 0x71240 b=0x80004010 c=0x00000000 d=0x00000000 rc=0 n=1
i915: LCD-B t[575] write 0x71244 b=0x80014051 c=0x00000000 d=0x00000000 rc=0 n=1
i915: LCD-B t[576] write 0x71248 b=0x8001c071 c=0x00000000 d=0x00000000 rc=0 n=1
i915: LCD-B t[577] write 0x7124c b=0x80024091 c=0x00000000 d=0x00000000 rc=0 n=1
i915: LCD-B t[578] write 0x71250 b=0x800300c1 c=0x00000000 d=0x00000000 rc=0 n=1
i915: LCD-B t[579] write 0x71254 b=0x800300c1 c=0x00000000 d=0x00000000 rc=0 n=1
i915: LCD-B t[580] write 0x71268 b=0x8000001e c=0x00000000 d=0x00000000 rc=0 n=1
i915: LCD-B t[581] write 0x71258 b=0x80010041 c=0x00000000 d=0x00000000 rc=0 n=1
i915: LCD-B t[582] write 0x7125c b=0x8000004f c=0x00000000 d=0x00000000 rc=0 n=1
i915: LCD-B t[583] write 0x7127c b=0x0fd50000 c=0x00000000 d=0x00000000 rc=0 n=1
i915: LCD-B t[586] write 0x71180 b=0x94000000 c=0x00000000 d=0x00000000 rc=0 n=1
i915: LCD-B t[587] write 0x7119c b=0xbc0c0000 c=0x00000000 d=0x00000000 rc=0 n=1
i915: LCD-B t[590] pw-put 0x00049 b=0x0000004a c=0x00000011 d=0x00000001 rc=0 n=1
i915: LCD-B t[593] pw-get 0x00049 b=0x00000000 c=0x00000000 d=0x00000000 rc=74 n=1
i915: LCD-B t[594] write 0x71188 b=0x00000078 c=0x00000000 d=0x00000000 rc=0 n=1
i915: LCD-B t[595] write 0x7118c b=0x00000000 c=0x00000000 d=0x00000000 rc=0 n=1
i915: LCD-B t[596] write 0x71190 b=0x04ff077f c=0x00000000 d=0x00000000 rc=0 n=1
i915: LCD-B t[597] write 0x71194 b=0x00000000 c=0x00000000 d=0x00000000 rc=0 n=1
i915: LCD-B t[598] write 0x71198 b=0x00000000 c=0x00000000 d=0x00000000 rc=0 n=1
i915: LCD-B t[599] write 0x711a0 b=0xff000000 c=0x00000000 d=0x00000000 rc=0 n=1
i915: LCD-B t[600] write 0x711a4 b=0x00000000 c=0x00000000 d=0x00000000 rc=0 n=1
i915: LCD-B t[601] write 0x711c0 b=0x00000000 c=0x00000000 d=0x00000000 rc=0 n=1
i915: LCD-B t[602] write 0x711c8 b=0x00000000 c=0x00000000 d=0x00000000 rc=0 n=1
i915: LCD-B t[603] write 0x711cc b=0x00002000 c=0x00000000 d=0x00000000 rc=0 n=1
i915: LCD-B t[604] write 0x71240 b=0x80004010 c=0x00000000 d=0x00000000 rc=0 n=1
i915: LCD-B t[605] write 0x71244 b=0x80014051 c=0x00000000 d=0x00000000 rc=0 n=1
i915: LCD-B t[606] write 0x71248 b=0x8001c071 c=0x00000000 d=0x00000000 rc=0 n=1
i915: LCD-B t[607] write 0x7124c b=0x80024091 c=0x00000000 d=0x00000000 rc=0 n=1
i915: LCD-B t[608] write 0x71250 b=0x800300c1 c=0x00000000 d=0x00000000 rc=0 n=1
i915: LCD-B t[609] write 0x71254 b=0x800300c1 c=0x00000000 d=0x00000000 rc=0 n=1
i915: LCD-B t[610] write 0x71268 b=0x8000001e c=0x00000000 d=0x00000000 rc=0 n=1
i915: LCD-B t[611] write 0x71258 b=0x80010041 c=0x00000000 d=0x00000000 rc=0 n=1
i915: LCD-B t[612] write 0x7125c b=0x8000004f c=0x00000000 d=0x00000000 rc=0 n=1
i915: LCD-B t[613] write 0x7127c b=0x0fd50000 c=0x00000000 d=0x00000000 rc=0 n=1
i915: LCD-B t[616] write 0x71180 b=0x94000000 c=0x00000000 d=0x00000000 rc=0 n=1
i915: LCD-B t[617] write 0x7119c b=0xbcb80000 c=0x00000000 d=0x00000000 rc=0 n=1
i915: LCD-B t[620] pw-put 0x00049 b=0x0000004a c=0x00000011 d=0x00000001 rc=0 n=1
i915: LCD-B t[623] pw-get 0x00049 b=0x00000000 c=0x00000000 d=0x00000000 rc=74 n=1
i915: LCD-B t[624] write 0x71188 b=0x00000078 c=0x00000000 d=0x00000000 rc=0 n=1
i915: LCD-B t[625] write 0x7118c b=0x00000000 c=0x00000000 d=0x00000000 rc=0 n=1
i915: LCD-B t[626] write 0x71190 b=0x04ff077f c=0x00000000 d=0x00000000 rc=0 n=1
i915: LCD-B t[627] write 0x71194 b=0x00000000 c=0x00000000 d=0x00000000 rc=0 n=1
i915: LCD-B t[628] write 0x71198 b=0x00000000 c=0x00000000 d=0x00000000 rc=0 n=1
i915: LCD-B t[629] write 0x711a0 b=0xff000000 c=0x00000000 d=0x00000000 rc=0 n=1
i915: LCD-B t[630] write 0x711a4 b=0x00000000 c=0x00000000 d=0x00000000 rc=0 n=1
i915: LCD-B t[631] write 0x711c0 b=0x00000000 c=0x00000000 d=0x00000000 rc=0 n=1
i915: LCD-B t[632] write 0x711c8 b=0x00000000 c=0x00000000 d=0x00000000 rc=0 n=1
i915: LCD-B t[633] write 0x711cc b=0x00002000 c=0x00000000 d=0x00000000 rc=0 n=1
i915: LCD-B t[634] write 0x71240 b=0x80004010 c=0x00000000 d=0x00000000 rc=0 n=1
i915: LCD-B t[635] write 0x71244 b=0x80014051 c=0x00000000 d=0x00000000 rc=0 n=1
i915: LCD-B t[636] write 0x71248 b=0x8001c071 c=0x00000000 d=0x00000000 rc=0 n=1
i915: LCD-B t[637] write 0x7124c b=0x80024091 c=0x00000000 d=0x00000000 rc=0 n=1
i915: LCD-B t[638] write 0x71250 b=0x800300c1 c=0x00000000 d=0x00000000 rc=0 n=1
i915: LCD-B t[639] write 0x71254 b=0x800300c1 c=0x00000000 d=0x00000000 rc=0 n=1
i915: LCD-B t[640] write 0x71268 b=0x8000001e c=0x00000000 d=0x00000000 rc=0 n=1
i915: LCD-B t[641] write 0x71258 b=0x80010041 c=0x00000000 d=0x00000000 rc=0 n=1
i915: LCD-B t[642] write 0x7125c b=0x8000004f c=0x00000000 d=0x00000000 rc=0 n=1
i915: LCD-B t[643] write 0x7127c b=0x0fd50000 c=0x00000000 d=0x00000000 rc=0 n=1
i915: LCD-B t[646] write 0x71180 b=0x94000000 c=0x00000000 d=0x00000000 rc=0 n=1
i915: LCD-B t[647] write 0x7119c b=0xbc0c0000 c=0x00000000 d=0x00000000 rc=0 n=1
i915: LCD-B t[650] pw-put 0x00049 b=0x0000004a c=0x00000011 d=0x00000001 rc=0 n=1
i915: LCD-B t[653] pw-get 0x00049 b=0x00000000 c=0x00000000 d=0x00000000 rc=74 n=1
i915: LCD-B t[654] write 0x71188 b=0x00000078 c=0x00000000 d=0x00000000 rc=0 n=1
i915: LCD-B t[655] write 0x7118c b=0x00000000 c=0x00000000 d=0x00000000 rc=0 n=1
i915: LCD-B t[656] write 0x71190 b=0x04ff077f c=0x00000000 d=0x00000000 rc=0 n=1
i915: LCD-B t[657] write 0x71194 b=0x00000000 c=0x00000000 d=0x00000000 rc=0 n=1
i915: LCD-B t[658] write 0x71198 b=0x00000000 c=0x00000000 d=0x00000000 rc=0 n=1
i915: LCD-B t[659] write 0x711a0 b=0xff000000 c=0x00000000 d=0x00000000 rc=0 n=1
i915: LCD-B t[660] write 0x711a4 b=0x00000000 c=0x00000000 d=0x00000000 rc=0 n=1
i915: LCD-B t[661] write 0x711c0 b=0x00000000 c=0x00000000 d=0x00000000 rc=0 n=1
i915: LCD-B t[662] write 0x711c8 b=0x00000000 c=0x00000000 d=0x00000000 rc=0 n=1
i915: LCD-B t[663] write 0x711cc b=0x00002000 c=0x00000000 d=0x00000000 rc=0 n=1
i915: LCD-B t[664] write 0x71240 b=0x80004010 c=0x00000000 d=0x00000000 rc=0 n=1
i915: LCD-B t[665] write 0x71244 b=0x80014051 c=0x00000000 d=0x00000000 rc=0 n=1
i915: LCD-B t[666] write 0x71248 b=0x8001c071 c=0x00000000 d=0x00000000 rc=0 n=1
i915: LCD-B t[667] write 0x7124c b=0x80024091 c=0x00000000 d=0x00000000 rc=0 n=1
i915: LCD-B t[668] write 0x71250 b=0x800300c1 c=0x00000000 d=0x00000000 rc=0 n=1
i915: LCD-B t[669] write 0x71254 b=0x800300c1 c=0x00000000 d=0x00000000 rc=0 n=1
i915: LCD-B t[670] write 0x71268 b=0x8000001e c=0x00000000 d=0x00000000 rc=0 n=1
i915: LCD-B t[671] write 0x71258 b=0x80010041 c=0x00000000 d=0x00000000 rc=0 n=1
i915: LCD-B t[672] write 0x7125c b=0x8000004f c=0x00000000 d=0x00000000 rc=0 n=1
i915: LCD-B t[673] write 0x7127c b=0x0fd50000 c=0x00000000 d=0x00000000 rc=0 n=1
i915: LCD-B t[676] write 0x71180 b=0x94000000 c=0x00000000 d=0x00000000 rc=0 n=1
i915: LCD-B t[677] write 0x7119c b=0xbcb80000 c=0x00000000 d=0x00000000 rc=0 n=1
i915: LCD-B t[680] pw-put 0x00049 b=0x0000004a c=0x00000011 d=0x00000001 rc=0 n=1
i915: LCD-B t[683] pw-get 0x00049 b=0x00000000 c=0x00000000 d=0x00000000 rc=74 n=1
i915: LCD-B t[684] write 0x71188 b=0x00000078 c=0x00000000 d=0x00000000 rc=0 n=1
i915: LCD-B t[685] write 0x7118c b=0x00000000 c=0x00000000 d=0x00000000 rc=0 n=1
i915: LCD-B t[686] write 0x71190 b=0x04ff077f c=0x00000000 d=0x00000000 rc=0 n=1
i915: LCD-B t[687] write 0x71194 b=0x00000000 c=0x00000000 d=0x00000000 rc=0 n=1
i915: LCD-B t[688] write 0x71198 b=0x00000000 c=0x00000000 d=0x00000000 rc=0 n=1
i915: LCD-B t[689] write 0x711a0 b=0xff000000 c=0x00000000 d=0x00000000 rc=0 n=1
i915: LCD-B t[690] write 0x711a4 b=0x00000000 c=0x00000000 d=0x00000000 rc=0 n=1
i915: LCD-B t[691] write 0x711c0 b=0x00000000 c=0x00000000 d=0x00000000 rc=0 n=1
i915: LCD-B t[692] write 0x711c8 b=0x00000000 c=0x00000000 d=0x00000000 rc=0 n=1
i915: LCD-B t[693] write 0x711cc b=0x00002000 c=0x00000000 d=0x00000000 rc=0 n=1
i915: LCD-B t[694] write 0x71240 b=0x80004010 c=0x00000000 d=0x00000000 rc=0 n=1
i915: LCD-B t[695] write 0x71244 b=0x80014051 c=0x00000000 d=0x00000000 rc=0 n=1
i915: LCD-B t[696] write 0x71248 b=0x8001c071 c=0x00000000 d=0x00000000 rc=0 n=1
i915: LCD-B t[697] write 0x7124c b=0x80024091 c=0x00000000 d=0x00000000 rc=0 n=1
i915: LCD-B t[698] write 0x71250 b=0x800300c1 c=0x00000000 d=0x00000000 rc=0 n=1
i915: LCD-B t[699] write 0x71254 b=0x800300c1 c=0x00000000 d=0x00000000 rc=0 n=1
i915: LCD-B t[700] write 0x71268 b=0x8000001e c=0x00000000 d=0x00000000 rc=0 n=1
i915: LCD-B t[701] write 0x71258 b=0x80010041 c=0x00000000 d=0x00000000 rc=0 n=1
i915: LCD-B t[702] write 0x7125c b=0x8000004f c=0x00000000 d=0x00000000 rc=0 n=1
i915: LCD-B t[703] write 0x7127c b=0x0fd50000 c=0x00000000 d=0x00000000 rc=0 n=1
i915: LCD-B t[706] write 0x71180 b=0x94000000 c=0x00000000 d=0x00000000 rc=0 n=1
i915: LCD-B t[707] write 0x7119c b=0xbc0c0000 c=0x00000000 d=0x00000000 rc=0 n=1
i915: LCD-B t[710] pw-put 0x00049 b=0x0000004a c=0x00000011 d=0x00000001 rc=0 n=1
i915: LCD-B t[713] pw-get 0x00049 b=0x00000000 c=0x00000000 d=0x00000000 rc=74 n=1
i915: LCD-B t[714] write 0x71188 b=0x00000078 c=0x00000000 d=0x00000000 rc=0 n=1
i915: LCD-B t[715] write 0x7118c b=0x00000000 c=0x00000000 d=0x00000000 rc=0 n=1
i915: LCD-B t[716] write 0x71190 b=0x04ff077f c=0x00000000 d=0x00000000 rc=0 n=1
i915: LCD-B t[717] write 0x71194 b=0x00000000 c=0x00000000 d=0x00000000 rc=0 n=1
i915: LCD-B t[718] write 0x71198 b=0x00000000 c=0x00000000 d=0x00000000 rc=0 n=1
i915: LCD-B t[719] write 0x711a0 b=0xff000000 c=0x00000000 d=0x00000000 rc=0 n=1
i915: LCD-B t[720] write 0x711a4 b=0x00000000 c=0x00000000 d=0x00000000 rc=0 n=1
i915: LCD-B t[721] write 0x711c0 b=0x00000000 c=0x00000000 d=0x00000000 rc=0 n=1
i915: LCD-B t[722] write 0x711c8 b=0x00000000 c=0x00000000 d=0x00000000 rc=0 n=1
i915: LCD-B t[723] write 0x711cc b=0x00002000 c=0x00000000 d=0x00000000 rc=0 n=1
i915: LCD-B t[724] write 0x71240 b=0x80004010 c=0x00000000 d=0x00000000 rc=0 n=1
i915: LCD-B t[725] write 0x71244 b=0x80014051 c=0x00000000 d=0x00000000 rc=0 n=1
i915: LCD-B t[726] write 0x71248 b=0x8001c071 c=0x00000000 d=0x00000000 rc=0 n=1
i915: LCD-B t[727] write 0x7124c b=0x80024091 c=0x00000000 d=0x00000000 rc=0 n=1
i915: LCD-B t[728] write 0x71250 b=0x800300c1 c=0x00000000 d=0x00000000 rc=0 n=1
i915: LCD-B t[729] write 0x71254 b=0x800300c1 c=0x00000000 d=0x00000000 rc=0 n=1
i915: LCD-B t[730] write 0x71268 b=0x8000001e c=0x00000000 d=0x00000000 rc=0 n=1
i915: LCD-B t[731] write 0x71258 b=0x80010041 c=0x00000000 d=0x00000000 rc=0 n=1
i915: LCD-B t[732] write 0x7125c b=0x8000004f c=0x00000000 d=0x00000000 rc=0 n=1
i915: LCD-B t[733] write 0x7127c b=0x0fd50000 c=0x00000000 d=0x00000000 rc=0 n=1
i915: LCD-B t[736] write 0x71180 b=0x94000000 c=0x00000000 d=0x00000000 rc=0 n=1
i915: LCD-B t[737] write 0x7119c b=0xbcb80000 c=0x00000000 d=0x00000000 rc=0 n=1
i915: LCD-B t[740] pw-put 0x00049 b=0x0000004a c=0x00000011 d=0x00000001 rc=0 n=1
i915: LCD-B t[743] pw-get 0x00049 b=0x00000000 c=0x00000000 d=0x00000000 rc=74 n=1
i915: LCD-B t[744] write 0x71188 b=0x00000078 c=0x00000000 d=0x00000000 rc=0 n=1
i915: LCD-B t[745] write 0x7118c b=0x00000000 c=0x00000000 d=0x00000000 rc=0 n=1
i915: LCD-B t[746] write 0x71190 b=0x04ff077f c=0x00000000 d=0x00000000 rc=0 n=1
i915: LCD-B t[747] write 0x71194 b=0x00000000 c=0x00000000 d=0x00000000 rc=0 n=1
i915: LCD-B t[748] write 0x71198 b=0x00000000 c=0x00000000 d=0x00000000 rc=0 n=1
i915: LCD-B t[749] write 0x711a0 b=0xff000000 c=0x00000000 d=0x00000000 rc=0 n=1
i915: LCD-B t[750] write 0x711a4 b=0x00000000 c=0x00000000 d=0x00000000 rc=0 n=1
i915: LCD-B t[751] write 0x711c0 b=0x00000000 c=0x00000000 d=0x00000000 rc=0 n=1
i915: LCD-B t[752] write 0x711c8 b=0x00000000 c=0x00000000 d=0x00000000 rc=0 n=1
i915: LCD-B t[753] write 0x711cc b=0x00002000 c=0x00000000 d=0x00000000 rc=0 n=1
i915: LCD-B t[754] write 0x71240 b=0x80004010 c=0x00000000 d=0x00000000 rc=0 n=1
i915: LCD-B t[755] write 0x71244 b=0x80014051 c=0x00000000 d=0x00000000 rc=0 n=1
i915: LCD-B t[756] write 0x71248 b=0x8001c071 c=0x00000000 d=0x00000000 rc=0 n=1
i915: LCD-B t[757] write 0x7124c b=0x80024091 c=0x00000000 d=0x00000000 rc=0 n=1
i915: LCD-B t[758] write 0x71250 b=0x800300c1 c=0x00000000 d=0x00000000 rc=0 n=1
i915: LCD-B t[759] write 0x71254 b=0x800300c1 c=0x00000000 d=0x00000000 rc=0 n=1
i915: LCD-B t[760] write 0x71268 b=0x8000001e c=0x00000000 d=0x00000000 rc=0 n=1
i915: LCD-B t[761] write 0x71258 b=0x80010041 c=0x00000000 d=0x00000000 rc=0 n=1
i915: LCD-B t[762] write 0x7125c b=0x8000004f c=0x00000000 d=0x00000000 rc=0 n=1
i915: LCD-B t[763] write 0x7127c b=0x0fd50000 c=0x00000000 d=0x00000000 rc=0 n=1
i915: LCD-B t[766] write 0x71180 b=0x94000000 c=0x00000000 d=0x00000000 rc=0 n=1
i915: LCD-B t[767] write 0x7119c b=0xbc0c0000 c=0x00000000 d=0x00000000 rc=0 n=1
i915: LCD-B t[770] pw-put 0x00049 b=0x0000004a c=0x00000011 d=0x00000001 rc=0 n=1
i915: LCD-B t[773] pw-get 0x00049 b=0x00000000 c=0x00000000 d=0x00000000 rc=74 n=1
i915: LCD-B t[774] write 0x71188 b=0x00000078 c=0x00000000 d=0x00000000 rc=0 n=1
i915: LCD-B t[775] write 0x7118c b=0x00000000 c=0x00000000 d=0x00000000 rc=0 n=1
i915: LCD-B t[776] write 0x71190 b=0x04ff077f c=0x00000000 d=0x00000000 rc=0 n=1
i915: LCD-B t[777] write 0x71194 b=0x00000000 c=0x00000000 d=0x00000000 rc=0 n=1
i915: LCD-B t[778] write 0x71198 b=0x00000000 c=0x00000000 d=0x00000000 rc=0 n=1
i915: LCD-B t[779] write 0x711a0 b=0xff000000 c=0x00000000 d=0x00000000 rc=0 n=1
i915: LCD-B t[780] write 0x711a4 b=0x00000000 c=0x00000000 d=0x00000000 rc=0 n=1
i915: LCD-B t[781] write 0x711c0 b=0x00000000 c=0x00000000 d=0x00000000 rc=0 n=1
i915: LCD-B t[782] write 0x711c8 b=0x00000000 c=0x00000000 d=0x00000000 rc=0 n=1
i915: LCD-B t[783] write 0x711cc b=0x00002000 c=0x00000000 d=0x00000000 rc=0 n=1
i915: LCD-B t[784] write 0x71240 b=0x80004010 c=0x00000000 d=0x00000000 rc=0 n=1
i915: LCD-B t[785] write 0x71244 b=0x80014051 c=0x00000000 d=0x00000000 rc=0 n=1
i915: LCD-B t[786] write 0x71248 b=0x8001c071 c=0x00000000 d=0x00000000 rc=0 n=1
i915: LCD-B t[787] write 0x7124c b=0x80024091 c=0x00000000 d=0x00000000 rc=0 n=1
i915: LCD-B t[788] write 0x71250 b=0x800300c1 c=0x00000000 d=0x00000000 rc=0 n=1
i915: LCD-B t[789] write 0x71254 b=0x800300c1 c=0x00000000 d=0x00000000 rc=0 n=1
i915: LCD-B t[790] write 0x71268 b=0x8000001e c=0x00000000 d=0x00000000 rc=0 n=1
i915: LCD-B t[791] write 0x71258 b=0x80010041 c=0x00000000 d=0x00000000 rc=0 n=1
i915: LCD-B t[792] write 0x7125c b=0x8000004f c=0x00000000 d=0x00000000 rc=0 n=1
i915: LCD-B t[793] write 0x7127c b=0x0fd50000 c=0x00000000 d=0x00000000 rc=0 n=1
i915: LCD-B t[796] write 0x71180 b=0x94000000 c=0x00000000 d=0x00000000 rc=0 n=1
i915: LCD-B t[797] write 0x7119c b=0xbcb80000 c=0x00000000 d=0x00000000 rc=0 n=1
i915: LCD-B t[800] pw-put 0x00049 b=0x0000004a c=0x00000011 d=0x00000001 rc=0 n=1
i915: LCD-B t[803] pw-get 0x00049 b=0x00000000 c=0x00000000 d=0x00000000 rc=74 n=1
i915: LCD-B t[804] write 0x71188 b=0x00000078 c=0x00000000 d=0x00000000 rc=0 n=1
i915: LCD-B t[805] write 0x7118c b=0x00000000 c=0x00000000 d=0x00000000 rc=0 n=1
i915: LCD-B t[806] write 0x71190 b=0x04ff077f c=0x00000000 d=0x00000000 rc=0 n=1
i915: LCD-B t[807] write 0x71194 b=0x00000000 c=0x00000000 d=0x00000000 rc=0 n=1
i915: LCD-B t[808] write 0x71198 b=0x00000000 c=0x00000000 d=0x00000000 rc=0 n=1
i915: LCD-B t[809] write 0x711a0 b=0xff000000 c=0x00000000 d=0x00000000 rc=0 n=1
i915: LCD-B t[810] write 0x711a4 b=0x00000000 c=0x00000000 d=0x00000000 rc=0 n=1
i915: LCD-B t[811] write 0x711c0 b=0x00000000 c=0x00000000 d=0x00000000 rc=0 n=1
i915: LCD-B t[812] write 0x711c8 b=0x00000000 c=0x00000000 d=0x00000000 rc=0 n=1
i915: LCD-B t[813] write 0x711cc b=0x00002000 c=0x00000000 d=0x00000000 rc=0 n=1
i915: LCD-B t[814] write 0x71240 b=0x80004010 c=0x00000000 d=0x00000000 rc=0 n=1
i915: LCD-B t[815] write 0x71244 b=0x80014051 c=0x00000000 d=0x00000000 rc=0 n=1
i915: LCD-B t[816] write 0x71248 b=0x8001c071 c=0x00000000 d=0x00000000 rc=0 n=1
i915: LCD-B t[817] write 0x7124c b=0x80024091 c=0x00000000 d=0x00000000 rc=0 n=1
i915: LCD-B t[818] write 0x71250 b=0x800300c1 c=0x00000000 d=0x00000000 rc=0 n=1
i915: LCD-B t[819] write 0x71254 b=0x800300c1 c=0x00000000 d=0x00000000 rc=0 n=1
i915: LCD-B t[820] write 0x71268 b=0x8000001e c=0x00000000 d=0x00000000 rc=0 n=1
i915: LCD-B t[821] write 0x71258 b=0x80010041 c=0x00000000 d=0x00000000 rc=0 n=1
i915: LCD-B t[822] write 0x7125c b=0x8000004f c=0x00000000 d=0x00000000 rc=0 n=1
i915: LCD-B t[823] write 0x7127c b=0x0fd50000 c=0x00000000 d=0x00000000 rc=0 n=1
i915: LCD-B t[826] write 0x71180 b=0x94000000 c=0x00000000 d=0x00000000 rc=0 n=1
i915: LCD-B t[827] write 0x7119c b=0xbc0c0000 c=0x00000000 d=0x00000000 rc=0 n=1
i915: LCD-B t[830] pw-put 0x00049 b=0x0000004a c=0x00000011 d=0x00000001 rc=0 n=1
i915: LCD-B t[833] pw-get 0x00049 b=0x00000000 c=0x00000000 d=0x00000000 rc=74 n=1
i915: LCD-B t[834] write 0x71188 b=0x00000078 c=0x00000000 d=0x00000000 rc=0 n=1
i915: LCD-B t[835] write 0x7118c b=0x00000000 c=0x00000000 d=0x00000000 rc=0 n=1
i915: LCD-B t[836] write 0x71190 b=0x04ff077f c=0x00000000 d=0x00000000 rc=0 n=1
i915: LCD-B t[837] write 0x71194 b=0x00000000 c=0x00000000 d=0x00000000 rc=0 n=1
i915: LCD-B t[838] write 0x71198 b=0x00000000 c=0x00000000 d=0x00000000 rc=0 n=1
i915: LCD-B t[839] write 0x711a0 b=0xff000000 c=0x00000000 d=0x00000000 rc=0 n=1
i915: LCD-B t[840] write 0x711a4 b=0x00000000 c=0x00000000 d=0x00000000 rc=0 n=1
i915: LCD-B t[841] write 0x711c0 b=0x00000000 c=0x00000000 d=0x00000000 rc=0 n=1
i915: LCD-B t[842] write 0x711c8 b=0x00000000 c=0x00000000 d=0x00000000 rc=0 n=1
i915: LCD-B t[843] write 0x711cc b=0x00002000 c=0x00000000 d=0x00000000 rc=0 n=1
i915: LCD-B t[844] write 0x71240 b=0x80004010 c=0x00000000 d=0x00000000 rc=0 n=1
i915: LCD-B t[845] write 0x71244 b=0x80014051 c=0x00000000 d=0x00000000 rc=0 n=1
i915: LCD-B t[846] write 0x71248 b=0x8001c071 c=0x00000000 d=0x00000000 rc=0 n=1
i915: LCD-B t[847] write 0x7124c b=0x80024091 c=0x00000000 d=0x00000000 rc=0 n=1
i915: LCD-B t[848] write 0x71250 b=0x800300c1 c=0x00000000 d=0x00000000 rc=0 n=1
i915: LCD-B t[849] write 0x71254 b=0x800300c1 c=0x00000000 d=0x00000000 rc=0 n=1
i915: LCD-B t[850] write 0x71268 b=0x8000001e c=0x00000000 d=0x00000000 rc=0 n=1
i915: LCD-B t[851] write 0x71258 b=0x80010041 c=0x00000000 d=0x00000000 rc=0 n=1
i915: LCD-B t[852] write 0x7125c b=0x8000004f c=0x00000000 d=0x00000000 rc=0 n=1
i915: LCD-B t[853] write 0x7127c b=0x0fd50000 c=0x00000000 d=0x00000000 rc=0 n=1
i915: LCD-B t[856] write 0x71180 b=0x94000000 c=0x00000000 d=0x00000000 rc=0 n=1
i915: LCD-B t[857] write 0x7119c b=0xbcb80000 c=0x00000000 d=0x00000000 rc=0 n=1
i915: LCD-B t[860] pw-put 0x00049 b=0x0000004a c=0x00000011 d=0x00000001 rc=0 n=1
i915: LCD-B t[863] pw-get 0x00049 b=0x00000000 c=0x00000000 d=0x00000000 rc=74 n=1
i915: LCD-B t[864] write 0x71188 b=0x00000078 c=0x00000000 d=0x00000000 rc=0 n=1
i915: LCD-B t[865] write 0x7118c b=0x00000000 c=0x00000000 d=0x00000000 rc=0 n=1
i915: LCD-B t[866] write 0x71190 b=0x04ff077f c=0x00000000 d=0x00000000 rc=0 n=1
i915: LCD-B t[867] write 0x71194 b=0x00000000 c=0x00000000 d=0x00000000 rc=0 n=1
i915: LCD-B t[868] write 0x71198 b=0x00000000 c=0x00000000 d=0x00000000 rc=0 n=1
i915: LCD-B t[869] write 0x711a0 b=0xff000000 c=0x00000000 d=0x00000000 rc=0 n=1
i915: LCD-B t[870] write 0x711a4 b=0x00000000 c=0x00000000 d=0x00000000 rc=0 n=1
i915: LCD-B t[871] write 0x711c0 b=0x00000000 c=0x00000000 d=0x00000000 rc=0 n=1
i915: LCD-B t[872] write 0x711c8 b=0x00000000 c=0x00000000 d=0x00000000 rc=0 n=1
i915: LCD-B t[873] write 0x711cc b=0x00002000 c=0x00000000 d=0x00000000 rc=0 n=1
i915: LCD-B t[874] write 0x71240 b=0x80004010 c=0x00000000 d=0x00000000 rc=0 n=1
i915: LCD-B t[875] write 0x71244 b=0x80014051 c=0x00000000 d=0x00000000 rc=0 n=1
i915: LCD-B t[876] write 0x71248 b=0x8001c071 c=0x00000000 d=0x00000000 rc=0 n=1
i915: LCD-B t[877] write 0x7124c b=0x80024091 c=0x00000000 d=0x00000000 rc=0 n=1
i915: LCD-B t[878] write 0x71250 b=0x800300c1 c=0x00000000 d=0x00000000 rc=0 n=1
i915: LCD-B t[879] write 0x71254 b=0x800300c1 c=0x00000000 d=0x00000000 rc=0 n=1
i915: LCD-B t[880] write 0x71268 b=0x8000001e c=0x00000000 d=0x00000000 rc=0 n=1
i915: LCD-B t[881] write 0x71258 b=0x80010041 c=0x00000000 d=0x00000000 rc=0 n=1
i915: LCD-B t[882] write 0x7125c b=0x8000004f c=0x00000000 d=0x00000000 rc=0 n=1
i915: LCD-B t[883] write 0x7127c b=0x0fd50000 c=0x00000000 d=0x00000000 rc=0 n=1
i915: LCD-B t[886] write 0x71180 b=0x94000000 c=0x00000000 d=0x00000000 rc=0 n=1
i915: LCD-B t[887] write 0x7119c b=0xbc0c0000 c=0x00000000 d=0x00000000 rc=0 n=1
i915: LCD-B t[890] pw-put 0x00049 b=0x0000004a c=0x00000011 d=0x00000001 rc=0 n=1
i915: LCD-B t[893] pw-get 0x00049 b=0x00000000 c=0x00000000 d=0x00000000 rc=74 n=1
i915: LCD-B t[894] write 0x71188 b=0x00000078 c=0x00000000 d=0x00000000 rc=0 n=1
i915: LCD-B t[895] write 0x7118c b=0x00000000 c=0x00000000 d=0x00000000 rc=0 n=1
i915: LCD-B t[896] write 0x71190 b=0x04ff077f c=0x00000000 d=0x00000000 rc=0 n=1
i915: LCD-B t[897] write 0x71194 b=0x00000000 c=0x00000000 d=0x00000000 rc=0 n=1
i915: LCD-B t[898] write 0x71198 b=0x00000000 c=0x00000000 d=0x00000000 rc=0 n=1
i915: LCD-B t[899] write 0x711a0 b=0xff000000 c=0x00000000 d=0x00000000 rc=0 n=1
i915: LCD-B t[900] write 0x711a4 b=0x00000000 c=0x00000000 d=0x00000000 rc=0 n=1
i915: LCD-B t[901] write 0x711c0 b=0x00000000 c=0x00000000 d=0x00000000 rc=0 n=1
i915: LCD-B t[902] write 0x711c8 b=0x00000000 c=0x00000000 d=0x00000000 rc=0 n=1
i915: LCD-B t[903] write 0x711cc b=0x00002000 c=0x00000000 d=0x00000000 rc=0 n=1
i915: LCD-B t[904] write 0x71240 b=0x80004010 c=0x00000000 d=0x00000000 rc=0 n=1
i915: LCD-B t[905] write 0x71244 b=0x80014051 c=0x00000000 d=0x00000000 rc=0 n=1
i915: LCD-B t[906] write 0x71248 b=0x8001c071 c=0x00000000 d=0x00000000 rc=0 n=1
i915: LCD-B t[907] write 0x7124c b=0x80024091 c=0x00000000 d=0x00000000 rc=0 n=1
i915: LCD-B t[908] write 0x71250 b=0x800300c1 c=0x00000000 d=0x00000000 rc=0 n=1
i915: LCD-B t[909] write 0x71254 b=0x800300c1 c=0x00000000 d=0x00000000 rc=0 n=1
i915: LCD-B t[910] write 0x71268 b=0x8000001e c=0x00000000 d=0x00000000 rc=0 n=1
i915: LCD-B t[911] write 0x71258 b=0x80010041 c=0x00000000 d=0x00000000 rc=0 n=1
i915: LCD-B t[912] write 0x7125c b=0x8000004f c=0x00000000 d=0x00000000 rc=0 n=1
i915: LCD-B t[913] write 0x7127c b=0x0fd50000 c=0x00000000 d=0x00000000 rc=0 n=1
i915: LCD-B t[916] write 0x71180 b=0x94000000 c=0x00000000 d=0x00000000 rc=0 n=1
i915: LCD-B t[917] write 0x7119c b=0xbcb80000 c=0x00000000 d=0x00000000 rc=0 n=1
i915: LCD-B t[920] pw-put 0x00049 b=0x0000004a c=0x00000011 d=0x00000001 rc=0 n=1
i915: LCD-B t[923] pw-get 0x00049 b=0x00000000 c=0x00000000 d=0x00000000 rc=74 n=1
i915: LCD-B t[924] write 0x71188 b=0x00000078 c=0x00000000 d=0x00000000 rc=0 n=1
i915: LCD-B t[925] write 0x7118c b=0x00000000 c=0x00000000 d=0x00000000 rc=0 n=1
i915: LCD-B t[926] write 0x71190 b=0x04ff077f c=0x00000000 d=0x00000000 rc=0 n=1
i915: LCD-B t[927] write 0x71194 b=0x00000000 c=0x00000000 d=0x00000000 rc=0 n=1
i915: LCD-B t[928] write 0x71198 b=0x00000000 c=0x00000000 d=0x00000000 rc=0 n=1
i915: LCD-B t[929] write 0x711a0 b=0xff000000 c=0x00000000 d=0x00000000 rc=0 n=1
i915: LCD-B t[930] write 0x711a4 b=0x00000000 c=0x00000000 d=0x00000000 rc=0 n=1
i915: LCD-B t[931] write 0x711c0 b=0x00000000 c=0x00000000 d=0x00000000 rc=0 n=1
i915: LCD-B t[932] write 0x711c8 b=0x00000000 c=0x00000000 d=0x00000000 rc=0 n=1
i915: LCD-B t[933] write 0x711cc b=0x00002000 c=0x00000000 d=0x00000000 rc=0 n=1
i915: LCD-B t[934] write 0x71240 b=0x80004010 c=0x00000000 d=0x00000000 rc=0 n=1
i915: LCD-B t[935] write 0x71244 b=0x80014051 c=0x00000000 d=0x00000000 rc=0 n=1
i915: LCD-B t[936] write 0x71248 b=0x8001c071 c=0x00000000 d=0x00000000 rc=0 n=1
i915: LCD-B t[937] write 0x7124c b=0x80024091 c=0x00000000 d=0x00000000 rc=0 n=1
i915: LCD-B t[938] write 0x71250 b=0x800300c1 c=0x00000000 d=0x00000000 rc=0 n=1
i915: LCD-B t[939] write 0x71254 b=0x800300c1 c=0x00000000 d=0x00000000 rc=0 n=1
i915: LCD-B t[940] write 0x71268 b=0x8000001e c=0x00000000 d=0x00000000 rc=0 n=1
i915: LCD-B t[941] write 0x71258 b=0x80010041 c=0x00000000 d=0x00000000 rc=0 n=1
i915: LCD-B t[942] write 0x7125c b=0x8000004f c=0x00000000 d=0x00000000 rc=0 n=1
i915: LCD-B t[943] write 0x7127c b=0x0fd50000 c=0x00000000 d=0x00000000 rc=0 n=1
i915: LCD-B t[946] write 0x71180 b=0x94000000 c=0x00000000 d=0x00000000 rc=0 n=1
i915: LCD-B t[947] write 0x7119c b=0xbc0c0000 c=0x00000000 d=0x00000000 rc=0 n=1
i915: LCD-B t[950] pw-put 0x00049 b=0x0000004a c=0x00000011 d=0x00000001 rc=0 n=1
i915: LCD-B t[953] pw-get 0x00049 b=0x00000000 c=0x00000000 d=0x00000000 rc=74 n=1
i915: LCD-B t[954] write 0x71188 b=0x00000078 c=0x00000000 d=0x00000000 rc=0 n=1
i915: LCD-B t[955] write 0x7118c b=0x00000000 c=0x00000000 d=0x00000000 rc=0 n=1
i915: LCD-B t[956] write 0x71190 b=0x04ff077f c=0x00000000 d=0x00000000 rc=0 n=1
i915: LCD-B t[957] write 0x71194 b=0x00000000 c=0x00000000 d=0x00000000 rc=0 n=1
i915: LCD-B t[958] write 0x71198 b=0x00000000 c=0x00000000 d=0x00000000 rc=0 n=1
i915: LCD-B t[959] write 0x711a0 b=0xff000000 c=0x00000000 d=0x00000000 rc=0 n=1
i915: LCD-B t[960] write 0x711a4 b=0x00000000 c=0x00000000 d=0x00000000 rc=0 n=1
i915: LCD-B t[961] write 0x711c0 b=0x00000000 c=0x00000000 d=0x00000000 rc=0 n=1
i915: LCD-B t[962] write 0x711c8 b=0x00000000 c=0x00000000 d=0x00000000 rc=0 n=1
i915: LCD-B t[963] write 0x711cc b=0x00002000 c=0x00000000 d=0x00000000 rc=0 n=1
i915: LCD-B t[964] write 0x71240 b=0x80004010 c=0x00000000 d=0x00000000 rc=0 n=1
i915: LCD-B t[965] write 0x71244 b=0x80014051 c=0x00000000 d=0x00000000 rc=0 n=1
i915: LCD-B t[966] write 0x71248 b=0x8001c071 c=0x00000000 d=0x00000000 rc=0 n=1
i915: LCD-B t[967] write 0x7124c b=0x80024091 c=0x00000000 d=0x00000000 rc=0 n=1
i915: LCD-B t[968] write 0x71250 b=0x800300c1 c=0x00000000 d=0x00000000 rc=0 n=1
i915: LCD-B t[969] write 0x71254 b=0x800300c1 c=0x00000000 d=0x00000000 rc=0 n=1
i915: LCD-B t[970] write 0x71268 b=0x8000001e c=0x00000000 d=0x00000000 rc=0 n=1
i915: LCD-B t[971] write 0x71258 b=0x80010041 c=0x00000000 d=0x00000000 rc=0 n=1
i915: LCD-B t[972] write 0x7125c b=0x8000004f c=0x00000000 d=0x00000000 rc=0 n=1
i915: LCD-B t[973] write 0x7127c b=0x0fd50000 c=0x00000000 d=0x00000000 rc=0 n=1
i915: LCD-B t[976] write 0x71180 b=0x94000000 c=0x00000000 d=0x00000000 rc=0 n=1
i915: LCD-B t[977] write 0x7119c b=0xbcb80000 c=0x00000000 d=0x00000000 rc=0 n=1
i915: LCD-B t[980] pw-put 0x00049 b=0x0000004a c=0x00000011 d=0x00000001 rc=0 n=1
i915: LCD-B t[983] pw-get 0x00049 b=0x00000000 c=0x00000000 d=0x00000000 rc=74 n=1
i915: LCD-B t[984] write 0x71188 b=0x00000078 c=0x00000000 d=0x00000000 rc=0 n=1
i915: LCD-B t[985] write 0x7118c b=0x00000000 c=0x00000000 d=0x00000000 rc=0 n=1
i915: LCD-B t[986] write 0x71190 b=0x04ff077f c=0x00000000 d=0x00000000 rc=0 n=1
i915: LCD-B t[987] write 0x71194 b=0x00000000 c=0x00000000 d=0x00000000 rc=0 n=1
i915: LCD-B t[988] write 0x71198 b=0x00000000 c=0x00000000 d=0x00000000 rc=0 n=1
i915: LCD-B t[989] write 0x711a0 b=0xff000000 c=0x00000000 d=0x00000000 rc=0 n=1
i915: LCD-B t[990] write 0x711a4 b=0x00000000 c=0x00000000 d=0x00000000 rc=0 n=1
i915: LCD-B t[991] write 0x711c0 b=0x00000000 c=0x00000000 d=0x00000000 rc=0 n=1
i915: LCD-B t[992] write 0x711c8 b=0x00000000 c=0x00000000 d=0x00000000 rc=0 n=1
i915: LCD-B t[993] write 0x711cc b=0x00002000 c=0x00000000 d=0x00000000 rc=0 n=1
i915: LCD-B t[994] write 0x71240 b=0x80004010 c=0x00000000 d=0x00000000 rc=0 n=1
i915: LCD-B t[995] write 0x71244 b=0x80014051 c=0x00000000 d=0x00000000 rc=0 n=1
i915: LCD-B t[996] write 0x71248 b=0x8001c071 c=0x00000000 d=0x00000000 rc=0 n=1
i915: LCD-B t[997] write 0x7124c b=0x80024091 c=0x00000000 d=0x00000000 rc=0 n=1
i915: LCD-B t[998] write 0x71250 b=0x800300c1 c=0x00000000 d=0x00000000 rc=0 n=1
i915: LCD-B t[999] write 0x71254 b=0x800300c1 c=0x00000000 d=0x00000000 rc=0 n=1
i915: LCD-B t[1000] write 0x71268 b=0x8000001e c=0x00000000 d=0x00000000 rc=0 n=1
i915: LCD-B t[1001] write 0x71258 b=0x80010041 c=0x00000000 d=0x00000000 rc=0 n=1
i915: LCD-B t[1002] write 0x7125c b=0x8000004f c=0x00000000 d=0x00000000 rc=0 n=1
i915: LCD-B t[1003] write 0x7127c b=0x0fd50000 c=0x00000000 d=0x00000000 rc=0 n=1
i915: LCD-B t[1006] write 0x71180 b=0x94000000 c=0x00000000 d=0x00000000 rc=0 n=1
i915: LCD-B t[1007] write 0x7119c b=0xbc0c0000 c=0x00000000 d=0x00000000 rc=0 n=1
i915: LCD-B t[1010] pw-put 0x00049 b=0x0000004a c=0x00000011 d=0x00000001 rc=0 n=1
i915: LCD-B t[1013] pw-get 0x00049 b=0x00000000 c=0x00000000 d=0x00000000 rc=74 n=1
i915: LCD-B t[1014] write 0x71188 b=0x00000078 c=0x00000000 d=0x00000000 rc=0 n=1
i915: LCD-B t[1015] write 0x7118c b=0x00000000 c=0x00000000 d=0x00000000 rc=0 n=1
i915: LCD-B t[1016] write 0x71190 b=0x04ff077f c=0x00000000 d=0x00000000 rc=0 n=1
i915: LCD-B t[1017] write 0x71194 b=0x00000000 c=0x00000000 d=0x00000000 rc=0 n=1
i915: LCD-B t[1018] write 0x71198 b=0x00000000 c=0x00000000 d=0x00000000 rc=0 n=1
i915: LCD-B t[1019] write 0x711a0 b=0xff000000 c=0x00000000 d=0x00000000 rc=0 n=1
i915: LCD-B t[1020] write 0x711a4 b=0x00000000 c=0x00000000 d=0x00000000 rc=0 n=1
i915: LCD-B t[1021] write 0x711c0 b=0x00000000 c=0x00000000 d=0x00000000 rc=0 n=1
i915: LCD-B t[1022] write 0x711c8 b=0x00000000 c=0x00000000 d=0x00000000 rc=0 n=1
i915: LCD-B t[1023] write 0x711cc b=0x00002000 c=0x00000000 d=0x00000000 rc=0 n=1
i915: LCD-B t[1024] write 0x71240 b=0x80004010 c=0x00000000 d=0x00000000 rc=0 n=1
i915: LCD-B t[1025] write 0x71244 b=0x80014051 c=0x00000000 d=0x00000000 rc=0 n=1
i915: LCD-B t[1026] write 0x71248 b=0x8001c071 c=0x00000000 d=0x00000000 rc=0 n=1
i915: LCD-B t[1027] write 0x7124c b=0x80024091 c=0x00000000 d=0x00000000 rc=0 n=1
i915: LCD-B t[1028] write 0x71250 b=0x800300c1 c=0x00000000 d=0x00000000 rc=0 n=1
i915: LCD-B t[1029] write 0x71254 b=0x800300c1 c=0x00000000 d=0x00000000 rc=0 n=1
i915: LCD-B t[1030] write 0x71268 b=0x8000001e c=0x00000000 d=0x00000000 rc=0 n=1
i915: LCD-B t[1031] write 0x71258 b=0x80010041 c=0x00000000 d=0x00000000 rc=0 n=1
i915: LCD-B t[1032] write 0x7125c b=0x8000004f c=0x00000000 d=0x00000000 rc=0 n=1
i915: LCD-B t[1033] write 0x7127c b=0x0fd50000 c=0x00000000 d=0x00000000 rc=0 n=1
i915: LCD-B t[1036] write 0x71180 b=0x94000000 c=0x00000000 d=0x00000000 rc=0 n=1
i915: LCD-B t[1037] write 0x7119c b=0xbcb80000 c=0x00000000 d=0x00000000 rc=0 n=1
i915: LCD-B t[1040] pw-put 0x00049 b=0x0000004a c=0x00000011 d=0x00000001 rc=0 n=1
i915: LCD-B t[1043] pw-get 0x00049 b=0x00000000 c=0x00000000 d=0x00000000 rc=74 n=1
i915: LCD-B t[1044] write 0x71188 b=0x00000078 c=0x00000000 d=0x00000000 rc=0 n=1
i915: LCD-B t[1045] write 0x7118c b=0x00000000 c=0x00000000 d=0x00000000 rc=0 n=1
i915: LCD-B t[1046] write 0x71190 b=0x04ff077f c=0x00000000 d=0x00000000 rc=0 n=1
i915: LCD-B t[1047] write 0x71194 b=0x00000000 c=0x00000000 d=0x00000000 rc=0 n=1
i915: LCD-B t[1048] write 0x71198 b=0x00000000 c=0x00000000 d=0x00000000 rc=0 n=1
i915: LCD-B t[1049] write 0x711a0 b=0xff000000 c=0x00000000 d=0x00000000 rc=0 n=1
i915: LCD-B t[1050] write 0x711a4 b=0x00000000 c=0x00000000 d=0x00000000 rc=0 n=1
i915: LCD-B t[1051] write 0x711c0 b=0x00000000 c=0x00000000 d=0x00000000 rc=0 n=1
i915: LCD-B t[1052] write 0x711c8 b=0x00000000 c=0x00000000 d=0x00000000 rc=0 n=1
i915: LCD-B t[1053] write 0x711cc b=0x00002000 c=0x00000000 d=0x00000000 rc=0 n=1
i915: LCD-B t[1054] write 0x71240 b=0x80004010 c=0x00000000 d=0x00000000 rc=0 n=1
i915: LCD-B t[1055] write 0x71244 b=0x80014051 c=0x00000000 d=0x00000000 rc=0 n=1
i915: LCD-B t[1056] write 0x71248 b=0x8001c071 c=0x00000000 d=0x00000000 rc=0 n=1
i915: LCD-B t[1057] write 0x7124c b=0x80024091 c=0x00000000 d=0x00000000 rc=0 n=1
i915: LCD-B t[1058] write 0x71250 b=0x800300c1 c=0x00000000 d=0x00000000 rc=0 n=1
i915: LCD-B t[1059] write 0x71254 b=0x800300c1 c=0x00000000 d=0x00000000 rc=0 n=1
i915: LCD-B t[1060] write 0x71268 b=0x8000001e c=0x00000000 d=0x00000000 rc=0 n=1
i915: LCD-B t[1061] write 0x71258 b=0x80010041 c=0x00000000 d=0x00000000 rc=0 n=1
i915: LCD-B t[1062] write 0x7125c b=0x8000004f c=0x00000000 d=0x00000000 rc=0 n=1
i915: LCD-B t[1063] write 0x7127c b=0x0fd50000 c=0x00000000 d=0x00000000 rc=0 n=1
i915: LCD-B t[1066] write 0x71180 b=0x94000000 c=0x00000000 d=0x00000000 rc=0 n=1
i915: LCD-B t[1067] write 0x7119c b=0xbc0c0000 c=0x00000000 d=0x00000000 rc=0 n=1
i915: LCD-B t[1070] pw-put 0x00049 b=0x0000004a c=0x00000011 d=0x00000001 rc=0 n=1
i915: LCD-B t[1073] pw-get 0x00049 b=0x00000000 c=0x00000000 d=0x00000000 rc=74 n=1
i915: LCD-B t[1074] write 0x71188 b=0x00000078 c=0x00000000 d=0x00000000 rc=0 n=1
i915: LCD-B t[1075] write 0x7118c b=0x00000000 c=0x00000000 d=0x00000000 rc=0 n=1
i915: LCD-B t[1076] write 0x71190 b=0x04ff077f c=0x00000000 d=0x00000000 rc=0 n=1
i915: LCD-B t[1077] write 0x71194 b=0x00000000 c=0x00000000 d=0x00000000 rc=0 n=1
i915: LCD-B t[1078] write 0x71198 b=0x00000000 c=0x00000000 d=0x00000000 rc=0 n=1
i915: LCD-B t[1079] write 0x711a0 b=0xff000000 c=0x00000000 d=0x00000000 rc=0 n=1
i915: LCD-B t[1080] write 0x711a4 b=0x00000000 c=0x00000000 d=0x00000000 rc=0 n=1
i915: LCD-B t[1081] write 0x711c0 b=0x00000000 c=0x00000000 d=0x00000000 rc=0 n=1
i915: LCD-B t[1082] write 0x711c8 b=0x00000000 c=0x00000000 d=0x00000000 rc=0 n=1
i915: LCD-B t[1083] write 0x711cc b=0x00002000 c=0x00000000 d=0x00000000 rc=0 n=1
i915: LCD-B t[1084] write 0x71240 b=0x80004010 c=0x00000000 d=0x00000000 rc=0 n=1
i915: LCD-B t[1085] write 0x71244 b=0x80014051 c=0x00000000 d=0x00000000 rc=0 n=1
i915: LCD-B t[1086] write 0x71248 b=0x8001c071 c=0x00000000 d=0x00000000 rc=0 n=1
i915: LCD-B t[1087] write 0x7124c b=0x80024091 c=0x00000000 d=0x00000000 rc=0 n=1
i915: LCD-B t[1088] write 0x71250 b=0x800300c1 c=0x00000000 d=0x00000000 rc=0 n=1
i915: LCD-B t[1089] write 0x71254 b=0x800300c1 c=0x00000000 d=0x00000000 rc=0 n=1
i915: LCD-B t[1090] write 0x71268 b=0x8000001e c=0x00000000 d=0x00000000 rc=0 n=1
i915: LCD-B t[1091] write 0x71258 b=0x80010041 c=0x00000000 d=0x00000000 rc=0 n=1
i915: LCD-B t[1092] write 0x7125c b=0x8000004f c=0x00000000 d=0x00000000 rc=0 n=1
i915: LCD-B t[1093] write 0x7127c b=0x0fd50000 c=0x00000000 d=0x00000000 rc=0 n=1
i915: LCD-B t[1096] write 0x71180 b=0x94000000 c=0x00000000 d=0x00000000 rc=0 n=1
i915: LCD-B t[1097] write 0x7119c b=0xbcb80000 c=0x00000000 d=0x00000000 rc=0 n=1
i915: LCD-B t[1100] pw-put 0x00049 b=0x0000004a c=0x00000011 d=0x00000001 rc=0 n=1
i915: LCD-B t[1103] pw-get 0x00049 b=0x00000000 c=0x00000000 d=0x00000000 rc=74 n=1
i915: LCD-B t[1104] write 0x71188 b=0x00000078 c=0x00000000 d=0x00000000 rc=0 n=1
i915: LCD-B t[1105] write 0x7118c b=0x00000000 c=0x00000000 d=0x00000000 rc=0 n=1
i915: LCD-B t[1106] write 0x71190 b=0x04ff077f c=0x00000000 d=0x00000000 rc=0 n=1
i915: LCD-B t[1107] write 0x71194 b=0x00000000 c=0x00000000 d=0x00000000 rc=0 n=1
i915: LCD-B t[1108] write 0x71198 b=0x00000000 c=0x00000000 d=0x00000000 rc=0 n=1
i915: LCD-B t[1109] write 0x711a0 b=0xff000000 c=0x00000000 d=0x00000000 rc=0 n=1
i915: LCD-B t[1110] write 0x711a4 b=0x00000000 c=0x00000000 d=0x00000000 rc=0 n=1
i915: LCD-B t[1111] write 0x711c0 b=0x00000000 c=0x00000000 d=0x00000000 rc=0 n=1
i915: LCD-B t[1112] write 0x711c8 b=0x00000000 c=0x00000000 d=0x00000000 rc=0 n=1
i915: LCD-B t[1113] write 0x711cc b=0x00002000 c=0x00000000 d=0x00000000 rc=0 n=1
i915: LCD-B t[1114] write 0x71240 b=0x80004010 c=0x00000000 d=0x00000000 rc=0 n=1
i915: LCD-B t[1115] write 0x71244 b=0x80014051 c=0x00000000 d=0x00000000 rc=0 n=1
i915: LCD-B t[1116] write 0x71248 b=0x8001c071 c=0x00000000 d=0x00000000 rc=0 n=1
i915: LCD-B t[1117] write 0x7124c b=0x80024091 c=0x00000000 d=0x00000000 rc=0 n=1
i915: LCD-B t[1118] write 0x71250 b=0x800300c1 c=0x00000000 d=0x00000000 rc=0 n=1
i915: LCD-B t[1119] write 0x71254 b=0x800300c1 c=0x00000000 d=0x00000000 rc=0 n=1
i915: LCD-B t[1120] write 0x71268 b=0x8000001e c=0x00000000 d=0x00000000 rc=0 n=1
i915: LCD-B t[1121] write 0x71258 b=0x80010041 c=0x00000000 d=0x00000000 rc=0 n=1
i915: LCD-B t[1122] write 0x7125c b=0x8000004f c=0x00000000 d=0x00000000 rc=0 n=1
i915: LCD-B t[1123] write 0x7127c b=0x0fd50000 c=0x00000000 d=0x00000000 rc=0 n=1
i915: LCD-B t[1126] write 0x71180 b=0x94000000 c=0x00000000 d=0x00000000 rc=0 n=1
i915: LCD-B t[1127] write 0x7119c b=0xbc0c0000 c=0x00000000 d=0x00000000 rc=0 n=1
i915: LCD-B t[1130] pw-put 0x00049 b=0x0000004a c=0x00000011 d=0x00000001 rc=0 n=1
i915: LCD-B t[1133] pw-get 0x00049 b=0x00000000 c=0x00000000 d=0x00000000 rc=74 n=1
i915: LCD-B t[1134] write 0x71188 b=0x00000078 c=0x00000000 d=0x00000000 rc=0 n=1
i915: LCD-B t[1135] write 0x7118c b=0x00000000 c=0x00000000 d=0x00000000 rc=0 n=1
i915: LCD-B t[1136] write 0x71190 b=0x04ff077f c=0x00000000 d=0x00000000 rc=0 n=1
i915: LCD-B t[1137] write 0x71194 b=0x00000000 c=0x00000000 d=0x00000000 rc=0 n=1
i915: LCD-B t[1138] write 0x71198 b=0x00000000 c=0x00000000 d=0x00000000 rc=0 n=1
i915: LCD-B t[1139] write 0x711a0 b=0xff000000 c=0x00000000 d=0x00000000 rc=0 n=1
i915: LCD-B t[1140] write 0x711a4 b=0x00000000 c=0x00000000 d=0x00000000 rc=0 n=1
i915: LCD-B t[1141] write 0x711c0 b=0x00000000 c=0x00000000 d=0x00000000 rc=0 n=1
i915: LCD-B t[1142] write 0x711c8 b=0x00000000 c=0x00000000 d=0x00000000 rc=0 n=1
i915: LCD-B t[1143] write 0x711cc b=0x00002000 c=0x00000000 d=0x00000000 rc=0 n=1
i915: LCD-B t[1144] write 0x71240 b=0x80004010 c=0x00000000 d=0x00000000 rc=0 n=1
i915: LCD-B t[1145] write 0x71244 b=0x80014051 c=0x00000000 d=0x00000000 rc=0 n=1
i915: LCD-B t[1146] write 0x71248 b=0x8001c071 c=0x00000000 d=0x00000000 rc=0 n=1
i915: LCD-B t[1147] write 0x7124c b=0x80024091 c=0x00000000 d=0x00000000 rc=0 n=1
i915: LCD-B t[1148] write 0x71250 b=0x800300c1 c=0x00000000 d=0x00000000 rc=0 n=1
i915: LCD-B t[1149] write 0x71254 b=0x800300c1 c=0x00000000 d=0x00000000 rc=0 n=1
i915: LCD-B t[1150] write 0x71268 b=0x8000001e c=0x00000000 d=0x00000000 rc=0 n=1
i915: LCD-B t[1151] write 0x71258 b=0x80010041 c=0x00000000 d=0x00000000 rc=0 n=1
i915: LCD-B t[1152] write 0x7125c b=0x8000004f c=0x00000000 d=0x00000000 rc=0 n=1
i915: LCD-B t[1153] write 0x7127c b=0x0fd50000 c=0x00000000 d=0x00000000 rc=0 n=1
i915: LCD-B t[1156] write 0x71180 b=0x94000000 c=0x00000000 d=0x00000000 rc=0 n=1
i915: LCD-B t[1157] write 0x7119c b=0xbcb80000 c=0x00000000 d=0x00000000 rc=0 n=1
i915: LCD-B t[1160] pw-put 0x00049 b=0x0000004a c=0x00000011 d=0x00000001 rc=0 n=1
i915: LCD-B t[1163] pw-get 0x00049 b=0x00000000 c=0x00000000 d=0x00000000 rc=74 n=1
i915: LCD-B t[1164] write 0x71188 b=0x00000078 c=0x00000000 d=0x00000000 rc=0 n=1
i915: LCD-B t[1165] write 0x7118c b=0x00000000 c=0x00000000 d=0x00000000 rc=0 n=1
i915: LCD-B t[1166] write 0x71190 b=0x04ff077f c=0x00000000 d=0x00000000 rc=0 n=1
i915: LCD-B t[1167] write 0x71194 b=0x00000000 c=0x00000000 d=0x00000000 rc=0 n=1
i915: LCD-B t[1168] write 0x71198 b=0x00000000 c=0x00000000 d=0x00000000 rc=0 n=1
i915: LCD-B t[1169] write 0x711a0 b=0xff000000 c=0x00000000 d=0x00000000 rc=0 n=1
i915: LCD-B t[1170] write 0x711a4 b=0x00000000 c=0x00000000 d=0x00000000 rc=0 n=1
i915: LCD-B t[1171] write 0x711c0 b=0x00000000 c=0x00000000 d=0x00000000 rc=0 n=1
i915: LCD-B t[1172] write 0x711c8 b=0x00000000 c=0x00000000 d=0x00000000 rc=0 n=1
i915: LCD-B t[1173] write 0x711cc b=0x00002000 c=0x00000000 d=0x00000000 rc=0 n=1
i915: LCD-B t[1174] write 0x71240 b=0x80004010 c=0x00000000 d=0x00000000 rc=0 n=1
i915: LCD-B t[1175] write 0x71244 b=0x80014051 c=0x00000000 d=0x00000000 rc=0 n=1
i915: LCD-B t[1176] write 0x71248 b=0x8001c071 c=0x00000000 d=0x00000000 rc=0 n=1
i915: LCD-B t[1177] write 0x7124c b=0x80024091 c=0x00000000 d=0x00000000 rc=0 n=1
i915: LCD-B t[1178] write 0x71250 b=0x800300c1 c=0x00000000 d=0x00000000 rc=0 n=1
i915: LCD-B t[1179] write 0x71254 b=0x800300c1 c=0x00000000 d=0x00000000 rc=0 n=1
i915: LCD-B t[1180] write 0x71268 b=0x8000001e c=0x00000000 d=0x00000000 rc=0 n=1
i915: LCD-B t[1181] write 0x71258 b=0x80010041 c=0x00000000 d=0x00000000 rc=0 n=1
i915: LCD-B t[1182] write 0x7125c b=0x8000004f c=0x00000000 d=0x00000000 rc=0 n=1
i915: LCD-B t[1183] write 0x7127c b=0x0fd50000 c=0x00000000 d=0x00000000 rc=0 n=1
i915: LCD-B t[1186] write 0x71180 b=0x94000000 c=0x00000000 d=0x00000000 rc=0 n=1
i915: LCD-B t[1187] write 0x7119c b=0xbc0c0000 c=0x00000000 d=0x00000000 rc=0 n=1
i915: LCD-B t[1190] pw-put 0x00049 b=0x0000004a c=0x00000011 d=0x00000001 rc=0 n=1
i915: LCD-B t[1193] pw-get 0x00049 b=0x00000000 c=0x00000000 d=0x00000000 rc=74 n=1
i915: LCD-B t[1194] write 0x71188 b=0x00000078 c=0x00000000 d=0x00000000 rc=0 n=1
i915: LCD-B t[1195] write 0x7118c b=0x00000000 c=0x00000000 d=0x00000000 rc=0 n=1
i915: LCD-B t[1196] write 0x71190 b=0x04ff077f c=0x00000000 d=0x00000000 rc=0 n=1
i915: LCD-B t[1197] write 0x71194 b=0x00000000 c=0x00000000 d=0x00000000 rc=0 n=1
i915: LCD-B t[1198] write 0x71198 b=0x00000000 c=0x00000000 d=0x00000000 rc=0 n=1
i915: LCD-B t[1199] write 0x711a0 b=0xff000000 c=0x00000000 d=0x00000000 rc=0 n=1
i915: LCD-B t[1200] write 0x711a4 b=0x00000000 c=0x00000000 d=0x00000000 rc=0 n=1
i915: LCD-B t[1201] write 0x711c0 b=0x00000000 c=0x00000000 d=0x00000000 rc=0 n=1
i915: LCD-B t[1202] write 0x711c8 b=0x00000000 c=0x00000000 d=0x00000000 rc=0 n=1
i915: LCD-B t[1203] write 0x711cc b=0x00002000 c=0x00000000 d=0x00000000 rc=0 n=1
i915: LCD-B t[1204] write 0x71240 b=0x80004010 c=0x00000000 d=0x00000000 rc=0 n=1
i915: LCD-B t[1205] write 0x71244 b=0x80014051 c=0x00000000 d=0x00000000 rc=0 n=1
i915: LCD-B t[1206] write 0x71248 b=0x8001c071 c=0x00000000 d=0x00000000 rc=0 n=1
i915: LCD-B t[1207] write 0x7124c b=0x80024091 c=0x00000000 d=0x00000000 rc=0 n=1
i915: LCD-B t[1208] write 0x71250 b=0x800300c1 c=0x00000000 d=0x00000000 rc=0 n=1
i915: LCD-B t[1209] write 0x71254 b=0x800300c1 c=0x00000000 d=0x00000000 rc=0 n=1
i915: LCD-B t[1210] write 0x71268 b=0x8000001e c=0x00000000 d=0x00000000 rc=0 n=1
i915: LCD-B t[1211] write 0x71258 b=0x80010041 c=0x00000000 d=0x00000000 rc=0 n=1
i915: LCD-B t[1212] write 0x7125c b=0x8000004f c=0x00000000 d=0x00000000 rc=0 n=1
i915: LCD-B t[1213] write 0x7127c b=0x0fd50000 c=0x00000000 d=0x00000000 rc=0 n=1
i915: LCD-B t[1216] write 0x71180 b=0x94000000 c=0x00000000 d=0x00000000 rc=0 n=1
i915: LCD-B t[1217] write 0x7119c b=0xbcb80000 c=0x00000000 d=0x00000000 rc=0 n=1
i915: LCD-B t[1220] pw-put 0x00049 b=0x0000004a c=0x00000011 d=0x00000001 rc=0 n=1
i915: LCD-B t[1223] pw-get 0x00049 b=0x00000000 c=0x00000000 d=0x00000000 rc=74 n=1
i915: LCD-B t[1224] write 0x71188 b=0x00000078 c=0x00000000 d=0x00000000 rc=0 n=1
i915: LCD-B t[1225] write 0x7118c b=0x00000000 c=0x00000000 d=0x00000000 rc=0 n=1
i915: LCD-B t[1226] write 0x71190 b=0x04ff077f c=0x00000000 d=0x00000000 rc=0 n=1
i915: LCD-B t[1227] write 0x71194 b=0x00000000 c=0x00000000 d=0x00000000 rc=0 n=1
i915: LCD-B t[1228] write 0x71198 b=0x00000000 c=0x00000000 d=0x00000000 rc=0 n=1
i915: LCD-B t[1229] write 0x711a0 b=0xff000000 c=0x00000000 d=0x00000000 rc=0 n=1
i915: LCD-B t[1230] write 0x711a4 b=0x00000000 c=0x00000000 d=0x00000000 rc=0 n=1
i915: LCD-B t[1231] write 0x711c0 b=0x00000000 c=0x00000000 d=0x00000000 rc=0 n=1
i915: LCD-B t[1232] write 0x711c8 b=0x00000000 c=0x00000000 d=0x00000000 rc=0 n=1
i915: LCD-B t[1233] write 0x711cc b=0x00002000 c=0x00000000 d=0x00000000 rc=0 n=1
i915: LCD-B t[1234] write 0x71240 b=0x80004010 c=0x00000000 d=0x00000000 rc=0 n=1
i915: LCD-B t[1235] write 0x71244 b=0x80014051 c=0x00000000 d=0x00000000 rc=0 n=1
i915: LCD-B t[1236] write 0x71248 b=0x8001c071 c=0x00000000 d=0x00000000 rc=0 n=1
i915: LCD-B t[1237] write 0x7124c b=0x80024091 c=0x00000000 d=0x00000000 rc=0 n=1
i915: LCD-B t[1238] write 0x71250 b=0x800300c1 c=0x00000000 d=0x00000000 rc=0 n=1
i915: LCD-B t[1239] write 0x71254 b=0x800300c1 c=0x00000000 d=0x00000000 rc=0 n=1
i915: LCD-B t[1240] write 0x71268 b=0x8000001e c=0x00000000 d=0x00000000 rc=0 n=1
i915: LCD-B t[1241] write 0x71258 b=0x80010041 c=0x00000000 d=0x00000000 rc=0 n=1
i915: LCD-B t[1242] write 0x7125c b=0x8000004f c=0x00000000 d=0x00000000 rc=0 n=1
i915: LCD-B t[1243] write 0x7127c b=0x0fd50000 c=0x00000000 d=0x00000000 rc=0 n=1
i915: LCD-B t[1246] write 0x71180 b=0x94000000 c=0x00000000 d=0x00000000 rc=0 n=1
i915: LCD-B t[1247] write 0x7119c b=0xbc0c0000 c=0x00000000 d=0x00000000 rc=0 n=1
i915: LCD-B t[1250] pw-put 0x00049 b=0x0000004a c=0x00000011 d=0x00000001 rc=0 n=1
i915: LCD-B t[1253] pw-get 0x00049 b=0x00000000 c=0x00000000 d=0x00000000 rc=74 n=1
i915: LCD-B t[1254] write 0x71188 b=0x00000078 c=0x00000000 d=0x00000000 rc=0 n=1
i915: LCD-B t[1255] write 0x7118c b=0x00000000 c=0x00000000 d=0x00000000 rc=0 n=1
i915: LCD-B t[1256] write 0x71190 b=0x04ff077f c=0x00000000 d=0x00000000 rc=0 n=1
i915: LCD-B t[1257] write 0x71194 b=0x00000000 c=0x00000000 d=0x00000000 rc=0 n=1
i915: LCD-B t[1258] write 0x71198 b=0x00000000 c=0x00000000 d=0x00000000 rc=0 n=1
i915: LCD-B t[1259] write 0x711a0 b=0xff000000 c=0x00000000 d=0x00000000 rc=0 n=1
i915: LCD-B t[1260] write 0x711a4 b=0x00000000 c=0x00000000 d=0x00000000 rc=0 n=1
i915: LCD-B t[1261] write 0x711c0 b=0x00000000 c=0x00000000 d=0x00000000 rc=0 n=1
i915: LCD-B t[1262] write 0x711c8 b=0x00000000 c=0x00000000 d=0x00000000 rc=0 n=1
i915: LCD-B t[1263] write 0x711cc b=0x00002000 c=0x00000000 d=0x00000000 rc=0 n=1
i915: LCD-B t[1264] write 0x71240 b=0x80004010 c=0x00000000 d=0x00000000 rc=0 n=1
i915: LCD-B t[1265] write 0x71244 b=0x80014051 c=0x00000000 d=0x00000000 rc=0 n=1
i915: LCD-B t[1266] write 0x71248 b=0x8001c071 c=0x00000000 d=0x00000000 rc=0 n=1
i915: LCD-B t[1267] write 0x7124c b=0x80024091 c=0x00000000 d=0x00000000 rc=0 n=1
i915: LCD-B t[1268] write 0x71250 b=0x800300c1 c=0x00000000 d=0x00000000 rc=0 n=1
i915: LCD-B t[1269] write 0x71254 b=0x800300c1 c=0x00000000 d=0x00000000 rc=0 n=1
i915: LCD-B t[1270] write 0x71268 b=0x8000001e c=0x00000000 d=0x00000000 rc=0 n=1
i915: LCD-B t[1271] write 0x71258 b=0x80010041 c=0x00000000 d=0x00000000 rc=0 n=1
i915: LCD-B t[1272] write 0x7125c b=0x8000004f c=0x00000000 d=0x00000000 rc=0 n=1
i915: LCD-B t[1273] write 0x7127c b=0x0fd50000 c=0x00000000 d=0x00000000 rc=0 n=1
i915: LCD-B t[1276] write 0x71180 b=0x94000000 c=0x00000000 d=0x00000000 rc=0 n=1
i915: LCD-B t[1277] write 0x7119c b=0xbcb80000 c=0x00000000 d=0x00000000 rc=0 n=1
i915: LCD-B t[1280] pw-put 0x00049 b=0x0000004a c=0x00000011 d=0x00000001 rc=0 n=1
i915: LCD-B t[1283] pw-get 0x00049 b=0x00000000 c=0x00000000 d=0x00000000 rc=74 n=1
i915: LCD-B t[1284] write 0x71188 b=0x00000078 c=0x00000000 d=0x00000000 rc=0 n=1
i915: LCD-B t[1285] write 0x7118c b=0x00000000 c=0x00000000 d=0x00000000 rc=0 n=1
i915: LCD-B t[1286] write 0x71190 b=0x04ff077f c=0x00000000 d=0x00000000 rc=0 n=1
i915: LCD-B t[1287] write 0x71194 b=0x00000000 c=0x00000000 d=0x00000000 rc=0 n=1
i915: LCD-B t[1288] write 0x71198 b=0x00000000 c=0x00000000 d=0x00000000 rc=0 n=1
i915: LCD-B t[1289] write 0x711a0 b=0xff000000 c=0x00000000 d=0x00000000 rc=0 n=1
i915: LCD-B t[1290] write 0x711a4 b=0x00000000 c=0x00000000 d=0x00000000 rc=0 n=1
i915: LCD-B t[1291] write 0x711c0 b=0x00000000 c=0x00000000 d=0x00000000 rc=0 n=1
i915: LCD-B t[1292] write 0x711c8 b=0x00000000 c=0x00000000 d=0x00000000 rc=0 n=1
i915: LCD-B t[1293] write 0x711cc b=0x00002000 c=0x00000000 d=0x00000000 rc=0 n=1
i915: LCD-B t[1294] write 0x71240 b=0x80004010 c=0x00000000 d=0x00000000 rc=0 n=1
i915: LCD-B t[1295] write 0x71244 b=0x80014051 c=0x00000000 d=0x00000000 rc=0 n=1
i915: LCD-B t[1296] write 0x71248 b=0x8001c071 c=0x00000000 d=0x00000000 rc=0 n=1
i915: LCD-B t[1297] write 0x7124c b=0x80024091 c=0x00000000 d=0x00000000 rc=0 n=1
i915: LCD-B t[1298] write 0x71250 b=0x800300c1 c=0x00000000 d=0x00000000 rc=0 n=1
i915: LCD-B t[1299] write 0x71254 b=0x800300c1 c=0x00000000 d=0x00000000 rc=0 n=1
i915: LCD-B t[1300] write 0x71268 b=0x8000001e c=0x00000000 d=0x00000000 rc=0 n=1
i915: LCD-B t[1301] write 0x71258 b=0x80010041 c=0x00000000 d=0x00000000 rc=0 n=1
i915: LCD-B t[1302] write 0x7125c b=0x8000004f c=0x00000000 d=0x00000000 rc=0 n=1
i915: LCD-B t[1303] write 0x7127c b=0x0fd50000 c=0x00000000 d=0x00000000 rc=0 n=1
i915: LCD-B t[1306] write 0x71180 b=0x94000000 c=0x00000000 d=0x00000000 rc=0 n=1
i915: LCD-B t[1307] write 0x7119c b=0xbc0c0000 c=0x00000000 d=0x00000000 rc=0 n=1
i915: LCD-B t[1310] pw-put 0x00049 b=0x0000004a c=0x00000011 d=0x00000001 rc=0 n=1
i915: LCD-B t[1313] pw-get 0x00049 b=0x00000000 c=0x00000000 d=0x00000000 rc=74 n=1
i915: LCD-B t[1314] write 0x71188 b=0x00000078 c=0x00000000 d=0x00000000 rc=0 n=1
i915: LCD-B t[1315] write 0x7118c b=0x00000000 c=0x00000000 d=0x00000000 rc=0 n=1
i915: LCD-B t[1316] write 0x71190 b=0x04ff077f c=0x00000000 d=0x00000000 rc=0 n=1
i915: LCD-B t[1317] write 0x71194 b=0x00000000 c=0x00000000 d=0x00000000 rc=0 n=1
i915: LCD-B t[1318] write 0x71198 b=0x00000000 c=0x00000000 d=0x00000000 rc=0 n=1
i915: LCD-B t[1319] write 0x711a0 b=0xff000000 c=0x00000000 d=0x00000000 rc=0 n=1
i915: LCD-B t[1320] write 0x711a4 b=0x00000000 c=0x00000000 d=0x00000000 rc=0 n=1
i915: LCD-B t[1321] write 0x711c0 b=0x00000000 c=0x00000000 d=0x00000000 rc=0 n=1
i915: LCD-B t[1322] write 0x711c8 b=0x00000000 c=0x00000000 d=0x00000000 rc=0 n=1
i915: LCD-B t[1323] write 0x711cc b=0x00002000 c=0x00000000 d=0x00000000 rc=0 n=1
i915: LCD-B t[1324] write 0x71240 b=0x80004010 c=0x00000000 d=0x00000000 rc=0 n=1
i915: LCD-B t[1325] write 0x71244 b=0x80014051 c=0x00000000 d=0x00000000 rc=0 n=1
i915: LCD-B t[1326] write 0x71248 b=0x8001c071 c=0x00000000 d=0x00000000 rc=0 n=1
i915: LCD-B t[1327] write 0x7124c b=0x80024091 c=0x00000000 d=0x00000000 rc=0 n=1
i915: LCD-B t[1328] write 0x71250 b=0x800300c1 c=0x00000000 d=0x00000000 rc=0 n=1
i915: LCD-B t[1329] write 0x71254 b=0x800300c1 c=0x00000000 d=0x00000000 rc=0 n=1
i915: LCD-B t[1330] write 0x71268 b=0x8000001e c=0x00000000 d=0x00000000 rc=0 n=1
i915: LCD-B t[1331] write 0x71258 b=0x80010041 c=0x00000000 d=0x00000000 rc=0 n=1
i915: LCD-B t[1332] write 0x7125c b=0x8000004f c=0x00000000 d=0x00000000 rc=0 n=1
i915: LCD-B t[1333] write 0x7127c b=0x0fd50000 c=0x00000000 d=0x00000000 rc=0 n=1
i915: LCD-B t[1336] write 0x71180 b=0x94000000 c=0x00000000 d=0x00000000 rc=0 n=1
i915: LCD-B t[1337] write 0x7119c b=0xbcb80000 c=0x00000000 d=0x00000000 rc=0 n=1
i915: LCD-B t[1340] pw-put 0x00049 b=0x0000004a c=0x00000011 d=0x00000001 rc=0 n=1
i915: LCD-B t[1343] pw-get 0x00049 b=0x00000000 c=0x00000000 d=0x00000000 rc=74 n=1
i915: LCD-B t[1344] write 0x71188 b=0x00000078 c=0x00000000 d=0x00000000 rc=0 n=1
i915: LCD-B t[1345] write 0x7118c b=0x00000000 c=0x00000000 d=0x00000000 rc=0 n=1
i915: LCD-B t[1346] write 0x71190 b=0x04ff077f c=0x00000000 d=0x00000000 rc=0 n=1
i915: LCD-B t[1347] write 0x71194 b=0x00000000 c=0x00000000 d=0x00000000 rc=0 n=1
i915: LCD-B t[1348] write 0x71198 b=0x00000000 c=0x00000000 d=0x00000000 rc=0 n=1
i915: LCD-B t[1349] write 0x711a0 b=0xff000000 c=0x00000000 d=0x00000000 rc=0 n=1
i915: LCD-B t[1350] write 0x711a4 b=0x00000000 c=0x00000000 d=0x00000000 rc=0 n=1
i915: LCD-B t[1351] write 0x711c0 b=0x00000000 c=0x00000000 d=0x00000000 rc=0 n=1
i915: LCD-B t[1352] write 0x711c8 b=0x00000000 c=0x00000000 d=0x00000000 rc=0 n=1
i915: LCD-B t[1353] write 0x711cc b=0x00002000 c=0x00000000 d=0x00000000 rc=0 n=1
i915: LCD-B t[1354] write 0x71240 b=0x80004010 c=0x00000000 d=0x00000000 rc=0 n=1
i915: LCD-B t[1355] write 0x71244 b=0x80014051 c=0x00000000 d=0x00000000 rc=0 n=1
i915: LCD-B t[1356] write 0x71248 b=0x8001c071 c=0x00000000 d=0x00000000 rc=0 n=1
i915: LCD-B t[1357] write 0x7124c b=0x80024091 c=0x00000000 d=0x00000000 rc=0 n=1
i915: LCD-B t[1358] write 0x71250 b=0x800300c1 c=0x00000000 d=0x00000000 rc=0 n=1
i915: LCD-B t[1359] write 0x71254 b=0x800300c1 c=0x00000000 d=0x00000000 rc=0 n=1
i915: LCD-B t[1360] write 0x71268 b=0x8000001e c=0x00000000 d=0x00000000 rc=0 n=1
i915: LCD-B t[1361] write 0x71258 b=0x80010041 c=0x00000000 d=0x00000000 rc=0 n=1
i915: LCD-B t[1362] write 0x7125c b=0x8000004f c=0x00000000 d=0x00000000 rc=0 n=1
i915: LCD-B t[1363] write 0x7127c b=0x0fd50000 c=0x00000000 d=0x00000000 rc=0 n=1
i915: LCD-B t[1366] write 0x71180 b=0x94000000 c=0x00000000 d=0x00000000 rc=0 n=1
i915: LCD-B t[1367] write 0x7119c b=0xbc0c0000 c=0x00000000 d=0x00000000 rc=0 n=1
i915: LCD-B t[1370] pw-put 0x00049 b=0x0000004a c=0x00000011 d=0x00000001 rc=0 n=1
i915: LCD-B t[1373] pw-get 0x00049 b=0x00000000 c=0x00000000 d=0x00000000 rc=74 n=1
i915: LCD-B t[1374] write 0x71188 b=0x00000078 c=0x00000000 d=0x00000000 rc=0 n=1
i915: LCD-B t[1375] write 0x7118c b=0x00000000 c=0x00000000 d=0x00000000 rc=0 n=1
i915: LCD-B t[1376] write 0x71190 b=0x04ff077f c=0x00000000 d=0x00000000 rc=0 n=1
i915: LCD-B t[1377] write 0x71194 b=0x00000000 c=0x00000000 d=0x00000000 rc=0 n=1
i915: LCD-B t[1378] write 0x71198 b=0x00000000 c=0x00000000 d=0x00000000 rc=0 n=1
i915: LCD-B t[1379] write 0x711a0 b=0xff000000 c=0x00000000 d=0x00000000 rc=0 n=1
i915: LCD-B t[1380] write 0x711a4 b=0x00000000 c=0x00000000 d=0x00000000 rc=0 n=1
i915: LCD-B t[1381] write 0x711c0 b=0x00000000 c=0x00000000 d=0x00000000 rc=0 n=1
i915: LCD-B t[1382] write 0x711c8 b=0x00000000 c=0x00000000 d=0x00000000 rc=0 n=1
i915: LCD-B t[1383] write 0x711cc b=0x00002000 c=0x00000000 d=0x00000000 rc=0 n=1
i915: LCD-B t[1384] write 0x71240 b=0x80004010 c=0x00000000 d=0x00000000 rc=0 n=1
i915: LCD-B t[1385] write 0x71244 b=0x80014051 c=0x00000000 d=0x00000000 rc=0 n=1
i915: LCD-B t[1386] write 0x71248 b=0x8001c071 c=0x00000000 d=0x00000000 rc=0 n=1
i915: LCD-B t[1387] write 0x7124c b=0x80024091 c=0x00000000 d=0x00000000 rc=0 n=1
i915: LCD-B t[1388] write 0x71250 b=0x800300c1 c=0x00000000 d=0x00000000 rc=0 n=1
i915: LCD-B t[1389] write 0x71254 b=0x800300c1 c=0x00000000 d=0x00000000 rc=0 n=1
i915: LCD-B t[1390] write 0x71268 b=0x8000001e c=0x00000000 d=0x00000000 rc=0 n=1
i915: LCD-B t[1391] write 0x71258 b=0x80010041 c=0x00000000 d=0x00000000 rc=0 n=1
i915: LCD-B t[1392] write 0x7125c b=0x8000004f c=0x00000000 d=0x00000000 rc=0 n=1
i915: LCD-B t[1393] write 0x7127c b=0x0fd50000 c=0x00000000 d=0x00000000 rc=0 n=1
i915: LCD-B t[1396] write 0x71180 b=0x94000000 c=0x00000000 d=0x00000000 rc=0 n=1
i915: LCD-B t[1397] write 0x7119c b=0xbcb80000 c=0x00000000 d=0x00000000 rc=0 n=1
i915: LCD-B t[1400] pw-put 0x00049 b=0x0000004a c=0x00000011 d=0x00000001 rc=0 n=1
i915: LCD-B t[1404] pw-get 0x00049 b=0x00000000 c=0x00000000 d=0x00000000 rc=74 n=1
i915: LCD-B t[1405] write 0x71188 b=0x00000078 c=0x00000000 d=0x00000000 rc=0 n=1
i915: LCD-B t[1406] write 0x7118c b=0x00000000 c=0x00000000 d=0x00000000 rc=0 n=1
i915: LCD-B t[1407] write 0x71190 b=0x04ff077f c=0x00000000 d=0x00000000 rc=0 n=1
i915: LCD-B t[1408] write 0x71194 b=0x00000000 c=0x00000000 d=0x00000000 rc=0 n=1
i915: LCD-B t[1409] write 0x71198 b=0x00000000 c=0x00000000 d=0x00000000 rc=0 n=1
i915: LCD-B t[1410] write 0x711a0 b=0xff000000 c=0x00000000 d=0x00000000 rc=0 n=1
i915: LCD-B t[1411] write 0x711a4 b=0x00000000 c=0x00000000 d=0x00000000 rc=0 n=1
i915: LCD-B t[1412] write 0x711c0 b=0x00000000 c=0x00000000 d=0x00000000 rc=0 n=1
i915: LCD-B t[1413] write 0x711c8 b=0x00000000 c=0x00000000 d=0x00000000 rc=0 n=1
i915: LCD-B t[1414] write 0x711cc b=0x00002000 c=0x00000000 d=0x00000000 rc=0 n=1
i915: LCD-B t[1415] write 0x71240 b=0x80004010 c=0x00000000 d=0x00000000 rc=0 n=1
i915: LCD-B t[1416] write 0x71244 b=0x80014051 c=0x00000000 d=0x00000000 rc=0 n=1
i915: LCD-B t[1417] write 0x71248 b=0x8001c071 c=0x00000000 d=0x00000000 rc=0 n=1
i915: LCD-B t[1418] write 0x7124c b=0x80024091 c=0x00000000 d=0x00000000 rc=0 n=1
i915: LCD-B t[1419] write 0x71250 b=0x800300c1 c=0x00000000 d=0x00000000 rc=0 n=1
i915: LCD-B t[1420] write 0x71254 b=0x800300c1 c=0x00000000 d=0x00000000 rc=0 n=1
i915: LCD-B t[1421] write 0x71268 b=0x8000001e c=0x00000000 d=0x00000000 rc=0 n=1
i915: LCD-B t[1422] write 0x71258 b=0x80010041 c=0x00000000 d=0x00000000 rc=0 n=1
i915: LCD-B t[1423] write 0x7125c b=0x8000004f c=0x00000000 d=0x00000000 rc=0 n=1
i915: LCD-B t[1424] write 0x7127c b=0x0fd50000 c=0x00000000 d=0x00000000 rc=0 n=1
i915: LCD-B t[1427] write 0x71180 b=0x94000000 c=0x00000000 d=0x00000000 rc=0 n=1
i915: LCD-B t[1428] write 0x7119c b=0xbc0c0000 c=0x00000000 d=0x00000000 rc=0 n=1
i915: LCD-B t[1431] pw-put 0x00049 b=0x0000004a c=0x00000011 d=0x00000001 rc=0 n=1
i915: LCD-B t[1435] pw-get 0x00049 b=0x00000000 c=0x00000000 d=0x00000000 rc=74 n=1
i915: LCD-B t[1436] write 0x71188 b=0x00000078 c=0x00000000 d=0x00000000 rc=0 n=1
i915: LCD-B t[1437] write 0x7118c b=0x00000000 c=0x00000000 d=0x00000000 rc=0 n=1
i915: LCD-B t[1438] write 0x71190 b=0x04ff077f c=0x00000000 d=0x00000000 rc=0 n=1
i915: LCD-B t[1439] write 0x71194 b=0x00000000 c=0x00000000 d=0x00000000 rc=0 n=1
i915: LCD-B t[1440] write 0x71198 b=0x00000000 c=0x00000000 d=0x00000000 rc=0 n=1
i915: LCD-B t[1441] write 0x711a0 b=0xff000000 c=0x00000000 d=0x00000000 rc=0 n=1
i915: LCD-B t[1442] write 0x711a4 b=0x00000000 c=0x00000000 d=0x00000000 rc=0 n=1
i915: LCD-B t[1443] write 0x711c0 b=0x00000000 c=0x00000000 d=0x00000000 rc=0 n=1
i915: LCD-B t[1444] write 0x711c8 b=0x00000000 c=0x00000000 d=0x00000000 rc=0 n=1
i915: LCD-B t[1445] write 0x711cc b=0x00002000 c=0x00000000 d=0x00000000 rc=0 n=1
i915: LCD-B t[1446] write 0x71240 b=0x80004010 c=0x00000000 d=0x00000000 rc=0 n=1
i915: LCD-B t[1447] write 0x71244 b=0x80014051 c=0x00000000 d=0x00000000 rc=0 n=1
i915: LCD-B t[1448] write 0x71248 b=0x8001c071 c=0x00000000 d=0x00000000 rc=0 n=1
i915: LCD-B t[1449] write 0x7124c b=0x80024091 c=0x00000000 d=0x00000000 rc=0 n=1
i915: LCD-B t[1450] write 0x71250 b=0x800300c1 c=0x00000000 d=0x00000000 rc=0 n=1
i915: LCD-B t[1451] write 0x71254 b=0x800300c1 c=0x00000000 d=0x00000000 rc=0 n=1
i915: LCD-B t[1452] write 0x71268 b=0x8000001e c=0x00000000 d=0x00000000 rc=0 n=1
i915: LCD-B t[1453] write 0x71258 b=0x80010041 c=0x00000000 d=0x00000000 rc=0 n=1
i915: LCD-B t[1454] write 0x7125c b=0x8000004f c=0x00000000 d=0x00000000 rc=0 n=1
i915: LCD-B t[1455] write 0x7127c b=0x0fd50000 c=0x00000000 d=0x00000000 rc=0 n=1
i915: LCD-B t[1458] write 0x71180 b=0x94000000 c=0x00000000 d=0x00000000 rc=0 n=1
i915: LCD-B t[1459] write 0x7119c b=0xbcb80000 c=0x00000000 d=0x00000000 rc=0 n=1
i915: LCD-B t[1462] pw-put 0x00049 b=0x0000004a c=0x00000011 d=0x00000001 rc=0 n=1
i915: LCD-B t[1466] pw-get 0x00049 b=0x00000000 c=0x00000000 d=0x00000000 rc=74 n=1
i915: LCD-B t[1467] write 0x71188 b=0x00000078 c=0x00000000 d=0x00000000 rc=0 n=1
i915: LCD-B t[1468] write 0x7118c b=0x00000000 c=0x00000000 d=0x00000000 rc=0 n=1
i915: LCD-B t[1469] write 0x71190 b=0x04ff077f c=0x00000000 d=0x00000000 rc=0 n=1
i915: LCD-B t[1470] write 0x71194 b=0x00000000 c=0x00000000 d=0x00000000 rc=0 n=1
i915: LCD-B t[1471] write 0x71198 b=0x00000000 c=0x00000000 d=0x00000000 rc=0 n=1
i915: LCD-B t[1472] write 0x711a0 b=0xff000000 c=0x00000000 d=0x00000000 rc=0 n=1
i915: LCD-B t[1473] write 0x711a4 b=0x00000000 c=0x00000000 d=0x00000000 rc=0 n=1
i915: LCD-B t[1474] write 0x711c0 b=0x00000000 c=0x00000000 d=0x00000000 rc=0 n=1
i915: LCD-B t[1475] write 0x711c8 b=0x00000000 c=0x00000000 d=0x00000000 rc=0 n=1
i915: LCD-B t[1476] write 0x711cc b=0x00002000 c=0x00000000 d=0x00000000 rc=0 n=1
i915: LCD-B t[1477] write 0x71240 b=0x80004010 c=0x00000000 d=0x00000000 rc=0 n=1
i915: LCD-B t[1478] write 0x71244 b=0x80014051 c=0x00000000 d=0x00000000 rc=0 n=1
i915: LCD-B t[1479] write 0x71248 b=0x8001c071 c=0x00000000 d=0x00000000 rc=0 n=1
i915: LCD-B t[1480] write 0x7124c b=0x80024091 c=0x00000000 d=0x00000000 rc=0 n=1
i915: LCD-B t[1481] write 0x71250 b=0x800300c1 c=0x00000000 d=0x00000000 rc=0 n=1
i915: LCD-B t[1482] write 0x71254 b=0x800300c1 c=0x00000000 d=0x00000000 rc=0 n=1
i915: LCD-B t[1483] write 0x71268 b=0x8000001e c=0x00000000 d=0x00000000 rc=0 n=1
i915: LCD-B t[1484] write 0x71258 b=0x80010041 c=0x00000000 d=0x00000000 rc=0 n=1
i915: LCD-B t[1485] write 0x7125c b=0x8000004f c=0x00000000 d=0x00000000 rc=0 n=1
i915: LCD-B t[1486] write 0x7127c b=0x0fd50000 c=0x00000000 d=0x00000000 rc=0 n=1
i915: LCD-B t[1489] write 0x71180 b=0x94000000 c=0x00000000 d=0x00000000 rc=0 n=1
i915: LCD-B t[1490] write 0x7119c b=0xbc0c0000 c=0x00000000 d=0x00000000 rc=0 n=1
i915: LCD-B t[1493] pw-put 0x00049 b=0x0000004a c=0x00000011 d=0x00000001 rc=0 n=1
i915: LCD-B t[1497] pw-get 0x00049 b=0x00000000 c=0x00000000 d=0x00000000 rc=74 n=1
i915: LCD-B t[1498] write 0x71188 b=0x00000078 c=0x00000000 d=0x00000000 rc=0 n=1
i915: LCD-B t[1499] write 0x7118c b=0x00000000 c=0x00000000 d=0x00000000 rc=0 n=1
i915: LCD-B t[1500] write 0x71190 b=0x04ff077f c=0x00000000 d=0x00000000 rc=0 n=1
i915: LCD-B t[1501] write 0x71194 b=0x00000000 c=0x00000000 d=0x00000000 rc=0 n=1
i915: LCD-B t[1502] write 0x71198 b=0x00000000 c=0x00000000 d=0x00000000 rc=0 n=1
i915: LCD-B t[1503] write 0x711a0 b=0xff000000 c=0x00000000 d=0x00000000 rc=0 n=1
i915: LCD-B t[1504] write 0x711a4 b=0x00000000 c=0x00000000 d=0x00000000 rc=0 n=1
i915: LCD-B t[1505] write 0x711c0 b=0x00000000 c=0x00000000 d=0x00000000 rc=0 n=1
i915: LCD-B t[1506] write 0x711c8 b=0x00000000 c=0x00000000 d=0x00000000 rc=0 n=1
i915: LCD-B t[1507] write 0x711cc b=0x00002000 c=0x00000000 d=0x00000000 rc=0 n=1
i915: LCD-B t[1508] write 0x71240 b=0x80004010 c=0x00000000 d=0x00000000 rc=0 n=1
i915: LCD-B t[1509] write 0x71244 b=0x80014051 c=0x00000000 d=0x00000000 rc=0 n=1
i915: LCD-B t[1510] write 0x71248 b=0x8001c071 c=0x00000000 d=0x00000000 rc=0 n=1
i915: LCD-B t[1511] write 0x7124c b=0x80024091 c=0x00000000 d=0x00000000 rc=0 n=1
i915: LCD-B t[1512] write 0x71250 b=0x800300c1 c=0x00000000 d=0x00000000 rc=0 n=1
i915: LCD-B t[1513] write 0x71254 b=0x800300c1 c=0x00000000 d=0x00000000 rc=0 n=1
i915: LCD-B t[1514] write 0x71268 b=0x8000001e c=0x00000000 d=0x00000000 rc=0 n=1
i915: LCD-B t[1515] write 0x71258 b=0x80010041 c=0x00000000 d=0x00000000 rc=0 n=1
i915: LCD-B t[1516] write 0x7125c b=0x8000004f c=0x00000000 d=0x00000000 rc=0 n=1
i915: LCD-B t[1517] write 0x7127c b=0x0fd50000 c=0x00000000 d=0x00000000 rc=0 n=1
i915: LCD-B t[1520] write 0x71180 b=0x94000000 c=0x00000000 d=0x00000000 rc=0 n=1
i915: LCD-B t[1521] write 0x7119c b=0xbcb80000 c=0x00000000 d=0x00000000 rc=0 n=1
i915: LCD-B t[1524] pw-put 0x00049 b=0x0000004a c=0x00000011 d=0x00000001 rc=0 n=1
i915: LCD-B t[1528] pw-get 0x00049 b=0x00000000 c=0x00000000 d=0x00000000 rc=74 n=1
i915: LCD-B t[1529] write 0x71188 b=0x00000078 c=0x00000000 d=0x00000000 rc=0 n=1
i915: LCD-B t[1530] write 0x7118c b=0x00000000 c=0x00000000 d=0x00000000 rc=0 n=1
i915: LCD-B t[1531] write 0x71190 b=0x04ff077f c=0x00000000 d=0x00000000 rc=0 n=1
i915: LCD-B t[1532] write 0x71194 b=0x00000000 c=0x00000000 d=0x00000000 rc=0 n=1
i915: LCD-B t[1533] write 0x71198 b=0x00000000 c=0x00000000 d=0x00000000 rc=0 n=1
i915: LCD-B t[1534] write 0x711a0 b=0xff000000 c=0x00000000 d=0x00000000 rc=0 n=1
i915: LCD-B t[1535] write 0x711a4 b=0x00000000 c=0x00000000 d=0x00000000 rc=0 n=1
i915: LCD-B t[1536] write 0x711c0 b=0x00000000 c=0x00000000 d=0x00000000 rc=0 n=1
i915: LCD-B t[1537] write 0x711c8 b=0x00000000 c=0x00000000 d=0x00000000 rc=0 n=1
i915: LCD-B t[1538] write 0x711cc b=0x00002000 c=0x00000000 d=0x00000000 rc=0 n=1
i915: LCD-B t[1539] write 0x71240 b=0x80004010 c=0x00000000 d=0x00000000 rc=0 n=1
i915: LCD-B t[1540] write 0x71244 b=0x80014051 c=0x00000000 d=0x00000000 rc=0 n=1
i915: LCD-B t[1541] write 0x71248 b=0x8001c071 c=0x00000000 d=0x00000000 rc=0 n=1
i915: LCD-B t[1542] write 0x7124c b=0x80024091 c=0x00000000 d=0x00000000 rc=0 n=1
i915: LCD-B t[1543] write 0x71250 b=0x800300c1 c=0x00000000 d=0x00000000 rc=0 n=1
i915: LCD-B t[1544] write 0x71254 b=0x800300c1 c=0x00000000 d=0x00000000 rc=0 n=1
i915: LCD-B t[1545] write 0x71268 b=0x8000001e c=0x00000000 d=0x00000000 rc=0 n=1
i915: LCD-B t[1546] write 0x71258 b=0x80010041 c=0x00000000 d=0x00000000 rc=0 n=1
i915: LCD-B t[1547] write 0x7125c b=0x8000004f c=0x00000000 d=0x00000000 rc=0 n=1
i915: LCD-B t[1548] write 0x7127c b=0x0fd50000 c=0x00000000 d=0x00000000 rc=0 n=1
i915: LCD-B t[1551] write 0x71180 b=0x94000000 c=0x00000000 d=0x00000000 rc=0 n=1
i915: LCD-B t[1552] write 0x7119c b=0xbc0c0000 c=0x00000000 d=0x00000000 rc=0 n=1
i915: LCD-B t[1555] pw-put 0x00049 b=0x0000004a c=0x00000011 d=0x00000001 rc=0 n=1
i915: LCD-B t[1559] pw-get 0x00049 b=0x00000000 c=0x00000000 d=0x00000000 rc=74 n=1
i915: LCD-B t[1560] write 0x71188 b=0x00000078 c=0x00000000 d=0x00000000 rc=0 n=1
i915: LCD-B t[1561] write 0x7118c b=0x00000000 c=0x00000000 d=0x00000000 rc=0 n=1
i915: LCD-B t[1562] write 0x71190 b=0x04ff077f c=0x00000000 d=0x00000000 rc=0 n=1
i915: LCD-B t[1563] write 0x71194 b=0x00000000 c=0x00000000 d=0x00000000 rc=0 n=1
i915: LCD-B t[1564] write 0x71198 b=0x00000000 c=0x00000000 d=0x00000000 rc=0 n=1
i915: LCD-B t[1565] write 0x711a0 b=0xff000000 c=0x00000000 d=0x00000000 rc=0 n=1
i915: LCD-B t[1566] write 0x711a4 b=0x00000000 c=0x00000000 d=0x00000000 rc=0 n=1
i915: LCD-B t[1567] write 0x711c0 b=0x00000000 c=0x00000000 d=0x00000000 rc=0 n=1
i915: LCD-B t[1568] write 0x711c8 b=0x00000000 c=0x00000000 d=0x00000000 rc=0 n=1
i915: LCD-B t[1569] write 0x711cc b=0x00002000 c=0x00000000 d=0x00000000 rc=0 n=1
i915: LCD-B t[1570] write 0x71240 b=0x80004010 c=0x00000000 d=0x00000000 rc=0 n=1
i915: LCD-B t[1571] write 0x71244 b=0x80014051 c=0x00000000 d=0x00000000 rc=0 n=1
i915: LCD-B t[1572] write 0x71248 b=0x8001c071 c=0x00000000 d=0x00000000 rc=0 n=1
i915: LCD-B t[1573] write 0x7124c b=0x80024091 c=0x00000000 d=0x00000000 rc=0 n=1
i915: LCD-B t[1574] write 0x71250 b=0x800300c1 c=0x00000000 d=0x00000000 rc=0 n=1
i915: LCD-B t[1575] write 0x71254 b=0x800300c1 c=0x00000000 d=0x00000000 rc=0 n=1
i915: LCD-B t[1576] write 0x71268 b=0x8000001e c=0x00000000 d=0x00000000 rc=0 n=1
i915: LCD-B t[1577] write 0x71258 b=0x80010041 c=0x00000000 d=0x00000000 rc=0 n=1
i915: LCD-B t[1578] write 0x7125c b=0x8000004f c=0x00000000 d=0x00000000 rc=0 n=1
i915: LCD-B t[1579] write 0x7127c b=0x0fd50000 c=0x00000000 d=0x00000000 rc=0 n=1
i915: LCD-B t[1582] write 0x71180 b=0x94000000 c=0x00000000 d=0x00000000 rc=0 n=1
i915: LCD-B t[1583] write 0x7119c b=0xbcb80000 c=0x00000000 d=0x00000000 rc=0 n=1
i915: LCD-B t[1586] pw-put 0x00049 b=0x0000004a c=0x00000011 d=0x00000001 rc=0 n=1
i915: LCD-B t[1590] pw-get 0x00049 b=0x00000000 c=0x00000000 d=0x00000000 rc=74 n=1
i915: LCD-B t[1591] write 0x71188 b=0x00000078 c=0x00000000 d=0x00000000 rc=0 n=1
i915: LCD-B t[1592] write 0x7118c b=0x00000000 c=0x00000000 d=0x00000000 rc=0 n=1
i915: LCD-B t[1593] write 0x71190 b=0x04ff077f c=0x00000000 d=0x00000000 rc=0 n=1
i915: LCD-B t[1594] write 0x71194 b=0x00000000 c=0x00000000 d=0x00000000 rc=0 n=1
i915: LCD-B t[1595] write 0x71198 b=0x00000000 c=0x00000000 d=0x00000000 rc=0 n=1
i915: LCD-B t[1596] write 0x711a0 b=0xff000000 c=0x00000000 d=0x00000000 rc=0 n=1
i915: LCD-B t[1597] write 0x711a4 b=0x00000000 c=0x00000000 d=0x00000000 rc=0 n=1
i915: LCD-B t[1598] write 0x711c0 b=0x00000000 c=0x00000000 d=0x00000000 rc=0 n=1
i915: LCD-B t[1599] write 0x711c8 b=0x00000000 c=0x00000000 d=0x00000000 rc=0 n=1
i915: LCD-B t[1600] write 0x711cc b=0x00002000 c=0x00000000 d=0x00000000 rc=0 n=1
i915: LCD-B t[1601] write 0x71240 b=0x80004010 c=0x00000000 d=0x00000000 rc=0 n=1
i915: LCD-B t[1602] write 0x71244 b=0x80014051 c=0x00000000 d=0x00000000 rc=0 n=1
i915: LCD-B t[1603] write 0x71248 b=0x8001c071 c=0x00000000 d=0x00000000 rc=0 n=1
i915: LCD-B t[1604] write 0x7124c b=0x80024091 c=0x00000000 d=0x00000000 rc=0 n=1
i915: LCD-B t[1605] write 0x71250 b=0x800300c1 c=0x00000000 d=0x00000000 rc=0 n=1
i915: LCD-B t[1606] write 0x71254 b=0x800300c1 c=0x00000000 d=0x00000000 rc=0 n=1
i915: LCD-B t[1607] write 0x71268 b=0x8000001e c=0x00000000 d=0x00000000 rc=0 n=1
i915: LCD-B t[1608] write 0x71258 b=0x80010041 c=0x00000000 d=0x00000000 rc=0 n=1
i915: LCD-B t[1609] write 0x7125c b=0x8000004f c=0x00000000 d=0x00000000 rc=0 n=1
i915: LCD-B t[1610] write 0x7127c b=0x0fd50000 c=0x00000000 d=0x00000000 rc=0 n=1
i915: LCD-B t[1613] write 0x71180 b=0x94000000 c=0x00000000 d=0x00000000 rc=0 n=1
i915: LCD-B t[1614] write 0x7119c b=0xbc0c0000 c=0x00000000 d=0x00000000 rc=0 n=1
i915: LCD-B t[1617] pw-put 0x00049 b=0x0000004a c=0x00000011 d=0x00000001 rc=0 n=1
i915: LCD-B t[1621] pw-get 0x00049 b=0x00000000 c=0x00000000 d=0x00000000 rc=74 n=1
i915: LCD-B t[1622] write 0x71188 b=0x00000078 c=0x00000000 d=0x00000000 rc=0 n=1
i915: LCD-B t[1623] write 0x7118c b=0x00000000 c=0x00000000 d=0x00000000 rc=0 n=1
i915: LCD-B t[1624] write 0x71190 b=0x04ff077f c=0x00000000 d=0x00000000 rc=0 n=1
i915: LCD-B t[1625] write 0x71194 b=0x00000000 c=0x00000000 d=0x00000000 rc=0 n=1
i915: LCD-B t[1626] write 0x71198 b=0x00000000 c=0x00000000 d=0x00000000 rc=0 n=1
i915: LCD-B t[1627] write 0x711a0 b=0xff000000 c=0x00000000 d=0x00000000 rc=0 n=1
i915: LCD-B t[1628] write 0x711a4 b=0x00000000 c=0x00000000 d=0x00000000 rc=0 n=1
i915: LCD-B t[1629] write 0x711c0 b=0x00000000 c=0x00000000 d=0x00000000 rc=0 n=1
i915: LCD-B t[1630] write 0x711c8 b=0x00000000 c=0x00000000 d=0x00000000 rc=0 n=1
i915: LCD-B t[1631] write 0x711cc b=0x00002000 c=0x00000000 d=0x00000000 rc=0 n=1
i915: LCD-B t[1632] write 0x71240 b=0x80004010 c=0x00000000 d=0x00000000 rc=0 n=1
i915: LCD-B t[1633] write 0x71244 b=0x80014051 c=0x00000000 d=0x00000000 rc=0 n=1
i915: LCD-B t[1634] write 0x71248 b=0x8001c071 c=0x00000000 d=0x00000000 rc=0 n=1
i915: LCD-B t[1635] write 0x7124c b=0x80024091 c=0x00000000 d=0x00000000 rc=0 n=1
i915: LCD-B t[1636] write 0x71250 b=0x800300c1 c=0x00000000 d=0x00000000 rc=0 n=1
i915: LCD-B t[1637] write 0x71254 b=0x800300c1 c=0x00000000 d=0x00000000 rc=0 n=1
i915: LCD-B t[1638] write 0x71268 b=0x8000001e c=0x00000000 d=0x00000000 rc=0 n=1
i915: LCD-B t[1639] write 0x71258 b=0x80010041 c=0x00000000 d=0x00000000 rc=0 n=1
i915: LCD-B t[1640] write 0x7125c b=0x8000004f c=0x00000000 d=0x00000000 rc=0 n=1
i915: LCD-B t[1641] write 0x7127c b=0x0fd50000 c=0x00000000 d=0x00000000 rc=0 n=1
i915: LCD-B t[1644] write 0x71180 b=0x94000000 c=0x00000000 d=0x00000000 rc=0 n=1
i915: LCD-B t[1645] write 0x7119c b=0xbcb80000 c=0x00000000 d=0x00000000 rc=0 n=1
i915: LCD-B t[1648] pw-put 0x00049 b=0x0000004a c=0x00000011 d=0x00000001 rc=0 n=1
i915: LCD-B t[1652] pw-get 0x00049 b=0x00000000 c=0x00000000 d=0x00000000 rc=74 n=1
i915: LCD-B t[1653] write 0x71188 b=0x00000078 c=0x00000000 d=0x00000000 rc=0 n=1
i915: LCD-B t[1654] write 0x7118c b=0x00000000 c=0x00000000 d=0x00000000 rc=0 n=1
i915: LCD-B t[1655] write 0x71190 b=0x04ff077f c=0x00000000 d=0x00000000 rc=0 n=1
i915: LCD-B t[1656] write 0x71194 b=0x00000000 c=0x00000000 d=0x00000000 rc=0 n=1
i915: LCD-B t[1657] write 0x71198 b=0x00000000 c=0x00000000 d=0x00000000 rc=0 n=1
i915: LCD-B t[1658] write 0x711a0 b=0xff000000 c=0x00000000 d=0x00000000 rc=0 n=1
i915: LCD-B t[1659] write 0x711a4 b=0x00000000 c=0x00000000 d=0x00000000 rc=0 n=1
i915: LCD-B t[1660] write 0x711c0 b=0x00000000 c=0x00000000 d=0x00000000 rc=0 n=1
i915: LCD-B t[1661] write 0x711c8 b=0x00000000 c=0x00000000 d=0x00000000 rc=0 n=1
i915: LCD-B t[1662] write 0x711cc b=0x00002000 c=0x00000000 d=0x00000000 rc=0 n=1
i915: LCD-B t[1663] write 0x71240 b=0x80004010 c=0x00000000 d=0x00000000 rc=0 n=1
i915: LCD-B t[1664] write 0x71244 b=0x80014051 c=0x00000000 d=0x00000000 rc=0 n=1
i915: LCD-B t[1665] write 0x71248 b=0x8001c071 c=0x00000000 d=0x00000000 rc=0 n=1
i915: LCD-B t[1666] write 0x7124c b=0x80024091 c=0x00000000 d=0x00000000 rc=0 n=1
i915: LCD-B t[1667] write 0x71250 b=0x800300c1 c=0x00000000 d=0x00000000 rc=0 n=1
i915: LCD-B t[1668] write 0x71254 b=0x800300c1 c=0x00000000 d=0x00000000 rc=0 n=1
i915: LCD-B t[1669] write 0x71268 b=0x8000001e c=0x00000000 d=0x00000000 rc=0 n=1
i915: LCD-B t[1670] write 0x71258 b=0x80010041 c=0x00000000 d=0x00000000 rc=0 n=1
i915: LCD-B t[1671] write 0x7125c b=0x8000004f c=0x00000000 d=0x00000000 rc=0 n=1
i915: LCD-B t[1672] write 0x7127c b=0x0fd50000 c=0x00000000 d=0x00000000 rc=0 n=1
i915: LCD-B t[1675] write 0x71180 b=0x94000000 c=0x00000000 d=0x00000000 rc=0 n=1
i915: LCD-B t[1676] write 0x7119c b=0xbc0c0000 c=0x00000000 d=0x00000000 rc=0 n=1
i915: LCD-B t[1679] pw-put 0x00049 b=0x0000004a c=0x00000011 d=0x00000001 rc=0 n=1
i915: LCD-B t[1683] pw-get 0x00049 b=0x00000000 c=0x00000000 d=0x00000000 rc=74 n=1
i915: LCD-B t[1684] write 0x71188 b=0x00000078 c=0x00000000 d=0x00000000 rc=0 n=1
i915: LCD-B t[1685] write 0x7118c b=0x00000000 c=0x00000000 d=0x00000000 rc=0 n=1
i915: LCD-B t[1686] write 0x71190 b=0x04ff077f c=0x00000000 d=0x00000000 rc=0 n=1
i915: LCD-B t[1687] write 0x71194 b=0x00000000 c=0x00000000 d=0x00000000 rc=0 n=1
i915: LCD-B t[1688] write 0x71198 b=0x00000000 c=0x00000000 d=0x00000000 rc=0 n=1
i915: LCD-B t[1689] write 0x711a0 b=0xff000000 c=0x00000000 d=0x00000000 rc=0 n=1
i915: LCD-B t[1690] write 0x711a4 b=0x00000000 c=0x00000000 d=0x00000000 rc=0 n=1
i915: LCD-B t[1691] write 0x711c0 b=0x00000000 c=0x00000000 d=0x00000000 rc=0 n=1
i915: LCD-B t[1692] write 0x711c8 b=0x00000000 c=0x00000000 d=0x00000000 rc=0 n=1
i915: LCD-B t[1693] write 0x711cc b=0x00002000 c=0x00000000 d=0x00000000 rc=0 n=1
i915: LCD-B t[1694] write 0x71240 b=0x80004010 c=0x00000000 d=0x00000000 rc=0 n=1
i915: LCD-B t[1695] write 0x71244 b=0x80014051 c=0x00000000 d=0x00000000 rc=0 n=1
i915: LCD-B t[1696] write 0x71248 b=0x8001c071 c=0x00000000 d=0x00000000 rc=0 n=1
i915: LCD-B t[1697] write 0x7124c b=0x80024091 c=0x00000000 d=0x00000000 rc=0 n=1
i915: LCD-B t[1698] write 0x71250 b=0x800300c1 c=0x00000000 d=0x00000000 rc=0 n=1
i915: LCD-B t[1699] write 0x71254 b=0x800300c1 c=0x00000000 d=0x00000000 rc=0 n=1
i915: LCD-B t[1700] write 0x71268 b=0x8000001e c=0x00000000 d=0x00000000 rc=0 n=1
i915: LCD-B t[1701] write 0x71258 b=0x80010041 c=0x00000000 d=0x00000000 rc=0 n=1
i915: LCD-B t[1702] write 0x7125c b=0x8000004f c=0x00000000 d=0x00000000 rc=0 n=1
i915: LCD-B t[1703] write 0x7127c b=0x0fd50000 c=0x00000000 d=0x00000000 rc=0 n=1
i915: LCD-B t[1706] write 0x71180 b=0x94000000 c=0x00000000 d=0x00000000 rc=0 n=1
i915: LCD-B t[1707] write 0x7119c b=0xbcb80000 c=0x00000000 d=0x00000000 rc=0 n=1
i915: LCD-B t[1710] pw-put 0x00049 b=0x0000004a c=0x00000011 d=0x00000001 rc=0 n=1
i915: LCD-B t[1714] pw-get 0x00049 b=0x00000000 c=0x00000000 d=0x00000000 rc=74 n=1
i915: LCD-B t[1715] write 0x71188 b=0x00000078 c=0x00000000 d=0x00000000 rc=0 n=1
i915: LCD-B t[1716] write 0x7118c b=0x00000000 c=0x00000000 d=0x00000000 rc=0 n=1
i915: LCD-B t[1717] write 0x71190 b=0x04ff077f c=0x00000000 d=0x00000000 rc=0 n=1
i915: LCD-B t[1718] write 0x71194 b=0x00000000 c=0x00000000 d=0x00000000 rc=0 n=1
i915: LCD-B t[1719] write 0x71198 b=0x00000000 c=0x00000000 d=0x00000000 rc=0 n=1
i915: LCD-B t[1720] write 0x711a0 b=0xff000000 c=0x00000000 d=0x00000000 rc=0 n=1
i915: LCD-B t[1721] write 0x711a4 b=0x00000000 c=0x00000000 d=0x00000000 rc=0 n=1
i915: LCD-B t[1722] write 0x711c0 b=0x00000000 c=0x00000000 d=0x00000000 rc=0 n=1
i915: LCD-B t[1723] write 0x711c8 b=0x00000000 c=0x00000000 d=0x00000000 rc=0 n=1
i915: LCD-B t[1724] write 0x711cc b=0x00002000 c=0x00000000 d=0x00000000 rc=0 n=1
i915: LCD-B t[1725] write 0x71240 b=0x80004010 c=0x00000000 d=0x00000000 rc=0 n=1
i915: LCD-B t[1726] write 0x71244 b=0x80014051 c=0x00000000 d=0x00000000 rc=0 n=1
i915: LCD-B t[1727] write 0x71248 b=0x8001c071 c=0x00000000 d=0x00000000 rc=0 n=1
i915: LCD-B t[1728] write 0x7124c b=0x80024091 c=0x00000000 d=0x00000000 rc=0 n=1
i915: LCD-B t[1729] write 0x71250 b=0x800300c1 c=0x00000000 d=0x00000000 rc=0 n=1
i915: LCD-B t[1730] write 0x71254 b=0x800300c1 c=0x00000000 d=0x00000000 rc=0 n=1
i915: LCD-B t[1731] write 0x71268 b=0x8000001e c=0x00000000 d=0x00000000 rc=0 n=1
i915: LCD-B t[1732] write 0x71258 b=0x80010041 c=0x00000000 d=0x00000000 rc=0 n=1
i915: LCD-B t[1733] write 0x7125c b=0x8000004f c=0x00000000 d=0x00000000 rc=0 n=1
i915: LCD-B t[1734] write 0x7127c b=0x0fd50000 c=0x00000000 d=0x00000000 rc=0 n=1
i915: LCD-B t[1737] write 0x71180 b=0x94000000 c=0x00000000 d=0x00000000 rc=0 n=1
i915: LCD-B t[1738] write 0x7119c b=0xbc0c0000 c=0x00000000 d=0x00000000 rc=0 n=1
i915: LCD-B t[1741] pw-put 0x00049 b=0x0000004a c=0x00000011 d=0x00000001 rc=0 n=1
i915: LCD-B t[1745] pw-get 0x00049 b=0x00000000 c=0x00000000 d=0x00000000 rc=74 n=1
i915: LCD-B t[1746] write 0x71188 b=0x00000078 c=0x00000000 d=0x00000000 rc=0 n=1
i915: LCD-B t[1747] write 0x7118c b=0x00000000 c=0x00000000 d=0x00000000 rc=0 n=1
i915: LCD-B t[1748] write 0x71190 b=0x04ff077f c=0x00000000 d=0x00000000 rc=0 n=1
i915: LCD-B t[1749] write 0x71194 b=0x00000000 c=0x00000000 d=0x00000000 rc=0 n=1
i915: LCD-B t[1750] write 0x71198 b=0x00000000 c=0x00000000 d=0x00000000 rc=0 n=1
i915: LCD-B t[1751] write 0x711a0 b=0xff000000 c=0x00000000 d=0x00000000 rc=0 n=1
i915: LCD-B t[1752] write 0x711a4 b=0x00000000 c=0x00000000 d=0x00000000 rc=0 n=1
i915: LCD-B t[1753] write 0x711c0 b=0x00000000 c=0x00000000 d=0x00000000 rc=0 n=1
i915: LCD-B t[1754] write 0x711c8 b=0x00000000 c=0x00000000 d=0x00000000 rc=0 n=1
i915: LCD-B t[1755] write 0x711cc b=0x00002000 c=0x00000000 d=0x00000000 rc=0 n=1
i915: LCD-B t[1756] write 0x71240 b=0x80004010 c=0x00000000 d=0x00000000 rc=0 n=1
i915: LCD-B t[1757] write 0x71244 b=0x80014051 c=0x00000000 d=0x00000000 rc=0 n=1
i915: LCD-B t[1758] write 0x71248 b=0x8001c071 c=0x00000000 d=0x00000000 rc=0 n=1
i915: LCD-B t[1759] write 0x7124c b=0x80024091 c=0x00000000 d=0x00000000 rc=0 n=1
i915: LCD-B t[1760] write 0x71250 b=0x800300c1 c=0x00000000 d=0x00000000 rc=0 n=1
i915: LCD-B t[1761] write 0x71254 b=0x800300c1 c=0x00000000 d=0x00000000 rc=0 n=1
i915: LCD-B t[1762] write 0x71268 b=0x8000001e c=0x00000000 d=0x00000000 rc=0 n=1
i915: LCD-B t[1763] write 0x71258 b=0x80010041 c=0x00000000 d=0x00000000 rc=0 n=1
i915: LCD-B t[1764] write 0x7125c b=0x8000004f c=0x00000000 d=0x00000000 rc=0 n=1
i915: LCD-B t[1765] write 0x7127c b=0x0fd50000 c=0x00000000 d=0x00000000 rc=0 n=1
i915: LCD-B t[1768] write 0x71180 b=0x94000000 c=0x00000000 d=0x00000000 rc=0 n=1
i915: LCD-B t[1769] write 0x7119c b=0xbcb80000 c=0x00000000 d=0x00000000 rc=0 n=1
i915: LCD-B t[1772] pw-put 0x00049 b=0x0000004a c=0x00000011 d=0x00000001 rc=0 n=1
i915: LCD-B t[1776] pw-get 0x00049 b=0x00000000 c=0x00000000 d=0x00000000 rc=74 n=1
i915: LCD-B t[1777] write 0x71188 b=0x00000078 c=0x00000000 d=0x00000000 rc=0 n=1
i915: LCD-B t[1778] write 0x7118c b=0x00000000 c=0x00000000 d=0x00000000 rc=0 n=1
i915: LCD-B t[1779] write 0x71190 b=0x04ff077f c=0x00000000 d=0x00000000 rc=0 n=1
i915: LCD-B t[1780] write 0x71194 b=0x00000000 c=0x00000000 d=0x00000000 rc=0 n=1
i915: LCD-B t[1781] write 0x71198 b=0x00000000 c=0x00000000 d=0x00000000 rc=0 n=1
i915: LCD-B t[1782] write 0x711a0 b=0xff000000 c=0x00000000 d=0x00000000 rc=0 n=1
i915: LCD-B t[1783] write 0x711a4 b=0x00000000 c=0x00000000 d=0x00000000 rc=0 n=1
i915: LCD-B t[1784] write 0x711c0 b=0x00000000 c=0x00000000 d=0x00000000 rc=0 n=1
i915: LCD-B t[1785] write 0x711c8 b=0x00000000 c=0x00000000 d=0x00000000 rc=0 n=1
i915: LCD-B t[1786] write 0x711cc b=0x00002000 c=0x00000000 d=0x00000000 rc=0 n=1
i915: LCD-B t[1787] write 0x71240 b=0x80004010 c=0x00000000 d=0x00000000 rc=0 n=1
i915: LCD-B t[1788] write 0x71244 b=0x80014051 c=0x00000000 d=0x00000000 rc=0 n=1
i915: LCD-B t[1789] write 0x71248 b=0x8001c071 c=0x00000000 d=0x00000000 rc=0 n=1
i915: LCD-B t[1790] write 0x7124c b=0x80024091 c=0x00000000 d=0x00000000 rc=0 n=1
i915: LCD-B t[1791] write 0x71250 b=0x800300c1 c=0x00000000 d=0x00000000 rc=0 n=1
i915: LCD-B t[1792] write 0x71254 b=0x800300c1 c=0x00000000 d=0x00000000 rc=0 n=1
i915: LCD-B t[1793] write 0x71268 b=0x8000001e c=0x00000000 d=0x00000000 rc=0 n=1
i915: LCD-B t[1794] write 0x71258 b=0x80010041 c=0x00000000 d=0x00000000 rc=0 n=1
i915: LCD-B t[1795] write 0x7125c b=0x8000004f c=0x00000000 d=0x00000000 rc=0 n=1
i915: LCD-B t[1796] write 0x7127c b=0x0fd50000 c=0x00000000 d=0x00000000 rc=0 n=1
i915: LCD-B t[1799] write 0x71180 b=0x94000000 c=0x00000000 d=0x00000000 rc=0 n=1
i915: LCD-B t[1800] write 0x7119c b=0xbc0c0000 c=0x00000000 d=0x00000000 rc=0 n=1
i915: LCD-B t[1803] pw-put 0x00049 b=0x0000004a c=0x00000011 d=0x00000001 rc=0 n=1
i915: LCD-B t[1807] pw-get 0x00049 b=0x00000000 c=0x00000000 d=0x00000000 rc=74 n=1
i915: LCD-B t[1808] write 0x71188 b=0x00000078 c=0x00000000 d=0x00000000 rc=0 n=1
i915: LCD-B t[1809] write 0x7118c b=0x00000000 c=0x00000000 d=0x00000000 rc=0 n=1
i915: LCD-B t[1810] write 0x71190 b=0x04ff077f c=0x00000000 d=0x00000000 rc=0 n=1
i915: LCD-B t[1811] write 0x71194 b=0x00000000 c=0x00000000 d=0x00000000 rc=0 n=1
i915: LCD-B t[1812] write 0x71198 b=0x00000000 c=0x00000000 d=0x00000000 rc=0 n=1
i915: LCD-B t[1813] write 0x711a0 b=0xff000000 c=0x00000000 d=0x00000000 rc=0 n=1
i915: LCD-B t[1814] write 0x711a4 b=0x00000000 c=0x00000000 d=0x00000000 rc=0 n=1
i915: LCD-B t[1815] write 0x711c0 b=0x00000000 c=0x00000000 d=0x00000000 rc=0 n=1
i915: LCD-B t[1816] write 0x711c8 b=0x00000000 c=0x00000000 d=0x00000000 rc=0 n=1
i915: LCD-B t[1817] write 0x711cc b=0x00002000 c=0x00000000 d=0x00000000 rc=0 n=1
i915: LCD-B t[1818] write 0x71240 b=0x80004010 c=0x00000000 d=0x00000000 rc=0 n=1
i915: LCD-B t[1819] write 0x71244 b=0x80014051 c=0x00000000 d=0x00000000 rc=0 n=1
i915: LCD-B t[1820] write 0x71248 b=0x8001c071 c=0x00000000 d=0x00000000 rc=0 n=1
i915: LCD-B t[1821] write 0x7124c b=0x80024091 c=0x00000000 d=0x00000000 rc=0 n=1
i915: LCD-B t[1822] write 0x71250 b=0x800300c1 c=0x00000000 d=0x00000000 rc=0 n=1
i915: LCD-B t[1823] write 0x71254 b=0x800300c1 c=0x00000000 d=0x00000000 rc=0 n=1
i915: LCD-B t[1824] write 0x71268 b=0x8000001e c=0x00000000 d=0x00000000 rc=0 n=1
i915: LCD-B t[1825] write 0x71258 b=0x80010041 c=0x00000000 d=0x00000000 rc=0 n=1
i915: LCD-B t[1826] write 0x7125c b=0x8000004f c=0x00000000 d=0x00000000 rc=0 n=1
i915: LCD-B t[1827] write 0x7127c b=0x0fd50000 c=0x00000000 d=0x00000000 rc=0 n=1
i915: LCD-B t[1830] write 0x71180 b=0x94000000 c=0x00000000 d=0x00000000 rc=0 n=1
i915: LCD-B t[1831] write 0x7119c b=0xbcb80000 c=0x00000000 d=0x00000000 rc=0 n=1
i915: LCD-B t[1834] pw-put 0x00049 b=0x0000004a c=0x00000011 d=0x00000001 rc=0 n=1
i915: LCD-B t[1838] pw-get 0x00049 b=0x00000000 c=0x00000000 d=0x00000000 rc=74 n=1
i915: LCD-B t[1839] write 0x71188 b=0x00000078 c=0x00000000 d=0x00000000 rc=0 n=1
i915: LCD-B t[1840] write 0x7118c b=0x00000000 c=0x00000000 d=0x00000000 rc=0 n=1
i915: LCD-B t[1841] write 0x71190 b=0x04ff077f c=0x00000000 d=0x00000000 rc=0 n=1
i915: LCD-B t[1842] write 0x71194 b=0x00000000 c=0x00000000 d=0x00000000 rc=0 n=1
i915: LCD-B t[1843] write 0x71198 b=0x00000000 c=0x00000000 d=0x00000000 rc=0 n=1
i915: LCD-B t[1844] write 0x711a0 b=0xff000000 c=0x00000000 d=0x00000000 rc=0 n=1
i915: LCD-B t[1845] write 0x711a4 b=0x00000000 c=0x00000000 d=0x00000000 rc=0 n=1
i915: LCD-B t[1846] write 0x711c0 b=0x00000000 c=0x00000000 d=0x00000000 rc=0 n=1
i915: LCD-B t[1847] write 0x711c8 b=0x00000000 c=0x00000000 d=0x00000000 rc=0 n=1
i915: LCD-B t[1848] write 0x711cc b=0x00002000 c=0x00000000 d=0x00000000 rc=0 n=1
i915: LCD-B t[1849] write 0x71240 b=0x80004010 c=0x00000000 d=0x00000000 rc=0 n=1
i915: LCD-B t[1850] write 0x71244 b=0x80014051 c=0x00000000 d=0x00000000 rc=0 n=1
i915: LCD-B t[1851] write 0x71248 b=0x8001c071 c=0x00000000 d=0x00000000 rc=0 n=1
i915: LCD-B t[1852] write 0x7124c b=0x80024091 c=0x00000000 d=0x00000000 rc=0 n=1
i915: LCD-B t[1853] write 0x71250 b=0x800300c1 c=0x00000000 d=0x00000000 rc=0 n=1
i915: LCD-B t[1854] write 0x71254 b=0x800300c1 c=0x00000000 d=0x00000000 rc=0 n=1
i915: LCD-B t[1855] write 0x71268 b=0x8000001e c=0x00000000 d=0x00000000 rc=0 n=1
i915: LCD-B t[1856] write 0x71258 b=0x80010041 c=0x00000000 d=0x00000000 rc=0 n=1
i915: LCD-B t[1857] write 0x7125c b=0x8000004f c=0x00000000 d=0x00000000 rc=0 n=1
i915: LCD-B t[1858] write 0x7127c b=0x0fd50000 c=0x00000000 d=0x00000000 rc=0 n=1
i915: LCD-B t[1861] write 0x71180 b=0x94000000 c=0x00000000 d=0x00000000 rc=0 n=1
i915: LCD-B t[1862] write 0x7119c b=0xbc0c0000 c=0x00000000 d=0x00000000 rc=0 n=1
i915: LCD-B t[1865] pw-put 0x00049 b=0x0000004a c=0x00000011 d=0x00000001 rc=0 n=1
i915: LCD-B t[1869] pw-get 0x00049 b=0x00000000 c=0x00000000 d=0x00000000 rc=74 n=1
i915: LCD-B t[1870] write 0x71188 b=0x00000078 c=0x00000000 d=0x00000000 rc=0 n=1
i915: LCD-B t[1871] write 0x7118c b=0x00000000 c=0x00000000 d=0x00000000 rc=0 n=1
i915: LCD-B t[1872] write 0x71190 b=0x04ff077f c=0x00000000 d=0x00000000 rc=0 n=1
i915: LCD-B t[1873] write 0x71194 b=0x00000000 c=0x00000000 d=0x00000000 rc=0 n=1
i915: LCD-B t[1874] write 0x71198 b=0x00000000 c=0x00000000 d=0x00000000 rc=0 n=1
i915: LCD-B t[1875] write 0x711a0 b=0xff000000 c=0x00000000 d=0x00000000 rc=0 n=1
i915: LCD-B t[1876] write 0x711a4 b=0x00000000 c=0x00000000 d=0x00000000 rc=0 n=1
i915: LCD-B t[1877] write 0x711c0 b=0x00000000 c=0x00000000 d=0x00000000 rc=0 n=1
i915: LCD-B t[1878] write 0x711c8 b=0x00000000 c=0x00000000 d=0x00000000 rc=0 n=1
i915: LCD-B t[1879] write 0x711cc b=0x00002000 c=0x00000000 d=0x00000000 rc=0 n=1
i915: LCD-B t[1880] write 0x71240 b=0x80004010 c=0x00000000 d=0x00000000 rc=0 n=1
i915: LCD-B t[1881] write 0x71244 b=0x80014051 c=0x00000000 d=0x00000000 rc=0 n=1
i915: LCD-B t[1882] write 0x71248 b=0x8001c071 c=0x00000000 d=0x00000000 rc=0 n=1
i915: LCD-B t[1883] write 0x7124c b=0x80024091 c=0x00000000 d=0x00000000 rc=0 n=1
i915: LCD-B t[1884] write 0x71250 b=0x800300c1 c=0x00000000 d=0x00000000 rc=0 n=1
i915: LCD-B t[1885] write 0x71254 b=0x800300c1 c=0x00000000 d=0x00000000 rc=0 n=1
i915: LCD-B t[1886] write 0x71268 b=0x8000001e c=0x00000000 d=0x00000000 rc=0 n=1
i915: LCD-B t[1887] write 0x71258 b=0x80010041 c=0x00000000 d=0x00000000 rc=0 n=1
i915: LCD-B t[1888] write 0x7125c b=0x8000004f c=0x00000000 d=0x00000000 rc=0 n=1
i915: LCD-B t[1889] write 0x7127c b=0x0fd50000 c=0x00000000 d=0x00000000 rc=0 n=1
i915: LCD-B t[1892] write 0x71180 b=0x94000000 c=0x00000000 d=0x00000000 rc=0 n=1
i915: LCD-B t[1893] write 0x7119c b=0xbcb80000 c=0x00000000 d=0x00000000 rc=0 n=1
i915: LCD-B t[1896] pw-put 0x00049 b=0x0000004a c=0x00000011 d=0x00000001 rc=0 n=1
i915: LCD-B t[1900] pw-get 0x00049 b=0x00000000 c=0x00000000 d=0x00000000 rc=74 n=1
i915: LCD-B t[1901] write 0x71188 b=0x00000078 c=0x00000000 d=0x00000000 rc=0 n=1
i915: LCD-B t[1902] write 0x7118c b=0x00000000 c=0x00000000 d=0x00000000 rc=0 n=1
i915: LCD-B t[1903] write 0x71190 b=0x04ff077f c=0x00000000 d=0x00000000 rc=0 n=1
i915: LCD-B t[1904] write 0x71194 b=0x00000000 c=0x00000000 d=0x00000000 rc=0 n=1
i915: LCD-B t[1905] write 0x71198 b=0x00000000 c=0x00000000 d=0x00000000 rc=0 n=1
i915: LCD-B t[1906] write 0x711a0 b=0xff000000 c=0x00000000 d=0x00000000 rc=0 n=1
i915: LCD-B t[1907] write 0x711a4 b=0x00000000 c=0x00000000 d=0x00000000 rc=0 n=1
i915: LCD-B t[1908] write 0x711c0 b=0x00000000 c=0x00000000 d=0x00000000 rc=0 n=1
i915: LCD-B t[1909] write 0x711c8 b=0x00000000 c=0x00000000 d=0x00000000 rc=0 n=1
i915: LCD-B t[1910] write 0x711cc b=0x00002000 c=0x00000000 d=0x00000000 rc=0 n=1
i915: LCD-B t[1911] write 0x71240 b=0x80004010 c=0x00000000 d=0x00000000 rc=0 n=1
i915: LCD-B t[1912] write 0x71244 b=0x80014051 c=0x00000000 d=0x00000000 rc=0 n=1
i915: LCD-B t[1913] write 0x71248 b=0x8001c071 c=0x00000000 d=0x00000000 rc=0 n=1
i915: LCD-B t[1914] write 0x7124c b=0x80024091 c=0x00000000 d=0x00000000 rc=0 n=1
i915: LCD-B t[1915] write 0x71250 b=0x800300c1 c=0x00000000 d=0x00000000 rc=0 n=1
i915: LCD-B t[1916] write 0x71254 b=0x800300c1 c=0x00000000 d=0x00000000 rc=0 n=1
i915: LCD-B t[1917] write 0x71268 b=0x8000001e c=0x00000000 d=0x00000000 rc=0 n=1
i915: LCD-B t[1918] write 0x71258 b=0x80010041 c=0x00000000 d=0x00000000 rc=0 n=1
i915: LCD-B t[1919] write 0x7125c b=0x8000004f c=0x00000000 d=0x00000000 rc=0 n=1
i915: LCD-B t[1920] write 0x7127c b=0x0fd50000 c=0x00000000 d=0x00000000 rc=0 n=1
i915: LCD-B t[1923] write 0x71180 b=0x94000000 c=0x00000000 d=0x00000000 rc=0 n=1
i915: LCD-B t[1924] write 0x7119c b=0xbc0c0000 c=0x00000000 d=0x00000000 rc=0 n=1
i915: LCD-B t[1927] pw-put 0x00049 b=0x0000004a c=0x00000011 d=0x00000001 rc=0 n=1
i915: LCD-B t[1931] pw-get 0x00049 b=0x00000000 c=0x00000000 d=0x00000000 rc=74 n=1
i915: LCD-B t[1932] write 0x71188 b=0x00000078 c=0x00000000 d=0x00000000 rc=0 n=1
i915: LCD-B t[1933] write 0x7118c b=0x00000000 c=0x00000000 d=0x00000000 rc=0 n=1
i915: LCD-B t[1934] write 0x71190 b=0x04ff077f c=0x00000000 d=0x00000000 rc=0 n=1
i915: LCD-B t[1935] write 0x71194 b=0x00000000 c=0x00000000 d=0x00000000 rc=0 n=1
i915: LCD-B t[1936] write 0x71198 b=0x00000000 c=0x00000000 d=0x00000000 rc=0 n=1
i915: LCD-B t[1937] write 0x711a0 b=0xff000000 c=0x00000000 d=0x00000000 rc=0 n=1
i915: LCD-B t[1938] write 0x711a4 b=0x00000000 c=0x00000000 d=0x00000000 rc=0 n=1
i915: LCD-B t[1939] write 0x711c0 b=0x00000000 c=0x00000000 d=0x00000000 rc=0 n=1
i915: LCD-B t[1940] write 0x711c8 b=0x00000000 c=0x00000000 d=0x00000000 rc=0 n=1
i915: LCD-B t[1941] write 0x711cc b=0x00002000 c=0x00000000 d=0x00000000 rc=0 n=1
i915: LCD-B t[1942] write 0x71240 b=0x80004010 c=0x00000000 d=0x00000000 rc=0 n=1
i915: LCD-B t[1943] write 0x71244 b=0x80014051 c=0x00000000 d=0x00000000 rc=0 n=1
i915: LCD-B t[1944] write 0x71248 b=0x8001c071 c=0x00000000 d=0x00000000 rc=0 n=1
i915: LCD-B t[1945] write 0x7124c b=0x80024091 c=0x00000000 d=0x00000000 rc=0 n=1
i915: LCD-B t[1946] write 0x71250 b=0x800300c1 c=0x00000000 d=0x00000000 rc=0 n=1
i915: LCD-B t[1947] write 0x71254 b=0x800300c1 c=0x00000000 d=0x00000000 rc=0 n=1
i915: LCD-B t[1948] write 0x71268 b=0x8000001e c=0x00000000 d=0x00000000 rc=0 n=1
i915: LCD-B t[1949] write 0x71258 b=0x80010041 c=0x00000000 d=0x00000000 rc=0 n=1
i915: LCD-B t[1950] write 0x7125c b=0x8000004f c=0x00000000 d=0x00000000 rc=0 n=1
i915: LCD-B t[1951] write 0x7127c b=0x0fd50000 c=0x00000000 d=0x00000000 rc=0 n=1
i915: LCD-B t[1954] write 0x71180 b=0x94000000 c=0x00000000 d=0x00000000 rc=0 n=1
i915: LCD-B t[1955] write 0x7119c b=0xbcb80000 c=0x00000000 d=0x00000000 rc=0 n=1
i915: LCD-B t[1958] pw-put 0x00049 b=0x0000004a c=0x00000011 d=0x00000001 rc=0 n=1
i915: LCD-B t[1961] pw-get 0x00049 b=0x00000000 c=0x00000000 d=0x00000000 rc=74 n=1
i915: LCD-B t[1962] write 0x71188 b=0x00000078 c=0x00000000 d=0x00000000 rc=0 n=1
i915: LCD-B t[1963] write 0x7118c b=0x00000000 c=0x00000000 d=0x00000000 rc=0 n=1
i915: LCD-B t[1964] write 0x71190 b=0x04ff077f c=0x00000000 d=0x00000000 rc=0 n=1
i915: LCD-B t[1965] write 0x71194 b=0x00000000 c=0x00000000 d=0x00000000 rc=0 n=1
i915: LCD-B t[1966] write 0x71198 b=0x00000000 c=0x00000000 d=0x00000000 rc=0 n=1
i915: LCD-B t[1967] write 0x711a0 b=0xff000000 c=0x00000000 d=0x00000000 rc=0 n=1
i915: LCD-B t[1968] write 0x711a4 b=0x00000000 c=0x00000000 d=0x00000000 rc=0 n=1
i915: LCD-B t[1969] write 0x711c0 b=0x00000000 c=0x00000000 d=0x00000000 rc=0 n=1
i915: LCD-B t[1970] write 0x711c8 b=0x00000000 c=0x00000000 d=0x00000000 rc=0 n=1
i915: LCD-B t[1971] write 0x711cc b=0x00002000 c=0x00000000 d=0x00000000 rc=0 n=1
i915: LCD-B t[1972] write 0x71240 b=0x80004010 c=0x00000000 d=0x00000000 rc=0 n=1
i915: LCD-B t[1973] write 0x71244 b=0x80014051 c=0x00000000 d=0x00000000 rc=0 n=1
i915: LCD-B t[1974] write 0x71248 b=0x8001c071 c=0x00000000 d=0x00000000 rc=0 n=1
i915: LCD-B t[1975] write 0x7124c b=0x80024091 c=0x00000000 d=0x00000000 rc=0 n=1
i915: LCD-B t[1976] write 0x71250 b=0x800300c1 c=0x00000000 d=0x00000000 rc=0 n=1
i915: LCD-B t[1977] write 0x71254 b=0x800300c1 c=0x00000000 d=0x00000000 rc=0 n=1
i915: LCD-B t[1978] write 0x71268 b=0x8000001e c=0x00000000 d=0x00000000 rc=0 n=1
i915: LCD-B t[1979] write 0x71258 b=0x80010041 c=0x00000000 d=0x00000000 rc=0 n=1
i915: LCD-B t[1980] write 0x7125c b=0x8000004f c=0x00000000 d=0x00000000 rc=0 n=1
i915: LCD-B t[1981] write 0x7127c b=0x0fd50000 c=0x00000000 d=0x00000000 rc=0 n=1
i915: LCD-B t[1984] write 0x71180 b=0x94000000 c=0x00000000 d=0x00000000 rc=0 n=1
i915: LCD-B t[1985] write 0x7119c b=0xbc0c0000 c=0x00000000 d=0x00000000 rc=0 n=1
i915: LCD-B t[1988] pw-put 0x00049 b=0x0000004a c=0x00000011 d=0x00000001 rc=0 n=1
i915: LCD-B t[1991] pw-get 0x00049 b=0x00000000 c=0x00000000 d=0x00000000 rc=74 n=1
i915: LCD-B t[1992] write 0x71188 b=0x00000078 c=0x00000000 d=0x00000000 rc=0 n=1
i915: LCD-B t[1993] write 0x7118c b=0x00000000 c=0x00000000 d=0x00000000 rc=0 n=1
i915: LCD-B t[1994] write 0x71190 b=0x04ff077f c=0x00000000 d=0x00000000 rc=0 n=1
i915: LCD-B t[1995] write 0x71194 b=0x00000000 c=0x00000000 d=0x00000000 rc=0 n=1
i915: LCD-B t[1996] write 0x71198 b=0x00000000 c=0x00000000 d=0x00000000 rc=0 n=1
i915: LCD-B t[1997] write 0x711a0 b=0xff000000 c=0x00000000 d=0x00000000 rc=0 n=1
i915: LCD-B t[1998] write 0x711a4 b=0x00000000 c=0x00000000 d=0x00000000 rc=0 n=1
i915: LCD-B t[1999] write 0x711c0 b=0x00000000 c=0x00000000 d=0x00000000 rc=0 n=1
i915: LCD-B t[2000] write 0x711c8 b=0x00000000 c=0x00000000 d=0x00000000 rc=0 n=1
i915: LCD-B t[2001] write 0x711cc b=0x00002000 c=0x00000000 d=0x00000000 rc=0 n=1
i915: LCD-B t[2002] write 0x71240 b=0x80004010 c=0x00000000 d=0x00000000 rc=0 n=1
i915: LCD-B t[2003] write 0x71244 b=0x80014051 c=0x00000000 d=0x00000000 rc=0 n=1
i915: LCD-B t[2004] write 0x71248 b=0x8001c071 c=0x00000000 d=0x00000000 rc=0 n=1
i915: LCD-B t[2005] write 0x7124c b=0x80024091 c=0x00000000 d=0x00000000 rc=0 n=1
i915: LCD-B t[2006] write 0x71250 b=0x800300c1 c=0x00000000 d=0x00000000 rc=0 n=1
i915: LCD-B t[2007] write 0x71254 b=0x800300c1 c=0x00000000 d=0x00000000 rc=0 n=1
i915: LCD-B t[2008] write 0x71268 b=0x8000001e c=0x00000000 d=0x00000000 rc=0 n=1
i915: LCD-B t[2009] write 0x71258 b=0x80010041 c=0x00000000 d=0x00000000 rc=0 n=1
i915: LCD-B t[2010] write 0x7125c b=0x8000004f c=0x00000000 d=0x00000000 rc=0 n=1
i915: LCD-B t[2011] write 0x7127c b=0x0fd50000 c=0x00000000 d=0x00000000 rc=0 n=1
i915: LCD-B t[2014] write 0x71180 b=0x94000000 c=0x00000000 d=0x00000000 rc=0 n=1
i915: LCD-B t[2015] write 0x7119c b=0xbcb80000 c=0x00000000 d=0x00000000 rc=0 n=1
i915: LCD-B t[2018] pw-put 0x00049 b=0x0000004a c=0x00000011 d=0x00000001 rc=0 n=1
i915: LCD-B t[2021] pw-get 0x00049 b=0x00000000 c=0x00000000 d=0x00000000 rc=74 n=1
i915: LCD-B t[2022] write 0x71188 b=0x00000078 c=0x00000000 d=0x00000000 rc=0 n=1
i915: LCD-B t[2023] write 0x7118c b=0x00000000 c=0x00000000 d=0x00000000 rc=0 n=1
i915: LCD-B t[2024] write 0x71190 b=0x04ff077f c=0x00000000 d=0x00000000 rc=0 n=1
i915: LCD-B t[2025] write 0x71194 b=0x00000000 c=0x00000000 d=0x00000000 rc=0 n=1
i915: LCD-B t[2026] write 0x71198 b=0x00000000 c=0x00000000 d=0x00000000 rc=0 n=1
i915: LCD-B t[2027] write 0x711a0 b=0xff000000 c=0x00000000 d=0x00000000 rc=0 n=1
i915: LCD-B t[2028] write 0x711a4 b=0x00000000 c=0x00000000 d=0x00000000 rc=0 n=1
i915: LCD-B t[2029] write 0x711c0 b=0x00000000 c=0x00000000 d=0x00000000 rc=0 n=1
i915: LCD-B t[2030] write 0x711c8 b=0x00000000 c=0x00000000 d=0x00000000 rc=0 n=1
i915: LCD-B t[2031] write 0x711cc b=0x00002000 c=0x00000000 d=0x00000000 rc=0 n=1
i915: LCD-B t[2032] write 0x71240 b=0x80004010 c=0x00000000 d=0x00000000 rc=0 n=1
i915: LCD-B t[2033] write 0x71244 b=0x80014051 c=0x00000000 d=0x00000000 rc=0 n=1
i915: LCD-B t[2034] write 0x71248 b=0x8001c071 c=0x00000000 d=0x00000000 rc=0 n=1
i915: LCD-B t[2035] write 0x7124c b=0x80024091 c=0x00000000 d=0x00000000 rc=0 n=1
i915: LCD-B t[2036] write 0x71250 b=0x800300c1 c=0x00000000 d=0x00000000 rc=0 n=1
i915: LCD-B t[2037] write 0x71254 b=0x800300c1 c=0x00000000 d=0x00000000 rc=0 n=1
i915: LCD-B t[2038] write 0x71268 b=0x8000001e c=0x00000000 d=0x00000000 rc=0 n=1
i915: LCD-B t[2039] write 0x71258 b=0x80010041 c=0x00000000 d=0x00000000 rc=0 n=1
i915: LCD-B t[2040] write 0x7125c b=0x8000004f c=0x00000000 d=0x00000000 rc=0 n=1
i915: LCD-B t[2041] write 0x7127c b=0x0fd50000 c=0x00000000 d=0x00000000 rc=0 n=1
i915: LCD-B t[2044] write 0x71180 b=0x94000000 c=0x00000000 d=0x00000000 rc=0 n=1
i915: LCD-B t[2045] write 0x7119c b=0xbc0c0000 c=0x00000000 d=0x00000000 rc=0 n=1
i915: LCD-B observer: ICL_PIPESTATUS 0x71058 underrun mask 0x9c000000 (bit31 pipe underrun, bit28 soft, bit27 hard, bit26 port) | PIPE_FRMCOUNT_G4X 0x71040 | GEN8_DE_PIPE_IMR 0x44414 vblank bit 0x1 | the test owns the status for the run; the pipe's underrun and vblank interrupts stay masked, so the IRQ handler never reads or clears it
i915: LCD-B observer: status found before the run 0x00000000 (kept, not judged) | start/stop periods 0x00000000 | steady picture 0x00000000 | vblank interrupt ever unmasked=0 | samples=11 dropped=0
i915: LCD-B observer sample  0 point=  0 trans  status=0x00000000 frame=0 imr=0x00000000
i915: LCD-B observer sample  1 point=  1 trans  status=0x00000000 frame=0 imr=0xefe9f07f
i915: LCD-B observer sample  2 point=  2 trans  status=0x60000000 frame=1 imr=0xefe9f07f
i915: LCD-B observer sample  3 point=  3 trans  status=0x60000000 frame=1 imr=0xefe9f07f
i915: LCD-B observer sample  4 point=  7 trans  status=0x60000000 frame=1 imr=0xefe9f07f
i915: LCD-B observer sample  5 point=100 trans  status=0x60000000 frame=11 imr=0xefe9f07f
i915: LCD-B observer sample  6 point=100 steady status=0x60000000 frame=14664 imr=0xefe9f07f
i915: LCD-B observer sample  7 point=  0 trans  status=0x60000000 frame=14666 imr=0xefe9f07f
i915: LCD-B observer sample  8 point=  4 trans  status=0x60000000 frame=14666 imr=0xefe9f07f
i915: LCD-B observer sample  9 point=  6 trans  status=0x60000000 frame=14667 imr=0xefe9f07f
i915: LCD-B observer sample 10 point=  7 trans  status=0x00000000 frame=0 imr=0x00000000
i915: resident display: ended FAIL (show rc=5; flips 2902, stop confirmed, buffers released=1, power refs held 0, first anomaly: the sink lost the link while the picture was up)
i915: resident display: the moved output failed; the firmware's output (eDP panel) is the output again, and the lease's presentations fail until the next claim
i915: perf: markers 2: wait 0.00 ms, run 0.01 ms
i915: perf: 24615 ms: 0 presents (0.00/s), 3 submits, 5 batches | per submit ms: 7.23 (build 0.50, run 6.72, gpu 6.71) | per present ms: 0.00 (copy 0.00, publish 1.64, flip 0.00)
i915: vk: an object (kind 18) was destroyed before what names it: 0 views, 0 descriptor sets, 0 framebuffers and 1 command buffers let go of it
i915: vk: an object (kind 8) was destroyed before what names it: 0 views, 0 descriptor sets, 0 framebuffers and 1 command buffers let go of it
i915: perf: markers 1: wait 0.00 ms, run 0.00 ms
i915: perf: 9 ms: 0 presents (0.00/s), 0 submits, 0 batches | per submit ms: 0.00 (build 0.00, run 0.00, gpu 0.00) | per present ms: 0.00 (copy 0.00, publish 0.00, flip 0.00) (final)
i915: resident display: lease 6 released after 0 frame(s) (stop done)
i915: resident shim: context sw_id=13 lrca=fc0e3119 pml4=0x1aa255000 ring=16384 bytes engine=rcs0
i915: resident display: lease 7 claimed
i915: vk: an object (kind 9) was destroyed before what names it: 0 views, 2 descriptor sets, 0 framebuffers and 0 command buffers let go of it
i915: vk: an object (kind 9) was destroyed before what names it: 0 views, 2 descriptor sets, 0 framebuffers and 0 command buffers let go of it
i915: LCD-B reg[preflight] ICL_DPLL_ENABLE 0x46010 = 0x00000000
i915: vk: an object (kind 18) was destroyed before what names it: 0 views, 0 descriptor sets, 0 framebuffers and 1 command buffers let go of it
i915: LCD-B reg[preflight] TGL_DPLL_CFGCR0 0x164284 = 0x00e001a5
i915: LCD-B reg[preflight] TGL_DPLL_CFGCR1 0x164288 = 0x00000088
i915: LCD-B reg[preflight] ICL_DPCLKA_CFGCR0 0x164280 = 0x01e07c00
i915: LCD-B reg[preflight] DDI_BUF_CTL 0x64000 = 0x00000082
i915: LCD-B reg[preflight] TRANS_CLK_SEL 0x46140 = 0x00000000
i915: LCD-B reg[preflight] TRANS_DDI_FUNC_CTL 0x60400 = 0x00210002
i915: LCD-B reg[preflight] TRANSCONF 0x70008 = 0x00000000
i915: LCD-B reg[preflight] PIPE_MISC 0x70030 = 0x00000000
i915: LCD-B reg[preflight] PLANE_CTL_1 0x70180 = 0x00000000
i915: vk: an object (kind 8) was destroyed before what names it: 0 views, 0 descriptor sets, 0 framebuffers and 1 command buffers let go of it
i915: LCD-B reg[preflight] PLANE_COLOR_CTL_1 0x701cc = 0x00000000
i915: LCD-B reg[preflight] PLANE_STRIDE_1 0x70188 = 0x00000000
i915: LCD-B reg[preflight] PLANE_SIZE_1 0x70190 = 0x00000000
i915: LCD-B reg[preflight] PLANE_SURF_1 0x7019c = 0x00000000
i915: vk: an object (kind 9) was destroyed before what names it: 0 views, 1 descriptor sets, 0 framebuffers and 0 command buffers let go of it
i915: LCD-B reg[preflight] PLANE_WM_1_0 0x70240 = 0x00000000
i915: LCD-B reg[preflight] PLANE_BUF_CFG_1 0x7027c = 0x00000000
i915: LCD-B reg[preflight] MBUS_CTL 0x4438c = 0x1c000700
i915: LCD-B reg[preflight] PIPE_MBUS_DBOX_CTL 0x7003c = 0x00000000
i915: LCD-B reg[preflight] DBUF_CTL_S1 0x45008 = 0xc041c000
i915: LCD-B reg[preflight] DBUF_CTL_S2 0x44fe8 = 0x0041c000
i915: LCD-B reg[preflight] DBUF_CTL_S3 0x44300 = 0x0041c000
i915: LCD-B reg[preflight] DBUF_CTL_S4 0x44304 = 0x0041c000
i915: LCD-B reg[preflight] BXT_BLC_PWM_CTL 0xc8250 = 0x00000000
i915: LCD-B reg[preflight] BXT_BLC_PWM_FREQ 0xc8254 = 0x00017700
i915: LCD-B reg[preflight] BXT_BLC_PWM_DUTY 0xc8258 = 0x00000000
i915: LCD-B reg[preflight] ICL_PIPESTATUS 0x70058 = 0x00000000
i915: LCD-B reg[preflight] GEN8_DE_PIPE_IMR 0x44404 = 0x00000000
i915: LCD-B reg[preflight] GEN8_DE_PIPE_IER 0x4440c = 0x00000000
i915: LCD-B reg[preflight] GEN8_DE_PIPE_IIR 0x44408 = 0x00000000
i915: LCD-B reg[preflight] PIPE_FRMCOUNT_G4X 0x70040 = 0x00000000
i915: LCD-B preflight: DDI / PLL idle=1 (pipe A registers read TRANSCONF 0x00000000 PLANE_CTL 0x00000000 IMR 0x00000000 with power well A off) | IRQ state pipe A mask 0xefeff07f: vblank + underrun masked=1 | no code of this path waits for a software vblank count; no worker / callback / waiter is created by it
i915: LCD-B input: VBT low_vswing=0 hobl=0 afc_override=0 backlight present=1 active_low=0 controller=0 pwm=200 Hz min=15 | rawclk=19200 kHz | DDI_BUF_CTL at connector init 0x80000002 -> saved bits 0x0
i915: LCD-B input: wm levels=6 latency 3/54/83/102/147/147/144/144 us ipc=1 sagv_block=35 us | DBUF slices now 0x1 MBUS_CTL=0x1c000700 joined=0 | CDCLK now 179200 kHz vco 537600 ref 38400 bypass 19200 level 0 max 652800 | QGV mask 0x10b -> allowed 0x4 bw 14899 MB/s | DMC fw mask 0x1f
i915: resident display: buffers 1920x1080 pitch 7680: A surf 0xbc0c0000 cpu 0xffff8001b1665000, B surf 0xbca00000 cpu 0xffff8001b1e4e000
i915: P3 intel_combo_phy_init: combo PHYs A/B (0 initialised)
i915: LCD-B (decided) intel_sagv_pre_plane_update: the QGV restriction stays as the initialisation left it (SAGV off, max-bandwidth point; bandwidth checked in prepare)
i915: LCD-B (decided) intel_set_cpu_fifo_underrun_reporting: underrun IRQ stays masked; the test owns and samples ICL_PIPESTATUS
i915: hpd (drm_dbg) hotplug event received, stat 0x00010000, dig 0x0000008a, pins 0x00000010, long 0x00000010
i915: hpd (drm_dbg) digital hpd on [ENCODER:1:DDI A] - long
i915: hpd (drm_dbg_kms) Received HPD interrupt on PIN 4 - cnt: 10
i915: hpd: ignoring long hpd on eDP DDI A
i915: LCD-B (decided) intel_crtc_vblank_on: DRM vblank events unused in this test; pipe vblank IRQ stays masked (checked by the binding)
i915: LCD-B (decided) intel_sagv_post_plane_update: QGV points are not relaxed (SAGV stays off)
i915: LCD-B reg[picture-up] ICL_DPLL_ENABLE 0x46010 = 0xcc000000 | Linux 0xcc000000 mask 0xcc000000 same
i915: LCD-B reg[picture-up] TGL_DPLL_CFGCR0 0x164284 = 0x00e001a5 | Linux 0x00e001a5 mask 0xffffffff same
i915: LCD-B reg[picture-up] TGL_DPLL_CFGCR1 0x164288 = 0x00000088 | Linux 0x00000088 mask 0xffffffff same
i915: LCD-B reg[picture-up] ICL_DPCLKA_CFGCR0 0x164280 = 0x01e07800
i915: LCD-B reg[picture-up] DDI_BUF_CTL 0x64000 = 0x80000002 | Linux 0x80000002 mask 0xffffff7f same
i915: LCD-B reg[picture-up] TRANS_CLK_SEL 0x46140 = 0x10000000 | Linux 0x10000000 mask 0xffffffff same
i915: LCD-B reg[picture-up] TRANS_DDI_FUNC_CTL 0x60400 = 0x8a210002 | Linux 0x8a210002 mask 0xffffffff same
i915: LCD-B reg[picture-up] TRANSCONF 0x70008 = 0xc0000000 | Linux 0xc0000000 mask 0xc0000000 same
i915: LCD-B reg[picture-up] PIPE_MISC 0x70030 = 0x00800150
i915: LCD-B reg[picture-up] PLANE_CTL_1 0x70180 = 0x94000000 | Linux 0x94000000 mask 0xffffffff same
i915: LCD-B reg[picture-up] PLANE_COLOR_CTL_1 0x701cc = 0x00002000 | Linux 0x00002000 mask 0xffffffff same
i915: LCD-B reg[picture-up] PLANE_STRIDE_1 0x70188 = 0x00000078 | Linux 0x00000078 mask 0xffffffff same
i915: LCD-B reg[picture-up] PLANE_SIZE_1 0x70190 = 0x0437077f | Linux 0x0437077f mask 0xffffffff same
i915: LCD-B reg[picture-up] PLANE_SURF_1 0x7019c = 0xbc0c0000
i915: LCD-B reg[picture-up] PLANE_WM_1_0 0x70240 = 0x80004010 | Linux 0x80004010 mask 0xffffffff same
i915: LCD-B reg[picture-up] PLANE_BUF_CFG_1 0x7027c = 0x0fdb0000 | Linux 0x0fdb0000 mask 0xffffffff same
i915: LCD-B reg[picture-up] MBUS_CTL 0x4438c = 0xdc000700 | Linux 0xdc000700 mask 0xffffffff same
i915: LCD-B reg[picture-up] PIPE_MBUS_DBOX_CTL 0x7003c = 0xa9038806
i915: LCD-B reg[picture-up] DBUF_CTL_S1 0x45008 = 0xc043c000 | Linux 0xc043c000 mask 0xffffffff same
i915: LCD-B reg[picture-up] DBUF_CTL_S2 0x44fe8 = 0xc043c000 | Linux 0xc043c000 mask 0xffffffff same
i915: LCD-B reg[picture-up] DBUF_CTL_S3 0x44300 = 0xc043c000
i915: LCD-B reg[picture-up] DBUF_CTL_S4 0x44304 = 0xc043c000
i915: LCD-B reg[picture-up] BXT_BLC_PWM_CTL 0xc8250 = 0x80000000
i915: LCD-B reg[picture-up] BXT_BLC_PWM_FREQ 0xc8254 = 0x00017700 | Linux 0x00017700 mask 0xffffffff same
i915: LCD-B reg[picture-up] BXT_BLC_PWM_DUTY 0xc8258 = 0x00017700
i915: LCD-B reg[picture-up] ICL_PIPESTATUS 0x70058 = 0x60000000
i915: LCD-B reg[picture-up] GEN8_DE_PIPE_IMR 0x44404 = 0xefe9f07f
i915: LCD-B reg[picture-up] GEN8_DE_PIPE_IER 0x4440c = 0x90700f89
i915: LCD-B reg[picture-up] GEN8_DE_PIPE_IIR 0x44408 = 0x00000000
i915: LCD-B reg[picture-up] PIPE_FRMCOUNT_G4X 0x70040 = 0x00000010
i915: LCD-B reg[picture-up] same as Linux's dump: 17/17 (comparison only; no value above was copied from it)
i915: LCD-B PICTURE UP: pattern id=0 on the panel; observation window 0 ms starts now (take the photograph)
i915: resident display: picture up (buffer A surf 0xbc0c0000); serving presentation
i915: resident display: panel buffers mapped for the GPU at 0x101e00000 / 0x102600000 (2025 pages each)
i915: resident display: flip 1: surf 0xbc0c0000 -> 0xbca00000 | frame 16 -> 0
i915: resident display: first frame 1920x1080 (stride 7680; shared, GPU copy; RGBA) shown on the 1920x1080 panel
i915: resident display: flip 2: surf 0xbca00000 -> 0xbc0c0000 | frame 17 -> 0
i915: vk: an object (kind 9) was destroyed before what names it: 0 views, 2 descriptor sets, 0 framebuffers and 0 command buffers let go of it
i915: vk: an object (kind 9) was destroyed before what names it: 0 views, 2 descriptor sets, 0 framebuffers and 0 command buffers let go of it
i915: vk: an object (kind 9) was destroyed before what names it: 0 views, 2 descriptor sets, 0 framebuffers and 0 command buffers let go of it
i915: resident display: flip 3: surf 0xbc0c0000 -> 0xbca00000 | frame 22 -> 0
i915: resident shim: ring rewound (idle context)
i915: resident shim: ring rewound (idle context)
i915: resident shim: ring rewound (idle context)
i915: resident shim: ring rewound (idle context)
ucsi: rec 243 R 20000000 1 0
ucsi: rec 244 R 20000004 0 0
ucsi: rec 245 W 0000000000020012
ucsi: rec 246 R 80000904 0 9
ucsi: rec 246 I 0 00403c400000000001
ucsi: rec 247 W 0000000000020004
ucsi: rec 248 R 20000004 0 0
ucsi: rec 249 W 000001000201000c
usb1: port 2 enumeration failed (13)
ucsi: rec 250 R 80000004 0 0
ucsi: rec 251 W 0000000000020004
xhci: port 3 reset complete portsc=00001203
ucsi: rec 252 R 20000004 0 0
ucsi: rec 253 W 000001000202000c
ucsi: rec 254 R 10000004 0 0
ucsi: rec 255 R 10000004 0 0
usb0: device 1 port 3 0bda:8156 class 00 configuration=2 configured
usb-cdc-ncm: ue0 mac=6c:1f:f7:06:14:8a
usb0: device 1 interface 0 class 02/0d/00 driver=usb-cdc-ncm
usb0: device 1 interface 1 class 0a/00/01 claimed-by=0 driver=usb-cdc-ncm
ucsi: rec 256 R 80000004 0 0
ucsi: rec 256 end (the record is full)
i915: vk: session 1: frames 112 in 29204 ms: per submit 2 runs (150 full) 211 ops (most 505), in submit 7961 us (runs 7439, record 521), between 252796 us
i915: perf: markers 114: wait 0.00 ms, run 0.00 ms
i915: perf: 29197 ms: 53 presents (1.81/s), 115 submits, 259 batches | per submit ms: 12.52 (build 0.52, run 12.00, gpu 7.23) | per present ms: 11.70 (copy 0.80, publish 0.00, flip 0.00)
i915: perf: markers 10: wait 0.00 ms, run 0.00 ms
i915: perf: 16350 ms: 4 presents (0.24/s), 10 submits, 14 batches | per submit ms: 6.83 (build 0.29, run 6.53, gpu 6.51) | per present ms: 0.83 (copy 0.80, publish 0.00, flip 0.00)
i915: perf: markers 2: wait 0.00 ms, run 0.01 ms
i915: perf: 14570 ms: 1 presents (0.06/s), 2 submits, 3 batches | per submit ms: 8.38 (build 0.31, run 8.06, gpu 8.04) | per present ms: 0.82 (copy 0.78, publish 0.00, flip 0.01)
