KWL LANGUAGE language=en from=setting error=0
KWL SETTINGS open present=1
KL EVENTS subscribed classes=0x2f
KWL POWER source=ac percent=100 charging=0
KWL DISPLAY device=zedBSD i915 (Gen12 Xe) width=1920 height=1080 refresh_mhz=60011
KWL STARTUP step=vulkan-device ms=72
KWL STARTUP step=vulkan-objects-arrow ms=55
KWL STARTUP step=wallpaper-picture ms=18
KWL STARTUP step=wallpaper ms=382
KWL STARTUP step=glyphs-text ms=31
KWL STARTUP step=glyphs-icons ms=3243
KWL STARTUP step=glyphs-mark ms=22
KWL GLASS atlas cache-top=344 cells=294 faces=1
KWL STARTUP step=glyphs ms=6476
KWL STARTUP step=tiles ms=81
KWL GLASS ready text=1
KWL STARTUP step=compose ms=8616 at_ms=19535
KWL INPUT device=/dev/input/event0 kind=pointer abs=0
KWL INPUT device=/dev/input/event1 kind=keyboard abs=0
KWL INPUT device=/dev/input/event2 kind=touchpad abs=0 resolution=12,12 size=1336,760
KWL STARTUP step=input ms=1 at_ms=19536
KWL KEYMAP format=xkb_v1 errno=0
KWL STARTUP step=keymap ms=0 at_ms=19536
KWL STARTUP step=socket ms=0 at_ms=19536
KWL CLIENT client=1 fd=12 ime=1
KWL IME started pid=35 client=1 --method=ja
KWL READY socket=/run/user/1000/wayland-0 width=1920 height=1080 timeout_ms=18446744073709551615 pid=23 role=normal
KWL BT open ok=1
KWL CORNER zone x=1892 y=0 width=28 height=28
KWL OSK zone kind=flick x=1892 y=1052 size=28
KWL OSK zone kind=qwerty x=0 y=1052 size=28
KWL ACTIVATION token client=0 app=KEILAND_DESKTOP_TOKEN=3a20c85a59ff17dc97ed7062df857925 exec /bi granted=1 reason=spawn at_ms=19551
KWL DESKTOP start pid=36 command=/bin/files --desktop at_ms=19556
KWL ACTIVATION token client=0 app=exec /bin/settings --welcome granted=1 reason=spawn at_ms=19556
KWL WELCOME start pid=37
KWL STARTUP step=output-display ms=0
KWL STARTUP step=output-pipelines ms=8
KWL HANDOFF go=1 waited_ms=0 at_ms=19570
KWL STARTUP step=output-swapchain ms=9
KWL STARTUP step=output-targets ms=1
KWL DISPLAYS config mode=0 places=2
KWL OUTPUT open width=1920 height=1080 images=3 format=37
KWL MODE window switch_ms=33 at_ms=19595
KWL GLASS desktops x=1526 step=34 width=30
KWL NETWORK icon x=1654 y=3 width=30 height=38
KWL VOLUME icon x=1688 y=3 width=30 height=38
KWL MEDIA volumes=0 fresh=0
KWL OUTPUT display index=0 name=zedbsd-port-v1:pci:0000:00:02.0:edp:A internal=1 shown=1 width=1920 height=1080
KWL OUTPUT displays count=1
KWL HOME skip name=X terminal missing=/bin/zterm
KWL HOME prepared names=17
KWL VOLUME reachable=1 device=1
KEI-IME METHOD 1
KWL NETWORK state reachable=1 connected=1 kind=wired interface=ue0 wifi=searching ssid=
KEI-IME LANGUAGE id=direct
KWL IME language=direct
KWL IME indicator x=1622 label=A
KWL PERF 5003ms: passes=325 timeouts=322 | poll 64.3% work 37.0%
KWL PERF compose frames=4 draw_ms=12.10 (acquire 0.60 submit+present 11.30) frame_ms=13.44
KWL CLIENT client=2 fd=17
KEI-IME POPUP ready=1 error=0
KEI-IME READY languages=2
KWL CLIENT client=3 fd=18
KWL INSET create client=3 inset=23 toplevel=21
KWL EDIT create client=3 edit=25 toplevel=21
KWL BOUNDS client=3 surface=19 width=1896 height=960
KWL CONFIGURE client=3 surface=19 serial=2 width=0 height=0 fullscreen=0
KWL SEAT client=3 pointer=1 keyboard=0 touch=0
KWL SEAT client=3 pointer=1 keyboard=1 touch=0
KWL DESKTOP role client=2 surface=19 x=0 y=44 width=1920 height=1036
KWL SEAT client=2 pointer=1 keyboard=0 touch=0
KWL SEAT client=2 pointer=1 keyboard=1 touch=0
KWL DESKTOP ack serial=3
ZFILES DESKTOP configure x=0 y=44 width=1920 height=1036
KWL IMPORT client=3 buffer=32 width=1180 height=800 bytes=3776512
KWL IMPORT client=2 buffer=30 width=1920 height=1036 bytes=7958528
KWL IMPORT client=3 buffer=33 width=1180 height=800 bytes=3776512
KWL IMPORT client=2 buffer=31 width=1920 height=1036 bytes=7958528
KWL IMPORT client=3 buffer=34 width=1180 height=800 bytes=3776512
KWL IMPORT client=2 buffer=32 width=1920 height=1036 bytes=7958528
ZSETTINGS PAGE home
ZSETTINGS WELCOME step=0 name=welcome
KWL IMPORT client=3 buffer=35 width=1180 height=800 bytes=3776512
KWL IMPORT client=2 buffer=33 width=1920 height=1036 bytes=7958528
ZFILES LOCATION kind=folder path=/home/kei/Desktop items=0 error=0
KWL IMPORT client=3 buffer=36 width=1180 height=800 bytes=3776512
KWL IMPORT client=2 buffer=34 width=1920 height=1036 bytes=7958528
KWL IMPORT client=3 buffer=37 width=1180 height=800 bytes=3776512
KWL IMPORT client=2 buffer=35 width=1920 height=1036 bytes=7958528
KWL SETTINGS snapshot client=2 object=39
KWL SYSTEM object client=3 get=2 id=42
KWL SYSTEM object client=3 get=3 id=43
KWL SYSTEM object client=3 get=4 id=44
KWL SYSTEM object client=3 get=5 id=45
KWL SYSTEM object client=3 get=7 id=46
KWL SYSTEM object client=3 get=8 id=47
ZFILES ACCENT index=0
KWL NOTIFY object client=3 id=48
KWL MAIL object client=3 id=49
KWL PHONE object client=3 id=50
KWL PRINTERS object client=3 id=51
KWL DISPLAYS object client=3 id=52
KWL SYSTEM machine object client=3 id=53
KWL BT object client=3 id=54
ZSETTINGS SYSTEM open capabilities=0x3fefe
ZSETTINGS MACHINE query request=1 parts=13
ZSETTINGS NETWORK state reachable=1 connected=1 kind=1 interface=ue0 wifi=2 ssid=
KWL SYSTEM machine query client=3 request=1 what=13
KWL SETTINGS snapshot client=3 object=59
ZSETTINGS LOOK open opacity=100 wallpaper= writable=1
ZSETTINGS SOUND open live=1 reachable=1 value=100 muted=0
ZSETTINGS SOUND report reachable=1 device=1 value=100 muted=0
KWL SYSTEM result client=3 object=42 request=2 applied=0
ZSETTINGS APPEARANCE appearance=0
ZSETTINGS GLASS blur=1
ZSETTINGS GLASS on
ZFILES DESKTOP layout saved=0 error=0
ZFILES DESKTOP grid width=1920 height=1036 columns=19 rows=9
ZSETTINGS MENU state back=0 forward=0 sidebar=0 page=home
ZSETTINGS MENU ready items=20
ZSETTINGS TITLEBAR state back=0 forward=0 parts=1 last=Settings sidebar=0 query= focus=0
ZSETTINGS TITLEBAR ready controls=6
KWL SYSTEM machine answer client=3 request=1 what=13 result=0 users=1 filesystems=0 skipped=0 mounts=0 mounts_skipped=0
ZFILES DESKTOP ready items=0 cells=0 width=1920 height=1036 at_ms=27004 newest_age_ms=-1 hidden=0
ZFILES MENU context-only
ZFILES DESKTOP startup entered_ms=21342 fonts=5417 instance=0 window=99 present=27 app=49 canvas=60 draw=10 shown=17 menus=0
ZFILES READY width=1920 height=1036 token=-
KWL DESKTOP drawn at_ms=27022
ZSETTINGS LAYOUT page=home controls=2
ZSETTINGS CONTROL index=9002 x=1089 y=28 width=59 height=32
ZSETTINGS CONTROL index=9001 x=1094 y=752 width=62 height=32
ZSETTINGS GLASS panels count=1
KWL MENU set client=3 place=66 menu=67
ZSETTINGS READY width=1180 height=800 glass=1 page=home
KWL MENU commit client=3 menu=67 serial=1 items=41 generation=1
KWL MENU commit client=3 menu=67 serial=2 items=41 generation=2
KWL MENU commit client=3 menu=67 serial=3 items=41 generation=3
KWL TITLEBAR create client=3 titlebar=69 toplevel=21
KWL TITLEBAR commit client=3 titlebar=69 serial=1 mode=1 controls=0 tabs=0 generation=1
KWL TITLEBAR commit client=3 titlebar=69 serial=2 mode=1 controls=6 tabs=0 generation=2
KWL TITLEBAR commit client=3 titlebar=69 serial=3 mode=1 controls=6 tabs=0 generation=3
KWL TITLEBAR commit client=3 titlebar=69 serial=4 mode=1 controls=6 tabs=0 generation=4
KWL TITLEBAR commit client=3 titlebar=69 serial=5 mode=1 controls=6 tabs=0 generation=5
KWL TITLEBAR commit client=3 titlebar=69 serial=6 mode=1 controls=6 tabs=0 generation=6
KWL GLASS client=3 surface=19 blur=1
KWL GLASS client=3 surface=19 panels=1 card:0,0,1180,800,16
KWL DECORATION applied client=3 surface=19 mode=2
KWL EDIT state client=3 edit=25 actions=0xff flags=0xd
ZSETTINGS ABOUT system=Kei/zedBSD 1.0.0 Beta 2 kernel=zedBSD 1.0.0-beta2+g61f6b95 machine=x86_64 cores=12 host=kei
ZSETTINGS USERS account name=kei
ZSETTINGS USERS list count=1
ZSETTINGS LANGUAGES system language=none
ZSETTINGS MACHINE result request=1 errno=0
KWL MAP client=3 surface=19 x=370 y=188
ZSETTINGS NETWORK open links=3 dns=1 saved=0
KWL SURFACE enter surface=19 output=0 client=3
ZSETTINGS NETWORK wired-link name=ue0 mode=1 address=10.0.30.3 router=10.0.0.1
KWL IME app key=app:settings language=direct from=inherited
KWL RENDER output=0 surfaces=19
KWL GLASS glyph codepoint=U+2026 size=0 face=0 cell=0
KWL TITLEBAR control client=3 surface=19 where=floating id=1 x=493 y=143 width=30 height=30 shown=1
KWL TITLEBAR control client=3 surface=19 where=floating id=2 x=527 y=143 width=30 height=30 shown=1
KWL TITLEBAR control client=3 surface=19 where=floating id=3 x=561 y=143 width=30 height=30 shown=1
KWL TITLEBAR control client=3 surface=19 where=floating id=4 x=601 y=143 width=72 height=30 shown=1
KWL TITLEBAR control client=3 surface=19 where=floating id=5 x=1142 y=143 width=220 height=30 shown=1
KWL TITLEBAR control client=3 surface=19 where=floating id=6 x=1366 y=143 width=30 height=30 shown=1
KWL TITLEBAR control client=3 surface=19 where=floating id=0 x=1406 y=143 width=30 height=30 shown=1
KWL APPS bar count=1 hidden=0 desktop=2 apps=settings
KWL APPS icon app=settings x=58 y=0 width=34 height=44 windows=1
KWL SYSTEM sharing answer error=0
ZSETTINGS SHARING state available=1 enabled=1 running=1 port=22 allowed=1 fingerprint=SHA256:dJxgqqCIgLBZJwbMzrwgwrIUSI5cCxNdMKX9HeEtCG4
KWL SYSTEM result client=3 object=42 request=3 applied=0
KWL SYSTEM enrolled pin=0 keys=0 listed=0
ZSETTINGS USERS enrolled changed
KWL PERF 5005ms: passes=513 timeouts=474 | poll 93.5% work 6.2%
KWL PERF compose frames=19 draw_ms=11.84 (acquire 1.25 submit+present 10.30) frame_ms=12.93
KWL SYSTEM result client=3 object=42 request=4 applied=0
KWL SYSTEM result client=3 object=42 request=5 applied=0
KWL SYSTEM result client=3 object=42 request=6 applied=0
KWL SYSTEM result client=3 object=42 request=7 applied=0
KWL SYSTEM result client=3 object=42 request=8 applied=0
KWL PERF 5000ms: passes=504 timeouts=494 | poll 98.4% work 1.3%
KWL PERF compose frames=1 draw_ms=19.68 (acquire 0.03 submit+present 19.35) frame_ms=22.10
KWL SYSTEM result client=3 object=42 request=9 applied=0
KWL SYSTEM result client=3 object=42 request=10 applied=0
KWL SYSTEM result client=3 object=42 request=11 applied=0
KWL SYSTEM result client=3 object=42 request=12 applied=0
KWL SYSTEM result client=3 object=42 request=13 applied=0
KWL PERF 5000ms: passes=505 timeouts=495 | poll 98.8% work 0.9%
KWL SYSTEM result client=3 object=42 request=14 applied=0
KWL SYSTEM result client=3 object=42 request=15 applied=0
KWL SYSTEM result client=3 object=42 request=16 applied=0
KWL SYSTEM result client=3 object=42 request=17 applied=0
KWL SYSTEM result client=3 object=42 request=18 applied=0
KWL PERF 5000ms: passes=505 timeouts=495 | poll 98.9% work 0.8%
KWL SYSTEM result client=3 object=42 request=19 applied=0
KWL SYSTEM result client=3 object=42 request=20 applied=0
KWL SYSTEM result client=3 object=42 request=21 applied=0
KWL SYSTEM result client=3 object=42 request=22 applied=0
KWL SYSTEM result client=3 object=42 request=23 applied=0
KWL PERF 5000ms: passes=508 timeouts=498 | poll 98.8% work 0.9%
KWL SYSTEM result client=3 object=42 request=24 applied=0
KWL SYSTEM result client=3 object=42 request=25 applied=0
KWL SYSTEM result client=3 object=42 request=26 applied=0
KWL SYSTEM result client=3 object=42 request=27 applied=0
KWL SYSTEM result client=3 object=42 request=28 applied=0
KWL PERF 5000ms: passes=508 timeouts=498 | poll 98.7% work 0.9%
KWL SYSTEM result client=3 object=42 request=29 applied=0
KWL SYSTEM result client=3 object=42 request=30 applied=0
KWL SYSTEM result client=3 object=42 request=31 applied=0
KWL SYSTEM result client=3 object=42 request=32 applied=0
KWL SYSTEM result client=3 object=42 request=33 applied=0
KWL PERF 5000ms: passes=509 timeouts=499 | poll 99.0% work 0.8%
KWL SYSTEM result client=3 object=42 request=34 applied=0
KWL SYSTEM result client=3 object=42 request=35 applied=0
KWL SYSTEM result client=3 object=42 request=36 applied=0
KWL SYSTEM result client=3 object=42 request=37 applied=0
KWL SYSTEM result client=3 object=42 request=38 applied=0
KWL PERF 5000ms: passes=506 timeouts=496 | poll 98.9% work 0.8%
KWL SYSTEM result client=3 object=42 request=39 applied=0
KWL SYSTEM result client=3 object=42 request=40 applied=0
KWL SYSTEM result client=3 object=42 request=41 applied=0
KWL SYSTEM result client=3 object=42 request=42 applied=0
KWL SYSTEM result client=3 object=42 request=43 applied=0
KWL PERF 5000ms: passes=506 timeouts=496 | poll 98.9% work 0.8%
KWL SYSTEM result client=3 object=42 request=44 applied=0
KWL SYSTEM result client=3 object=42 request=45 applied=0
KWL SYSTEM result client=3 object=42 request=46 applied=0
KWL SYSTEM result client=3 object=42 request=47 applied=0
KWL SYSTEM result client=3 object=42 request=48 applied=0
KWL PERF 5007ms: passes=499 timeouts=489 | poll 98.9% work 0.8%
KWL SYSTEM result client=3 object=42 request=49 applied=0
KWL SYSTEM result client=3 object=42 request=50 applied=0
KWL SYSTEM result client=3 object=42 request=51 applied=0
KWL SYSTEM result client=3 object=42 request=52 applied=0
KWL SYSTEM result client=3 object=42 request=53 applied=0
KWL PERF 5003ms: passes=475 timeouts=465 | poll 98.9% work 0.9%
KWL SYSTEM result client=3 object=42 request=54 applied=0
KWL SYSTEM result client=3 object=42 request=55 applied=0
KWL SYSTEM result client=3 object=42 request=56 applied=0
KWL SYSTEM result client=3 object=42 request=57 applied=0
KWL PERF 5000ms: passes=471 timeouts=462 | poll 98.8% work 0.9%
KWL SYSTEM result client=3 object=42 request=58 applied=0
KWL SYSTEM result client=3 object=42 request=59 applied=0
KWL SYSTEM result client=3 object=42 request=60 applied=0
KWL SYSTEM result client=3 object=42 request=61 applied=0
KWL SYSTEM result client=3 object=42 request=62 applied=0
KWL PERF 5009ms: passes=475 timeouts=466 | poll 98.9% work 0.9%
KWL SYSTEM result client=3 object=42 request=63 applied=0
KWL SYSTEM result client=3 object=42 request=64 applied=0
KWL SYSTEM result client=3 object=42 request=65 applied=0
KWL SYSTEM result client=3 object=42 request=66 applied=0
KWL SYSTEM result client=3 object=42 request=67 applied=0
KWL PERF 5010ms: passes=473 timeouts=463 | poll 98.5% work 1.3%
KWL PERF compose frames=1 draw_ms=19.33 (acquire 0.04 submit+present 18.95) frame_ms=22.09
KWL SYSTEM result client=3 object=42 request=68 applied=0
KWL SYSTEM result client=3 object=42 request=69 applied=0
KWL SYSTEM result client=3 object=42 request=70 applied=0
KWL SYSTEM result client=3 object=42 request=71 applied=0
KWL SYSTEM result client=3 object=42 request=72 applied=0
KWL PERF 5002ms: passes=505 timeouts=495 | poll 99.3% work 0.5%
KWL SYSTEM result client=3 object=42 request=73 applied=0
KWL SYSTEM result client=3 object=42 request=74 applied=0
KWL SYSTEM result client=3 object=42 request=75 applied=0
KWL SYSTEM result client=3 object=42 request=76 applied=0
KWL SYSTEM result client=3 object=42 request=77 applied=0
KWL PERF 5000ms: passes=505 timeouts=495 | poll 99.2% work 0.6%
KWL SYSTEM result client=3 object=42 request=78 applied=0
KWL SYSTEM result client=3 object=42 request=79 applied=0
KWL SYSTEM result client=3 object=42 request=80 applied=0
KWL SYSTEM result client=3 object=42 request=81 applied=0
KWL SYSTEM result client=3 object=42 request=82 applied=0
KWL PERF 5000ms: passes=505 timeouts=495 | poll 99.3% work 0.5%
KWL SYSTEM result client=3 object=42 request=83 applied=0
KWL SYSTEM result client=3 object=42 request=84 applied=0
KWL SYSTEM result client=3 object=42 request=85 applied=0
KWL SYSTEM result client=3 object=42 request=86 applied=0
KWL SYSTEM result client=3 object=42 request=87 applied=0
KWL PERF 5000ms: passes=505 timeouts=495 | poll 99.3% work 0.5%
KWL SYSTEM result client=3 object=42 request=88 applied=0
KWL SYSTEM result client=3 object=42 request=89 applied=0
KWL SYSTEM result client=3 object=42 request=90 applied=0
KWL SYSTEM result client=3 object=42 request=91 applied=0
KWL SYSTEM result client=3 object=42 request=92 applied=0
KWL PERF 5000ms: passes=505 timeouts=495 | poll 99.3% work 0.5%
KWL SYSTEM result client=3 object=42 request=93 applied=0
KWL SYSTEM result client=3 object=42 request=94 applied=0
KWL SYSTEM result client=3 object=42 request=95 applied=0
KWL SYSTEM result client=3 object=42 request=96 applied=0
KWL SYSTEM result client=3 object=42 request=97 applied=0
KWL PERF 5000ms: passes=506 timeouts=496 | poll 99.1% work 0.6%
KWL SYSTEM result client=3 object=42 request=98 applied=0
KWL SYSTEM result client=3 object=42 request=99 applied=0
KWL SYSTEM result client=3 object=42 request=100 applied=0
KWL SYSTEM result client=3 object=42 request=101 applied=0
KWL SYSTEM result client=3 object=42 request=102 applied=0
KWL PERF 5000ms: passes=506 timeouts=496 | poll 98.9% work 0.8%
KWL SYSTEM result client=3 object=42 request=103 applied=0
KWL SYSTEM result client=3 object=42 request=104 applied=0
KWL SYSTEM result client=3 object=42 request=105 applied=0
KWL SYSTEM result client=3 object=42 request=106 applied=0
KWL SYSTEM result client=3 object=42 request=107 applied=0
KWL PERF 5000ms: passes=507 timeouts=497 | poll 98.9% work 0.8%
KWL SYSTEM result client=3 object=42 request=108 applied=0
KWL SYSTEM result client=3 object=42 request=109 applied=0
KWL SYSTEM result client=3 object=42 request=110 applied=0
KWL SYSTEM result client=3 object=42 request=111 applied=0
KWL SYSTEM result client=3 object=42 request=112 applied=0
KWL PERF 5003ms: passes=510 timeouts=500 | poll 98.9% work 0.8%
KWL SYSTEM result client=3 object=42 request=113 applied=0
KWL SYSTEM result client=3 object=42 request=114 applied=0
KWL SYSTEM result client=3 object=42 request=115 applied=0
KWL SYSTEM result client=3 object=42 request=116 applied=0
KWL SYSTEM result client=3 object=42 request=117 applied=0
KWL PERF 5002ms: passes=508 timeouts=498 | poll 99.0% work 0.7%
KWL SYSTEM result client=3 object=42 request=118 applied=0
KWL SYSTEM result client=3 object=42 request=119 applied=0
KWL SYSTEM result client=3 object=42 request=120 applied=0
KWL SYSTEM result client=3 object=42 request=121 applied=0
KWL SYSTEM result client=3 object=42 request=122 applied=0
KWL PERF 5005ms: passes=510 timeouts=500 | poll 98.9% work 0.8%
KWL SYSTEM result client=3 object=42 request=123 applied=0
KWL SYSTEM result client=3 object=42 request=124 applied=0
KWL SYSTEM result client=3 object=42 request=125 applied=0
KWL SYSTEM result client=3 object=42 request=126 applied=0
KWL SYSTEM result client=3 object=42 request=127 applied=0
KWL PERF 5000ms: passes=506 timeouts=496 | poll 98.6% work 1.2%
KWL PERF compose frames=1 draw_ms=19.16 (acquire 0.03 submit+present 18.79) frame_ms=21.08
KWL SYSTEM result client=3 object=42 request=128 applied=0
KWL SYSTEM result client=3 object=42 request=129 applied=0
KWL SYSTEM result client=3 object=42 request=130 applied=0
KWL SYSTEM result client=3 object=42 request=131 applied=0
KWL SYSTEM result client=3 object=42 request=132 applied=0
KWL PERF 5000ms: passes=506 timeouts=496 | poll 98.9% work 0.8%
KWL SYSTEM result client=3 object=42 request=133 applied=0
KWL SYSTEM result client=3 object=42 request=134 applied=0
KWL SYSTEM result client=3 object=42 request=135 applied=0
KWL SYSTEM result client=3 object=42 request=136 applied=0
KWL SYSTEM result client=3 object=42 request=137 applied=0
KWL PERF 5000ms: passes=508 timeouts=498 | poll 98.9% work 0.8%
KWL SYSTEM result client=3 object=42 request=138 applied=0
KWL SYSTEM result client=3 object=42 request=139 applied=0
KWL SYSTEM result client=3 object=42 request=140 applied=0
KWL SYSTEM result client=3 object=42 request=141 applied=0
KWL SYSTEM result client=3 object=42 request=142 applied=0
KWL PERF 5006ms: passes=480 timeouts=470 | poll 98.9% work 0.9%
KWL SYSTEM result client=3 object=42 request=143 applied=0
KWL SYSTEM result client=3 object=42 request=144 applied=0
KWL SYSTEM result client=3 object=42 request=145 applied=0
KWL SYSTEM result client=3 object=42 request=146 applied=0
KWL SYSTEM result client=3 object=42 request=147 applied=0
KWL PERF 5003ms: passes=473 timeouts=463 | poll 98.8% work 0.9%
KWL SYSTEM result client=3 object=42 request=148 applied=0
KWL SYSTEM result client=3 object=42 request=149 applied=0
KWL SYSTEM result client=3 object=42 request=150 applied=0
KWL SYSTEM result client=3 object=42 request=151 applied=0
KWL SYSTEM result client=3 object=42 request=152 applied=0
KWL PERF 5006ms: passes=474 timeouts=464 | poll 98.9% work 0.9%
KWL SYSTEM result client=3 object=42 request=153 applied=0
KWL SYSTEM result client=3 object=42 request=154 applied=0
KWL SYSTEM result client=3 object=42 request=155 applied=0
KWL SYSTEM result client=3 object=42 request=156 applied=0
KWL SYSTEM result client=3 object=42 request=157 applied=0
KWL PERF 5000ms: passes=505 timeouts=495 | poll 99.3% work 0.5%
KWL SYSTEM result client=3 object=42 request=158 applied=0
KWL SYSTEM result client=3 object=42 request=159 applied=0
KWL SYSTEM result client=3 object=42 request=160 applied=0
KWL SYSTEM result client=3 object=42 request=161 applied=0
KWL PERF 5000ms: passes=504 timeouts=496 | poll 99.2% work 0.6%
KWL SYSTEM result client=3 object=42 request=162 applied=0
KWL SYSTEM result client=3 object=42 request=163 applied=0
KWL SYSTEM result client=3 object=42 request=164 applied=0
KWL SYSTEM result client=3 object=42 request=165 applied=0
KWL SYSTEM result client=3 object=42 request=166 applied=0
KWL PERF 5000ms: passes=506 timeouts=496 | poll 99.2% work 0.5%
KWL SYSTEM result client=3 object=42 request=167 applied=0
KWL SYSTEM result client=3 object=42 request=168 applied=0
KWL SYSTEM result client=3 object=42 request=169 applied=0
KWL SYSTEM result client=3 object=42 request=170 applied=0
KWL SYSTEM result client=3 object=42 request=171 applied=0
KWL PERF 5000ms: passes=505 timeouts=495 | poll 99.3% work 0.5%
KWL SYSTEM result client=3 object=42 request=172 applied=0
KWL SYSTEM result client=3 object=42 request=173 applied=0
KWL SYSTEM result client=3 object=42 request=174 applied=0
KWL SYSTEM result client=3 object=42 request=175 applied=0
KWL SYSTEM result client=3 object=42 request=176 applied=0
KWL PERF 5000ms: passes=506 timeouts=496 | poll 99.2% work 0.6%
KWL SYSTEM result client=3 object=42 request=177 applied=0
KWL SYSTEM result client=3 object=42 request=178 applied=0
KWL SYSTEM result client=3 object=42 request=179 applied=0
KWL SYSTEM result client=3 object=42 request=180 applied=0
KWL SYSTEM result client=3 object=42 request=181 applied=0
KWL PERF 5000ms: passes=505 timeouts=495 | poll 99.3% work 0.5%
KWL SYSTEM result client=3 object=42 request=182 applied=0
KWL SYSTEM result client=3 object=42 request=183 applied=0
KWL SYSTEM result client=3 object=42 request=184 applied=0
KWL SYSTEM result client=3 object=42 request=185 applied=0
KWL SYSTEM result client=3 object=42 request=186 applied=0
KWL PERF 5001ms: passes=504 timeouts=494 | poll 98.9% work 0.9%
KWL PERF compose frames=1 draw_ms=18.84 (acquire 0.03 submit+present 18.59) frame_ms=21.02
KWL SYSTEM result client=3 object=42 request=187 applied=0
KWL SYSTEM result client=3 object=42 request=188 applied=0
KWL SYSTEM result client=3 object=42 request=189 applied=0
KWL SYSTEM result client=3 object=42 request=190 applied=0
KWL SYSTEM result client=3 object=42 request=191 applied=0
KWL PERF 5009ms: passes=506 timeouts=496 | poll 99.3% work 0.5%
KWL SYSTEM result client=3 object=42 request=192 applied=0
KWL SYSTEM result client=3 object=42 request=193 applied=0
KWL SYSTEM result client=3 object=42 request=194 applied=0
KWL SYSTEM result client=3 object=42 request=195 applied=0
KWL SYSTEM result client=3 object=42 request=196 applied=0
KWL PERF 5000ms: passes=508 timeouts=498 | poll 99.0% work 0.7%
KWL SYSTEM result client=3 object=42 request=197 applied=0
KWL SYSTEM result client=3 object=42 request=198 applied=0
KWL SYSTEM result client=3 object=42 request=199 applied=0
KWL SYSTEM result client=3 object=42 request=200 applied=0
KWL SYSTEM result client=3 object=42 request=201 applied=0
KWL PERF 5000ms: passes=510 timeouts=500 | poll 99.0% work 0.8%
KWL SYSTEM result client=3 object=42 request=202 applied=0
KWL SYSTEM result client=3 object=42 request=203 applied=0
KWL SYSTEM result client=3 object=42 request=204 applied=0
KWL SYSTEM result client=3 object=42 request=205 applied=0
KWL SYSTEM result client=3 object=42 request=206 applied=0
KWL PERF 5000ms: passes=508 timeouts=498 | poll 99.0% work 0.8%
KWL SYSTEM result client=3 object=42 request=207 applied=0
KWL SYSTEM result client=3 object=42 request=208 applied=0
KWL SYSTEM result client=3 object=42 request=209 applied=0
KWL SYSTEM result client=3 object=42 request=210 applied=0
KWL SYSTEM result client=3 object=42 request=211 applied=0
KWL PERF 5000ms: passes=506 timeouts=496 | poll 98.9% work 0.8%
KWL SYSTEM result client=3 object=42 request=212 applied=0
KWL SYSTEM result client=3 object=42 request=213 applied=0
KWL SYSTEM result client=3 object=42 request=214 applied=0
KWL SYSTEM result client=3 object=42 request=215 applied=0
KWL SYSTEM result client=3 object=42 request=216 applied=0
KWL PERF 5000ms: passes=505 timeouts=495 | poll 99.0% work 0.8%
KWL SYSTEM result client=3 object=42 request=217 applied=0
KWL SYSTEM result client=3 object=42 request=218 applied=0
KWL SYSTEM result client=3 object=42 request=219 applied=0
KWL SYSTEM result client=3 object=42 request=220 applied=0
KWL SYSTEM result client=3 object=42 request=221 applied=0
KWL PERF 5001ms: passes=506 timeouts=496 | poll 99.0% work 0.8%
KWL SYSTEM result client=3 object=42 request=222 applied=0
KWL SYSTEM result client=3 object=42 request=223 applied=0
KWL SYSTEM result client=3 object=42 request=224 applied=0
KWL SYSTEM result client=3 object=42 request=225 applied=0
KWL SYSTEM result client=3 object=42 request=226 applied=0
KWL PERF 5005ms: passes=510 timeouts=500 | poll 99.0% work 0.8%
KWL SYSTEM result client=3 object=42 request=227 applied=0
KWL SYSTEM result client=3 object=42 request=228 applied=0
KWL SYSTEM result client=3 object=42 request=229 applied=0
KWL SYSTEM result client=3 object=42 request=230 applied=0
KWL SYSTEM result client=3 object=42 request=231 applied=0
KWL PERF 5005ms: passes=510 timeouts=500 | poll 99.0% work 0.8%
KWL SYSTEM result client=3 object=42 request=232 applied=0
KWL SYSTEM result client=3 object=42 request=233 applied=0
KWL SYSTEM result client=3 object=42 request=234 applied=0
KWL SYSTEM result client=3 object=42 request=235 applied=0
KWL SYSTEM result client=3 object=42 request=236 applied=0
KWL PERF 5005ms: passes=510 timeouts=500 | poll 99.0% work 0.8%
KWL SYSTEM result client=3 object=42 request=237 applied=0
KWL SYSTEM result client=3 object=42 request=238 applied=0
KWL SYSTEM result client=3 object=42 request=239 applied=0
KWL SYSTEM result client=3 object=42 request=240 applied=0
KWL SYSTEM result client=3 object=42 request=241 applied=0
KWL PERF 5005ms: passes=510 timeouts=500 | poll 99.0% work 0.8%
KWL SYSTEM result client=3 object=42 request=242 applied=0
KWL SYSTEM result client=3 object=42 request=243 applied=0
KWL SYSTEM result client=3 object=42 request=244 applied=0
KWL SYSTEM result client=3 object=42 request=245 applied=0
KWL SYSTEM result client=3 object=42 request=246 applied=0
KWL PERF 5004ms: passes=508 timeouts=498 | poll 98.6% work 1.2%
KWL PERF compose frames=1 draw_ms=18.72 (acquire 0.02 submit+present 18.50) frame_ms=21.05
KWL SYSTEM result client=3 object=42 request=247 applied=0
KWL SYSTEM result client=3 object=42 request=248 applied=0
KWL SYSTEM result client=3 object=42 request=249 applied=0
KWL SYSTEM result client=3 object=42 request=250 applied=0
KWL SYSTEM result client=3 object=42 request=251 applied=0
KWL PERF 5000ms: passes=510 timeouts=500 | poll 99.0% work 0.8%
KWL SYSTEM result client=3 object=42 request=252 applied=0
KWL SYSTEM result client=3 object=42 request=253 applied=0
KWL SYSTEM result client=3 object=42 request=254 applied=0
KWL SYSTEM result client=3 object=42 request=255 applied=0
KWL SYSTEM result client=3 object=42 request=256 applied=0
KWL PERF 5000ms: passes=510 timeouts=500 | poll 98.9% work 0.8%
KWL SYSTEM result client=3 object=42 request=257 applied=0
KWL SYSTEM result client=3 object=42 request=258 applied=0
KWL SYSTEM result client=3 object=42 request=259 applied=0
KWL SYSTEM result client=3 object=42 request=260 applied=0
KWL SYSTEM result client=3 object=42 request=261 applied=0
KWL PERF 5000ms: passes=509 timeouts=499 | poll 98.9% work 0.8%
KWL SYSTEM result client=3 object=42 request=262 applied=0
KWL SYSTEM result client=3 object=42 request=263 applied=0
KWL SYSTEM result client=3 object=42 request=264 applied=0
KWL SYSTEM result client=3 object=42 request=265 applied=0
KWL PERF 5000ms: passes=509 timeouts=501 | poll 98.9% work 0.8%
KWL SYSTEM result client=3 object=42 request=266 applied=0
KWL SYSTEM result client=3 object=42 request=267 applied=0
KWL SYSTEM result client=3 object=42 request=268 applied=0
KWL SYSTEM result client=3 object=42 request=269 applied=0
KWL SYSTEM result client=3 object=42 request=270 applied=0
KWL PERF 5001ms: passes=501 timeouts=491 | poll 98.9% work 0.8%
KWL SYSTEM result client=3 object=42 request=271 applied=0
KWL SYSTEM result client=3 object=42 request=272 applied=0
KWL SYSTEM result client=3 object=42 request=273 applied=0
KWL SYSTEM result client=3 object=42 request=274 applied=0
KWL SYSTEM result client=3 object=42 request=275 applied=0
KWL PERF 5000ms: passes=510 timeouts=500 | poll 99.0% work 0.7%
KWL SYSTEM result client=3 object=42 request=276 applied=0
KWL SYSTEM result client=3 object=42 request=277 applied=0
KWL SYSTEM result client=3 object=42 request=278 applied=0
KWL SYSTEM result client=3 object=42 request=279 applied=0
KWL SYSTEM result client=3 object=42 request=280 applied=0
KWL PERF 5000ms: passes=510 timeouts=500 | poll 99.0% work 0.8%
KWL SYSTEM result client=3 object=42 request=281 applied=0
KWL SYSTEM result client=3 object=42 request=282 applied=0
KWL SYSTEM result client=3 object=42 request=283 applied=0
KWL SYSTEM result client=3 object=42 request=284 applied=0
KWL SYSTEM result client=3 object=42 request=285 applied=0
KWL PERF 5000ms: passes=510 timeouts=500 | poll 99.0% work 0.7%
KWL SYSTEM result client=3 object=42 request=286 applied=0
KWL SYSTEM result client=3 object=42 request=287 applied=0
KWL SYSTEM result client=3 object=42 request=288 applied=0
KWL SYSTEM result client=3 object=42 request=289 applied=0
KWL SYSTEM result client=3 object=42 request=290 applied=0
KWL PERF 5001ms: passes=508 timeouts=498 | poll 99.0% work 0.7%
KWL SYSTEM result client=3 object=42 request=291 applied=0
KWL SYSTEM result client=3 object=42 request=292 applied=0
KWL SYSTEM result client=3 object=42 request=293 applied=0
KWL SYSTEM result client=3 object=42 request=294 applied=0
KWL SYSTEM result client=3 object=42 request=295 applied=0
KWL PERF 5000ms: passes=510 timeouts=500 | poll 99.0% work 0.7%
KWL SYSTEM result client=3 object=42 request=296 applied=0
KWL SYSTEM result client=3 object=42 request=297 applied=0
KWL SYSTEM result client=3 object=42 request=298 applied=0
KWL SYSTEM result client=3 object=42 request=299 applied=0
KWL SYSTEM result client=3 object=42 request=300 applied=0
KWL PERF 5000ms: passes=510 timeouts=500 | poll 98.9% work 0.8%
KWL SYSTEM result client=3 object=42 request=301 applied=0
KWL SYSTEM result client=3 object=42 request=302 applied=0
KWL SYSTEM result client=3 object=42 request=303 applied=0
KWL SYSTEM result client=3 object=42 request=304 applied=0
KWL SYSTEM result client=3 object=42 request=305 applied=0
KWL PERF 5005ms: passes=508 timeouts=498 | poll 98.6% work 1.1%
KWL PERF compose frames=1 draw_ms=18.96 (acquire 0.03 submit+present 18.60) frame_ms=21.05
KWL SYSTEM result client=3 object=42 request=306 applied=0
KWL SYSTEM result client=3 object=42 request=307 applied=0
KWL SYSTEM result client=3 object=42 request=308 applied=0
KWL SYSTEM result client=3 object=42 request=309 applied=0
KWL SYSTEM result client=3 object=42 request=310 applied=0
KWL PERF 5001ms: passes=506 timeouts=496 | poll 99.0% work 0.7%
KWL SYSTEM result client=3 object=42 request=311 applied=0
KWL SYSTEM result client=3 object=42 request=312 applied=0
KWL SYSTEM result client=3 object=42 request=313 applied=0
KWL SYSTEM result client=3 object=42 request=314 applied=0
KWL SYSTEM result client=3 object=42 request=315 applied=0
KWL PERF 5000ms: passes=495 timeouts=485 | poll 98.8% work 0.9%
KWL SYSTEM result client=3 object=42 request=316 applied=0
KWL SYSTEM result client=3 object=42 request=317 applied=0
KWL SYSTEM result client=3 object=42 request=318 applied=0
KWL SYSTEM result client=3 object=42 request=319 applied=0
KWL SYSTEM result client=3 object=42 request=320 applied=0
KWL PERF 5010ms: passes=483 timeouts=473 | poll 98.8% work 0.9%
KWL SYSTEM result client=3 object=42 request=321 applied=0
KWL SYSTEM result client=3 object=42 request=322 applied=0
KWL SYSTEM result client=3 object=42 request=323 applied=0
KWL SYSTEM result client=3 object=42 request=324 applied=0
KWL SYSTEM result client=3 object=42 request=325 applied=0
KWL PERF 5005ms: passes=503 timeouts=493 | poll 98.8% work 0.9%
KWL SYSTEM result client=3 object=42 request=326 applied=0
KWL SYSTEM result client=3 object=42 request=327 applied=0
KWL SYSTEM result client=3 object=42 request=328 applied=0
KWL SYSTEM result client=3 object=42 request=329 applied=0
KWL SYSTEM result client=3 object=42 request=330 applied=0
KWL PERF 5000ms: passes=505 timeouts=495 | poll 98.8% work 0.9%
KWL SYSTEM result client=3 object=42 request=331 applied=0
KWL SYSTEM result client=3 object=42 request=332 applied=0
KWL SYSTEM result client=3 object=42 request=333 applied=0
KWL SYSTEM result client=3 object=42 request=334 applied=0
KWL SYSTEM result client=3 object=42 request=335 applied=0
KWL PERF 5004ms: passes=495 timeouts=485 | poll 98.9% work 0.9%
KWL SYSTEM result client=3 object=42 request=336 applied=0
KWL SYSTEM result client=3 object=42 request=337 applied=0
KWL SYSTEM result client=3 object=42 request=338 applied=0
KWL SYSTEM result client=3 object=42 request=339 applied=0
KWL SYSTEM result client=3 object=42 request=340 applied=0
KWL PERF 5005ms: passes=509 timeouts=499 | poll 98.8% work 0.9%
KWL SYSTEM result client=3 object=42 request=341 applied=0
KWL SYSTEM result client=3 object=42 request=342 applied=0
KWL SYSTEM result client=3 object=42 request=343 applied=0
KWL SYSTEM result client=3 object=42 request=344 applied=0
KWL SYSTEM result client=3 object=42 request=345 applied=0
KWL PERF 5006ms: passes=510 timeouts=500 | poll 98.8% work 0.9%
KWL SYSTEM result client=3 object=42 request=346 applied=0
KWL SYSTEM result client=3 object=42 request=347 applied=0
KWL SYSTEM result client=3 object=42 request=348 applied=0
KWL SYSTEM result client=3 object=42 request=349 applied=0
KWL SYSTEM result client=3 object=42 request=350 applied=0
KWL PERF 5003ms: passes=509 timeouts=499 | poll 98.8% work 0.9%
KWL SYSTEM result client=3 object=42 request=351 applied=0
KWL SYSTEM result client=3 object=42 request=352 applied=0
KWL SYSTEM result client=3 object=42 request=353 applied=0
KWL SYSTEM result client=3 object=42 request=354 applied=0
KWL SYSTEM result client=3 object=42 request=355 applied=0
KWL PERF 5000ms: passes=509 timeouts=499 | poll 98.9% work 0.8%
KWL SYSTEM result client=3 object=42 request=356 applied=0
KWL SYSTEM result client=3 object=42 request=357 applied=0
KWL SYSTEM result client=3 object=42 request=358 applied=0
KWL SYSTEM result client=3 object=42 request=359 applied=0
KWL SYSTEM result client=3 object=42 request=360 applied=0
KWL PERF 5000ms: passes=509 timeouts=499 | poll 98.9% work 0.8%
KWL SYSTEM result client=3 object=42 request=361 applied=0
KWL SYSTEM result client=3 object=42 request=362 applied=0
KWL SYSTEM result client=3 object=42 request=363 applied=0
KWL SYSTEM result client=3 object=42 request=364 applied=0
KWL PERF 5009ms: passes=506 timeouts=498 | poll 98.6% work 1.1%
KWL PERF compose frames=1 draw_ms=19.42 (acquire 0.03 submit+present 19.06) frame_ms=22.05
KWL SYSTEM result client=3 object=42 request=365 applied=0
KWL SYSTEM result client=3 object=42 request=366 applied=0
KWL SYSTEM result client=3 object=42 request=367 applied=0
KWL SYSTEM result client=3 object=42 request=368 applied=0
KWL SYSTEM result client=3 object=42 request=369 applied=0
KWL PERF 5008ms: passes=509 timeouts=499 | poll 99.0% work 0.7%
KWL SYSTEM result client=3 object=42 request=370 applied=0
KWL SYSTEM result client=3 object=42 request=371 applied=0
KWL SYSTEM result client=3 object=42 request=372 applied=0
KWL SYSTEM result client=3 object=42 request=373 applied=0
KWL SYSTEM result client=3 object=42 request=374 applied=0
KWL PERF 5006ms: passes=498 timeouts=488 | poll 98.9% work 0.8%
KWL SYSTEM result client=3 object=42 request=375 applied=0
KWL SYSTEM result client=3 object=42 request=376 applied=0
KWL SYSTEM result client=3 object=42 request=377 applied=0
KWL SYSTEM result client=3 object=42 request=378 applied=0
KWL SYSTEM result client=3 object=42 request=379 applied=0
KWL PERF 5002ms: passes=510 timeouts=500 | poll 98.9% work 0.8%
KWL SYSTEM result client=3 object=42 request=380 applied=0
KWL SYSTEM result client=3 object=42 request=381 applied=0
KWL SYSTEM result client=3 object=42 request=382 applied=0
KWL SYSTEM result client=3 object=42 request=383 applied=0
KWL SYSTEM result client=3 object=42 request=384 applied=0
KWL PERF 5002ms: passes=510 timeouts=500 | poll 98.9% work 0.8%
KWL SYSTEM result client=3 object=42 request=385 applied=0
KWL SYSTEM result client=3 object=42 request=386 applied=0
KWL SYSTEM result client=3 object=42 request=387 applied=0
KWL SYSTEM result client=3 object=42 request=388 applied=0
KWL SYSTEM result client=3 object=42 request=389 applied=0
KWL PERF 5001ms: passes=509 timeouts=499 | poll 99.0% work 0.8%
KWL SYSTEM result client=3 object=42 request=390 applied=0
KWL SYSTEM result client=3 object=42 request=391 applied=0
KWL SYSTEM result client=3 object=42 request=392 applied=0
KWL SYSTEM result client=3 object=42 request=393 applied=0
KWL SYSTEM result client=3 object=42 request=394 applied=0
KWL PERF 5000ms: passes=510 timeouts=500 | poll 98.9% work 0.8%
KWL SYSTEM result client=3 object=42 request=395 applied=0
KWL SYSTEM result client=3 object=42 request=396 applied=0
KWL SYSTEM result client=3 object=42 request=397 applied=0
KWL SYSTEM result client=3 object=42 request=398 applied=0
KWL SYSTEM result client=3 object=42 request=399 applied=0
KWL PERF 5002ms: passes=508 timeouts=498 | poll 98.9% work 0.8%
KWL SYSTEM result client=3 object=42 request=400 applied=0
KWL SYSTEM result client=3 object=42 request=401 applied=0
KWL SYSTEM result client=3 object=42 request=402 applied=0
KWL SYSTEM result client=3 object=42 request=403 applied=0
KWL SYSTEM result client=3 object=42 request=404 applied=0
KWL PERF 5002ms: passes=509 timeouts=499 | poll 98.9% work 0.8%
KWL SYSTEM result client=3 object=42 request=405 applied=0
KWL SYSTEM result client=3 object=42 request=406 applied=0
KWL SYSTEM result client=3 object=42 request=407 applied=0
KWL SYSTEM result client=3 object=42 request=408 applied=0
KWL SYSTEM result client=3 object=42 request=409 applied=0
KWL PERF 5003ms: passes=510 timeouts=500 | poll 98.9% work 0.8%
KWL SYSTEM result client=3 object=42 request=410 applied=0
KWL SYSTEM result client=3 object=42 request=411 applied=0
KWL SYSTEM result client=3 object=42 request=412 applied=0
KWL SYSTEM result client=3 object=42 request=413 applied=0
KWL SYSTEM result client=3 object=42 request=414 applied=0
KWL PERF 5002ms: passes=510 timeouts=500 | poll 98.9% work 0.8%
KWL SYSTEM result client=3 object=42 request=415 applied=0
KWL SYSTEM result client=3 object=42 request=416 applied=0
KWL SYSTEM result client=3 object=42 request=417 applied=0
KWL SYSTEM result client=3 object=42 request=418 applied=0
KWL SYSTEM result client=3 object=42 request=419 applied=0
KWL PERF 5003ms: passes=510 timeouts=500 | poll 98.9% work 0.8%
KWL SYSTEM result client=3 object=42 request=420 applied=0
KWL SYSTEM result client=3 object=42 request=421 applied=0
KWL SYSTEM result client=3 object=42 request=422 applied=0
KWL SYSTEM result client=3 object=42 request=423 applied=0
KWL SYSTEM result client=3 object=42 request=424 applied=0
KWL PERF 5004ms: passes=508 timeouts=498 | poll 98.5% work 1.2%
KWL PERF compose frames=1 draw_ms=20.20 (acquire 0.04 submit+present 19.76) frame_ms=22.05
KWL SYSTEM result client=3 object=42 request=425 applied=0
KWL SYSTEM result client=3 object=42 request=426 applied=0
KWL SYSTEM result client=3 object=42 request=427 applied=0
KWL SYSTEM result client=3 object=42 request=428 applied=0
KWL SYSTEM result client=3 object=42 request=429 applied=0
KWL PERF 5000ms: passes=508 timeouts=498 | poll 99.0% work 0.8%
KWL SYSTEM result client=3 object=42 request=430 applied=0
KWL SYSTEM result client=3 object=42 request=431 applied=0
KWL SYSTEM result client=3 object=42 request=432 applied=0
KWL SYSTEM result client=3 object=42 request=433 applied=0
KWL SYSTEM result client=3 object=42 request=434 applied=0
KWL PERF 5000ms: passes=506 timeouts=496 | poll 98.8% work 0.9%
KWL SYSTEM result client=3 object=42 request=435 applied=0
KWL SYSTEM result client=3 object=42 request=436 applied=0
KWL SYSTEM result client=3 object=42 request=437 applied=0
KWL SYSTEM result client=3 object=42 request=438 applied=0
KWL SYSTEM result client=3 object=42 request=439 applied=0
KWL PERF 5001ms: passes=508 timeouts=498 | poll 98.9% work 0.8%
KWL SYSTEM result client=3 object=42 request=440 applied=0
KWL SYSTEM result client=3 object=42 request=441 applied=0
KWL SYSTEM result client=3 object=42 request=442 applied=0
KWL SYSTEM result client=3 object=42 request=443 applied=0
KWL SYSTEM result client=3 object=42 request=444 applied=0
KWL PERF 5002ms: passes=510 timeouts=500 | poll 98.9% work 0.8%
KWL SYSTEM result client=3 object=42 request=445 applied=0
KWL SYSTEM result client=3 object=42 request=446 applied=0
KWL SYSTEM result client=3 object=42 request=447 applied=0
KWL SYSTEM result client=3 object=42 request=448 applied=0
KWL SYSTEM result client=3 object=42 request=449 applied=0
KWL PERF 5000ms: passes=510 timeouts=500 | poll 98.9% work 0.8%
KWL SYSTEM result client=3 object=42 request=450 applied=0
KWL SYSTEM result client=3 object=42 request=451 applied=0
KWL SYSTEM result client=3 object=42 request=452 applied=0
KWL SYSTEM result client=3 object=42 request=453 applied=0
KWL SYSTEM result client=3 object=42 request=454 applied=0
KWL PERF 5002ms: passes=510 timeouts=500 | poll 98.8% work 0.8%
KWL SYSTEM result client=3 object=42 request=455 applied=0
KWL SYSTEM result client=3 object=42 request=456 applied=0
KWL SYSTEM result client=3 object=42 request=457 applied=0
KWL SYSTEM result client=3 object=42 request=458 applied=0
KWL SYSTEM result client=3 object=42 request=459 applied=0
KWL PERF 5000ms: passes=510 timeouts=500 | poll 98.9% work 0.8%
KWL SYSTEM result client=3 object=42 request=460 applied=0
KWL SYSTEM result client=3 object=42 request=461 applied=0
KWL SYSTEM result client=3 object=42 request=462 applied=0
KWL SYSTEM result client=3 object=42 request=463 applied=0
KWL PERF 5002ms: passes=508 timeouts=500 | poll 98.9% work 0.8%
KWL SYSTEM result client=3 object=42 request=464 applied=0
KWL SYSTEM result client=3 object=42 request=465 applied=0
KWL SYSTEM result client=3 object=42 request=466 applied=0
KWL SYSTEM result client=3 object=42 request=467 applied=0
KWL SYSTEM result client=3 object=42 request=468 applied=0
KWL PERF 5000ms: passes=506 timeouts=496 | poll 98.8% work 0.9%
KWL SYSTEM result client=3 object=42 request=469 applied=0
KWL SYSTEM result client=3 object=42 request=470 applied=0
KWL SYSTEM result client=3 object=42 request=471 applied=0
KWL SYSTEM result client=3 object=42 request=472 applied=0
KWL SYSTEM result client=3 object=42 request=473 applied=0
KWL PERF 5004ms: passes=507 timeouts=497 | poll 98.9% work 0.8%
KWL SYSTEM result client=3 object=42 request=474 applied=0
KWL SYSTEM result client=3 object=42 request=475 applied=0
KWL SYSTEM result client=3 object=42 request=476 applied=0
KWL SYSTEM result client=3 object=42 request=477 applied=0
KWL SYSTEM result client=3 object=42 request=478 applied=0
KWL PERF 5000ms: passes=510 timeouts=500 | poll 98.8% work 0.9%
KWL SYSTEM result client=3 object=42 request=479 applied=0
KWL SYSTEM result client=3 object=42 request=480 applied=0
KWL SYSTEM result client=3 object=42 request=481 applied=0
KWL SYSTEM result client=3 object=42 request=482 applied=0
KWL SYSTEM result client=3 object=42 request=483 applied=0
KWL PERF 5001ms: passes=509 timeouts=499 | poll 98.5% work 1.2%
KWL PERF compose frames=1 draw_ms=19.09 (acquire 0.03 submit+present 18.75) frame_ms=21.09
KWL SYSTEM result client=3 object=42 request=484 applied=0
KWL SYSTEM result client=3 object=42 request=485 applied=0
KWL SYSTEM result client=3 object=42 request=486 applied=0
KWL SYSTEM result client=3 object=42 request=487 applied=0
KWL SYSTEM result client=3 object=42 request=488 applied=0
KWL PERF 5009ms: passes=510 timeouts=500 | poll 98.9% work 0.9%
KWL SYSTEM result client=3 object=42 request=489 applied=0
KWL SYSTEM result client=3 object=42 request=490 applied=0
KWL SYSTEM result client=3 object=42 request=491 applied=0
KWL SYSTEM result client=3 object=42 request=492 applied=0
KWL SYSTEM result client=3 object=42 request=493 applied=0
KWL PERF 5000ms: passes=510 timeouts=500 | poll 98.8% work 0.9%
KWL SYSTEM result client=3 object=42 request=494 applied=0
KWL SYSTEM result client=3 object=42 request=495 applied=0
KWL SYSTEM result client=3 object=42 request=496 applied=0
KWL SYSTEM result client=3 object=42 request=497 applied=0
KWL SYSTEM result client=3 object=42 request=498 applied=0
KWL PERF 5000ms: passes=510 timeouts=500 | poll 98.8% work 0.9%
KWL SYSTEM result client=3 object=42 request=499 applied=0
KWL SYSTEM result client=3 object=42 request=500 applied=0
KWL SYSTEM result client=3 object=42 request=501 applied=0
KWL SYSTEM result client=3 object=42 request=502 applied=0
KWL SYSTEM result client=3 object=42 request=503 applied=0
KWL PERF 5000ms: passes=510 timeouts=500 | poll 98.8% work 0.9%
KWL SYSTEM result client=3 object=42 request=504 applied=0
KWL SYSTEM result client=3 object=42 request=505 applied=0
KWL SYSTEM result client=3 object=42 request=506 applied=0
KWL SYSTEM result client=3 object=42 request=507 applied=0
KWL SYSTEM result client=3 object=42 request=508 applied=0
KWL PERF 5000ms: passes=510 timeouts=500 | poll 98.8% work 0.9%
KWL SYSTEM result client=3 object=42 request=509 applied=0
KWL SYSTEM result client=3 object=42 request=510 applied=0
KWL SYSTEM result client=3 object=42 request=511 applied=0
KWL SYSTEM result client=3 object=42 request=512 applied=0
KWL SYSTEM result client=3 object=42 request=513 applied=0
KWL PERF 5000ms: passes=510 timeouts=500 | poll 98.9% work 0.9%
KWL SYSTEM result client=3 object=42 request=514 applied=0
KWL SYSTEM result client=3 object=42 request=515 applied=0
KWL SYSTEM result client=3 object=42 request=516 applied=0
KWL SYSTEM result client=3 object=42 request=517 applied=0
KWL SYSTEM result client=3 object=42 request=518 applied=0
KWL PERF 5001ms: passes=510 timeouts=500 | poll 98.8% work 0.9%
KWL SYSTEM result client=3 object=42 request=519 applied=0
KWL SYSTEM result client=3 object=42 request=520 applied=0
KWL SYSTEM result client=3 object=42 request=521 applied=0
KWL SYSTEM result client=3 object=42 request=522 applied=0
KWL SYSTEM result client=3 object=42 request=523 applied=0
KWL PERF 5000ms: passes=510 timeouts=500 | poll 98.8% work 0.9%
KWL SYSTEM result client=3 object=42 request=524 applied=0
KWL SYSTEM result client=3 object=42 request=525 applied=0
KWL SYSTEM result client=3 object=42 request=526 applied=0
KWL SYSTEM result client=3 object=42 request=527 applied=0
KWL SYSTEM result client=3 object=42 request=528 applied=0
KWL PERF 5000ms: passes=510 timeouts=500 | poll 98.8% work 0.9%
KWL SYSTEM result client=3 object=42 request=529 applied=0
KWL SYSTEM result client=3 object=42 request=530 applied=0
KWL SYSTEM result client=3 object=42 request=531 applied=0
KWL SYSTEM result client=3 object=42 request=532 applied=0
KWL SYSTEM result client=3 object=42 request=533 applied=0
KWL PERF 5000ms: passes=510 timeouts=500 | poll 98.8% work 0.9%
KWL SYSTEM result client=3 object=42 request=534 applied=0
KWL SYSTEM result client=3 object=42 request=535 applied=0
KWL SYSTEM result client=3 object=42 request=536 applied=0
KWL SYSTEM result client=3 object=42 request=537 applied=0
KWL SYSTEM result client=3 object=42 request=538 applied=0
KWL PERF 5000ms: passes=510 timeouts=500 | poll 98.8% work 0.9%
KWL SYSTEM result client=3 object=42 request=539 applied=0
KWL SYSTEM result client=3 object=42 request=540 applied=0
KWL SYSTEM result client=3 object=42 request=541 applied=0
KWL SYSTEM result client=3 object=42 request=542 applied=0
KWL SYSTEM result client=3 object=42 request=543 applied=0
KWL PERF 5000ms: passes=508 timeouts=498 | poll 98.5% work 1.2%
KWL PERF compose frames=1 draw_ms=19.08 (acquire 0.03 submit+present 18.73) frame_ms=21.05
KWL SYSTEM result client=3 object=42 request=544 applied=0
KWL SYSTEM result client=3 object=42 request=545 applied=0
KWL SYSTEM result client=3 object=42 request=546 applied=0
KWL SYSTEM result client=3 object=42 request=547 applied=0
KWL SYSTEM result client=3 object=42 request=548 applied=0
KWL PERF 5001ms: passes=510 timeouts=500 | poll 98.9% work 0.9%
KWL SYSTEM result client=3 object=42 request=549 applied=0
KWL SYSTEM result client=3 object=42 request=550 applied=0
KWL SYSTEM result client=3 object=42 request=551 applied=0
KWL SYSTEM result client=3 object=42 request=552 applied=0
KWL SYSTEM result client=3 object=42 request=553 applied=0
KWL PERF 5002ms: passes=510 timeouts=500 | poll 98.8% work 0.9%
KWL SYSTEM result client=3 object=42 request=554 applied=0
KWL SYSTEM result client=3 object=42 request=555 applied=0
KWL SYSTEM result client=3 object=42 request=556 applied=0
KWL SYSTEM result client=3 object=42 request=557 applied=0
KWL SYSTEM result client=3 object=42 request=558 applied=0
KWL PERF 5004ms: passes=510 timeouts=500 | poll 98.8% work 0.9%
KWL SYSTEM result client=3 object=42 request=559 applied=0
KWL SYSTEM result client=3 object=42 request=560 applied=0
KWL SYSTEM result client=3 object=42 request=561 applied=0
KWL SYSTEM result client=3 object=42 request=562 applied=0
KWL PERF 5004ms: passes=508 timeouts=500 | poll 98.8% work 0.9%
KWL SYSTEM result client=3 object=42 request=563 applied=0
KWL SYSTEM result client=3 object=42 request=564 applied=0
KWL SYSTEM result client=3 object=42 request=565 applied=0
KWL SYSTEM result client=3 object=42 request=566 applied=0
KWL SYSTEM result client=3 object=42 request=567 applied=0
KWL PERF 5001ms: passes=510 timeouts=500 | poll 98.8% work 0.9%
KWL SYSTEM result client=3 object=42 request=568 applied=0
KWL SYSTEM result client=3 object=42 request=569 applied=0
KWL SYSTEM result client=3 object=42 request=570 applied=0
KWL SYSTEM result client=3 object=42 request=571 applied=0
KWL SYSTEM result client=3 object=42 request=572 applied=0
KWL PERF 5000ms: passes=510 timeouts=500 | poll 98.8% work 0.9%
KWL SYSTEM result client=3 object=42 request=573 applied=0
KWL CURSOR shown by=touchpad
KWL SYSTEM result client=3 object=42 request=574 applied=0
KWL SYSTEM result client=3 object=42 request=575 applied=0
KWL NETWORK state reachable=1 connected=0 kind=none interface= wifi=searching ssid=
ZSETTINGS NETWORK state reachable=1 connected=0 kind=0 interface= wifi=2 ssid=
KWL SYSTEM result client=3 object=42 request=576 applied=0
KWL SYSTEM result client=3 object=42 request=577 applied=0
KWL PERF 5008ms: passes=507 timeouts=475 | poll 96.2% work 3.6%
KWL PERF compose frames=9 draw_ms=15.15 (acquire 3.50 submit+present 11.28) frame_ms=16.33
KWL SYSTEM result client=3 object=42 request=578 applied=0
KWL SYSTEM result client=3 object=42 request=579 applied=0
KWL NETWORK state reachable=1 connected=0 kind=none interface= wifi=searching ssid=
KWL SYSTEM result client=3 object=42 request=580 applied=0
KWL SYSTEM result client=3 object=42 request=581 applied=0
KWL OUTPUT display index=0 name=zedbsd-port-v1:pci:0000:00:02.0:edp:A internal=1 shown=1 width=1920 height=1080
KWL OUTPUT display index=1 name=zedbsd-port-v1:pci:0000:00:02.0:dp:TC2 internal=0 shown=0 width=1920 height=1280
KWL OUTPUT displays count=2
KWL OUTPUT head open name=zedbsd-port-v1:pci:0000:00:02.0:dp:TC2 width=1920 height=1280 refresh_mhz=59999 x=1920 y=0 images=3
KWL DISPLAYS anchor off name=zedbsd-port-v1:pci:0000:00:02.0:edp:A to=zedbsd-port-v1:pci:0000:00:02.0:dp:TC2
KWL OUTPUT head closed name=zedbsd-port-v1:pci:0000:00:02.0:dp:TC2
KWL OUTPUT closed
KWL STARTUP step=output-display ms=1
KWL STARTUP step=output-pipelines ms=0
KWL STARTUP step=output-swapchain ms=471
KWL STARTUP step=output-targets ms=0
KWL OUTPUT open width=1920 height=1280 images=3 format=37
KWL STARTUP step=wallpaper-picture ms=21
KWL GLASS resize width=1920 height=1280 ms=333
KWL OUTPUT window surface=19 state=floating x=370 y=188 w=1180 h=800
KWL OUTPUT resized width=1920 height=1280 refresh_mhz=59999
KWL OUTPUT switch name=zedbsd-port-v1:pci:0000:00:02.0:dp:TC2 width=1920 height=1280 refresh_mhz=59999
KWL BOUNDS changed width=1896 height=1160 was=1896x960
KWL BOUNDS client=3 surface=19 width=1896 height=1160
KWL CONFIGURE client=3 surface=19 serial=8 width=0 height=0 fullscreen=0
ZFILES DESKTOP configure x=0 y=44 width=1920 height=1236
ZFILES DESKTOP grid width=1920 height=1236 columns=19 rows=11
ZFILES DESKTOP ready items=0 cells=0 width=1920 height=1236 at_ms=615549 newest_age_ms=-1 hidden=0
KWL OUTPUT display index=0 name=zedbsd-port-v1:pci:0000:00:02.0:dp:TC2 internal=0 shown=1 width=1920 height=1280
KWL OUTPUT display index=1 name=zedbsd-port-v1:pci:0000:00:02.0:edp:A internal=1 shown=0 width=1920 height=1080
KWL OUTPUT displays count=2
ZSETTINGS SLOW-FRAME draw=6 present=330 copy=1 acquire=1 queue=1 wait=0
ZFILES SLOW-FRAME draw=5 present=293 copy=11 acquire=0 queue=2 wait=0
KWL PERF 5737ms: passes=482 timeouts=464 | poll 76.2% work 23.6%
KWL PERF compose frames=9 draw_ms=16.04 (acquire 3.99 submit+present 11.61) frame_ms=15.37
KWL PING pong client=3 serial=10
KWL DESKTOP ack serial=7
KWL SYSTEM result client=3 object=42 request=582 applied=0
KWL IMPORT client=2 buffer=42 width=1920 height=1236 bytes=9494528
KWL IMPORT client=2 buffer=43 width=1920 height=1236 bytes=9494528
KWL IMPORT client=2 buffer=44 width=1920 height=1236 bytes=9494528
KWL SYSTEM result client=3 object=42 request=583 applied=0
KWL SYSTEM result client=3 object=42 request=584 applied=0
KWL EVENT input changed
KWL TOUCH added device=/dev/input/event3 x=0..10368 y=0..6912
KWL INPUT device=/dev/input/event3 kind=touch abs=1
KWL SEAT client=3 pointer=1 keyboard=1 touch=1
KWL SEAT client=2 pointer=1 keyboard=1 touch=1
KWL SYSTEM result client=3 object=42 request=585 applied=0
KWL SYSTEM result client=3 object=42 request=586 applied=0
KWL PERF 5007ms: passes=473 timeouts=458 | poll 97.8% work 1.9%
KWL PERF compose frames=4 draw_ms=10.05 (acquire 0.72 submit+present 8.94) frame_ms=14.11
KWL SYSTEM result client=3 object=42 request=587 applied=0
KWL SYSTEM result client=3 object=42 request=588 applied=0
KWL CURSOR hidden by=touch
KWL TOUCH down client=3 surface=19 contact=0 x=703 y=471
KWL SYSTEM result client=3 object=42 request=589 applied=0
KWL TOUCH down client=3 surface=19 contact=0 x=1497 y=959
KWL SYSTEM result client=3 object=42 request=590 applied=0
ZSETTINGS WELCOME step=1 name=network
ZSETTINGS NETWORK scanning on=1 renew=0 errno=0
ZSETTINGS TITLEBAR state back=0 forward=0 parts=2 last=Wi-Fi sidebar=0 query= focus=0
ZSETTINGS MENU state back=0 forward=0 sidebar=0 page=wifi
KWL TOUCH down client=3 surface=19 contact=0 x=1499 y=951
KWL PERF 5005ms: passes=546 timeouts=443 | poll 96.8% work 2.8%
KWL PERF compose frames=6 draw_ms=13.13 (acquire 0.04 submit+present 12.64) frame_ms=13.99
KWL TOUCH down client=3 surface=19 contact=0 x=1496 y=974
KWL TOUCH down client=3 surface=19 contact=0 x=1500 y=963
ZSETTINGS LAYOUT page=wifi controls=4
ZSETTINGS CONTROL index=9002 x=1089 y=28 width=59 height=32
ZSETTINGS CONTROL index=1 x=1082 y=111 width=52 height=32
ZSETTINGS CONTROL index=9000 x=24 y=752 width=61 height=32
ZSETTINGS CONTROL index=9001 x=1094 y=752 width=62 height=32
KWL NETWORK scan holders=1
KWL SYSTEM scanning client=3 id=42 on=1
KWL TITLEBAR commit client=3 titlebar=69 serial=7 mode=1 controls=6 tabs=0 generation=7
KWL TITLEBAR commit client=3 titlebar=69 serial=8 mode=1 controls=6 tabs=0 generation=8
KWL MENU commit client=3 menu=67 serial=4 items=41 generation=4
KWL TITLEBAR control client=3 surface=19 where=floating id=1 x=493 y=143 width=30 height=30 shown=1
KWL TITLEBAR control client=3 surface=19 where=floating id=2 x=527 y=143 width=30 height=30 shown=1
KWL TITLEBAR control client=3 surface=19 where=floating id=3 x=561 y=143 width=30 height=30 shown=1
KWL TITLEBAR control client=3 surface=19 where=floating id=4 x=601 y=143 width=132 height=30 shown=1
KWL TITLEBAR control client=3 surface=19 where=floating id=5 x=1142 y=143 width=220 height=30 shown=1
KWL TITLEBAR control client=3 surface=19 where=floating id=6 x=1366 y=143 width=30 height=30 shown=1
KWL TITLEBAR control client=3 surface=19 where=floating id=0 x=1406 y=143 width=30 height=30 shown=1
ZSETTINGS SLOW-FRAME draw=1209 present=14 copy=2 acquire=1 queue=9 wait=0
ZSETTINGS WELCOME step=2 name=look
ZSETTINGS NETWORK scanning on=0 renew=0 errno=0
ZSETTINGS TITLEBAR state back=0 forward=0 parts=2 last=Appearance sidebar=0 query= focus=0
ZSETTINGS MENU state back=0 forward=0 sidebar=0 page=appearance
KWL NETWORK state reachable=1 connected=0 kind=none interface= wifi=searching ssid=
KWL NETWORK scan count=20
ZSETTINGS LOOK pictures count=7
ZSETTINGS LOOK loader started count=7
ZSETTINGS LAYOUT page=appearance controls=21
ZSETTINGS CONTROL index=9002 x=1089 y=28 width=59 height=32
ZSETTINGS CONTROL index=100 x=32 y=95 width=210 height=161
ZSETTINGS CONTROL index=101 x=258 y=95 width=210 height=161
ZSETTINGS CONTROL index=102 x=484 y=95 width=210 height=161
ZSETTINGS CONTROL index=103 x=710 y=95 width=210 height=161
ZSETTINGS CONTROL index=104 x=936 y=95 width=210 height=161
ZSETTINGS CONTROL index=105 x=32 y=272 width=210 height=161
ZSETTINGS CONTROL index=106 x=258 y=272 width=210 height=161
ZSETTINGS CONTROL index=2 x=1082 y=473 width=52 height=32
ZSETTINGS CONTROL index=90 x=48 y=589 width=34 height=34
ZSETTINGS CONTROL index=91 x=88 y=589 width=34 height=34
ZSETTINGS CONTROL index=92 x=128 y=589 width=34 height=34
ZSETTINGS CONTROL index=93 x=168 y=589 width=34 height=34
ZSETTINGS CONTROL index=94 x=208 y=589 width=34 height=34
ZSETTINGS CONTROL index=95 x=248 y=589 width=34 height=34
ZSETTINGS CONTROL index=96 x=288 y=589 width=34 height=34
ZSETTINGS CONTROL index=97 x=328 y=589 width=34 height=34
ZSETTINGS CONTROL index=1 x=52 y=760 width=1076 height=28
ZSETTINGS CONTROL index=3 x=1082 y=838 width=52 height=32
ZSETTINGS CONTROL index=9000 x=24 y=752 width=61 height=32
ZSETTINGS CONTROL index=9001 x=1094 y=752 width=62 height=32
KWL NETWORK scan holders=0
KWL SYSTEM scanning client=3 id=42 on=0
ZSETTINGS WELCOME step=3 name=languages
ZSETTINGS NETWORK scan count=20
ZSETTINGS TITLEBAR state back=0 forward=0 parts=2 last=Languages sidebar=0 query= focus=0
ZSETTINGS MENU state back=0 forward=0 sidebar=0 page=languages
KWL SYSTEM result client=3 object=42 request=591 applied=0
KWL TITLEBAR commit client=3 titlebar=69 serial=9 mode=1 controls=6 tabs=0 generation=9
KWL TITLEBAR commit client=3 titlebar=69 serial=10 mode=1 controls=6 tabs=0 generation=10
KWL MENU commit client=3 menu=67 serial=5 items=41 generation=5
KWL MENU commit client=3 menu=67 serial=6 items=41 generation=6
KWL NETWORK state reachable=1 connected=0 kind=none interface= wifi=searching ssid=
KWL TITLEBAR control client=3 surface=19 where=floating id=1 x=493 y=143 width=30 height=30 shown=1
KWL TITLEBAR control client=3 surface=19 where=floating id=2 x=527 y=143 width=30 height=30 shown=1
KWL TITLEBAR control client=3 surface=19 where=floating id=3 x=561 y=143 width=30 height=30 shown=1
KWL TITLEBAR control client=3 surface=19 where=floating id=4 x=601 y=143 width=178 height=30 shown=1
KWL TITLEBAR control client=3 surface=19 where=floating id=5 x=1142 y=143 width=220 height=30 shown=1
KWL TITLEBAR control client=3 surface=19 where=floating id=6 x=1366 y=143 width=30 height=30 shown=1
KWL TITLEBAR control client=3 surface=19 where=floating id=0 x=1406 y=143 width=30 height=30 shown=1
ZSETTINGS LAYOUT page=languages controls=8
ZSETTINGS CONTROL index=9002 x=1089 y=28 width=59 height=32
ZSETTINGS CONTROL index=2 x=1082 y=170 width=52 height=32
ZSETTINGS CONTROL index=3 x=1082 y=230 width=52 height=32
ZSETTINGS CONTROL index=1 x=1082 y=290 width=52 height=32
ZSETTINGS CONTROL index=4 x=1082 y=428 width=52 height=32
ZSETTINGS CONTROL index=5 x=1082 y=476 width=52 height=32
ZSETTINGS CONTROL index=9000 x=24 y=752 width=61 height=32
ZSETTINGS CONTROL index=9001 x=1094 y=752 width=62 height=32
KWL TITLEBAR commit client=3 titlebar=69 serial=11 mode=1 controls=6 tabs=0 generation=11
KWL TITLEBAR commit client=3 titlebar=69 serial=12 mode=1 controls=6 tabs=0 generation=12
KWL MENU commit client=3 menu=67 serial=7 items=41 generation=7
KWL MENU commit client=3 menu=67 serial=8 items=41 generation=8
KWL TITLEBAR control client=3 surface=19 where=floating id=1 x=493 y=143 width=30 height=30 shown=1
KWL TITLEBAR control client=3 surface=19 where=floating id=2 x=527 y=143 width=30 height=30 shown=1
KWL TITLEBAR control client=3 surface=19 where=floating id=3 x=561 y=143 width=30 height=30 shown=1
KWL TITLEBAR control client=3 surface=19 where=floating id=4 x=601 y=143 width=168 height=30 shown=1
KWL TITLEBAR control client=3 surface=19 where=floating id=5 x=1142 y=143 width=220 height=30 shown=1
KWL TITLEBAR control client=3 surface=19 where=floating id=6 x=1366 y=143 width=30 height=30 shown=1
KWL TITLEBAR control client=3 surface=19 where=floating id=0 x=1406 y=143 width=30 height=30 shown=1
KWL TOUCH down client=3 surface=19 contact=0 x=1495 y=969
ZSETTINGS TOUCH scroll start pane=page
ZSETTINGS TOUCH scroll end pane=page scroll=0
KWL TOUCH title held window=3:19 contact=0 x=1031 y=169
KWL SYSTEM result client=3 object=42 request=592 applied=0
KWL TOUCH title tap contact=0 x=1031 y=169
KWL GLASS moved surface=19 x=370 y=188 client=3
KWL TOUCH title held window=3:19 contact=0 x=1011 y=157
KWL TOUCH title tap contact=0 x=1011 y=157
KWL GLASS double-click wait surface=19
KWL GLASS dock surface=19 via=double-click buttons=1892,1858,1824 title=60 x=8 y=52 w=1904 h=1220 client=3
KWL CONFIGURE client=3 surface=19 serial=24 width=1904 height=1220 fullscreen=0
KWL LAYOUT mode=docked reason=double-click at_ms=627444
KWL LAYOUT windows desktop=2 mode=docked floating=0 docked=1 dock_hidden=0 minimized=0 fullscreen=0
KWL IMPORT client=3 buffer=88 width=1904 height=1220 bytes=9293824
KWL IMPORT client=3 buffer=89 width=1904 height=1220 bytes=9293824
KWL IMPORT client=3 buffer=90 width=1904 height=1220 bytes=9293824
KWL IME indicator x=1562 label=A
ZSETTINGS LAYOUT page=languages controls=8
ZSETTINGS CONTROL index=9002 x=1813 y=28 width=59 height=32
ZSETTINGS CONTROL index=2 x=1806 y=170 width=52 height=32
ZSETTINGS CONTROL index=3 x=1806 y=230 width=52 height=32
ZSETTINGS CONTROL index=1 x=1806 y=290 width=52 height=32
ZSETTINGS CONTROL index=4 x=1806 y=428 width=52 height=32
ZSETTINGS CONTROL index=5 x=1806 y=476 width=52 height=32
ZSETTINGS CONTROL index=9000 x=24 y=1172 width=61 height=32
ZSETTINGS CONTROL index=9001 x=1818 y=1172 width=62 height=32
ZSETTINGS GLASS panels count=1
KWL GLASS client=3 surface=19 panels=1 card:0,0,1904,1220,16
KWL GLASS resized surface=19 docked=1 width=1904 height=1220 after_ms=63 acked_ms=20 committed_ms=63 sent_at_ms=627444 client=3
KWL IME indicator x=1536 label=A
KWL IME indicator x=1510 label=A
KWL TOUCH down client=3 surface=19 contact=0 x=989 y=164
KWL TITLEBAR control client=3 surface=19 where=docked id=1 x=175 y=8 width=28 height=28 shown=1
KWL TITLEBAR control client=3 surface=19 where=docked id=2 x=207 y=8 width=28 height=28 shown=1
KWL TITLEBAR control client=3 surface=19 where=docked id=3 x=239 y=8 width=28 height=28 shown=1
KWL TITLEBAR control client=3 surface=19 where=docked id=4 x=277 y=8 width=168 height=28 shown=1
KWL TITLEBAR control client=3 surface=19 where=docked id=5 x=1051 y=8 width=220 height=28 shown=1
KWL TITLEBAR control client=3 surface=19 where=docked id=6 x=1275 y=8 width=28 height=28 shown=1
KWL TITLEBAR control client=3 surface=19 where=docked id=0 x=1313 y=8 width=28 height=28 shown=1
KWL IME indicator x=1505 label=A
KWL TITLEBAR control client=3 surface=19 where=docked id=1 x=175 y=8 width=28 height=28 shown=1
KWL TITLEBAR control client=3 surface=19 where=docked id=2 x=207 y=8 width=28 height=28 shown=1
KWL TITLEBAR control client=3 surface=19 where=docked id=3 x=239 y=8 width=28 height=28 shown=1
KWL TITLEBAR control client=3 surface=19 where=docked id=4 x=277 y=8 width=168 height=28 shown=1
KWL TITLEBAR control client=3 surface=19 where=docked id=5 x=1050 y=8 width=220 height=28 shown=1
KWL TITLEBAR control client=3 surface=19 where=docked id=6 x=1274 y=8 width=28 height=28 shown=1
KWL TITLEBAR control client=3 surface=19 where=docked id=0 x=1312 y=8 width=28 height=28 shown=1
KWL IME indicator x=1504 label=A
KWL SYSTEM result client=3 object=42 request=593 applied=0
KWL TOUCH shell contact=0 x=920 y=41
KWL GLASS undock surface=19 via=double-click x=370 y=188 client=3
KWL BOUNDS client=3 surface=19 width=1896 height=1160
KWL CONFIGURE client=3 surface=19 serial=27 width=1180 height=800 fullscreen=0
KWL LAYOUT mode=windowed reason=double-click at_ms=628369
KWL LAYOUT leave via=double-click front=19 quiet=0
KWL LAYOUT windows desktop=2 mode=windowed floating=1 docked=0 dock_hidden=0 minimized=0 fullscreen=0
KWL TOUCH shell contact=0 x=926 y=34
KWL IMPORT client=3 buffer=94 width=1180 height=800 bytes=3776512
KWL IMPORT client=3 buffer=95 width=1180 height=800 bytes=3776512
KWL IMPORT client=3 buffer=96 width=1180 height=800 bytes=3776512
ZSETTINGS LAYOUT page=languages controls=8
ZSETTINGS CONTROL index=9002 x=1089 y=28 width=59 height=32
ZSETTINGS CONTROL index=2 x=1082 y=170 width=52 height=32
ZSETTINGS CONTROL index=3 x=1082 y=230 width=52 height=32
ZSETTINGS CONTROL index=1 x=1082 y=290 width=52 height=32
ZSETTINGS CONTROL index=4 x=1082 y=428 width=52 height=32
ZSETTINGS CONTROL index=5 x=1082 y=476 width=52 height=32
ZSETTINGS CONTROL index=9000 x=24 y=752 width=61 height=32
ZSETTINGS CONTROL index=9001 x=1094 y=752 width=62 height=32
ZSETTINGS GLASS panels count=1
KWL IME indicator x=1552 label=A
KWL GLASS client=3 surface=19 panels=1 card:0,0,1180,800,16
KWL GLASS resized surface=19 docked=0 width=1180 height=800 after_ms=46 acked_ms=46 committed_ms=46 sent_at_ms=628369 client=3
KWL IME indicator x=1573 label=A
KWL IME indicator x=1595 label=A
KWL IME indicator x=1604 label=A
KWL IME indicator x=1615 label=A
KWL IME indicator x=1621 label=A
KWL IME indicator x=1622 label=A
KWL TOUCH title held window=3:19 contact=0 x=987 y=160
KWL SYSTEM result client=3 object=42 request=594 applied=0
KWL TOUCH title tap contact=0 x=987 y=160
KWL GLASS moved surface=19 x=370 y=188 client=3
KWL TOUCH title held window=3:19 contact=0 x=991 y=171
KWL GLASS double-click wait surface=19
KWL TOUCH title drag contact=0 x=991 y=171
ZSETTINGS LOOK picture path=/usr/share/keiland/wallpaper.png error=0 ms=3697
KWL SYSTEM result client=3 object=42 request=595 applied=0
KWL GLASS double-click moved surface=19
KWL GLASS moved surface=19 x=241 y=256 client=3
KWL PERF 5004ms: passes=506 timeouts=331 | poll 70.4% work 29.1%
KWL PERF compose frames=79 draw_ms=16.90 (acquire 0.97 submit+present 15.32) frame_ms=17.69
KWL TOUCH title held window=3:19 contact=0 x=886 y=234
KWL TOUCH title tap contact=0 x=886 y=234
KWL GLASS moved surface=19 x=241 y=256 client=3
KWL TOUCH title held window=3:19 contact=0 x=891 y=232
KWL GLASS double-click wait surface=19
KWL TOUCH title drag contact=0 x=891 y=232
KWL SYSTEM result client=3 object=42 request=596 applied=0
ZSETTINGS LOOK picture path=/usr/share/keiland/wallpapers/Aurora.png error=0 ms=1638
ZSETTINGS LOOK picture path=/usr/share/keiland/wallpapers/Birch-Lake.png error=0 ms=463
KWL GLASS double-click moved surface=19
KWL GLASS moved surface=19 x=207 y=257 client=3
KWL SYSTEM result client=3 object=42 request=597 applied=0
ZSETTINGS LOOK picture path=/usr/share/keiland/wallpapers/Lagoon.png error=0 ms=434
KWL TOUCH title held window=3:19 contact=0 x=850 y=225
KWL TOUCH title tap contact=0 x=850 y=225
KWL GLASS moved surface=19 x=207 y=257 client=3
KWL TOUCH title held window=3:19 contact=0 x=849 y=222
KWL TOUCH title tap contact=0 x=849 y=222
KWL GLASS double-click wait surface=19
KWL GLASS dock surface=19 via=double-click buttons=1892,1858,1824 title=60 x=8 y=52 w=1904 h=1220 client=3
KWL CONFIGURE client=3 surface=19 serial=28 width=1904 height=1220 fullscreen=0
KWL LAYOUT mode=docked reason=double-click at_ms=632688
KWL LAYOUT windows desktop=2 mode=docked floating=0 docked=1 dock_hidden=0 minimized=0 fullscreen=0
ZSETTINGS LOOK picture path=/usr/share/keiland/wallpapers/Lakeside.png error=0 ms=263
KWL IMPORT client=3 buffer=102 width=1904 height=1220 bytes=9293824
KWL IMPORT client=3 buffer=103 width=1904 height=1220 bytes=9293824
KWL IMPORT client=3 buffer=104 width=1904 height=1220 bytes=9293824
KWL IME indicator x=1572 label=A
KWL IME indicator x=1527 label=A
ZSETTINGS LAYOUT page=languages controls=8
ZSETTINGS CONTROL index=9002 x=1813 y=28 width=59 height=32
ZSETTINGS CONTROL index=2 x=1806 y=170 width=52 height=32
ZSETTINGS CONTROL index=3 x=1806 y=230 width=52 height=32
ZSETTINGS CONTROL index=1 x=1806 y=290 width=52 height=32
ZSETTINGS CONTROL index=4 x=1806 y=428 width=52 height=32
ZSETTINGS CONTROL index=5 x=1806 y=476 width=52 height=32
ZSETTINGS CONTROL index=9000 x=24 y=1172 width=61 height=32
ZSETTINGS CONTROL index=9001 x=1818 y=1172 width=62 height=32
ZSETTINGS GLASS panels count=1
KWL GLASS client=3 surface=19 panels=1 card:0,0,1904,1220,16
KWL GLASS resized surface=19 docked=1 width=1904 height=1220 after_ms=105 acked_ms=21 committed_ms=104 sent_at_ms=632688 client=3
KWL IME indicator x=1513 label=A
KWL TITLEBAR control client=3 surface=19 where=docked id=1 x=175 y=8 width=28 height=28 shown=1
KWL TITLEBAR control client=3 surface=19 where=docked id=2 x=207 y=8 width=28 height=28 shown=1
KWL TITLEBAR control client=3 surface=19 where=docked id=3 x=239 y=8 width=28 height=28 shown=1
KWL TITLEBAR control client=3 surface=19 where=docked id=4 x=277 y=8 width=168 height=28 shown=1
KWL TITLEBAR control client=3 surface=19 where=docked id=5 x=1052 y=8 width=220 height=28 shown=1
KWL TITLEBAR control client=3 surface=19 where=docked id=6 x=1276 y=8 width=28 height=28 shown=1
KWL TITLEBAR control client=3 surface=19 where=docked id=0 x=1314 y=8 width=28 height=28 shown=1
KWL IME indicator x=1506 label=A
KWL TITLEBAR control client=3 surface=19 where=docked id=1 x=175 y=8 width=28 height=28 shown=1
KWL TITLEBAR control client=3 surface=19 where=docked id=2 x=207 y=8 width=28 height=28 shown=1
KWL TITLEBAR control client=3 surface=19 where=docked id=3 x=239 y=8 width=28 height=28 shown=1
KWL TITLEBAR control client=3 surface=19 where=docked id=4 x=277 y=8 width=168 height=28 shown=1
KWL TITLEBAR control client=3 surface=19 where=docked id=5 x=1050 y=8 width=220 height=28 shown=1
KWL TITLEBAR control client=3 surface=19 where=docked id=6 x=1274 y=8 width=28 height=28 shown=1
KWL TITLEBAR control client=3 surface=19 where=docked id=0 x=1312 y=8 width=28 height=28 shown=1
KWL IME indicator x=1504 label=A
ZSETTINGS LOOK picture path=/usr/share/keiland/wallpapers/Meadow.png error=0 ms=413
KWL DESKTOP focus client=2 surface=19
KWL IME app key=desktop language=direct from=desktop
KWL TOUCH down client=2 surface=19 contact=0 x=874 y=44
KWL SYSTEM result client=3 object=42 request=598 applied=0
KWL TOUCH shell contact=0 x=898 y=34
ZSETTINGS LOOK picture path=/usr/share/keiland/wallpapers/Twilight.png error=0 ms=313
ZSETTINGS LOOK pictures ready count=7
KWL GLASS undock surface=19 via=pull x=348 y=136 client=3
KWL BOUNDS client=3 surface=19 width=1896 height=1160
KWL CONFIGURE client=3 surface=19 serial=36 width=1180 height=800 fullscreen=0
KWL LAYOUT mode=windowed reason=pull at_ms=633520
KWL LAYOUT leave via=pull front=19 quiet=0
KWL LAYOUT windows desktop=2 mode=windowed floating=1 docked=0 dock_hidden=0 minimized=0 fullscreen=0
KWL IME indicator x=1531 label=A
KWL IMPORT client=3 buffer=110 width=1180 height=800 bytes=3776512
KWL IME indicator x=1556 label=A
KWL IMPORT client=3 buffer=111 width=1180 height=800 bytes=3776512
KWL IME indicator x=1574 label=A
ZSETTINGS LAYOUT page=languages controls=8
ZSETTINGS CONTROL index=9002 x=1089 y=28 width=59 height=32
ZSETTINGS CONTROL index=2 x=1082 y=170 width=52 height=32
ZSETTINGS CONTROL index=3 x=1082 y=230 width=52 height=32
ZSETTINGS CONTROL index=1 x=1082 y=290 width=52 height=32
ZSETTINGS CONTROL index=4 x=1082 y=428 width=52 height=32
ZSETTINGS CONTROL index=5 x=1082 y=476 width=52 height=32
ZSETTINGS CONTROL index=9000 x=24 y=752 width=61 height=32
ZSETTINGS CONTROL index=9001 x=1094 y=752 width=62 height=32
ZSETTINGS GLASS panels count=1
KWL IMPORT client=3 buffer=112 width=1180 height=800 bytes=3776512
KWL GLASS client=3 surface=19 panels=1 card:0,0,1180,800,16
KWL GLASS resized surface=19 docked=0 width=1180 height=800 after_ms=71 acked_ms=71 committed_ms=71 sent_at_ms=633520 client=3
KWL IME indicator x=1596 label=A
KWL GLASS moved surface=19 x=364 y=306 client=3
KWL IME indicator x=1607 label=A
KWL IME indicator x=1617 label=A
KWL IME indicator x=1622 label=A
KWL TOUCH title held window=3:19 contact=0 x=933 y=289
KWL IME app key=app:settings language=direct from=remembered
KWL DESKTOP unfocus via=press
KWL TOUCH title drag contact=0 x=933 y=289
KWL SYSTEM result client=3 object=42 request=599 applied=0
KWL GLASS dock surface=19 via=drag buttons=1892,1858,1824 title=60 x=8 y=52 w=1904 h=1220 client=3
KWL CONFIGURE client=3 surface=19 serial=42 width=1904 height=1220 fullscreen=0
KWL LAYOUT mode=docked reason=drag at_ms=634496
KWL LAYOUT windows desktop=2 mode=docked floating=0 docked=1 dock_hidden=0 minimized=0 fullscreen=0
KWL IMPORT client=3 buffer=115 width=1904 height=1220 bytes=9293824
KWL IME indicator x=1581 label=A
KWL IMPORT client=3 buffer=116 width=1904 height=1220 bytes=9293824
KWL IMPORT client=3 buffer=117 width=1904 height=1220 bytes=9293824
KWL IME indicator x=1536 label=A
ZSETTINGS LAYOUT page=languages controls=8
ZSETTINGS CONTROL index=9002 x=1813 y=28 width=59 height=32
ZSETTINGS CONTROL index=2 x=1806 y=170 width=52 height=32
ZSETTINGS CONTROL index=3 x=1806 y=230 width=52 height=32
ZSETTINGS CONTROL index=1 x=1806 y=290 width=52 height=32
ZSETTINGS CONTROL index=4 x=1806 y=428 width=52 height=32
ZSETTINGS CONTROL index=5 x=1806 y=476 width=52 height=32
ZSETTINGS CONTROL index=9000 x=24 y=1172 width=61 height=32
ZSETTINGS CONTROL index=9001 x=1818 y=1172 width=62 height=32
ZSETTINGS GLASS panels count=1
KWL IME indicator x=1513 label=A
KWL GLASS client=3 surface=19 panels=1 card:0,0,1904,1220,16
KWL GLASS resized surface=19 docked=1 width=1904 height=1220 after_ms=127 acked_ms=22 committed_ms=126 sent_at_ms=634496 client=3
KWL TITLEBAR control client=3 surface=19 where=docked id=1 x=175 y=8 width=28 height=28 shown=1
KWL TITLEBAR control client=3 surface=19 where=docked id=2 x=207 y=8 width=28 height=28 shown=1
KWL TITLEBAR control client=3 surface=19 where=docked id=3 x=239 y=8 width=28 height=28 shown=1
KWL TITLEBAR control client=3 surface=19 where=docked id=4 x=277 y=8 width=168 height=28 shown=1
KWL TITLEBAR control client=3 surface=19 where=docked id=5 x=1053 y=8 width=220 height=28 shown=1
KWL TITLEBAR control client=3 surface=19 where=docked id=6 x=1277 y=8 width=28 height=28 shown=1
KWL TITLEBAR control client=3 surface=19 where=docked id=0 x=1315 y=8 width=28 height=28 shown=1
KWL IME indicator x=1507 label=A
KWL TITLEBAR control client=3 surface=19 where=docked id=1 x=175 y=8 width=28 height=28 shown=1
KWL TITLEBAR control client=3 surface=19 where=docked id=2 x=207 y=8 width=28 height=28 shown=1
KWL TITLEBAR control client=3 surface=19 where=docked id=3 x=239 y=8 width=28 height=28 shown=1
KWL TITLEBAR control client=3 surface=19 where=docked id=4 x=277 y=8 width=168 height=28 shown=1
KWL TITLEBAR control client=3 surface=19 where=docked id=5 x=1050 y=8 width=220 height=28 shown=1
KWL TITLEBAR control client=3 surface=19 where=docked id=6 x=1274 y=8 width=28 height=28 shown=1
KWL TITLEBAR control client=3 surface=19 where=docked id=0 x=1312 y=8 width=28 height=28 shown=1
KWL IME indicator x=1504 label=A
ZFILES TOUCH tap x=875 y=1 caught=0
ZFILES TOUCH rest area=1 scroll=0
ZFILES DESKTOP band start x=874 y=0
ZFILES DESKTOP band end first=-1
KWL TOUCH shell contact=0 x=877 y=19
KWL GLASS undock surface=19 via=pull x=336 y=109 client=3
KWL BOUNDS client=3 surface=19 width=1896 height=1160
KWL CONFIGURE client=3 surface=19 serial=43 width=1180 height=800 fullscreen=0
KWL LAYOUT mode=windowed reason=pull at_ms=635507
KWL LAYOUT leave via=pull front=19 quiet=0
KWL LAYOUT windows desktop=2 mode=windowed floating=1 docked=0 dock_hidden=0 minimized=0 fullscreen=0
KWL IME indicator x=1533 label=A
KWL PERF 5002ms: passes=454 timeouts=259 | poll 57.5% work 41.9%
KWL PERF compose frames=111 draw_ms=17.66 (acquire 1.02 submit+present 16.05) frame_ms=18.26
KWL SYSTEM result client=3 object=42 request=600 applied=0
KWL IMPORT client=3 buffer=119 width=1180 height=800 bytes=3776512
KWL IME indicator x=1559 label=A
ZSETTINGS LAYOUT page=languages controls=8
ZSETTINGS CONTROL index=9002 x=1089 y=28 width=59 height=32
ZSETTINGS CONTROL index=2 x=1082 y=170 width=52 height=32
ZSETTINGS CONTROL index=3 x=1082 y=230 width=52 height=32
ZSETTINGS CONTROL index=1 x=1082 y=290 width=52 height=32
ZSETTINGS CONTROL index=4 x=1082 y=428 width=52 height=32
ZSETTINGS CONTROL index=5 x=1082 y=476 width=52 height=32
ZSETTINGS CONTROL index=9000 x=24 y=752 width=61 height=32
ZSETTINGS CONTROL index=9001 x=1094 y=752 width=62 height=32
ZSETTINGS GLASS panels count=1
KWL IMPORT client=3 buffer=120 width=1180 height=800 bytes=3776512
KWL IME indicator x=1578 label=A
KWL IMPORT client=3 buffer=121 width=1180 height=800 bytes=3776512
KWL GLASS client=3 surface=19 panels=1 card:0,0,1180,800,16
KWL GLASS resized surface=19 docked=0 width=1180 height=800 after_ms=73 acked_ms=72 committed_ms=72 sent_at_ms=635507 client=3
KWL IME indicator x=1597 label=A
KWL GLASS moved surface=19 x=328 y=382 client=3
KWL IME indicator x=1610 label=A
KWL IME indicator x=1618 label=A
KWL IME indicator x=1621 label=A
KWL IME indicator x=1622 label=A
KWL TOUCH shell contact=0 x=909 y=34
KWL SYSTEM result client=3 object=42 request=601 applied=0
KWL SYSTEM result client=3 object=42 request=602 applied=0
KWL SYSTEM result client=3 object=42 request=603 applied=0
KWL TOUCH shell contact=0 x=897 y=19
KWL SYSTEM result client=3 object=42 request=604 applied=0
KWL PERF 5002ms: passes=496 timeouts=476 | poll 93.5% work 6.1%
KWL PERF compose frames=16 draw_ms=14.84 (acquire 0.44 submit+present 13.98) frame_ms=17.20
KWL SYSTEM result client=3 object=42 request=605 applied=0
KWL SYSTEM result client=3 object=42 request=606 applied=0
KWL SYSTEM result client=3 object=42 request=607 applied=0
KWL SYSTEM result client=3 object=42 request=608 applied=0
KWL SYSTEM result client=3 object=42 request=609 applied=0
KWL PERF 5000ms: passes=505 timeouts=484 | poll 95.0% work 4.6%
KWL PERF compose frames=12 draw_ms=14.37 (acquire 0.10 submit+present 13.80) frame_ms=16.10
KWL TOUCH title held window=3:19 contact=0 x=942 y=368
KWL SYSTEM result client=3 object=42 request=610 applied=0
KWL TOUCH title tap contact=0 x=942 y=368
KWL GLASS double-click wait surface=19
KWL GLASS dock surface=19 via=double-click buttons=1892,1858,1824 title=60 x=8 y=52 w=1904 h=1220 client=3
KWL CONFIGURE client=3 surface=19 serial=44 width=1904 height=1220 fullscreen=0
KWL LAYOUT mode=docked reason=double-click at_ms=645756
KWL LAYOUT windows desktop=2 mode=docked floating=0 docked=1 dock_hidden=0 minimized=0 fullscreen=0
KWL IMPORT client=3 buffer=123 width=1904 height=1220 bytes=9293824
KWL IMPORT client=3 buffer=124 width=1904 height=1220 bytes=9293824
KWL IMPORT client=3 buffer=125 width=1904 height=1220 bytes=9293824
KWL IME indicator x=1566 label=A
ZSETTINGS LAYOUT page=languages controls=8
ZSETTINGS CONTROL index=9002 x=1813 y=28 width=59 height=32
ZSETTINGS CONTROL index=2 x=1806 y=170 width=52 height=32
ZSETTINGS CONTROL index=3 x=1806 y=230 width=52 height=32
ZSETTINGS CONTROL index=1 x=1806 y=290 width=52 height=32
ZSETTINGS CONTROL index=4 x=1806 y=428 width=52 height=32
ZSETTINGS CONTROL index=5 x=1806 y=476 width=52 height=32
ZSETTINGS CONTROL index=9000 x=24 y=1172 width=61 height=32
ZSETTINGS CONTROL index=9001 x=1818 y=1172 width=62 height=32
ZSETTINGS GLASS panels count=1
KWL IME indicator x=1532 label=A
KWL GLASS client=3 surface=19 panels=1 card:0,0,1904,1220,16
KWL GLASS resized surface=19 docked=1 width=1904 height=1220 after_ms=91 acked_ms=18 committed_ms=91 sent_at_ms=645756 client=3
KWL IME indicator x=1518 label=A
KWL TITLEBAR control client=3 surface=19 where=docked id=1 x=175 y=8 width=28 height=28 shown=1
KWL TITLEBAR control client=3 surface=19 where=docked id=2 x=207 y=8 width=28 height=28 shown=1
KWL TITLEBAR control client=3 surface=19 where=docked id=3 x=239 y=8 width=28 height=28 shown=1
KWL TITLEBAR control client=3 surface=19 where=docked id=4 x=277 y=8 width=168 height=28 shown=1
KWL TITLEBAR control client=3 surface=19 where=docked id=5 x=1054 y=8 width=220 height=28 shown=1
KWL TITLEBAR control client=3 surface=19 where=docked id=6 x=1278 y=8 width=28 height=28 shown=1
KWL TITLEBAR control client=3 surface=19 where=docked id=0 x=1316 y=8 width=28 height=28 shown=1
KWL IME indicator x=1508 label=A
KWL TITLEBAR control client=3 surface=19 where=docked id=1 x=175 y=8 width=28 height=28 shown=1
KWL TITLEBAR control client=3 surface=19 where=docked id=2 x=207 y=8 width=28 height=28 shown=1
KWL TITLEBAR control client=3 surface=19 where=docked id=3 x=239 y=8 width=28 height=28 shown=1
KWL TITLEBAR control client=3 surface=19 where=docked id=4 x=277 y=8 width=168 height=28 shown=1
KWL TITLEBAR control client=3 surface=19 where=docked id=5 x=1050 y=8 width=220 height=28 shown=1
KWL TITLEBAR control client=3 surface=19 where=docked id=6 x=1274 y=8 width=28 height=28 shown=1
KWL TITLEBAR control client=3 surface=19 where=docked id=0 x=1312 y=8 width=28 height=28 shown=1
KWL IME indicator x=1504 label=A
KWL TOUCH down client=3 surface=19 contact=0 x=986 y=897
KWL SYSTEM result client=3 object=42 request=611 applied=0
KWL SYSTEM result client=3 object=42 request=612 applied=0
ZSETTINGS TOUCH scroll start pane=page
ZSETTINGS TOUCH scroll end pane=page scroll=0
KWL TOUCH shell contact=0 x=255 y=33
KWL TITLEBAR activate client=3 id=3 detail=0 serial=47 via=pointer
ZSETTINGS TITLEBAR activated id=3 detail=0
ZSETTINGS WELCOME left page=home
ZSETTINGS PAGE home
ZSETTINGS TITLEBAR state back=1 forward=0 parts=1 last=Settings sidebar=1 query= focus=0
ZSETTINGS MENU state back=1 forward=0 sidebar=1 page=home
ZSETTINGS MACHINE query request=614 parts=2
ZSETTINGS LAYOUT page=home controls=0
ZSETTINGS GLASS panels count=2
KWL TITLEBAR commit client=3 titlebar=69 serial=13 mode=1 controls=6 tabs=0 generation=13
KWL TITLEBAR commit client=3 titlebar=69 serial=14 mode=1 controls=6 tabs=0 generation=14
KWL TITLEBAR commit client=3 titlebar=69 serial=15 mode=1 controls=6 tabs=0 generation=15
KWL TITLEBAR commit client=3 titlebar=69 serial=16 mode=1 controls=6 tabs=0 generation=16
KWL MENU commit client=3 menu=67 serial=9 items=41 generation=9
KWL MENU commit client=3 menu=67 serial=10 items=41 generation=10
KWL MENU commit client=3 menu=67 serial=11 items=41 generation=11
KWL SYSTEM machine query client=3 request=614 what=2
KWL TITLEBAR control client=3 surface=19 where=docked id=1 x=175 y=8 width=28 height=28 shown=1
KWL TITLEBAR control client=3 surface=19 where=docked id=2 x=207 y=8 width=28 height=28 shown=1
KWL TITLEBAR control client=3 surface=19 where=docked id=3 x=239 y=8 width=28 height=28 shown=1
KWL TITLEBAR control client=3 surface=19 where=docked id=4 x=277 y=8 width=72 height=28 shown=1
KWL TITLEBAR control client=3 surface=19 where=docked id=5 x=1050 y=8 width=220 height=28 shown=1
KWL TITLEBAR control client=3 surface=19 where=docked id=6 x=1274 y=8 width=28 height=28 shown=1
KWL TITLEBAR control client=3 surface=19 where=docked id=0 x=1312 y=8 width=28 height=28 shown=1
KWL SYSTEM result client=3 object=42 request=613 applied=0
KWL SYSTEM machine answer client=3 request=614 what=2 result=0 users=0 filesystems=2 skipped=0 mounts=0 mounts_skipped=0
KWL GLASS client=3 surface=19 panels=2 card:0,0,248,1220,16 card:256,0,1648,1220,16
ZSETTINGS MACHINE result request=614 errno=0
KWL SYSTEM result client=3 object=42 request=615 applied=0
KWL PERF 5009ms: passes=496 timeouts=446 | poll 91.6% work 8.0%
KWL PERF compose frames=17 draw_ms=19.64 (acquire 0.10 submit+present 19.08) frame_ms=21.59
ZSETTINGS MACHINE query request=616 parts=2
KWL SYSTEM machine query client=3 request=616 what=2
KWL SYSTEM machine answer client=3 request=616 what=2 result=0 users=0 filesystems=2 skipped=0 mounts=0 mounts_skipped=0
ZSETTINGS MACHINE result request=616 errno=0
KWL SYSTEM result client=3 object=42 request=617 applied=0
KWL TOUCH down client=3 surface=19 contact=0 x=414 y=213
ZSETTINGS PAGE wifi
ZSETTINGS NETWORK scanning on=1 renew=0 errno=0
ZSETTINGS TITLEBAR state back=1 forward=0 parts=2 last=Wi-Fi sidebar=1 query= focus=0
ZSETTINGS MENU state back=1 forward=0 sidebar=1 page=wifi
ZSETTINGS LAYOUT page=wifi controls=21
ZSETTINGS CONTROL index=1 x=1806 y=113 width=52 height=32
ZSETTINGS CONTROL index=100 x=298 y=251 width=1564 height=46
ZSETTINGS CONTROL index=101 x=298 y=301 width=1564 height=46
ZSETTINGS CONTROL index=102 x=298 y=351 width=1564 height=46
ZSETTINGS CONTROL index=103 x=298 y=401 width=1564 height=46
ZSETTINGS CONTROL index=104 x=298 y=451 width=1564 height=46
ZSETTINGS CONTROL index=105 x=298 y=501 width=1564 height=46
ZSETTINGS CONTROL index=106 x=298 y=551 width=1564 height=46
ZSETTINGS CONTROL index=107 x=298 y=601 width=1564 height=46
ZSETTINGS CONTROL index=108 x=298 y=651 width=1564 height=46
ZSETTINGS CONTROL index=109 x=298 y=701 width=1564 height=46
ZSETTINGS CONTROL index=110 x=298 y=751 width=1564 height=46
ZSETTINGS CONTROL index=111 x=298 y=801 width=1564 height=46
ZSETTINGS CONTROL index=112 x=298 y=851 width=1564 height=46
ZSETTINGS CONTROL index=113 x=298 y=901 width=1564 height=46
ZSETTINGS CONTROL index=114 x=298 y=951 width=1564 height=46
ZSETTINGS CONTROL index=115 x=298 y=1001 width=1564 height=46
ZSETTINGS CONTROL index=116 x=298 y=1051 width=1564 height=46
ZSETTINGS CONTROL index=117 x=298 y=1101 width=1564 height=46
ZSETTINGS CONTROL index=118 x=298 y=1151 width=1564 height=46
ZSETTINGS CONTROL index=119 x=298 y=1201 width=1564 height=46
KWL NETWORK scan holders=1
KWL SYSTEM scanning client=3 id=42 on=1
KWL TITLEBAR commit client=3 titlebar=69 serial=17 mode=1 controls=6 tabs=0 generation=17
KWL TITLEBAR commit client=3 titlebar=69 serial=18 mode=1 controls=6 tabs=0 generation=18
KWL MENU commit client=3 menu=67 serial=12 items=41 generation=12
KWL TITLEBAR control client=3 surface=19 where=docked id=1 x=175 y=8 width=28 height=28 shown=1
KWL TITLEBAR control client=3 surface=19 where=docked id=2 x=207 y=8 width=28 height=28 shown=1
KWL TITLEBAR control client=3 surface=19 where=docked id=3 x=239 y=8 width=28 height=28 shown=1
KWL TITLEBAR control client=3 surface=19 where=docked id=4 x=277 y=8 width=132 height=28 shown=1
KWL TITLEBAR control client=3 surface=19 where=docked id=5 x=1050 y=8 width=220 height=28 shown=1
KWL TITLEBAR control client=3 surface=19 where=docked id=6 x=1274 y=8 width=28 height=28 shown=1
KWL TITLEBAR control client=3 surface=19 where=docked id=0 x=1312 y=8 width=28 height=28 shown=1
KWL NETWORK state reachable=1 connected=0 kind=none interface= wifi=searching ssid=
KWL NETWORK scan count=18
ZSETTINGS NETWORK scan count=18
ZSETTINGS LAYOUT page=wifi controls=19
ZSETTINGS CONTROL index=1 x=1806 y=113 width=52 height=32
ZSETTINGS CONTROL index=100 x=298 y=251 width=1564 height=46
ZSETTINGS CONTROL index=101 x=298 y=301 width=1564 height=46
ZSETTINGS CONTROL index=102 x=298 y=351 width=1564 height=46
ZSETTINGS CONTROL index=103 x=298 y=401 width=1564 height=46
ZSETTINGS CONTROL index=104 x=298 y=451 width=1564 height=46
ZSETTINGS CONTROL index=105 x=298 y=501 width=1564 height=46
ZSETTINGS CONTROL index=106 x=298 y=551 width=1564 height=46
ZSETTINGS CONTROL index=107 x=298 y=601 width=1564 height=46
ZSETTINGS CONTROL index=108 x=298 y=651 width=1564 height=46
ZSETTINGS CONTROL index=109 x=298 y=701 width=1564 height=46
ZSETTINGS CONTROL index=110 x=298 y=751 width=1564 height=46
ZSETTINGS CONTROL index=111 x=298 y=801 width=1564 height=46
ZSETTINGS CONTROL index=112 x=298 y=851 width=1564 height=46
ZSETTINGS CONTROL index=113 x=298 y=901 width=1564 height=46
ZSETTINGS CONTROL index=114 x=298 y=951 width=1564 height=46
ZSETTINGS CONTROL index=115 x=298 y=1001 width=1564 height=46
ZSETTINGS CONTROL index=116 x=298 y=1051 width=1564 height=46
ZSETTINGS CONTROL index=117 x=298 y=1101 width=1564 height=46
KWL TOUCH down client=3 surface=19 contact=0 x=831 y=895
KWL SYSTEM result client=3 object=42 request=618 applied=0
ZSETTINGS MACHINE query request=619 parts=2
KWL SYSTEM machine query client=3 request=619 what=2
KWL SYSTEM machine answer client=3 request=619 what=2 result=0 users=0 filesystems=2 skipped=0 mounts=0 mounts_skipped=0
ZSETTINGS MACHINE result request=619 errno=0
KWL SYSTEM result client=3 object=42 request=620 applied=0
ZSETTINGS TOUCH scroll start pane=page
ZSETTINGS LAYOUT page=wifi controls=19
ZSETTINGS CONTROL index=1 x=1806 y=109 width=52 height=32
ZSETTINGS CONTROL index=100 x=298 y=247 width=1564 height=46
ZSETTINGS CONTROL index=101 x=298 y=297 width=1564 height=46
ZSETTINGS CONTROL index=102 x=298 y=347 width=1564 height=46
ZSETTINGS CONTROL index=103 x=298 y=397 width=1564 height=46
ZSETTINGS CONTROL index=104 x=298 y=447 width=1564 height=46
ZSETTINGS CONTROL index=105 x=298 y=497 width=1564 height=46
ZSETTINGS CONTROL index=106 x=298 y=547 width=1564 height=46
ZSETTINGS CONTROL index=107 x=298 y=597 width=1564 height=46
ZSETTINGS CONTROL index=108 x=298 y=647 width=1564 height=46
ZSETTINGS CONTROL index=109 x=298 y=697 width=1564 height=46
ZSETTINGS CONTROL index=110 x=298 y=747 width=1564 height=46
ZSETTINGS CONTROL index=111 x=298 y=797 width=1564 height=46
ZSETTINGS CONTROL index=112 x=298 y=847 width=1564 height=46
ZSETTINGS CONTROL index=113 x=298 y=897 width=1564 height=46
ZSETTINGS CONTROL index=114 x=298 y=947 width=1564 height=46
ZSETTINGS CONTROL index=115 x=298 y=997 width=1564 height=46
ZSETTINGS CONTROL index=116 x=298 y=1047 width=1564 height=46
ZSETTINGS CONTROL index=117 x=298 y=1097 width=1564 height=46
KWL NETWORK scan count=20
ZSETTINGS NETWORK scan count=20
KWL SYSTEM result client=3 object=42 request=621 applied=0
ZSETTINGS LAYOUT page=wifi controls=21
ZSETTINGS CONTROL index=1 x=1806 y=109 width=52 height=32
ZSETTINGS CONTROL index=100 x=298 y=247 width=1564 height=46
ZSETTINGS CONTROL index=101 x=298 y=297 width=1564 height=46
ZSETTINGS CONTROL index=102 x=298 y=347 width=1564 height=46
ZSETTINGS CONTROL index=103 x=298 y=397 width=1564 height=46
ZSETTINGS CONTROL index=104 x=298 y=447 width=1564 height=46
ZSETTINGS CONTROL index=105 x=298 y=497 width=1564 height=46
ZSETTINGS CONTROL index=106 x=298 y=547 width=1564 height=46
ZSETTINGS CONTROL index=107 x=298 y=597 width=1564 height=46
ZSETTINGS CONTROL index=108 x=298 y=647 width=1564 height=46
ZSETTINGS CONTROL index=109 x=298 y=697 width=1564 height=46
ZSETTINGS CONTROL index=110 x=298 y=747 width=1564 height=46
ZSETTINGS CONTROL index=111 x=298 y=797 width=1564 height=46
ZSETTINGS CONTROL index=112 x=298 y=847 width=1564 height=46
ZSETTINGS CONTROL index=113 x=298 y=897 width=1564 height=46
ZSETTINGS CONTROL index=114 x=298 y=947 width=1564 height=46
ZSETTINGS CONTROL index=115 x=298 y=997 width=1564 height=46
ZSETTINGS CONTROL index=116 x=298 y=1047 width=1564 height=46
ZSETTINGS CONTROL index=117 x=298 y=1097 width=1564 height=46
ZSETTINGS CONTROL index=118 x=298 y=1147 width=1564 height=46
ZSETTINGS CONTROL index=119 x=298 y=1197 width=1564 height=46
ZSETTINGS LAYOUT page=wifi controls=21
ZSETTINGS CONTROL index=1 x=1806 y=9 width=52 height=32
ZSETTINGS CONTROL index=100 x=298 y=147 width=1564 height=46
ZSETTINGS CONTROL index=101 x=298 y=197 width=1564 height=46
ZSETTINGS CONTROL index=102 x=298 y=247 width=1564 height=46
ZSETTINGS CONTROL index=103 x=298 y=297 width=1564 height=46
ZSETTINGS CONTROL index=104 x=298 y=347 width=1564 height=46
ZSETTINGS CONTROL index=105 x=298 y=397 width=1564 height=46
ZSETTINGS CONTROL index=106 x=298 y=447 width=1564 height=46
ZSETTINGS CONTROL index=107 x=298 y=497 width=1564 height=46
ZSETTINGS CONTROL index=108 x=298 y=547 width=1564 height=46
ZSETTINGS CONTROL index=109 x=298 y=597 width=1564 height=46
ZSETTINGS CONTROL index=110 x=298 y=647 width=1564 height=46
ZSETTINGS CONTROL index=111 x=298 y=697 width=1564 height=46
ZSETTINGS CONTROL index=112 x=298 y=747 width=1564 height=46
ZSETTINGS CONTROL index=113 x=298 y=797 width=1564 height=46
ZSETTINGS CONTROL index=114 x=298 y=847 width=1564 height=46
ZSETTINGS CONTROL index=115 x=298 y=897 width=1564 height=46
ZSETTINGS CONTROL index=116 x=298 y=947 width=1564 height=46
ZSETTINGS CONTROL index=117 x=298 y=997 width=1564 height=46
ZSETTINGS CONTROL index=118 x=298 y=1047 width=1564 height=46
ZSETTINGS CONTROL index=119 x=298 y=1097 width=1564 height=46
KWL PERF 5003ms: passes=536 timeouts=378 | poll 91.4% work 8.2%
KWL PERF compose frames=15 draw_ms=22.49 (acquire 0.05 submit+present 21.98) frame_ms=23.79
KWL SYSTEM result client=3 object=42 request=622 applied=0
ZSETTINGS LAYOUT page=wifi controls=21
ZSETTINGS CONTROL index=1 x=1806 y=41 width=52 height=32
ZSETTINGS CONTROL index=100 x=298 y=179 width=1564 height=46
ZSETTINGS CONTROL index=101 x=298 y=229 width=1564 height=46
ZSETTINGS CONTROL index=102 x=298 y=279 width=1564 height=46
ZSETTINGS CONTROL index=103 x=298 y=329 width=1564 height=46
ZSETTINGS CONTROL index=104 x=298 y=379 width=1564 height=46
ZSETTINGS CONTROL index=105 x=298 y=429 width=1564 height=46
ZSETTINGS CONTROL index=106 x=298 y=479 width=1564 height=46
ZSETTINGS CONTROL index=107 x=298 y=529 width=1564 height=46
ZSETTINGS CONTROL index=108 x=298 y=579 width=1564 height=46
ZSETTINGS CONTROL index=109 x=298 y=629 width=1564 height=46
ZSETTINGS CONTROL index=110 x=298 y=679 width=1564 height=46
ZSETTINGS CONTROL index=111 x=298 y=729 width=1564 height=46
ZSETTINGS CONTROL index=112 x=298 y=779 width=1564 height=46
ZSETTINGS CONTROL index=113 x=298 y=829 width=1564 height=46
ZSETTINGS CONTROL index=114 x=298 y=879 width=1564 height=46
ZSETTINGS CONTROL index=115 x=298 y=929 width=1564 height=46
ZSETTINGS CONTROL index=116 x=298 y=979 width=1564 height=46
ZSETTINGS CONTROL index=117 x=298 y=1029 width=1564 height=46
ZSETTINGS CONTROL index=118 x=298 y=1079 width=1564 height=46
ZSETTINGS CONTROL index=119 x=298 y=1129 width=1564 height=46
ZSETTINGS LAYOUT page=wifi controls=21
ZSETTINGS CONTROL index=1 x=1806 y=103 width=52 height=32
ZSETTINGS CONTROL index=100 x=298 y=241 width=1564 height=46
ZSETTINGS CONTROL index=101 x=298 y=291 width=1564 height=46
ZSETTINGS CONTROL index=102 x=298 y=341 width=1564 height=46
ZSETTINGS CONTROL index=103 x=298 y=391 width=1564 height=46
ZSETTINGS CONTROL index=104 x=298 y=441 width=1564 height=46
ZSETTINGS CONTROL index=105 x=298 y=491 width=1564 height=46
ZSETTINGS CONTROL index=106 x=298 y=541 width=1564 height=46
ZSETTINGS CONTROL index=107 x=298 y=591 width=1564 height=46
ZSETTINGS CONTROL index=108 x=298 y=641 width=1564 height=46
ZSETTINGS CONTROL index=109 x=298 y=691 width=1564 height=46
ZSETTINGS CONTROL index=110 x=298 y=741 width=1564 height=46
ZSETTINGS CONTROL index=111 x=298 y=791 width=1564 height=46
ZSETTINGS CONTROL index=112 x=298 y=841 width=1564 height=46
ZSETTINGS CONTROL index=113 x=298 y=891 width=1564 height=46
ZSETTINGS CONTROL index=114 x=298 y=941 width=1564 height=46
ZSETTINGS CONTROL index=115 x=298 y=991 width=1564 height=46
ZSETTINGS CONTROL index=116 x=298 y=1041 width=1564 height=46
ZSETTINGS CONTROL index=117 x=298 y=1091 width=1564 height=46
ZSETTINGS CONTROL index=118 x=298 y=1141 width=1564 height=46
ZSETTINGS CONTROL index=119 x=298 y=1191 width=1564 height=46
ZSETTINGS LAYOUT page=wifi controls=21
ZSETTINGS CONTROL index=1 x=1806 y=113 width=52 height=32
ZSETTINGS CONTROL index=100 x=298 y=251 width=1564 height=46
ZSETTINGS CONTROL index=101 x=298 y=301 width=1564 height=46
ZSETTINGS CONTROL index=102 x=298 y=351 width=1564 height=46
ZSETTINGS CONTROL index=103 x=298 y=401 width=1564 height=46
ZSETTINGS CONTROL index=104 x=298 y=451 width=1564 height=46
ZSETTINGS CONTROL index=105 x=298 y=501 width=1564 height=46
ZSETTINGS CONTROL index=106 x=298 y=551 width=1564 height=46
ZSETTINGS CONTROL index=107 x=298 y=601 width=1564 height=46
ZSETTINGS CONTROL index=108 x=298 y=651 width=1564 height=46
ZSETTINGS CONTROL index=109 x=298 y=701 width=1564 height=46
ZSETTINGS CONTROL index=110 x=298 y=751 width=1564 height=46
ZSETTINGS CONTROL index=111 x=298 y=801 width=1564 height=46
ZSETTINGS CONTROL index=112 x=298 y=851 width=1564 height=46
ZSETTINGS CONTROL index=113 x=298 y=901 width=1564 height=46
ZSETTINGS CONTROL index=114 x=298 y=951 width=1564 height=46
ZSETTINGS CONTROL index=115 x=298 y=1001 width=1564 height=46
ZSETTINGS CONTROL index=116 x=298 y=1051 width=1564 height=46
ZSETTINGS CONTROL index=117 x=298 y=1101 width=1564 height=46
ZSETTINGS CONTROL index=118 x=298 y=1151 width=1564 height=46
ZSETTINGS CONTROL index=119 x=298 y=1201 width=1564 height=46
ZSETTINGS LAYOUT page=wifi controls=21
ZSETTINGS CONTROL index=1 x=1806 y=111 width=52 height=32
ZSETTINGS CONTROL index=100 x=298 y=249 width=1564 height=46
ZSETTINGS CONTROL index=101 x=298 y=299 width=1564 height=46
ZSETTINGS CONTROL index=102 x=298 y=349 width=1564 height=46
ZSETTINGS CONTROL index=103 x=298 y=399 width=1564 height=46
ZSETTINGS CONTROL index=104 x=298 y=449 width=1564 height=46
ZSETTINGS CONTROL index=105 x=298 y=499 width=1564 height=46
ZSETTINGS CONTROL index=106 x=298 y=549 width=1564 height=46
ZSETTINGS CONTROL index=107 x=298 y=599 width=1564 height=46
ZSETTINGS CONTROL index=108 x=298 y=649 width=1564 height=46
ZSETTINGS CONTROL index=109 x=298 y=699 width=1564 height=46
ZSETTINGS CONTROL index=110 x=298 y=749 width=1564 height=46
ZSETTINGS CONTROL index=111 x=298 y=799 width=1564 height=46
ZSETTINGS CONTROL index=112 x=298 y=849 width=1564 height=46
ZSETTINGS CONTROL index=113 x=298 y=899 width=1564 height=46
ZSETTINGS CONTROL index=114 x=298 y=949 width=1564 height=46
ZSETTINGS CONTROL index=115 x=298 y=999 width=1564 height=46
ZSETTINGS CONTROL index=116 x=298 y=1049 width=1564 height=46
ZSETTINGS CONTROL index=117 x=298 y=1099 width=1564 height=46
ZSETTINGS CONTROL index=118 x=298 y=1149 width=1564 height=46
ZSETTINGS CONTROL index=119 x=298 y=1199 width=1564 height=46
ZSETTINGS LAYOUT page=wifi controls=21
ZSETTINGS CONTROL index=1 x=1806 y=31 width=52 height=32
ZSETTINGS CONTROL index=100 x=298 y=169 width=1564 height=46
ZSETTINGS CONTROL index=101 x=298 y=219 width=1564 height=46
ZSETTINGS CONTROL index=102 x=298 y=269 width=1564 height=46
ZSETTINGS CONTROL index=103 x=298 y=319 width=1564 height=46
ZSETTINGS CONTROL index=104 x=298 y=369 width=1564 height=46
ZSETTINGS CONTROL index=105 x=298 y=419 width=1564 height=46
ZSETTINGS CONTROL index=106 x=298 y=469 width=1564 height=46
ZSETTINGS CONTROL index=107 x=298 y=519 width=1564 height=46
ZSETTINGS CONTROL index=108 x=298 y=569 width=1564 height=46
ZSETTINGS CONTROL index=109 x=298 y=619 width=1564 height=46
ZSETTINGS CONTROL index=110 x=298 y=669 width=1564 height=46
ZSETTINGS CONTROL index=111 x=298 y=719 width=1564 height=46
ZSETTINGS CONTROL index=112 x=298 y=769 width=1564 height=46
ZSETTINGS CONTROL index=113 x=298 y=819 width=1564 height=46
ZSETTINGS CONTROL index=114 x=298 y=869 width=1564 height=46
ZSETTINGS CONTROL index=115 x=298 y=919 width=1564 height=46
ZSETTINGS CONTROL index=116 x=298 y=969 width=1564 height=46
ZSETTINGS CONTROL index=117 x=298 y=1019 width=1564 height=46
ZSETTINGS CONTROL index=118 x=298 y=1069 width=1564 height=46
ZSETTINGS CONTROL index=119 x=298 y=1119 width=1564 height=46
ZSETTINGS LAYOUT page=wifi controls=21
ZSETTINGS CONTROL index=1 x=1806 y=9 width=52 height=32
ZSETTINGS CONTROL index=100 x=298 y=147 width=1564 height=46
ZSETTINGS CONTROL index=101 x=298 y=197 width=1564 height=46
ZSETTINGS CONTROL index=102 x=298 y=247 width=1564 height=46
ZSETTINGS CONTROL index=103 x=298 y=297 width=1564 height=46
ZSETTINGS CONTROL index=104 x=298 y=347 width=1564 height=46
ZSETTINGS CONTROL index=105 x=298 y=397 width=1564 height=46
ZSETTINGS CONTROL index=106 x=298 y=447 width=1564 height=46
ZSETTINGS CONTROL index=107 x=298 y=497 width=1564 height=46
ZSETTINGS CONTROL index=108 x=298 y=547 width=1564 height=46
ZSETTINGS CONTROL index=109 x=298 y=597 width=1564 height=46
ZSETTINGS CONTROL index=110 x=298 y=647 width=1564 height=46
ZSETTINGS CONTROL index=111 x=298 y=697 width=1564 height=46
ZSETTINGS CONTROL index=112 x=298 y=747 width=1564 height=46
ZSETTINGS CONTROL index=113 x=298 y=797 width=1564 height=46
ZSETTINGS CONTROL index=114 x=298 y=847 width=1564 height=46
ZSETTINGS CONTROL index=115 x=298 y=897 width=1564 height=46
ZSETTINGS CONTROL index=116 x=298 y=947 width=1564 height=46
ZSETTINGS CONTROL index=117 x=298 y=997 width=1564 height=46
ZSETTINGS CONTROL index=118 x=298 y=1047 width=1564 height=46
ZSETTINGS CONTROL index=119 x=298 y=1097 width=1564 height=46
KWL SYSTEM result client=3 object=42 request=623 applied=0
ZSETTINGS TOUCH scroll end pane=page scroll=104
KWL TOUCH down client=3 surface=19 contact=0 x=1023 y=289
ZSETTINGS TOUCH scroll start pane=page
ZSETTINGS LAYOUT page=wifi controls=21
ZSETTINGS CONTROL index=1 x=1806 y=20 width=52 height=32
ZSETTINGS CONTROL index=100 x=298 y=158 width=1564 height=46
ZSETTINGS CONTROL index=101 x=298 y=208 width=1564 height=46
ZSETTINGS CONTROL index=102 x=298 y=258 width=1564 height=46
ZSETTINGS CONTROL index=103 x=298 y=308 width=1564 height=46
ZSETTINGS CONTROL index=104 x=298 y=358 width=1564 height=46
ZSETTINGS CONTROL index=105 x=298 y=408 width=1564 height=46
ZSETTINGS CONTROL index=106 x=298 y=458 width=1564 height=46
ZSETTINGS CONTROL index=107 x=298 y=508 width=1564 height=46
ZSETTINGS CONTROL index=108 x=298 y=558 width=1564 height=46
ZSETTINGS CONTROL index=109 x=298 y=608 width=1564 height=46
ZSETTINGS CONTROL index=110 x=298 y=658 width=1564 height=46
ZSETTINGS CONTROL index=111 x=298 y=708 width=1564 height=46
ZSETTINGS CONTROL index=112 x=298 y=758 width=1564 height=46
ZSETTINGS CONTROL index=113 x=298 y=808 width=1564 height=46
ZSETTINGS CONTROL index=114 x=298 y=858 width=1564 height=46
ZSETTINGS CONTROL index=115 x=298 y=908 width=1564 height=46
ZSETTINGS CONTROL index=116 x=298 y=958 width=1564 height=46
ZSETTINGS CONTROL index=117 x=298 y=1008 width=1564 height=46
ZSETTINGS CONTROL index=118 x=298 y=1058 width=1564 height=46
ZSETTINGS CONTROL index=119 x=298 y=1108 width=1564 height=46
ZSETTINGS LAYOUT page=wifi controls=21
ZSETTINGS CONTROL index=1 x=1806 y=61 width=52 height=32
ZSETTINGS CONTROL index=100 x=298 y=199 width=1564 height=46
ZSETTINGS CONTROL index=101 x=298 y=249 width=1564 height=46
ZSETTINGS CONTROL index=102 x=298 y=299 width=1564 height=46
ZSETTINGS CONTROL index=103 x=298 y=349 width=1564 height=46
ZSETTINGS CONTROL index=104 x=298 y=399 width=1564 height=46
ZSETTINGS CONTROL index=105 x=298 y=449 width=1564 height=46
ZSETTINGS CONTROL index=106 x=298 y=499 width=1564 height=46
ZSETTINGS CONTROL index=107 x=298 y=549 width=1564 height=46
ZSETTINGS CONTROL index=108 x=298 y=599 width=1564 height=46
ZSETTINGS CONTROL index=109 x=298 y=649 width=1564 height=46
ZSETTINGS CONTROL index=110 x=298 y=699 width=1564 height=46
ZSETTINGS CONTROL index=111 x=298 y=749 width=1564 height=46
ZSETTINGS CONTROL index=112 x=298 y=799 width=1564 height=46
ZSETTINGS CONTROL index=113 x=298 y=849 width=1564 height=46
ZSETTINGS CONTROL index=114 x=298 y=899 width=1564 height=46
ZSETTINGS CONTROL index=115 x=298 y=949 width=1564 height=46
ZSETTINGS CONTROL index=116 x=298 y=999 width=1564 height=46
ZSETTINGS CONTROL index=117 x=298 y=1049 width=1564 height=46
ZSETTINGS CONTROL index=118 x=298 y=1099 width=1564 height=46
ZSETTINGS CONTROL index=119 x=298 y=1149 width=1564 height=46
KWL NETWORK scan count=20
ZSETTINGS LAYOUT page=wifi controls=21
ZSETTINGS CONTROL index=1 x=1806 y=110 width=52 height=32
ZSETTINGS CONTROL index=100 x=298 y=248 width=1564 height=46
ZSETTINGS CONTROL index=101 x=298 y=298 width=1564 height=46
ZSETTINGS CONTROL index=102 x=298 y=348 width=1564 height=46
ZSETTINGS CONTROL index=103 x=298 y=398 width=1564 height=46
ZSETTINGS CONTROL index=104 x=298 y=448 width=1564 height=46
ZSETTINGS CONTROL index=105 x=298 y=498 width=1564 height=46
ZSETTINGS CONTROL index=106 x=298 y=548 width=1564 height=46
ZSETTINGS CONTROL index=107 x=298 y=598 width=1564 height=46
ZSETTINGS CONTROL index=108 x=298 y=648 width=1564 height=46
ZSETTINGS CONTROL index=109 x=298 y=698 width=1564 height=46
ZSETTINGS CONTROL index=110 x=298 y=748 width=1564 height=46
ZSETTINGS CONTROL index=111 x=298 y=798 width=1564 height=46
ZSETTINGS CONTROL index=112 x=298 y=848 width=1564 height=46
ZSETTINGS CONTROL index=113 x=298 y=898 width=1564 height=46
ZSETTINGS CONTROL index=114 x=298 y=948 width=1564 height=46
ZSETTINGS CONTROL index=115 x=298 y=998 width=1564 height=46
ZSETTINGS CONTROL index=116 x=298 y=1048 width=1564 height=46
ZSETTINGS CONTROL index=117 x=298 y=1098 width=1564 height=46
ZSETTINGS CONTROL index=118 x=298 y=1148 width=1564 height=46
ZSETTINGS CONTROL index=119 x=298 y=1198 width=1564 height=46
ZSETTINGS NETWORK scan count=20
ZSETTINGS LAYOUT page=wifi controls=21
ZSETTINGS CONTROL index=1 x=1806 y=113 width=52 height=32
ZSETTINGS CONTROL index=100 x=298 y=251 width=1564 height=46
ZSETTINGS CONTROL index=101 x=298 y=301 width=1564 height=46
ZSETTINGS CONTROL index=102 x=298 y=351 width=1564 height=46
ZSETTINGS CONTROL index=103 x=298 y=401 width=1564 height=46
ZSETTINGS CONTROL index=104 x=298 y=451 width=1564 height=46
ZSETTINGS CONTROL index=105 x=298 y=501 width=1564 height=46
ZSETTINGS CONTROL index=106 x=298 y=551 width=1564 height=46
ZSETTINGS CONTROL index=107 x=298 y=601 width=1564 height=46
ZSETTINGS CONTROL index=108 x=298 y=651 width=1564 height=46
ZSETTINGS CONTROL index=109 x=298 y=701 width=1564 height=46
ZSETTINGS CONTROL index=110 x=298 y=751 width=1564 height=46
ZSETTINGS CONTROL index=111 x=298 y=801 width=1564 height=46
ZSETTINGS CONTROL index=112 x=298 y=851 width=1564 height=46
ZSETTINGS CONTROL index=113 x=298 y=901 width=1564 height=46
ZSETTINGS CONTROL index=114 x=298 y=951 width=1564 height=46
ZSETTINGS CONTROL index=115 x=298 y=1001 width=1564 height=46
ZSETTINGS CONTROL index=116 x=298 y=1051 width=1564 height=46
ZSETTINGS CONTROL index=117 x=298 y=1101 width=1564 height=46
ZSETTINGS CONTROL index=118 x=298 y=1151 width=1564 height=46
ZSETTINGS CONTROL index=119 x=298 y=1201 width=1564 height=46
KWL SYSTEM result client=3 object=42 request=624 applied=0
ZSETTINGS TOUCH scroll end pane=page scroll=0
KWL TOUCH down client=3 surface=19 contact=0 x=916 y=981
ZSETTINGS TOUCH scroll start pane=page
ZSETTINGS LAYOUT page=wifi controls=21
ZSETTINGS CONTROL index=1 x=1806 y=100 width=52 height=32
ZSETTINGS CONTROL index=100 x=298 y=238 width=1564 height=46
ZSETTINGS CONTROL index=101 x=298 y=288 width=1564 height=46
ZSETTINGS CONTROL index=102 x=298 y=338 width=1564 height=46
ZSETTINGS CONTROL index=103 x=298 y=388 width=1564 height=46
ZSETTINGS CONTROL index=104 x=298 y=438 width=1564 height=46
ZSETTINGS CONTROL index=105 x=298 y=488 width=1564 height=46
ZSETTINGS CONTROL index=106 x=298 y=538 width=1564 height=46
ZSETTINGS CONTROL index=107 x=298 y=588 width=1564 height=46
ZSETTINGS CONTROL index=108 x=298 y=638 width=1564 height=46
ZSETTINGS CONTROL index=109 x=298 y=688 width=1564 height=46
ZSETTINGS CONTROL index=110 x=298 y=738 width=1564 height=46
ZSETTINGS CONTROL index=111 x=298 y=788 width=1564 height=46
ZSETTINGS CONTROL index=112 x=298 y=838 width=1564 height=46
ZSETTINGS CONTROL index=113 x=298 y=888 width=1564 height=46
ZSETTINGS CONTROL index=114 x=298 y=938 width=1564 height=46
ZSETTINGS CONTROL index=115 x=298 y=988 width=1564 height=46
ZSETTINGS CONTROL index=116 x=298 y=1038 width=1564 height=46
ZSETTINGS CONTROL index=117 x=298 y=1088 width=1564 height=46
ZSETTINGS CONTROL index=118 x=298 y=1138 width=1564 height=46
ZSETTINGS CONTROL index=119 x=298 y=1188 width=1564 height=46
ZSETTINGS LAYOUT page=wifi controls=21
ZSETTINGS CONTROL index=1 x=1806 y=82 width=52 height=32
ZSETTINGS CONTROL index=100 x=298 y=220 width=1564 height=46
ZSETTINGS CONTROL index=101 x=298 y=270 width=1564 height=46
ZSETTINGS CONTROL index=102 x=298 y=320 width=1564 height=46
ZSETTINGS CONTROL index=103 x=298 y=370 width=1564 height=46
ZSETTINGS CONTROL index=104 x=298 y=420 width=1564 height=46
ZSETTINGS CONTROL index=105 x=298 y=470 width=1564 height=46
ZSETTINGS CONTROL index=106 x=298 y=520 width=1564 height=46
ZSETTINGS CONTROL index=107 x=298 y=570 width=1564 height=46
ZSETTINGS CONTROL index=108 x=298 y=620 width=1564 height=46
ZSETTINGS CONTROL index=109 x=298 y=670 width=1564 height=46
ZSETTINGS CONTROL index=110 x=298 y=720 width=1564 height=46
ZSETTINGS CONTROL index=111 x=298 y=770 width=1564 height=46
ZSETTINGS CONTROL index=112 x=298 y=820 width=1564 height=46
ZSETTINGS CONTROL index=113 x=298 y=870 width=1564 height=46
ZSETTINGS CONTROL index=114 x=298 y=920 width=1564 height=46
ZSETTINGS CONTROL index=115 x=298 y=970 width=1564 height=46
ZSETTINGS CONTROL index=116 x=298 y=1020 width=1564 height=46
ZSETTINGS CONTROL index=117 x=298 y=1070 width=1564 height=46
ZSETTINGS CONTROL index=118 x=298 y=1120 width=1564 height=46
ZSETTINGS CONTROL index=119 x=298 y=1170 width=1564 height=46
ZSETTINGS LAYOUT page=wifi controls=21
ZSETTINGS CONTROL index=1 x=1806 y=48 width=52 height=32
ZSETTINGS CONTROL index=100 x=298 y=186 width=1564 height=46
ZSETTINGS CONTROL index=101 x=298 y=236 width=1564 height=46
ZSETTINGS CONTROL index=102 x=298 y=286 width=1564 height=46
ZSETTINGS CONTROL index=103 x=298 y=336 width=1564 height=46
ZSETTINGS CONTROL index=104 x=298 y=386 width=1564 height=46
ZSETTINGS CONTROL index=105 x=298 y=436 width=1564 height=46
ZSETTINGS CONTROL index=106 x=298 y=486 width=1564 height=46
ZSETTINGS CONTROL index=107 x=298 y=536 width=1564 height=46
ZSETTINGS CONTROL index=108 x=298 y=586 width=1564 height=46
ZSETTINGS CONTROL index=109 x=298 y=636 width=1564 height=46
ZSETTINGS CONTROL index=110 x=298 y=686 width=1564 height=46
ZSETTINGS CONTROL index=111 x=298 y=736 width=1564 height=46
ZSETTINGS CONTROL index=112 x=298 y=786 width=1564 height=46
ZSETTINGS CONTROL index=113 x=298 y=836 width=1564 height=46
ZSETTINGS CONTROL index=114 x=298 y=886 width=1564 height=46
ZSETTINGS CONTROL index=115 x=298 y=936 width=1564 height=46
ZSETTINGS CONTROL index=116 x=298 y=986 width=1564 height=46
ZSETTINGS CONTROL index=117 x=298 y=1036 width=1564 height=46
ZSETTINGS CONTROL index=118 x=298 y=1086 width=1564 height=46
ZSETTINGS CONTROL index=119 x=298 y=1136 width=1564 height=46
KWL SYSTEM result client=3 object=42 request=625 applied=0
ZSETTINGS LAYOUT page=wifi controls=21
ZSETTINGS CONTROL index=1 x=1806 y=22 width=52 height=32
ZSETTINGS CONTROL index=100 x=298 y=160 width=1564 height=46
ZSETTINGS CONTROL index=101 x=298 y=210 width=1564 height=46
ZSETTINGS CONTROL index=102 x=298 y=260 width=1564 height=46
ZSETTINGS CONTROL index=103 x=298 y=310 width=1564 height=46
ZSETTINGS CONTROL index=104 x=298 y=360 width=1564 height=46
ZSETTINGS CONTROL index=105 x=298 y=410 width=1564 height=46
ZSETTINGS CONTROL index=106 x=298 y=460 width=1564 height=46
ZSETTINGS CONTROL index=107 x=298 y=510 width=1564 height=46
ZSETTINGS CONTROL index=108 x=298 y=560 width=1564 height=46
ZSETTINGS CONTROL index=109 x=298 y=610 width=1564 height=46
ZSETTINGS CONTROL index=110 x=298 y=660 width=1564 height=46
ZSETTINGS CONTROL index=111 x=298 y=710 width=1564 height=46
ZSETTINGS CONTROL index=112 x=298 y=760 width=1564 height=46
ZSETTINGS CONTROL index=113 x=298 y=810 width=1564 height=46
ZSETTINGS CONTROL index=114 x=298 y=860 width=1564 height=46
ZSETTINGS CONTROL index=115 x=298 y=910 width=1564 height=46
ZSETTINGS CONTROL index=116 x=298 y=960 width=1564 height=46
ZSETTINGS CONTROL index=117 x=298 y=1010 width=1564 height=46
ZSETTINGS CONTROL index=118 x=298 y=1060 width=1564 height=46
ZSETTINGS CONTROL index=119 x=298 y=1110 width=1564 height=46
ZSETTINGS LAYOUT page=wifi controls=21
ZSETTINGS CONTROL index=1 x=1806 y=9 width=52 height=32
ZSETTINGS CONTROL index=100 x=298 y=147 width=1564 height=46
ZSETTINGS CONTROL index=101 x=298 y=197 width=1564 height=46
ZSETTINGS CONTROL index=102 x=298 y=247 width=1564 height=46
ZSETTINGS CONTROL index=103 x=298 y=297 width=1564 height=46
ZSETTINGS CONTROL index=104 x=298 y=347 width=1564 height=46
ZSETTINGS CONTROL index=105 x=298 y=397 width=1564 height=46
ZSETTINGS CONTROL index=106 x=298 y=447 width=1564 height=46
ZSETTINGS CONTROL index=107 x=298 y=497 width=1564 height=46
ZSETTINGS CONTROL index=108 x=298 y=547 width=1564 height=46
ZSETTINGS CONTROL index=109 x=298 y=597 width=1564 height=46
ZSETTINGS CONTROL index=110 x=298 y=647 width=1564 height=46
ZSETTINGS CONTROL index=111 x=298 y=697 width=1564 height=46
ZSETTINGS CONTROL index=112 x=298 y=747 width=1564 height=46
ZSETTINGS CONTROL index=113 x=298 y=797 width=1564 height=46
ZSETTINGS CONTROL index=114 x=298 y=847 width=1564 height=46
ZSETTINGS CONTROL index=115 x=298 y=897 width=1564 height=46
ZSETTINGS CONTROL index=116 x=298 y=947 width=1564 height=46
ZSETTINGS CONTROL index=117 x=298 y=997 width=1564 height=46
ZSETTINGS CONTROL index=118 x=298 y=1047 width=1564 height=46
ZSETTINGS CONTROL index=119 x=298 y=1097 width=1564 height=46
ZSETTINGS LAYOUT page=wifi controls=21
ZSETTINGS CONTROL index=1 x=1806 y=17 width=52 height=32
ZSETTINGS CONTROL index=100 x=298 y=155 width=1564 height=46
ZSETTINGS CONTROL index=101 x=298 y=205 width=1564 height=46
ZSETTINGS CONTROL index=102 x=298 y=255 width=1564 height=46
ZSETTINGS CONTROL index=103 x=298 y=305 width=1564 height=46
ZSETTINGS CONTROL index=104 x=298 y=355 width=1564 height=46
ZSETTINGS CONTROL index=105 x=298 y=405 width=1564 height=46
ZSETTINGS CONTROL index=106 x=298 y=455 width=1564 height=46
ZSETTINGS CONTROL index=107 x=298 y=505 width=1564 height=46
ZSETTINGS CONTROL index=108 x=298 y=555 width=1564 height=46
ZSETTINGS CONTROL index=109 x=298 y=605 width=1564 height=46
ZSETTINGS CONTROL index=110 x=298 y=655 width=1564 height=46
ZSETTINGS CONTROL index=111 x=298 y=705 width=1564 height=46
ZSETTINGS CONTROL index=112 x=298 y=755 width=1564 height=46
ZSETTINGS CONTROL index=113 x=298 y=805 width=1564 height=46
ZSETTINGS CONTROL index=114 x=298 y=855 width=1564 height=46
ZSETTINGS CONTROL index=115 x=298 y=905 width=1564 height=46
ZSETTINGS CONTROL index=116 x=298 y=955 width=1564 height=46
ZSETTINGS CONTROL index=117 x=298 y=1005 width=1564 height=46
ZSETTINGS CONTROL index=118 x=298 y=1055 width=1564 height=46
ZSETTINGS CONTROL index=119 x=298 y=1105 width=1564 height=46
ZSETTINGS LAYOUT page=wifi controls=21
ZSETTINGS CONTROL index=1 x=1806 y=39 width=52 height=32
ZSETTINGS CONTROL index=100 x=298 y=177 width=1564 height=46
ZSETTINGS CONTROL index=101 x=298 y=227 width=1564 height=46
ZSETTINGS CONTROL index=102 x=298 y=277 width=1564 height=46
ZSETTINGS CONTROL index=103 x=298 y=327 width=1564 height=46
ZSETTINGS CONTROL index=104 x=298 y=377 width=1564 height=46
ZSETTINGS CONTROL index=105 x=298 y=427 width=1564 height=46
ZSETTINGS CONTROL index=106 x=298 y=477 width=1564 height=46
ZSETTINGS CONTROL index=107 x=298 y=527 width=1564 height=46
ZSETTINGS CONTROL index=108 x=298 y=577 width=1564 height=46
ZSETTINGS CONTROL index=109 x=298 y=627 width=1564 height=46
ZSETTINGS CONTROL index=110 x=298 y=677 width=1564 height=46
ZSETTINGS CONTROL index=111 x=298 y=727 width=1564 height=46
ZSETTINGS CONTROL index=112 x=298 y=777 width=1564 height=46
ZSETTINGS CONTROL index=113 x=298 y=827 width=1564 height=46
ZSETTINGS CONTROL index=114 x=298 y=877 width=1564 height=46
ZSETTINGS CONTROL index=115 x=298 y=927 width=1564 height=46
ZSETTINGS CONTROL index=116 x=298 y=977 width=1564 height=46
ZSETTINGS CONTROL index=117 x=298 y=1027 width=1564 height=46
ZSETTINGS CONTROL index=118 x=298 y=1077 width=1564 height=46
ZSETTINGS CONTROL index=119 x=298 y=1127 width=1564 height=46
ZSETTINGS LAYOUT page=wifi controls=21
ZSETTINGS CONTROL index=1 x=1806 y=59 width=52 height=32
ZSETTINGS CONTROL index=100 x=298 y=197 width=1564 height=46
ZSETTINGS CONTROL index=101 x=298 y=247 width=1564 height=46
ZSETTINGS CONTROL index=102 x=298 y=297 width=1564 height=46
ZSETTINGS CONTROL index=103 x=298 y=347 width=1564 height=46
ZSETTINGS CONTROL index=104 x=298 y=397 width=1564 height=46
ZSETTINGS CONTROL index=105 x=298 y=447 width=1564 height=46
ZSETTINGS CONTROL index=106 x=298 y=497 width=1564 height=46
ZSETTINGS CONTROL index=107 x=298 y=547 width=1564 height=46
ZSETTINGS CONTROL index=108 x=298 y=597 width=1564 height=46
ZSETTINGS CONTROL index=109 x=298 y=647 width=1564 height=46
ZSETTINGS CONTROL index=110 x=298 y=697 width=1564 height=46
ZSETTINGS CONTROL index=111 x=298 y=747 width=1564 height=46
ZSETTINGS CONTROL index=112 x=298 y=797 width=1564 height=46
ZSETTINGS CONTROL index=113 x=298 y=847 width=1564 height=46
ZSETTINGS CONTROL index=114 x=298 y=897 width=1564 height=46
ZSETTINGS CONTROL index=115 x=298 y=947 width=1564 height=46
ZSETTINGS CONTROL index=116 x=298 y=997 width=1564 height=46
ZSETTINGS CONTROL index=117 x=298 y=1047 width=1564 height=46
ZSETTINGS CONTROL index=118 x=298 y=1097 width=1564 height=46
ZSETTINGS CONTROL index=119 x=298 y=1147 width=1564 height=46
ZSETTINGS LAYOUT page=wifi controls=21
ZSETTINGS CONTROL index=1 x=1806 y=71 width=52 height=32
ZSETTINGS CONTROL index=100 x=298 y=209 width=1564 height=46
ZSETTINGS CONTROL index=101 x=298 y=259 width=1564 height=46
ZSETTINGS CONTROL index=102 x=298 y=309 width=1564 height=46
ZSETTINGS CONTROL index=103 x=298 y=359 width=1564 height=46
ZSETTINGS CONTROL index=104 x=298 y=409 width=1564 height=46
ZSETTINGS CONTROL index=105 x=298 y=459 width=1564 height=46
ZSETTINGS CONTROL index=106 x=298 y=509 width=1564 height=46
ZSETTINGS CONTROL index=107 x=298 y=559 width=1564 height=46
ZSETTINGS CONTROL index=108 x=298 y=609 width=1564 height=46
ZSETTINGS CONTROL index=109 x=298 y=659 width=1564 height=46
ZSETTINGS CONTROL index=110 x=298 y=709 width=1564 height=46
ZSETTINGS CONTROL index=111 x=298 y=759 width=1564 height=46
ZSETTINGS CONTROL index=112 x=298 y=809 width=1564 height=46
ZSETTINGS CONTROL index=113 x=298 y=859 width=1564 height=46
ZSETTINGS CONTROL index=114 x=298 y=909 width=1564 height=46
ZSETTINGS CONTROL index=115 x=298 y=959 width=1564 height=46
ZSETTINGS CONTROL index=116 x=298 y=1009 width=1564 height=46
ZSETTINGS CONTROL index=117 x=298 y=1059 width=1564 height=46
ZSETTINGS CONTROL index=118 x=298 y=1109 width=1564 height=46
ZSETTINGS CONTROL index=119 x=298 y=1159 width=1564 height=46
KWL SYSTEM result client=3 object=42 request=626 applied=0
ZSETTINGS LAYOUT page=wifi controls=21
ZSETTINGS CONTROL index=1 x=1806 y=85 width=52 height=32
ZSETTINGS CONTROL index=100 x=298 y=223 width=1564 height=46
ZSETTINGS CONTROL index=101 x=298 y=273 width=1564 height=46
ZSETTINGS CONTROL index=102 x=298 y=323 width=1564 height=46
ZSETTINGS CONTROL index=103 x=298 y=373 width=1564 height=46
ZSETTINGS CONTROL index=104 x=298 y=423 width=1564 height=46
ZSETTINGS CONTROL index=105 x=298 y=473 width=1564 height=46
ZSETTINGS CONTROL index=106 x=298 y=523 width=1564 height=46
ZSETTINGS CONTROL index=107 x=298 y=573 width=1564 height=46
ZSETTINGS CONTROL index=108 x=298 y=623 width=1564 height=46
ZSETTINGS CONTROL index=109 x=298 y=673 width=1564 height=46
ZSETTINGS CONTROL index=110 x=298 y=723 width=1564 height=46
ZSETTINGS CONTROL index=111 x=298 y=773 width=1564 height=46
ZSETTINGS CONTROL index=112 x=298 y=823 width=1564 height=46
ZSETTINGS CONTROL index=113 x=298 y=873 width=1564 height=46
ZSETTINGS CONTROL index=114 x=298 y=923 width=1564 height=46
ZSETTINGS CONTROL index=115 x=298 y=973 width=1564 height=46
ZSETTINGS CONTROL index=116 x=298 y=1023 width=1564 height=46
ZSETTINGS CONTROL index=117 x=298 y=1073 width=1564 height=46
ZSETTINGS CONTROL index=118 x=298 y=1123 width=1564 height=46
ZSETTINGS CONTROL index=119 x=298 y=1173 width=1564 height=46
ZSETTINGS LAYOUT page=wifi controls=21
ZSETTINGS CONTROL index=1 x=1806 y=99 width=52 height=32
ZSETTINGS CONTROL index=100 x=298 y=237 width=1564 height=46
ZSETTINGS CONTROL index=101 x=298 y=287 width=1564 height=46
ZSETTINGS CONTROL index=102 x=298 y=337 width=1564 height=46
ZSETTINGS CONTROL index=103 x=298 y=387 width=1564 height=46
ZSETTINGS CONTROL index=104 x=298 y=437 width=1564 height=46
ZSETTINGS CONTROL index=105 x=298 y=487 width=1564 height=46
ZSETTINGS CONTROL index=106 x=298 y=537 width=1564 height=46
ZSETTINGS CONTROL index=107 x=298 y=587 width=1564 height=46
ZSETTINGS CONTROL index=108 x=298 y=637 width=1564 height=46
ZSETTINGS CONTROL index=109 x=298 y=687 width=1564 height=46
ZSETTINGS CONTROL index=110 x=298 y=737 width=1564 height=46
ZSETTINGS CONTROL index=111 x=298 y=787 width=1564 height=46
ZSETTINGS CONTROL index=112 x=298 y=837 width=1564 height=46
ZSETTINGS CONTROL index=113 x=298 y=887 width=1564 height=46
ZSETTINGS CONTROL index=114 x=298 y=937 width=1564 height=46
ZSETTINGS CONTROL index=115 x=298 y=987 width=1564 height=46
ZSETTINGS CONTROL index=116 x=298 y=1037 width=1564 height=46
ZSETTINGS CONTROL index=117 x=298 y=1087 width=1564 height=46
ZSETTINGS CONTROL index=118 x=298 y=1137 width=1564 height=46
ZSETTINGS CONTROL index=119 x=298 y=1187 width=1564 height=46
ZSETTINGS LAYOUT page=wifi controls=21
ZSETTINGS CONTROL index=1 x=1806 y=113 width=52 height=32
ZSETTINGS CONTROL index=100 x=298 y=251 width=1564 height=46
ZSETTINGS CONTROL index=101 x=298 y=301 width=1564 height=46
ZSETTINGS CONTROL index=102 x=298 y=351 width=1564 height=46
ZSETTINGS CONTROL index=103 x=298 y=401 width=1564 height=46
ZSETTINGS CONTROL index=104 x=298 y=451 width=1564 height=46
ZSETTINGS CONTROL index=105 x=298 y=501 width=1564 height=46
ZSETTINGS CONTROL index=106 x=298 y=551 width=1564 height=46
ZSETTINGS CONTROL index=107 x=298 y=601 width=1564 height=46
ZSETTINGS CONTROL index=108 x=298 y=651 width=1564 height=46
ZSETTINGS CONTROL index=109 x=298 y=701 width=1564 height=46
ZSETTINGS CONTROL index=110 x=298 y=751 width=1564 height=46
ZSETTINGS CONTROL index=111 x=298 y=801 width=1564 height=46
ZSETTINGS CONTROL index=112 x=298 y=851 width=1564 height=46
ZSETTINGS CONTROL index=113 x=298 y=901 width=1564 height=46
ZSETTINGS CONTROL index=114 x=298 y=951 width=1564 height=46
ZSETTINGS CONTROL index=115 x=298 y=1001 width=1564 height=46
ZSETTINGS CONTROL index=116 x=298 y=1051 width=1564 height=46
ZSETTINGS CONTROL index=117 x=298 y=1101 width=1564 height=46
ZSETTINGS CONTROL index=118 x=298 y=1151 width=1564 height=46
ZSETTINGS CONTROL index=119 x=298 y=1201 width=1564 height=46
ZSETTINGS TOUCH scroll end pane=page scroll=0
KWL TOUCH down client=3 surface=19 contact=0 x=1033 y=644
KWL PERF 5002ms: passes=614 timeouts=239 | poll 81.3% work 18.2%
KWL PERF compose frames=35 draw_ms=23.26 (acquire 0.05 submit+present 22.69) frame_ms=23.88
KWL NETWORK scan count=20
ZSETTINGS NETWORK scan count=20
KWL SYSTEM result client=3 object=42 request=627 applied=0
KWL NETWORK state reachable=1 connected=0 kind=none interface= wifi=searching ssid=
KWL SYSTEM result client=3 object=42 request=628 applied=0
ZSETTINGS TOUCH scroll start pane=page
ZSETTINGS LAYOUT page=wifi controls=21
ZSETTINGS CONTROL index=1 x=1806 y=111 width=52 height=32
ZSETTINGS CONTROL index=100 x=298 y=249 width=1564 height=46
ZSETTINGS CONTROL index=101 x=298 y=299 width=1564 height=46
ZSETTINGS CONTROL index=102 x=298 y=349 width=1564 height=46
ZSETTINGS CONTROL index=103 x=298 y=399 width=1564 height=46
ZSETTINGS CONTROL index=104 x=298 y=449 width=1564 height=46
ZSETTINGS CONTROL index=105 x=298 y=499 width=1564 height=46
ZSETTINGS CONTROL index=106 x=298 y=549 width=1564 height=46
ZSETTINGS CONTROL index=107 x=298 y=599 width=1564 height=46
ZSETTINGS CONTROL index=108 x=298 y=649 width=1564 height=46
ZSETTINGS CONTROL index=109 x=298 y=699 width=1564 height=46
ZSETTINGS CONTROL index=110 x=298 y=749 width=1564 height=46
ZSETTINGS CONTROL index=111 x=298 y=799 width=1564 height=46
ZSETTINGS CONTROL index=112 x=298 y=849 width=1564 height=46
ZSETTINGS CONTROL index=113 x=298 y=899 width=1564 height=46
ZSETTINGS CONTROL index=114 x=298 y=949 width=1564 height=46
ZSETTINGS CONTROL index=115 x=298 y=999 width=1564 height=46
ZSETTINGS CONTROL index=116 x=298 y=1049 width=1564 height=46
ZSETTINGS CONTROL index=117 x=298 y=1099 width=1564 height=46
ZSETTINGS CONTROL index=118 x=298 y=1149 width=1564 height=46
ZSETTINGS CONTROL index=119 x=298 y=1199 width=1564 height=46
ZSETTINGS LAYOUT page=wifi controls=21
ZSETTINGS CONTROL index=1 x=1806 y=87 width=52 height=32
ZSETTINGS CONTROL index=100 x=298 y=225 width=1564 height=46
ZSETTINGS CONTROL index=101 x=298 y=275 width=1564 height=46
ZSETTINGS CONTROL index=102 x=298 y=325 width=1564 height=46
ZSETTINGS CONTROL index=103 x=298 y=375 width=1564 height=46
ZSETTINGS CONTROL index=104 x=298 y=425 width=1564 height=46
ZSETTINGS CONTROL index=105 x=298 y=475 width=1564 height=46
ZSETTINGS CONTROL index=106 x=298 y=525 width=1564 height=46
ZSETTINGS CONTROL index=107 x=298 y=575 width=1564 height=46
ZSETTINGS CONTROL index=108 x=298 y=625 width=1564 height=46
ZSETTINGS CONTROL index=109 x=298 y=675 width=1564 height=46
ZSETTINGS CONTROL index=110 x=298 y=725 width=1564 height=46
ZSETTINGS CONTROL index=111 x=298 y=775 width=1564 height=46
ZSETTINGS CONTROL index=112 x=298 y=825 width=1564 height=46
ZSETTINGS CONTROL index=113 x=298 y=875 width=1564 height=46
ZSETTINGS CONTROL index=114 x=298 y=925 width=1564 height=46
ZSETTINGS CONTROL index=115 x=298 y=975 width=1564 height=46
ZSETTINGS CONTROL index=116 x=298 y=1025 width=1564 height=46
ZSETTINGS CONTROL index=117 x=298 y=1075 width=1564 height=46
ZSETTINGS CONTROL index=118 x=298 y=1125 width=1564 height=46
ZSETTINGS CONTROL index=119 x=298 y=1175 width=1564 height=46
KWL SYSTEM result client=3 object=42 request=629 applied=0
ZSETTINGS LAYOUT page=wifi controls=21
ZSETTINGS CONTROL index=1 x=1806 y=72 width=52 height=32
ZSETTINGS CONTROL index=100 x=298 y=210 width=1564 height=46
ZSETTINGS CONTROL index=101 x=298 y=260 width=1564 height=46
ZSETTINGS CONTROL index=102 x=298 y=310 width=1564 height=46
ZSETTINGS CONTROL index=103 x=298 y=360 width=1564 height=46
ZSETTINGS CONTROL index=104 x=298 y=410 width=1564 height=46
ZSETTINGS CONTROL index=105 x=298 y=460 width=1564 height=46
ZSETTINGS CONTROL index=106 x=298 y=510 width=1564 height=46
ZSETTINGS CONTROL index=107 x=298 y=560 width=1564 height=46
ZSETTINGS CONTROL index=108 x=298 y=610 width=1564 height=46
ZSETTINGS CONTROL index=109 x=298 y=660 width=1564 height=46
ZSETTINGS CONTROL index=110 x=298 y=710 width=1564 height=46
ZSETTINGS CONTROL index=111 x=298 y=760 width=1564 height=46
ZSETTINGS CONTROL index=112 x=298 y=810 width=1564 height=46
ZSETTINGS CONTROL index=113 x=298 y=860 width=1564 height=46
ZSETTINGS CONTROL index=114 x=298 y=910 width=1564 height=46
ZSETTINGS CONTROL index=115 x=298 y=960 width=1564 height=46
ZSETTINGS CONTROL index=116 x=298 y=1010 width=1564 height=46
ZSETTINGS CONTROL index=117 x=298 y=1060 width=1564 height=46
ZSETTINGS CONTROL index=118 x=298 y=1110 width=1564 height=46
ZSETTINGS CONTROL index=119 x=298 y=1160 width=1564 height=46
ZSETTINGS TOUCH scroll end pane=page scroll=48
ZSETTINGS LAYOUT page=wifi controls=21
ZSETTINGS CONTROL index=1 x=1806 y=65 width=52 height=32
ZSETTINGS CONTROL index=100 x=298 y=203 width=1564 height=46
ZSETTINGS CONTROL index=101 x=298 y=253 width=1564 height=46
ZSETTINGS CONTROL index=102 x=298 y=303 width=1564 height=46
ZSETTINGS CONTROL index=103 x=298 y=353 width=1564 height=46
ZSETTINGS CONTROL index=104 x=298 y=403 width=1564 height=46
ZSETTINGS CONTROL index=105 x=298 y=453 width=1564 height=46
ZSETTINGS CONTROL index=106 x=298 y=503 width=1564 height=46
ZSETTINGS CONTROL index=107 x=298 y=553 width=1564 height=46
ZSETTINGS CONTROL index=108 x=298 y=603 width=1564 height=46
ZSETTINGS CONTROL index=109 x=298 y=653 width=1564 height=46
ZSETTINGS CONTROL index=110 x=298 y=703 width=1564 height=46
ZSETTINGS CONTROL index=111 x=298 y=753 width=1564 height=46
ZSETTINGS CONTROL index=112 x=298 y=803 width=1564 height=46
ZSETTINGS CONTROL index=113 x=298 y=853 width=1564 height=46
ZSETTINGS CONTROL index=114 x=298 y=903 width=1564 height=46
ZSETTINGS CONTROL index=115 x=298 y=953 width=1564 height=46
ZSETTINGS CONTROL index=116 x=298 y=1003 width=1564 height=46
ZSETTINGS CONTROL index=117 x=298 y=1053 width=1564 height=46
ZSETTINGS CONTROL index=118 x=298 y=1103 width=1564 height=46
ZSETTINGS CONTROL index=119 x=298 y=1153 width=1564 height=46
KWL NETWORK scan count=18
ZSETTINGS NETWORK scan count=18
ZSETTINGS LAYOUT page=wifi controls=19
ZSETTINGS CONTROL index=1 x=1806 y=65 width=52 height=32
ZSETTINGS CONTROL index=100 x=298 y=203 width=1564 height=46
ZSETTINGS CONTROL index=101 x=298 y=253 width=1564 height=46
ZSETTINGS CONTROL index=102 x=298 y=303 width=1564 height=46
ZSETTINGS CONTROL index=103 x=298 y=353 width=1564 height=46
ZSETTINGS CONTROL index=104 x=298 y=403 width=1564 height=46
ZSETTINGS CONTROL index=105 x=298 y=453 width=1564 height=46
ZSETTINGS CONTROL index=106 x=298 y=503 width=1564 height=46
ZSETTINGS CONTROL index=107 x=298 y=553 width=1564 height=46
ZSETTINGS CONTROL index=108 x=298 y=603 width=1564 height=46
ZSETTINGS CONTROL index=109 x=298 y=653 width=1564 height=46
ZSETTINGS CONTROL index=110 x=298 y=703 width=1564 height=46
ZSETTINGS CONTROL index=111 x=298 y=753 width=1564 height=46
ZSETTINGS CONTROL index=112 x=298 y=803 width=1564 height=46
ZSETTINGS CONTROL index=113 x=298 y=853 width=1564 height=46
ZSETTINGS CONTROL index=114 x=298 y=903 width=1564 height=46
ZSETTINGS CONTROL index=115 x=298 y=953 width=1564 height=46
ZSETTINGS CONTROL index=116 x=298 y=1003 width=1564 height=46
ZSETTINGS CONTROL index=117 x=298 y=1053 width=1564 height=46
KWL TOUCH down client=3 surface=19 contact=0 x=761 y=988
ZSETTINGS LAYOUT page=wifi controls=19
ZSETTINGS CONTROL index=1 x=1806 y=109 width=52 height=32
ZSETTINGS CONTROL index=100 x=298 y=247 width=1564 height=46
ZSETTINGS CONTROL index=101 x=298 y=297 width=1564 height=46
ZSETTINGS CONTROL index=102 x=298 y=347 width=1564 height=46
ZSETTINGS CONTROL index=103 x=298 y=397 width=1564 height=46
ZSETTINGS CONTROL index=104 x=298 y=447 width=1564 height=46
ZSETTINGS CONTROL index=105 x=298 y=497 width=1564 height=46
ZSETTINGS CONTROL index=106 x=298 y=547 width=1564 height=46
ZSETTINGS CONTROL index=107 x=298 y=597 width=1564 height=46
ZSETTINGS CONTROL index=108 x=298 y=647 width=1564 height=46
ZSETTINGS CONTROL index=109 x=298 y=697 width=1564 height=46
ZSETTINGS CONTROL index=110 x=298 y=747 width=1564 height=46
ZSETTINGS CONTROL index=111 x=298 y=797 width=1564 height=46
ZSETTINGS CONTROL index=112 x=298 y=847 width=1564 height=46
ZSETTINGS CONTROL index=113 x=298 y=897 width=1564 height=46
ZSETTINGS CONTROL index=114 x=298 y=947 width=1564 height=46
ZSETTINGS CONTROL index=115 x=298 y=997 width=1564 height=46
ZSETTINGS CONTROL index=116 x=298 y=1047 width=1564 height=46
ZSETTINGS CONTROL index=117 x=298 y=1097 width=1564 height=46
ZSETTINGS TOUCH scroll start pane=page
KWL SYSTEM result client=3 object=42 request=630 applied=0
ZSETTINGS TOUCH scroll end pane=page scroll=4
KWL SYSTEM result client=3 object=42 request=631 applied=0
KWL TOUCH down client=3 surface=19 contact=0 x=828 y=428
ZSETTINGS TOUCH scroll start pane=page
ZSETTINGS LAYOUT page=wifi controls=19
ZSETTINGS CONTROL index=1 x=1806 y=113 width=52 height=32
ZSETTINGS CONTROL index=100 x=298 y=251 width=1564 height=46
ZSETTINGS CONTROL index=101 x=298 y=301 width=1564 height=46
ZSETTINGS CONTROL index=102 x=298 y=351 width=1564 height=46
ZSETTINGS CONTROL index=103 x=298 y=401 width=1564 height=46
ZSETTINGS CONTROL index=104 x=298 y=451 width=1564 height=46
ZSETTINGS CONTROL index=105 x=298 y=501 width=1564 height=46
ZSETTINGS CONTROL index=106 x=298 y=551 width=1564 height=46
ZSETTINGS CONTROL index=107 x=298 y=601 width=1564 height=46
ZSETTINGS CONTROL index=108 x=298 y=651 width=1564 height=46
ZSETTINGS CONTROL index=109 x=298 y=701 width=1564 height=46
ZSETTINGS CONTROL index=110 x=298 y=751 width=1564 height=46
ZSETTINGS CONTROL index=111 x=298 y=801 width=1564 height=46
ZSETTINGS CONTROL index=112 x=298 y=851 width=1564 height=46
ZSETTINGS CONTROL index=113 x=298 y=901 width=1564 height=46
ZSETTINGS CONTROL index=114 x=298 y=951 width=1564 height=46
ZSETTINGS CONTROL index=115 x=298 y=1001 width=1564 height=46
ZSETTINGS CONTROL index=116 x=298 y=1051 width=1564 height=46
ZSETTINGS CONTROL index=117 x=298 y=1101 width=1564 height=46
KWL PERF 5001ms: passes=556 timeouts=287 | poll 89.0% work 10.6%
KWL PERF compose frames=20 draw_ms=22.76 (acquire 0.06 submit+present 22.25) frame_ms=24.01
KWL SYSTEM result client=3 object=42 request=632 applied=0
ZSETTINGS TOUCH scroll end pane=page scroll=0
KWL NETWORK scan count=18
ZSETTINGS NETWORK scan count=18
KWL TOUCH down client=3 surface=19 contact=0 x=973 y=1100
ZSETTINGS TOUCH scroll start pane=page
ZSETTINGS LAYOUT page=wifi controls=19
ZSETTINGS CONTROL index=1 x=1806 y=109 width=52 height=32
ZSETTINGS CONTROL index=100 x=298 y=247 width=1564 height=46
ZSETTINGS CONTROL index=101 x=298 y=297 width=1564 height=46
ZSETTINGS CONTROL index=102 x=298 y=347 width=1564 height=46
ZSETTINGS CONTROL index=103 x=298 y=397 width=1564 height=46
ZSETTINGS CONTROL index=104 x=298 y=447 width=1564 height=46
ZSETTINGS CONTROL index=105 x=298 y=497 width=1564 height=46
ZSETTINGS CONTROL index=106 x=298 y=547 width=1564 height=46
ZSETTINGS CONTROL index=107 x=298 y=597 width=1564 height=46
ZSETTINGS CONTROL index=108 x=298 y=647 width=1564 height=46
ZSETTINGS CONTROL index=109 x=298 y=697 width=1564 height=46
ZSETTINGS CONTROL index=110 x=298 y=747 width=1564 height=46
ZSETTINGS CONTROL index=111 x=298 y=797 width=1564 height=46
ZSETTINGS CONTROL index=112 x=298 y=847 width=1564 height=46
ZSETTINGS CONTROL index=113 x=298 y=897 width=1564 height=46
ZSETTINGS CONTROL index=114 x=298 y=947 width=1564 height=46
ZSETTINGS CONTROL index=115 x=298 y=997 width=1564 height=46
ZSETTINGS CONTROL index=116 x=298 y=1047 width=1564 height=46
ZSETTINGS CONTROL index=117 x=298 y=1097 width=1564 height=46
KWL SYSTEM result client=3 object=42 request=633 applied=0
ZSETTINGS TOUCH scroll end pane=page scroll=4
KWL SYSTEM result client=3 object=42 request=634 applied=0
KWL SYSTEM result client=3 object=42 request=635 applied=0
KWL NETWORK scan count=18
ZSETTINGS NETWORK scan count=18
KWL TOUCH shell contact=0 x=569 y=33
KWL SYSTEM result client=3 object=42 request=636 applied=0
KWL GLASS undock surface=19 via=double-click x=328 y=382 client=3
KWL BOUNDS client=3 surface=19 width=1896 height=1160
KWL CONFIGURE client=3 surface=19 serial=64 width=1180 height=800 fullscreen=0
KWL LAYOUT mode=windowed reason=double-click at_ms=670494
KWL LAYOUT leave via=double-click front=19 quiet=0
KWL LAYOUT windows desktop=2 mode=windowed floating=1 docked=0 dock_hidden=0 minimized=0 fullscreen=0
KWL TOUCH shell contact=0 x=578 y=37
KWL IME indicator x=1565 label=A
KWL IME indicator x=1582 label=A
KWL PERF 5009ms: passes=551 timeouts=378 | poll 90.6% work 9.1%
KWL PERF compose frames=17 draw_ms=23.34 (acquire 0.08 submit+present 22.85) frame_ms=23.76
KWL IMPORT client=3 buffer=199 width=1180 height=800 bytes=3776512
KWL IMPORT client=3 buffer=200 width=1180 height=800 bytes=3776512
KWL IMPORT client=3 buffer=201 width=1180 height=800 bytes=3776512
KWL IME indicator x=1601 label=A
ZSETTINGS LAYOUT page=wifi controls=19
ZSETTINGS CONTROL index=1 x=1082 y=109 width=52 height=32
ZSETTINGS CONTROL index=100 x=298 y=247 width=840 height=46
ZSETTINGS CONTROL index=101 x=298 y=297 width=840 height=46
ZSETTINGS CONTROL index=102 x=298 y=347 width=840 height=46
ZSETTINGS CONTROL index=103 x=298 y=397 width=840 height=46
ZSETTINGS CONTROL index=104 x=298 y=447 width=840 height=46
ZSETTINGS CONTROL index=105 x=298 y=497 width=840 height=46
ZSETTINGS CONTROL index=106 x=298 y=547 width=840 height=46
ZSETTINGS CONTROL index=107 x=298 y=597 width=840 height=46
ZSETTINGS CONTROL index=108 x=298 y=647 width=840 height=46
ZSETTINGS CONTROL index=109 x=298 y=697 width=840 height=46
ZSETTINGS CONTROL index=110 x=298 y=747 width=840 height=46
ZSETTINGS CONTROL index=111 x=298 y=797 width=840 height=46
ZSETTINGS CONTROL index=112 x=298 y=847 width=840 height=46
ZSETTINGS CONTROL index=113 x=298 y=897 width=840 height=46
ZSETTINGS CONTROL index=114 x=298 y=947 width=840 height=46
ZSETTINGS CONTROL index=115 x=298 y=997 width=840 height=46
ZSETTINGS CONTROL index=116 x=298 y=1047 width=840 height=46
ZSETTINGS CONTROL index=117 x=298 y=1097 width=840 height=46
ZSETTINGS GLASS panels count=2
KWL IME indicator x=1610 label=A
KWL GLASS client=3 surface=19 panels=2 card:0,0,248,800,16 card:256,0,924,800,16
KWL GLASS resized surface=19 docked=0 width=1180 height=800 after_ms=111 acked_ms=54 committed_ms=111 sent_at_ms=670494 client=3
KWL IME indicator x=1615 label=A
KWL TITLEBAR control client=3 surface=19 where=floating id=1 x=451 y=337 width=30 height=30 shown=1
KWL TITLEBAR control client=3 surface=19 where=floating id=2 x=485 y=337 width=30 height=30 shown=1
KWL TITLEBAR control client=3 surface=19 where=floating id=3 x=519 y=337 width=30 height=30 shown=1
KWL TITLEBAR control client=3 surface=19 where=floating id=4 x=559 y=337 width=132 height=30 shown=1
KWL TITLEBAR control client=3 surface=19 where=floating id=5 x=1100 y=337 width=220 height=30 shown=1
KWL TITLEBAR control client=3 surface=19 where=floating id=6 x=1324 y=337 width=30 height=30 shown=1
KWL TITLEBAR control client=3 surface=19 where=floating id=0 x=1364 y=337 width=30 height=30 shown=1
KWL IME indicator x=1621 label=A
KWL IME indicator x=1622 label=A
KWL NETWORK state reachable=1 connected=0 kind=none interface= wifi=searching ssid=
KWL SYSTEM result client=3 object=42 request=637 applied=0
KWL TOUCH down client=3 surface=19 contact=0 x=1049 y=951
KWL NETWORK scan count=15
ZSETTINGS NETWORK scan count=15
KWL SYSTEM result client=3 object=42 request=638 applied=0
ZSETTINGS LAYOUT page=wifi controls=16
ZSETTINGS CONTROL index=1 x=1082 y=109 width=52 height=32
ZSETTINGS CONTROL index=100 x=298 y=247 width=840 height=46
ZSETTINGS CONTROL index=101 x=298 y=297 width=840 height=46
ZSETTINGS CONTROL index=102 x=298 y=347 width=840 height=46
ZSETTINGS CONTROL index=103 x=298 y=397 width=840 height=46
ZSETTINGS CONTROL index=104 x=298 y=447 width=840 height=46
ZSETTINGS CONTROL index=105 x=298 y=497 width=840 height=46
ZSETTINGS CONTROL index=106 x=298 y=547 width=840 height=46
ZSETTINGS CONTROL index=107 x=298 y=597 width=840 height=46
ZSETTINGS CONTROL index=108 x=298 y=647 width=840 height=46
ZSETTINGS CONTROL index=109 x=298 y=697 width=840 height=46
ZSETTINGS CONTROL index=110 x=298 y=747 width=840 height=46
ZSETTINGS CONTROL index=111 x=298 y=797 width=840 height=46
ZSETTINGS CONTROL index=112 x=298 y=847 width=840 height=46
ZSETTINGS CONTROL index=113 x=298 y=897 width=840 height=46
ZSETTINGS CONTROL index=114 x=298 y=947 width=840 height=46
ZSETTINGS TOUCH scroll start pane=page
ZSETTINGS LAYOUT page=wifi controls=16
ZSETTINGS CONTROL index=1 x=1082 y=-161 width=52 height=32
ZSETTINGS CONTROL index=100 x=298 y=-23 width=840 height=46
ZSETTINGS CONTROL index=101 x=298 y=27 width=840 height=46
ZSETTINGS CONTROL index=102 x=298 y=77 width=840 height=46
ZSETTINGS CONTROL index=103 x=298 y=127 width=840 height=46
ZSETTINGS CONTROL index=104 x=298 y=177 width=840 height=46
ZSETTINGS CONTROL index=105 x=298 y=227 width=840 height=46
ZSETTINGS CONTROL index=106 x=298 y=277 width=840 height=46
ZSETTINGS CONTROL index=107 x=298 y=327 width=840 height=46
ZSETTINGS CONTROL index=108 x=298 y=377 width=840 height=46
ZSETTINGS CONTROL index=109 x=298 y=427 width=840 height=46
ZSETTINGS CONTROL index=110 x=298 y=477 width=840 height=46
ZSETTINGS CONTROL index=111 x=298 y=527 width=840 height=46
ZSETTINGS CONTROL index=112 x=298 y=577 width=840 height=46
ZSETTINGS CONTROL index=113 x=298 y=627 width=840 height=46
ZSETTINGS CONTROL index=114 x=298 y=677 width=840 height=46
ZSETTINGS TOUCH scroll end pane=page scroll=274
KWL SYSTEM result client=3 object=42 request=639 applied=0
KWL TOUCH down client=3 surface=19 contact=0 x=1005 y=571
ZSETTINGS TOUCH scroll start pane=page
ZSETTINGS LAYOUT page=wifi controls=16
ZSETTINGS CONTROL index=1 x=1082 y=-151 width=52 height=32
ZSETTINGS CONTROL index=100 x=298 y=-13 width=840 height=46
ZSETTINGS CONTROL index=101 x=298 y=37 width=840 height=46
ZSETTINGS CONTROL index=102 x=298 y=87 width=840 height=46
ZSETTINGS CONTROL index=103 x=298 y=137 width=840 height=46
ZSETTINGS CONTROL index=104 x=298 y=187 width=840 height=46
ZSETTINGS CONTROL index=105 x=298 y=237 width=840 height=46
ZSETTINGS CONTROL index=106 x=298 y=287 width=840 height=46
ZSETTINGS CONTROL index=107 x=298 y=337 width=840 height=46
ZSETTINGS CONTROL index=108 x=298 y=387 width=840 height=46
ZSETTINGS CONTROL index=109 x=298 y=437 width=840 height=46
ZSETTINGS CONTROL index=110 x=298 y=487 width=840 height=46
ZSETTINGS CONTROL index=111 x=298 y=537 width=840 height=46
ZSETTINGS CONTROL index=112 x=298 y=587 width=840 height=46
ZSETTINGS CONTROL index=113 x=298 y=637 width=840 height=46
ZSETTINGS CONTROL index=114 x=298 y=687 width=840 height=46
ZSETTINGS LAYOUT page=wifi controls=16
ZSETTINGS CONTROL index=1 x=1082 y=-137 width=52 height=32
ZSETTINGS CONTROL index=100 x=298 y=1 width=840 height=46
ZSETTINGS CONTROL index=101 x=298 y=51 width=840 height=46
ZSETTINGS CONTROL index=102 x=298 y=101 width=840 height=46
ZSETTINGS CONTROL index=103 x=298 y=151 width=840 height=46
ZSETTINGS CONTROL index=104 x=298 y=201 width=840 height=46
ZSETTINGS CONTROL index=105 x=298 y=251 width=840 height=46
ZSETTINGS CONTROL index=106 x=298 y=301 width=840 height=46
ZSETTINGS CONTROL index=107 x=298 y=351 width=840 height=46
ZSETTINGS CONTROL index=108 x=298 y=401 width=840 height=46
ZSETTINGS CONTROL index=109 x=298 y=451 width=840 height=46
ZSETTINGS CONTROL index=110 x=298 y=501 width=840 height=46
ZSETTINGS CONTROL index=111 x=298 y=551 width=840 height=46
ZSETTINGS CONTROL index=112 x=298 y=601 width=840 height=46
ZSETTINGS CONTROL index=113 x=298 y=651 width=840 height=46
ZSETTINGS CONTROL index=114 x=298 y=701 width=840 height=46
ZSETTINGS LAYOUT page=wifi controls=16
ZSETTINGS CONTROL index=1 x=1082 y=-110 width=52 height=32
ZSETTINGS CONTROL index=100 x=298 y=28 width=840 height=46
ZSETTINGS CONTROL index=101 x=298 y=78 width=840 height=46
ZSETTINGS CONTROL index=102 x=298 y=128 width=840 height=46
ZSETTINGS CONTROL index=103 x=298 y=178 width=840 height=46
ZSETTINGS CONTROL index=104 x=298 y=228 width=840 height=46
ZSETTINGS CONTROL index=105 x=298 y=278 width=840 height=46
ZSETTINGS CONTROL index=106 x=298 y=328 width=840 height=46
ZSETTINGS CONTROL index=107 x=298 y=378 width=840 height=46
ZSETTINGS CONTROL index=108 x=298 y=428 width=840 height=46
ZSETTINGS CONTROL index=109 x=298 y=478 width=840 height=46
ZSETTINGS CONTROL index=110 x=298 y=528 width=840 height=46
ZSETTINGS CONTROL index=111 x=298 y=578 width=840 height=46
ZSETTINGS CONTROL index=112 x=298 y=628 width=840 height=46
ZSETTINGS CONTROL index=113 x=298 y=678 width=840 height=46
ZSETTINGS CONTROL index=114 x=298 y=728 width=840 height=46
ZSETTINGS LAYOUT page=wifi controls=16
ZSETTINGS CONTROL index=1 x=1082 y=-100 width=52 height=32
ZSETTINGS CONTROL index=100 x=298 y=38 width=840 height=46
ZSETTINGS CONTROL index=101 x=298 y=88 width=840 height=46
ZSETTINGS CONTROL index=102 x=298 y=138 width=840 height=46
ZSETTINGS CONTROL index=103 x=298 y=188 width=840 height=46
ZSETTINGS CONTROL index=104 x=298 y=238 width=840 height=46
ZSETTINGS CONTROL index=105 x=298 y=288 width=840 height=46
ZSETTINGS CONTROL index=106 x=298 y=338 width=840 height=46
ZSETTINGS CONTROL index=107 x=298 y=388 width=840 height=46
ZSETTINGS CONTROL index=108 x=298 y=438 width=840 height=46
ZSETTINGS CONTROL index=109 x=298 y=488 width=840 height=46
ZSETTINGS CONTROL index=110 x=298 y=538 width=840 height=46
ZSETTINGS CONTROL index=111 x=298 y=588 width=840 height=46
ZSETTINGS CONTROL index=112 x=298 y=638 width=840 height=46
ZSETTINGS CONTROL index=113 x=298 y=688 width=840 height=46
ZSETTINGS CONTROL index=114 x=298 y=738 width=840 height=46
ZSETTINGS LAYOUT page=wifi controls=16
ZSETTINGS CONTROL index=1 x=1082 y=-51 width=52 height=32
ZSETTINGS CONTROL index=100 x=298 y=87 width=840 height=46
ZSETTINGS CONTROL index=101 x=298 y=137 width=840 height=46
ZSETTINGS CONTROL index=102 x=298 y=187 width=840 height=46
ZSETTINGS CONTROL index=103 x=298 y=237 width=840 height=46
ZSETTINGS CONTROL index=104 x=298 y=287 width=840 height=46
ZSETTINGS CONTROL index=105 x=298 y=337 width=840 height=46
ZSETTINGS CONTROL index=106 x=298 y=387 width=840 height=46
ZSETTINGS CONTROL index=107 x=298 y=437 width=840 height=46
ZSETTINGS CONTROL index=108 x=298 y=487 width=840 height=46
ZSETTINGS CONTROL index=109 x=298 y=537 width=840 height=46
ZSETTINGS CONTROL index=110 x=298 y=587 width=840 height=46
ZSETTINGS CONTROL index=111 x=298 y=637 width=840 height=46
ZSETTINGS CONTROL index=112 x=298 y=687 width=840 height=46
ZSETTINGS CONTROL index=113 x=298 y=737 width=840 height=46
ZSETTINGS CONTROL index=114 x=298 y=787 width=840 height=46
ZSETTINGS LAYOUT page=wifi controls=16
ZSETTINGS CONTROL index=1 x=1082 y=-18 width=52 height=32
ZSETTINGS CONTROL index=100 x=298 y=120 width=840 height=46
ZSETTINGS CONTROL index=101 x=298 y=170 width=840 height=46
ZSETTINGS CONTROL index=102 x=298 y=220 width=840 height=46
ZSETTINGS CONTROL index=103 x=298 y=270 width=840 height=46
ZSETTINGS CONTROL index=104 x=298 y=320 width=840 height=46
ZSETTINGS CONTROL index=105 x=298 y=370 width=840 height=46
ZSETTINGS CONTROL index=106 x=298 y=420 width=840 height=46
ZSETTINGS CONTROL index=107 x=298 y=470 width=840 height=46
ZSETTINGS CONTROL index=108 x=298 y=520 width=840 height=46
ZSETTINGS CONTROL index=109 x=298 y=570 width=840 height=46
ZSETTINGS CONTROL index=110 x=298 y=620 width=840 height=46
ZSETTINGS CONTROL index=111 x=298 y=670 width=840 height=46
ZSETTINGS CONTROL index=112 x=298 y=720 width=840 height=46
ZSETTINGS CONTROL index=113 x=298 y=770 width=840 height=46
ZSETTINGS CONTROL index=114 x=298 y=820 width=840 height=46
ZSETTINGS LAYOUT page=wifi controls=16
ZSETTINGS CONTROL index=1 x=1082 y=15 width=52 height=32
ZSETTINGS CONTROL index=100 x=298 y=153 width=840 height=46
ZSETTINGS CONTROL index=101 x=298 y=203 width=840 height=46
ZSETTINGS CONTROL index=102 x=298 y=253 width=840 height=46
ZSETTINGS CONTROL index=103 x=298 y=303 width=840 height=46
ZSETTINGS CONTROL index=104 x=298 y=353 width=840 height=46
ZSETTINGS CONTROL index=105 x=298 y=403 width=840 height=46
ZSETTINGS CONTROL index=106 x=298 y=453 width=840 height=46
ZSETTINGS CONTROL index=107 x=298 y=503 width=840 height=46
ZSETTINGS CONTROL index=108 x=298 y=553 width=840 height=46
ZSETTINGS CONTROL index=109 x=298 y=603 width=840 height=46
ZSETTINGS CONTROL index=110 x=298 y=653 width=840 height=46
ZSETTINGS CONTROL index=111 x=298 y=703 width=840 height=46
ZSETTINGS CONTROL index=112 x=298 y=753 width=840 height=46
ZSETTINGS CONTROL index=113 x=298 y=803 width=840 height=46
ZSETTINGS CONTROL index=114 x=298 y=853 width=840 height=46
ZSETTINGS LAYOUT page=wifi controls=16
ZSETTINGS CONTROL index=1 x=1082 y=47 width=52 height=32
ZSETTINGS CONTROL index=100 x=298 y=185 width=840 height=46
ZSETTINGS CONTROL index=101 x=298 y=235 width=840 height=46
ZSETTINGS CONTROL index=102 x=298 y=285 width=840 height=46
ZSETTINGS CONTROL index=103 x=298 y=335 width=840 height=46
ZSETTINGS CONTROL index=104 x=298 y=385 width=840 height=46
ZSETTINGS CONTROL index=105 x=298 y=435 width=840 height=46
ZSETTINGS CONTROL index=106 x=298 y=485 width=840 height=46
ZSETTINGS CONTROL index=107 x=298 y=535 width=840 height=46
ZSETTINGS CONTROL index=108 x=298 y=585 width=840 height=46
ZSETTINGS CONTROL index=109 x=298 y=635 width=840 height=46
ZSETTINGS CONTROL index=110 x=298 y=685 width=840 height=46
ZSETTINGS CONTROL index=111 x=298 y=735 width=840 height=46
ZSETTINGS CONTROL index=112 x=298 y=785 width=840 height=46
ZSETTINGS CONTROL index=113 x=298 y=835 width=840 height=46
ZSETTINGS CONTROL index=114 x=298 y=885 width=840 height=46
ZSETTINGS LAYOUT page=wifi controls=16
ZSETTINGS CONTROL index=1 x=1082 y=74 width=52 height=32
ZSETTINGS CONTROL index=100 x=298 y=212 width=840 height=46
ZSETTINGS CONTROL index=101 x=298 y=262 width=840 height=46
ZSETTINGS CONTROL index=102 x=298 y=312 width=840 height=46
ZSETTINGS CONTROL index=103 x=298 y=362 width=840 height=46
ZSETTINGS CONTROL index=104 x=298 y=412 width=840 height=46
ZSETTINGS CONTROL index=105 x=298 y=462 width=840 height=46
ZSETTINGS CONTROL index=106 x=298 y=512 width=840 height=46
ZSETTINGS CONTROL index=107 x=298 y=562 width=840 height=46
ZSETTINGS CONTROL index=108 x=298 y=612 width=840 height=46
ZSETTINGS CONTROL index=109 x=298 y=662 width=840 height=46
ZSETTINGS CONTROL index=110 x=298 y=712 width=840 height=46
ZSETTINGS CONTROL index=111 x=298 y=762 width=840 height=46
ZSETTINGS CONTROL index=112 x=298 y=812 width=840 height=46
ZSETTINGS CONTROL index=113 x=298 y=862 width=840 height=46
ZSETTINGS CONTROL index=114 x=298 y=912 width=840 height=46
ZSETTINGS LAYOUT page=wifi controls=16
ZSETTINGS CONTROL index=1 x=1082 y=100 width=52 height=32
ZSETTINGS CONTROL index=100 x=298 y=238 width=840 height=46
ZSETTINGS CONTROL index=101 x=298 y=288 width=840 height=46
ZSETTINGS CONTROL index=102 x=298 y=338 width=840 height=46
ZSETTINGS CONTROL index=103 x=298 y=388 width=840 height=46
ZSETTINGS CONTROL index=104 x=298 y=438 width=840 height=46
ZSETTINGS CONTROL index=105 x=298 y=488 width=840 height=46
ZSETTINGS CONTROL index=106 x=298 y=538 width=840 height=46
ZSETTINGS CONTROL index=107 x=298 y=588 width=840 height=46
ZSETTINGS CONTROL index=108 x=298 y=638 width=840 height=46
ZSETTINGS CONTROL index=109 x=298 y=688 width=840 height=46
ZSETTINGS CONTROL index=110 x=298 y=738 width=840 height=46
ZSETTINGS CONTROL index=111 x=298 y=788 width=840 height=46
ZSETTINGS CONTROL index=112 x=298 y=838 width=840 height=46
ZSETTINGS CONTROL index=113 x=298 y=888 width=840 height=46
ZSETTINGS CONTROL index=114 x=298 y=938 width=840 height=46
ZSETTINGS LAYOUT page=wifi controls=16
ZSETTINGS CONTROL index=1 x=1082 y=113 width=52 height=32
ZSETTINGS CONTROL index=100 x=298 y=251 width=840 height=46
ZSETTINGS CONTROL index=101 x=298 y=301 width=840 height=46
ZSETTINGS CONTROL index=102 x=298 y=351 width=840 height=46
ZSETTINGS CONTROL index=103 x=298 y=401 width=840 height=46
ZSETTINGS CONTROL index=104 x=298 y=451 width=840 height=46
ZSETTINGS CONTROL index=105 x=298 y=501 width=840 height=46
ZSETTINGS CONTROL index=106 x=298 y=551 width=840 height=46
ZSETTINGS CONTROL index=107 x=298 y=601 width=840 height=46
ZSETTINGS CONTROL index=108 x=298 y=651 width=840 height=46
ZSETTINGS CONTROL index=109 x=298 y=701 width=840 height=46
ZSETTINGS CONTROL index=110 x=298 y=751 width=840 height=46
ZSETTINGS CONTROL index=111 x=298 y=801 width=840 height=46
ZSETTINGS CONTROL index=112 x=298 y=851 width=840 height=46
ZSETTINGS CONTROL index=113 x=298 y=901 width=840 height=46
ZSETTINGS CONTROL index=114 x=298 y=951 width=840 height=46
KWL SYSTEM result client=3 object=42 request=640 applied=0
ZSETTINGS TOUCH scroll end pane=page scroll=0
KWL TOUCH down client=3 surface=19 contact=0 x=1013 y=1038
ZSETTINGS TOUCH scroll start pane=page
ZSETTINGS LAYOUT page=wifi controls=16
ZSETTINGS CONTROL index=1 x=1082 y=102 width=52 height=32
ZSETTINGS CONTROL index=100 x=298 y=240 width=840 height=46
ZSETTINGS CONTROL index=101 x=298 y=290 width=840 height=46
ZSETTINGS CONTROL index=102 x=298 y=340 width=840 height=46
ZSETTINGS CONTROL index=103 x=298 y=390 width=840 height=46
ZSETTINGS CONTROL index=104 x=298 y=440 width=840 height=46
ZSETTINGS CONTROL index=105 x=298 y=490 width=840 height=46
ZSETTINGS CONTROL index=106 x=298 y=540 width=840 height=46
ZSETTINGS CONTROL index=107 x=298 y=590 width=840 height=46
ZSETTINGS CONTROL index=108 x=298 y=640 width=840 height=46
ZSETTINGS CONTROL index=109 x=298 y=690 width=840 height=46
ZSETTINGS CONTROL index=110 x=298 y=740 width=840 height=46
ZSETTINGS CONTROL index=111 x=298 y=790 width=840 height=46
ZSETTINGS CONTROL index=112 x=298 y=840 width=840 height=46
ZSETTINGS CONTROL index=113 x=298 y=890 width=840 height=46
ZSETTINGS CONTROL index=114 x=298 y=940 width=840 height=46
ZSETTINGS LAYOUT page=wifi controls=16
ZSETTINGS CONTROL index=1 x=1082 y=62 width=52 height=32
ZSETTINGS CONTROL index=100 x=298 y=200 width=840 height=46
ZSETTINGS CONTROL index=101 x=298 y=250 width=840 height=46
ZSETTINGS CONTROL index=102 x=298 y=300 width=840 height=46
ZSETTINGS CONTROL index=103 x=298 y=350 width=840 height=46
ZSETTINGS CONTROL index=104 x=298 y=400 width=840 height=46
ZSETTINGS CONTROL index=105 x=298 y=450 width=840 height=46
ZSETTINGS CONTROL index=106 x=298 y=500 width=840 height=46
ZSETTINGS CONTROL index=107 x=298 y=550 width=840 height=46
ZSETTINGS CONTROL index=108 x=298 y=600 width=840 height=46
ZSETTINGS CONTROL index=109 x=298 y=650 width=840 height=46
ZSETTINGS CONTROL index=110 x=298 y=700 width=840 height=46
ZSETTINGS CONTROL index=111 x=298 y=750 width=840 height=46
ZSETTINGS CONTROL index=112 x=298 y=800 width=840 height=46
ZSETTINGS CONTROL index=113 x=298 y=850 width=840 height=46
ZSETTINGS CONTROL index=114 x=298 y=900 width=840 height=46
ZSETTINGS LAYOUT page=wifi controls=16
ZSETTINGS CONTROL index=1 x=1082 y=28 width=52 height=32
ZSETTINGS CONTROL index=100 x=298 y=166 width=840 height=46
ZSETTINGS CONTROL index=101 x=298 y=216 width=840 height=46
ZSETTINGS CONTROL index=102 x=298 y=266 width=840 height=46
ZSETTINGS CONTROL index=103 x=298 y=316 width=840 height=46
ZSETTINGS CONTROL index=104 x=298 y=366 width=840 height=46
ZSETTINGS CONTROL index=105 x=298 y=416 width=840 height=46
ZSETTINGS CONTROL index=106 x=298 y=466 width=840 height=46
ZSETTINGS CONTROL index=107 x=298 y=516 width=840 height=46
ZSETTINGS CONTROL index=108 x=298 y=566 width=840 height=46
ZSETTINGS CONTROL index=109 x=298 y=616 width=840 height=46
ZSETTINGS CONTROL index=110 x=298 y=666 width=840 height=46
ZSETTINGS CONTROL index=111 x=298 y=716 width=840 height=46
ZSETTINGS CONTROL index=112 x=298 y=766 width=840 height=46
ZSETTINGS CONTROL index=113 x=298 y=816 width=840 height=46
ZSETTINGS CONTROL index=114 x=298 y=866 width=840 height=46
ZSETTINGS LAYOUT page=wifi controls=16
ZSETTINGS CONTROL index=1 x=1082 y=-90 width=52 height=32
ZSETTINGS CONTROL index=100 x=298 y=48 width=840 height=46
ZSETTINGS CONTROL index=101 x=298 y=98 width=840 height=46
ZSETTINGS CONTROL index=102 x=298 y=148 width=840 height=46
ZSETTINGS CONTROL index=103 x=298 y=198 width=840 height=46
ZSETTINGS CONTROL index=104 x=298 y=248 width=840 height=46
ZSETTINGS CONTROL index=105 x=298 y=298 width=840 height=46
ZSETTINGS CONTROL index=106 x=298 y=348 width=840 height=46
ZSETTINGS CONTROL index=107 x=298 y=398 width=840 height=46
ZSETTINGS CONTROL index=108 x=298 y=448 width=840 height=46
ZSETTINGS CONTROL index=109 x=298 y=498 width=840 height=46
ZSETTINGS CONTROL index=110 x=298 y=548 width=840 height=46
ZSETTINGS CONTROL index=111 x=298 y=598 width=840 height=46
ZSETTINGS CONTROL index=112 x=298 y=648 width=840 height=46
ZSETTINGS CONTROL index=113 x=298 y=698 width=840 height=46
ZSETTINGS CONTROL index=114 x=298 y=748 width=840 height=46
ZSETTINGS TOUCH scroll end pane=page scroll=265
ZSETTINGS LAYOUT page=wifi controls=16
ZSETTINGS CONTROL index=1 x=1082 y=-152 width=52 height=32
ZSETTINGS CONTROL index=100 x=298 y=-14 width=840 height=46
ZSETTINGS CONTROL index=101 x=298 y=36 width=840 height=46
ZSETTINGS CONTROL index=102 x=298 y=86 width=840 height=46
ZSETTINGS CONTROL index=103 x=298 y=136 width=840 height=46
ZSETTINGS CONTROL index=104 x=298 y=186 width=840 height=46
ZSETTINGS CONTROL index=105 x=298 y=236 width=840 height=46
ZSETTINGS CONTROL index=106 x=298 y=286 width=840 height=46
ZSETTINGS CONTROL index=107 x=298 y=336 width=840 height=46
ZSETTINGS CONTROL index=108 x=298 y=386 width=840 height=46
ZSETTINGS CONTROL index=109 x=298 y=436 width=840 height=46
ZSETTINGS CONTROL index=110 x=298 y=486 width=840 height=46
ZSETTINGS CONTROL index=111 x=298 y=536 width=840 height=46
ZSETTINGS CONTROL index=112 x=298 y=586 width=840 height=46
ZSETTINGS CONTROL index=113 x=298 y=636 width=840 height=46
ZSETTINGS CONTROL index=114 x=298 y=686 width=840 height=46
KWL PERF 5001ms: passes=553 timeouts=403 | poll 86.9% work 12.7%
KWL PERF compose frames=38 draw_ms=14.74 (acquire 0.04 submit+present 14.33) frame_ms=16.23
KWL NETWORK scan count=15
ZSETTINGS NETWORK scan count=15
KWL SYSTEM result client=3 object=42 request=641 applied=0
KWL TOUCH down client=3 surface=19 contact=0 x=1021 y=610
ZSETTINGS TOUCH scroll start pane=page
ZSETTINGS LAYOUT page=wifi controls=16
ZSETTINGS CONTROL index=1 x=1082 y=-93 width=52 height=32
ZSETTINGS CONTROL index=100 x=298 y=45 width=840 height=46
ZSETTINGS CONTROL index=101 x=298 y=95 width=840 height=46
ZSETTINGS CONTROL index=102 x=298 y=145 width=840 height=46
ZSETTINGS CONTROL index=103 x=298 y=195 width=840 height=46
ZSETTINGS CONTROL index=104 x=298 y=245 width=840 height=46
ZSETTINGS CONTROL index=105 x=298 y=295 width=840 height=46
ZSETTINGS CONTROL index=106 x=298 y=345 width=840 height=46
ZSETTINGS CONTROL index=107 x=298 y=395 width=840 height=46
ZSETTINGS CONTROL index=108 x=298 y=445 width=840 height=46
ZSETTINGS CONTROL index=109 x=298 y=495 width=840 height=46
ZSETTINGS CONTROL index=110 x=298 y=545 width=840 height=46
ZSETTINGS CONTROL index=111 x=298 y=595 width=840 height=46
ZSETTINGS CONTROL index=112 x=298 y=645 width=840 height=46
ZSETTINGS CONTROL index=113 x=298 y=695 width=840 height=46
ZSETTINGS CONTROL index=114 x=298 y=745 width=840 height=46
ZSETTINGS LAYOUT page=wifi controls=16
ZSETTINGS CONTROL index=1 x=1082 y=35 width=52 height=32
ZSETTINGS CONTROL index=100 x=298 y=173 width=840 height=46
ZSETTINGS CONTROL index=101 x=298 y=223 width=840 height=46
ZSETTINGS CONTROL index=102 x=298 y=273 width=840 height=46
ZSETTINGS CONTROL index=103 x=298 y=323 width=840 height=46
ZSETTINGS CONTROL index=104 x=298 y=373 width=840 height=46
ZSETTINGS CONTROL index=105 x=298 y=423 width=840 height=46
ZSETTINGS CONTROL index=106 x=298 y=473 width=840 height=46
ZSETTINGS CONTROL index=107 x=298 y=523 width=840 height=46
ZSETTINGS CONTROL index=108 x=298 y=573 width=840 height=46
ZSETTINGS CONTROL index=109 x=298 y=623 width=840 height=46
ZSETTINGS CONTROL index=110 x=298 y=673 width=840 height=46
ZSETTINGS CONTROL index=111 x=298 y=723 width=840 height=46
ZSETTINGS CONTROL index=112 x=298 y=773 width=840 height=46
ZSETTINGS CONTROL index=113 x=298 y=823 width=840 height=46
ZSETTINGS CONTROL index=114 x=298 y=873 width=840 height=46
ZSETTINGS LAYOUT page=wifi controls=16
ZSETTINGS CONTROL index=1 x=1082 y=113 width=52 height=32
ZSETTINGS CONTROL index=100 x=298 y=251 width=840 height=46
ZSETTINGS CONTROL index=101 x=298 y=301 width=840 height=46
ZSETTINGS CONTROL index=102 x=298 y=351 width=840 height=46
ZSETTINGS CONTROL index=103 x=298 y=401 width=840 height=46
ZSETTINGS CONTROL index=104 x=298 y=451 width=840 height=46
ZSETTINGS CONTROL index=105 x=298 y=501 width=840 height=46
ZSETTINGS CONTROL index=106 x=298 y=551 width=840 height=46
ZSETTINGS CONTROL index=107 x=298 y=601 width=840 height=46
ZSETTINGS CONTROL index=108 x=298 y=651 width=840 height=46
ZSETTINGS CONTROL index=109 x=298 y=701 width=840 height=46
ZSETTINGS CONTROL index=110 x=298 y=751 width=840 height=46
ZSETTINGS CONTROL index=111 x=298 y=801 width=840 height=46
ZSETTINGS CONTROL index=112 x=298 y=851 width=840 height=46
ZSETTINGS CONTROL index=113 x=298 y=901 width=840 height=46
ZSETTINGS CONTROL index=114 x=298 y=951 width=840 height=46
ZSETTINGS TOUCH scroll end pane=page scroll=0
KWL TOUCH down client=3 surface=19 contact=0 x=1020 y=1013
ZSETTINGS TOUCH scroll start pane=page
ZSETTINGS LAYOUT page=wifi controls=16
ZSETTINGS CONTROL index=1 x=1082 y=99 width=52 height=32
ZSETTINGS CONTROL index=100 x=298 y=237 width=840 height=46
ZSETTINGS CONTROL index=101 x=298 y=287 width=840 height=46
ZSETTINGS CONTROL index=102 x=298 y=337 width=840 height=46
ZSETTINGS CONTROL index=103 x=298 y=387 width=840 height=46
ZSETTINGS CONTROL index=104 x=298 y=437 width=840 height=46
ZSETTINGS CONTROL index=105 x=298 y=487 width=840 height=46
ZSETTINGS CONTROL index=106 x=298 y=537 width=840 height=46
ZSETTINGS CONTROL index=107 x=298 y=587 width=840 height=46
ZSETTINGS CONTROL index=108 x=298 y=637 width=840 height=46
ZSETTINGS CONTROL index=109 x=298 y=687 width=840 height=46
ZSETTINGS CONTROL index=110 x=298 y=737 width=840 height=46
ZSETTINGS CONTROL index=111 x=298 y=787 width=840 height=46
ZSETTINGS CONTROL index=112 x=298 y=837 width=840 height=46
ZSETTINGS CONTROL index=113 x=298 y=887 width=840 height=46
ZSETTINGS CONTROL index=114 x=298 y=937 width=840 height=46
ZSETTINGS LAYOUT page=wifi controls=16
ZSETTINGS CONTROL index=1 x=1082 y=85 width=52 height=32
ZSETTINGS CONTROL index=100 x=298 y=223 width=840 height=46
ZSETTINGS CONTROL index=101 x=298 y=273 width=840 height=46
ZSETTINGS CONTROL index=102 x=298 y=323 width=840 height=46
ZSETTINGS CONTROL index=103 x=298 y=373 width=840 height=46
ZSETTINGS CONTROL index=104 x=298 y=423 width=840 height=46
ZSETTINGS CONTROL index=105 x=298 y=473 width=840 height=46
ZSETTINGS CONTROL index=106 x=298 y=523 width=840 height=46
ZSETTINGS CONTROL index=107 x=298 y=573 width=840 height=46
ZSETTINGS CONTROL index=108 x=298 y=623 width=840 height=46
ZSETTINGS CONTROL index=109 x=298 y=673 width=840 height=46
ZSETTINGS CONTROL index=110 x=298 y=723 width=840 height=46
ZSETTINGS CONTROL index=111 x=298 y=773 width=840 height=46
ZSETTINGS CONTROL index=112 x=298 y=823 width=840 height=46
ZSETTINGS CONTROL index=113 x=298 y=873 width=840 height=46
ZSETTINGS CONTROL index=114 x=298 y=923 width=840 height=46
ZSETTINGS LAYOUT page=wifi controls=16
ZSETTINGS CONTROL index=1 x=1082 y=56 width=52 height=32
ZSETTINGS CONTROL index=100 x=298 y=194 width=840 height=46
ZSETTINGS CONTROL index=101 x=298 y=244 width=840 height=46
ZSETTINGS CONTROL index=102 x=298 y=294 width=840 height=46
ZSETTINGS CONTROL index=103 x=298 y=344 width=840 height=46
ZSETTINGS CONTROL index=104 x=298 y=394 width=840 height=46
ZSETTINGS CONTROL index=105 x=298 y=444 width=840 height=46
ZSETTINGS CONTROL index=106 x=298 y=494 width=840 height=46
ZSETTINGS CONTROL index=107 x=298 y=544 width=840 height=46
ZSETTINGS CONTROL index=108 x=298 y=594 width=840 height=46
ZSETTINGS CONTROL index=109 x=298 y=644 width=840 height=46
ZSETTINGS CONTROL index=110 x=298 y=694 width=840 height=46
ZSETTINGS CONTROL index=111 x=298 y=744 width=840 height=46
ZSETTINGS CONTROL index=112 x=298 y=794 width=840 height=46
ZSETTINGS CONTROL index=113 x=298 y=844 width=840 height=46
ZSETTINGS CONTROL index=114 x=298 y=894 width=840 height=46
ZSETTINGS LAYOUT page=wifi controls=16
ZSETTINGS CONTROL index=1 x=1082 y=36 width=52 height=32
ZSETTINGS CONTROL index=100 x=298 y=174 width=840 height=46
ZSETTINGS CONTROL index=101 x=298 y=224 width=840 height=46
ZSETTINGS CONTROL index=102 x=298 y=274 width=840 height=46
ZSETTINGS CONTROL index=103 x=298 y=324 width=840 height=46
ZSETTINGS CONTROL index=104 x=298 y=374 width=840 height=46
ZSETTINGS CONTROL index=105 x=298 y=424 width=840 height=46
ZSETTINGS CONTROL index=106 x=298 y=474 width=840 height=46
ZSETTINGS CONTROL index=107 x=298 y=524 width=840 height=46
ZSETTINGS CONTROL index=108 x=298 y=574 width=840 height=46
ZSETTINGS CONTROL index=109 x=298 y=624 width=840 height=46
ZSETTINGS CONTROL index=110 x=298 y=674 width=840 height=46
ZSETTINGS CONTROL index=111 x=298 y=724 width=840 height=46
ZSETTINGS CONTROL index=112 x=298 y=774 width=840 height=46
ZSETTINGS CONTROL index=113 x=298 y=824 width=840 height=46
ZSETTINGS CONTROL index=114 x=298 y=874 width=840 height=46
ZSETTINGS LAYOUT page=wifi controls=16
ZSETTINGS CONTROL index=1 x=1082 y=17 width=52 height=32
ZSETTINGS CONTROL index=100 x=298 y=155 width=840 height=46
ZSETTINGS CONTROL index=101 x=298 y=205 width=840 height=46
ZSETTINGS CONTROL index=102 x=298 y=255 width=840 height=46
ZSETTINGS CONTROL index=103 x=298 y=305 width=840 height=46
ZSETTINGS CONTROL index=104 x=298 y=355 width=840 height=46
ZSETTINGS CONTROL index=105 x=298 y=405 width=840 height=46
ZSETTINGS CONTROL index=106 x=298 y=455 width=840 height=46
ZSETTINGS CONTROL index=107 x=298 y=505 width=840 height=46
ZSETTINGS CONTROL index=108 x=298 y=555 width=840 height=46
ZSETTINGS CONTROL index=109 x=298 y=605 width=840 height=46
ZSETTINGS CONTROL index=110 x=298 y=655 width=840 height=46
ZSETTINGS CONTROL index=111 x=298 y=705 width=840 height=46
ZSETTINGS CONTROL index=112 x=298 y=755 width=840 height=46
ZSETTINGS CONTROL index=113 x=298 y=805 width=840 height=46
ZSETTINGS CONTROL index=114 x=298 y=855 width=840 height=46
ZSETTINGS LAYOUT page=wifi controls=16
ZSETTINGS CONTROL index=1 x=1082 y=6 width=52 height=32
ZSETTINGS CONTROL index=100 x=298 y=144 width=840 height=46
ZSETTINGS CONTROL index=101 x=298 y=194 width=840 height=46
ZSETTINGS CONTROL index=102 x=298 y=244 width=840 height=46
ZSETTINGS CONTROL index=103 x=298 y=294 width=840 height=46
ZSETTINGS CONTROL index=104 x=298 y=344 width=840 height=46
ZSETTINGS CONTROL index=105 x=298 y=394 width=840 height=46
ZSETTINGS CONTROL index=106 x=298 y=444 width=840 height=46
ZSETTINGS CONTROL index=107 x=298 y=494 width=840 height=46
ZSETTINGS CONTROL index=108 x=298 y=544 width=840 height=46
ZSETTINGS CONTROL index=109 x=298 y=594 width=840 height=46
ZSETTINGS CONTROL index=110 x=298 y=644 width=840 height=46
ZSETTINGS CONTROL index=111 x=298 y=694 width=840 height=46
ZSETTINGS CONTROL index=112 x=298 y=744 width=840 height=46
ZSETTINGS CONTROL index=113 x=298 y=794 width=840 height=46
ZSETTINGS CONTROL index=114 x=298 y=844 width=840 height=46
ZSETTINGS LAYOUT page=wifi controls=16
ZSETTINGS CONTROL index=1 x=1082 y=-2 width=52 height=32
ZSETTINGS CONTROL index=100 x=298 y=136 width=840 height=46
ZSETTINGS CONTROL index=101 x=298 y=186 width=840 height=46
ZSETTINGS CONTROL index=102 x=298 y=236 width=840 height=46
ZSETTINGS CONTROL index=103 x=298 y=286 width=840 height=46
ZSETTINGS CONTROL index=104 x=298 y=336 width=840 height=46
ZSETTINGS CONTROL index=105 x=298 y=386 width=840 height=46
ZSETTINGS CONTROL index=106 x=298 y=436 width=840 height=46
ZSETTINGS CONTROL index=107 x=298 y=486 width=840 height=46
ZSETTINGS CONTROL index=108 x=298 y=536 width=840 height=46
ZSETTINGS CONTROL index=109 x=298 y=586 width=840 height=46
ZSETTINGS CONTROL index=110 x=298 y=636 width=840 height=46
ZSETTINGS CONTROL index=111 x=298 y=686 width=840 height=46
ZSETTINGS CONTROL index=112 x=298 y=736 width=840 height=46
ZSETTINGS CONTROL index=113 x=298 y=786 width=840 height=46
ZSETTINGS CONTROL index=114 x=298 y=836 width=840 height=46
ZSETTINGS LAYOUT page=wifi controls=16
ZSETTINGS CONTROL index=1 x=1082 y=-7 width=52 height=32
ZSETTINGS CONTROL index=100 x=298 y=131 width=840 height=46
ZSETTINGS CONTROL index=101 x=298 y=181 width=840 height=46
ZSETTINGS CONTROL index=102 x=298 y=231 width=840 height=46
ZSETTINGS CONTROL index=103 x=298 y=281 width=840 height=46
ZSETTINGS CONTROL index=104 x=298 y=331 width=840 height=46
ZSETTINGS CONTROL index=105 x=298 y=381 width=840 height=46
ZSETTINGS CONTROL index=106 x=298 y=431 width=840 height=46
ZSETTINGS CONTROL index=107 x=298 y=481 width=840 height=46
ZSETTINGS CONTROL index=108 x=298 y=531 width=840 height=46
ZSETTINGS CONTROL index=109 x=298 y=581 width=840 height=46
ZSETTINGS CONTROL index=110 x=298 y=631 width=840 height=46
ZSETTINGS CONTROL index=111 x=298 y=681 width=840 height=46
ZSETTINGS CONTROL index=112 x=298 y=731 width=840 height=46
ZSETTINGS CONTROL index=113 x=298 y=781 width=840 height=46
ZSETTINGS CONTROL index=114 x=298 y=831 width=840 height=46
ZSETTINGS LAYOUT page=wifi controls=16
ZSETTINGS CONTROL index=1 x=1082 y=-11 width=52 height=32
ZSETTINGS CONTROL index=100 x=298 y=127 width=840 height=46
ZSETTINGS CONTROL index=101 x=298 y=177 width=840 height=46
ZSETTINGS CONTROL index=102 x=298 y=227 width=840 height=46
ZSETTINGS CONTROL index=103 x=298 y=277 width=840 height=46
ZSETTINGS CONTROL index=104 x=298 y=327 width=840 height=46
ZSETTINGS CONTROL index=105 x=298 y=377 width=840 height=46
ZSETTINGS CONTROL index=106 x=298 y=427 width=840 height=46
ZSETTINGS CONTROL index=107 x=298 y=477 width=840 height=46
ZSETTINGS CONTROL index=108 x=298 y=527 width=840 height=46
ZSETTINGS CONTROL index=109 x=298 y=577 width=840 height=46
ZSETTINGS CONTROL index=110 x=298 y=627 width=840 height=46
ZSETTINGS CONTROL index=111 x=298 y=677 width=840 height=46
ZSETTINGS CONTROL index=112 x=298 y=727 width=840 height=46
ZSETTINGS CONTROL index=113 x=298 y=777 width=840 height=46
ZSETTINGS CONTROL index=114 x=298 y=827 width=840 height=46
ZSETTINGS LAYOUT page=wifi controls=16
ZSETTINGS CONTROL index=1 x=1082 y=-12 width=52 height=32
ZSETTINGS CONTROL index=100 x=298 y=126 width=840 height=46
ZSETTINGS CONTROL index=101 x=298 y=176 width=840 height=46
ZSETTINGS CONTROL index=102 x=298 y=226 width=840 height=46
ZSETTINGS CONTROL index=103 x=298 y=276 width=840 height=46
ZSETTINGS CONTROL index=104 x=298 y=326 width=840 height=46
ZSETTINGS CONTROL index=105 x=298 y=376 width=840 height=46
ZSETTINGS CONTROL index=106 x=298 y=426 width=840 height=46
ZSETTINGS CONTROL index=107 x=298 y=476 width=840 height=46
ZSETTINGS CONTROL index=108 x=298 y=526 width=840 height=46
ZSETTINGS CONTROL index=109 x=298 y=576 width=840 height=46
ZSETTINGS CONTROL index=110 x=298 y=626 width=840 height=46
ZSETTINGS CONTROL index=111 x=298 y=676 width=840 height=46
ZSETTINGS CONTROL index=112 x=298 y=726 width=840 height=46
ZSETTINGS CONTROL index=113 x=298 y=776 width=840 height=46
ZSETTINGS CONTROL index=114 x=298 y=826 width=840 height=46
ZSETTINGS LAYOUT page=wifi controls=16
ZSETTINGS CONTROL index=1 x=1082 y=-14 width=52 height=32
ZSETTINGS CONTROL index=100 x=298 y=124 width=840 height=46
ZSETTINGS CONTROL index=101 x=298 y=174 width=840 height=46
ZSETTINGS CONTROL index=102 x=298 y=224 width=840 height=46
ZSETTINGS CONTROL index=103 x=298 y=274 width=840 height=46
ZSETTINGS CONTROL index=104 x=298 y=324 width=840 height=46
ZSETTINGS CONTROL index=105 x=298 y=374 width=840 height=46
ZSETTINGS CONTROL index=106 x=298 y=424 width=840 height=46
ZSETTINGS CONTROL index=107 x=298 y=474 width=840 height=46
ZSETTINGS CONTROL index=108 x=298 y=524 width=840 height=46
ZSETTINGS CONTROL index=109 x=298 y=574 width=840 height=46
ZSETTINGS CONTROL index=110 x=298 y=624 width=840 height=46
ZSETTINGS CONTROL index=111 x=298 y=674 width=840 height=46
ZSETTINGS CONTROL index=112 x=298 y=724 width=840 height=46
ZSETTINGS CONTROL index=113 x=298 y=774 width=840 height=46
ZSETTINGS CONTROL index=114 x=298 y=824 width=840 height=46
KWL SYSTEM result client=3 object=42 request=642 applied=0
ZSETTINGS LAYOUT page=wifi controls=16
ZSETTINGS CONTROL index=1 x=1082 y=-15 width=52 height=32
ZSETTINGS CONTROL index=100 x=298 y=123 width=840 height=46
ZSETTINGS CONTROL index=101 x=298 y=173 width=840 height=46
ZSETTINGS CONTROL index=102 x=298 y=223 width=840 height=46
ZSETTINGS CONTROL index=103 x=298 y=273 width=840 height=46
ZSETTINGS CONTROL index=104 x=298 y=323 width=840 height=46
ZSETTINGS CONTROL index=105 x=298 y=373 width=840 height=46
ZSETTINGS CONTROL index=106 x=298 y=423 width=840 height=46
ZSETTINGS CONTROL index=107 x=298 y=473 width=840 height=46
ZSETTINGS CONTROL index=108 x=298 y=523 width=840 height=46
ZSETTINGS CONTROL index=109 x=298 y=573 width=840 height=46
ZSETTINGS CONTROL index=110 x=298 y=623 width=840 height=46
ZSETTINGS CONTROL index=111 x=298 y=673 width=840 height=46
ZSETTINGS CONTROL index=112 x=298 y=723 width=840 height=46
ZSETTINGS CONTROL index=113 x=298 y=773 width=840 height=46
ZSETTINGS CONTROL index=114 x=298 y=823 width=840 height=46
ZSETTINGS LAYOUT page=wifi controls=16
ZSETTINGS CONTROL index=1 x=1082 y=-16 width=52 height=32
ZSETTINGS CONTROL index=100 x=298 y=122 width=840 height=46
ZSETTINGS CONTROL index=101 x=298 y=172 width=840 height=46
ZSETTINGS CONTROL index=102 x=298 y=222 width=840 height=46
ZSETTINGS CONTROL index=103 x=298 y=272 width=840 height=46
ZSETTINGS CONTROL index=104 x=298 y=322 width=840 height=46
ZSETTINGS CONTROL index=105 x=298 y=372 width=840 height=46
ZSETTINGS CONTROL index=106 x=298 y=422 width=840 height=46
ZSETTINGS CONTROL index=107 x=298 y=472 width=840 height=46
ZSETTINGS CONTROL index=108 x=298 y=522 width=840 height=46
ZSETTINGS CONTROL index=109 x=298 y=572 width=840 height=46
ZSETTINGS CONTROL index=110 x=298 y=622 width=840 height=46
ZSETTINGS CONTROL index=111 x=298 y=672 width=840 height=46
ZSETTINGS CONTROL index=112 x=298 y=722 width=840 height=46
ZSETTINGS CONTROL index=113 x=298 y=772 width=840 height=46
ZSETTINGS CONTROL index=114 x=298 y=822 width=840 height=46
ZSETTINGS LAYOUT page=wifi controls=16
ZSETTINGS CONTROL index=1 x=1082 y=-17 width=52 height=32
ZSETTINGS CONTROL index=100 x=298 y=121 width=840 height=46
ZSETTINGS CONTROL index=101 x=298 y=171 width=840 height=46
ZSETTINGS CONTROL index=102 x=298 y=221 width=840 height=46
ZSETTINGS CONTROL index=103 x=298 y=271 width=840 height=46
ZSETTINGS CONTROL index=104 x=298 y=321 width=840 height=46
ZSETTINGS CONTROL index=105 x=298 y=371 width=840 height=46
ZSETTINGS CONTROL index=106 x=298 y=421 width=840 height=46
ZSETTINGS CONTROL index=107 x=298 y=471 width=840 height=46
ZSETTINGS CONTROL index=108 x=298 y=521 width=840 height=46
ZSETTINGS CONTROL index=109 x=298 y=571 width=840 height=46
ZSETTINGS CONTROL index=110 x=298 y=621 width=840 height=46
ZSETTINGS CONTROL index=111 x=298 y=671 width=840 height=46
ZSETTINGS CONTROL index=112 x=298 y=721 width=840 height=46
ZSETTINGS CONTROL index=113 x=298 y=771 width=840 height=46
ZSETTINGS CONTROL index=114 x=298 y=821 width=840 height=46
ZSETTINGS LAYOUT page=wifi controls=16
ZSETTINGS CONTROL index=1 x=1082 y=-18 width=52 height=32
ZSETTINGS CONTROL index=100 x=298 y=120 width=840 height=46
ZSETTINGS CONTROL index=101 x=298 y=170 width=840 height=46
ZSETTINGS CONTROL index=102 x=298 y=220 width=840 height=46
ZSETTINGS CONTROL index=103 x=298 y=270 width=840 height=46
ZSETTINGS CONTROL index=104 x=298 y=320 width=840 height=46
ZSETTINGS CONTROL index=105 x=298 y=370 width=840 height=46
ZSETTINGS CONTROL index=106 x=298 y=420 width=840 height=46
ZSETTINGS CONTROL index=107 x=298 y=470 width=840 height=46
ZSETTINGS CONTROL index=108 x=298 y=520 width=840 height=46
ZSETTINGS CONTROL index=109 x=298 y=570 width=840 height=46
ZSETTINGS CONTROL index=110 x=298 y=620 width=840 height=46
ZSETTINGS CONTROL index=111 x=298 y=670 width=840 height=46
ZSETTINGS CONTROL index=112 x=298 y=720 width=840 height=46
ZSETTINGS CONTROL index=113 x=298 y=770 width=840 height=46
ZSETTINGS CONTROL index=114 x=298 y=820 width=840 height=46
ZSETTINGS LAYOUT page=wifi controls=16
ZSETTINGS CONTROL index=1 x=1082 y=-3 width=52 height=32
ZSETTINGS CONTROL index=100 x=298 y=135 width=840 height=46
ZSETTINGS CONTROL index=101 x=298 y=185 width=840 height=46
ZSETTINGS CONTROL index=102 x=298 y=235 width=840 height=46
ZSETTINGS CONTROL index=103 x=298 y=285 width=840 height=46
ZSETTINGS CONTROL index=104 x=298 y=335 width=840 height=46
ZSETTINGS CONTROL index=105 x=298 y=385 width=840 height=46
ZSETTINGS CONTROL index=106 x=298 y=435 width=840 height=46
ZSETTINGS CONTROL index=107 x=298 y=485 width=840 height=46
ZSETTINGS CONTROL index=108 x=298 y=535 width=840 height=46
ZSETTINGS CONTROL index=109 x=298 y=585 width=840 height=46
ZSETTINGS CONTROL index=110 x=298 y=635 width=840 height=46
ZSETTINGS CONTROL index=111 x=298 y=685 width=840 height=46
ZSETTINGS CONTROL index=112 x=298 y=735 width=840 height=46
ZSETTINGS CONTROL index=113 x=298 y=785 width=840 height=46
ZSETTINGS CONTROL index=114 x=298 y=835 width=840 height=46
ZSETTINGS LAYOUT page=wifi controls=16
ZSETTINGS CONTROL index=1 x=1082 y=6 width=52 height=32
ZSETTINGS CONTROL index=100 x=298 y=144 width=840 height=46
ZSETTINGS CONTROL index=101 x=298 y=194 width=840 height=46
ZSETTINGS CONTROL index=102 x=298 y=244 width=840 height=46
ZSETTINGS CONTROL index=103 x=298 y=294 width=840 height=46
ZSETTINGS CONTROL index=104 x=298 y=344 width=840 height=46
ZSETTINGS CONTROL index=105 x=298 y=394 width=840 height=46
ZSETTINGS CONTROL index=106 x=298 y=444 width=840 height=46
ZSETTINGS CONTROL index=107 x=298 y=494 width=840 height=46
ZSETTINGS CONTROL index=108 x=298 y=544 width=840 height=46
ZSETTINGS CONTROL index=109 x=298 y=594 width=840 height=46
ZSETTINGS CONTROL index=110 x=298 y=644 width=840 height=46
ZSETTINGS CONTROL index=111 x=298 y=694 width=840 height=46
ZSETTINGS CONTROL index=112 x=298 y=744 width=840 height=46
ZSETTINGS CONTROL index=113 x=298 y=794 width=840 height=46
ZSETTINGS CONTROL index=114 x=298 y=844 width=840 height=46
ZSETTINGS LAYOUT page=wifi controls=16
ZSETTINGS CONTROL index=1 x=1082 y=21 width=52 height=32
ZSETTINGS CONTROL index=100 x=298 y=159 width=840 height=46
ZSETTINGS CONTROL index=101 x=298 y=209 width=840 height=46
ZSETTINGS CONTROL index=102 x=298 y=259 width=840 height=46
ZSETTINGS CONTROL index=103 x=298 y=309 width=840 height=46
ZSETTINGS CONTROL index=104 x=298 y=359 width=840 height=46
ZSETTINGS CONTROL index=105 x=298 y=409 width=840 height=46
ZSETTINGS CONTROL index=106 x=298 y=459 width=840 height=46
ZSETTINGS CONTROL index=107 x=298 y=509 width=840 height=46
ZSETTINGS CONTROL index=108 x=298 y=559 width=840 height=46
ZSETTINGS CONTROL index=109 x=298 y=609 width=840 height=46
ZSETTINGS CONTROL index=110 x=298 y=659 width=840 height=46
ZSETTINGS CONTROL index=111 x=298 y=709 width=840 height=46
ZSETTINGS CONTROL index=112 x=298 y=759 width=840 height=46
ZSETTINGS CONTROL index=113 x=298 y=809 width=840 height=46
ZSETTINGS CONTROL index=114 x=298 y=859 width=840 height=46
ZSETTINGS LAYOUT page=wifi controls=16
ZSETTINGS CONTROL index=1 x=1082 y=37 width=52 height=32
ZSETTINGS CONTROL index=100 x=298 y=175 width=840 height=46
ZSETTINGS CONTROL index=101 x=298 y=225 width=840 height=46
ZSETTINGS CONTROL index=102 x=298 y=275 width=840 height=46
ZSETTINGS CONTROL index=103 x=298 y=325 width=840 height=46
ZSETTINGS CONTROL index=104 x=298 y=375 width=840 height=46
ZSETTINGS CONTROL index=105 x=298 y=425 width=840 height=46
ZSETTINGS CONTROL index=106 x=298 y=475 width=840 height=46
ZSETTINGS CONTROL index=107 x=298 y=525 width=840 height=46
ZSETTINGS CONTROL index=108 x=298 y=575 width=840 height=46
ZSETTINGS CONTROL index=109 x=298 y=625 width=840 height=46
ZSETTINGS CONTROL index=110 x=298 y=675 width=840 height=46
ZSETTINGS CONTROL index=111 x=298 y=725 width=840 height=46
ZSETTINGS CONTROL index=112 x=298 y=775 width=840 height=46
ZSETTINGS CONTROL index=113 x=298 y=825 width=840 height=46
ZSETTINGS CONTROL index=114 x=298 y=875 width=840 height=46
ZSETTINGS LAYOUT page=wifi controls=16
ZSETTINGS CONTROL index=1 x=1082 y=53 width=52 height=32
ZSETTINGS CONTROL index=100 x=298 y=191 width=840 height=46
ZSETTINGS CONTROL index=101 x=298 y=241 width=840 height=46
ZSETTINGS CONTROL index=102 x=298 y=291 width=840 height=46
ZSETTINGS CONTROL index=103 x=298 y=341 width=840 height=46
ZSETTINGS CONTROL index=104 x=298 y=391 width=840 height=46
ZSETTINGS CONTROL index=105 x=298 y=441 width=840 height=46
ZSETTINGS CONTROL index=106 x=298 y=491 width=840 height=46
ZSETTINGS CONTROL index=107 x=298 y=541 width=840 height=46
ZSETTINGS CONTROL index=108 x=298 y=591 width=840 height=46
ZSETTINGS CONTROL index=109 x=298 y=641 width=840 height=46
ZSETTINGS CONTROL index=110 x=298 y=691 width=840 height=46
ZSETTINGS CONTROL index=111 x=298 y=741 width=840 height=46
ZSETTINGS CONTROL index=112 x=298 y=791 width=840 height=46
ZSETTINGS CONTROL index=113 x=298 y=841 width=840 height=46
ZSETTINGS CONTROL index=114 x=298 y=891 width=840 height=46
ZSETTINGS LAYOUT page=wifi controls=16
ZSETTINGS CONTROL index=1 x=1082 y=69 width=52 height=32
ZSETTINGS CONTROL index=100 x=298 y=207 width=840 height=46
ZSETTINGS CONTROL index=101 x=298 y=257 width=840 height=46
ZSETTINGS CONTROL index=102 x=298 y=307 width=840 height=46
ZSETTINGS CONTROL index=103 x=298 y=357 width=840 height=46
ZSETTINGS CONTROL index=104 x=298 y=407 width=840 height=46
ZSETTINGS CONTROL index=105 x=298 y=457 width=840 height=46
ZSETTINGS CONTROL index=106 x=298 y=507 width=840 height=46
ZSETTINGS CONTROL index=107 x=298 y=557 width=840 height=46
ZSETTINGS CONTROL index=108 x=298 y=607 width=840 height=46
ZSETTINGS CONTROL index=109 x=298 y=657 width=840 height=46
ZSETTINGS CONTROL index=110 x=298 y=707 width=840 height=46
ZSETTINGS CONTROL index=111 x=298 y=757 width=840 height=46
ZSETTINGS CONTROL index=112 x=298 y=807 width=840 height=46
ZSETTINGS CONTROL index=113 x=298 y=857 width=840 height=46
ZSETTINGS CONTROL index=114 x=298 y=907 width=840 height=46
ZSETTINGS LAYOUT page=wifi controls=16
ZSETTINGS CONTROL index=1 x=1082 y=81 width=52 height=32
ZSETTINGS CONTROL index=100 x=298 y=219 width=840 height=46
ZSETTINGS CONTROL index=101 x=298 y=269 width=840 height=46
ZSETTINGS CONTROL index=102 x=298 y=319 width=840 height=46
ZSETTINGS CONTROL index=103 x=298 y=369 width=840 height=46
ZSETTINGS CONTROL index=104 x=298 y=419 width=840 height=46
ZSETTINGS CONTROL index=105 x=298 y=469 width=840 height=46
ZSETTINGS CONTROL index=106 x=298 y=519 width=840 height=46
ZSETTINGS CONTROL index=107 x=298 y=569 width=840 height=46
ZSETTINGS CONTROL index=108 x=298 y=619 width=840 height=46
ZSETTINGS CONTROL index=109 x=298 y=669 width=840 height=46
ZSETTINGS CONTROL index=110 x=298 y=719 width=840 height=46
ZSETTINGS CONTROL index=111 x=298 y=769 width=840 height=46
ZSETTINGS CONTROL index=112 x=298 y=819 width=840 height=46
ZSETTINGS CONTROL index=113 x=298 y=869 width=840 height=46
ZSETTINGS CONTROL index=114 x=298 y=919 width=840 height=46
ZSETTINGS LAYOUT page=wifi controls=16
ZSETTINGS CONTROL index=1 x=1082 y=91 width=52 height=32
ZSETTINGS CONTROL index=100 x=298 y=229 width=840 height=46
ZSETTINGS CONTROL index=101 x=298 y=279 width=840 height=46
ZSETTINGS CONTROL index=102 x=298 y=329 width=840 height=46
ZSETTINGS CONTROL index=103 x=298 y=379 width=840 height=46
ZSETTINGS CONTROL index=104 x=298 y=429 width=840 height=46
ZSETTINGS CONTROL index=105 x=298 y=479 width=840 height=46
ZSETTINGS CONTROL index=106 x=298 y=529 width=840 height=46
ZSETTINGS CONTROL index=107 x=298 y=579 width=840 height=46
ZSETTINGS CONTROL index=108 x=298 y=629 width=840 height=46
ZSETTINGS CONTROL index=109 x=298 y=679 width=840 height=46
ZSETTINGS CONTROL index=110 x=298 y=729 width=840 height=46
ZSETTINGS CONTROL index=111 x=298 y=779 width=840 height=46
ZSETTINGS CONTROL index=112 x=298 y=829 width=840 height=46
ZSETTINGS CONTROL index=113 x=298 y=879 width=840 height=46
ZSETTINGS CONTROL index=114 x=298 y=929 width=840 height=46
ZSETTINGS LAYOUT page=wifi controls=16
ZSETTINGS CONTROL index=1 x=1082 y=99 width=52 height=32
ZSETTINGS CONTROL index=100 x=298 y=237 width=840 height=46
ZSETTINGS CONTROL index=101 x=298 y=287 width=840 height=46
ZSETTINGS CONTROL index=102 x=298 y=337 width=840 height=46
ZSETTINGS CONTROL index=103 x=298 y=387 width=840 height=46
ZSETTINGS CONTROL index=104 x=298 y=437 width=840 height=46
ZSETTINGS CONTROL index=105 x=298 y=487 width=840 height=46
ZSETTINGS CONTROL index=106 x=298 y=537 width=840 height=46
ZSETTINGS CONTROL index=107 x=298 y=587 width=840 height=46
ZSETTINGS CONTROL index=108 x=298 y=637 width=840 height=46
ZSETTINGS CONTROL index=109 x=298 y=687 width=840 height=46
ZSETTINGS CONTROL index=110 x=298 y=737 width=840 height=46
ZSETTINGS CONTROL index=111 x=298 y=787 width=840 height=46
ZSETTINGS CONTROL index=112 x=298 y=837 width=840 height=46
ZSETTINGS CONTROL index=113 x=298 y=887 width=840 height=46
ZSETTINGS CONTROL index=114 x=298 y=937 width=840 height=46
ZSETTINGS LAYOUT page=wifi controls=16
ZSETTINGS CONTROL index=1 x=1082 y=103 width=52 height=32
ZSETTINGS CONTROL index=100 x=298 y=241 width=840 height=46
ZSETTINGS CONTROL index=101 x=298 y=291 width=840 height=46
ZSETTINGS CONTROL index=102 x=298 y=341 width=840 height=46
ZSETTINGS CONTROL index=103 x=298 y=391 width=840 height=46
ZSETTINGS CONTROL index=104 x=298 y=441 width=840 height=46
ZSETTINGS CONTROL index=105 x=298 y=491 width=840 height=46
ZSETTINGS CONTROL index=106 x=298 y=541 width=840 height=46
ZSETTINGS CONTROL index=107 x=298 y=591 width=840 height=46
ZSETTINGS CONTROL index=108 x=298 y=641 width=840 height=46
ZSETTINGS CONTROL index=109 x=298 y=691 width=840 height=46
ZSETTINGS CONTROL index=110 x=298 y=741 width=840 height=46
ZSETTINGS CONTROL index=111 x=298 y=791 width=840 height=46
ZSETTINGS CONTROL index=112 x=298 y=841 width=840 height=46
ZSETTINGS CONTROL index=113 x=298 y=891 width=840 height=46
ZSETTINGS CONTROL index=114 x=298 y=941 width=840 height=46
ZSETTINGS LAYOUT page=wifi controls=16
ZSETTINGS CONTROL index=1 x=1082 y=105 width=52 height=32
ZSETTINGS CONTROL index=100 x=298 y=243 width=840 height=46
ZSETTINGS CONTROL index=101 x=298 y=293 width=840 height=46
ZSETTINGS CONTROL index=102 x=298 y=343 width=840 height=46
ZSETTINGS CONTROL index=103 x=298 y=393 width=840 height=46
ZSETTINGS CONTROL index=104 x=298 y=443 width=840 height=46
ZSETTINGS CONTROL index=105 x=298 y=493 width=840 height=46
ZSETTINGS CONTROL index=106 x=298 y=543 width=840 height=46
ZSETTINGS CONTROL index=107 x=298 y=593 width=840 height=46
ZSETTINGS CONTROL index=108 x=298 y=643 width=840 height=46
ZSETTINGS CONTROL index=109 x=298 y=693 width=840 height=46
ZSETTINGS CONTROL index=110 x=298 y=743 width=840 height=46
ZSETTINGS CONTROL index=111 x=298 y=793 width=840 height=46
ZSETTINGS CONTROL index=112 x=298 y=843 width=840 height=46
ZSETTINGS CONTROL index=113 x=298 y=893 width=840 height=46
ZSETTINGS CONTROL index=114 x=298 y=943 width=840 height=46
ZSETTINGS LAYOUT page=wifi controls=16
ZSETTINGS CONTROL index=1 x=1082 y=106 width=52 height=32
ZSETTINGS CONTROL index=100 x=298 y=244 width=840 height=46
ZSETTINGS CONTROL index=101 x=298 y=294 width=840 height=46
ZSETTINGS CONTROL index=102 x=298 y=344 width=840 height=46
ZSETTINGS CONTROL index=103 x=298 y=394 width=840 height=46
ZSETTINGS CONTROL index=104 x=298 y=444 width=840 height=46
ZSETTINGS CONTROL index=105 x=298 y=494 width=840 height=46
ZSETTINGS CONTROL index=106 x=298 y=544 width=840 height=46
ZSETTINGS CONTROL index=107 x=298 y=594 width=840 height=46
ZSETTINGS CONTROL index=108 x=298 y=644 width=840 height=46
ZSETTINGS CONTROL index=109 x=298 y=694 width=840 height=46
ZSETTINGS CONTROL index=110 x=298 y=744 width=840 height=46
ZSETTINGS CONTROL index=111 x=298 y=794 width=840 height=46
ZSETTINGS CONTROL index=112 x=298 y=844 width=840 height=46
ZSETTINGS CONTROL index=113 x=298 y=894 width=840 height=46
ZSETTINGS CONTROL index=114 x=298 y=944 width=840 height=46
ZSETTINGS LAYOUT page=wifi controls=16
ZSETTINGS CONTROL index=1 x=1082 y=107 width=52 height=32
ZSETTINGS CONTROL index=100 x=298 y=245 width=840 height=46
ZSETTINGS CONTROL index=101 x=298 y=295 width=840 height=46
ZSETTINGS CONTROL index=102 x=298 y=345 width=840 height=46
ZSETTINGS CONTROL index=103 x=298 y=395 width=840 height=46
ZSETTINGS CONTROL index=104 x=298 y=445 width=840 height=46
ZSETTINGS CONTROL index=105 x=298 y=495 width=840 height=46
ZSETTINGS CONTROL index=106 x=298 y=545 width=840 height=46
ZSETTINGS CONTROL index=107 x=298 y=595 width=840 height=46
ZSETTINGS CONTROL index=108 x=298 y=645 width=840 height=46
ZSETTINGS CONTROL index=109 x=298 y=695 width=840 height=46
ZSETTINGS CONTROL index=110 x=298 y=745 width=840 height=46
ZSETTINGS CONTROL index=111 x=298 y=795 width=840 height=46
ZSETTINGS CONTROL index=112 x=298 y=845 width=840 height=46
ZSETTINGS CONTROL index=113 x=298 y=895 width=840 height=46
ZSETTINGS CONTROL index=114 x=298 y=945 width=840 height=46
ZSETTINGS LAYOUT page=wifi controls=16
ZSETTINGS CONTROL index=1 x=1082 y=108 width=52 height=32
ZSETTINGS CONTROL index=100 x=298 y=246 width=840 height=46
ZSETTINGS CONTROL index=101 x=298 y=296 width=840 height=46
ZSETTINGS CONTROL index=102 x=298 y=346 width=840 height=46
ZSETTINGS CONTROL index=103 x=298 y=396 width=840 height=46
ZSETTINGS CONTROL index=104 x=298 y=446 width=840 height=46
ZSETTINGS CONTROL index=105 x=298 y=496 width=840 height=46
ZSETTINGS CONTROL index=106 x=298 y=546 width=840 height=46
ZSETTINGS CONTROL index=107 x=298 y=596 width=840 height=46
ZSETTINGS CONTROL index=108 x=298 y=646 width=840 height=46
ZSETTINGS CONTROL index=109 x=298 y=696 width=840 height=46
ZSETTINGS CONTROL index=110 x=298 y=746 width=840 height=46
ZSETTINGS CONTROL index=111 x=298 y=796 width=840 height=46
ZSETTINGS CONTROL index=112 x=298 y=846 width=840 height=46
ZSETTINGS CONTROL index=113 x=298 y=896 width=840 height=46
ZSETTINGS CONTROL index=114 x=298 y=946 width=840 height=46
ZSETTINGS LAYOUT page=wifi controls=16
ZSETTINGS CONTROL index=1 x=1082 y=109 width=52 height=32
ZSETTINGS CONTROL index=100 x=298 y=247 width=840 height=46
ZSETTINGS CONTROL index=101 x=298 y=297 width=840 height=46
ZSETTINGS CONTROL index=102 x=298 y=347 width=840 height=46
ZSETTINGS CONTROL index=103 x=298 y=397 width=840 height=46
ZSETTINGS CONTROL index=104 x=298 y=447 width=840 height=46
ZSETTINGS CONTROL index=105 x=298 y=497 width=840 height=46
ZSETTINGS CONTROL index=106 x=298 y=547 width=840 height=46
ZSETTINGS CONTROL index=107 x=298 y=597 width=840 height=46
ZSETTINGS CONTROL index=108 x=298 y=647 width=840 height=46
ZSETTINGS CONTROL index=109 x=298 y=697 width=840 height=46
ZSETTINGS CONTROL index=110 x=298 y=747 width=840 height=46
ZSETTINGS CONTROL index=111 x=298 y=797 width=840 height=46
ZSETTINGS CONTROL index=112 x=298 y=847 width=840 height=46
ZSETTINGS CONTROL index=113 x=298 y=897 width=840 height=46
ZSETTINGS CONTROL index=114 x=298 y=947 width=840 height=46
ZSETTINGS LAYOUT page=wifi controls=16
ZSETTINGS CONTROL index=1 x=1082 y=110 width=52 height=32
ZSETTINGS CONTROL index=100 x=298 y=248 width=840 height=46
ZSETTINGS CONTROL index=101 x=298 y=298 width=840 height=46
ZSETTINGS CONTROL index=102 x=298 y=348 width=840 height=46
ZSETTINGS CONTROL index=103 x=298 y=398 width=840 height=46
ZSETTINGS CONTROL index=104 x=298 y=448 width=840 height=46
ZSETTINGS CONTROL index=105 x=298 y=498 width=840 height=46
ZSETTINGS CONTROL index=106 x=298 y=548 width=840 height=46
ZSETTINGS CONTROL index=107 x=298 y=598 width=840 height=46
ZSETTINGS CONTROL index=108 x=298 y=648 width=840 height=46
ZSETTINGS CONTROL index=109 x=298 y=698 width=840 height=46
ZSETTINGS CONTROL index=110 x=298 y=748 width=840 height=46
ZSETTINGS CONTROL index=111 x=298 y=798 width=840 height=46
ZSETTINGS CONTROL index=112 x=298 y=848 width=840 height=46
ZSETTINGS CONTROL index=113 x=298 y=898 width=840 height=46
ZSETTINGS CONTROL index=114 x=298 y=948 width=840 height=46
ZSETTINGS LAYOUT page=wifi controls=16
ZSETTINGS CONTROL index=1 x=1082 y=111 width=52 height=32
ZSETTINGS CONTROL index=100 x=298 y=249 width=840 height=46
ZSETTINGS CONTROL index=101 x=298 y=299 width=840 height=46
ZSETTINGS CONTROL index=102 x=298 y=349 width=840 height=46
ZSETTINGS CONTROL index=103 x=298 y=399 width=840 height=46
ZSETTINGS CONTROL index=104 x=298 y=449 width=840 height=46
ZSETTINGS CONTROL index=105 x=298 y=499 width=840 height=46
ZSETTINGS CONTROL index=106 x=298 y=549 width=840 height=46
ZSETTINGS CONTROL index=107 x=298 y=599 width=840 height=46
ZSETTINGS CONTROL index=108 x=298 y=649 width=840 height=46
ZSETTINGS CONTROL index=109 x=298 y=699 width=840 height=46
ZSETTINGS CONTROL index=110 x=298 y=749 width=840 height=46
ZSETTINGS CONTROL index=111 x=298 y=799 width=840 height=46
ZSETTINGS CONTROL index=112 x=298 y=849 width=840 height=46
ZSETTINGS CONTROL index=113 x=298 y=899 width=840 height=46
ZSETTINGS CONTROL index=114 x=298 y=949 width=840 height=46
ZSETTINGS LAYOUT page=wifi controls=16
ZSETTINGS CONTROL index=1 x=1082 y=112 width=52 height=32
ZSETTINGS CONTROL index=100 x=298 y=250 width=840 height=46
ZSETTINGS CONTROL index=101 x=298 y=300 width=840 height=46
ZSETTINGS CONTROL index=102 x=298 y=350 width=840 height=46
ZSETTINGS CONTROL index=103 x=298 y=400 width=840 height=46
ZSETTINGS CONTROL index=104 x=298 y=450 width=840 height=46
ZSETTINGS CONTROL index=105 x=298 y=500 width=840 height=46
ZSETTINGS CONTROL index=106 x=298 y=550 width=840 height=46
ZSETTINGS CONTROL index=107 x=298 y=600 width=840 height=46
ZSETTINGS CONTROL index=108 x=298 y=650 width=840 height=46
ZSETTINGS CONTROL index=109 x=298 y=700 width=840 height=46
ZSETTINGS CONTROL index=110 x=298 y=750 width=840 height=46
ZSETTINGS CONTROL index=111 x=298 y=800 width=840 height=46
ZSETTINGS CONTROL index=112 x=298 y=850 width=840 height=46
ZSETTINGS CONTROL index=113 x=298 y=900 width=840 height=46
ZSETTINGS CONTROL index=114 x=298 y=950 width=840 height=46
ZSETTINGS LAYOUT page=wifi controls=16
ZSETTINGS CONTROL index=1 x=1082 y=113 width=52 height=32
ZSETTINGS CONTROL index=100 x=298 y=251 width=840 height=46
ZSETTINGS CONTROL index=101 x=298 y=301 width=840 height=46
ZSETTINGS CONTROL index=102 x=298 y=351 width=840 height=46
ZSETTINGS CONTROL index=103 x=298 y=401 width=840 height=46
ZSETTINGS CONTROL index=104 x=298 y=451 width=840 height=46
ZSETTINGS CONTROL index=105 x=298 y=501 width=840 height=46
ZSETTINGS CONTROL index=106 x=298 y=551 width=840 height=46
ZSETTINGS CONTROL index=107 x=298 y=601 width=840 height=46
ZSETTINGS CONTROL index=108 x=298 y=651 width=840 height=46
ZSETTINGS CONTROL index=109 x=298 y=701 width=840 height=46
ZSETTINGS CONTROL index=110 x=298 y=751 width=840 height=46
ZSETTINGS CONTROL index=111 x=298 y=801 width=840 height=46
ZSETTINGS CONTROL index=112 x=298 y=851 width=840 height=46
ZSETTINGS CONTROL index=113 x=298 y=901 width=840 height=46
ZSETTINGS CONTROL index=114 x=298 y=951 width=840 height=46
KWL SYSTEM result client=3 object=42 request=643 applied=0
ZSETTINGS LAYOUT page=wifi controls=16
ZSETTINGS CONTROL index=1 x=1082 y=108 width=52 height=32
ZSETTINGS CONTROL index=100 x=298 y=246 width=840 height=46
ZSETTINGS CONTROL index=101 x=298 y=296 width=840 height=46
ZSETTINGS CONTROL index=102 x=298 y=346 width=840 height=46
ZSETTINGS CONTROL index=103 x=298 y=396 width=840 height=46
ZSETTINGS CONTROL index=104 x=298 y=446 width=840 height=46
ZSETTINGS CONTROL index=105 x=298 y=496 width=840 height=46
ZSETTINGS CONTROL index=106 x=298 y=546 width=840 height=46
ZSETTINGS CONTROL index=107 x=298 y=596 width=840 height=46
ZSETTINGS CONTROL index=108 x=298 y=646 width=840 height=46
ZSETTINGS CONTROL index=109 x=298 y=696 width=840 height=46
ZSETTINGS CONTROL index=110 x=298 y=746 width=840 height=46
ZSETTINGS CONTROL index=111 x=298 y=796 width=840 height=46
ZSETTINGS CONTROL index=112 x=298 y=846 width=840 height=46
ZSETTINGS CONTROL index=113 x=298 y=896 width=840 height=46
ZSETTINGS CONTROL index=114 x=298 y=946 width=840 height=46
ZSETTINGS LAYOUT page=wifi controls=16
ZSETTINGS CONTROL index=1 x=1082 y=94 width=52 height=32
ZSETTINGS CONTROL index=100 x=298 y=232 width=840 height=46
ZSETTINGS CONTROL index=101 x=298 y=282 width=840 height=46
ZSETTINGS CONTROL index=102 x=298 y=332 width=840 height=46
ZSETTINGS CONTROL index=103 x=298 y=382 width=840 height=46
ZSETTINGS CONTROL index=104 x=298 y=432 width=840 height=46
ZSETTINGS CONTROL index=105 x=298 y=482 width=840 height=46
ZSETTINGS CONTROL index=106 x=298 y=532 width=840 height=46
ZSETTINGS CONTROL index=107 x=298 y=582 width=840 height=46
ZSETTINGS CONTROL index=108 x=298 y=632 width=840 height=46
ZSETTINGS CONTROL index=109 x=298 y=682 width=840 height=46
ZSETTINGS CONTROL index=110 x=298 y=732 width=840 height=46
ZSETTINGS CONTROL index=111 x=298 y=782 width=840 height=46
ZSETTINGS CONTROL index=112 x=298 y=832 width=840 height=46
ZSETTINGS CONTROL index=113 x=298 y=882 width=840 height=46
ZSETTINGS CONTROL index=114 x=298 y=932 width=840 height=46
ZSETTINGS LAYOUT page=wifi controls=16
ZSETTINGS CONTROL index=1 x=1082 y=70 width=52 height=32
ZSETTINGS CONTROL index=100 x=298 y=208 width=840 height=46
ZSETTINGS CONTROL index=101 x=298 y=258 width=840 height=46
ZSETTINGS CONTROL index=102 x=298 y=308 width=840 height=46
ZSETTINGS CONTROL index=103 x=298 y=358 width=840 height=46
ZSETTINGS CONTROL index=104 x=298 y=408 width=840 height=46
ZSETTINGS CONTROL index=105 x=298 y=458 width=840 height=46
ZSETTINGS CONTROL index=106 x=298 y=508 width=840 height=46
ZSETTINGS CONTROL index=107 x=298 y=558 width=840 height=46
ZSETTINGS CONTROL index=108 x=298 y=608 width=840 height=46
ZSETTINGS CONTROL index=109 x=298 y=658 width=840 height=46
ZSETTINGS CONTROL index=110 x=298 y=708 width=840 height=46
ZSETTINGS CONTROL index=111 x=298 y=758 width=840 height=46
ZSETTINGS CONTROL index=112 x=298 y=808 width=840 height=46
ZSETTINGS CONTROL index=113 x=298 y=858 width=840 height=46
ZSETTINGS CONTROL index=114 x=298 y=908 width=840 height=46
ZSETTINGS LAYOUT page=wifi controls=16
ZSETTINGS CONTROL index=1 x=1082 y=49 width=52 height=32
ZSETTINGS CONTROL index=100 x=298 y=187 width=840 height=46
ZSETTINGS CONTROL index=101 x=298 y=237 width=840 height=46
ZSETTINGS CONTROL index=102 x=298 y=287 width=840 height=46
ZSETTINGS CONTROL index=103 x=298 y=337 width=840 height=46
ZSETTINGS CONTROL index=104 x=298 y=387 width=840 height=46
ZSETTINGS CONTROL index=105 x=298 y=437 width=840 height=46
ZSETTINGS CONTROL index=106 x=298 y=487 width=840 height=46
ZSETTINGS CONTROL index=107 x=298 y=537 width=840 height=46
ZSETTINGS CONTROL index=108 x=298 y=587 width=840 height=46
ZSETTINGS CONTROL index=109 x=298 y=637 width=840 height=46
ZSETTINGS CONTROL index=110 x=298 y=687 width=840 height=46
ZSETTINGS CONTROL index=111 x=298 y=737 width=840 height=46
ZSETTINGS CONTROL index=112 x=298 y=787 width=840 height=46
ZSETTINGS CONTROL index=113 x=298 y=837 width=840 height=46
ZSETTINGS CONTROL index=114 x=298 y=887 width=840 height=46
ZSETTINGS LAYOUT page=wifi controls=16
ZSETTINGS CONTROL index=1 x=1082 y=24 width=52 height=32
ZSETTINGS CONTROL index=100 x=298 y=162 width=840 height=46
ZSETTINGS CONTROL index=101 x=298 y=212 width=840 height=46
ZSETTINGS CONTROL index=102 x=298 y=262 width=840 height=46
ZSETTINGS CONTROL index=103 x=298 y=312 width=840 height=46
ZSETTINGS CONTROL index=104 x=298 y=362 width=840 height=46
ZSETTINGS CONTROL index=105 x=298 y=412 width=840 height=46
ZSETTINGS CONTROL index=106 x=298 y=462 width=840 height=46
ZSETTINGS CONTROL index=107 x=298 y=512 width=840 height=46
ZSETTINGS CONTROL index=108 x=298 y=562 width=840 height=46
ZSETTINGS CONTROL index=109 x=298 y=612 width=840 height=46
ZSETTINGS CONTROL index=110 x=298 y=662 width=840 height=46
ZSETTINGS CONTROL index=111 x=298 y=712 width=840 height=46
ZSETTINGS CONTROL index=112 x=298 y=762 width=840 height=46
ZSETTINGS CONTROL index=113 x=298 y=812 width=840 height=46
ZSETTINGS CONTROL index=114 x=298 y=862 width=840 height=46
ZSETTINGS LAYOUT page=wifi controls=16
ZSETTINGS CONTROL index=1 x=1082 y=-1 width=52 height=32
ZSETTINGS CONTROL index=100 x=298 y=137 width=840 height=46
ZSETTINGS CONTROL index=101 x=298 y=187 width=840 height=46
ZSETTINGS CONTROL index=102 x=298 y=237 width=840 height=46
ZSETTINGS CONTROL index=103 x=298 y=287 width=840 height=46
ZSETTINGS CONTROL index=104 x=298 y=337 width=840 height=46
ZSETTINGS CONTROL index=105 x=298 y=387 width=840 height=46
ZSETTINGS CONTROL index=106 x=298 y=437 width=840 height=46
ZSETTINGS CONTROL index=107 x=298 y=487 width=840 height=46
ZSETTINGS CONTROL index=108 x=298 y=537 width=840 height=46
ZSETTINGS CONTROL index=109 x=298 y=587 width=840 height=46
ZSETTINGS CONTROL index=110 x=298 y=637 width=840 height=46
ZSETTINGS CONTROL index=111 x=298 y=687 width=840 height=46
ZSETTINGS CONTROL index=112 x=298 y=737 width=840 height=46
ZSETTINGS CONTROL index=113 x=298 y=787 width=840 height=46
ZSETTINGS CONTROL index=114 x=298 y=837 width=840 height=46
ZSETTINGS LAYOUT page=wifi controls=16
ZSETTINGS CONTROL index=1 x=1082 y=-22 width=52 height=32
ZSETTINGS CONTROL index=100 x=298 y=116 width=840 height=46
ZSETTINGS CONTROL index=101 x=298 y=166 width=840 height=46
ZSETTINGS CONTROL index=102 x=298 y=216 width=840 height=46
ZSETTINGS CONTROL index=103 x=298 y=266 width=840 height=46
ZSETTINGS CONTROL index=104 x=298 y=316 width=840 height=46
ZSETTINGS CONTROL index=105 x=298 y=366 width=840 height=46
ZSETTINGS CONTROL index=106 x=298 y=416 width=840 height=46
ZSETTINGS CONTROL index=107 x=298 y=466 width=840 height=46
ZSETTINGS CONTROL index=108 x=298 y=516 width=840 height=46
ZSETTINGS CONTROL index=109 x=298 y=566 width=840 height=46
ZSETTINGS CONTROL index=110 x=298 y=616 width=840 height=46
ZSETTINGS CONTROL index=111 x=298 y=666 width=840 height=46
ZSETTINGS CONTROL index=112 x=298 y=716 width=840 height=46
ZSETTINGS CONTROL index=113 x=298 y=766 width=840 height=46
ZSETTINGS CONTROL index=114 x=298 y=816 width=840 height=46
KWL NETWORK scan count=15
ZSETTINGS LAYOUT page=wifi controls=16
ZSETTINGS CONTROL index=1 x=1082 y=-37 width=52 height=32
ZSETTINGS CONTROL index=100 x=298 y=101 width=840 height=46
ZSETTINGS CONTROL index=101 x=298 y=151 width=840 height=46
ZSETTINGS CONTROL index=102 x=298 y=201 width=840 height=46
ZSETTINGS CONTROL index=103 x=298 y=251 width=840 height=46
ZSETTINGS CONTROL index=104 x=298 y=301 width=840 height=46
ZSETTINGS CONTROL index=105 x=298 y=351 width=840 height=46
ZSETTINGS CONTROL index=106 x=298 y=401 width=840 height=46
ZSETTINGS CONTROL index=107 x=298 y=451 width=840 height=46
ZSETTINGS CONTROL index=108 x=298 y=501 width=840 height=46
ZSETTINGS CONTROL index=109 x=298 y=551 width=840 height=46
ZSETTINGS CONTROL index=110 x=298 y=601 width=840 height=46
ZSETTINGS CONTROL index=111 x=298 y=651 width=840 height=46
ZSETTINGS CONTROL index=112 x=298 y=701 width=840 height=46
ZSETTINGS CONTROL index=113 x=298 y=751 width=840 height=46
ZSETTINGS CONTROL index=114 x=298 y=801 width=840 height=46
ZSETTINGS NETWORK scan count=15
ZSETTINGS LAYOUT page=wifi controls=16
ZSETTINGS CONTROL index=1 x=1082 y=-73 width=52 height=32
ZSETTINGS CONTROL index=100 x=298 y=65 width=840 height=46
ZSETTINGS CONTROL index=101 x=298 y=115 width=840 height=46
ZSETTINGS CONTROL index=102 x=298 y=165 width=840 height=46
ZSETTINGS CONTROL index=103 x=298 y=215 width=840 height=46
ZSETTINGS CONTROL index=104 x=298 y=265 width=840 height=46
ZSETTINGS CONTROL index=105 x=298 y=315 width=840 height=46
ZSETTINGS CONTROL index=106 x=298 y=365 width=840 height=46
ZSETTINGS CONTROL index=107 x=298 y=415 width=840 height=46
ZSETTINGS CONTROL index=108 x=298 y=465 width=840 height=46
ZSETTINGS CONTROL index=109 x=298 y=515 width=840 height=46
ZSETTINGS CONTROL index=110 x=298 y=565 width=840 height=46
ZSETTINGS CONTROL index=111 x=298 y=615 width=840 height=46
ZSETTINGS CONTROL index=112 x=298 y=665 width=840 height=46
ZSETTINGS CONTROL index=113 x=298 y=715 width=840 height=46
ZSETTINGS CONTROL index=114 x=298 y=765 width=840 height=46
ZSETTINGS LAYOUT page=wifi controls=16
ZSETTINGS CONTROL index=1 x=1082 y=-107 width=52 height=32
ZSETTINGS CONTROL index=100 x=298 y=31 width=840 height=46
ZSETTINGS CONTROL index=101 x=298 y=81 width=840 height=46
ZSETTINGS CONTROL index=102 x=298 y=131 width=840 height=46
ZSETTINGS CONTROL index=103 x=298 y=181 width=840 height=46
ZSETTINGS CONTROL index=104 x=298 y=231 width=840 height=46
ZSETTINGS CONTROL index=105 x=298 y=281 width=840 height=46
ZSETTINGS CONTROL index=106 x=298 y=331 width=840 height=46
ZSETTINGS CONTROL index=107 x=298 y=381 width=840 height=46
ZSETTINGS CONTROL index=108 x=298 y=431 width=840 height=46
ZSETTINGS CONTROL index=109 x=298 y=481 width=840 height=46
ZSETTINGS CONTROL index=110 x=298 y=531 width=840 height=46
ZSETTINGS CONTROL index=111 x=298 y=581 width=840 height=46
ZSETTINGS CONTROL index=112 x=298 y=631 width=840 height=46
ZSETTINGS CONTROL index=113 x=298 y=681 width=840 height=46
ZSETTINGS CONTROL index=114 x=298 y=731 width=840 height=46
ZSETTINGS LAYOUT page=wifi controls=16
ZSETTINGS CONTROL index=1 x=1082 y=-133 width=52 height=32
ZSETTINGS CONTROL index=100 x=298 y=5 width=840 height=46
ZSETTINGS CONTROL index=101 x=298 y=55 width=840 height=46
ZSETTINGS CONTROL index=102 x=298 y=105 width=840 height=46
ZSETTINGS CONTROL index=103 x=298 y=155 width=840 height=46
ZSETTINGS CONTROL index=104 x=298 y=205 width=840 height=46
ZSETTINGS CONTROL index=105 x=298 y=255 width=840 height=46
ZSETTINGS CONTROL index=106 x=298 y=305 width=840 height=46
ZSETTINGS CONTROL index=107 x=298 y=355 width=840 height=46
ZSETTINGS CONTROL index=108 x=298 y=405 width=840 height=46
ZSETTINGS CONTROL index=109 x=298 y=455 width=840 height=46
ZSETTINGS CONTROL index=110 x=298 y=505 width=840 height=46
ZSETTINGS CONTROL index=111 x=298 y=555 width=840 height=46
ZSETTINGS CONTROL index=112 x=298 y=605 width=840 height=46
ZSETTINGS CONTROL index=113 x=298 y=655 width=840 height=46
ZSETTINGS CONTROL index=114 x=298 y=705 width=840 height=46
ZSETTINGS LAYOUT page=wifi controls=16
ZSETTINGS CONTROL index=1 x=1082 y=-161 width=52 height=32
ZSETTINGS CONTROL index=100 x=298 y=-23 width=840 height=46
ZSETTINGS CONTROL index=101 x=298 y=27 width=840 height=46
ZSETTINGS CONTROL index=102 x=298 y=77 width=840 height=46
ZSETTINGS CONTROL index=103 x=298 y=127 width=840 height=46
ZSETTINGS CONTROL index=104 x=298 y=177 width=840 height=46
ZSETTINGS CONTROL index=105 x=298 y=227 width=840 height=46
ZSETTINGS CONTROL index=106 x=298 y=277 width=840 height=46
ZSETTINGS CONTROL index=107 x=298 y=327 width=840 height=46
ZSETTINGS CONTROL index=108 x=298 y=377 width=840 height=46
ZSETTINGS CONTROL index=109 x=298 y=427 width=840 height=46
ZSETTINGS CONTROL index=110 x=298 y=477 width=840 height=46
ZSETTINGS CONTROL index=111 x=298 y=527 width=840 height=46
ZSETTINGS CONTROL index=112 x=298 y=577 width=840 height=46
ZSETTINGS CONTROL index=113 x=298 y=627 width=840 height=46
ZSETTINGS CONTROL index=114 x=298 y=677 width=840 height=46
ZSETTINGS TOUCH scroll end pane=page scroll=274
KWL SYSTEM result client=3 object=42 request=644 applied=0
KWL TOUCH down client=3 surface=19 contact=0 x=996 y=548
ZSETTINGS TOUCH scroll start pane=page
ZSETTINGS LAYOUT page=wifi controls=16
ZSETTINGS CONTROL index=1 x=1082 y=-144 width=52 height=32
ZSETTINGS CONTROL index=100 x=298 y=-6 width=840 height=46
ZSETTINGS CONTROL index=101 x=298 y=44 width=840 height=46
ZSETTINGS CONTROL index=102 x=298 y=94 width=840 height=46
ZSETTINGS CONTROL index=103 x=298 y=144 width=840 height=46
ZSETTINGS CONTROL index=104 x=298 y=194 width=840 height=46
ZSETTINGS CONTROL index=105 x=298 y=244 width=840 height=46
ZSETTINGS CONTROL index=106 x=298 y=294 width=840 height=46
ZSETTINGS CONTROL index=107 x=298 y=344 width=840 height=46
ZSETTINGS CONTROL index=108 x=298 y=394 width=840 height=46
ZSETTINGS CONTROL index=109 x=298 y=444 width=840 height=46
ZSETTINGS CONTROL index=110 x=298 y=494 width=840 height=46
ZSETTINGS CONTROL index=111 x=298 y=544 width=840 height=46
ZSETTINGS CONTROL index=112 x=298 y=594 width=840 height=46
ZSETTINGS CONTROL index=113 x=298 y=644 width=840 height=46
ZSETTINGS CONTROL index=114 x=298 y=694 width=840 height=46
ZSETTINGS LAYOUT page=wifi controls=16
ZSETTINGS CONTROL index=1 x=1082 y=-122 width=52 height=32
ZSETTINGS CONTROL index=100 x=298 y=16 width=840 height=46
ZSETTINGS CONTROL index=101 x=298 y=66 width=840 height=46
ZSETTINGS CONTROL index=102 x=298 y=116 width=840 height=46
ZSETTINGS CONTROL index=103 x=298 y=166 width=840 height=46
ZSETTINGS CONTROL index=104 x=298 y=216 width=840 height=46
ZSETTINGS CONTROL index=105 x=298 y=266 width=840 height=46
ZSETTINGS CONTROL index=106 x=298 y=316 width=840 height=46
ZSETTINGS CONTROL index=107 x=298 y=366 width=840 height=46
ZSETTINGS CONTROL index=108 x=298 y=416 width=840 height=46
ZSETTINGS CONTROL index=109 x=298 y=466 width=840 height=46
ZSETTINGS CONTROL index=110 x=298 y=516 width=840 height=46
ZSETTINGS CONTROL index=111 x=298 y=566 width=840 height=46
ZSETTINGS CONTROL index=112 x=298 y=616 width=840 height=46
ZSETTINGS CONTROL index=113 x=298 y=666 width=840 height=46
ZSETTINGS CONTROL index=114 x=298 y=716 width=840 height=46
ZSETTINGS LAYOUT page=wifi controls=16
ZSETTINGS CONTROL index=1 x=1082 y=-85 width=52 height=32
ZSETTINGS CONTROL index=100 x=298 y=53 width=840 height=46
ZSETTINGS CONTROL index=101 x=298 y=103 width=840 height=46
ZSETTINGS CONTROL index=102 x=298 y=153 width=840 height=46
ZSETTINGS CONTROL index=103 x=298 y=203 width=840 height=46
ZSETTINGS CONTROL index=104 x=298 y=253 width=840 height=46
ZSETTINGS CONTROL index=105 x=298 y=303 width=840 height=46
ZSETTINGS CONTROL index=106 x=298 y=353 width=840 height=46
ZSETTINGS CONTROL index=107 x=298 y=403 width=840 height=46
ZSETTINGS CONTROL index=108 x=298 y=453 width=840 height=46
ZSETTINGS CONTROL index=109 x=298 y=503 width=840 height=46
ZSETTINGS CONTROL index=110 x=298 y=553 width=840 height=46
ZSETTINGS CONTROL index=111 x=298 y=603 width=840 height=46
ZSETTINGS CONTROL index=112 x=298 y=653 width=840 height=46
ZSETTINGS CONTROL index=113 x=298 y=703 width=840 height=46
ZSETTINGS CONTROL index=114 x=298 y=753 width=840 height=46
ZSETTINGS LAYOUT page=wifi controls=16
ZSETTINGS CONTROL index=1 x=1082 y=-52 width=52 height=32
ZSETTINGS CONTROL index=100 x=298 y=86 width=840 height=46
ZSETTINGS CONTROL index=101 x=298 y=136 width=840 height=46
ZSETTINGS CONTROL index=102 x=298 y=186 width=840 height=46
ZSETTINGS CONTROL index=103 x=298 y=236 width=840 height=46
ZSETTINGS CONTROL index=104 x=298 y=286 width=840 height=46
ZSETTINGS CONTROL index=105 x=298 y=336 width=840 height=46
ZSETTINGS CONTROL index=106 x=298 y=386 width=840 height=46
ZSETTINGS CONTROL index=107 x=298 y=436 width=840 height=46
ZSETTINGS CONTROL index=108 x=298 y=486 width=840 height=46
ZSETTINGS CONTROL index=109 x=298 y=536 width=840 height=46
ZSETTINGS CONTROL index=110 x=298 y=586 width=840 height=46
ZSETTINGS CONTROL index=111 x=298 y=636 width=840 height=46
ZSETTINGS CONTROL index=112 x=298 y=686 width=840 height=46
ZSETTINGS CONTROL index=113 x=298 y=736 width=840 height=46
ZSETTINGS CONTROL index=114 x=298 y=786 width=840 height=46
ZSETTINGS LAYOUT page=wifi controls=16
ZSETTINGS CONTROL index=1 x=1082 y=-13 width=52 height=32
ZSETTINGS CONTROL index=100 x=298 y=125 width=840 height=46
ZSETTINGS CONTROL index=101 x=298 y=175 width=840 height=46
ZSETTINGS CONTROL index=102 x=298 y=225 width=840 height=46
ZSETTINGS CONTROL index=103 x=298 y=275 width=840 height=46
ZSETTINGS CONTROL index=104 x=298 y=325 width=840 height=46
ZSETTINGS CONTROL index=105 x=298 y=375 width=840 height=46
ZSETTINGS CONTROL index=106 x=298 y=425 width=840 height=46
ZSETTINGS CONTROL index=107 x=298 y=475 width=840 height=46
ZSETTINGS CONTROL index=108 x=298 y=525 width=840 height=46
ZSETTINGS CONTROL index=109 x=298 y=575 width=840 height=46
ZSETTINGS CONTROL index=110 x=298 y=625 width=840 height=46
ZSETTINGS CONTROL index=111 x=298 y=675 width=840 height=46
ZSETTINGS CONTROL index=112 x=298 y=725 width=840 height=46
ZSETTINGS CONTROL index=113 x=298 y=775 width=840 height=46
ZSETTINGS CONTROL index=114 x=298 y=825 width=840 height=46
ZSETTINGS LAYOUT page=wifi controls=16
ZSETTINGS CONTROL index=1 x=1082 y=15 width=52 height=32
ZSETTINGS CONTROL index=100 x=298 y=153 width=840 height=46
ZSETTINGS CONTROL index=101 x=298 y=203 width=840 height=46
ZSETTINGS CONTROL index=102 x=298 y=253 width=840 height=46
ZSETTINGS CONTROL index=103 x=298 y=303 width=840 height=46
ZSETTINGS CONTROL index=104 x=298 y=353 width=840 height=46
ZSETTINGS CONTROL index=105 x=298 y=403 width=840 height=46
ZSETTINGS CONTROL index=106 x=298 y=453 width=840 height=46
ZSETTINGS CONTROL index=107 x=298 y=503 width=840 height=46
ZSETTINGS CONTROL index=108 x=298 y=553 width=840 height=46
ZSETTINGS CONTROL index=109 x=298 y=603 width=840 height=46
ZSETTINGS CONTROL index=110 x=298 y=653 width=840 height=46
ZSETTINGS CONTROL index=111 x=298 y=703 width=840 height=46
ZSETTINGS CONTROL index=112 x=298 y=753 width=840 height=46
ZSETTINGS CONTROL index=113 x=298 y=803 width=840 height=46
ZSETTINGS CONTROL index=114 x=298 y=853 width=840 height=46
ZSETTINGS LAYOUT page=wifi controls=16
ZSETTINGS CONTROL index=1 x=1082 y=41 width=52 height=32
ZSETTINGS CONTROL index=100 x=298 y=179 width=840 height=46
ZSETTINGS CONTROL index=101 x=298 y=229 width=840 height=46
ZSETTINGS CONTROL index=102 x=298 y=279 width=840 height=46
ZSETTINGS CONTROL index=103 x=298 y=329 width=840 height=46
ZSETTINGS CONTROL index=104 x=298 y=379 width=840 height=46
ZSETTINGS CONTROL index=105 x=298 y=429 width=840 height=46
ZSETTINGS CONTROL index=106 x=298 y=479 width=840 height=46
ZSETTINGS CONTROL index=107 x=298 y=529 width=840 height=46
ZSETTINGS CONTROL index=108 x=298 y=579 width=840 height=46
ZSETTINGS CONTROL index=109 x=298 y=629 width=840 height=46
ZSETTINGS CONTROL index=110 x=298 y=679 width=840 height=46
ZSETTINGS CONTROL index=111 x=298 y=729 width=840 height=46
ZSETTINGS CONTROL index=112 x=298 y=779 width=840 height=46
ZSETTINGS CONTROL index=113 x=298 y=829 width=840 height=46
ZSETTINGS CONTROL index=114 x=298 y=879 width=840 height=46
ZSETTINGS LAYOUT page=wifi controls=16
ZSETTINGS CONTROL index=1 x=1082 y=66 width=52 height=32
ZSETTINGS CONTROL index=100 x=298 y=204 width=840 height=46
ZSETTINGS CONTROL index=101 x=298 y=254 width=840 height=46
ZSETTINGS CONTROL index=102 x=298 y=304 width=840 height=46
ZSETTINGS CONTROL index=103 x=298 y=354 width=840 height=46
ZSETTINGS CONTROL index=104 x=298 y=404 width=840 height=46
ZSETTINGS CONTROL index=105 x=298 y=454 width=840 height=46
ZSETTINGS CONTROL index=106 x=298 y=504 width=840 height=46
ZSETTINGS CONTROL index=107 x=298 y=554 width=840 height=46
ZSETTINGS CONTROL index=108 x=298 y=604 width=840 height=46
ZSETTINGS CONTROL index=109 x=298 y=654 width=840 height=46
ZSETTINGS CONTROL index=110 x=298 y=704 width=840 height=46
ZSETTINGS CONTROL index=111 x=298 y=754 width=840 height=46
ZSETTINGS CONTROL index=112 x=298 y=804 width=840 height=46
ZSETTINGS CONTROL index=113 x=298 y=854 width=840 height=46
ZSETTINGS CONTROL index=114 x=298 y=904 width=840 height=46
ZSETTINGS LAYOUT page=wifi controls=16
ZSETTINGS CONTROL index=1 x=1082 y=87 width=52 height=32
ZSETTINGS CONTROL index=100 x=298 y=225 width=840 height=46
ZSETTINGS CONTROL index=101 x=298 y=275 width=840 height=46
ZSETTINGS CONTROL index=102 x=298 y=325 width=840 height=46
ZSETTINGS CONTROL index=103 x=298 y=375 width=840 height=46
ZSETTINGS CONTROL index=104 x=298 y=425 width=840 height=46
ZSETTINGS CONTROL index=105 x=298 y=475 width=840 height=46
ZSETTINGS CONTROL index=106 x=298 y=525 width=840 height=46
ZSETTINGS CONTROL index=107 x=298 y=575 width=840 height=46
ZSETTINGS CONTROL index=108 x=298 y=625 width=840 height=46
ZSETTINGS CONTROL index=109 x=298 y=675 width=840 height=46
ZSETTINGS CONTROL index=110 x=298 y=725 width=840 height=46
ZSETTINGS CONTROL index=111 x=298 y=775 width=840 height=46
ZSETTINGS CONTROL index=112 x=298 y=825 width=840 height=46
ZSETTINGS CONTROL index=113 x=298 y=875 width=840 height=46
ZSETTINGS CONTROL index=114 x=298 y=925 width=840 height=46
ZSETTINGS LAYOUT page=wifi controls=16
ZSETTINGS CONTROL index=1 x=1082 y=111 width=52 height=32
ZSETTINGS CONTROL index=100 x=298 y=249 width=840 height=46
ZSETTINGS CONTROL index=101 x=298 y=299 width=840 height=46
ZSETTINGS CONTROL index=102 x=298 y=349 width=840 height=46
ZSETTINGS CONTROL index=103 x=298 y=399 width=840 height=46
ZSETTINGS CONTROL index=104 x=298 y=449 width=840 height=46
ZSETTINGS CONTROL index=105 x=298 y=499 width=840 height=46
ZSETTINGS CONTROL index=106 x=298 y=549 width=840 height=46
ZSETTINGS CONTROL index=107 x=298 y=599 width=840 height=46
ZSETTINGS CONTROL index=108 x=298 y=649 width=840 height=46
ZSETTINGS CONTROL index=109 x=298 y=699 width=840 height=46
ZSETTINGS CONTROL index=110 x=298 y=749 width=840 height=46
ZSETTINGS CONTROL index=111 x=298 y=799 width=840 height=46
ZSETTINGS CONTROL index=112 x=298 y=849 width=840 height=46
ZSETTINGS CONTROL index=113 x=298 y=899 width=840 height=46
ZSETTINGS CONTROL index=114 x=298 y=949 width=840 height=46
ZSETTINGS LAYOUT page=wifi controls=16
ZSETTINGS CONTROL index=1 x=1082 y=113 width=52 height=32
ZSETTINGS CONTROL index=100 x=298 y=251 width=840 height=46
ZSETTINGS CONTROL index=101 x=298 y=301 width=840 height=46
ZSETTINGS CONTROL index=102 x=298 y=351 width=840 height=46
ZSETTINGS CONTROL index=103 x=298 y=401 width=840 height=46
ZSETTINGS CONTROL index=104 x=298 y=451 width=840 height=46
ZSETTINGS CONTROL index=105 x=298 y=501 width=840 height=46
ZSETTINGS CONTROL index=106 x=298 y=551 width=840 height=46
ZSETTINGS CONTROL index=107 x=298 y=601 width=840 height=46
ZSETTINGS CONTROL index=108 x=298 y=651 width=840 height=46
ZSETTINGS CONTROL index=109 x=298 y=701 width=840 height=46
ZSETTINGS CONTROL index=110 x=298 y=751 width=840 height=46
ZSETTINGS CONTROL index=111 x=298 y=801 width=840 height=46
ZSETTINGS CONTROL index=112 x=298 y=851 width=840 height=46
ZSETTINGS CONTROL index=113 x=298 y=901 width=840 height=46
ZSETTINGS CONTROL index=114 x=298 y=951 width=840 height=46
ZSETTINGS LAYOUT page=wifi controls=16
ZSETTINGS CONTROL index=1 x=1082 y=104 width=52 height=32
ZSETTINGS CONTROL index=100 x=298 y=242 width=840 height=46
ZSETTINGS CONTROL index=101 x=298 y=292 width=840 height=46
ZSETTINGS CONTROL index=102 x=298 y=342 width=840 height=46
ZSETTINGS CONTROL index=103 x=298 y=392 width=840 height=46
ZSETTINGS CONTROL index=104 x=298 y=442 width=840 height=46
ZSETTINGS CONTROL index=105 x=298 y=492 width=840 height=46
ZSETTINGS CONTROL index=106 x=298 y=542 width=840 height=46
ZSETTINGS CONTROL index=107 x=298 y=592 width=840 height=46
ZSETTINGS CONTROL index=108 x=298 y=642 width=840 height=46
ZSETTINGS CONTROL index=109 x=298 y=692 width=840 height=46
ZSETTINGS CONTROL index=110 x=298 y=742 width=840 height=46
ZSETTINGS CONTROL index=111 x=298 y=792 width=840 height=46
ZSETTINGS CONTROL index=112 x=298 y=842 width=840 height=46
ZSETTINGS CONTROL index=113 x=298 y=892 width=840 height=46
ZSETTINGS CONTROL index=114 x=298 y=942 width=840 height=46
ZSETTINGS TOUCH scroll end pane=page scroll=9
KWL SYSTEM result client=3 object=42 request=645 applied=0
KWL PERF 5009ms: passes=704 timeouts=208 | poll 75.2% work 24.3%
KWL PERF compose frames=78 draw_ms=14.38 (acquire 0.05 submit+present 14.00) frame_ms=14.86
KWL TOUCH down client=3 surface=19 contact=0 x=937 y=926
ZSETTINGS TOUCH scroll start pane=page
ZSETTINGS LAYOUT page=wifi controls=16
ZSETTINGS CONTROL index=1 x=1082 y=92 width=52 height=32
ZSETTINGS CONTROL index=100 x=298 y=230 width=840 height=46
ZSETTINGS CONTROL index=101 x=298 y=280 width=840 height=46
ZSETTINGS CONTROL index=102 x=298 y=330 width=840 height=46
ZSETTINGS CONTROL index=103 x=298 y=380 width=840 height=46
ZSETTINGS CONTROL index=104 x=298 y=430 width=840 height=46
ZSETTINGS CONTROL index=105 x=298 y=480 width=840 height=46
ZSETTINGS CONTROL index=106 x=298 y=530 width=840 height=46
ZSETTINGS CONTROL index=107 x=298 y=580 width=840 height=46
ZSETTINGS CONTROL index=108 x=298 y=630 width=840 height=46
ZSETTINGS CONTROL index=109 x=298 y=680 width=840 height=46
ZSETTINGS CONTROL index=110 x=298 y=730 width=840 height=46
ZSETTINGS CONTROL index=111 x=298 y=780 width=840 height=46
ZSETTINGS CONTROL index=112 x=298 y=830 width=840 height=46
ZSETTINGS CONTROL index=113 x=298 y=880 width=840 height=46
ZSETTINGS CONTROL index=114 x=298 y=930 width=840 height=46
ZSETTINGS LAYOUT page=wifi controls=16
ZSETTINGS CONTROL index=1 x=1082 y=64 width=52 height=32
ZSETTINGS CONTROL index=100 x=298 y=202 width=840 height=46
ZSETTINGS CONTROL index=101 x=298 y=252 width=840 height=46
ZSETTINGS CONTROL index=102 x=298 y=302 width=840 height=46
ZSETTINGS CONTROL index=103 x=298 y=352 width=840 height=46
ZSETTINGS CONTROL index=104 x=298 y=402 width=840 height=46
ZSETTINGS CONTROL index=105 x=298 y=452 width=840 height=46
ZSETTINGS CONTROL index=106 x=298 y=502 width=840 height=46
ZSETTINGS CONTROL index=107 x=298 y=552 width=840 height=46
ZSETTINGS CONTROL index=108 x=298 y=602 width=840 height=46
ZSETTINGS CONTROL index=109 x=298 y=652 width=840 height=46
ZSETTINGS CONTROL index=110 x=298 y=702 width=840 height=46
ZSETTINGS CONTROL index=111 x=298 y=752 width=840 height=46
ZSETTINGS CONTROL index=112 x=298 y=802 width=840 height=46
ZSETTINGS CONTROL index=113 x=298 y=852 width=840 height=46
ZSETTINGS CONTROL index=114 x=298 y=902 width=840 height=46
ZSETTINGS LAYOUT page=wifi controls=16
ZSETTINGS CONTROL index=1 x=1082 y=-3 width=52 height=32
ZSETTINGS CONTROL index=100 x=298 y=135 width=840 height=46
ZSETTINGS CONTROL index=101 x=298 y=185 width=840 height=46
ZSETTINGS CONTROL index=102 x=298 y=235 width=840 height=46
ZSETTINGS CONTROL index=103 x=298 y=285 width=840 height=46
ZSETTINGS CONTROL index=104 x=298 y=335 width=840 height=46
ZSETTINGS CONTROL index=105 x=298 y=385 width=840 height=46
ZSETTINGS CONTROL index=106 x=298 y=435 width=840 height=46
ZSETTINGS CONTROL index=107 x=298 y=485 width=840 height=46
ZSETTINGS CONTROL index=108 x=298 y=535 width=840 height=46
ZSETTINGS CONTROL index=109 x=298 y=585 width=840 height=46
ZSETTINGS CONTROL index=110 x=298 y=635 width=840 height=46
ZSETTINGS CONTROL index=111 x=298 y=685 width=840 height=46
ZSETTINGS CONTROL index=112 x=298 y=735 width=840 height=46
ZSETTINGS CONTROL index=113 x=298 y=785 width=840 height=46
ZSETTINGS CONTROL index=114 x=298 y=835 width=840 height=46
ZSETTINGS LAYOUT page=wifi controls=16
ZSETTINGS CONTROL index=1 x=1082 y=-86 width=52 height=32
ZSETTINGS CONTROL index=100 x=298 y=52 width=840 height=46
ZSETTINGS CONTROL index=101 x=298 y=102 width=840 height=46
ZSETTINGS CONTROL index=102 x=298 y=152 width=840 height=46
ZSETTINGS CONTROL index=103 x=298 y=202 width=840 height=46
ZSETTINGS CONTROL index=104 x=298 y=252 width=840 height=46
ZSETTINGS CONTROL index=105 x=298 y=302 width=840 height=46
ZSETTINGS CONTROL index=106 x=298 y=352 width=840 height=46
ZSETTINGS CONTROL index=107 x=298 y=402 width=840 height=46
ZSETTINGS CONTROL index=108 x=298 y=452 width=840 height=46
ZSETTINGS CONTROL index=109 x=298 y=502 width=840 height=46
ZSETTINGS CONTROL index=110 x=298 y=552 width=840 height=46
ZSETTINGS CONTROL index=111 x=298 y=602 width=840 height=46
ZSETTINGS CONTROL index=112 x=298 y=652 width=840 height=46
ZSETTINGS CONTROL index=113 x=298 y=702 width=840 height=46
ZSETTINGS CONTROL index=114 x=298 y=752 width=840 height=46
ZSETTINGS TOUCH scroll end pane=page scroll=199
KWL SYSTEM result client=3 object=42 request=646 applied=0
KWL TOUCH down client=3 surface=19 contact=0 x=1009 y=575
ZSETTINGS TOUCH scroll start pane=page
ZSETTINGS LAYOUT page=wifi controls=16
ZSETTINGS CONTROL index=1 x=1082 y=-72 width=52 height=32
ZSETTINGS CONTROL index=100 x=298 y=66 width=840 height=46
ZSETTINGS CONTROL index=101 x=298 y=116 width=840 height=46
ZSETTINGS CONTROL index=102 x=298 y=166 width=840 height=46
ZSETTINGS CONTROL index=103 x=298 y=216 width=840 height=46
ZSETTINGS CONTROL index=104 x=298 y=266 width=840 height=46
ZSETTINGS CONTROL index=105 x=298 y=316 width=840 height=46
ZSETTINGS CONTROL index=106 x=298 y=366 width=840 height=46
ZSETTINGS CONTROL index=107 x=298 y=416 width=840 height=46
ZSETTINGS CONTROL index=108 x=298 y=466 width=840 height=46
ZSETTINGS CONTROL index=109 x=298 y=516 width=840 height=46
ZSETTINGS CONTROL index=110 x=298 y=566 width=840 height=46
ZSETTINGS CONTROL index=111 x=298 y=616 width=840 height=46
ZSETTINGS CONTROL index=112 x=298 y=666 width=840 height=46
ZSETTINGS CONTROL index=113 x=298 y=716 width=840 height=46
ZSETTINGS CONTROL index=114 x=298 y=766 width=840 height=46
ZSETTINGS LAYOUT page=wifi controls=16
ZSETTINGS CONTROL index=1 x=1082 y=-23 width=52 height=32
ZSETTINGS CONTROL index=100 x=298 y=115 width=840 height=46
ZSETTINGS CONTROL index=101 x=298 y=165 width=840 height=46
ZSETTINGS CONTROL index=102 x=298 y=215 width=840 height=46
ZSETTINGS CONTROL index=103 x=298 y=265 width=840 height=46
ZSETTINGS CONTROL index=104 x=298 y=315 width=840 height=46
ZSETTINGS CONTROL index=105 x=298 y=365 width=840 height=46
ZSETTINGS CONTROL index=106 x=298 y=415 width=840 height=46
ZSETTINGS CONTROL index=107 x=298 y=465 width=840 height=46
ZSETTINGS CONTROL index=108 x=298 y=515 width=840 height=46
ZSETTINGS CONTROL index=109 x=298 y=565 width=840 height=46
ZSETTINGS CONTROL index=110 x=298 y=615 width=840 height=46
ZSETTINGS CONTROL index=111 x=298 y=665 width=840 height=46
ZSETTINGS CONTROL index=112 x=298 y=715 width=840 height=46
ZSETTINGS CONTROL index=113 x=298 y=765 width=840 height=46
ZSETTINGS CONTROL index=114 x=298 y=815 width=840 height=46
ZSETTINGS LAYOUT page=wifi controls=16
ZSETTINGS CONTROL index=1 x=1082 y=48 width=52 height=32
ZSETTINGS CONTROL index=100 x=298 y=186 width=840 height=46
ZSETTINGS CONTROL index=101 x=298 y=236 width=840 height=46
ZSETTINGS CONTROL index=102 x=298 y=286 width=840 height=46
ZSETTINGS CONTROL index=103 x=298 y=336 width=840 height=46
ZSETTINGS CONTROL index=104 x=298 y=386 width=840 height=46
ZSETTINGS CONTROL index=105 x=298 y=436 width=840 height=46
ZSETTINGS CONTROL index=106 x=298 y=486 width=840 height=46
ZSETTINGS CONTROL index=107 x=298 y=536 width=840 height=46
ZSETTINGS CONTROL index=108 x=298 y=586 width=840 height=46
ZSETTINGS CONTROL index=109 x=298 y=636 width=840 height=46
ZSETTINGS CONTROL index=110 x=298 y=686 width=840 height=46
ZSETTINGS CONTROL index=111 x=298 y=736 width=840 height=46
ZSETTINGS CONTROL index=112 x=298 y=786 width=840 height=46
ZSETTINGS CONTROL index=113 x=298 y=836 width=840 height=46
ZSETTINGS CONTROL index=114 x=298 y=886 width=840 height=46
ZSETTINGS LAYOUT page=wifi controls=16
ZSETTINGS CONTROL index=1 x=1082 y=113 width=52 height=32
ZSETTINGS CONTROL index=100 x=298 y=251 width=840 height=46
ZSETTINGS CONTROL index=101 x=298 y=301 width=840 height=46
ZSETTINGS CONTROL index=102 x=298 y=351 width=840 height=46
ZSETTINGS CONTROL index=103 x=298 y=401 width=840 height=46
ZSETTINGS CONTROL index=104 x=298 y=451 width=840 height=46
ZSETTINGS CONTROL index=105 x=298 y=501 width=840 height=46
ZSETTINGS CONTROL index=106 x=298 y=551 width=840 height=46
ZSETTINGS CONTROL index=107 x=298 y=601 width=840 height=46
ZSETTINGS CONTROL index=108 x=298 y=651 width=840 height=46
ZSETTINGS CONTROL index=109 x=298 y=701 width=840 height=46
ZSETTINGS CONTROL index=110 x=298 y=751 width=840 height=46
ZSETTINGS CONTROL index=111 x=298 y=801 width=840 height=46
ZSETTINGS CONTROL index=112 x=298 y=851 width=840 height=46
ZSETTINGS CONTROL index=113 x=298 y=901 width=840 height=46
ZSETTINGS CONTROL index=114 x=298 y=951 width=840 height=46
ZSETTINGS NETWORK scanning on=1 renew=1 errno=0
ZSETTINGS TOUCH scroll end pane=page scroll=0
KWL NETWORK state reachable=1 connected=0 kind=none interface= wifi=searching ssid=
KWL NETWORK scan count=15
ZSETTINGS NETWORK scan count=15
KWL TOUCH down client=3 surface=19 contact=0 x=997 y=1051
ZSETTINGS TOUCH scroll start pane=page
ZSETTINGS LAYOUT page=wifi controls=16
ZSETTINGS CONTROL index=1 x=1082 y=102 width=52 height=32
ZSETTINGS CONTROL index=100 x=298 y=240 width=840 height=46
ZSETTINGS CONTROL index=101 x=298 y=290 width=840 height=46
ZSETTINGS CONTROL index=102 x=298 y=340 width=840 height=46
ZSETTINGS CONTROL index=103 x=298 y=390 width=840 height=46
ZSETTINGS CONTROL index=104 x=298 y=440 width=840 height=46
ZSETTINGS CONTROL index=105 x=298 y=490 width=840 height=46
ZSETTINGS CONTROL index=106 x=298 y=540 width=840 height=46
ZSETTINGS CONTROL index=107 x=298 y=590 width=840 height=46
ZSETTINGS CONTROL index=108 x=298 y=640 width=840 height=46
ZSETTINGS CONTROL index=109 x=298 y=690 width=840 height=46
ZSETTINGS CONTROL index=110 x=298 y=740 width=840 height=46
ZSETTINGS CONTROL index=111 x=298 y=790 width=840 height=46
ZSETTINGS CONTROL index=112 x=298 y=840 width=840 height=46
ZSETTINGS CONTROL index=113 x=298 y=890 width=840 height=46
ZSETTINGS CONTROL index=114 x=298 y=940 width=840 height=46
ZSETTINGS LAYOUT page=wifi controls=16
ZSETTINGS CONTROL index=1 x=1082 y=70 width=52 height=32
ZSETTINGS CONTROL index=100 x=298 y=208 width=840 height=46
ZSETTINGS CONTROL index=101 x=298 y=258 width=840 height=46
ZSETTINGS CONTROL index=102 x=298 y=308 width=840 height=46
ZSETTINGS CONTROL index=103 x=298 y=358 width=840 height=46
ZSETTINGS CONTROL index=104 x=298 y=408 width=840 height=46
ZSETTINGS CONTROL index=105 x=298 y=458 width=840 height=46
ZSETTINGS CONTROL index=106 x=298 y=508 width=840 height=46
ZSETTINGS CONTROL index=107 x=298 y=558 width=840 height=46
ZSETTINGS CONTROL index=108 x=298 y=608 width=840 height=46
ZSETTINGS CONTROL index=109 x=298 y=658 width=840 height=46
ZSETTINGS CONTROL index=110 x=298 y=708 width=840 height=46
ZSETTINGS CONTROL index=111 x=298 y=758 width=840 height=46
ZSETTINGS CONTROL index=112 x=298 y=808 width=840 height=46
ZSETTINGS CONTROL index=113 x=298 y=858 width=840 height=46
ZSETTINGS CONTROL index=114 x=298 y=908 width=840 height=46
ZSETTINGS LAYOUT page=wifi controls=16
ZSETTINGS CONTROL index=1 x=1082 y=-1 width=52 height=32
ZSETTINGS CONTROL index=100 x=298 y=137 width=840 height=46
ZSETTINGS CONTROL index=101 x=298 y=187 width=840 height=46
ZSETTINGS CONTROL index=102 x=298 y=237 width=840 height=46
ZSETTINGS CONTROL index=103 x=298 y=287 width=840 height=46
ZSETTINGS CONTROL index=104 x=298 y=337 width=840 height=46
ZSETTINGS CONTROL index=105 x=298 y=387 width=840 height=46
ZSETTINGS CONTROL index=106 x=298 y=437 width=840 height=46
ZSETTINGS CONTROL index=107 x=298 y=487 width=840 height=46
ZSETTINGS CONTROL index=108 x=298 y=537 width=840 height=46
ZSETTINGS CONTROL index=109 x=298 y=587 width=840 height=46
ZSETTINGS CONTROL index=110 x=298 y=637 width=840 height=46
ZSETTINGS CONTROL index=111 x=298 y=687 width=840 height=46
ZSETTINGS CONTROL index=112 x=298 y=737 width=840 height=46
ZSETTINGS CONTROL index=113 x=298 y=787 width=840 height=46
ZSETTINGS CONTROL index=114 x=298 y=837 width=840 height=46
KWL SYSTEM result client=3 object=42 request=647 applied=0
ZSETTINGS LAYOUT page=wifi controls=16
ZSETTINGS CONTROL index=1 x=1082 y=-80 width=52 height=32
ZSETTINGS CONTROL index=100 x=298 y=58 width=840 height=46
ZSETTINGS CONTROL index=101 x=298 y=108 width=840 height=46
ZSETTINGS CONTROL index=102 x=298 y=158 width=840 height=46
ZSETTINGS CONTROL index=103 x=298 y=208 width=840 height=46
ZSETTINGS CONTROL index=104 x=298 y=258 width=840 height=46
ZSETTINGS CONTROL index=105 x=298 y=308 width=840 height=46
ZSETTINGS CONTROL index=106 x=298 y=358 width=840 height=46
ZSETTINGS CONTROL index=107 x=298 y=408 width=840 height=46
ZSETTINGS CONTROL index=108 x=298 y=458 width=840 height=46
ZSETTINGS CONTROL index=109 x=298 y=508 width=840 height=46
ZSETTINGS CONTROL index=110 x=298 y=558 width=840 height=46
ZSETTINGS CONTROL index=111 x=298 y=608 width=840 height=46
ZSETTINGS CONTROL index=112 x=298 y=658 width=840 height=46
ZSETTINGS CONTROL index=113 x=298 y=708 width=840 height=46
ZSETTINGS CONTROL index=114 x=298 y=758 width=840 height=46
ZSETTINGS LAYOUT page=wifi controls=16
ZSETTINGS CONTROL index=1 x=1082 y=-125 width=52 height=32
ZSETTINGS CONTROL index=100 x=298 y=13 width=840 height=46
ZSETTINGS CONTROL index=101 x=298 y=63 width=840 height=46
ZSETTINGS CONTROL index=102 x=298 y=113 width=840 height=46
ZSETTINGS CONTROL index=103 x=298 y=163 width=840 height=46
ZSETTINGS CONTROL index=104 x=298 y=213 width=840 height=46
ZSETTINGS CONTROL index=105 x=298 y=263 width=840 height=46
ZSETTINGS CONTROL index=106 x=298 y=313 width=840 height=46
ZSETTINGS CONTROL index=107 x=298 y=363 width=840 height=46
ZSETTINGS CONTROL index=108 x=298 y=413 width=840 height=46
ZSETTINGS CONTROL index=109 x=298 y=463 width=840 height=46
ZSETTINGS CONTROL index=110 x=298 y=513 width=840 height=46
ZSETTINGS CONTROL index=111 x=298 y=563 width=840 height=46
ZSETTINGS CONTROL index=112 x=298 y=613 width=840 height=46
ZSETTINGS CONTROL index=113 x=298 y=663 width=840 height=46
ZSETTINGS CONTROL index=114 x=298 y=713 width=840 height=46
ZSETTINGS LAYOUT page=wifi controls=16
ZSETTINGS CONTROL index=1 x=1082 y=-161 width=52 height=32
ZSETTINGS CONTROL index=100 x=298 y=-23 width=840 height=46
ZSETTINGS CONTROL index=101 x=298 y=27 width=840 height=46
ZSETTINGS CONTROL index=102 x=298 y=77 width=840 height=46
ZSETTINGS CONTROL index=103 x=298 y=127 width=840 height=46
ZSETTINGS CONTROL index=104 x=298 y=177 width=840 height=46
ZSETTINGS CONTROL index=105 x=298 y=227 width=840 height=46
ZSETTINGS CONTROL index=106 x=298 y=277 width=840 height=46
ZSETTINGS CONTROL index=107 x=298 y=327 width=840 height=46
ZSETTINGS CONTROL index=108 x=298 y=377 width=840 height=46
ZSETTINGS CONTROL index=109 x=298 y=427 width=840 height=46
ZSETTINGS CONTROL index=110 x=298 y=477 width=840 height=46
ZSETTINGS CONTROL index=111 x=298 y=527 width=840 height=46
ZSETTINGS CONTROL index=112 x=298 y=577 width=840 height=46
ZSETTINGS CONTROL index=113 x=298 y=627 width=840 height=46
ZSETTINGS CONTROL index=114 x=298 y=677 width=840 height=46
ZSETTINGS LAYOUT page=wifi controls=16
ZSETTINGS CONTROL index=1 x=1082 y=-154 width=52 height=32
ZSETTINGS CONTROL index=100 x=298 y=-16 width=840 height=46
ZSETTINGS CONTROL index=101 x=298 y=34 width=840 height=46
ZSETTINGS CONTROL index=102 x=298 y=84 width=840 height=46
ZSETTINGS CONTROL index=103 x=298 y=134 width=840 height=46
ZSETTINGS CONTROL index=104 x=298 y=184 width=840 height=46
ZSETTINGS CONTROL index=105 x=298 y=234 width=840 height=46
ZSETTINGS CONTROL index=106 x=298 y=284 width=840 height=46
ZSETTINGS CONTROL index=107 x=298 y=334 width=840 height=46
ZSETTINGS CONTROL index=108 x=298 y=384 width=840 height=46
ZSETTINGS CONTROL index=109 x=298 y=434 width=840 height=46
ZSETTINGS CONTROL index=110 x=298 y=484 width=840 height=46
ZSETTINGS CONTROL index=111 x=298 y=534 width=840 height=46
ZSETTINGS CONTROL index=112 x=298 y=584 width=840 height=46
ZSETTINGS CONTROL index=113 x=298 y=634 width=840 height=46
ZSETTINGS CONTROL index=114 x=298 y=684 width=840 height=46
ZSETTINGS LAYOUT page=wifi controls=16
ZSETTINGS CONTROL index=1 x=1082 y=-94 width=52 height=32
ZSETTINGS CONTROL index=100 x=298 y=44 width=840 height=46
ZSETTINGS CONTROL index=101 x=298 y=94 width=840 height=46
ZSETTINGS CONTROL index=102 x=298 y=144 width=840 height=46
ZSETTINGS CONTROL index=103 x=298 y=194 width=840 height=46
ZSETTINGS CONTROL index=104 x=298 y=244 width=840 height=46
ZSETTINGS CONTROL index=105 x=298 y=294 width=840 height=46
ZSETTINGS CONTROL index=106 x=298 y=344 width=840 height=46
ZSETTINGS CONTROL index=107 x=298 y=394 width=840 height=46
ZSETTINGS CONTROL index=108 x=298 y=444 width=840 height=46
ZSETTINGS CONTROL index=109 x=298 y=494 width=840 height=46
ZSETTINGS CONTROL index=110 x=298 y=544 width=840 height=46
ZSETTINGS CONTROL index=111 x=298 y=594 width=840 height=46
ZSETTINGS CONTROL index=112 x=298 y=644 width=840 height=46
ZSETTINGS CONTROL index=113 x=298 y=694 width=840 height=46
ZSETTINGS CONTROL index=114 x=298 y=744 width=840 height=46
ZSETTINGS LAYOUT page=wifi controls=16
ZSETTINGS CONTROL index=1 x=1082 y=-11 width=52 height=32
ZSETTINGS CONTROL index=100 x=298 y=127 width=840 height=46
ZSETTINGS CONTROL index=101 x=298 y=177 width=840 height=46
ZSETTINGS CONTROL index=102 x=298 y=227 width=840 height=46
ZSETTINGS CONTROL index=103 x=298 y=277 width=840 height=46
ZSETTINGS CONTROL index=104 x=298 y=327 width=840 height=46
ZSETTINGS CONTROL index=105 x=298 y=377 width=840 height=46
ZSETTINGS CONTROL index=106 x=298 y=427 width=840 height=46
ZSETTINGS CONTROL index=107 x=298 y=477 width=840 height=46
ZSETTINGS CONTROL index=108 x=298 y=527 width=840 height=46
ZSETTINGS CONTROL index=109 x=298 y=577 width=840 height=46
ZSETTINGS CONTROL index=110 x=298 y=627 width=840 height=46
ZSETTINGS CONTROL index=111 x=298 y=677 width=840 height=46
ZSETTINGS CONTROL index=112 x=298 y=727 width=840 height=46
ZSETTINGS CONTROL index=113 x=298 y=777 width=840 height=46
ZSETTINGS CONTROL index=114 x=298 y=827 width=840 height=46
ZSETTINGS LAYOUT page=wifi controls=16
ZSETTINGS CONTROL index=1 x=1082 y=57 width=52 height=32
ZSETTINGS CONTROL index=100 x=298 y=195 width=840 height=46
ZSETTINGS CONTROL index=101 x=298 y=245 width=840 height=46
ZSETTINGS CONTROL index=102 x=298 y=295 width=840 height=46
ZSETTINGS CONTROL index=103 x=298 y=345 width=840 height=46
ZSETTINGS CONTROL index=104 x=298 y=395 width=840 height=46
ZSETTINGS CONTROL index=105 x=298 y=445 width=840 height=46
ZSETTINGS CONTROL index=106 x=298 y=495 width=840 height=46
ZSETTINGS CONTROL index=107 x=298 y=545 width=840 height=46
ZSETTINGS CONTROL index=108 x=298 y=595 width=840 height=46
ZSETTINGS CONTROL index=109 x=298 y=645 width=840 height=46
ZSETTINGS CONTROL index=110 x=298 y=695 width=840 height=46
ZSETTINGS CONTROL index=111 x=298 y=745 width=840 height=46
ZSETTINGS CONTROL index=112 x=298 y=795 width=840 height=46
ZSETTINGS CONTROL index=113 x=298 y=845 width=840 height=46
ZSETTINGS CONTROL index=114 x=298 y=895 width=840 height=46
ZSETTINGS LAYOUT page=wifi controls=16
ZSETTINGS CONTROL index=1 x=1082 y=103 width=52 height=32
ZSETTINGS CONTROL index=100 x=298 y=241 width=840 height=46
ZSETTINGS CONTROL index=101 x=298 y=291 width=840 height=46
ZSETTINGS CONTROL index=102 x=298 y=341 width=840 height=46
ZSETTINGS CONTROL index=103 x=298 y=391 width=840 height=46
ZSETTINGS CONTROL index=104 x=298 y=441 width=840 height=46
ZSETTINGS CONTROL index=105 x=298 y=491 width=840 height=46
ZSETTINGS CONTROL index=106 x=298 y=541 width=840 height=46
ZSETTINGS CONTROL index=107 x=298 y=591 width=840 height=46
ZSETTINGS CONTROL index=108 x=298 y=641 width=840 height=46
ZSETTINGS CONTROL index=109 x=298 y=691 width=840 height=46
ZSETTINGS CONTROL index=110 x=298 y=741 width=840 height=46
ZSETTINGS CONTROL index=111 x=298 y=791 width=840 height=46
ZSETTINGS CONTROL index=112 x=298 y=841 width=840 height=46
ZSETTINGS CONTROL index=113 x=298 y=891 width=840 height=46
ZSETTINGS CONTROL index=114 x=298 y=941 width=840 height=46
ZSETTINGS LAYOUT page=wifi controls=16
ZSETTINGS CONTROL index=1 x=1082 y=113 width=52 height=32
ZSETTINGS CONTROL index=100 x=298 y=251 width=840 height=46
ZSETTINGS CONTROL index=101 x=298 y=301 width=840 height=46
ZSETTINGS CONTROL index=102 x=298 y=351 width=840 height=46
ZSETTINGS CONTROL index=103 x=298 y=401 width=840 height=46
ZSETTINGS CONTROL index=104 x=298 y=451 width=840 height=46
ZSETTINGS CONTROL index=105 x=298 y=501 width=840 height=46
ZSETTINGS CONTROL index=106 x=298 y=551 width=840 height=46
ZSETTINGS CONTROL index=107 x=298 y=601 width=840 height=46
ZSETTINGS CONTROL index=108 x=298 y=651 width=840 height=46
ZSETTINGS CONTROL index=109 x=298 y=701 width=840 height=46
ZSETTINGS CONTROL index=110 x=298 y=751 width=840 height=46
ZSETTINGS CONTROL index=111 x=298 y=801 width=840 height=46
ZSETTINGS CONTROL index=112 x=298 y=851 width=840 height=46
ZSETTINGS CONTROL index=113 x=298 y=901 width=840 height=46
ZSETTINGS CONTROL index=114 x=298 y=951 width=840 height=46
ZSETTINGS TOUCH scroll end pane=page scroll=0
KWL SYSTEM result client=3 object=42 request=648 applied=0
KWL SYSTEM result client=3 object=42 request=649 applied=0
KWL NETWORK scan count=18
ZSETTINGS NETWORK scan count=18
ZSETTINGS LAYOUT page=wifi controls=19
ZSETTINGS CONTROL index=1 x=1082 y=113 width=52 height=32
ZSETTINGS CONTROL index=100 x=298 y=251 width=840 height=46
ZSETTINGS CONTROL index=101 x=298 y=301 width=840 height=46
ZSETTINGS CONTROL index=102 x=298 y=351 width=840 height=46
ZSETTINGS CONTROL index=103 x=298 y=401 width=840 height=46
ZSETTINGS CONTROL index=104 x=298 y=451 width=840 height=46
ZSETTINGS CONTROL index=105 x=298 y=501 width=840 height=46
ZSETTINGS CONTROL index=106 x=298 y=551 width=840 height=46
ZSETTINGS CONTROL index=107 x=298 y=601 width=840 height=46
ZSETTINGS CONTROL index=108 x=298 y=651 width=840 height=46
ZSETTINGS CONTROL index=109 x=298 y=701 width=840 height=46
ZSETTINGS CONTROL index=110 x=298 y=751 width=840 height=46
ZSETTINGS CONTROL index=111 x=298 y=801 width=840 height=46
ZSETTINGS CONTROL index=112 x=298 y=851 width=840 height=46
ZSETTINGS CONTROL index=113 x=298 y=901 width=840 height=46
ZSETTINGS CONTROL index=114 x=298 y=951 width=840 height=46
ZSETTINGS CONTROL index=115 x=298 y=1001 width=840 height=46
ZSETTINGS CONTROL index=116 x=298 y=1051 width=840 height=46
ZSETTINGS CONTROL index=117 x=298 y=1101 width=840 height=46
KWL TOUCH down client=3 surface=19 contact=0 x=952 y=696
ZSETTINGS TOUCH scroll start pane=page
KWL SYSTEM result client=3 object=42 request=650 applied=0
ZSETTINGS TOUCH scroll end pane=page scroll=0
KWL PERF 5009ms: passes=617 timeouts=327 | poll 86.3% work 13.3%
KWL PERF compose frames=41 draw_ms=14.36 (acquire 0.03 submit+present 14.02) frame_ms=15.22
KWL TOUCH down client=3 surface=19 contact=0 x=944 y=1057
ZSETTINGS TOUCH scroll start pane=page
ZSETTINGS LAYOUT page=wifi controls=19
ZSETTINGS CONTROL index=1 x=1082 y=98 width=52 height=32
ZSETTINGS CONTROL index=100 x=298 y=236 width=840 height=46
ZSETTINGS CONTROL index=101 x=298 y=286 width=840 height=46
ZSETTINGS CONTROL index=102 x=298 y=336 width=840 height=46
ZSETTINGS CONTROL index=103 x=298 y=386 width=840 height=46
ZSETTINGS CONTROL index=104 x=298 y=436 width=840 height=46
ZSETTINGS CONTROL index=105 x=298 y=486 width=840 height=46
ZSETTINGS CONTROL index=106 x=298 y=536 width=840 height=46
ZSETTINGS CONTROL index=107 x=298 y=586 width=840 height=46
ZSETTINGS CONTROL index=108 x=298 y=636 width=840 height=46
ZSETTINGS CONTROL index=109 x=298 y=686 width=840 height=46
ZSETTINGS CONTROL index=110 x=298 y=736 width=840 height=46
ZSETTINGS CONTROL index=111 x=298 y=786 width=840 height=46
ZSETTINGS CONTROL index=112 x=298 y=836 width=840 height=46
ZSETTINGS CONTROL index=113 x=298 y=886 width=840 height=46
ZSETTINGS CONTROL index=114 x=298 y=936 width=840 height=46
ZSETTINGS CONTROL index=115 x=298 y=986 width=840 height=46
ZSETTINGS CONTROL index=116 x=298 y=1036 width=840 height=46
ZSETTINGS CONTROL index=117 x=298 y=1086 width=840 height=46
ZSETTINGS LAYOUT page=wifi controls=19
ZSETTINGS CONTROL index=1 x=1082 y=79 width=52 height=32
ZSETTINGS CONTROL index=100 x=298 y=217 width=840 height=46
ZSETTINGS CONTROL index=101 x=298 y=267 width=840 height=46
ZSETTINGS CONTROL index=102 x=298 y=317 width=840 height=46
ZSETTINGS CONTROL index=103 x=298 y=367 width=840 height=46
ZSETTINGS CONTROL index=104 x=298 y=417 width=840 height=46
ZSETTINGS CONTROL index=105 x=298 y=467 width=840 height=46
ZSETTINGS CONTROL index=106 x=298 y=517 width=840 height=46
ZSETTINGS CONTROL index=107 x=298 y=567 width=840 height=46
ZSETTINGS CONTROL index=108 x=298 y=617 width=840 height=46
ZSETTINGS CONTROL index=109 x=298 y=667 width=840 height=46
ZSETTINGS CONTROL index=110 x=298 y=717 width=840 height=46
ZSETTINGS CONTROL index=111 x=298 y=767 width=840 height=46
ZSETTINGS CONTROL index=112 x=298 y=817 width=840 height=46
ZSETTINGS CONTROL index=113 x=298 y=867 width=840 height=46
ZSETTINGS CONTROL index=114 x=298 y=917 width=840 height=46
ZSETTINGS CONTROL index=115 x=298 y=967 width=840 height=46
ZSETTINGS CONTROL index=116 x=298 y=1017 width=840 height=46
ZSETTINGS CONTROL index=117 x=298 y=1067 width=840 height=46
ZSETTINGS LAYOUT page=wifi controls=19
ZSETTINGS CONTROL index=1 x=1082 y=47 width=52 height=32
ZSETTINGS CONTROL index=100 x=298 y=185 width=840 height=46
ZSETTINGS CONTROL index=101 x=298 y=235 width=840 height=46
ZSETTINGS CONTROL index=102 x=298 y=285 width=840 height=46
ZSETTINGS CONTROL index=103 x=298 y=335 width=840 height=46
ZSETTINGS CONTROL index=104 x=298 y=385 width=840 height=46
ZSETTINGS CONTROL index=105 x=298 y=435 width=840 height=46
ZSETTINGS CONTROL index=106 x=298 y=485 width=840 height=46
ZSETTINGS CONTROL index=107 x=298 y=535 width=840 height=46
ZSETTINGS CONTROL index=108 x=298 y=585 width=840 height=46
ZSETTINGS CONTROL index=109 x=298 y=635 width=840 height=46
ZSETTINGS CONTROL index=110 x=298 y=685 width=840 height=46
ZSETTINGS CONTROL index=111 x=298 y=735 width=840 height=46
ZSETTINGS CONTROL index=112 x=298 y=785 width=840 height=46
ZSETTINGS CONTROL index=113 x=298 y=835 width=840 height=46
ZSETTINGS CONTROL index=114 x=298 y=885 width=840 height=46
ZSETTINGS CONTROL index=115 x=298 y=935 width=840 height=46
ZSETTINGS CONTROL index=116 x=298 y=985 width=840 height=46
ZSETTINGS CONTROL index=117 x=298 y=1035 width=840 height=46
ZSETTINGS LAYOUT page=wifi controls=19
ZSETTINGS CONTROL index=1 x=1082 y=23 width=52 height=32
ZSETTINGS CONTROL index=100 x=298 y=161 width=840 height=46
ZSETTINGS CONTROL index=101 x=298 y=211 width=840 height=46
ZSETTINGS CONTROL index=102 x=298 y=261 width=840 height=46
ZSETTINGS CONTROL index=103 x=298 y=311 width=840 height=46
ZSETTINGS CONTROL index=104 x=298 y=361 width=840 height=46
ZSETTINGS CONTROL index=105 x=298 y=411 width=840 height=46
ZSETTINGS CONTROL index=106 x=298 y=461 width=840 height=46
ZSETTINGS CONTROL index=107 x=298 y=511 width=840 height=46
ZSETTINGS CONTROL index=108 x=298 y=561 width=840 height=46
ZSETTINGS CONTROL index=109 x=298 y=611 width=840 height=46
ZSETTINGS CONTROL index=110 x=298 y=661 width=840 height=46
ZSETTINGS CONTROL index=111 x=298 y=711 width=840 height=46
ZSETTINGS CONTROL index=112 x=298 y=761 width=840 height=46
ZSETTINGS CONTROL index=113 x=298 y=811 width=840 height=46
ZSETTINGS CONTROL index=114 x=298 y=861 width=840 height=46
ZSETTINGS CONTROL index=115 x=298 y=911 width=840 height=46
ZSETTINGS CONTROL index=116 x=298 y=961 width=840 height=46
ZSETTINGS CONTROL index=117 x=298 y=1011 width=840 height=46
ZSETTINGS LAYOUT page=wifi controls=19
ZSETTINGS CONTROL index=1 x=1082 y=-11 width=52 height=32
ZSETTINGS CONTROL index=100 x=298 y=127 width=840 height=46
ZSETTINGS CONTROL index=101 x=298 y=177 width=840 height=46
ZSETTINGS CONTROL index=102 x=298 y=227 width=840 height=46
ZSETTINGS CONTROL index=103 x=298 y=277 width=840 height=46
ZSETTINGS CONTROL index=104 x=298 y=327 width=840 height=46
ZSETTINGS CONTROL index=105 x=298 y=377 width=840 height=46
ZSETTINGS CONTROL index=106 x=298 y=427 width=840 height=46
ZSETTINGS CONTROL index=107 x=298 y=477 width=840 height=46
ZSETTINGS CONTROL index=108 x=298 y=527 width=840 height=46
ZSETTINGS CONTROL index=109 x=298 y=577 width=840 height=46
ZSETTINGS CONTROL index=110 x=298 y=627 width=840 height=46
ZSETTINGS CONTROL index=111 x=298 y=677 width=840 height=46
ZSETTINGS CONTROL index=112 x=298 y=727 width=840 height=46
ZSETTINGS CONTROL index=113 x=298 y=777 width=840 height=46
ZSETTINGS CONTROL index=114 x=298 y=827 width=840 height=46
ZSETTINGS CONTROL index=115 x=298 y=877 width=840 height=46
ZSETTINGS CONTROL index=116 x=298 y=927 width=840 height=46
ZSETTINGS CONTROL index=117 x=298 y=977 width=840 height=46
ZSETTINGS LAYOUT page=wifi controls=19
ZSETTINGS CONTROL index=1 x=1082 y=-33 width=52 height=32
ZSETTINGS CONTROL index=100 x=298 y=105 width=840 height=46
ZSETTINGS CONTROL index=101 x=298 y=155 width=840 height=46
ZSETTINGS CONTROL index=102 x=298 y=205 width=840 height=46
ZSETTINGS CONTROL index=103 x=298 y=255 width=840 height=46
ZSETTINGS CONTROL index=104 x=298 y=305 width=840 height=46
ZSETTINGS CONTROL index=105 x=298 y=355 width=840 height=46
ZSETTINGS CONTROL index=106 x=298 y=405 width=840 height=46
ZSETTINGS CONTROL index=107 x=298 y=455 width=840 height=46
ZSETTINGS CONTROL index=108 x=298 y=505 width=840 height=46
ZSETTINGS CONTROL index=109 x=298 y=555 width=840 height=46
ZSETTINGS CONTROL index=110 x=298 y=605 width=840 height=46
ZSETTINGS CONTROL index=111 x=298 y=655 width=840 height=46
ZSETTINGS CONTROL index=112 x=298 y=705 width=840 height=46
ZSETTINGS CONTROL index=113 x=298 y=755 width=840 height=46
ZSETTINGS CONTROL index=114 x=298 y=805 width=840 height=46
ZSETTINGS CONTROL index=115 x=298 y=855 width=840 height=46
ZSETTINGS CONTROL index=116 x=298 y=905 width=840 height=46
ZSETTINGS CONTROL index=117 x=298 y=955 width=840 height=46
ZSETTINGS LAYOUT page=wifi controls=19
ZSETTINGS CONTROL index=1 x=1082 y=-67 width=52 height=32
ZSETTINGS CONTROL index=100 x=298 y=71 width=840 height=46
ZSETTINGS CONTROL index=101 x=298 y=121 width=840 height=46
ZSETTINGS CONTROL index=102 x=298 y=171 width=840 height=46
ZSETTINGS CONTROL index=103 x=298 y=221 width=840 height=46
ZSETTINGS CONTROL index=104 x=298 y=271 width=840 height=46
ZSETTINGS CONTROL index=105 x=298 y=321 width=840 height=46
ZSETTINGS CONTROL index=106 x=298 y=371 width=840 height=46
ZSETTINGS CONTROL index=107 x=298 y=421 width=840 height=46
ZSETTINGS CONTROL index=108 x=298 y=471 width=840 height=46
ZSETTINGS CONTROL index=109 x=298 y=521 width=840 height=46
ZSETTINGS CONTROL index=110 x=298 y=571 width=840 height=46
ZSETTINGS CONTROL index=111 x=298 y=621 width=840 height=46
ZSETTINGS CONTROL index=112 x=298 y=671 width=840 height=46
ZSETTINGS CONTROL index=113 x=298 y=721 width=840 height=46
ZSETTINGS CONTROL index=114 x=298 y=771 width=840 height=46
ZSETTINGS CONTROL index=115 x=298 y=821 width=840 height=46
ZSETTINGS CONTROL index=116 x=298 y=871 width=840 height=46
ZSETTINGS CONTROL index=117 x=298 y=921 width=840 height=46
ZSETTINGS LAYOUT page=wifi controls=19
ZSETTINGS CONTROL index=1 x=1082 y=-98 width=52 height=32
ZSETTINGS CONTROL index=100 x=298 y=40 width=840 height=46
ZSETTINGS CONTROL index=101 x=298 y=90 width=840 height=46
ZSETTINGS CONTROL index=102 x=298 y=140 width=840 height=46
ZSETTINGS CONTROL index=103 x=298 y=190 width=840 height=46
ZSETTINGS CONTROL index=104 x=298 y=240 width=840 height=46
ZSETTINGS CONTROL index=105 x=298 y=290 width=840 height=46
ZSETTINGS CONTROL index=106 x=298 y=340 width=840 height=46
ZSETTINGS CONTROL index=107 x=298 y=390 width=840 height=46
ZSETTINGS CONTROL index=108 x=298 y=440 width=840 height=46
ZSETTINGS CONTROL index=109 x=298 y=490 width=840 height=46
ZSETTINGS CONTROL index=110 x=298 y=540 width=840 height=46
ZSETTINGS CONTROL index=111 x=298 y=590 width=840 height=46
ZSETTINGS CONTROL index=112 x=298 y=640 width=840 height=46
ZSETTINGS CONTROL index=113 x=298 y=690 width=840 height=46
ZSETTINGS CONTROL index=114 x=298 y=740 width=840 height=46
ZSETTINGS CONTROL index=115 x=298 y=790 width=840 height=46
ZSETTINGS CONTROL index=116 x=298 y=840 width=840 height=46
ZSETTINGS CONTROL index=117 x=298 y=890 width=840 height=46
ZSETTINGS LAYOUT page=wifi controls=19
ZSETTINGS CONTROL index=1 x=1082 y=-128 width=52 height=32
ZSETTINGS CONTROL index=100 x=298 y=10 width=840 height=46
ZSETTINGS CONTROL index=101 x=298 y=60 width=840 height=46
ZSETTINGS CONTROL index=102 x=298 y=110 width=840 height=46
ZSETTINGS CONTROL index=103 x=298 y=160 width=840 height=46
ZSETTINGS CONTROL index=104 x=298 y=210 width=840 height=46
ZSETTINGS CONTROL index=105 x=298 y=260 width=840 height=46
ZSETTINGS CONTROL index=106 x=298 y=310 width=840 height=46
ZSETTINGS CONTROL index=107 x=298 y=360 width=840 height=46
ZSETTINGS CONTROL index=108 x=298 y=410 width=840 height=46
ZSETTINGS CONTROL index=109 x=298 y=460 width=840 height=46
ZSETTINGS CONTROL index=110 x=298 y=510 width=840 height=46
ZSETTINGS CONTROL index=111 x=298 y=560 width=840 height=46
ZSETTINGS CONTROL index=112 x=298 y=610 width=840 height=46
ZSETTINGS CONTROL index=113 x=298 y=660 width=840 height=46
ZSETTINGS CONTROL index=114 x=298 y=710 width=840 height=46
ZSETTINGS CONTROL index=115 x=298 y=760 width=840 height=46
ZSETTINGS CONTROL index=116 x=298 y=810 width=840 height=46
ZSETTINGS CONTROL index=117 x=298 y=860 width=840 height=46
ZSETTINGS LAYOUT page=wifi controls=19
ZSETTINGS CONTROL index=1 x=1082 y=-155 width=52 height=32
ZSETTINGS CONTROL index=100 x=298 y=-17 width=840 height=46
ZSETTINGS CONTROL index=101 x=298 y=33 width=840 height=46
ZSETTINGS CONTROL index=102 x=298 y=83 width=840 height=46
ZSETTINGS CONTROL index=103 x=298 y=133 width=840 height=46
ZSETTINGS CONTROL index=104 x=298 y=183 width=840 height=46
ZSETTINGS CONTROL index=105 x=298 y=233 width=840 height=46
ZSETTINGS CONTROL index=106 x=298 y=283 width=840 height=46
ZSETTINGS CONTROL index=107 x=298 y=333 width=840 height=46
ZSETTINGS CONTROL index=108 x=298 y=383 width=840 height=46
ZSETTINGS CONTROL index=109 x=298 y=433 width=840 height=46
ZSETTINGS CONTROL index=110 x=298 y=483 width=840 height=46
ZSETTINGS CONTROL index=111 x=298 y=533 width=840 height=46
ZSETTINGS CONTROL index=112 x=298 y=583 width=840 height=46
ZSETTINGS CONTROL index=113 x=298 y=633 width=840 height=46
ZSETTINGS CONTROL index=114 x=298 y=683 width=840 height=46
ZSETTINGS CONTROL index=115 x=298 y=733 width=840 height=46
ZSETTINGS CONTROL index=116 x=298 y=783 width=840 height=46
ZSETTINGS CONTROL index=117 x=298 y=833 width=840 height=46
ZSETTINGS LAYOUT page=wifi controls=19
ZSETTINGS CONTROL index=1 x=1082 y=-172 width=52 height=32
ZSETTINGS CONTROL index=100 x=298 y=-34 width=840 height=46
ZSETTINGS CONTROL index=101 x=298 y=16 width=840 height=46
ZSETTINGS CONTROL index=102 x=298 y=66 width=840 height=46
ZSETTINGS CONTROL index=103 x=298 y=116 width=840 height=46
ZSETTINGS CONTROL index=104 x=298 y=166 width=840 height=46
ZSETTINGS CONTROL index=105 x=298 y=216 width=840 height=46
ZSETTINGS CONTROL index=106 x=298 y=266 width=840 height=46
ZSETTINGS CONTROL index=107 x=298 y=316 width=840 height=46
ZSETTINGS CONTROL index=108 x=298 y=366 width=840 height=46
ZSETTINGS CONTROL index=109 x=298 y=416 width=840 height=46
ZSETTINGS CONTROL index=110 x=298 y=466 width=840 height=46
ZSETTINGS CONTROL index=111 x=298 y=516 width=840 height=46
ZSETTINGS CONTROL index=112 x=298 y=566 width=840 height=46
ZSETTINGS CONTROL index=113 x=298 y=616 width=840 height=46
ZSETTINGS CONTROL index=114 x=298 y=666 width=840 height=46
ZSETTINGS CONTROL index=115 x=298 y=716 width=840 height=46
ZSETTINGS CONTROL index=116 x=298 y=766 width=840 height=46
ZSETTINGS CONTROL index=117 x=298 y=816 width=840 height=46
ZSETTINGS LAYOUT page=wifi controls=19
ZSETTINGS CONTROL index=1 x=1082 y=-198 width=52 height=32
ZSETTINGS CONTROL index=100 x=298 y=-60 width=840 height=46
ZSETTINGS CONTROL index=101 x=298 y=-10 width=840 height=46
ZSETTINGS CONTROL index=102 x=298 y=40 width=840 height=46
ZSETTINGS CONTROL index=103 x=298 y=90 width=840 height=46
ZSETTINGS CONTROL index=104 x=298 y=140 width=840 height=46
ZSETTINGS CONTROL index=105 x=298 y=190 width=840 height=46
ZSETTINGS CONTROL index=106 x=298 y=240 width=840 height=46
ZSETTINGS CONTROL index=107 x=298 y=290 width=840 height=46
ZSETTINGS CONTROL index=108 x=298 y=340 width=840 height=46
ZSETTINGS CONTROL index=109 x=298 y=390 width=840 height=46
ZSETTINGS CONTROL index=110 x=298 y=440 width=840 height=46
ZSETTINGS CONTROL index=111 x=298 y=490 width=840 height=46
ZSETTINGS CONTROL index=112 x=298 y=540 width=840 height=46
ZSETTINGS CONTROL index=113 x=298 y=590 width=840 height=46
ZSETTINGS CONTROL index=114 x=298 y=640 width=840 height=46
ZSETTINGS CONTROL index=115 x=298 y=690 width=840 height=46
ZSETTINGS CONTROL index=116 x=298 y=740 width=840 height=46
ZSETTINGS CONTROL index=117 x=298 y=790 width=840 height=46
ZSETTINGS LAYOUT page=wifi controls=19
ZSETTINGS CONTROL index=1 x=1082 y=-222 width=52 height=32
ZSETTINGS CONTROL index=100 x=298 y=-84 width=840 height=46
ZSETTINGS CONTROL index=101 x=298 y=-34 width=840 height=46
ZSETTINGS CONTROL index=102 x=298 y=16 width=840 height=46
ZSETTINGS CONTROL index=103 x=298 y=66 width=840 height=46
ZSETTINGS CONTROL index=104 x=298 y=116 width=840 height=46
ZSETTINGS CONTROL index=105 x=298 y=166 width=840 height=46
ZSETTINGS CONTROL index=106 x=298 y=216 width=840 height=46
ZSETTINGS CONTROL index=107 x=298 y=266 width=840 height=46
ZSETTINGS CONTROL index=108 x=298 y=316 width=840 height=46
ZSETTINGS CONTROL index=109 x=298 y=366 width=840 height=46
ZSETTINGS CONTROL index=110 x=298 y=416 width=840 height=46
ZSETTINGS CONTROL index=111 x=298 y=466 width=840 height=46
ZSETTINGS CONTROL index=112 x=298 y=516 width=840 height=46
ZSETTINGS CONTROL index=113 x=298 y=566 width=840 height=46
ZSETTINGS CONTROL index=114 x=298 y=616 width=840 height=46
ZSETTINGS CONTROL index=115 x=298 y=666 width=840 height=46
ZSETTINGS CONTROL index=116 x=298 y=716 width=840 height=46
ZSETTINGS CONTROL index=117 x=298 y=766 width=840 height=46
ZSETTINGS LAYOUT page=wifi controls=19
ZSETTINGS CONTROL index=1 x=1082 y=-246 width=52 height=32
ZSETTINGS CONTROL index=100 x=298 y=-108 width=840 height=46
ZSETTINGS CONTROL index=101 x=298 y=-58 width=840 height=46
ZSETTINGS CONTROL index=102 x=298 y=-8 width=840 height=46
ZSETTINGS CONTROL index=103 x=298 y=42 width=840 height=46
ZSETTINGS CONTROL index=104 x=298 y=92 width=840 height=46
ZSETTINGS CONTROL index=105 x=298 y=142 width=840 height=46
ZSETTINGS CONTROL index=106 x=298 y=192 width=840 height=46
ZSETTINGS CONTROL index=107 x=298 y=242 width=840 height=46
ZSETTINGS CONTROL index=108 x=298 y=292 width=840 height=46
ZSETTINGS CONTROL index=109 x=298 y=342 width=840 height=46
ZSETTINGS CONTROL index=110 x=298 y=392 width=840 height=46
ZSETTINGS CONTROL index=111 x=298 y=442 width=840 height=46
ZSETTINGS CONTROL index=112 x=298 y=492 width=840 height=46
ZSETTINGS CONTROL index=113 x=298 y=542 width=840 height=46
ZSETTINGS CONTROL index=114 x=298 y=592 width=840 height=46
ZSETTINGS CONTROL index=115 x=298 y=642 width=840 height=46
ZSETTINGS CONTROL index=116 x=298 y=692 width=840 height=46
ZSETTINGS CONTROL index=117 x=298 y=742 width=840 height=46
ZSETTINGS LAYOUT page=wifi controls=19
ZSETTINGS CONTROL index=1 x=1082 y=-272 width=52 height=32
ZSETTINGS CONTROL index=100 x=298 y=-134 width=840 height=46
ZSETTINGS CONTROL index=101 x=298 y=-84 width=840 height=46
ZSETTINGS CONTROL index=102 x=298 y=-34 width=840 height=46
ZSETTINGS CONTROL index=103 x=298 y=16 width=840 height=46
ZSETTINGS CONTROL index=104 x=298 y=66 width=840 height=46
ZSETTINGS CONTROL index=105 x=298 y=116 width=840 height=46
ZSETTINGS CONTROL index=106 x=298 y=166 width=840 height=46
ZSETTINGS CONTROL index=107 x=298 y=216 width=840 height=46
ZSETTINGS CONTROL index=108 x=298 y=266 width=840 height=46
ZSETTINGS CONTROL index=109 x=298 y=316 width=840 height=46
ZSETTINGS CONTROL index=110 x=298 y=366 width=840 height=46
ZSETTINGS CONTROL index=111 x=298 y=416 width=840 height=46
ZSETTINGS CONTROL index=112 x=298 y=466 width=840 height=46
ZSETTINGS CONTROL index=113 x=298 y=516 width=840 height=46
ZSETTINGS CONTROL index=114 x=298 y=566 width=840 height=46
ZSETTINGS CONTROL index=115 x=298 y=616 width=840 height=46
ZSETTINGS CONTROL index=116 x=298 y=666 width=840 height=46
ZSETTINGS CONTROL index=117 x=298 y=716 width=840 height=46
ZSETTINGS LAYOUT page=wifi controls=19
ZSETTINGS CONTROL index=1 x=1082 y=-296 width=52 height=32
ZSETTINGS CONTROL index=100 x=298 y=-158 width=840 height=46
ZSETTINGS CONTROL index=101 x=298 y=-108 width=840 height=46
ZSETTINGS CONTROL index=102 x=298 y=-58 width=840 height=46
ZSETTINGS CONTROL index=103 x=298 y=-8 width=840 height=46
ZSETTINGS CONTROL index=104 x=298 y=42 width=840 height=46
ZSETTINGS CONTROL index=105 x=298 y=92 width=840 height=46
ZSETTINGS CONTROL index=106 x=298 y=142 width=840 height=46
ZSETTINGS CONTROL index=107 x=298 y=192 width=840 height=46
ZSETTINGS CONTROL index=108 x=298 y=242 width=840 height=46
ZSETTINGS CONTROL index=109 x=298 y=292 width=840 height=46
ZSETTINGS CONTROL index=110 x=298 y=342 width=840 height=46
ZSETTINGS CONTROL index=111 x=298 y=392 width=840 height=46
ZSETTINGS CONTROL index=112 x=298 y=442 width=840 height=46
ZSETTINGS CONTROL index=113 x=298 y=492 width=840 height=46
ZSETTINGS CONTROL index=114 x=298 y=542 width=840 height=46
ZSETTINGS CONTROL index=115 x=298 y=592 width=840 height=46
ZSETTINGS CONTROL index=116 x=298 y=642 width=840 height=46
ZSETTINGS CONTROL index=117 x=298 y=692 width=840 height=46
ZSETTINGS LAYOUT page=wifi controls=19
ZSETTINGS CONTROL index=1 x=1082 y=-311 width=52 height=32
ZSETTINGS CONTROL index=100 x=298 y=-173 width=840 height=46
ZSETTINGS CONTROL index=101 x=298 y=-123 width=840 height=46
ZSETTINGS CONTROL index=102 x=298 y=-73 width=840 height=46
ZSETTINGS CONTROL index=103 x=298 y=-23 width=840 height=46
ZSETTINGS CONTROL index=104 x=298 y=27 width=840 height=46
ZSETTINGS CONTROL index=105 x=298 y=77 width=840 height=46
ZSETTINGS CONTROL index=106 x=298 y=127 width=840 height=46
ZSETTINGS CONTROL index=107 x=298 y=177 width=840 height=46
ZSETTINGS CONTROL index=108 x=298 y=227 width=840 height=46
ZSETTINGS CONTROL index=109 x=298 y=277 width=840 height=46
ZSETTINGS CONTROL index=110 x=298 y=327 width=840 height=46
ZSETTINGS CONTROL index=111 x=298 y=377 width=840 height=46
ZSETTINGS CONTROL index=112 x=298 y=427 width=840 height=46
ZSETTINGS CONTROL index=113 x=298 y=477 width=840 height=46
ZSETTINGS CONTROL index=114 x=298 y=527 width=840 height=46
ZSETTINGS CONTROL index=115 x=298 y=577 width=840 height=46
ZSETTINGS CONTROL index=116 x=298 y=627 width=840 height=46
ZSETTINGS CONTROL index=117 x=298 y=677 width=840 height=46
KWL SYSTEM result client=3 object=42 request=651 applied=0
ZSETTINGS LAYOUT page=wifi controls=19
ZSETTINGS CONTROL index=1 x=1082 y=-297 width=52 height=32
ZSETTINGS CONTROL index=100 x=298 y=-159 width=840 height=46
ZSETTINGS CONTROL index=101 x=298 y=-109 width=840 height=46
ZSETTINGS CONTROL index=102 x=298 y=-59 width=840 height=46
ZSETTINGS CONTROL index=103 x=298 y=-9 width=840 height=46
ZSETTINGS CONTROL index=104 x=298 y=41 width=840 height=46
ZSETTINGS CONTROL index=105 x=298 y=91 width=840 height=46
ZSETTINGS CONTROL index=106 x=298 y=141 width=840 height=46
ZSETTINGS CONTROL index=107 x=298 y=191 width=840 height=46
ZSETTINGS CONTROL index=108 x=298 y=241 width=840 height=46
ZSETTINGS CONTROL index=109 x=298 y=291 width=840 height=46
ZSETTINGS CONTROL index=110 x=298 y=341 width=840 height=46
ZSETTINGS CONTROL index=111 x=298 y=391 width=840 height=46
ZSETTINGS CONTROL index=112 x=298 y=441 width=840 height=46
ZSETTINGS CONTROL index=113 x=298 y=491 width=840 height=46
ZSETTINGS CONTROL index=114 x=298 y=541 width=840 height=46
ZSETTINGS CONTROL index=115 x=298 y=591 width=840 height=46
ZSETTINGS CONTROL index=116 x=298 y=641 width=840 height=46
ZSETTINGS CONTROL index=117 x=298 y=691 width=840 height=46
ZSETTINGS LAYOUT page=wifi controls=19
ZSETTINGS CONTROL index=1 x=1082 y=-259 width=52 height=32
ZSETTINGS CONTROL index=100 x=298 y=-121 width=840 height=46
ZSETTINGS CONTROL index=101 x=298 y=-71 width=840 height=46
ZSETTINGS CONTROL index=102 x=298 y=-21 width=840 height=46
ZSETTINGS CONTROL index=103 x=298 y=29 width=840 height=46
ZSETTINGS CONTROL index=104 x=298 y=79 width=840 height=46
ZSETTINGS CONTROL index=105 x=298 y=129 width=840 height=46
ZSETTINGS CONTROL index=106 x=298 y=179 width=840 height=46
ZSETTINGS CONTROL index=107 x=298 y=229 width=840 height=46
ZSETTINGS CONTROL index=108 x=298 y=279 width=840 height=46
ZSETTINGS CONTROL index=109 x=298 y=329 width=840 height=46
ZSETTINGS CONTROL index=110 x=298 y=379 width=840 height=46
ZSETTINGS CONTROL index=111 x=298 y=429 width=840 height=46
ZSETTINGS CONTROL index=112 x=298 y=479 width=840 height=46
ZSETTINGS CONTROL index=113 x=298 y=529 width=840 height=46
ZSETTINGS CONTROL index=114 x=298 y=579 width=840 height=46
ZSETTINGS CONTROL index=115 x=298 y=629 width=840 height=46
ZSETTINGS CONTROL index=116 x=298 y=679 width=840 height=46
ZSETTINGS CONTROL index=117 x=298 y=729 width=840 height=46
ZSETTINGS LAYOUT page=wifi controls=19
ZSETTINGS CONTROL index=1 x=1082 y=-204 width=52 height=32
ZSETTINGS CONTROL index=100 x=298 y=-66 width=840 height=46
ZSETTINGS CONTROL index=101 x=298 y=-16 width=840 height=46
ZSETTINGS CONTROL index=102 x=298 y=34 width=840 height=46
ZSETTINGS CONTROL index=103 x=298 y=84 width=840 height=46
ZSETTINGS CONTROL index=104 x=298 y=134 width=840 height=46
ZSETTINGS CONTROL index=105 x=298 y=184 width=840 height=46
ZSETTINGS CONTROL index=106 x=298 y=234 width=840 height=46
ZSETTINGS CONTROL index=107 x=298 y=284 width=840 height=46
ZSETTINGS CONTROL index=108 x=298 y=334 width=840 height=46
ZSETTINGS CONTROL index=109 x=298 y=384 width=840 height=46
ZSETTINGS CONTROL index=110 x=298 y=434 width=840 height=46
ZSETTINGS CONTROL index=111 x=298 y=484 width=840 height=46
ZSETTINGS CONTROL index=112 x=298 y=534 width=840 height=46
ZSETTINGS CONTROL index=113 x=298 y=584 width=840 height=46
ZSETTINGS CONTROL index=114 x=298 y=634 width=840 height=46
ZSETTINGS CONTROL index=115 x=298 y=684 width=840 height=46
ZSETTINGS CONTROL index=116 x=298 y=734 width=840 height=46
ZSETTINGS CONTROL index=117 x=298 y=784 width=840 height=46
ZSETTINGS LAYOUT page=wifi controls=19
ZSETTINGS CONTROL index=1 x=1082 y=-153 width=52 height=32
ZSETTINGS CONTROL index=100 x=298 y=-15 width=840 height=46
ZSETTINGS CONTROL index=101 x=298 y=35 width=840 height=46
ZSETTINGS CONTROL index=102 x=298 y=85 width=840 height=46
ZSETTINGS CONTROL index=103 x=298 y=135 width=840 height=46
ZSETTINGS CONTROL index=104 x=298 y=185 width=840 height=46
ZSETTINGS CONTROL index=105 x=298 y=235 width=840 height=46
ZSETTINGS CONTROL index=106 x=298 y=285 width=840 height=46
ZSETTINGS CONTROL index=107 x=298 y=335 width=840 height=46
ZSETTINGS CONTROL index=108 x=298 y=385 width=840 height=46
ZSETTINGS CONTROL index=109 x=298 y=435 width=840 height=46
ZSETTINGS CONTROL index=110 x=298 y=485 width=840 height=46
ZSETTINGS CONTROL index=111 x=298 y=535 width=840 height=46
ZSETTINGS CONTROL index=112 x=298 y=585 width=840 height=46
ZSETTINGS CONTROL index=113 x=298 y=635 width=840 height=46
ZSETTINGS CONTROL index=114 x=298 y=685 width=840 height=46
ZSETTINGS CONTROL index=115 x=298 y=735 width=840 height=46
ZSETTINGS CONTROL index=116 x=298 y=785 width=840 height=46
ZSETTINGS CONTROL index=117 x=298 y=835 width=840 height=46
ZSETTINGS LAYOUT page=wifi controls=19
ZSETTINGS CONTROL index=1 x=1082 y=-105 width=52 height=32
ZSETTINGS CONTROL index=100 x=298 y=33 width=840 height=46
ZSETTINGS CONTROL index=101 x=298 y=83 width=840 height=46
ZSETTINGS CONTROL index=102 x=298 y=133 width=840 height=46
ZSETTINGS CONTROL index=103 x=298 y=183 width=840 height=46
ZSETTINGS CONTROL index=104 x=298 y=233 width=840 height=46
ZSETTINGS CONTROL index=105 x=298 y=283 width=840 height=46
ZSETTINGS CONTROL index=106 x=298 y=333 width=840 height=46
ZSETTINGS CONTROL index=107 x=298 y=383 width=840 height=46
ZSETTINGS CONTROL index=108 x=298 y=433 width=840 height=46
ZSETTINGS CONTROL index=109 x=298 y=483 width=840 height=46
ZSETTINGS CONTROL index=110 x=298 y=533 width=840 height=46
ZSETTINGS CONTROL index=111 x=298 y=583 width=840 height=46
ZSETTINGS CONTROL index=112 x=298 y=633 width=840 height=46
ZSETTINGS CONTROL index=113 x=298 y=683 width=840 height=46
ZSETTINGS CONTROL index=114 x=298 y=733 width=840 height=46
ZSETTINGS CONTROL index=115 x=298 y=783 width=840 height=46
ZSETTINGS CONTROL index=116 x=298 y=833 width=840 height=46
ZSETTINGS CONTROL index=117 x=298 y=883 width=840 height=46
ZSETTINGS LAYOUT page=wifi controls=19
ZSETTINGS CONTROL index=1 x=1082 y=-51 width=52 height=32
ZSETTINGS CONTROL index=100 x=298 y=87 width=840 height=46
ZSETTINGS CONTROL index=101 x=298 y=137 width=840 height=46
ZSETTINGS CONTROL index=102 x=298 y=187 width=840 height=46
ZSETTINGS CONTROL index=103 x=298 y=237 width=840 height=46
ZSETTINGS CONTROL index=104 x=298 y=287 width=840 height=46
ZSETTINGS CONTROL index=105 x=298 y=337 width=840 height=46
ZSETTINGS CONTROL index=106 x=298 y=387 width=840 height=46
ZSETTINGS CONTROL index=107 x=298 y=437 width=840 height=46
ZSETTINGS CONTROL index=108 x=298 y=487 width=840 height=46
ZSETTINGS CONTROL index=109 x=298 y=537 width=840 height=46
ZSETTINGS CONTROL index=110 x=298 y=587 width=840 height=46
ZSETTINGS CONTROL index=111 x=298 y=637 width=840 height=46
ZSETTINGS CONTROL index=112 x=298 y=687 width=840 height=46
ZSETTINGS CONTROL index=113 x=298 y=737 width=840 height=46
ZSETTINGS CONTROL index=114 x=298 y=787 width=840 height=46
ZSETTINGS CONTROL index=115 x=298 y=837 width=840 height=46
ZSETTINGS CONTROL index=116 x=298 y=887 width=840 height=46
ZSETTINGS CONTROL index=117 x=298 y=937 width=840 height=46
ZSETTINGS LAYOUT page=wifi controls=19
ZSETTINGS CONTROL index=1 x=1082 y=-22 width=52 height=32
ZSETTINGS CONTROL index=100 x=298 y=116 width=840 height=46
ZSETTINGS CONTROL index=101 x=298 y=166 width=840 height=46
ZSETTINGS CONTROL index=102 x=298 y=216 width=840 height=46
ZSETTINGS CONTROL index=103 x=298 y=266 width=840 height=46
ZSETTINGS CONTROL index=104 x=298 y=316 width=840 height=46
ZSETTINGS CONTROL index=105 x=298 y=366 width=840 height=46
ZSETTINGS CONTROL index=106 x=298 y=416 width=840 height=46
ZSETTINGS CONTROL index=107 x=298 y=466 width=840 height=46
ZSETTINGS CONTROL index=108 x=298 y=516 width=840 height=46
ZSETTINGS CONTROL index=109 x=298 y=566 width=840 height=46
ZSETTINGS CONTROL index=110 x=298 y=616 width=840 height=46
ZSETTINGS CONTROL index=111 x=298 y=666 width=840 height=46
ZSETTINGS CONTROL index=112 x=298 y=716 width=840 height=46
ZSETTINGS CONTROL index=113 x=298 y=766 width=840 height=46
ZSETTINGS CONTROL index=114 x=298 y=816 width=840 height=46
ZSETTINGS CONTROL index=115 x=298 y=866 width=840 height=46
ZSETTINGS CONTROL index=116 x=298 y=916 width=840 height=46
ZSETTINGS CONTROL index=117 x=298 y=966 width=840 height=46
ZSETTINGS LAYOUT page=wifi controls=19
ZSETTINGS CONTROL index=1 x=1082 y=0 width=52 height=32
ZSETTINGS CONTROL index=100 x=298 y=138 width=840 height=46
ZSETTINGS CONTROL index=101 x=298 y=188 width=840 height=46
ZSETTINGS CONTROL index=102 x=298 y=238 width=840 height=46
ZSETTINGS CONTROL index=103 x=298 y=288 width=840 height=46
ZSETTINGS CONTROL index=104 x=298 y=338 width=840 height=46
ZSETTINGS CONTROL index=105 x=298 y=388 width=840 height=46
ZSETTINGS CONTROL index=106 x=298 y=438 width=840 height=46
ZSETTINGS CONTROL index=107 x=298 y=488 width=840 height=46
ZSETTINGS CONTROL index=108 x=298 y=538 width=840 height=46
ZSETTINGS CONTROL index=109 x=298 y=588 width=840 height=46
ZSETTINGS CONTROL index=110 x=298 y=638 width=840 height=46
ZSETTINGS CONTROL index=111 x=298 y=688 width=840 height=46
ZSETTINGS CONTROL index=112 x=298 y=738 width=840 height=46
ZSETTINGS CONTROL index=113 x=298 y=788 width=840 height=46
ZSETTINGS CONTROL index=114 x=298 y=838 width=840 height=46
ZSETTINGS CONTROL index=115 x=298 y=888 width=840 height=46
ZSETTINGS CONTROL index=116 x=298 y=938 width=840 height=46
ZSETTINGS CONTROL index=117 x=298 y=988 width=840 height=46
ZSETTINGS LAYOUT page=wifi controls=19
ZSETTINGS CONTROL index=1 x=1082 y=18 width=52 height=32
ZSETTINGS CONTROL index=100 x=298 y=156 width=840 height=46
ZSETTINGS CONTROL index=101 x=298 y=206 width=840 height=46
ZSETTINGS CONTROL index=102 x=298 y=256 width=840 height=46
ZSETTINGS CONTROL index=103 x=298 y=306 width=840 height=46
ZSETTINGS CONTROL index=104 x=298 y=356 width=840 height=46
ZSETTINGS CONTROL index=105 x=298 y=406 width=840 height=46
ZSETTINGS CONTROL index=106 x=298 y=456 width=840 height=46
ZSETTINGS CONTROL index=107 x=298 y=506 width=840 height=46
ZSETTINGS CONTROL index=108 x=298 y=556 width=840 height=46
ZSETTINGS CONTROL index=109 x=298 y=606 width=840 height=46
ZSETTINGS CONTROL index=110 x=298 y=656 width=840 height=46
ZSETTINGS CONTROL index=111 x=298 y=706 width=840 height=46
ZSETTINGS CONTROL index=112 x=298 y=756 width=840 height=46
ZSETTINGS CONTROL index=113 x=298 y=806 width=840 height=46
ZSETTINGS CONTROL index=114 x=298 y=856 width=840 height=46
ZSETTINGS CONTROL index=115 x=298 y=906 width=840 height=46
ZSETTINGS CONTROL index=116 x=298 y=956 width=840 height=46
ZSETTINGS CONTROL index=117 x=298 y=1006 width=840 height=46
KWL SYSTEM result client=3 object=42 request=652 applied=0
ZSETTINGS LAYOUT page=wifi controls=19
ZSETTINGS CONTROL index=1 x=1082 y=33 width=52 height=32
ZSETTINGS CONTROL index=100 x=298 y=171 width=840 height=46
ZSETTINGS CONTROL index=101 x=298 y=221 width=840 height=46
ZSETTINGS CONTROL index=102 x=298 y=271 width=840 height=46
ZSETTINGS CONTROL index=103 x=298 y=321 width=840 height=46
ZSETTINGS CONTROL index=104 x=298 y=371 width=840 height=46
ZSETTINGS CONTROL index=105 x=298 y=421 width=840 height=46
ZSETTINGS CONTROL index=106 x=298 y=471 width=840 height=46
ZSETTINGS CONTROL index=107 x=298 y=521 width=840 height=46
ZSETTINGS CONTROL index=108 x=298 y=571 width=840 height=46
ZSETTINGS CONTROL index=109 x=298 y=621 width=840 height=46
ZSETTINGS CONTROL index=110 x=298 y=671 width=840 height=46
ZSETTINGS CONTROL index=111 x=298 y=721 width=840 height=46
ZSETTINGS CONTROL index=112 x=298 y=771 width=840 height=46
ZSETTINGS CONTROL index=113 x=298 y=821 width=840 height=46
ZSETTINGS CONTROL index=114 x=298 y=871 width=840 height=46
ZSETTINGS CONTROL index=115 x=298 y=921 width=840 height=46
ZSETTINGS CONTROL index=116 x=298 y=971 width=840 height=46
ZSETTINGS CONTROL index=117 x=298 y=1021 width=840 height=46
ZSETTINGS LAYOUT page=wifi controls=19
ZSETTINGS CONTROL index=1 x=1082 y=41 width=52 height=32
ZSETTINGS CONTROL index=100 x=298 y=179 width=840 height=46
ZSETTINGS CONTROL index=101 x=298 y=229 width=840 height=46
ZSETTINGS CONTROL index=102 x=298 y=279 width=840 height=46
ZSETTINGS CONTROL index=103 x=298 y=329 width=840 height=46
ZSETTINGS CONTROL index=104 x=298 y=379 width=840 height=46
ZSETTINGS CONTROL index=105 x=298 y=429 width=840 height=46
ZSETTINGS CONTROL index=106 x=298 y=479 width=840 height=46
ZSETTINGS CONTROL index=107 x=298 y=529 width=840 height=46
ZSETTINGS CONTROL index=108 x=298 y=579 width=840 height=46
ZSETTINGS CONTROL index=109 x=298 y=629 width=840 height=46
ZSETTINGS CONTROL index=110 x=298 y=679 width=840 height=46
ZSETTINGS CONTROL index=111 x=298 y=729 width=840 height=46
ZSETTINGS CONTROL index=112 x=298 y=779 width=840 height=46
ZSETTINGS CONTROL index=113 x=298 y=829 width=840 height=46
ZSETTINGS CONTROL index=114 x=298 y=879 width=840 height=46
ZSETTINGS CONTROL index=115 x=298 y=929 width=840 height=46
ZSETTINGS CONTROL index=116 x=298 y=979 width=840 height=46
ZSETTINGS CONTROL index=117 x=298 y=1029 width=840 height=46
ZSETTINGS LAYOUT page=wifi controls=19
ZSETTINGS CONTROL index=1 x=1082 y=52 width=52 height=32
ZSETTINGS CONTROL index=100 x=298 y=190 width=840 height=46
ZSETTINGS CONTROL index=101 x=298 y=240 width=840 height=46
ZSETTINGS CONTROL index=102 x=298 y=290 width=840 height=46
ZSETTINGS CONTROL index=103 x=298 y=340 width=840 height=46
ZSETTINGS CONTROL index=104 x=298 y=390 width=840 height=46
ZSETTINGS CONTROL index=105 x=298 y=440 width=840 height=46
ZSETTINGS CONTROL index=106 x=298 y=490 width=840 height=46
ZSETTINGS CONTROL index=107 x=298 y=540 width=840 height=46
ZSETTINGS CONTROL index=108 x=298 y=590 width=840 height=46
ZSETTINGS CONTROL index=109 x=298 y=640 width=840 height=46
ZSETTINGS CONTROL index=110 x=298 y=690 width=840 height=46
ZSETTINGS CONTROL index=111 x=298 y=740 width=840 height=46
ZSETTINGS CONTROL index=112 x=298 y=790 width=840 height=46
ZSETTINGS CONTROL index=113 x=298 y=840 width=840 height=46
ZSETTINGS CONTROL index=114 x=298 y=890 width=840 height=46
ZSETTINGS CONTROL index=115 x=298 y=940 width=840 height=46
ZSETTINGS CONTROL index=116 x=298 y=990 width=840 height=46
ZSETTINGS CONTROL index=117 x=298 y=1040 width=840 height=46
ZSETTINGS LAYOUT page=wifi controls=19
ZSETTINGS CONTROL index=1 x=1082 y=57 width=52 height=32
ZSETTINGS CONTROL index=100 x=298 y=195 width=840 height=46
ZSETTINGS CONTROL index=101 x=298 y=245 width=840 height=46
ZSETTINGS CONTROL index=102 x=298 y=295 width=840 height=46
ZSETTINGS CONTROL index=103 x=298 y=345 width=840 height=46
ZSETTINGS CONTROL index=104 x=298 y=395 width=840 height=46
ZSETTINGS CONTROL index=105 x=298 y=445 width=840 height=46
ZSETTINGS CONTROL index=106 x=298 y=495 width=840 height=46
ZSETTINGS CONTROL index=107 x=298 y=545 width=840 height=46
ZSETTINGS CONTROL index=108 x=298 y=595 width=840 height=46
ZSETTINGS CONTROL index=109 x=298 y=645 width=840 height=46
ZSETTINGS CONTROL index=110 x=298 y=695 width=840 height=46
ZSETTINGS CONTROL index=111 x=298 y=745 width=840 height=46
ZSETTINGS CONTROL index=112 x=298 y=795 width=840 height=46
ZSETTINGS CONTROL index=113 x=298 y=845 width=840 height=46
ZSETTINGS CONTROL index=114 x=298 y=895 width=840 height=46
ZSETTINGS CONTROL index=115 x=298 y=945 width=840 height=46
ZSETTINGS CONTROL index=116 x=298 y=995 width=840 height=46
ZSETTINGS CONTROL index=117 x=298 y=1045 width=840 height=46
ZSETTINGS LAYOUT page=wifi controls=19
ZSETTINGS CONTROL index=1 x=1082 y=64 width=52 height=32
ZSETTINGS CONTROL index=100 x=298 y=202 width=840 height=46
ZSETTINGS CONTROL index=101 x=298 y=252 width=840 height=46
ZSETTINGS CONTROL index=102 x=298 y=302 width=840 height=46
ZSETTINGS CONTROL index=103 x=298 y=352 width=840 height=46
ZSETTINGS CONTROL index=104 x=298 y=402 width=840 height=46
ZSETTINGS CONTROL index=105 x=298 y=452 width=840 height=46
ZSETTINGS CONTROL index=106 x=298 y=502 width=840 height=46
ZSETTINGS CONTROL index=107 x=298 y=552 width=840 height=46
ZSETTINGS CONTROL index=108 x=298 y=602 width=840 height=46
ZSETTINGS CONTROL index=109 x=298 y=652 width=840 height=46
ZSETTINGS CONTROL index=110 x=298 y=702 width=840 height=46
ZSETTINGS CONTROL index=111 x=298 y=752 width=840 height=46
ZSETTINGS CONTROL index=112 x=298 y=802 width=840 height=46
ZSETTINGS CONTROL index=113 x=298 y=852 width=840 height=46
ZSETTINGS CONTROL index=114 x=298 y=902 width=840 height=46
ZSETTINGS CONTROL index=115 x=298 y=952 width=840 height=46
ZSETTINGS CONTROL index=116 x=298 y=1002 width=840 height=46
ZSETTINGS CONTROL index=117 x=298 y=1052 width=840 height=46
KWL NETWORK scan count=18
ZSETTINGS LAYOUT page=wifi controls=19
ZSETTINGS CONTROL index=1 x=1082 y=71 width=52 height=32
ZSETTINGS CONTROL index=100 x=298 y=209 width=840 height=46
ZSETTINGS CONTROL index=101 x=298 y=259 width=840 height=46
ZSETTINGS CONTROL index=102 x=298 y=309 width=840 height=46
ZSETTINGS CONTROL index=103 x=298 y=359 width=840 height=46
ZSETTINGS CONTROL index=104 x=298 y=409 width=840 height=46
ZSETTINGS CONTROL index=105 x=298 y=459 width=840 height=46
ZSETTINGS CONTROL index=106 x=298 y=509 width=840 height=46
ZSETTINGS CONTROL index=107 x=298 y=559 width=840 height=46
ZSETTINGS CONTROL index=108 x=298 y=609 width=840 height=46
ZSETTINGS CONTROL index=109 x=298 y=659 width=840 height=46
ZSETTINGS CONTROL index=110 x=298 y=709 width=840 height=46
ZSETTINGS CONTROL index=111 x=298 y=759 width=840 height=46
ZSETTINGS CONTROL index=112 x=298 y=809 width=840 height=46
ZSETTINGS CONTROL index=113 x=298 y=859 width=840 height=46
ZSETTINGS CONTROL index=114 x=298 y=909 width=840 height=46
ZSETTINGS CONTROL index=115 x=298 y=959 width=840 height=46
ZSETTINGS CONTROL index=116 x=298 y=1009 width=840 height=46
ZSETTINGS CONTROL index=117 x=298 y=1059 width=840 height=46
ZSETTINGS NETWORK scan count=18
ZSETTINGS LAYOUT page=wifi controls=19
ZSETTINGS CONTROL index=1 x=1082 y=75 width=52 height=32
ZSETTINGS CONTROL index=100 x=298 y=213 width=840 height=46
ZSETTINGS CONTROL index=101 x=298 y=263 width=840 height=46
ZSETTINGS CONTROL index=102 x=298 y=313 width=840 height=46
ZSETTINGS CONTROL index=103 x=298 y=363 width=840 height=46
ZSETTINGS CONTROL index=104 x=298 y=413 width=840 height=46
ZSETTINGS CONTROL index=105 x=298 y=463 width=840 height=46
ZSETTINGS CONTROL index=106 x=298 y=513 width=840 height=46
ZSETTINGS CONTROL index=107 x=298 y=563 width=840 height=46
ZSETTINGS CONTROL index=108 x=298 y=613 width=840 height=46
ZSETTINGS CONTROL index=109 x=298 y=663 width=840 height=46
ZSETTINGS CONTROL index=110 x=298 y=713 width=840 height=46
ZSETTINGS CONTROL index=111 x=298 y=763 width=840 height=46
ZSETTINGS CONTROL index=112 x=298 y=813 width=840 height=46
ZSETTINGS CONTROL index=113 x=298 y=863 width=840 height=46
ZSETTINGS CONTROL index=114 x=298 y=913 width=840 height=46
ZSETTINGS CONTROL index=115 x=298 y=963 width=840 height=46
ZSETTINGS CONTROL index=116 x=298 y=1013 width=840 height=46
ZSETTINGS CONTROL index=117 x=298 y=1063 width=840 height=46
ZSETTINGS LAYOUT page=wifi controls=19
ZSETTINGS CONTROL index=1 x=1082 y=93 width=52 height=32
ZSETTINGS CONTROL index=100 x=298 y=231 width=840 height=46
ZSETTINGS CONTROL index=101 x=298 y=281 width=840 height=46
ZSETTINGS CONTROL index=102 x=298 y=331 width=840 height=46
ZSETTINGS CONTROL index=103 x=298 y=381 width=840 height=46
ZSETTINGS CONTROL index=104 x=298 y=431 width=840 height=46
ZSETTINGS CONTROL index=105 x=298 y=481 width=840 height=46
ZSETTINGS CONTROL index=106 x=298 y=531 width=840 height=46
ZSETTINGS CONTROL index=107 x=298 y=581 width=840 height=46
ZSETTINGS CONTROL index=108 x=298 y=631 width=840 height=46
ZSETTINGS CONTROL index=109 x=298 y=681 width=840 height=46
ZSETTINGS CONTROL index=110 x=298 y=731 width=840 height=46
ZSETTINGS CONTROL index=111 x=298 y=781 width=840 height=46
ZSETTINGS CONTROL index=112 x=298 y=831 width=840 height=46
ZSETTINGS CONTROL index=113 x=298 y=881 width=840 height=46
ZSETTINGS CONTROL index=114 x=298 y=931 width=840 height=46
ZSETTINGS CONTROL index=115 x=298 y=981 width=840 height=46
ZSETTINGS CONTROL index=116 x=298 y=1031 width=840 height=46
ZSETTINGS CONTROL index=117 x=298 y=1081 width=840 height=46
ZSETTINGS LAYOUT page=wifi controls=19
ZSETTINGS CONTROL index=1 x=1082 y=109 width=52 height=32
ZSETTINGS CONTROL index=100 x=298 y=247 width=840 height=46
ZSETTINGS CONTROL index=101 x=298 y=297 width=840 height=46
ZSETTINGS CONTROL index=102 x=298 y=347 width=840 height=46
ZSETTINGS CONTROL index=103 x=298 y=397 width=840 height=46
ZSETTINGS CONTROL index=104 x=298 y=447 width=840 height=46
ZSETTINGS CONTROL index=105 x=298 y=497 width=840 height=46
ZSETTINGS CONTROL index=106 x=298 y=547 width=840 height=46
ZSETTINGS CONTROL index=107 x=298 y=597 width=840 height=46
ZSETTINGS CONTROL index=108 x=298 y=647 width=840 height=46
ZSETTINGS CONTROL index=109 x=298 y=697 width=840 height=46
ZSETTINGS CONTROL index=110 x=298 y=747 width=840 height=46
ZSETTINGS CONTROL index=111 x=298 y=797 width=840 height=46
ZSETTINGS CONTROL index=112 x=298 y=847 width=840 height=46
ZSETTINGS CONTROL index=113 x=298 y=897 width=840 height=46
ZSETTINGS CONTROL index=114 x=298 y=947 width=840 height=46
ZSETTINGS CONTROL index=115 x=298 y=997 width=840 height=46
ZSETTINGS CONTROL index=116 x=298 y=1047 width=840 height=46
ZSETTINGS CONTROL index=117 x=298 y=1097 width=840 height=46
ZSETTINGS LAYOUT page=wifi controls=19
ZSETTINGS CONTROL index=1 x=1082 y=113 width=52 height=32
ZSETTINGS CONTROL index=100 x=298 y=251 width=840 height=46
ZSETTINGS CONTROL index=101 x=298 y=301 width=840 height=46
ZSETTINGS CONTROL index=102 x=298 y=351 width=840 height=46
ZSETTINGS CONTROL index=103 x=298 y=401 width=840 height=46
ZSETTINGS CONTROL index=104 x=298 y=451 width=840 height=46
ZSETTINGS CONTROL index=105 x=298 y=501 width=840 height=46
ZSETTINGS CONTROL index=106 x=298 y=551 width=840 height=46
ZSETTINGS CONTROL index=107 x=298 y=601 width=840 height=46
ZSETTINGS CONTROL index=108 x=298 y=651 width=840 height=46
ZSETTINGS CONTROL index=109 x=298 y=701 width=840 height=46
ZSETTINGS CONTROL index=110 x=298 y=751 width=840 height=46
ZSETTINGS CONTROL index=111 x=298 y=801 width=840 height=46
ZSETTINGS CONTROL index=112 x=298 y=851 width=840 height=46
ZSETTINGS CONTROL index=113 x=298 y=901 width=840 height=46
ZSETTINGS CONTROL index=114 x=298 y=951 width=840 height=46
ZSETTINGS CONTROL index=115 x=298 y=1001 width=840 height=46
ZSETTINGS CONTROL index=116 x=298 y=1051 width=840 height=46
ZSETTINGS CONTROL index=117 x=298 y=1101 width=840 height=46
ZSETTINGS LAYOUT page=wifi controls=19
ZSETTINGS CONTROL index=1 x=1082 y=108 width=52 height=32
ZSETTINGS CONTROL index=100 x=298 y=246 width=840 height=46
ZSETTINGS CONTROL index=101 x=298 y=296 width=840 height=46
ZSETTINGS CONTROL index=102 x=298 y=346 width=840 height=46
ZSETTINGS CONTROL index=103 x=298 y=396 width=840 height=46
ZSETTINGS CONTROL index=104 x=298 y=446 width=840 height=46
ZSETTINGS CONTROL index=105 x=298 y=496 width=840 height=46
ZSETTINGS CONTROL index=106 x=298 y=546 width=840 height=46
ZSETTINGS CONTROL index=107 x=298 y=596 width=840 height=46
ZSETTINGS CONTROL index=108 x=298 y=646 width=840 height=46
ZSETTINGS CONTROL index=109 x=298 y=696 width=840 height=46
ZSETTINGS CONTROL index=110 x=298 y=746 width=840 height=46
ZSETTINGS CONTROL index=111 x=298 y=796 width=840 height=46
ZSETTINGS CONTROL index=112 x=298 y=846 width=840 height=46
ZSETTINGS CONTROL index=113 x=298 y=896 width=840 height=46
ZSETTINGS CONTROL index=114 x=298 y=946 width=840 height=46
ZSETTINGS CONTROL index=115 x=298 y=996 width=840 height=46
ZSETTINGS CONTROL index=116 x=298 y=1046 width=840 height=46
ZSETTINGS CONTROL index=117 x=298 y=1096 width=840 height=46
ZSETTINGS LAYOUT page=wifi controls=19
ZSETTINGS CONTROL index=1 x=1082 y=89 width=52 height=32
ZSETTINGS CONTROL index=100 x=298 y=227 width=840 height=46
ZSETTINGS CONTROL index=101 x=298 y=277 width=840 height=46
ZSETTINGS CONTROL index=102 x=298 y=327 width=840 height=46
ZSETTINGS CONTROL index=103 x=298 y=377 width=840 height=46
ZSETTINGS CONTROL index=104 x=298 y=427 width=840 height=46
ZSETTINGS CONTROL index=105 x=298 y=477 width=840 height=46
ZSETTINGS CONTROL index=106 x=298 y=527 width=840 height=46
ZSETTINGS CONTROL index=107 x=298 y=577 width=840 height=46
ZSETTINGS CONTROL index=108 x=298 y=627 width=840 height=46
ZSETTINGS CONTROL index=109 x=298 y=677 width=840 height=46
ZSETTINGS CONTROL index=110 x=298 y=727 width=840 height=46
ZSETTINGS CONTROL index=111 x=298 y=777 width=840 height=46
ZSETTINGS CONTROL index=112 x=298 y=827 width=840 height=46
ZSETTINGS CONTROL index=113 x=298 y=877 width=840 height=46
ZSETTINGS CONTROL index=114 x=298 y=927 width=840 height=46
ZSETTINGS CONTROL index=115 x=298 y=977 width=840 height=46
ZSETTINGS CONTROL index=116 x=298 y=1027 width=840 height=46
ZSETTINGS CONTROL index=117 x=298 y=1077 width=840 height=46
ZSETTINGS LAYOUT page=wifi controls=19
ZSETTINGS CONTROL index=1 x=1082 y=78 width=52 height=32
ZSETTINGS CONTROL index=100 x=298 y=216 width=840 height=46
ZSETTINGS CONTROL index=101 x=298 y=266 width=840 height=46
ZSETTINGS CONTROL index=102 x=298 y=316 width=840 height=46
ZSETTINGS CONTROL index=103 x=298 y=366 width=840 height=46
ZSETTINGS CONTROL index=104 x=298 y=416 width=840 height=46
ZSETTINGS CONTROL index=105 x=298 y=466 width=840 height=46
ZSETTINGS CONTROL index=106 x=298 y=516 width=840 height=46
ZSETTINGS CONTROL index=107 x=298 y=566 width=840 height=46
ZSETTINGS CONTROL index=108 x=298 y=616 width=840 height=46
ZSETTINGS CONTROL index=109 x=298 y=666 width=840 height=46
ZSETTINGS CONTROL index=110 x=298 y=716 width=840 height=46
ZSETTINGS CONTROL index=111 x=298 y=766 width=840 height=46
ZSETTINGS CONTROL index=112 x=298 y=816 width=840 height=46
ZSETTINGS CONTROL index=113 x=298 y=866 width=840 height=46
ZSETTINGS CONTROL index=114 x=298 y=916 width=840 height=46
ZSETTINGS CONTROL index=115 x=298 y=966 width=840 height=46
ZSETTINGS CONTROL index=116 x=298 y=1016 width=840 height=46
ZSETTINGS CONTROL index=117 x=298 y=1066 width=840 height=46
ZSETTINGS LAYOUT page=wifi controls=19
ZSETTINGS CONTROL index=1 x=1082 y=55 width=52 height=32
ZSETTINGS CONTROL index=100 x=298 y=193 width=840 height=46
ZSETTINGS CONTROL index=101 x=298 y=243 width=840 height=46
ZSETTINGS CONTROL index=102 x=298 y=293 width=840 height=46
ZSETTINGS CONTROL index=103 x=298 y=343 width=840 height=46
ZSETTINGS CONTROL index=104 x=298 y=393 width=840 height=46
ZSETTINGS CONTROL index=105 x=298 y=443 width=840 height=46
ZSETTINGS CONTROL index=106 x=298 y=493 width=840 height=46
ZSETTINGS CONTROL index=107 x=298 y=543 width=840 height=46
ZSETTINGS CONTROL index=108 x=298 y=593 width=840 height=46
ZSETTINGS CONTROL index=109 x=298 y=643 width=840 height=46
ZSETTINGS CONTROL index=110 x=298 y=693 width=840 height=46
ZSETTINGS CONTROL index=111 x=298 y=743 width=840 height=46
ZSETTINGS CONTROL index=112 x=298 y=793 width=840 height=46
ZSETTINGS CONTROL index=113 x=298 y=843 width=840 height=46
ZSETTINGS CONTROL index=114 x=298 y=893 width=840 height=46
ZSETTINGS CONTROL index=115 x=298 y=943 width=840 height=46
ZSETTINGS CONTROL index=116 x=298 y=993 width=840 height=46
ZSETTINGS CONTROL index=117 x=298 y=1043 width=840 height=46
ZSETTINGS LAYOUT page=wifi controls=19
ZSETTINGS CONTROL index=1 x=1082 y=30 width=52 height=32
ZSETTINGS CONTROL index=100 x=298 y=168 width=840 height=46
ZSETTINGS CONTROL index=101 x=298 y=218 width=840 height=46
ZSETTINGS CONTROL index=102 x=298 y=268 width=840 height=46
ZSETTINGS CONTROL index=103 x=298 y=318 width=840 height=46
ZSETTINGS CONTROL index=104 x=298 y=368 width=840 height=46
ZSETTINGS CONTROL index=105 x=298 y=418 width=840 height=46
ZSETTINGS CONTROL index=106 x=298 y=468 width=840 height=46
ZSETTINGS CONTROL index=107 x=298 y=518 width=840 height=46
ZSETTINGS CONTROL index=108 x=298 y=568 width=840 height=46
ZSETTINGS CONTROL index=109 x=298 y=618 width=840 height=46
ZSETTINGS CONTROL index=110 x=298 y=668 width=840 height=46
ZSETTINGS CONTROL index=111 x=298 y=718 width=840 height=46
ZSETTINGS CONTROL index=112 x=298 y=768 width=840 height=46
ZSETTINGS CONTROL index=113 x=298 y=818 width=840 height=46
ZSETTINGS CONTROL index=114 x=298 y=868 width=840 height=46
ZSETTINGS CONTROL index=115 x=298 y=918 width=840 height=46
ZSETTINGS CONTROL index=116 x=298 y=968 width=840 height=46
ZSETTINGS CONTROL index=117 x=298 y=1018 width=840 height=46
ZSETTINGS LAYOUT page=wifi controls=19
ZSETTINGS CONTROL index=1 x=1082 y=9 width=52 height=32
ZSETTINGS CONTROL index=100 x=298 y=147 width=840 height=46
ZSETTINGS CONTROL index=101 x=298 y=197 width=840 height=46
ZSETTINGS CONTROL index=102 x=298 y=247 width=840 height=46
ZSETTINGS CONTROL index=103 x=298 y=297 width=840 height=46
ZSETTINGS CONTROL index=104 x=298 y=347 width=840 height=46
ZSETTINGS CONTROL index=105 x=298 y=397 width=840 height=46
ZSETTINGS CONTROL index=106 x=298 y=447 width=840 height=46
ZSETTINGS CONTROL index=107 x=298 y=497 width=840 height=46
ZSETTINGS CONTROL index=108 x=298 y=547 width=840 height=46
ZSETTINGS CONTROL index=109 x=298 y=597 width=840 height=46
ZSETTINGS CONTROL index=110 x=298 y=647 width=840 height=46
ZSETTINGS CONTROL index=111 x=298 y=697 width=840 height=46
ZSETTINGS CONTROL index=112 x=298 y=747 width=840 height=46
ZSETTINGS CONTROL index=113 x=298 y=797 width=840 height=46
ZSETTINGS CONTROL index=114 x=298 y=847 width=840 height=46
ZSETTINGS CONTROL index=115 x=298 y=897 width=840 height=46
ZSETTINGS CONTROL index=116 x=298 y=947 width=840 height=46
ZSETTINGS CONTROL index=117 x=298 y=997 width=840 height=46
ZSETTINGS LAYOUT page=wifi controls=19
ZSETTINGS CONTROL index=1 x=1082 y=-14 width=52 height=32
ZSETTINGS CONTROL index=100 x=298 y=124 width=840 height=46
ZSETTINGS CONTROL index=101 x=298 y=174 width=840 height=46
ZSETTINGS CONTROL index=102 x=298 y=224 width=840 height=46
ZSETTINGS CONTROL index=103 x=298 y=274 width=840 height=46
ZSETTINGS CONTROL index=104 x=298 y=324 width=840 height=46
ZSETTINGS CONTROL index=105 x=298 y=374 width=840 height=46
ZSETTINGS CONTROL index=106 x=298 y=424 width=840 height=46
ZSETTINGS CONTROL index=107 x=298 y=474 width=840 height=46
ZSETTINGS CONTROL index=108 x=298 y=524 width=840 height=46
ZSETTINGS CONTROL index=109 x=298 y=574 width=840 height=46
ZSETTINGS CONTROL index=110 x=298 y=624 width=840 height=46
ZSETTINGS CONTROL index=111 x=298 y=674 width=840 height=46
ZSETTINGS CONTROL index=112 x=298 y=724 width=840 height=46
ZSETTINGS CONTROL index=113 x=298 y=774 width=840 height=46
ZSETTINGS CONTROL index=114 x=298 y=824 width=840 height=46
ZSETTINGS CONTROL index=115 x=298 y=874 width=840 height=46
ZSETTINGS CONTROL index=116 x=298 y=924 width=840 height=46
ZSETTINGS CONTROL index=117 x=298 y=974 width=840 height=46
ZSETTINGS LAYOUT page=wifi controls=19
ZSETTINGS CONTROL index=1 x=1082 y=-37 width=52 height=32
ZSETTINGS CONTROL index=100 x=298 y=101 width=840 height=46
ZSETTINGS CONTROL index=101 x=298 y=151 width=840 height=46
ZSETTINGS CONTROL index=102 x=298 y=201 width=840 height=46
ZSETTINGS CONTROL index=103 x=298 y=251 width=840 height=46
ZSETTINGS CONTROL index=104 x=298 y=301 width=840 height=46
ZSETTINGS CONTROL index=105 x=298 y=351 width=840 height=46
ZSETTINGS CONTROL index=106 x=298 y=401 width=840 height=46
ZSETTINGS CONTROL index=107 x=298 y=451 width=840 height=46
ZSETTINGS CONTROL index=108 x=298 y=501 width=840 height=46
ZSETTINGS CONTROL index=109 x=298 y=551 width=840 height=46
ZSETTINGS CONTROL index=110 x=298 y=601 width=840 height=46
ZSETTINGS CONTROL index=111 x=298 y=651 width=840 height=46
ZSETTINGS CONTROL index=112 x=298 y=701 width=840 height=46
ZSETTINGS CONTROL index=113 x=298 y=751 width=840 height=46
ZSETTINGS CONTROL index=114 x=298 y=801 width=840 height=46
ZSETTINGS CONTROL index=115 x=298 y=851 width=840 height=46
ZSETTINGS CONTROL index=116 x=298 y=901 width=840 height=46
ZSETTINGS CONTROL index=117 x=298 y=951 width=840 height=46
ZSETTINGS LAYOUT page=wifi controls=19
ZSETTINGS CONTROL index=1 x=1082 y=-61 width=52 height=32
ZSETTINGS CONTROL index=100 x=298 y=77 width=840 height=46
ZSETTINGS CONTROL index=101 x=298 y=127 width=840 height=46
ZSETTINGS CONTROL index=102 x=298 y=177 width=840 height=46
ZSETTINGS CONTROL index=103 x=298 y=227 width=840 height=46
ZSETTINGS CONTROL index=104 x=298 y=277 width=840 height=46
ZSETTINGS CONTROL index=105 x=298 y=327 width=840 height=46
ZSETTINGS CONTROL index=106 x=298 y=377 width=840 height=46
ZSETTINGS CONTROL index=107 x=298 y=427 width=840 height=46
ZSETTINGS CONTROL index=108 x=298 y=477 width=840 height=46
ZSETTINGS CONTROL index=109 x=298 y=527 width=840 height=46
ZSETTINGS CONTROL index=110 x=298 y=577 width=840 height=46
ZSETTINGS CONTROL index=111 x=298 y=627 width=840 height=46
ZSETTINGS CONTROL index=112 x=298 y=677 width=840 height=46
ZSETTINGS CONTROL index=113 x=298 y=727 width=840 height=46
ZSETTINGS CONTROL index=114 x=298 y=777 width=840 height=46
ZSETTINGS CONTROL index=115 x=298 y=827 width=840 height=46
ZSETTINGS CONTROL index=116 x=298 y=877 width=840 height=46
ZSETTINGS CONTROL index=117 x=298 y=927 width=840 height=46
ZSETTINGS LAYOUT page=wifi controls=19
ZSETTINGS CONTROL index=1 x=1082 y=-86 width=52 height=32
ZSETTINGS CONTROL index=100 x=298 y=52 width=840 height=46
ZSETTINGS CONTROL index=101 x=298 y=102 width=840 height=46
ZSETTINGS CONTROL index=102 x=298 y=152 width=840 height=46
ZSETTINGS CONTROL index=103 x=298 y=202 width=840 height=46
ZSETTINGS CONTROL index=104 x=298 y=252 width=840 height=46
ZSETTINGS CONTROL index=105 x=298 y=302 width=840 height=46
ZSETTINGS CONTROL index=106 x=298 y=352 width=840 height=46
ZSETTINGS CONTROL index=107 x=298 y=402 width=840 height=46
ZSETTINGS CONTROL index=108 x=298 y=452 width=840 height=46
ZSETTINGS CONTROL index=109 x=298 y=502 width=840 height=46
ZSETTINGS CONTROL index=110 x=298 y=552 width=840 height=46
ZSETTINGS CONTROL index=111 x=298 y=602 width=840 height=46
ZSETTINGS CONTROL index=112 x=298 y=652 width=840 height=46
ZSETTINGS CONTROL index=113 x=298 y=702 width=840 height=46
ZSETTINGS CONTROL index=114 x=298 y=752 width=840 height=46
ZSETTINGS CONTROL index=115 x=298 y=802 width=840 height=46
ZSETTINGS CONTROL index=116 x=298 y=852 width=840 height=46
ZSETTINGS CONTROL index=117 x=298 y=902 width=840 height=46
ZSETTINGS LAYOUT page=wifi controls=19
ZSETTINGS CONTROL index=1 x=1082 y=-109 width=52 height=32
ZSETTINGS CONTROL index=100 x=298 y=29 width=840 height=46
ZSETTINGS CONTROL index=101 x=298 y=79 width=840 height=46
ZSETTINGS CONTROL index=102 x=298 y=129 width=840 height=46
ZSETTINGS CONTROL index=103 x=298 y=179 width=840 height=46
ZSETTINGS CONTROL index=104 x=298 y=229 width=840 height=46
ZSETTINGS CONTROL index=105 x=298 y=279 width=840 height=46
ZSETTINGS CONTROL index=106 x=298 y=329 width=840 height=46
ZSETTINGS CONTROL index=107 x=298 y=379 width=840 height=46
ZSETTINGS CONTROL index=108 x=298 y=429 width=840 height=46
ZSETTINGS CONTROL index=109 x=298 y=479 width=840 height=46
ZSETTINGS CONTROL index=110 x=298 y=529 width=840 height=46
ZSETTINGS CONTROL index=111 x=298 y=579 width=840 height=46
ZSETTINGS CONTROL index=112 x=298 y=629 width=840 height=46
ZSETTINGS CONTROL index=113 x=298 y=679 width=840 height=46
ZSETTINGS CONTROL index=114 x=298 y=729 width=840 height=46
ZSETTINGS CONTROL index=115 x=298 y=779 width=840 height=46
ZSETTINGS CONTROL index=116 x=298 y=829 width=840 height=46
ZSETTINGS CONTROL index=117 x=298 y=879 width=840 height=46
KWL SYSTEM result client=3 object=42 request=653 applied=0
ZSETTINGS LAYOUT page=wifi controls=19
ZSETTINGS CONTROL index=1 x=1082 y=-132 width=52 height=32
ZSETTINGS CONTROL index=100 x=298 y=6 width=840 height=46
ZSETTINGS CONTROL index=101 x=298 y=56 width=840 height=46
ZSETTINGS CONTROL index=102 x=298 y=106 width=840 height=46
ZSETTINGS CONTROL index=103 x=298 y=156 width=840 height=46
ZSETTINGS CONTROL index=104 x=298 y=206 width=840 height=46
ZSETTINGS CONTROL index=105 x=298 y=256 width=840 height=46
ZSETTINGS CONTROL index=106 x=298 y=306 width=840 height=46
ZSETTINGS CONTROL index=107 x=298 y=356 width=840 height=46
ZSETTINGS CONTROL index=108 x=298 y=406 width=840 height=46
ZSETTINGS CONTROL index=109 x=298 y=456 width=840 height=46
ZSETTINGS CONTROL index=110 x=298 y=506 width=840 height=46
ZSETTINGS CONTROL index=111 x=298 y=556 width=840 height=46
ZSETTINGS CONTROL index=112 x=298 y=606 width=840 height=46
ZSETTINGS CONTROL index=113 x=298 y=656 width=840 height=46
ZSETTINGS CONTROL index=114 x=298 y=706 width=840 height=46
ZSETTINGS CONTROL index=115 x=298 y=756 width=840 height=46
ZSETTINGS CONTROL index=116 x=298 y=806 width=840 height=46
ZSETTINGS CONTROL index=117 x=298 y=856 width=840 height=46
ZSETTINGS LAYOUT page=wifi controls=19
ZSETTINGS CONTROL index=1 x=1082 y=-156 width=52 height=32
ZSETTINGS CONTROL index=100 x=298 y=-18 width=840 height=46
ZSETTINGS CONTROL index=101 x=298 y=32 width=840 height=46
ZSETTINGS CONTROL index=102 x=298 y=82 width=840 height=46
ZSETTINGS CONTROL index=103 x=298 y=132 width=840 height=46
ZSETTINGS CONTROL index=104 x=298 y=182 width=840 height=46
ZSETTINGS CONTROL index=105 x=298 y=232 width=840 height=46
ZSETTINGS CONTROL index=106 x=298 y=282 width=840 height=46
ZSETTINGS CONTROL index=107 x=298 y=332 width=840 height=46
ZSETTINGS CONTROL index=108 x=298 y=382 width=840 height=46
ZSETTINGS CONTROL index=109 x=298 y=432 width=840 height=46
ZSETTINGS CONTROL index=110 x=298 y=482 width=840 height=46
ZSETTINGS CONTROL index=111 x=298 y=532 width=840 height=46
ZSETTINGS CONTROL index=112 x=298 y=582 width=840 height=46
ZSETTINGS CONTROL index=113 x=298 y=632 width=840 height=46
ZSETTINGS CONTROL index=114 x=298 y=682 width=840 height=46
ZSETTINGS CONTROL index=115 x=298 y=732 width=840 height=46
ZSETTINGS CONTROL index=116 x=298 y=782 width=840 height=46
ZSETTINGS CONTROL index=117 x=298 y=832 width=840 height=46
ZSETTINGS LAYOUT page=wifi controls=19
ZSETTINGS CONTROL index=1 x=1082 y=-191 width=52 height=32
ZSETTINGS CONTROL index=100 x=298 y=-53 width=840 height=46
ZSETTINGS CONTROL index=101 x=298 y=-3 width=840 height=46
ZSETTINGS CONTROL index=102 x=298 y=47 width=840 height=46
ZSETTINGS CONTROL index=103 x=298 y=97 width=840 height=46
ZSETTINGS CONTROL index=104 x=298 y=147 width=840 height=46
ZSETTINGS CONTROL index=105 x=298 y=197 width=840 height=46
ZSETTINGS CONTROL index=106 x=298 y=247 width=840 height=46
ZSETTINGS CONTROL index=107 x=298 y=297 width=840 height=46
ZSETTINGS CONTROL index=108 x=298 y=347 width=840 height=46
ZSETTINGS CONTROL index=109 x=298 y=397 width=840 height=46
ZSETTINGS CONTROL index=110 x=298 y=447 width=840 height=46
ZSETTINGS CONTROL index=111 x=298 y=497 width=840 height=46
ZSETTINGS CONTROL index=112 x=298 y=547 width=840 height=46
ZSETTINGS CONTROL index=113 x=298 y=597 width=840 height=46
ZSETTINGS CONTROL index=114 x=298 y=647 width=840 height=46
ZSETTINGS CONTROL index=115 x=298 y=697 width=840 height=46
ZSETTINGS CONTROL index=116 x=298 y=747 width=840 height=46
ZSETTINGS CONTROL index=117 x=298 y=797 width=840 height=46
ZSETTINGS LAYOUT page=wifi controls=19
ZSETTINGS CONTROL index=1 x=1082 y=-215 width=52 height=32
ZSETTINGS CONTROL index=100 x=298 y=-77 width=840 height=46
ZSETTINGS CONTROL index=101 x=298 y=-27 width=840 height=46
ZSETTINGS CONTROL index=102 x=298 y=23 width=840 height=46
ZSETTINGS CONTROL index=103 x=298 y=73 width=840 height=46
ZSETTINGS CONTROL index=104 x=298 y=123 width=840 height=46
ZSETTINGS CONTROL index=105 x=298 y=173 width=840 height=46
ZSETTINGS CONTROL index=106 x=298 y=223 width=840 height=46
ZSETTINGS CONTROL index=107 x=298 y=273 width=840 height=46
ZSETTINGS CONTROL index=108 x=298 y=323 width=840 height=46
ZSETTINGS CONTROL index=109 x=298 y=373 width=840 height=46
ZSETTINGS CONTROL index=110 x=298 y=423 width=840 height=46
ZSETTINGS CONTROL index=111 x=298 y=473 width=840 height=46
ZSETTINGS CONTROL index=112 x=298 y=523 width=840 height=46
ZSETTINGS CONTROL index=113 x=298 y=573 width=840 height=46
ZSETTINGS CONTROL index=114 x=298 y=623 width=840 height=46
ZSETTINGS CONTROL index=115 x=298 y=673 width=840 height=46
ZSETTINGS CONTROL index=116 x=298 y=723 width=840 height=46
ZSETTINGS CONTROL index=117 x=298 y=773 width=840 height=46
ZSETTINGS LAYOUT page=wifi controls=19
ZSETTINGS CONTROL index=1 x=1082 y=-240 width=52 height=32
ZSETTINGS CONTROL index=100 x=298 y=-102 width=840 height=46
ZSETTINGS CONTROL index=101 x=298 y=-52 width=840 height=46
ZSETTINGS CONTROL index=102 x=298 y=-2 width=840 height=46
ZSETTINGS CONTROL index=103 x=298 y=48 width=840 height=46
ZSETTINGS CONTROL index=104 x=298 y=98 width=840 height=46
ZSETTINGS CONTROL index=105 x=298 y=148 width=840 height=46
ZSETTINGS CONTROL index=106 x=298 y=198 width=840 height=46
ZSETTINGS CONTROL index=107 x=298 y=248 width=840 height=46
ZSETTINGS CONTROL index=108 x=298 y=298 width=840 height=46
ZSETTINGS CONTROL index=109 x=298 y=348 width=840 height=46
ZSETTINGS CONTROL index=110 x=298 y=398 width=840 height=46
ZSETTINGS CONTROL index=111 x=298 y=448 width=840 height=46
ZSETTINGS CONTROL index=112 x=298 y=498 width=840 height=46
ZSETTINGS CONTROL index=113 x=298 y=548 width=840 height=46
ZSETTINGS CONTROL index=114 x=298 y=598 width=840 height=46
ZSETTINGS CONTROL index=115 x=298 y=648 width=840 height=46
ZSETTINGS CONTROL index=116 x=298 y=698 width=840 height=46
ZSETTINGS CONTROL index=117 x=298 y=748 width=840 height=46
ZSETTINGS LAYOUT page=wifi controls=19
ZSETTINGS CONTROL index=1 x=1082 y=-264 width=52 height=32
ZSETTINGS CONTROL index=100 x=298 y=-126 width=840 height=46
ZSETTINGS CONTROL index=101 x=298 y=-76 width=840 height=46
ZSETTINGS CONTROL index=102 x=298 y=-26 width=840 height=46
ZSETTINGS CONTROL index=103 x=298 y=24 width=840 height=46
ZSETTINGS CONTROL index=104 x=298 y=74 width=840 height=46
ZSETTINGS CONTROL index=105 x=298 y=124 width=840 height=46
ZSETTINGS CONTROL index=106 x=298 y=174 width=840 height=46
ZSETTINGS CONTROL index=107 x=298 y=224 width=840 height=46
ZSETTINGS CONTROL index=108 x=298 y=274 width=840 height=46
ZSETTINGS CONTROL index=109 x=298 y=324 width=840 height=46
ZSETTINGS CONTROL index=110 x=298 y=374 width=840 height=46
ZSETTINGS CONTROL index=111 x=298 y=424 width=840 height=46
ZSETTINGS CONTROL index=112 x=298 y=474 width=840 height=46
ZSETTINGS CONTROL index=113 x=298 y=524 width=840 height=46
ZSETTINGS CONTROL index=114 x=298 y=574 width=840 height=46
ZSETTINGS CONTROL index=115 x=298 y=624 width=840 height=46
ZSETTINGS CONTROL index=116 x=298 y=674 width=840 height=46
ZSETTINGS CONTROL index=117 x=298 y=724 width=840 height=46
ZSETTINGS LAYOUT page=wifi controls=19
ZSETTINGS CONTROL index=1 x=1082 y=-311 width=52 height=32
ZSETTINGS CONTROL index=100 x=298 y=-173 width=840 height=46
ZSETTINGS CONTROL index=101 x=298 y=-123 width=840 height=46
ZSETTINGS CONTROL index=102 x=298 y=-73 width=840 height=46
ZSETTINGS CONTROL index=103 x=298 y=-23 width=840 height=46
ZSETTINGS CONTROL index=104 x=298 y=27 width=840 height=46
ZSETTINGS CONTROL index=105 x=298 y=77 width=840 height=46
ZSETTINGS CONTROL index=106 x=298 y=127 width=840 height=46
ZSETTINGS CONTROL index=107 x=298 y=177 width=840 height=46
ZSETTINGS CONTROL index=108 x=298 y=227 width=840 height=46
ZSETTINGS CONTROL index=109 x=298 y=277 width=840 height=46
ZSETTINGS CONTROL index=110 x=298 y=327 width=840 height=46
ZSETTINGS CONTROL index=111 x=298 y=377 width=840 height=46
ZSETTINGS CONTROL index=112 x=298 y=427 width=840 height=46
ZSETTINGS CONTROL index=113 x=298 y=477 width=840 height=46
ZSETTINGS CONTROL index=114 x=298 y=527 width=840 height=46
ZSETTINGS CONTROL index=115 x=298 y=577 width=840 height=46
ZSETTINGS CONTROL index=116 x=298 y=627 width=840 height=46
ZSETTINGS CONTROL index=117 x=298 y=677 width=840 height=46
ZSETTINGS TOUCH scroll end pane=page scroll=424
KWL TOUCH down client=3 surface=19 contact=0 x=927 y=658
KWL SYSTEM result client=3 object=42 request=654 applied=0
ZSETTINGS TOUCH scroll start pane=page
ZSETTINGS LAYOUT page=wifi controls=19
ZSETTINGS CONTROL index=1 x=1082 y=-257 width=52 height=32
ZSETTINGS CONTROL index=100 x=298 y=-119 width=840 height=46
ZSETTINGS CONTROL index=101 x=298 y=-69 width=840 height=46
ZSETTINGS CONTROL index=102 x=298 y=-19 width=840 height=46
ZSETTINGS CONTROL index=103 x=298 y=31 width=840 height=46
ZSETTINGS CONTROL index=104 x=298 y=81 width=840 height=46
ZSETTINGS CONTROL index=105 x=298 y=131 width=840 height=46
ZSETTINGS CONTROL index=106 x=298 y=181 width=840 height=46
ZSETTINGS CONTROL index=107 x=298 y=231 width=840 height=46
ZSETTINGS CONTROL index=108 x=298 y=281 width=840 height=46
ZSETTINGS CONTROL index=109 x=298 y=331 width=840 height=46
ZSETTINGS CONTROL index=110 x=298 y=381 width=840 height=46
ZSETTINGS CONTROL index=111 x=298 y=431 width=840 height=46
ZSETTINGS CONTROL index=112 x=298 y=481 width=840 height=46
ZSETTINGS CONTROL index=113 x=298 y=531 width=840 height=46
ZSETTINGS CONTROL index=114 x=298 y=581 width=840 height=46
ZSETTINGS CONTROL index=115 x=298 y=631 width=840 height=46
ZSETTINGS CONTROL index=116 x=298 y=681 width=840 height=46
ZSETTINGS CONTROL index=117 x=298 y=731 width=840 height=46
ZSETTINGS LAYOUT page=wifi controls=19
ZSETTINGS CONTROL index=1 x=1082 y=-201 width=52 height=32
ZSETTINGS CONTROL index=100 x=298 y=-63 width=840 height=46
ZSETTINGS CONTROL index=101 x=298 y=-13 width=840 height=46
ZSETTINGS CONTROL index=102 x=298 y=37 width=840 height=46
ZSETTINGS CONTROL index=103 x=298 y=87 width=840 height=46
ZSETTINGS CONTROL index=104 x=298 y=137 width=840 height=46
ZSETTINGS CONTROL index=105 x=298 y=187 width=840 height=46
ZSETTINGS CONTROL index=106 x=298 y=237 width=840 height=46
ZSETTINGS CONTROL index=107 x=298 y=287 width=840 height=46
ZSETTINGS CONTROL index=108 x=298 y=337 width=840 height=46
ZSETTINGS CONTROL index=109 x=298 y=387 width=840 height=46
ZSETTINGS CONTROL index=110 x=298 y=437 width=840 height=46
ZSETTINGS CONTROL index=111 x=298 y=487 width=840 height=46
ZSETTINGS CONTROL index=112 x=298 y=537 width=840 height=46
ZSETTINGS CONTROL index=113 x=298 y=587 width=840 height=46
ZSETTINGS CONTROL index=114 x=298 y=637 width=840 height=46
ZSETTINGS CONTROL index=115 x=298 y=687 width=840 height=46
ZSETTINGS CONTROL index=116 x=298 y=737 width=840 height=46
ZSETTINGS CONTROL index=117 x=298 y=787 width=840 height=46
ZSETTINGS LAYOUT page=wifi controls=19
ZSETTINGS CONTROL index=1 x=1082 y=-141 width=52 height=32
ZSETTINGS CONTROL index=100 x=298 y=-3 width=840 height=46
ZSETTINGS CONTROL index=101 x=298 y=47 width=840 height=46
ZSETTINGS CONTROL index=102 x=298 y=97 width=840 height=46
ZSETTINGS CONTROL index=103 x=298 y=147 width=840 height=46
ZSETTINGS CONTROL index=104 x=298 y=197 width=840 height=46
ZSETTINGS CONTROL index=105 x=298 y=247 width=840 height=46
ZSETTINGS CONTROL index=106 x=298 y=297 width=840 height=46
ZSETTINGS CONTROL index=107 x=298 y=347 width=840 height=46
ZSETTINGS CONTROL index=108 x=298 y=397 width=840 height=46
ZSETTINGS CONTROL index=109 x=298 y=447 width=840 height=46
ZSETTINGS CONTROL index=110 x=298 y=497 width=840 height=46
ZSETTINGS CONTROL index=111 x=298 y=547 width=840 height=46
ZSETTINGS CONTROL index=112 x=298 y=597 width=840 height=46
ZSETTINGS CONTROL index=113 x=298 y=647 width=840 height=46
ZSETTINGS CONTROL index=114 x=298 y=697 width=840 height=46
ZSETTINGS CONTROL index=115 x=298 y=747 width=840 height=46
ZSETTINGS CONTROL index=116 x=298 y=797 width=840 height=46
ZSETTINGS CONTROL index=117 x=298 y=847 width=840 height=46
ZSETTINGS LAYOUT page=wifi controls=19
ZSETTINGS CONTROL index=1 x=1082 y=-84 width=52 height=32
ZSETTINGS CONTROL index=100 x=298 y=54 width=840 height=46
ZSETTINGS CONTROL index=101 x=298 y=104 width=840 height=46
ZSETTINGS CONTROL index=102 x=298 y=154 width=840 height=46
ZSETTINGS CONTROL index=103 x=298 y=204 width=840 height=46
ZSETTINGS CONTROL index=104 x=298 y=254 width=840 height=46
ZSETTINGS CONTROL index=105 x=298 y=304 width=840 height=46
ZSETTINGS CONTROL index=106 x=298 y=354 width=840 height=46
ZSETTINGS CONTROL index=107 x=298 y=404 width=840 height=46
ZSETTINGS CONTROL index=108 x=298 y=454 width=840 height=46
ZSETTINGS CONTROL index=109 x=298 y=504 width=840 height=46
ZSETTINGS CONTROL index=110 x=298 y=554 width=840 height=46
ZSETTINGS CONTROL index=111 x=298 y=604 width=840 height=46
ZSETTINGS CONTROL index=112 x=298 y=654 width=840 height=46
ZSETTINGS CONTROL index=113 x=298 y=704 width=840 height=46
ZSETTINGS CONTROL index=114 x=298 y=754 width=840 height=46
ZSETTINGS CONTROL index=115 x=298 y=804 width=840 height=46
ZSETTINGS CONTROL index=116 x=298 y=854 width=840 height=46
ZSETTINGS CONTROL index=117 x=298 y=904 width=840 height=46
ZSETTINGS LAYOUT page=wifi controls=19
ZSETTINGS CONTROL index=1 x=1082 y=-12 width=52 height=32
ZSETTINGS CONTROL index=100 x=298 y=126 width=840 height=46
ZSETTINGS CONTROL index=101 x=298 y=176 width=840 height=46
ZSETTINGS CONTROL index=102 x=298 y=226 width=840 height=46
ZSETTINGS CONTROL index=103 x=298 y=276 width=840 height=46
ZSETTINGS CONTROL index=104 x=298 y=326 width=840 height=46
ZSETTINGS CONTROL index=105 x=298 y=376 width=840 height=46
ZSETTINGS CONTROL index=106 x=298 y=426 width=840 height=46
ZSETTINGS CONTROL index=107 x=298 y=476 width=840 height=46
ZSETTINGS CONTROL index=108 x=298 y=526 width=840 height=46
ZSETTINGS CONTROL index=109 x=298 y=576 width=840 height=46
ZSETTINGS CONTROL index=110 x=298 y=626 width=840 height=46
ZSETTINGS CONTROL index=111 x=298 y=676 width=840 height=46
ZSETTINGS CONTROL index=112 x=298 y=726 width=840 height=46
ZSETTINGS CONTROL index=113 x=298 y=776 width=840 height=46
ZSETTINGS CONTROL index=114 x=298 y=826 width=840 height=46
ZSETTINGS CONTROL index=115 x=298 y=876 width=840 height=46
ZSETTINGS CONTROL index=116 x=298 y=926 width=840 height=46
ZSETTINGS CONTROL index=117 x=298 y=976 width=840 height=46
ZSETTINGS LAYOUT page=wifi controls=19
ZSETTINGS CONTROL index=1 x=1082 y=34 width=52 height=32
ZSETTINGS CONTROL index=100 x=298 y=172 width=840 height=46
ZSETTINGS CONTROL index=101 x=298 y=222 width=840 height=46
ZSETTINGS CONTROL index=102 x=298 y=272 width=840 height=46
ZSETTINGS CONTROL index=103 x=298 y=322 width=840 height=46
ZSETTINGS CONTROL index=104 x=298 y=372 width=840 height=46
ZSETTINGS CONTROL index=105 x=298 y=422 width=840 height=46
ZSETTINGS CONTROL index=106 x=298 y=472 width=840 height=46
ZSETTINGS CONTROL index=107 x=298 y=522 width=840 height=46
ZSETTINGS CONTROL index=108 x=298 y=572 width=840 height=46
ZSETTINGS CONTROL index=109 x=298 y=622 width=840 height=46
ZSETTINGS CONTROL index=110 x=298 y=672 width=840 height=46
ZSETTINGS CONTROL index=111 x=298 y=722 width=840 height=46
ZSETTINGS CONTROL index=112 x=298 y=772 width=840 height=46
ZSETTINGS CONTROL index=113 x=298 y=822 width=840 height=46
ZSETTINGS CONTROL index=114 x=298 y=872 width=840 height=46
ZSETTINGS CONTROL index=115 x=298 y=922 width=840 height=46
ZSETTINGS CONTROL index=116 x=298 y=972 width=840 height=46
ZSETTINGS CONTROL index=117 x=298 y=1022 width=840 height=46
ZSETTINGS LAYOUT page=wifi controls=19
ZSETTINGS CONTROL index=1 x=1082 y=76 width=52 height=32
ZSETTINGS CONTROL index=100 x=298 y=214 width=840 height=46
ZSETTINGS CONTROL index=101 x=298 y=264 width=840 height=46
ZSETTINGS CONTROL index=102 x=298 y=314 width=840 height=46
ZSETTINGS CONTROL index=103 x=298 y=364 width=840 height=46
ZSETTINGS CONTROL index=104 x=298 y=414 width=840 height=46
ZSETTINGS CONTROL index=105 x=298 y=464 width=840 height=46
ZSETTINGS CONTROL index=106 x=298 y=514 width=840 height=46
ZSETTINGS CONTROL index=107 x=298 y=564 width=840 height=46
ZSETTINGS CONTROL index=108 x=298 y=614 width=840 height=46
ZSETTINGS CONTROL index=109 x=298 y=664 width=840 height=46
ZSETTINGS CONTROL index=110 x=298 y=714 width=840 height=46
ZSETTINGS CONTROL index=111 x=298 y=764 width=840 height=46
ZSETTINGS CONTROL index=112 x=298 y=814 width=840 height=46
ZSETTINGS CONTROL index=113 x=298 y=864 width=840 height=46
ZSETTINGS CONTROL index=114 x=298 y=914 width=840 height=46
ZSETTINGS CONTROL index=115 x=298 y=964 width=840 height=46
ZSETTINGS CONTROL index=116 x=298 y=1014 width=840 height=46
ZSETTINGS CONTROL index=117 x=298 y=1064 width=840 height=46
ZSETTINGS LAYOUT page=wifi controls=19
ZSETTINGS CONTROL index=1 x=1082 y=113 width=52 height=32
ZSETTINGS CONTROL index=100 x=298 y=251 width=840 height=46
ZSETTINGS CONTROL index=101 x=298 y=301 width=840 height=46
ZSETTINGS CONTROL index=102 x=298 y=351 width=840 height=46
ZSETTINGS CONTROL index=103 x=298 y=401 width=840 height=46
ZSETTINGS CONTROL index=104 x=298 y=451 width=840 height=46
ZSETTINGS CONTROL index=105 x=298 y=501 width=840 height=46
ZSETTINGS CONTROL index=106 x=298 y=551 width=840 height=46
ZSETTINGS CONTROL index=107 x=298 y=601 width=840 height=46
ZSETTINGS CONTROL index=108 x=298 y=651 width=840 height=46
ZSETTINGS CONTROL index=109 x=298 y=701 width=840 height=46
ZSETTINGS CONTROL index=110 x=298 y=751 width=840 height=46
ZSETTINGS CONTROL index=111 x=298 y=801 width=840 height=46
ZSETTINGS CONTROL index=112 x=298 y=851 width=840 height=46
ZSETTINGS CONTROL index=113 x=298 y=901 width=840 height=46
ZSETTINGS CONTROL index=114 x=298 y=951 width=840 height=46
ZSETTINGS CONTROL index=115 x=298 y=1001 width=840 height=46
ZSETTINGS CONTROL index=116 x=298 y=1051 width=840 height=46
ZSETTINGS CONTROL index=117 x=298 y=1101 width=840 height=46
ZSETTINGS TOUCH scroll end pane=page scroll=0
KWL TOUCH down client=3 surface=19 contact=0 x=970 y=1083
ZSETTINGS TOUCH scroll start pane=page
ZSETTINGS LAYOUT page=wifi controls=19
ZSETTINGS CONTROL index=1 x=1082 y=101 width=52 height=32
ZSETTINGS CONTROL index=100 x=298 y=239 width=840 height=46
ZSETTINGS CONTROL index=101 x=298 y=289 width=840 height=46
ZSETTINGS CONTROL index=102 x=298 y=339 width=840 height=46
ZSETTINGS CONTROL index=103 x=298 y=389 width=840 height=46
ZSETTINGS CONTROL index=104 x=298 y=439 width=840 height=46
ZSETTINGS CONTROL index=105 x=298 y=489 width=840 height=46
ZSETTINGS CONTROL index=106 x=298 y=539 width=840 height=46
ZSETTINGS CONTROL index=107 x=298 y=589 width=840 height=46
ZSETTINGS CONTROL index=108 x=298 y=639 width=840 height=46
ZSETTINGS CONTROL index=109 x=298 y=689 width=840 height=46
ZSETTINGS CONTROL index=110 x=298 y=739 width=840 height=46
ZSETTINGS CONTROL index=111 x=298 y=789 width=840 height=46
ZSETTINGS CONTROL index=112 x=298 y=839 width=840 height=46
ZSETTINGS CONTROL index=113 x=298 y=889 width=840 height=46
ZSETTINGS CONTROL index=114 x=298 y=939 width=840 height=46
ZSETTINGS CONTROL index=115 x=298 y=989 width=840 height=46
ZSETTINGS CONTROL index=116 x=298 y=1039 width=840 height=46
ZSETTINGS CONTROL index=117 x=298 y=1089 width=840 height=46
ZSETTINGS LAYOUT page=wifi controls=19
ZSETTINGS CONTROL index=1 x=1082 y=91 width=52 height=32
ZSETTINGS CONTROL index=100 x=298 y=229 width=840 height=46
ZSETTINGS CONTROL index=101 x=298 y=279 width=840 height=46
ZSETTINGS CONTROL index=102 x=298 y=329 width=840 height=46
ZSETTINGS CONTROL index=103 x=298 y=379 width=840 height=46
ZSETTINGS CONTROL index=104 x=298 y=429 width=840 height=46
ZSETTINGS CONTROL index=105 x=298 y=479 width=840 height=46
ZSETTINGS CONTROL index=106 x=298 y=529 width=840 height=46
ZSETTINGS CONTROL index=107 x=298 y=579 width=840 height=46
ZSETTINGS CONTROL index=108 x=298 y=629 width=840 height=46
ZSETTINGS CONTROL index=109 x=298 y=679 width=840 height=46
ZSETTINGS CONTROL index=110 x=298 y=729 width=840 height=46
ZSETTINGS CONTROL index=111 x=298 y=779 width=840 height=46
ZSETTINGS CONTROL index=112 x=298 y=829 width=840 height=46
ZSETTINGS CONTROL index=113 x=298 y=879 width=840 height=46
ZSETTINGS CONTROL index=114 x=298 y=929 width=840 height=46
ZSETTINGS CONTROL index=115 x=298 y=979 width=840 height=46
ZSETTINGS CONTROL index=116 x=298 y=1029 width=840 height=46
ZSETTINGS CONTROL index=117 x=298 y=1079 width=840 height=46
ZSETTINGS LAYOUT page=wifi controls=19
ZSETTINGS CONTROL index=1 x=1082 y=68 width=52 height=32
ZSETTINGS CONTROL index=100 x=298 y=206 width=840 height=46
ZSETTINGS CONTROL index=101 x=298 y=256 width=840 height=46
ZSETTINGS CONTROL index=102 x=298 y=306 width=840 height=46
ZSETTINGS CONTROL index=103 x=298 y=356 width=840 height=46
ZSETTINGS CONTROL index=104 x=298 y=406 width=840 height=46
ZSETTINGS CONTROL index=105 x=298 y=456 width=840 height=46
ZSETTINGS CONTROL index=106 x=298 y=506 width=840 height=46
ZSETTINGS CONTROL index=107 x=298 y=556 width=840 height=46
ZSETTINGS CONTROL index=108 x=298 y=606 width=840 height=46
ZSETTINGS CONTROL index=109 x=298 y=656 width=840 height=46
ZSETTINGS CONTROL index=110 x=298 y=706 width=840 height=46
ZSETTINGS CONTROL index=111 x=298 y=756 width=840 height=46
ZSETTINGS CONTROL index=112 x=298 y=806 width=840 height=46
ZSETTINGS CONTROL index=113 x=298 y=856 width=840 height=46
ZSETTINGS CONTROL index=114 x=298 y=906 width=840 height=46
ZSETTINGS CONTROL index=115 x=298 y=956 width=840 height=46
ZSETTINGS CONTROL index=116 x=298 y=1006 width=840 height=46
ZSETTINGS CONTROL index=117 x=298 y=1056 width=840 height=46
ZSETTINGS LAYOUT page=wifi controls=19
ZSETTINGS CONTROL index=1 x=1082 y=56 width=52 height=32
ZSETTINGS CONTROL index=100 x=298 y=194 width=840 height=46
ZSETTINGS CONTROL index=101 x=298 y=244 width=840 height=46
ZSETTINGS CONTROL index=102 x=298 y=294 width=840 height=46
ZSETTINGS CONTROL index=103 x=298 y=344 width=840 height=46
ZSETTINGS CONTROL index=104 x=298 y=394 width=840 height=46
ZSETTINGS CONTROL index=105 x=298 y=444 width=840 height=46
ZSETTINGS CONTROL index=106 x=298 y=494 width=840 height=46
ZSETTINGS CONTROL index=107 x=298 y=544 width=840 height=46
ZSETTINGS CONTROL index=108 x=298 y=594 width=840 height=46
ZSETTINGS CONTROL index=109 x=298 y=644 width=840 height=46
ZSETTINGS CONTROL index=110 x=298 y=694 width=840 height=46
ZSETTINGS CONTROL index=111 x=298 y=744 width=840 height=46
ZSETTINGS CONTROL index=112 x=298 y=794 width=840 height=46
ZSETTINGS CONTROL index=113 x=298 y=844 width=840 height=46
ZSETTINGS CONTROL index=114 x=298 y=894 width=840 height=46
ZSETTINGS CONTROL index=115 x=298 y=944 width=840 height=46
ZSETTINGS CONTROL index=116 x=298 y=994 width=840 height=46
ZSETTINGS CONTROL index=117 x=298 y=1044 width=840 height=46
ZSETTINGS LAYOUT page=wifi controls=19
ZSETTINGS CONTROL index=1 x=1082 y=43 width=52 height=32
ZSETTINGS CONTROL index=100 x=298 y=181 width=840 height=46
ZSETTINGS CONTROL index=101 x=298 y=231 width=840 height=46
ZSETTINGS CONTROL index=102 x=298 y=281 width=840 height=46
ZSETTINGS CONTROL index=103 x=298 y=331 width=840 height=46
ZSETTINGS CONTROL index=104 x=298 y=381 width=840 height=46
ZSETTINGS CONTROL index=105 x=298 y=431 width=840 height=46
ZSETTINGS CONTROL index=106 x=298 y=481 width=840 height=46
ZSETTINGS CONTROL index=107 x=298 y=531 width=840 height=46
ZSETTINGS CONTROL index=108 x=298 y=581 width=840 height=46
ZSETTINGS CONTROL index=109 x=298 y=631 width=840 height=46
ZSETTINGS CONTROL index=110 x=298 y=681 width=840 height=46
ZSETTINGS CONTROL index=111 x=298 y=731 width=840 height=46
ZSETTINGS CONTROL index=112 x=298 y=781 width=840 height=46
ZSETTINGS CONTROL index=113 x=298 y=831 width=840 height=46
ZSETTINGS CONTROL index=114 x=298 y=881 width=840 height=46
ZSETTINGS CONTROL index=115 x=298 y=931 width=840 height=46
ZSETTINGS CONTROL index=116 x=298 y=981 width=840 height=46
ZSETTINGS CONTROL index=117 x=298 y=1031 width=840 height=46
ZSETTINGS LAYOUT page=wifi controls=19
ZSETTINGS CONTROL index=1 x=1082 y=3 width=52 height=32
ZSETTINGS CONTROL index=100 x=298 y=141 width=840 height=46
ZSETTINGS CONTROL index=101 x=298 y=191 width=840 height=46
ZSETTINGS CONTROL index=102 x=298 y=241 width=840 height=46
ZSETTINGS CONTROL index=103 x=298 y=291 width=840 height=46
ZSETTINGS CONTROL index=104 x=298 y=341 width=840 height=46
ZSETTINGS CONTROL index=105 x=298 y=391 width=840 height=46
ZSETTINGS CONTROL index=106 x=298 y=441 width=840 height=46
ZSETTINGS CONTROL index=107 x=298 y=491 width=840 height=46
ZSETTINGS CONTROL index=108 x=298 y=541 width=840 height=46
ZSETTINGS CONTROL index=109 x=298 y=591 width=840 height=46
ZSETTINGS CONTROL index=110 x=298 y=641 width=840 height=46
ZSETTINGS CONTROL index=111 x=298 y=691 width=840 height=46
ZSETTINGS CONTROL index=112 x=298 y=741 width=840 height=46
ZSETTINGS CONTROL index=113 x=298 y=791 width=840 height=46
ZSETTINGS CONTROL index=114 x=298 y=841 width=840 height=46
ZSETTINGS CONTROL index=115 x=298 y=891 width=840 height=46
ZSETTINGS CONTROL index=116 x=298 y=941 width=840 height=46
ZSETTINGS CONTROL index=117 x=298 y=991 width=840 height=46
ZSETTINGS LAYOUT page=wifi controls=19
ZSETTINGS CONTROL index=1 x=1082 y=-10 width=52 height=32
ZSETTINGS CONTROL index=100 x=298 y=128 width=840 height=46
ZSETTINGS CONTROL index=101 x=298 y=178 width=840 height=46
ZSETTINGS CONTROL index=102 x=298 y=228 width=840 height=46
ZSETTINGS CONTROL index=103 x=298 y=278 width=840 height=46
ZSETTINGS CONTROL index=104 x=298 y=328 width=840 height=46
ZSETTINGS CONTROL index=105 x=298 y=378 width=840 height=46
ZSETTINGS CONTROL index=106 x=298 y=428 width=840 height=46
ZSETTINGS CONTROL index=107 x=298 y=478 width=840 height=46
ZSETTINGS CONTROL index=108 x=298 y=528 width=840 height=46
ZSETTINGS CONTROL index=109 x=298 y=578 width=840 height=46
ZSETTINGS CONTROL index=110 x=298 y=628 width=840 height=46
ZSETTINGS CONTROL index=111 x=298 y=678 width=840 height=46
ZSETTINGS CONTROL index=112 x=298 y=728 width=840 height=46
ZSETTINGS CONTROL index=113 x=298 y=778 width=840 height=46
ZSETTINGS CONTROL index=114 x=298 y=828 width=840 height=46
ZSETTINGS CONTROL index=115 x=298 y=878 width=840 height=46
ZSETTINGS CONTROL index=116 x=298 y=928 width=840 height=46
ZSETTINGS CONTROL index=117 x=298 y=978 width=840 height=46
ZSETTINGS LAYOUT page=wifi controls=19
ZSETTINGS CONTROL index=1 x=1082 y=-38 width=52 height=32
ZSETTINGS CONTROL index=100 x=298 y=100 width=840 height=46
ZSETTINGS CONTROL index=101 x=298 y=150 width=840 height=46
ZSETTINGS CONTROL index=102 x=298 y=200 width=840 height=46
ZSETTINGS CONTROL index=103 x=298 y=250 width=840 height=46
ZSETTINGS CONTROL index=104 x=298 y=300 width=840 height=46
ZSETTINGS CONTROL index=105 x=298 y=350 width=840 height=46
ZSETTINGS CONTROL index=106 x=298 y=400 width=840 height=46
ZSETTINGS CONTROL index=107 x=298 y=450 width=840 height=46
ZSETTINGS CONTROL index=108 x=298 y=500 width=840 height=46
ZSETTINGS CONTROL index=109 x=298 y=550 width=840 height=46
ZSETTINGS CONTROL index=110 x=298 y=600 width=840 height=46
ZSETTINGS CONTROL index=111 x=298 y=650 width=840 height=46
ZSETTINGS CONTROL index=112 x=298 y=700 width=840 height=46
ZSETTINGS CONTROL index=113 x=298 y=750 width=840 height=46
ZSETTINGS CONTROL index=114 x=298 y=800 width=840 height=46
ZSETTINGS CONTROL index=115 x=298 y=850 width=840 height=46
ZSETTINGS CONTROL index=116 x=298 y=900 width=840 height=46
ZSETTINGS CONTROL index=117 x=298 y=950 width=840 height=46
ZSETTINGS LAYOUT page=wifi controls=19
ZSETTINGS CONTROL index=1 x=1082 y=-66 width=52 height=32
ZSETTINGS CONTROL index=100 x=298 y=72 width=840 height=46
ZSETTINGS CONTROL index=101 x=298 y=122 width=840 height=46
ZSETTINGS CONTROL index=102 x=298 y=172 width=840 height=46
ZSETTINGS CONTROL index=103 x=298 y=222 width=840 height=46
ZSETTINGS CONTROL index=104 x=298 y=272 width=840 height=46
ZSETTINGS CONTROL index=105 x=298 y=322 width=840 height=46
ZSETTINGS CONTROL index=106 x=298 y=372 width=840 height=46
ZSETTINGS CONTROL index=107 x=298 y=422 width=840 height=46
ZSETTINGS CONTROL index=108 x=298 y=472 width=840 height=46
ZSETTINGS CONTROL index=109 x=298 y=522 width=840 height=46
ZSETTINGS CONTROL index=110 x=298 y=572 width=840 height=46
ZSETTINGS CONTROL index=111 x=298 y=622 width=840 height=46
ZSETTINGS CONTROL index=112 x=298 y=672 width=840 height=46
ZSETTINGS CONTROL index=113 x=298 y=722 width=840 height=46
ZSETTINGS CONTROL index=114 x=298 y=772 width=840 height=46
ZSETTINGS CONTROL index=115 x=298 y=822 width=840 height=46
ZSETTINGS CONTROL index=116 x=298 y=872 width=840 height=46
ZSETTINGS CONTROL index=117 x=298 y=922 width=840 height=46
KWL SYSTEM result client=3 object=42 request=655 applied=0
ZSETTINGS LAYOUT page=wifi controls=19
ZSETTINGS CONTROL index=1 x=1082 y=-94 width=52 height=32
ZSETTINGS CONTROL index=100 x=298 y=44 width=840 height=46
ZSETTINGS CONTROL index=101 x=298 y=94 width=840 height=46
ZSETTINGS CONTROL index=102 x=298 y=144 width=840 height=46
ZSETTINGS CONTROL index=103 x=298 y=194 width=840 height=46
ZSETTINGS CONTROL index=104 x=298 y=244 width=840 height=46
ZSETTINGS CONTROL index=105 x=298 y=294 width=840 height=46
ZSETTINGS CONTROL index=106 x=298 y=344 width=840 height=46
ZSETTINGS CONTROL index=107 x=298 y=394 width=840 height=46
ZSETTINGS CONTROL index=108 x=298 y=444 width=840 height=46
ZSETTINGS CONTROL index=109 x=298 y=494 width=840 height=46
ZSETTINGS CONTROL index=110 x=298 y=544 width=840 height=46
ZSETTINGS CONTROL index=111 x=298 y=594 width=840 height=46
ZSETTINGS CONTROL index=112 x=298 y=644 width=840 height=46
ZSETTINGS CONTROL index=113 x=298 y=694 width=840 height=46
ZSETTINGS CONTROL index=114 x=298 y=744 width=840 height=46
ZSETTINGS CONTROL index=115 x=298 y=794 width=840 height=46
ZSETTINGS CONTROL index=116 x=298 y=844 width=840 height=46
ZSETTINGS CONTROL index=117 x=298 y=894 width=840 height=46
ZSETTINGS LAYOUT page=wifi controls=19
ZSETTINGS CONTROL index=1 x=1082 y=-153 width=52 height=32
ZSETTINGS CONTROL index=100 x=298 y=-15 width=840 height=46
ZSETTINGS CONTROL index=101 x=298 y=35 width=840 height=46
ZSETTINGS CONTROL index=102 x=298 y=85 width=840 height=46
ZSETTINGS CONTROL index=103 x=298 y=135 width=840 height=46
ZSETTINGS CONTROL index=104 x=298 y=185 width=840 height=46
ZSETTINGS CONTROL index=105 x=298 y=235 width=840 height=46
ZSETTINGS CONTROL index=106 x=298 y=285 width=840 height=46
ZSETTINGS CONTROL index=107 x=298 y=335 width=840 height=46
ZSETTINGS CONTROL index=108 x=298 y=385 width=840 height=46
ZSETTINGS CONTROL index=109 x=298 y=435 width=840 height=46
ZSETTINGS CONTROL index=110 x=298 y=485 width=840 height=46
ZSETTINGS CONTROL index=111 x=298 y=535 width=840 height=46
ZSETTINGS CONTROL index=112 x=298 y=585 width=840 height=46
ZSETTINGS CONTROL index=113 x=298 y=635 width=840 height=46
ZSETTINGS CONTROL index=114 x=298 y=685 width=840 height=46
ZSETTINGS CONTROL index=115 x=298 y=735 width=840 height=46
ZSETTINGS CONTROL index=116 x=298 y=785 width=840 height=46
ZSETTINGS CONTROL index=117 x=298 y=835 width=840 height=46
ZSETTINGS LAYOUT page=wifi controls=19
ZSETTINGS CONTROL index=1 x=1082 y=-182 width=52 height=32
ZSETTINGS CONTROL index=100 x=298 y=-44 width=840 height=46
ZSETTINGS CONTROL index=101 x=298 y=6 width=840 height=46
ZSETTINGS CONTROL index=102 x=298 y=56 width=840 height=46
ZSETTINGS CONTROL index=103 x=298 y=106 width=840 height=46
ZSETTINGS CONTROL index=104 x=298 y=156 width=840 height=46
ZSETTINGS CONTROL index=105 x=298 y=206 width=840 height=46
ZSETTINGS CONTROL index=106 x=298 y=256 width=840 height=46
ZSETTINGS CONTROL index=107 x=298 y=306 width=840 height=46
ZSETTINGS CONTROL index=108 x=298 y=356 width=840 height=46
ZSETTINGS CONTROL index=109 x=298 y=406 width=840 height=46
ZSETTINGS CONTROL index=110 x=298 y=456 width=840 height=46
ZSETTINGS CONTROL index=111 x=298 y=506 width=840 height=46
ZSETTINGS CONTROL index=112 x=298 y=556 width=840 height=46
ZSETTINGS CONTROL index=113 x=298 y=606 width=840 height=46
ZSETTINGS CONTROL index=114 x=298 y=656 width=840 height=46
ZSETTINGS CONTROL index=115 x=298 y=706 width=840 height=46
ZSETTINGS CONTROL index=116 x=298 y=756 width=840 height=46
ZSETTINGS CONTROL index=117 x=298 y=806 width=840 height=46
KWL PERF 5012ms: passes=827 timeouts=197 | poll 72.2% work 27.1%
KWL PERF compose frames=85 draw_ms=14.35 (acquire 0.05 submit+present 13.85) frame_ms=14.80
ZSETTINGS LAYOUT page=wifi controls=19
ZSETTINGS CONTROL index=1 x=1082 y=-210 width=52 height=32
ZSETTINGS CONTROL index=100 x=298 y=-72 width=840 height=46
ZSETTINGS CONTROL index=101 x=298 y=-22 width=840 height=46
ZSETTINGS CONTROL index=102 x=298 y=28 width=840 height=46
ZSETTINGS CONTROL index=103 x=298 y=78 width=840 height=46
ZSETTINGS CONTROL index=104 x=298 y=128 width=840 height=46
ZSETTINGS CONTROL index=105 x=298 y=178 width=840 height=46
ZSETTINGS CONTROL index=106 x=298 y=228 width=840 height=46
ZSETTINGS CONTROL index=107 x=298 y=278 width=840 height=46
ZSETTINGS CONTROL index=108 x=298 y=328 width=840 height=46
ZSETTINGS CONTROL index=109 x=298 y=378 width=840 height=46
ZSETTINGS CONTROL index=110 x=298 y=428 width=840 height=46
ZSETTINGS CONTROL index=111 x=298 y=478 width=840 height=46
ZSETTINGS CONTROL index=112 x=298 y=528 width=840 height=46
ZSETTINGS CONTROL index=113 x=298 y=578 width=840 height=46
ZSETTINGS CONTROL index=114 x=298 y=628 width=840 height=46
ZSETTINGS CONTROL index=115 x=298 y=678 width=840 height=46
ZSETTINGS CONTROL index=116 x=298 y=728 width=840 height=46
ZSETTINGS CONTROL index=117 x=298 y=778 width=840 height=46
KWL NETWORK scan count=18
ZSETTINGS LAYOUT page=wifi controls=19
ZSETTINGS CONTROL index=1 x=1082 y=-238 width=52 height=32
ZSETTINGS CONTROL index=100 x=298 y=-100 width=840 height=46
ZSETTINGS CONTROL index=101 x=298 y=-50 width=840 height=46
ZSETTINGS CONTROL index=102 x=298 y=0 width=840 height=46
ZSETTINGS CONTROL index=103 x=298 y=50 width=840 height=46
ZSETTINGS CONTROL index=104 x=298 y=100 width=840 height=46
ZSETTINGS CONTROL index=105 x=298 y=150 width=840 height=46
ZSETTINGS CONTROL index=106 x=298 y=200 width=840 height=46
ZSETTINGS CONTROL index=107 x=298 y=250 width=840 height=46
ZSETTINGS CONTROL index=108 x=298 y=300 width=840 height=46
ZSETTINGS CONTROL index=109 x=298 y=350 width=840 height=46
ZSETTINGS CONTROL index=110 x=298 y=400 width=840 height=46
ZSETTINGS CONTROL index=111 x=298 y=450 width=840 height=46
ZSETTINGS CONTROL index=112 x=298 y=500 width=840 height=46
ZSETTINGS CONTROL index=113 x=298 y=550 width=840 height=46
ZSETTINGS CONTROL index=114 x=298 y=600 width=840 height=46
ZSETTINGS CONTROL index=115 x=298 y=650 width=840 height=46
ZSETTINGS CONTROL index=116 x=298 y=700 width=840 height=46
ZSETTINGS CONTROL index=117 x=298 y=750 width=840 height=46
ZSETTINGS NETWORK scan count=18
ZSETTINGS LAYOUT page=wifi controls=19
ZSETTINGS CONTROL index=1 x=1082 y=-266 width=52 height=32
ZSETTINGS CONTROL index=100 x=298 y=-128 width=840 height=46
ZSETTINGS CONTROL index=101 x=298 y=-78 width=840 height=46
ZSETTINGS CONTROL index=102 x=298 y=-28 width=840 height=46
ZSETTINGS CONTROL index=103 x=298 y=22 width=840 height=46
ZSETTINGS CONTROL index=104 x=298 y=72 width=840 height=46
ZSETTINGS CONTROL index=105 x=298 y=122 width=840 height=46
ZSETTINGS CONTROL index=106 x=298 y=172 width=840 height=46
ZSETTINGS CONTROL index=107 x=298 y=222 width=840 height=46
ZSETTINGS CONTROL index=108 x=298 y=272 width=840 height=46
ZSETTINGS CONTROL index=109 x=298 y=322 width=840 height=46
ZSETTINGS CONTROL index=110 x=298 y=372 width=840 height=46
ZSETTINGS CONTROL index=111 x=298 y=422 width=840 height=46
ZSETTINGS CONTROL index=112 x=298 y=472 width=840 height=46
ZSETTINGS CONTROL index=113 x=298 y=522 width=840 height=46
ZSETTINGS CONTROL index=114 x=298 y=572 width=840 height=46
ZSETTINGS CONTROL index=115 x=298 y=622 width=840 height=46
ZSETTINGS CONTROL index=116 x=298 y=672 width=840 height=46
ZSETTINGS CONTROL index=117 x=298 y=722 width=840 height=46
ZSETTINGS LAYOUT page=wifi controls=19
ZSETTINGS CONTROL index=1 x=1082 y=-311 width=52 height=32
ZSETTINGS CONTROL index=100 x=298 y=-173 width=840 height=46
ZSETTINGS CONTROL index=101 x=298 y=-123 width=840 height=46
ZSETTINGS CONTROL index=102 x=298 y=-73 width=840 height=46
ZSETTINGS CONTROL index=103 x=298 y=-23 width=840 height=46
ZSETTINGS CONTROL index=104 x=298 y=27 width=840 height=46
ZSETTINGS CONTROL index=105 x=298 y=77 width=840 height=46
ZSETTINGS CONTROL index=106 x=298 y=127 width=840 height=46
ZSETTINGS CONTROL index=107 x=298 y=177 width=840 height=46
ZSETTINGS CONTROL index=108 x=298 y=227 width=840 height=46
ZSETTINGS CONTROL index=109 x=298 y=277 width=840 height=46
ZSETTINGS CONTROL index=110 x=298 y=327 width=840 height=46
ZSETTINGS CONTROL index=111 x=298 y=377 width=840 height=46
ZSETTINGS CONTROL index=112 x=298 y=427 width=840 height=46
ZSETTINGS CONTROL index=113 x=298 y=477 width=840 height=46
ZSETTINGS CONTROL index=114 x=298 y=527 width=840 height=46
ZSETTINGS CONTROL index=115 x=298 y=577 width=840 height=46
ZSETTINGS CONTROL index=116 x=298 y=627 width=840 height=46
ZSETTINGS CONTROL index=117 x=298 y=677 width=840 height=46
ZSETTINGS TOUCH scroll end pane=page scroll=424
KWL TOUCH down client=3 surface=19 contact=0 x=1235 y=611
ZSETTINGS TOUCH scroll start pane=page
ZSETTINGS LAYOUT page=wifi controls=19
ZSETTINGS CONTROL index=1 x=1082 y=-293 width=52 height=32
ZSETTINGS CONTROL index=100 x=298 y=-155 width=840 height=46
ZSETTINGS CONTROL index=101 x=298 y=-105 width=840 height=46
ZSETTINGS CONTROL index=102 x=298 y=-55 width=840 height=46
ZSETTINGS CONTROL index=103 x=298 y=-5 width=840 height=46
ZSETTINGS CONTROL index=104 x=298 y=45 width=840 height=46
ZSETTINGS CONTROL index=105 x=298 y=95 width=840 height=46
ZSETTINGS CONTROL index=106 x=298 y=145 width=840 height=46
ZSETTINGS CONTROL index=107 x=298 y=195 width=840 height=46
ZSETTINGS CONTROL index=108 x=298 y=245 width=840 height=46
ZSETTINGS CONTROL index=109 x=298 y=295 width=840 height=46
ZSETTINGS CONTROL index=110 x=298 y=345 width=840 height=46
ZSETTINGS CONTROL index=111 x=298 y=395 width=840 height=46
ZSETTINGS CONTROL index=112 x=298 y=445 width=840 height=46
ZSETTINGS CONTROL index=113 x=298 y=495 width=840 height=46
ZSETTINGS CONTROL index=114 x=298 y=545 width=840 height=46
ZSETTINGS CONTROL index=115 x=298 y=595 width=840 height=46
ZSETTINGS CONTROL index=116 x=298 y=645 width=840 height=46
ZSETTINGS CONTROL index=117 x=298 y=695 width=840 height=46
ZSETTINGS LAYOUT page=wifi controls=19
ZSETTINGS CONTROL index=1 x=1082 y=-282 width=52 height=32
ZSETTINGS CONTROL index=100 x=298 y=-144 width=840 height=46
ZSETTINGS CONTROL index=101 x=298 y=-94 width=840 height=46
ZSETTINGS CONTROL index=102 x=298 y=-44 width=840 height=46
ZSETTINGS CONTROL index=103 x=298 y=6 width=840 height=46
ZSETTINGS CONTROL index=104 x=298 y=56 width=840 height=46
ZSETTINGS CONTROL index=105 x=298 y=106 width=840 height=46
ZSETTINGS CONTROL index=106 x=298 y=156 width=840 height=46
ZSETTINGS CONTROL index=107 x=298 y=206 width=840 height=46
ZSETTINGS CONTROL index=108 x=298 y=256 width=840 height=46
ZSETTINGS CONTROL index=109 x=298 y=306 width=840 height=46
ZSETTINGS CONTROL index=110 x=298 y=356 width=840 height=46
ZSETTINGS CONTROL index=111 x=298 y=406 width=840 height=46
ZSETTINGS CONTROL index=112 x=298 y=456 width=840 height=46
ZSETTINGS CONTROL index=113 x=298 y=506 width=840 height=46
ZSETTINGS CONTROL index=114 x=298 y=556 width=840 height=46
ZSETTINGS CONTROL index=115 x=298 y=606 width=840 height=46
ZSETTINGS CONTROL index=116 x=298 y=656 width=840 height=46
ZSETTINGS CONTROL index=117 x=298 y=706 width=840 height=46
ZSETTINGS LAYOUT page=wifi controls=19
ZSETTINGS CONTROL index=1 x=1082 y=-253 width=52 height=32
ZSETTINGS CONTROL index=100 x=298 y=-115 width=840 height=46
ZSETTINGS CONTROL index=101 x=298 y=-65 width=840 height=46
ZSETTINGS CONTROL index=102 x=298 y=-15 width=840 height=46
ZSETTINGS CONTROL index=103 x=298 y=35 width=840 height=46
ZSETTINGS CONTROL index=104 x=298 y=85 width=840 height=46
ZSETTINGS CONTROL index=105 x=298 y=135 width=840 height=46
ZSETTINGS CONTROL index=106 x=298 y=185 width=840 height=46
ZSETTINGS CONTROL index=107 x=298 y=235 width=840 height=46
ZSETTINGS CONTROL index=108 x=298 y=285 width=840 height=46
ZSETTINGS CONTROL index=109 x=298 y=335 width=840 height=46
ZSETTINGS CONTROL index=110 x=298 y=385 width=840 height=46
ZSETTINGS CONTROL index=111 x=298 y=435 width=840 height=46
ZSETTINGS CONTROL index=112 x=298 y=485 width=840 height=46
ZSETTINGS CONTROL index=113 x=298 y=535 width=840 height=46
ZSETTINGS CONTROL index=114 x=298 y=585 width=840 height=46
ZSETTINGS CONTROL index=115 x=298 y=635 width=840 height=46
ZSETTINGS CONTROL index=116 x=298 y=685 width=840 height=46
ZSETTINGS CONTROL index=117 x=298 y=735 width=840 height=46
ZSETTINGS LAYOUT page=wifi controls=19
ZSETTINGS CONTROL index=1 x=1082 y=-238 width=52 height=32
ZSETTINGS CONTROL index=100 x=298 y=-100 width=840 height=46
ZSETTINGS CONTROL index=101 x=298 y=-50 width=840 height=46
ZSETTINGS CONTROL index=102 x=298 y=0 width=840 height=46
ZSETTINGS CONTROL index=103 x=298 y=50 width=840 height=46
ZSETTINGS CONTROL index=104 x=298 y=100 width=840 height=46
ZSETTINGS CONTROL index=105 x=298 y=150 width=840 height=46
ZSETTINGS CONTROL index=106 x=298 y=200 width=840 height=46
ZSETTINGS CONTROL index=107 x=298 y=250 width=840 height=46
ZSETTINGS CONTROL index=108 x=298 y=300 width=840 height=46
ZSETTINGS CONTROL index=109 x=298 y=350 width=840 height=46
ZSETTINGS CONTROL index=110 x=298 y=400 width=840 height=46
ZSETTINGS CONTROL index=111 x=298 y=450 width=840 height=46
ZSETTINGS CONTROL index=112 x=298 y=500 width=840 height=46
ZSETTINGS CONTROL index=113 x=298 y=550 width=840 height=46
ZSETTINGS CONTROL index=114 x=298 y=600 width=840 height=46
ZSETTINGS CONTROL index=115 x=298 y=650 width=840 height=46
ZSETTINGS CONTROL index=116 x=298 y=700 width=840 height=46
ZSETTINGS CONTROL index=117 x=298 y=750 width=840 height=46
ZSETTINGS LAYOUT page=wifi controls=19
ZSETTINGS CONTROL index=1 x=1082 y=-202 width=52 height=32
ZSETTINGS CONTROL index=100 x=298 y=-64 width=840 height=46
ZSETTINGS CONTROL index=101 x=298 y=-14 width=840 height=46
ZSETTINGS CONTROL index=102 x=298 y=36 width=840 height=46
ZSETTINGS CONTROL index=103 x=298 y=86 width=840 height=46
ZSETTINGS CONTROL index=104 x=298 y=136 width=840 height=46
ZSETTINGS CONTROL index=105 x=298 y=186 width=840 height=46
ZSETTINGS CONTROL index=106 x=298 y=236 width=840 height=46
ZSETTINGS CONTROL index=107 x=298 y=286 width=840 height=46
ZSETTINGS CONTROL index=108 x=298 y=336 width=840 height=46
ZSETTINGS CONTROL index=109 x=298 y=386 width=840 height=46
ZSETTINGS CONTROL index=110 x=298 y=436 width=840 height=46
ZSETTINGS CONTROL index=111 x=298 y=486 width=840 height=46
ZSETTINGS CONTROL index=112 x=298 y=536 width=840 height=46
ZSETTINGS CONTROL index=113 x=298 y=586 width=840 height=46
ZSETTINGS CONTROL index=114 x=298 y=636 width=840 height=46
ZSETTINGS CONTROL index=115 x=298 y=686 width=840 height=46
ZSETTINGS CONTROL index=116 x=298 y=736 width=840 height=46
ZSETTINGS CONTROL index=117 x=298 y=786 width=840 height=46
ZSETTINGS LAYOUT page=wifi controls=19
ZSETTINGS CONTROL index=1 x=1082 y=-162 width=52 height=32
ZSETTINGS CONTROL index=100 x=298 y=-24 width=840 height=46
ZSETTINGS CONTROL index=101 x=298 y=26 width=840 height=46
ZSETTINGS CONTROL index=102 x=298 y=76 width=840 height=46
ZSETTINGS CONTROL index=103 x=298 y=126 width=840 height=46
ZSETTINGS CONTROL index=104 x=298 y=176 width=840 height=46
ZSETTINGS CONTROL index=105 x=298 y=226 width=840 height=46
ZSETTINGS CONTROL index=106 x=298 y=276 width=840 height=46
ZSETTINGS CONTROL index=107 x=298 y=326 width=840 height=46
ZSETTINGS CONTROL index=108 x=298 y=376 width=840 height=46
ZSETTINGS CONTROL index=109 x=298 y=426 width=840 height=46
ZSETTINGS CONTROL index=110 x=298 y=476 width=840 height=46
ZSETTINGS CONTROL index=111 x=298 y=526 width=840 height=46
ZSETTINGS CONTROL index=112 x=298 y=576 width=840 height=46
ZSETTINGS CONTROL index=113 x=298 y=626 width=840 height=46
ZSETTINGS CONTROL index=114 x=298 y=676 width=840 height=46
ZSETTINGS CONTROL index=115 x=298 y=726 width=840 height=46
ZSETTINGS CONTROL index=116 x=298 y=776 width=840 height=46
ZSETTINGS CONTROL index=117 x=298 y=826 width=840 height=46
ZSETTINGS LAYOUT page=wifi controls=19
ZSETTINGS CONTROL index=1 x=1082 y=-139 width=52 height=32
ZSETTINGS CONTROL index=100 x=298 y=-1 width=840 height=46
ZSETTINGS CONTROL index=101 x=298 y=49 width=840 height=46
ZSETTINGS CONTROL index=102 x=298 y=99 width=840 height=46
ZSETTINGS CONTROL index=103 x=298 y=149 width=840 height=46
ZSETTINGS CONTROL index=104 x=298 y=199 width=840 height=46
ZSETTINGS CONTROL index=105 x=298 y=249 width=840 height=46
ZSETTINGS CONTROL index=106 x=298 y=299 width=840 height=46
ZSETTINGS CONTROL index=107 x=298 y=349 width=840 height=46
ZSETTINGS CONTROL index=108 x=298 y=399 width=840 height=46
ZSETTINGS CONTROL index=109 x=298 y=449 width=840 height=46
ZSETTINGS CONTROL index=110 x=298 y=499 width=840 height=46
ZSETTINGS CONTROL index=111 x=298 y=549 width=840 height=46
ZSETTINGS CONTROL index=112 x=298 y=599 width=840 height=46
ZSETTINGS CONTROL index=113 x=298 y=649 width=840 height=46
ZSETTINGS CONTROL index=114 x=298 y=699 width=840 height=46
ZSETTINGS CONTROL index=115 x=298 y=749 width=840 height=46
ZSETTINGS CONTROL index=116 x=298 y=799 width=840 height=46
ZSETTINGS CONTROL index=117 x=298 y=849 width=840 height=46
ZSETTINGS LAYOUT page=wifi controls=19
ZSETTINGS CONTROL index=1 x=1082 y=-84 width=52 height=32
ZSETTINGS CONTROL index=100 x=298 y=54 width=840 height=46
ZSETTINGS CONTROL index=101 x=298 y=104 width=840 height=46
ZSETTINGS CONTROL index=102 x=298 y=154 width=840 height=46
ZSETTINGS CONTROL index=103 x=298 y=204 width=840 height=46
ZSETTINGS CONTROL index=104 x=298 y=254 width=840 height=46
ZSETTINGS CONTROL index=105 x=298 y=304 width=840 height=46
ZSETTINGS CONTROL index=106 x=298 y=354 width=840 height=46
ZSETTINGS CONTROL index=107 x=298 y=404 width=840 height=46
ZSETTINGS CONTROL index=108 x=298 y=454 width=840 height=46
ZSETTINGS CONTROL index=109 x=298 y=504 width=840 height=46
ZSETTINGS CONTROL index=110 x=298 y=554 width=840 height=46
ZSETTINGS CONTROL index=111 x=298 y=604 width=840 height=46
ZSETTINGS CONTROL index=112 x=298 y=654 width=840 height=46
ZSETTINGS CONTROL index=113 x=298 y=704 width=840 height=46
ZSETTINGS CONTROL index=114 x=298 y=754 width=840 height=46
ZSETTINGS CONTROL index=115 x=298 y=804 width=840 height=46
ZSETTINGS CONTROL index=116 x=298 y=854 width=840 height=46
ZSETTINGS CONTROL index=117 x=298 y=904 width=840 height=46
ZSETTINGS LAYOUT page=wifi controls=19
ZSETTINGS CONTROL index=1 x=1082 y=-22 width=52 height=32
ZSETTINGS CONTROL index=100 x=298 y=116 width=840 height=46
ZSETTINGS CONTROL index=101 x=298 y=166 width=840 height=46
ZSETTINGS CONTROL index=102 x=298 y=216 width=840 height=46
ZSETTINGS CONTROL index=103 x=298 y=266 width=840 height=46
ZSETTINGS CONTROL index=104 x=298 y=316 width=840 height=46
ZSETTINGS CONTROL index=105 x=298 y=366 width=840 height=46
ZSETTINGS CONTROL index=106 x=298 y=416 width=840 height=46
ZSETTINGS CONTROL index=107 x=298 y=466 width=840 height=46
ZSETTINGS CONTROL index=108 x=298 y=516 width=840 height=46
ZSETTINGS CONTROL index=109 x=298 y=566 width=840 height=46
ZSETTINGS CONTROL index=110 x=298 y=616 width=840 height=46
ZSETTINGS CONTROL index=111 x=298 y=666 width=840 height=46
ZSETTINGS CONTROL index=112 x=298 y=716 width=840 height=46
ZSETTINGS CONTROL index=113 x=298 y=766 width=840 height=46
ZSETTINGS CONTROL index=114 x=298 y=816 width=840 height=46
ZSETTINGS CONTROL index=115 x=298 y=866 width=840 height=46
ZSETTINGS CONTROL index=116 x=298 y=916 width=840 height=46
ZSETTINGS CONTROL index=117 x=298 y=966 width=840 height=46
ZSETTINGS LAYOUT page=wifi controls=19
ZSETTINGS CONTROL index=1 x=1082 y=58 width=52 height=32
ZSETTINGS CONTROL index=100 x=298 y=196 width=840 height=46
ZSETTINGS CONTROL index=101 x=298 y=246 width=840 height=46
ZSETTINGS CONTROL index=102 x=298 y=296 width=840 height=46
ZSETTINGS CONTROL index=103 x=298 y=346 width=840 height=46
ZSETTINGS CONTROL index=104 x=298 y=396 width=840 height=46
ZSETTINGS CONTROL index=105 x=298 y=446 width=840 height=46
ZSETTINGS CONTROL index=106 x=298 y=496 width=840 height=46
ZSETTINGS CONTROL index=107 x=298 y=546 width=840 height=46
ZSETTINGS CONTROL index=108 x=298 y=596 width=840 height=46
ZSETTINGS CONTROL index=109 x=298 y=646 width=840 height=46
ZSETTINGS CONTROL index=110 x=298 y=696 width=840 height=46
ZSETTINGS CONTROL index=111 x=298 y=746 width=840 height=46
ZSETTINGS CONTROL index=112 x=298 y=796 width=840 height=46
ZSETTINGS CONTROL index=113 x=298 y=846 width=840 height=46
ZSETTINGS CONTROL index=114 x=298 y=896 width=840 height=46
ZSETTINGS CONTROL index=115 x=298 y=946 width=840 height=46
ZSETTINGS CONTROL index=116 x=298 y=996 width=840 height=46
ZSETTINGS CONTROL index=117 x=298 y=1046 width=840 height=46
ZSETTINGS LAYOUT page=wifi controls=19
ZSETTINGS CONTROL index=1 x=1082 y=113 width=52 height=32
ZSETTINGS CONTROL index=100 x=298 y=251 width=840 height=46
ZSETTINGS CONTROL index=101 x=298 y=301 width=840 height=46
ZSETTINGS CONTROL index=102 x=298 y=351 width=840 height=46
ZSETTINGS CONTROL index=103 x=298 y=401 width=840 height=46
ZSETTINGS CONTROL index=104 x=298 y=451 width=840 height=46
ZSETTINGS CONTROL index=105 x=298 y=501 width=840 height=46
ZSETTINGS CONTROL index=106 x=298 y=551 width=840 height=46
ZSETTINGS CONTROL index=107 x=298 y=601 width=840 height=46
ZSETTINGS CONTROL index=108 x=298 y=651 width=840 height=46
ZSETTINGS CONTROL index=109 x=298 y=701 width=840 height=46
ZSETTINGS CONTROL index=110 x=298 y=751 width=840 height=46
ZSETTINGS CONTROL index=111 x=298 y=801 width=840 height=46
ZSETTINGS CONTROL index=112 x=298 y=851 width=840 height=46
ZSETTINGS CONTROL index=113 x=298 y=901 width=840 height=46
ZSETTINGS CONTROL index=114 x=298 y=951 width=840 height=46
ZSETTINGS CONTROL index=115 x=298 y=1001 width=840 height=46
ZSETTINGS CONTROL index=116 x=298 y=1051 width=840 height=46
ZSETTINGS CONTROL index=117 x=298 y=1101 width=840 height=46
ZSETTINGS TOUCH scroll end pane=page scroll=0
KWL NETWORK state reachable=1 connected=0 kind=none interface= wifi=searching ssid=
KWL SYSTEM result client=3 object=42 request=656 applied=0
KWL DESKTOP focus client=2 surface=19
KWL IME app key=desktop language=direct from=desktop
KWL TOUCH down client=2 surface=19 contact=0 x=1612 y=745
ZFILES TOUCH drag area=1 fingers=1 scroll=0 largest=0
KWL SYSTEM result client=3 object=42 request=657 applied=0
KWL NETWORK scan count=16
ZSETTINGS NETWORK scan count=16
ZSETTINGS LAYOUT page=wifi controls=17
ZSETTINGS CONTROL index=1 x=1082 y=113 width=52 height=32
ZSETTINGS CONTROL index=100 x=298 y=251 width=840 height=46
ZSETTINGS CONTROL index=101 x=298 y=301 width=840 height=46
ZSETTINGS CONTROL index=102 x=298 y=351 width=840 height=46
ZSETTINGS CONTROL index=103 x=298 y=401 width=840 height=46
ZSETTINGS CONTROL index=104 x=298 y=451 width=840 height=46
ZSETTINGS CONTROL index=105 x=298 y=501 width=840 height=46
ZSETTINGS CONTROL index=106 x=298 y=551 width=840 height=46
ZSETTINGS CONTROL index=107 x=298 y=601 width=840 height=46
ZSETTINGS CONTROL index=108 x=298 y=651 width=840 height=46
ZSETTINGS CONTROL index=109 x=298 y=701 width=840 height=46
ZSETTINGS CONTROL index=110 x=298 y=751 width=840 height=46
ZSETTINGS CONTROL index=111 x=298 y=801 width=840 height=46
ZSETTINGS CONTROL index=112 x=298 y=851 width=840 height=46
ZSETTINGS CONTROL index=113 x=298 y=901 width=840 height=46
ZSETTINGS CONTROL index=114 x=298 y=951 width=840 height=46
ZSETTINGS CONTROL index=115 x=298 y=1001 width=840 height=46
KWL SYSTEM result client=3 object=42 request=658 applied=0
ZFILES TOUCH release vy=811 scroll=0
ZFILES TOUCH rest area=1 scroll=0
KWL SYSTEM result client=3 object=42 request=659 applied=0
KWL PERF 5008ms: passes=569 timeouts=427 | poll 89.1% work 10.5%
KWL PERF compose frames=32 draw_ms=14.15 (acquire 0.19 submit+present 13.51) frame_ms=15.08
KWL TOUCH down client=2 surface=19 contact=0 x=961 y=1258
ZFILES TOUCH tap x=961 y=1214 caught=0
ZFILES TOUCH rest area=1 scroll=0
ZFILES DESKTOP band start x=961 y=1214
ZFILES DESKTOP band end first=-1
KWL SYSTEM result client=3 object=42 request=660 applied=0
KWL NETWORK scan count=16
ZSETTINGS NETWORK scan count=16
KWL SYSTEM result client=3 object=42 request=661 applied=0
KWL IME app key=app:settings language=direct from=remembered
KWL DESKTOP unfocus via=press
KWL TOUCH down client=3 surface=19 contact=0 x=786 y=998
KWL SYSTEM result client=3 object=42 request=662 applied=0
KWL SYSTEM result client=3 object=42 request=663 applied=0
ZSETTINGS TOUCH scroll start pane=page
ZSETTINGS LAYOUT page=wifi controls=17
ZSETTINGS CONTROL index=1 x=1082 y=-211 width=52 height=32
ZSETTINGS CONTROL index=100 x=298 y=-73 width=840 height=46
ZSETTINGS CONTROL index=101 x=298 y=-23 width=840 height=46
ZSETTINGS CONTROL index=102 x=298 y=27 width=840 height=46
ZSETTINGS CONTROL index=103 x=298 y=77 width=840 height=46
ZSETTINGS CONTROL index=104 x=298 y=127 width=840 height=46
ZSETTINGS CONTROL index=105 x=298 y=177 width=840 height=46
ZSETTINGS CONTROL index=106 x=298 y=227 width=840 height=46
ZSETTINGS CONTROL index=107 x=298 y=277 width=840 height=46
ZSETTINGS CONTROL index=108 x=298 y=327 width=840 height=46
ZSETTINGS CONTROL index=109 x=298 y=377 width=840 height=46
ZSETTINGS CONTROL index=110 x=298 y=427 width=840 height=46
ZSETTINGS CONTROL index=111 x=298 y=477 width=840 height=46
ZSETTINGS CONTROL index=112 x=298 y=527 width=840 height=46
ZSETTINGS CONTROL index=113 x=298 y=577 width=840 height=46
ZSETTINGS CONTROL index=114 x=298 y=627 width=840 height=46
ZSETTINGS CONTROL index=115 x=298 y=677 width=840 height=46
KWL NETWORK scan count=16
ZSETTINGS NETWORK scan count=16
ZSETTINGS LAYOUT page=wifi controls=17
ZSETTINGS CONTROL index=1 x=1082 y=-202 width=52 height=32
ZSETTINGS CONTROL index=100 x=298 y=-64 width=840 height=46
ZSETTINGS CONTROL index=101 x=298 y=-14 width=840 height=46
ZSETTINGS CONTROL index=102 x=298 y=36 width=840 height=46
ZSETTINGS CONTROL index=103 x=298 y=86 width=840 height=46
ZSETTINGS CONTROL index=104 x=298 y=136 width=840 height=46
ZSETTINGS CONTROL index=105 x=298 y=186 width=840 height=46
ZSETTINGS CONTROL index=106 x=298 y=236 width=840 height=46
ZSETTINGS CONTROL index=107 x=298 y=286 width=840 height=46
ZSETTINGS CONTROL index=108 x=298 y=336 width=840 height=46
ZSETTINGS CONTROL index=109 x=298 y=386 width=840 height=46
ZSETTINGS CONTROL index=110 x=298 y=436 width=840 height=46
ZSETTINGS CONTROL index=111 x=298 y=486 width=840 height=46
ZSETTINGS CONTROL index=112 x=298 y=536 width=840 height=46
ZSETTINGS CONTROL index=113 x=298 y=586 width=840 height=46
ZSETTINGS CONTROL index=114 x=298 y=636 width=840 height=46
ZSETTINGS CONTROL index=115 x=298 y=686 width=840 height=46
ZSETTINGS LAYOUT page=wifi controls=17
ZSETTINGS CONTROL index=1 x=1082 y=-187 width=52 height=32
ZSETTINGS CONTROL index=100 x=298 y=-49 width=840 height=46
ZSETTINGS CONTROL index=101 x=298 y=1 width=840 height=46
ZSETTINGS CONTROL index=102 x=298 y=51 width=840 height=46
ZSETTINGS CONTROL index=103 x=298 y=101 width=840 height=46
ZSETTINGS CONTROL index=104 x=298 y=151 width=840 height=46
ZSETTINGS CONTROL index=105 x=298 y=201 width=840 height=46
ZSETTINGS CONTROL index=106 x=298 y=251 width=840 height=46
ZSETTINGS CONTROL index=107 x=298 y=301 width=840 height=46
ZSETTINGS CONTROL index=108 x=298 y=351 width=840 height=46
ZSETTINGS CONTROL index=109 x=298 y=401 width=840 height=46
ZSETTINGS CONTROL index=110 x=298 y=451 width=840 height=46
ZSETTINGS CONTROL index=111 x=298 y=501 width=840 height=46
ZSETTINGS CONTROL index=112 x=298 y=551 width=840 height=46
ZSETTINGS CONTROL index=113 x=298 y=601 width=840 height=46
ZSETTINGS CONTROL index=114 x=298 y=651 width=840 height=46
ZSETTINGS CONTROL index=115 x=298 y=701 width=840 height=46
ZSETTINGS LAYOUT page=wifi controls=17
ZSETTINGS CONTROL index=1 x=1082 y=-173 width=52 height=32
ZSETTINGS CONTROL index=100 x=298 y=-35 width=840 height=46
ZSETTINGS CONTROL index=101 x=298 y=15 width=840 height=46
ZSETTINGS CONTROL index=102 x=298 y=65 width=840 height=46
ZSETTINGS CONTROL index=103 x=298 y=115 width=840 height=46
ZSETTINGS CONTROL index=104 x=298 y=165 width=840 height=46
ZSETTINGS CONTROL index=105 x=298 y=215 width=840 height=46
ZSETTINGS CONTROL index=106 x=298 y=265 width=840 height=46
ZSETTINGS CONTROL index=107 x=298 y=315 width=840 height=46
ZSETTINGS CONTROL index=108 x=298 y=365 width=840 height=46
ZSETTINGS CONTROL index=109 x=298 y=415 width=840 height=46
ZSETTINGS CONTROL index=110 x=298 y=465 width=840 height=46
ZSETTINGS CONTROL index=111 x=298 y=515 width=840 height=46
ZSETTINGS CONTROL index=112 x=298 y=565 width=840 height=46
ZSETTINGS CONTROL index=113 x=298 y=615 width=840 height=46
ZSETTINGS CONTROL index=114 x=298 y=665 width=840 height=46
ZSETTINGS CONTROL index=115 x=298 y=715 width=840 height=46
ZSETTINGS LAYOUT page=wifi controls=17
ZSETTINGS CONTROL index=1 x=1082 y=-133 width=52 height=32
ZSETTINGS CONTROL index=100 x=298 y=5 width=840 height=46
ZSETTINGS CONTROL index=101 x=298 y=55 width=840 height=46
ZSETTINGS CONTROL index=102 x=298 y=105 width=840 height=46
ZSETTINGS CONTROL index=103 x=298 y=155 width=840 height=46
ZSETTINGS CONTROL index=104 x=298 y=205 width=840 height=46
ZSETTINGS CONTROL index=105 x=298 y=255 width=840 height=46
ZSETTINGS CONTROL index=106 x=298 y=305 width=840 height=46
ZSETTINGS CONTROL index=107 x=298 y=355 width=840 height=46
ZSETTINGS CONTROL index=108 x=298 y=405 width=840 height=46
ZSETTINGS CONTROL index=109 x=298 y=455 width=840 height=46
ZSETTINGS CONTROL index=110 x=298 y=505 width=840 height=46
ZSETTINGS CONTROL index=111 x=298 y=555 width=840 height=46
ZSETTINGS CONTROL index=112 x=298 y=605 width=840 height=46
ZSETTINGS CONTROL index=113 x=298 y=655 width=840 height=46
ZSETTINGS CONTROL index=114 x=298 y=705 width=840 height=46
ZSETTINGS CONTROL index=115 x=298 y=755 width=840 height=46
ZSETTINGS LAYOUT page=wifi controls=17
ZSETTINGS CONTROL index=1 x=1082 y=-119 width=52 height=32
ZSETTINGS CONTROL index=100 x=298 y=19 width=840 height=46
ZSETTINGS CONTROL index=101 x=298 y=69 width=840 height=46
ZSETTINGS CONTROL index=102 x=298 y=119 width=840 height=46
ZSETTINGS CONTROL index=103 x=298 y=169 width=840 height=46
ZSETTINGS CONTROL index=104 x=298 y=219 width=840 height=46
ZSETTINGS CONTROL index=105 x=298 y=269 width=840 height=46
ZSETTINGS CONTROL index=106 x=298 y=319 width=840 height=46
ZSETTINGS CONTROL index=107 x=298 y=369 width=840 height=46
ZSETTINGS CONTROL index=108 x=298 y=419 width=840 height=46
ZSETTINGS CONTROL index=109 x=298 y=469 width=840 height=46
ZSETTINGS CONTROL index=110 x=298 y=519 width=840 height=46
ZSETTINGS CONTROL index=111 x=298 y=569 width=840 height=46
ZSETTINGS CONTROL index=112 x=298 y=619 width=840 height=46
ZSETTINGS CONTROL index=113 x=298 y=669 width=840 height=46
ZSETTINGS CONTROL index=114 x=298 y=719 width=840 height=46
ZSETTINGS CONTROL index=115 x=298 y=769 width=840 height=46
ZSETTINGS LAYOUT page=wifi controls=17
ZSETTINGS CONTROL index=1 x=1082 y=-90 width=52 height=32
ZSETTINGS CONTROL index=100 x=298 y=48 width=840 height=46
ZSETTINGS CONTROL index=101 x=298 y=98 width=840 height=46
ZSETTINGS CONTROL index=102 x=298 y=148 width=840 height=46
ZSETTINGS CONTROL index=103 x=298 y=198 width=840 height=46
ZSETTINGS CONTROL index=104 x=298 y=248 width=840 height=46
ZSETTINGS CONTROL index=105 x=298 y=298 width=840 height=46
ZSETTINGS CONTROL index=106 x=298 y=348 width=840 height=46
ZSETTINGS CONTROL index=107 x=298 y=398 width=840 height=46
ZSETTINGS CONTROL index=108 x=298 y=448 width=840 height=46
ZSETTINGS CONTROL index=109 x=298 y=498 width=840 height=46
ZSETTINGS CONTROL index=110 x=298 y=548 width=840 height=46
ZSETTINGS CONTROL index=111 x=298 y=598 width=840 height=46
ZSETTINGS CONTROL index=112 x=298 y=648 width=840 height=46
ZSETTINGS CONTROL index=113 x=298 y=698 width=840 height=46
ZSETTINGS CONTROL index=114 x=298 y=748 width=840 height=46
ZSETTINGS CONTROL index=115 x=298 y=798 width=840 height=46
ZSETTINGS LAYOUT page=wifi controls=17
ZSETTINGS CONTROL index=1 x=1082 y=-76 width=52 height=32
ZSETTINGS CONTROL index=100 x=298 y=62 width=840 height=46
ZSETTINGS CONTROL index=101 x=298 y=112 width=840 height=46
ZSETTINGS CONTROL index=102 x=298 y=162 width=840 height=46
ZSETTINGS CONTROL index=103 x=298 y=212 width=840 height=46
ZSETTINGS CONTROL index=104 x=298 y=262 width=840 height=46
ZSETTINGS CONTROL index=105 x=298 y=312 width=840 height=46
ZSETTINGS CONTROL index=106 x=298 y=362 width=840 height=46
ZSETTINGS CONTROL index=107 x=298 y=412 width=840 height=46
ZSETTINGS CONTROL index=108 x=298 y=462 width=840 height=46
ZSETTINGS CONTROL index=109 x=298 y=512 width=840 height=46
ZSETTINGS CONTROL index=110 x=298 y=562 width=840 height=46
ZSETTINGS CONTROL index=111 x=298 y=612 width=840 height=46
ZSETTINGS CONTROL index=112 x=298 y=662 width=840 height=46
ZSETTINGS CONTROL index=113 x=298 y=712 width=840 height=46
ZSETTINGS CONTROL index=114 x=298 y=762 width=840 height=46
ZSETTINGS CONTROL index=115 x=298 y=812 width=840 height=46
ZSETTINGS LAYOUT page=wifi controls=17
ZSETTINGS CONTROL index=1 x=1082 y=-50 width=52 height=32
ZSETTINGS CONTROL index=100 x=298 y=88 width=840 height=46
ZSETTINGS CONTROL index=101 x=298 y=138 width=840 height=46
ZSETTINGS CONTROL index=102 x=298 y=188 width=840 height=46
ZSETTINGS CONTROL index=103 x=298 y=238 width=840 height=46
ZSETTINGS CONTROL index=104 x=298 y=288 width=840 height=46
ZSETTINGS CONTROL index=105 x=298 y=338 width=840 height=46
ZSETTINGS CONTROL index=106 x=298 y=388 width=840 height=46
ZSETTINGS CONTROL index=107 x=298 y=438 width=840 height=46
ZSETTINGS CONTROL index=108 x=298 y=488 width=840 height=46
ZSETTINGS CONTROL index=109 x=298 y=538 width=840 height=46
ZSETTINGS CONTROL index=110 x=298 y=588 width=840 height=46
ZSETTINGS CONTROL index=111 x=298 y=638 width=840 height=46
ZSETTINGS CONTROL index=112 x=298 y=688 width=840 height=46
ZSETTINGS CONTROL index=113 x=298 y=738 width=840 height=46
ZSETTINGS CONTROL index=114 x=298 y=788 width=840 height=46
ZSETTINGS CONTROL index=115 x=298 y=838 width=840 height=46
ZSETTINGS LAYOUT page=wifi controls=17
ZSETTINGS CONTROL index=1 x=1082 y=-26 width=52 height=32
ZSETTINGS CONTROL index=100 x=298 y=112 width=840 height=46
ZSETTINGS CONTROL index=101 x=298 y=162 width=840 height=46
ZSETTINGS CONTROL index=102 x=298 y=212 width=840 height=46
ZSETTINGS CONTROL index=103 x=298 y=262 width=840 height=46
ZSETTINGS CONTROL index=104 x=298 y=312 width=840 height=46
ZSETTINGS CONTROL index=105 x=298 y=362 width=840 height=46
ZSETTINGS CONTROL index=106 x=298 y=412 width=840 height=46
ZSETTINGS CONTROL index=107 x=298 y=462 width=840 height=46
ZSETTINGS CONTROL index=108 x=298 y=512 width=840 height=46
ZSETTINGS CONTROL index=109 x=298 y=562 width=840 height=46
ZSETTINGS CONTROL index=110 x=298 y=612 width=840 height=46
ZSETTINGS CONTROL index=111 x=298 y=662 width=840 height=46
ZSETTINGS CONTROL index=112 x=298 y=712 width=840 height=46
ZSETTINGS CONTROL index=113 x=298 y=762 width=840 height=46
ZSETTINGS CONTROL index=114 x=298 y=812 width=840 height=46
ZSETTINGS CONTROL index=115 x=298 y=862 width=840 height=46
ZSETTINGS LAYOUT page=wifi controls=17
ZSETTINGS CONTROL index=1 x=1082 y=-16 width=52 height=32
ZSETTINGS CONTROL index=100 x=298 y=122 width=840 height=46
ZSETTINGS CONTROL index=101 x=298 y=172 width=840 height=46
ZSETTINGS CONTROL index=102 x=298 y=222 width=840 height=46
ZSETTINGS CONTROL index=103 x=298 y=272 width=840 height=46
ZSETTINGS CONTROL index=104 x=298 y=322 width=840 height=46
ZSETTINGS CONTROL index=105 x=298 y=372 width=840 height=46
ZSETTINGS CONTROL index=106 x=298 y=422 width=840 height=46
ZSETTINGS CONTROL index=107 x=298 y=472 width=840 height=46
ZSETTINGS CONTROL index=108 x=298 y=522 width=840 height=46
ZSETTINGS CONTROL index=109 x=298 y=572 width=840 height=46
ZSETTINGS CONTROL index=110 x=298 y=622 width=840 height=46
ZSETTINGS CONTROL index=111 x=298 y=672 width=840 height=46
ZSETTINGS CONTROL index=112 x=298 y=722 width=840 height=46
ZSETTINGS CONTROL index=113 x=298 y=772 width=840 height=46
ZSETTINGS CONTROL index=114 x=298 y=822 width=840 height=46
ZSETTINGS CONTROL index=115 x=298 y=872 width=840 height=46
ZSETTINGS LAYOUT page=wifi controls=17
ZSETTINGS CONTROL index=1 x=1082 y=13 width=52 height=32
ZSETTINGS CONTROL index=100 x=298 y=151 width=840 height=46
ZSETTINGS CONTROL index=101 x=298 y=201 width=840 height=46
ZSETTINGS CONTROL index=102 x=298 y=251 width=840 height=46
ZSETTINGS CONTROL index=103 x=298 y=301 width=840 height=46
ZSETTINGS CONTROL index=104 x=298 y=351 width=840 height=46
ZSETTINGS CONTROL index=105 x=298 y=401 width=840 height=46
ZSETTINGS CONTROL index=106 x=298 y=451 width=840 height=46
ZSETTINGS CONTROL index=107 x=298 y=501 width=840 height=46
ZSETTINGS CONTROL index=108 x=298 y=551 width=840 height=46
ZSETTINGS CONTROL index=109 x=298 y=601 width=840 height=46
ZSETTINGS CONTROL index=110 x=298 y=651 width=840 height=46
ZSETTINGS CONTROL index=111 x=298 y=701 width=840 height=46
ZSETTINGS CONTROL index=112 x=298 y=751 width=840 height=46
ZSETTINGS CONTROL index=113 x=298 y=801 width=840 height=46
ZSETTINGS CONTROL index=114 x=298 y=851 width=840 height=46
ZSETTINGS CONTROL index=115 x=298 y=901 width=840 height=46
ZSETTINGS LAYOUT page=wifi controls=17
ZSETTINGS CONTROL index=1 x=1082 y=21 width=52 height=32
ZSETTINGS CONTROL index=100 x=298 y=159 width=840 height=46
ZSETTINGS CONTROL index=101 x=298 y=209 width=840 height=46
ZSETTINGS CONTROL index=102 x=298 y=259 width=840 height=46
ZSETTINGS CONTROL index=103 x=298 y=309 width=840 height=46
ZSETTINGS CONTROL index=104 x=298 y=359 width=840 height=46
ZSETTINGS CONTROL index=105 x=298 y=409 width=840 height=46
ZSETTINGS CONTROL index=106 x=298 y=459 width=840 height=46
ZSETTINGS CONTROL index=107 x=298 y=509 width=840 height=46
ZSETTINGS CONTROL index=108 x=298 y=559 width=840 height=46
ZSETTINGS CONTROL index=109 x=298 y=609 width=840 height=46
ZSETTINGS CONTROL index=110 x=298 y=659 width=840 height=46
ZSETTINGS CONTROL index=111 x=298 y=709 width=840 height=46
ZSETTINGS CONTROL index=112 x=298 y=759 width=840 height=46
ZSETTINGS CONTROL index=113 x=298 y=809 width=840 height=46
ZSETTINGS CONTROL index=114 x=298 y=859 width=840 height=46
ZSETTINGS CONTROL index=115 x=298 y=909 width=840 height=46
ZSETTINGS LAYOUT page=wifi controls=17
ZSETTINGS CONTROL index=1 x=1082 y=39 width=52 height=32
ZSETTINGS CONTROL index=100 x=298 y=177 width=840 height=46
ZSETTINGS CONTROL index=101 x=298 y=227 width=840 height=46
ZSETTINGS CONTROL index=102 x=298 y=277 width=840 height=46
ZSETTINGS CONTROL index=103 x=298 y=327 width=840 height=46
ZSETTINGS CONTROL index=104 x=298 y=377 width=840 height=46
ZSETTINGS CONTROL index=105 x=298 y=427 width=840 height=46
ZSETTINGS CONTROL index=106 x=298 y=477 width=840 height=46
ZSETTINGS CONTROL index=107 x=298 y=527 width=840 height=46
ZSETTINGS CONTROL index=108 x=298 y=577 width=840 height=46
ZSETTINGS CONTROL index=109 x=298 y=627 width=840 height=46
ZSETTINGS CONTROL index=110 x=298 y=677 width=840 height=46
ZSETTINGS CONTROL index=111 x=298 y=727 width=840 height=46
ZSETTINGS CONTROL index=112 x=298 y=777 width=840 height=46
ZSETTINGS CONTROL index=113 x=298 y=827 width=840 height=46
ZSETTINGS CONTROL index=114 x=298 y=877 width=840 height=46
ZSETTINGS CONTROL index=115 x=298 y=927 width=840 height=46
ZSETTINGS LAYOUT page=wifi controls=17
ZSETTINGS CONTROL index=1 x=1082 y=45 width=52 height=32
ZSETTINGS CONTROL index=100 x=298 y=183 width=840 height=46
ZSETTINGS CONTROL index=101 x=298 y=233 width=840 height=46
ZSETTINGS CONTROL index=102 x=298 y=283 width=840 height=46
ZSETTINGS CONTROL index=103 x=298 y=333 width=840 height=46
ZSETTINGS CONTROL index=104 x=298 y=383 width=840 height=46
ZSETTINGS CONTROL index=105 x=298 y=433 width=840 height=46
ZSETTINGS CONTROL index=106 x=298 y=483 width=840 height=46
ZSETTINGS CONTROL index=107 x=298 y=533 width=840 height=46
ZSETTINGS CONTROL index=108 x=298 y=583 width=840 height=46
ZSETTINGS CONTROL index=109 x=298 y=633 width=840 height=46
ZSETTINGS CONTROL index=110 x=298 y=683 width=840 height=46
ZSETTINGS CONTROL index=111 x=298 y=733 width=840 height=46
ZSETTINGS CONTROL index=112 x=298 y=783 width=840 height=46
ZSETTINGS CONTROL index=113 x=298 y=833 width=840 height=46
ZSETTINGS CONTROL index=114 x=298 y=883 width=840 height=46
ZSETTINGS CONTROL index=115 x=298 y=933 width=840 height=46
ZSETTINGS LAYOUT page=wifi controls=17
ZSETTINGS CONTROL index=1 x=1082 y=47 width=52 height=32
ZSETTINGS CONTROL index=100 x=298 y=185 width=840 height=46
ZSETTINGS CONTROL index=101 x=298 y=235 width=840 height=46
ZSETTINGS CONTROL index=102 x=298 y=285 width=840 height=46
ZSETTINGS CONTROL index=103 x=298 y=335 width=840 height=46
ZSETTINGS CONTROL index=104 x=298 y=385 width=840 height=46
ZSETTINGS CONTROL index=105 x=298 y=435 width=840 height=46
ZSETTINGS CONTROL index=106 x=298 y=485 width=840 height=46
ZSETTINGS CONTROL index=107 x=298 y=535 width=840 height=46
ZSETTINGS CONTROL index=108 x=298 y=585 width=840 height=46
ZSETTINGS CONTROL index=109 x=298 y=635 width=840 height=46
ZSETTINGS CONTROL index=110 x=298 y=685 width=840 height=46
ZSETTINGS CONTROL index=111 x=298 y=735 width=840 height=46
ZSETTINGS CONTROL index=112 x=298 y=785 width=840 height=46
ZSETTINGS CONTROL index=113 x=298 y=835 width=840 height=46
ZSETTINGS CONTROL index=114 x=298 y=885 width=840 height=46
ZSETTINGS CONTROL index=115 x=298 y=935 width=840 height=46
ZSETTINGS LAYOUT page=wifi controls=17
ZSETTINGS CONTROL index=1 x=1082 y=48 width=52 height=32
ZSETTINGS CONTROL index=100 x=298 y=186 width=840 height=46
ZSETTINGS CONTROL index=101 x=298 y=236 width=840 height=46
ZSETTINGS CONTROL index=102 x=298 y=286 width=840 height=46
ZSETTINGS CONTROL index=103 x=298 y=336 width=840 height=46
ZSETTINGS CONTROL index=104 x=298 y=386 width=840 height=46
ZSETTINGS CONTROL index=105 x=298 y=436 width=840 height=46
ZSETTINGS CONTROL index=106 x=298 y=486 width=840 height=46
ZSETTINGS CONTROL index=107 x=298 y=536 width=840 height=46
ZSETTINGS CONTROL index=108 x=298 y=586 width=840 height=46
ZSETTINGS CONTROL index=109 x=298 y=636 width=840 height=46
ZSETTINGS CONTROL index=110 x=298 y=686 width=840 height=46
ZSETTINGS CONTROL index=111 x=298 y=736 width=840 height=46
ZSETTINGS CONTROL index=112 x=298 y=786 width=840 height=46
ZSETTINGS CONTROL index=113 x=298 y=836 width=840 height=46
ZSETTINGS CONTROL index=114 x=298 y=886 width=840 height=46
ZSETTINGS CONTROL index=115 x=298 y=936 width=840 height=46
ZSETTINGS LAYOUT page=wifi controls=17
ZSETTINGS CONTROL index=1 x=1082 y=50 width=52 height=32
ZSETTINGS CONTROL index=100 x=298 y=188 width=840 height=46
ZSETTINGS CONTROL index=101 x=298 y=238 width=840 height=46
ZSETTINGS CONTROL index=102 x=298 y=288 width=840 height=46
ZSETTINGS CONTROL index=103 x=298 y=338 width=840 height=46
ZSETTINGS CONTROL index=104 x=298 y=388 width=840 height=46
ZSETTINGS CONTROL index=105 x=298 y=438 width=840 height=46
ZSETTINGS CONTROL index=106 x=298 y=488 width=840 height=46
ZSETTINGS CONTROL index=107 x=298 y=538 width=840 height=46
ZSETTINGS CONTROL index=108 x=298 y=588 width=840 height=46
ZSETTINGS CONTROL index=109 x=298 y=638 width=840 height=46
ZSETTINGS CONTROL index=110 x=298 y=688 width=840 height=46
ZSETTINGS CONTROL index=111 x=298 y=738 width=840 height=46
ZSETTINGS CONTROL index=112 x=298 y=788 width=840 height=46
ZSETTINGS CONTROL index=113 x=298 y=838 width=840 height=46
ZSETTINGS CONTROL index=114 x=298 y=888 width=840 height=46
ZSETTINGS CONTROL index=115 x=298 y=938 width=840 height=46
ZSETTINGS LAYOUT page=wifi controls=17
ZSETTINGS CONTROL index=1 x=1082 y=52 width=52 height=32
ZSETTINGS CONTROL index=100 x=298 y=190 width=840 height=46
ZSETTINGS CONTROL index=101 x=298 y=240 width=840 height=46
ZSETTINGS CONTROL index=102 x=298 y=290 width=840 height=46
ZSETTINGS CONTROL index=103 x=298 y=340 width=840 height=46
ZSETTINGS CONTROL index=104 x=298 y=390 width=840 height=46
ZSETTINGS CONTROL index=105 x=298 y=440 width=840 height=46
ZSETTINGS CONTROL index=106 x=298 y=490 width=840 height=46
ZSETTINGS CONTROL index=107 x=298 y=540 width=840 height=46
ZSETTINGS CONTROL index=108 x=298 y=590 width=840 height=46
ZSETTINGS CONTROL index=109 x=298 y=640 width=840 height=46
ZSETTINGS CONTROL index=110 x=298 y=690 width=840 height=46
ZSETTINGS CONTROL index=111 x=298 y=740 width=840 height=46
ZSETTINGS CONTROL index=112 x=298 y=790 width=840 height=46
ZSETTINGS CONTROL index=113 x=298 y=840 width=840 height=46
ZSETTINGS CONTROL index=114 x=298 y=890 width=840 height=46
ZSETTINGS CONTROL index=115 x=298 y=940 width=840 height=46
ZSETTINGS LAYOUT page=wifi controls=17
ZSETTINGS CONTROL index=1 x=1082 y=36 width=52 height=32
ZSETTINGS CONTROL index=100 x=298 y=174 width=840 height=46
ZSETTINGS CONTROL index=101 x=298 y=224 width=840 height=46
ZSETTINGS CONTROL index=102 x=298 y=274 width=840 height=46
ZSETTINGS CONTROL index=103 x=298 y=324 width=840 height=46
ZSETTINGS CONTROL index=104 x=298 y=374 width=840 height=46
ZSETTINGS CONTROL index=105 x=298 y=424 width=840 height=46
ZSETTINGS CONTROL index=106 x=298 y=474 width=840 height=46
ZSETTINGS CONTROL index=107 x=298 y=524 width=840 height=46
ZSETTINGS CONTROL index=108 x=298 y=574 width=840 height=46
ZSETTINGS CONTROL index=109 x=298 y=624 width=840 height=46
ZSETTINGS CONTROL index=110 x=298 y=674 width=840 height=46
ZSETTINGS CONTROL index=111 x=298 y=724 width=840 height=46
ZSETTINGS CONTROL index=112 x=298 y=774 width=840 height=46
ZSETTINGS CONTROL index=113 x=298 y=824 width=840 height=46
ZSETTINGS CONTROL index=114 x=298 y=874 width=840 height=46
ZSETTINGS CONTROL index=115 x=298 y=924 width=840 height=46
ZSETTINGS LAYOUT page=wifi controls=17
ZSETTINGS CONTROL index=1 x=1082 y=13 width=52 height=32
ZSETTINGS CONTROL index=100 x=298 y=151 width=840 height=46
ZSETTINGS CONTROL index=101 x=298 y=201 width=840 height=46
ZSETTINGS CONTROL index=102 x=298 y=251 width=840 height=46
ZSETTINGS CONTROL index=103 x=298 y=301 width=840 height=46
ZSETTINGS CONTROL index=104 x=298 y=351 width=840 height=46
ZSETTINGS CONTROL index=105 x=298 y=401 width=840 height=46
ZSETTINGS CONTROL index=106 x=298 y=451 width=840 height=46
ZSETTINGS CONTROL index=107 x=298 y=501 width=840 height=46
ZSETTINGS CONTROL index=108 x=298 y=551 width=840 height=46
ZSETTINGS CONTROL index=109 x=298 y=601 width=840 height=46
ZSETTINGS CONTROL index=110 x=298 y=651 width=840 height=46
ZSETTINGS CONTROL index=111 x=298 y=701 width=840 height=46
ZSETTINGS CONTROL index=112 x=298 y=751 width=840 height=46
ZSETTINGS CONTROL index=113 x=298 y=801 width=840 height=46
ZSETTINGS CONTROL index=114 x=298 y=851 width=840 height=46
ZSETTINGS CONTROL index=115 x=298 y=901 width=840 height=46
ZSETTINGS LAYOUT page=wifi controls=17
ZSETTINGS CONTROL index=1 x=1082 y=-1 width=52 height=32
ZSETTINGS CONTROL index=100 x=298 y=137 width=840 height=46
ZSETTINGS CONTROL index=101 x=298 y=187 width=840 height=46
ZSETTINGS CONTROL index=102 x=298 y=237 width=840 height=46
ZSETTINGS CONTROL index=103 x=298 y=287 width=840 height=46
ZSETTINGS CONTROL index=104 x=298 y=337 width=840 height=46
ZSETTINGS CONTROL index=105 x=298 y=387 width=840 height=46
ZSETTINGS CONTROL index=106 x=298 y=437 width=840 height=46
ZSETTINGS CONTROL index=107 x=298 y=487 width=840 height=46
ZSETTINGS CONTROL index=108 x=298 y=537 width=840 height=46
ZSETTINGS CONTROL index=109 x=298 y=587 width=840 height=46
ZSETTINGS CONTROL index=110 x=298 y=637 width=840 height=46
ZSETTINGS CONTROL index=111 x=298 y=687 width=840 height=46
ZSETTINGS CONTROL index=112 x=298 y=737 width=840 height=46
ZSETTINGS CONTROL index=113 x=298 y=787 width=840 height=46
ZSETTINGS CONTROL index=114 x=298 y=837 width=840 height=46
ZSETTINGS CONTROL index=115 x=298 y=887 width=840 height=46
ZSETTINGS LAYOUT page=wifi controls=17
ZSETTINGS CONTROL index=1 x=1082 y=-37 width=52 height=32
ZSETTINGS CONTROL index=100 x=298 y=101 width=840 height=46
ZSETTINGS CONTROL index=101 x=298 y=151 width=840 height=46
ZSETTINGS CONTROL index=102 x=298 y=201 width=840 height=46
ZSETTINGS CONTROL index=103 x=298 y=251 width=840 height=46
ZSETTINGS CONTROL index=104 x=298 y=301 width=840 height=46
ZSETTINGS CONTROL index=105 x=298 y=351 width=840 height=46
ZSETTINGS CONTROL index=106 x=298 y=401 width=840 height=46
ZSETTINGS CONTROL index=107 x=298 y=451 width=840 height=46
ZSETTINGS CONTROL index=108 x=298 y=501 width=840 height=46
ZSETTINGS CONTROL index=109 x=298 y=551 width=840 height=46
ZSETTINGS CONTROL index=110 x=298 y=601 width=840 height=46
ZSETTINGS CONTROL index=111 x=298 y=651 width=840 height=46
ZSETTINGS CONTROL index=112 x=298 y=701 width=840 height=46
ZSETTINGS CONTROL index=113 x=298 y=751 width=840 height=46
ZSETTINGS CONTROL index=114 x=298 y=801 width=840 height=46
ZSETTINGS CONTROL index=115 x=298 y=851 width=840 height=46
ZSETTINGS LAYOUT page=wifi controls=17
ZSETTINGS CONTROL index=1 x=1082 y=-81 width=52 height=32
ZSETTINGS CONTROL index=100 x=298 y=57 width=840 height=46
ZSETTINGS CONTROL index=101 x=298 y=107 width=840 height=46
ZSETTINGS CONTROL index=102 x=298 y=157 width=840 height=46
ZSETTINGS CONTROL index=103 x=298 y=207 width=840 height=46
ZSETTINGS CONTROL index=104 x=298 y=257 width=840 height=46
ZSETTINGS CONTROL index=105 x=298 y=307 width=840 height=46
ZSETTINGS CONTROL index=106 x=298 y=357 width=840 height=46
ZSETTINGS CONTROL index=107 x=298 y=407 width=840 height=46
ZSETTINGS CONTROL index=108 x=298 y=457 width=840 height=46
ZSETTINGS CONTROL index=109 x=298 y=507 width=840 height=46
ZSETTINGS CONTROL index=110 x=298 y=557 width=840 height=46
ZSETTINGS CONTROL index=111 x=298 y=607 width=840 height=46
ZSETTINGS CONTROL index=112 x=298 y=657 width=840 height=46
ZSETTINGS CONTROL index=113 x=298 y=707 width=840 height=46
ZSETTINGS CONTROL index=114 x=298 y=757 width=840 height=46
ZSETTINGS CONTROL index=115 x=298 y=807 width=840 height=46
ZSETTINGS LAYOUT page=wifi controls=17
ZSETTINGS CONTROL index=1 x=1082 y=-135 width=52 height=32
ZSETTINGS CONTROL index=100 x=298 y=3 width=840 height=46
ZSETTINGS CONTROL index=101 x=298 y=53 width=840 height=46
ZSETTINGS CONTROL index=102 x=298 y=103 width=840 height=46
ZSETTINGS CONTROL index=103 x=298 y=153 width=840 height=46
ZSETTINGS CONTROL index=104 x=298 y=203 width=840 height=46
ZSETTINGS CONTROL index=105 x=298 y=253 width=840 height=46
ZSETTINGS CONTROL index=106 x=298 y=303 width=840 height=46
ZSETTINGS CONTROL index=107 x=298 y=353 width=840 height=46
ZSETTINGS CONTROL index=108 x=298 y=403 width=840 height=46
ZSETTINGS CONTROL index=109 x=298 y=453 width=840 height=46
ZSETTINGS CONTROL index=110 x=298 y=503 width=840 height=46
ZSETTINGS CONTROL index=111 x=298 y=553 width=840 height=46
ZSETTINGS CONTROL index=112 x=298 y=603 width=840 height=46
ZSETTINGS CONTROL index=113 x=298 y=653 width=840 height=46
ZSETTINGS CONTROL index=114 x=298 y=703 width=840 height=46
ZSETTINGS CONTROL index=115 x=298 y=753 width=840 height=46
ZSETTINGS TOUCH scroll end pane=page scroll=277
ZSETTINGS LAYOUT page=wifi controls=17
ZSETTINGS CONTROL index=1 x=1082 y=-164 width=52 height=32
ZSETTINGS CONTROL index=100 x=298 y=-26 width=840 height=46
ZSETTINGS CONTROL index=101 x=298 y=24 width=840 height=46
ZSETTINGS CONTROL index=102 x=298 y=74 width=840 height=46
ZSETTINGS CONTROL index=103 x=298 y=124 width=840 height=46
ZSETTINGS CONTROL index=104 x=298 y=174 width=840 height=46
ZSETTINGS CONTROL index=105 x=298 y=224 width=840 height=46
ZSETTINGS CONTROL index=106 x=298 y=274 width=840 height=46
ZSETTINGS CONTROL index=107 x=298 y=324 width=840 height=46
ZSETTINGS CONTROL index=108 x=298 y=374 width=840 height=46
ZSETTINGS CONTROL index=109 x=298 y=424 width=840 height=46
ZSETTINGS CONTROL index=110 x=298 y=474 width=840 height=46
ZSETTINGS CONTROL index=111 x=298 y=524 width=840 height=46
ZSETTINGS CONTROL index=112 x=298 y=574 width=840 height=46
ZSETTINGS CONTROL index=113 x=298 y=624 width=840 height=46
ZSETTINGS CONTROL index=114 x=298 y=674 width=840 height=46
ZSETTINGS CONTROL index=115 x=298 y=724 width=840 height=46
KWL TOUCH down client=3 surface=19 contact=0 x=399 y=828
KWL SYSTEM result client=3 object=42 request=664 applied=0
ZSETTINGS TOUCH scroll start pane=list
KWL PERF 5003ms: passes=553 timeouts=412 | poll 86.0% work 13.5%
KWL PERF compose frames=42 draw_ms=14.24 (acquire 0.35 submit+present 13.44) frame_ms=15.25
ZSETTINGS TOUCH scroll end pane=list scroll=13
KWL TOUCH down client=3 surface=19 contact=0 x=453 y=516
ZSETTINGS PAGE vpn
ZSETTINGS NETWORK scanning on=0 renew=0 errno=0
ZSETTINGS TITLEBAR state back=1 forward=0 parts=2 last=VPN sidebar=1 query= focus=0
ZSETTINGS MENU state back=1 forward=0 sidebar=1 page=vpn
ZSETTINGS LAYOUT page=vpn controls=0
KWL NETWORK scan holders=0
KWL SYSTEM scanning client=3 id=42 on=0
KWL TITLEBAR commit client=3 titlebar=69 serial=19 mode=1 controls=6 tabs=0 generation=19
KWL TITLEBAR commit client=3 titlebar=69 serial=20 mode=1 controls=6 tabs=0 generation=20
KWL MENU commit client=3 menu=67 serial=13 items=41 generation=13
KWL MENU commit client=3 menu=67 serial=14 items=41 generation=14
KWL TITLEBAR control client=3 surface=19 where=floating id=1 x=451 y=337 width=30 height=30 shown=1
KWL TITLEBAR control client=3 surface=19 where=floating id=2 x=485 y=337 width=30 height=30 shown=1
KWL TITLEBAR control client=3 surface=19 where=floating id=3 x=519 y=337 width=30 height=30 shown=1
KWL TITLEBAR control client=3 surface=19 where=floating id=4 x=559 y=337 width=123 height=30 shown=1
KWL TITLEBAR control client=3 surface=19 where=floating id=5 x=1100 y=337 width=220 height=30 shown=1
KWL TITLEBAR control client=3 surface=19 where=floating id=6 x=1324 y=337 width=30 height=30 shown=1
KWL TITLEBAR control client=3 surface=19 where=floating id=0 x=1364 y=337 width=30 height=30 shown=1
KWL NETWORK state reachable=1 connected=0 kind=none interface= wifi=searching ssid=
KWL TOUCH down client=3 surface=19 contact=0 x=434 y=630
ZSETTINGS TOUCH scroll start pane=list
ZSETTINGS TOUCH scroll end pane=list scroll=0
KWL SYSTEM result client=3 object=42 request=665 applied=0
KWL TOUCH down client=3 surface=19 contact=0 x=460 y=938
ZSETTINGS TOUCH scroll start pane=list
ZSETTINGS TOUCH scroll end pane=list scroll=13
KWL TOUCH down client=3 surface=19 contact=0 x=411 y=629
KWL SYSTEM result client=3 object=42 request=666 applied=0
ZSETTINGS TOUCH scroll start pane=list
ZSETTINGS TOUCH scroll end pane=list scroll=0
KWL TOUCH down client=3 surface=19 contact=0 x=414 y=1009
ZSETTINGS TOUCH scroll start pane=list
ZSETTINGS TOUCH scroll end pane=list scroll=13
KWL SYSTEM result client=3 object=42 request=667 applied=0
KWL SYSTEM result client=3 object=42 request=668 applied=0
KWL PERF 5002ms: passes=622 timeouts=434 | poll 92.5% work 7.0%
KWL PERF compose frames=21 draw_ms=13.07 (acquire 0.10 submit+present 12.54) frame_ms=13.89
KWL SYSTEM result client=3 object=42 request=669 applied=0
KWL TOUCH title held window=3:19 contact=0 x=952 y=358
KWL TOUCH title tap contact=0 x=952 y=358
KWL GLASS moved surface=19 x=328 y=382 client=3
KWL TOUCH title held window=3:19 contact=0 x=953 y=359
KWL TOUCH title tap contact=0 x=953 y=359
KWL GLASS double-click wait surface=19
KWL GLASS dock surface=19 via=double-click buttons=1892,1858,1824 title=60 x=8 y=52 w=1904 h=1220 client=3
KWL CONFIGURE client=3 surface=19 serial=121 width=1904 height=1220 fullscreen=0
KWL LAYOUT mode=docked reason=double-click at_ms=706719
KWL LAYOUT windows desktop=2 mode=docked floating=0 docked=1 dock_hidden=0 minimized=0 fullscreen=0
KWL IME indicator x=1571 label=A
KWL IMPORT client=3 buffer=495 width=1904 height=1220 bytes=9293824
ZSETTINGS GLASS panels count=2
KWL IMPORT client=3 buffer=496 width=1904 height=1220 bytes=9293824
KWL IMPORT client=3 buffer=497 width=1904 height=1220 bytes=9293824
KWL IME indicator x=1535 label=A
KWL GLASS client=3 surface=19 panels=2 card:0,0,248,1220,16 card:256,0,1648,1220,16
KWL GLASS resized surface=19 docked=1 width=1904 height=1220 after_ms=85 acked_ms=31 committed_ms=85 sent_at_ms=706719 client=3
KWL IME indicator x=1521 label=A
KWL IME indicator x=1510 label=A
KWL TITLEBAR control client=3 surface=19 where=docked id=1 x=175 y=8 width=28 height=28 shown=1
KWL TITLEBAR control client=3 surface=19 where=docked id=2 x=207 y=8 width=28 height=28 shown=1
KWL TITLEBAR control client=3 surface=19 where=docked id=3 x=239 y=8 width=28 height=28 shown=1
KWL TITLEBAR control client=3 surface=19 where=docked id=4 x=277 y=8 width=123 height=28 shown=1
KWL TITLEBAR control client=3 surface=19 where=docked id=5 x=1050 y=8 width=220 height=28 shown=1
KWL TITLEBAR control client=3 surface=19 where=docked id=6 x=1274 y=8 width=28 height=28 shown=1
KWL TITLEBAR control client=3 surface=19 where=docked id=0 x=1312 y=8 width=28 height=28 shown=1
KWL IME indicator x=1504 label=A
KWL TOUCH shell contact=0 x=881 y=41
KWL GLASS undock surface=19 via=pull x=341 y=141 client=3
KWL BOUNDS client=3 surface=19 width=1896 height=1160
KWL CONFIGURE client=3 surface=19 serial=122 width=1180 height=800 fullscreen=0
KWL LAYOUT mode=windowed reason=pull at_ms=707748
KWL LAYOUT leave via=pull front=19 quiet=0
KWL LAYOUT windows desktop=2 mode=windowed floating=1 docked=0 dock_hidden=0 minimized=0 fullscreen=0
KWL IME indicator x=1528 label=A
ZSETTINGS GLASS panels count=2
KWL SYSTEM result client=3 object=42 request=670 applied=0
KWL IMPORT client=3 buffer=500 width=1180 height=800 bytes=3776512
KWL IME indicator x=1550 label=A
KWL IMPORT client=3 buffer=501 width=1180 height=800 bytes=3776512
KWL IME indicator x=1569 label=A
KWL IMPORT client=3 buffer=502 width=1180 height=800 bytes=3776512
KWL GLASS client=3 surface=19 panels=2 card:0,0,248,800,16 card:256,0,924,800,16
KWL GLASS resized surface=19 docked=0 width=1180 height=800 after_ms=65 acked_ms=14 committed_ms=65 sent_at_ms=707748 client=3
KWL IME indicator x=1590 label=A
KWL GLASS moved surface=19 x=318 y=401 client=3
KWL IME indicator x=1608 label=A
KWL IME indicator x=1617 label=A
KWL IME indicator x=1621 label=A
KWL IME indicator x=1622 label=A
KWL TOUCH title held window=3:19 contact=0 x=939 y=391
KWL SYSTEM result client=3 object=42 request=671 applied=0
KWL TOUCH title drag contact=0 x=939 y=391
KWL GLASS moved surface=19 x=80 y=261 client=3
KWL SYSTEM result client=3 object=42 request=672 applied=0
KWL TOUCH shell contact=0 x=12 y=33
KWL HOME press slipped
KWL PERF 5006ms: passes=502 timeouts=378 | poll 78.9% work 20.7%
KWL PERF compose frames=57 draw_ms=16.67 (acquire 1.87 submit+present 14.33) frame_ms=17.36
KWL SYSTEM result client=3 object=42 request=673 applied=0
KWL TOUCH shell contact=0 x=36 y=39
KWL HOME open via=launcher at_ms=711365
KWL IME activate field home
KEI-IME ACTIVATE
KWL FIRST_FRAME what=home-open frame=779 request_ms=711365 ms=18
KWL HOME layer=cover after_ms=28
KWL HOME layer=content after_ms=29
KWL HOME opened apps=17 pages=2 page=1 at_ms=711645
KWL HOME icon name="Files" x=600 y=960
KWL HOME icon name="Notes" x=744 y=960
KWL HOME icon name="Settings" x=888 y=960
KWL HOME icon name="Terminal" x=1032 y=960
KWL HOME icon name="PDF Viewer" x=1176 y=960
KWL HOME icon name="Image Viewer" x=1320 y=960
KWL HOME icon name="Video Player" x=600 y=1112
KWL HOME icon name="Music" x=744 y=1112
KWL HOME icon name="Photos" x=888 y=1112
KWL HOME icon name="Phone" x=1032 y=1112
KWL HOME icon name="Calendar" x=1176 y=1112
KWL HOME icon name="Mail" x=1320 y=1112
KWL HOME icon name="Text Editor" x=2520 y=1112
KWL HOME icon name="System Monitor" x=2664 y=1112
KWL HOME icon name="Browser" x=2808 y=1112
KWL HOME icon name="Lock Screen" x=2952 y=1112
KWL HOME icon name="Power Off" x=3096 y=1112
KWL SYSTEM result client=3 object=42 request=674 applied=0
KWL SYSTEM result client=3 object=42 request=675 applied=0
KWL TOUCH shell contact=0 x=753 y=1123
KWL SYSTEM result client=3 object=42 request=676 applied=0
KWL ACTIVATION token client=0 app=/bin/music granted=1 reason=spawn at_ms=713974
KWL HOME launch name=Music pid=151
KWL HOME close via=launch at_ms=713978
KWL IME deactivate
KEI-IME DEACTIVATE
KWL FIRST_FRAME what=home-close frame=792 request_ms=713978 ms=25
KWL HOME closed at_ms=714225
KWL SYSTEM result client=3 object=42 request=677 applied=0
MUSIC LIBRARY songs=0 error=0
MUSIC AUDIO error=0
MUSIC CODEC load error=1 major=0 reason=libavcodec is not installed
KWL CLIENT client=4 fd=21
KWL INSET create client=4 inset=23 toplevel=21
KWL EDIT create client=4 edit=25 toplevel=21
KWL BOUNDS client=4 surface=19 width=1896 height=1160
KWL CONFIGURE client=4 surface=19 serial=123 width=0 height=0 fullscreen=0
KWL SEAT client=4 pointer=1 keyboard=0 touch=0
KWL SEAT client=4 pointer=1 keyboard=1 touch=0
KWL SEAT client=4 pointer=1 keyboard=1 touch=1
MUSIC GLASS see_through=1
MUSIC READY width=1040 height=680
KWL IMPORT client=4 buffer=33 width=1040 height=680 bytes=2830336
KWL IMPORT client=4 buffer=34 width=1040 height=680 bytes=2830336
KWL IMPORT client=4 buffer=35 width=1040 height=680 bytes=2830336
KWL MENU set client=4 place=37 menu=38
KWL MENU commit client=4 menu=38 serial=1 items=6 generation=1
KWL IMPORT client=4 buffer=39 width=1040 height=680 bytes=2830336
KWL IMPORT client=4 buffer=40 width=1040 height=680 bytes=2830336
KWL IMPORT client=4 buffer=41 width=1040 height=680 bytes=2830336
KWL EDIT state client=4 edit=25 actions=0xff flags=0xd
KWL GLASS client=4 surface=19 panels=3 card:0,0,291,592,16 card:299,0,741,592,16 card:0,600,1040,80,16
KWL DECORATION applied client=4 surface=19 mode=2
KWL MAP client=4 surface=19 x=440 y=348
KWL HOME launched waited_ms=1170 at_ms=715148
KWL GLASS launch surface=19 from=708,1076 to=440,348 size=1040x680 client=4
KWL SURFACE enter surface=19 output=0 client=4
KWL IME app key=app:music language=direct from=inherited
KWL RENDER output=0 surfaces=19,19
KWL APPS bar count=2 hidden=0 desktop=2 apps=settings,music
KWL APPS icon app=settings x=58 y=0 width=34 height=44 windows=1
KWL APPS icon app=music x=92 y=0 width=34 height=44 windows=1
KWL MENU bar client=4 surface=19 where=floating item=1 offset=100 top=296 width=45 height=44
KWL MENU bar client=4 surface=19 where=floating item=3 offset=147 top=296 width=78 height=44
KWL PERF 5007ms: passes=482 timeouts=428 | poll 83.9% work 15.8%
KWL PERF compose frames=29 draw_ms=24.82 (acquire 0.06 submit+present 23.63) frame_ms=26.54
KWL TOUCH shell contact=0 x=5 y=31
KWL SYSTEM result client=3 object=42 request=678 applied=0
KWL HOME open via=launcher at_ms=716471
KWL IME activate field home
KEI-IME ACTIVATE
KWL FIRST_FRAME what=home-open frame=808 request_ms=716471 ms=22
KWL HOME layer=cover after_ms=42
KWL HOME layer=content after_ms=43
KWL HOME opened apps=17 pages=2 page=1 at_ms=716760
KWL HOME icon name="Files" x=600 y=960
KWL HOME icon name="Notes" x=744 y=960
KWL HOME icon name="Settings" x=888 y=960
KWL HOME icon name="Terminal" x=1032 y=960
KWL HOME icon name="PDF Viewer" x=1176 y=960
KWL HOME icon name="Image Viewer" x=1320 y=960
KWL HOME icon name="Video Player" x=600 y=1112
KWL HOME icon name="Music" x=744 y=1112
KWL HOME icon name="Photos" x=888 y=1112
KWL HOME icon name="Phone" x=1032 y=1112
KWL HOME icon name="Calendar" x=1176 y=1112
KWL HOME icon name="Mail" x=1320 y=1112
KWL HOME icon name="Text Editor" x=2520 y=1112
KWL HOME icon name="System Monitor" x=2664 y=1112
KWL HOME icon name="Browser" x=2808 y=1112
KWL HOME icon name="Lock Screen" x=2952 y=1112
KWL HOME icon name="Power Off" x=3096 y=1112
KWL SYSTEM result client=3 object=42 request=679 applied=0
KWL SYSTEM result client=3 object=42 request=680 applied=0
KWL SYSTEM result client=3 object=42 request=681 applied=0
KWL SYSTEM result client=3 object=42 request=682 applied=0
KWL PERF 5008ms: passes=486 timeouts=453 | poll 92.0% work 7.6%
KWL PERF compose frames=13 draw_ms=25.60 (acquire 0.04 submit+present 24.09) frame_ms=27.69
KWL TOUCH shell contact=0 x=618 y=1121
KWL ACTIVATION token client=0 app=/bin/videoplayer granted=1 reason=spawn at_ms=721097
KWL HOME launch name=Video Player pid=153
KWL HOME close via=launch at_ms=721101
KWL IME deactivate
KEI-IME DEACTIVATE
KWL FIRST_FRAME what=home-close frame=821 request_ms=721101 ms=25
KWL CLIENT client=5 fd=26
KWL INSET create client=5 inset=23 toplevel=21
KWL EDIT create client=5 edit=25 toplevel=21
KWL BOUNDS client=5 surface=19 width=1896 height=1160
KWL CONFIGURE client=5 surface=19 serial=129 width=0 height=0 fullscreen=0
KWL SEAT client=5 pointer=1 keyboard=0 touch=0
KWL SEAT client=5 pointer=1 keyboard=1 touch=0
KWL SEAT client=5 pointer=1 keyboard=1 touch=1
VIDEOPLAYER AUDIO error=0
VIDEOPLAYER READY width=960 height=600
VIDEOPLAYER PRESENTED width=960 height=600 after_ms=8
KWL IMPORT client=5 buffer=33 width=960 height=600 bytes=2306048
KWL IMPORT client=5 buffer=34 width=960 height=600 bytes=2306048
KWL IMPORT client=5 buffer=35 width=960 height=600 bytes=2306048
KWL MENU set client=5 place=38 menu=39
KWL MENU commit client=5 menu=39 serial=1 items=12 generation=1
KWL MENU commit client=5 menu=39 serial=2 items=12 generation=2
KWL MENU commit client=5 menu=39 serial=3 items=12 generation=3
KWL MENU commit client=5 menu=39 serial=4 items=12 generation=4
KWL MENU commit client=5 menu=39 serial=5 items=12 generation=5
KWL MENU commit client=5 menu=39 serial=6 items=12 generation=6
KWL IMPORT client=5 buffer=40 width=960 height=600 bytes=2306048
KWL IMPORT client=5 buffer=41 width=960 height=600 bytes=2306048
KWL IMPORT client=5 buffer=42 width=960 height=600 bytes=2306048
KWL EDIT state client=5 edit=25 actions=0xff flags=0xd
KWL CONTENT surface=19 type=video client=5
KWL DECORATION applied client=5 surface=19 mode=2
KWL MAP client=5 surface=19 x=480 y=388
KWL HOME launched waited_ms=85 at_ms=721186
KWL GLASS launch surface=19 from=564,1076 to=480,388 size=960x600 client=5
KWL SURFACE enter surface=19 output=0 client=5
KWL IME app key=app:videoplayer language=direct from=inherited
KWL RENDER output=0 surfaces=19,19,19
KWL SYSTEM result client=3 object=42 request=683 applied=0
KWL HOME closed at_ms=721376
KWL APPS bar count=3 hidden=0 desktop=2 apps=settings,music,videoplayer
KWL APPS icon app=settings x=58 y=0 width=34 height=44 windows=1
KWL APPS icon app=music x=92 y=0 width=34 height=44 windows=1
KWL APPS icon app=videoplayer x=126 y=0 width=34 height=44 windows=1
KWL MENU bar client=5 surface=19 where=floating item=1 offset=150 top=336 width=45 height=44
KWL MENU bar client=5 surface=19 where=floating item=5 offset=197 top=336 width=78 height=44
KWL MENU bar client=5 surface=19 where=floating item=11 offset=277 top=336 width=51 height=44
KWL SYSTEM result client=3 object=42 request=684 applied=0
KWL SYSTEM result client=3 object=42 request=685 applied=0
KWL TOUCH shell contact=0 x=1549 y=21
KWL ARRANGE menu open x=1273 y=50 width=536 height=260
KWL ARRANGE menu item=columns x=1408 y=84
KWL ARRANGE menu item=rows x=1674 y=84
KWL ARRANGE menu item=left-main x=1408 y=148
KWL ARRANGE menu item=right-main x=1674 y=148
KWL ARRANGE menu item=top-main x=1408 y=212
KWL ARRANGE menu item=bottom-main x=1674 y=212
KWL ARRANGE menu item=grid x=1541 y=276
KWL BACKDROP ready width=240 height=160
KWL ARRANGE menu settled ms=207
KWL SYSTEM result client=3 object=42 request=686 applied=0
KWL TOUCH shell contact=0 x=1686 y=157
KWL ARRANGE menu lit item=right-main
KWL ARRANGE menu close via=choice
KWL IME app key=app:settings language=direct from=remembered
KWL IME app key=app:music language=direct from=remembered
KWL IME app key=app:videoplayer language=direct from=remembered
KWL BOUNDS client=5 surface=19 width=1896 height=1160
KWL CONFIGURE client=5 surface=19 serial=150 width=948 height=1156 fullscreen=0
KWL BOUNDS client=3 surface=19 width=1896 height=1160
KWL CONFIGURE client=3 surface=19 serial=151 width=948 height=548 fullscreen=0
KWL BOUNDS client=4 surface=19 width=1896 height=1160
KWL CONFIGURE client=4 surface=19 serial=152 width=948 height=548 fullscreen=0
KWL ARRANGE apply layout=right-main desktop=2 windows=3 slots=19@964,52,948,1208;19@8,52,948,600;19@8,660,948,600
KWL IMPORT client=4 buffer=47 width=948 height=548 bytes=2080768
KWL TITLEBAR control client=3 surface=19 where=floating id=1 x=188 y=183 width=30 height=30 shown=1
KWL TITLEBAR control client=3 surface=19 where=floating id=2 x=222 y=183 width=30 height=30 shown=1
KWL TITLEBAR control client=3 surface=19 where=floating id=3 x=256 y=183 width=30 height=30 shown=1
KWL TITLEBAR control client=3 surface=19 where=floating id=4 x=296 y=183 width=123 height=30 shown=1
KWL TITLEBAR control client=3 surface=19 where=floating id=5 x=787 y=183 width=220 height=30 shown=1
KWL TITLEBAR control client=3 surface=19 where=floating id=6 x=1011 y=183 width=30 height=30 shown=1
KWL TITLEBAR control client=3 surface=19 where=floating id=0 x=1051 y=183 width=30 height=30 shown=1
KWL IMPORT client=4 buffer=48 width=948 height=548 bytes=2080768
KWL IMPORT client=4 buffer=49 width=948 height=548 bytes=2080768
KWL GLASS client=4 surface=19 panels=3 card:0,0,265,460,16 card:273,0,675,460,16 card:0,468,948,80,16
KWL GLASS resized surface=19 docked=0 width=948 height=548 after_ms=46 acked_ms=46 committed_ms=46 sent_at_ms=724859 client=4
KWL TITLEBAR control client=3 surface=19 where=floating id=1 x=159 y=119 width=30 height=30 shown=1
KWL TITLEBAR control client=3 surface=19 where=floating id=2 x=193 y=119 width=30 height=30 shown=1
KWL TITLEBAR control client=3 surface=19 where=floating id=3 x=227 y=119 width=30 height=30 shown=1
KWL TITLEBAR control client=3 surface=19 where=floating id=4 x=267 y=119 width=123 height=30 shown=1
KWL TITLEBAR control client=3 surface=19 where=floating id=5 x=664 y=119 width=220 height=30 shown=1
KWL TITLEBAR control client=3 surface=19 where=floating id=6 x=888 y=119 width=30 height=30 shown=1
KWL TITLEBAR control client=3 surface=19 where=floating id=0 x=928 y=119 width=30 height=30 shown=1
KWL IMPORT client=3 buffer=507 width=948 height=548 bytes=2080768
KWL IMPORT client=3 buffer=508 width=948 height=548 bytes=2080768
KWL IMPORT client=3 buffer=509 width=948 height=548 bytes=2080768
ZSETTINGS GLASS panels count=2
KWL GLASS client=3 surface=19 panels=2 card:0,0,248,548,16 card:256,0,692,548,16
KWL GLASS resized surface=19 docked=0 width=948 height=548 after_ms=84 acked_ms=40 committed_ms=84 sent_at_ms=724859 client=3
KWL TITLEBAR control client=3 surface=19 where=floating id=1 x=141 y=80 width=30 height=30 shown=1
KWL TITLEBAR control client=3 surface=19 where=floating id=2 x=175 y=80 width=30 height=30 shown=1
KWL TITLEBAR control client=3 surface=19 where=floating id=3 x=209 y=80 width=30 height=30 shown=1
KWL TITLEBAR control client=3 surface=19 where=floating id=4 x=249 y=80 width=123 height=30 shown=1
KWL TITLEBAR control client=3 surface=19 where=floating id=5 x=589 y=80 width=220 height=30 shown=1
KWL TITLEBAR control client=3 surface=19 where=floating id=6 x=813 y=80 width=30 height=30 shown=1
KWL TITLEBAR control client=3 surface=19 where=floating id=0 x=853 y=80 width=30 height=30 shown=1
VIDEOPLAYER PRESENTED width=948 height=1156 after_ms=26
KWL IMPORT client=5 buffer=151 width=948 height=1156 bytes=4386816
KWL IMPORT client=5 buffer=152 width=948 height=1156 bytes=4386816
KWL IMPORT client=5 buffer=153 width=948 height=1156 bytes=4386816
KWL GLASS resized surface=19 docked=0 width=948 height=1156 after_ms=130 acked_ms=4 committed_ms=130 sent_at_ms=724859 client=5
KWL TITLEBAR control client=3 surface=19 where=floating id=1 x=132 y=61 width=30 height=30 shown=1
KWL TITLEBAR control client=3 surface=19 where=floating id=2 x=166 y=61 width=30 height=30 shown=1
KWL TITLEBAR control client=3 surface=19 where=floating id=3 x=200 y=61 width=30 height=30 shown=1
KWL TITLEBAR control client=3 surface=19 where=floating id=4 x=240 y=61 width=123 height=30 shown=1
KWL TITLEBAR control client=3 surface=19 where=floating id=5 x=552 y=61 width=220 height=30 shown=1
KWL TITLEBAR control client=3 surface=19 where=floating id=6 x=776 y=61 width=30 height=30 shown=1
KWL TITLEBAR control client=3 surface=19 where=floating id=0 x=816 y=61 width=30 height=30 shown=1
KWL ARRANGE glide-end surface=19 slot=1
KWL TITLEBAR control client=3 surface=19 where=floating id=1 x=131 y=59 width=30 height=30 shown=1
KWL TITLEBAR control client=3 surface=19 where=floating id=2 x=165 y=59 width=30 height=30 shown=1
KWL TITLEBAR control client=3 surface=19 where=floating id=3 x=199 y=59 width=30 height=30 shown=1
KWL TITLEBAR control client=3 surface=19 where=floating id=4 x=239 y=59 width=123 height=30 shown=1
KWL TITLEBAR control client=3 surface=19 where=floating id=5 x=548 y=59 width=220 height=30 shown=1
KWL TITLEBAR control client=3 surface=19 where=floating id=6 x=772 y=59 width=30 height=30 shown=1
KWL TITLEBAR control client=3 surface=19 where=floating id=0 x=812 y=59 width=30 height=30 shown=1
KWL ARRANGE glide-end surface=19 slot=2
KWL ARRANGE glide-end surface=19 slot=0
KWL PERF 5015ms: passes=487 timeouts=293 | poll 44.1% work 55.3%
KWL PERF compose frames=134 draw_ms=19.42 (acquire 0.06 submit+present 18.45) frame_ms=21.41
KWL SYSTEM result client=3 object=42 request=687 applied=0
KWL TOUCH shell contact=0 x=1549 y=25
KWL ARRANGE menu open x=1273 y=50 width=536 height=260
KWL ARRANGE menu item=columns x=1408 y=84
KWL ARRANGE menu item=rows x=1674 y=84
KWL ARRANGE menu item=left-main x=1408 y=148
KWL ARRANGE menu item=right-main x=1674 y=148
KWL ARRANGE menu item=top-main x=1408 y=212
KWL ARRANGE menu item=bottom-main x=1674 y=212
KWL ARRANGE menu item=grid x=1541 y=276
KWL ARRANGE menu settled ms=202
KWL ARRANGE menu close via=outside
KWL TOUCH shell contact=0 x=1231 y=509
KWL SYSTEM result client=3 object=42 request=688 applied=0
KWL TOUCH title held window=5:19 contact=0 x=1492 y=79
KWL ARRANGE swap-start surface=19 slot=0
KWL TOUCH title drag contact=0 x=1492 y=79
KWL SYSTEM result client=3 object=42 request=689 applied=0
KWL BOUNDS client=5 surface=19 width=1896 height=1160
KWL CONFIGURE client=5 surface=19 serial=153 width=948 height=548 fullscreen=0
KWL BOUNDS client=3 surface=19 width=1896 height=1160
KWL CONFIGURE client=3 surface=19 serial=154 width=948 height=1156 fullscreen=0
KWL ARRANGE swap a=19 b=19 slots=0,1
KWL IMPORT client=3 buffer=511 width=948 height=1156 bytes=4386816
KWL IMPORT client=3 buffer=512 width=948 height=1156 bytes=4386816
KWL IMPORT client=3 buffer=513 width=948 height=1156 bytes=4386816
ZSETTINGS GLASS panels count=2
KWL GLASS client=3 surface=19 panels=2 card:0,0,248,1156,16 card:256,0,692,1156,16
KWL GLASS resized surface=19 docked=0 width=948 height=1156 after_ms=78 acked_ms=26 committed_ms=77 sent_at_ms=728225 client=3
KWL IMPORT client=5 buffer=249 width=948 height=548 bytes=2080768
VIDEOPLAYER PRESENTED width=948 height=548 after_ms=24
KWL IMPORT client=5 buffer=250 width=948 height=548 bytes=2080768
KWL IMPORT client=5 buffer=251 width=948 height=548 bytes=2080768
KWL GLASS resized surface=19 docked=0 width=948 height=548 after_ms=130 acked_ms=26 committed_ms=130 sent_at_ms=728225 client=5
KWL ARRANGE glide-end surface=19 slot=0
KWL ARRANGE glide-end surface=19 slot=1
KWL SYSTEM result client=3 object=42 request=690 applied=0
KWL TOUCH title held window=5:19 contact=0 x=695 y=84
KWL ARRANGE swap-start surface=19 slot=1
KWL TOUCH title drag contact=0 x=695 y=84
KWL BOUNDS client=5 surface=19 width=1896 height=1160
KWL CONFIGURE client=5 surface=19 serial=155 width=948 height=548 fullscreen=0
KWL BOUNDS client=4 surface=19 width=1896 height=1160
KWL CONFIGURE client=4 surface=19 serial=156 width=948 height=548 fullscreen=0
KWL ARRANGE swap a=19 b=19 slots=1,2
KWL GLASS resized surface=19 docked=0 width=948 height=548 after_ms=25 acked_ms=24 committed_ms=25 sent_at_ms=730359 client=5
KWL SYSTEM result client=3 object=42 request=691 applied=0
KWL ARRANGE glide-end surface=19 slot=1
KWL ARRANGE glide-end surface=19 slot=2
KWL PERF 5002ms: passes=458 timeouts=227 | poll 31.8% work 67.6%
KWL PERF compose frames=180 draw_ms=17.88 (acquire 0.17 submit+present 16.93) frame_ms=19.12
KWL SYSTEM result client=3 object=42 request=692 applied=0
KWL IME app key=app:settings language=direct from=remembered
KWL TOUCH down client=3 surface=19 contact=0 x=1561 y=775
KWL TOUCH title held window=3:19 contact=0 x=1413 y=85
KWL SYSTEM result client=3 object=42 request=693 applied=0
KWL ARRANGE swap-start surface=19 slot=0
KWL TOUCH title drag contact=0 x=1413 y=85
KWL BOUNDS client=3 surface=19 width=1896 height=1160
KWL CONFIGURE client=3 surface=19 serial=164 width=948 height=1156 fullscreen=0
KWL ARRANGE swap-back surface=19 slot=0
KWL ARRANGE glide-end surface=19 slot=0
KWL SYSTEM result client=3 object=42 request=694 applied=0
KWL TOUCH shell contact=0 x=1592 y=34
KWL ARRANGE menu open x=1273 y=50 width=536 height=260
KWL ARRANGE menu item=columns x=1408 y=84
KWL ARRANGE menu item=rows x=1674 y=84
KWL ARRANGE menu item=left-main x=1408 y=148
KWL ARRANGE menu item=right-main x=1674 y=148
KWL ARRANGE menu item=top-main x=1408 y=212
KWL ARRANGE menu item=bottom-main x=1674 y=212
KWL ARRANGE menu item=grid x=1541 y=276
KWL ARRANGE menu settled ms=202
KWL PERF 5002ms: passes=438 timeouts=342 | poll 71.1% work 28.5%
KWL PERF compose frames=60 draw_ms=22.46 (acquire 0.34 submit+present 21.10) frame_ms=24.08
KWL SYSTEM result client=3 object=42 request=695 applied=0
KWL TOUCH shell contact=0 x=1410 y=145
KWL ARRANGE menu lit item=left-main
KWL ARRANGE menu close via=choice
KWL IME app key=app:music language=direct from=remembered
KWL IME app key=app:videoplayer language=direct from=remembered
KWL IME app key=app:settings language=direct from=remembered
KWL BOUNDS client=5 surface=19 width=1896 height=1160
KWL CONFIGURE client=5 surface=19 serial=180 width=948 height=1156 fullscreen=0
KWL BOUNDS client=4 surface=19 width=1896 height=1160
KWL CONFIGURE client=4 surface=19 serial=181 width=948 height=548 fullscreen=0
KWL BOUNDS client=3 surface=19 width=1896 height=1160
KWL CONFIGURE client=3 surface=19 serial=182 width=948 height=548 fullscreen=0
KWL ARRANGE apply layout=left-main desktop=2 windows=3 slots=19@8,52,948,1208;19@964,52,948,600;19@964,660,948,600
VIDEOPLAYER PRESENTED width=948 height=1156 after_ms=11
KWL GLASS resized surface=19 docked=0 width=948 height=548 after_ms=29 acked_ms=29 committed_ms=29 sent_at_ms=735796 client=4
KWL IMPORT client=5 buffer=335 width=948 height=1156 bytes=4386816
KWL IMPORT client=5 buffer=336 width=948 height=1156 bytes=4386816
KWL IMPORT client=5 buffer=337 width=948 height=1156 bytes=4386816
KWL GLASS resized surface=19 docked=0 width=948 height=1156 after_ms=34 acked_ms=29 committed_ms=33 sent_at_ms=735796 client=5
ZSETTINGS GLASS panels count=2
KWL IMPORT client=3 buffer=518 width=948 height=548 bytes=2080768
KWL IMPORT client=3 buffer=519 width=948 height=548 bytes=2080768
KWL IMPORT client=3 buffer=520 width=948 height=548 bytes=2080768
KWL GLASS client=3 surface=19 panels=2 card:0,0,248,548,16 card:256,0,692,548,16
KWL GLASS resized surface=19 docked=0 width=948 height=548 after_ms=62 acked_ms=29 committed_ms=62 sent_at_ms=735796 client=3
KWL ARRANGE glide-end surface=19 slot=0
KWL ARRANGE glide-end surface=19 slot=2
KWL ARRANGE glide-end surface=19 slot=1
KWL TOUCH shell contact=0 x=1556 y=33
KWL ARRANGE menu open x=1273 y=50 width=536 height=260
KWL ARRANGE menu item=columns x=1408 y=84
KWL ARRANGE menu item=rows x=1674 y=84
KWL ARRANGE menu item=left-main x=1408 y=148
KWL ARRANGE menu item=right-main x=1674 y=148
KWL ARRANGE menu item=top-main x=1408 y=212
KWL ARRANGE menu item=bottom-main x=1674 y=212
KWL ARRANGE menu item=grid x=1541 y=276
KWL ARRANGE menu settled ms=219
KWL SYSTEM result client=3 object=42 request=696 applied=0
KWL TOUCH shell contact=0 x=1690 y=153
KWL ARRANGE menu lit item=right-main
KWL ARRANGE menu close via=choice
KWL IME app key=app:music language=direct from=remembered
KWL IME app key=app:videoplayer language=direct from=remembered
KWL IME app key=app:settings language=direct from=remembered
KWL BOUNDS client=3 surface=19 width=1896 height=1160
KWL CONFIGURE client=3 surface=19 serial=198 width=948 height=1156 fullscreen=0
KWL BOUNDS client=4 surface=19 width=1896 height=1160
KWL CONFIGURE client=4 surface=19 serial=199 width=948 height=548 fullscreen=0
KWL BOUNDS client=5 surface=19 width=1896 height=1160
KWL CONFIGURE client=5 surface=19 serial=200 width=948 height=548 fullscreen=0
KWL ARRANGE apply layout=right-main desktop=2 windows=3 slots=19@964,52,948,1208;19@8,52,948,600;19@8,660,948,600
KWL GLASS resized surface=19 docked=0 width=948 height=548 after_ms=25 acked_ms=24 committed_ms=24 sent_at_ms=737240 client=4
KWL IMPORT client=3 buffer=523 width=948 height=1156 bytes=4386816
KWL IMPORT client=3 buffer=524 width=948 height=1156 bytes=4386816
ZSETTINGS GLASS panels count=2
KWL IMPORT client=3 buffer=525 width=948 height=1156 bytes=4386816
KWL GLASS client=3 surface=19 panels=2 card:0,0,248,1156,16 card:256,0,692,1156,16
KWL GLASS resized surface=19 docked=0 width=948 height=1156 after_ms=93 acked_ms=24 committed_ms=93 sent_at_ms=737240 client=3
KWL IMPORT client=5 buffer=368 width=948 height=548 bytes=2080768
VIDEOPLAYER PRESENTED width=948 height=548 after_ms=22
KWL IMPORT client=5 buffer=369 width=948 height=548 bytes=2080768
KWL IMPORT client=5 buffer=370 width=948 height=548 bytes=2080768
KWL GLASS resized surface=19 docked=0 width=948 height=548 after_ms=152 acked_ms=58 committed_ms=151 sent_at_ms=737240 client=5
KWL ARRANGE glide-end surface=19 slot=2
KWL ARRANGE glide-end surface=19 slot=0
KWL ARRANGE glide-end surface=19 slot=1
KWL TOUCH shell contact=0 x=1535 y=31
KWL ARRANGE menu open x=1273 y=50 width=536 height=260
KWL ARRANGE menu item=columns x=1408 y=84
KWL ARRANGE menu item=rows x=1674 y=84
KWL ARRANGE menu item=left-main x=1408 y=148
KWL ARRANGE menu item=right-main x=1674 y=148
KWL ARRANGE menu item=top-main x=1408 y=212
KWL ARRANGE menu item=bottom-main x=1674 y=212
KWL ARRANGE menu item=grid x=1541 y=276
KWL SYSTEM result client=3 object=42 request=697 applied=0
KWL ARRANGE menu settled ms=217
KWL TOUCH shell contact=0 x=1410 y=218
KWL ARRANGE menu lit item=top-main
KWL ARRANGE menu close via=choice
KWL IME app key=app:music language=direct from=remembered
KWL IME app key=app:videoplayer language=direct from=remembered
KWL IME app key=app:settings language=direct from=remembered
KWL BOUNDS client=4 surface=19 width=1896 height=1160
KWL CONFIGURE client=4 surface=19 serial=216 width=1904 height=548 fullscreen=0
KWL BOUNDS client=5 surface=19 width=1896 height=1160
KWL CONFIGURE client=5 surface=19 serial=217 width=948 height=548 fullscreen=0
KWL BOUNDS client=3 surface=19 width=1896 height=1160
KWL CONFIGURE client=3 surface=19 serial=218 width=948 height=548 fullscreen=0
KWL ARRANGE apply layout=top-main desktop=2 windows=3 slots=19@8,52,1904,600;19@8,660,948,600;19@964,660,948,600
KWL GLASS resized surface=19 docked=0 width=948 height=548 after_ms=24 acked_ms=24 committed_ms=24 sent_at_ms=739263 client=5
KWL IMPORT client=4 buffer=54 width=1904 height=548 bytes=4173824
KWL IMPORT client=3 buffer=528 width=948 height=548 bytes=2080768
KWL IMPORT client=4 buffer=55 width=1904 height=548 bytes=4173824
KWL IMPORT client=3 buffer=529 width=948 height=548 bytes=2080768
KWL IMPORT client=4 buffer=56 width=1904 height=548 bytes=4173824
ZSETTINGS GLASS panels count=2
KWL IMPORT client=3 buffer=530 width=948 height=548 bytes=2080768
KWL GLASS client=4 surface=19 panels=3 card:0,0,300,460,16 card:308,0,1596,460,16 card:0,468,1904,80,16
KWL GLASS client=3 surface=19 panels=2 card:0,0,248,548,16 card:256,0,692,548,16
KWL GLASS resized surface=19 docked=0 width=1904 height=548 after_ms=101 acked_ms=24 committed_ms=101 sent_at_ms=739263 client=4
KWL GLASS resized surface=19 docked=0 width=948 height=548 after_ms=103 acked_ms=30 committed_ms=101 sent_at_ms=739263 client=3
KWL SYSTEM result client=3 object=42 request=698 applied=0
KWL ARRANGE glide-end surface=19 slot=1
KWL ARRANGE glide-end surface=19 slot=2
KWL ARRANGE glide-end surface=19 slot=0
KWL TOUCH shell contact=0 x=1552 y=34
KWL ARRANGE menu open x=1273 y=50 width=536 height=260
KWL ARRANGE menu item=columns x=1408 y=84
KWL ARRANGE menu item=rows x=1674 y=84
KWL ARRANGE menu item=left-main x=1408 y=148
KWL ARRANGE menu item=right-main x=1674 y=148
KWL ARRANGE menu item=top-main x=1408 y=212
KWL ARRANGE menu item=bottom-main x=1674 y=212
KWL ARRANGE menu item=grid x=1541 y=276
KWL ARRANGE menu settled ms=222
KWL SYSTEM result client=3 object=42 request=699 applied=0
KWL PERF 5000ms: passes=418 timeouts=250 | poll 41.1% work 58.4%
KWL PERF compose frames=105 draw_ms=26.29 (acquire 0.06 submit+present 25.28) frame_ms=28.12
KWL TOUCH shell contact=0 x=1670 y=161
KWL ARRANGE menu lit item=right-main
KWL ARRANGE menu close via=choice
KWL IME app key=app:music language=direct from=remembered
KWL IME app key=app:videoplayer language=direct from=remembered
KWL IME app key=app:settings language=direct from=remembered
KWL BOUNDS client=3 surface=19 width=1896 height=1160
KWL CONFIGURE client=3 surface=19 serial=234 width=948 height=1156 fullscreen=0
KWL BOUNDS client=4 surface=19 width=1896 height=1160
KWL CONFIGURE client=4 surface=19 serial=235 width=948 height=548 fullscreen=0
KWL BOUNDS client=5 surface=19 width=1896 height=1160
KWL CONFIGURE client=5 surface=19 serial=236 width=948 height=548 fullscreen=0
KWL ARRANGE apply layout=right-main desktop=2 windows=3 slots=19@964,52,948,1208;19@8,52,948,600;19@8,660,948,600
KWL GLASS resized surface=19 docked=0 width=948 height=548 after_ms=29 acked_ms=28 committed_ms=28 sent_at_ms=740934 client=5
KWL IMPORT client=4 buffer=59 width=948 height=548 bytes=2080768
KWL IMPORT client=3 buffer=533 width=948 height=1156 bytes=4386816
KWL IMPORT client=4 buffer=60 width=948 height=548 bytes=2080768
KWL IMPORT client=3 buffer=534 width=948 height=1156 bytes=4386816
KWL IMPORT client=4 buffer=61 width=948 height=548 bytes=2080768
ZSETTINGS GLASS panels count=2
KWL IMPORT client=3 buffer=535 width=948 height=1156 bytes=4386816
KWL GLASS client=4 surface=19 panels=3 card:0,0,265,460,16 card:273,0,675,460,16 card:0,468,948,80,16
KWL GLASS client=3 surface=19 panels=2 card:0,0,248,1156,16 card:256,0,692,1156,16
KWL GLASS resized surface=19 docked=0 width=948 height=548 after_ms=109 acked_ms=29 committed_ms=109 sent_at_ms=740934 client=4
KWL GLASS resized surface=19 docked=0 width=948 height=1156 after_ms=111 acked_ms=28 committed_ms=109 sent_at_ms=740934 client=3
KWL ARRANGE glide-end surface=19 slot=2
KWL ARRANGE glide-end surface=19 slot=0
KWL ARRANGE glide-end surface=19 slot=1
KWL SYSTEM result client=3 object=42 request=700 applied=0
KWL TOUCH title held window=5:19 contact=0 x=771 y=679
KWL IME app key=app:videoplayer language=direct from=remembered
KWL ARRANGE swap-start surface=19 slot=2
KWL TOUCH title drag contact=0 x=771 y=679
KWL BOUNDS client=5 surface=19 width=1896 height=1160
KWL CONFIGURE client=5 surface=19 serial=242 width=948 height=548 fullscreen=0
KWL BOUNDS client=4 surface=19 width=1896 height=1160
KWL CONFIGURE client=4 surface=19 serial=243 width=948 height=548 fullscreen=0
KWL ARRANGE swap a=19 b=19 slots=2,1
KWL GLASS resized surface=19 docked=0 width=948 height=548 after_ms=29 acked_ms=29 committed_ms=29 sent_at_ms=743124 client=5
KWL ARRANGE glide-end surface=19 slot=1
KWL ARRANGE glide-end surface=19 slot=2
KWL SYSTEM result client=3 object=42 request=701 applied=0
KWL TOUCH down client=5 surface=19 contact=0 x=782 y=110
KWL SYSTEM result client=3 object=42 request=702 applied=0
KWL TOUCH title held window=4:19 contact=0 x=679 y=686
KWL IME app key=app:music language=direct from=remembered
KWL ARRANGE swap-start surface=19 slot=2
KWL TOUCH title drag contact=0 x=679 y=686
KWL GLASS resized surface=19 docked=0 width=948 height=548 after_ms=1831 acked_ms=29 committed_ms=1830 sent_at_ms=743124 client=4
KWL SYSTEM result client=3 object=42 request=703 applied=0
KWL PERF 5006ms: passes=416 timeouts=159 | poll 28.1% work 71.3%
KWL PERF compose frames=163 draw_ms=20.92 (acquire 0.31 submit+present 19.81) frame_ms=21.88
KWL BOUNDS client=4 surface=19 width=1896 height=1160
KWL CONFIGURE client=4 surface=19 serial=251 width=948 height=548 fullscreen=0
KWL BOUNDS client=5 surface=19 width=1896 height=1160
KWL CONFIGURE client=5 surface=19 serial=252 width=948 height=548 fullscreen=0
KWL ARRANGE swap a=19 b=19 slots=2,1
KWL GLASS resized surface=19 docked=0 width=948 height=548 after_ms=35 acked_ms=35 committed_ms=35 sent_at_ms=745979 client=5
KWL ARRANGE glide-end surface=19 slot=2
KWL ARRANGE glide-end surface=19 slot=1
KWL SYSTEM result client=3 object=42 request=704 applied=0
KWL IME app key=app:videoplayer language=direct from=remembered
KWL TOUCH down client=5 surface=19 contact=0 x=505 y=895
KWL GLASS resized surface=19 docked=0 width=948 height=548 after_ms=762 acked_ms=35 committed_ms=762 sent_at_ms=745979 client=4
KWL IME app key=app:music language=direct from=remembered
KWL TOUCH down client=4 surface=19 contact=0 x=648 y=449
KWL SYSTEM result client=3 object=42 request=705 applied=0
KWL IME app key=app:settings language=direct from=remembered
KWL TOUCH down client=3 surface=19 contact=0 x=1526 y=728
ZSETTINGS TOUCH scroll start pane=page
ZSETTINGS TOUCH scroll end pane=page scroll=0
KWL TOUCH title held window=3:19 contact=0 x=1449 y=89
KWL TOUCH title tap contact=0 x=1449 y=89
KWL ARRANGE swap-start surface=19 slot=0
KWL BOUNDS client=3 surface=19 width=1896 height=1160
KWL CONFIGURE client=3 surface=19 serial=274 width=948 height=1156 fullscreen=0
KWL ARRANGE swap-back surface=19 slot=0
KWL SYSTEM result client=3 object=42 request=706 applied=0
KWL TOUCH title held window=3:19 contact=0 x=1436 y=94
KWL TOUCH title tap contact=0 x=1436 y=94
KWL GLASS double-click wait surface=19
KWL ARRANGE swap-start surface=19 slot=0
KWL BOUNDS client=3 surface=19 width=1896 height=1160
KWL CONFIGURE client=3 surface=19 serial=275 width=948 height=1156 fullscreen=0
KWL ARRANGE swap-back surface=19 slot=0
KWL GLASS dock surface=19 via=double-click buttons=1892,1858,1824 title=60 x=8 y=52 w=1904 h=1220 client=3
KWL CONFIGURE client=3 surface=19 serial=276 width=1904 height=1220 fullscreen=0
KWL LAYOUT mode=docked reason=double-click at_ms=748917
KWL ARRANGE end desktop=2 reason=dock
KWL LAYOUT windows desktop=2 mode=docked floating=0 docked=1 dock_hidden=2 minimized=0 fullscreen=0
KWL IMPORT client=3 buffer=542 width=1904 height=1220 bytes=9293824
KWL IME indicator x=1579 label=A
KWL IMPORT client=3 buffer=543 width=1904 height=1220 bytes=9293824
KWL IMPORT client=3 buffer=544 width=1904 height=1220 bytes=9293824
KWL IME indicator x=1536 label=A
ZSETTINGS GLASS panels count=2
KWL GLASS client=3 surface=19 panels=2 card:0,0,248,1220,16 card:256,0,1648,1220,16
KWL GLASS resized surface=19 docked=1 width=1904 height=1220 after_ms=93 acked_ms=22 committed_ms=93 sent_at_ms=748917 client=3
KWL IME indicator x=1513 label=A
KWL IME indicator x=1504 label=A
KWL TOUCH shell contact=0 x=953 y=43
KWL SYSTEM result client=3 object=42 request=707 applied=0
KWL GLASS undock surface=19 via=double-click x=960 y=108 client=3
KWL BOUNDS client=3 surface=19 width=1896 height=1160
KWL CONFIGURE client=3 surface=19 serial=277 width=948 height=1156 fullscreen=0
KWL LAYOUT mode=windowed reason=double-click at_ms=750082
KWL LAYOUT leave via=double-click front=19 quiet=0
KWL LAYOUT windows desktop=2 mode=windowed floating=3 docked=0 dock_hidden=0 minimized=0 fullscreen=0
KWL TOUCH shell contact=0 x=946 y=42
KWL IMPORT client=3 buffer=546 width=948 height=1156 bytes=4386816
KWL IMPORT client=3 buffer=547 width=948 height=1156 bytes=4386816
KWL IMPORT client=3 buffer=548 width=948 height=1156 bytes=4386816
KWL IME indicator x=1580 label=A
ZSETTINGS GLASS panels count=2
KWL GLASS client=3 surface=19 panels=2 card:0,0,248,1156,16 card:256,0,692,1156,16
KWL GLASS resized surface=19 docked=0 width=948 height=1156 after_ms=87 acked_ms=32 committed_ms=87 sent_at_ms=750082 client=3
KWL IME indicator x=1615 label=A
KWL IME indicator x=1622 label=A
KWL PERF 5005ms: passes=409 timeouts=244 | poll 38.6% work 60.8%
KWL PERF compose frames=117 draw_ms=24.69 (acquire 0.10 submit+present 23.77) frame_ms=26.74
KWL TOUCH title held window=3:19 contact=0 x=1404 y=93
KWL TOUCH title drag contact=0 x=1404 y=93
KWL SYSTEM result client=3 object=42 request=708 applied=0
KWL SYSTEM result client=3 object=42 request=709 applied=0
KWL GLASS moved surface=19 x=494 y=443 client=3
KWL TOUCH title held window=3:19 contact=0 x=1000 y=423
KWL TOUCH title drag contact=0 x=1000 y=423
KWL SYSTEM result client=3 object=42 request=710 applied=0
KWL GLASS moved surface=19 x=464 y=330 client=3
KWL TOUCH down client=3 surface=19 contact=0 x=970 y=408
ZSETTINGS TOUCH scroll start pane=page
KWL SYSTEM result client=3 object=42 request=711 applied=0
ZSETTINGS TOUCH scroll end pane=page scroll=0
KWL IME app key=app:music language=direct from=remembered
KWL TOUCH down client=4 surface=19 contact=0 x=895 y=323
KWL PERF 5008ms: passes=402 timeouts=195 | poll 42.2% work 57.3%
KWL PERF compose frames=115 draw_ms=23.98 (acquire 0.34 submit+present 22.64) frame_ms=24.79
KWL IME app key=app:settings language=direct from=remembered
KWL TOUCH down client=3 surface=19 contact=0 x=1109 y=448
KWL SYSTEM result client=3 object=42 request=712 applied=0
KWL DESKTOP focus client=2 surface=19
KWL IME app key=desktop language=direct from=desktop
KWL TOUCH down client=2 surface=19 contact=0 x=964 y=324
ZFILES TOUCH tap x=964 y=280 caught=0
ZFILES TOUCH rest area=1 scroll=0
ZFILES DESKTOP band start x=964 y=280
ZFILES DESKTOP band end first=-1
KWL IME app key=app:settings language=direct from=remembered
KWL DESKTOP unfocus via=press
KWL IME app key=app:music language=direct from=remembered
KWL RESIZE start surface=19 edges=8 width=948 height=548 client=4
KWL TOUCH shell contact=0 x=962 y=323
KWL BOUNDS client=4 surface=19 width=1896 height=1160
KWL CONFIGURE client=4 surface=19 serial=311 width=948 height=548 fullscreen=0
KWL RESIZE end surface=19 width=948 height=548 client=4
KWL RESIZE settled surface=19 x=8 y=104 width=948 height=548 client=4
KWL IME app key=app:settings language=direct from=remembered
KWL TOUCH down client=3 surface=19 contact=0 x=1232 y=661
KWL SYSTEM result client=3 object=42 request=713 applied=0
KWL TOUCH title held window=3:19 contact=0 x=1407 y=284
KWL SYSTEM result client=3 object=42 request=714 applied=0
KWL TOUCH title drag contact=0 x=1407 y=284
KWL SYSTEM result client=3 object=42 request=715 applied=0
KWL GLASS moved surface=19 x=437 y=381 client=3
KWL SYSTEM result client=3 object=42 request=716 applied=0
KWL PERF 5008ms: passes=423 timeouts=286 | poll 59.5% work 40.1%
KWL PERF compose frames=77 draw_ms=24.93 (acquire 0.50 submit+present 23.47) frame_ms=25.49
KWL TOUCH down client=3 surface=19 contact=0 x=938 y=381
ZSETTINGS TOUCH scroll start pane=page
KWL SYSTEM result client=3 object=42 request=717 applied=0
ZSETTINGS TOUCH scroll end pane=page scroll=0
KWL TOUCH title held window=3:19 contact=0 x=928 y=364
KWL TOUCH title drag contact=0 x=928 y=364
KWL SYSTEM result client=3 object=42 request=718 applied=0
KWL GLASS moved surface=19 x=544 y=249 client=3
KWL TOUCH title held window=3:19 contact=0 x=1031 y=220
KWL TOUCH title tap contact=0 x=1031 y=220
KWL GLASS double-click wait surface=19
KWL GLASS dock surface=19 via=double-click buttons=1892,1858,1824 title=60 x=8 y=52 w=1904 h=1220 client=3
KWL CONFIGURE client=3 surface=19 serial=321 width=1904 height=1220 fullscreen=0
KWL LAYOUT mode=docked reason=double-click at_ms=764033
KWL LAYOUT windows desktop=2 mode=docked floating=0 docked=1 dock_hidden=2 minimized=0 fullscreen=0
KWL IMPORT client=3 buffer=562 width=1904 height=1220 bytes=9293824
KWL IMPORT client=3 buffer=563 width=1904 height=1220 bytes=9293824
KWL IMPORT client=3 buffer=564 width=1904 height=1220 bytes=9293824
KWL IME indicator x=1563 label=A
ZSETTINGS GLASS panels count=2
KWL GLASS client=3 surface=19 panels=2 card:0,0,248,1220,16 card:256,0,1648,1220,16
KWL GLASS resized surface=19 docked=1 width=1904 height=1220 after_ms=63 acked_ms=20 committed_ms=63 sent_at_ms=764033 client=3
KWL IME indicator x=1528 label=A
KWL IME indicator x=1512 label=A
KWL SYSTEM result client=3 object=42 request=719 applied=0
KWL TOUCH down client=3 surface=19 contact=0 x=1023 y=226
KWL TITLEBAR control client=3 surface=19 where=docked id=1 x=175 y=8 width=28 height=28 shown=1
KWL TITLEBAR control client=3 surface=19 where=docked id=2 x=207 y=8 width=28 height=28 shown=1
KWL TITLEBAR control client=3 surface=19 where=docked id=3 x=239 y=8 width=28 height=28 shown=1
KWL TITLEBAR control client=3 surface=19 where=docked id=4 x=277 y=8 width=123 height=28 shown=1
KWL TITLEBAR control client=3 surface=19 where=docked id=5 x=1052 y=8 width=220 height=28 shown=1
KWL TITLEBAR control client=3 surface=19 where=docked id=6 x=1276 y=8 width=28 height=28 shown=1
KWL TITLEBAR control client=3 surface=19 where=docked id=0 x=1314 y=8 width=28 height=28 shown=1
KWL IME indicator x=1506 label=A
KWL TITLEBAR control client=3 surface=19 where=docked id=1 x=175 y=8 width=28 height=28 shown=1
KWL TITLEBAR control client=3 surface=19 where=docked id=2 x=207 y=8 width=28 height=28 shown=1
KWL TITLEBAR control client=3 surface=19 where=docked id=3 x=239 y=8 width=28 height=28 shown=1
KWL TITLEBAR control client=3 surface=19 where=docked id=4 x=277 y=8 width=123 height=28 shown=1
KWL TITLEBAR control client=3 surface=19 where=docked id=5 x=1050 y=8 width=220 height=28 shown=1
KWL TITLEBAR control client=3 surface=19 where=docked id=6 x=1274 y=8 width=28 height=28 shown=1
KWL TITLEBAR control client=3 surface=19 where=docked id=0 x=1312 y=8 width=28 height=28 shown=1
KWL IME indicator x=1504 label=A
KWL SYSTEM result client=3 object=42 request=720 applied=0
KWL PERF 5004ms: passes=548 timeouts=273 | poll 77.2% work 22.3%
KWL PERF compose frames=47 draw_ms=21.71 (acquire 0.35 submit+present 20.51) frame_ms=22.33
KWL TOUCH shell contact=0 x=948 y=36
KWL SYSTEM result client=3 object=42 request=721 applied=0
KWL DESKTOP focus client=2 surface=19
KWL IME app key=desktop language=direct from=desktop
KWL TOUCH down client=2 surface=19 contact=0 x=952 y=47
ZFILES TOUCH tap x=952 y=3 caught=0
ZFILES TOUCH rest area=1 scroll=0
ZFILES DESKTOP band start x=952 y=3
ZFILES DESKTOP band end first=-1
KWL TOUCH shell contact=0 x=977 y=35
KWL SYSTEM result client=3 object=42 request=722 applied=0
KWL GLASS undock surface=19 via=double-click x=544 y=112 client=3
KWL BOUNDS client=3 surface=19 width=1896 height=1160
KWL CONFIGURE client=3 surface=19 serial=331 width=948 height=1156 fullscreen=0
KWL LAYOUT mode=windowed reason=double-click at_ms=767668
KWL LAYOUT leave via=double-click front=19 quiet=0
KWL LAYOUT windows desktop=2 mode=windowed floating=3 docked=0 dock_hidden=0 minimized=0 fullscreen=0
KWL TOUCH shell contact=0 x=975 y=41
KWL IMPORT client=3 buffer=569 width=948 height=1156 bytes=4386816
KWL IMPORT client=3 buffer=570 width=948 height=1156 bytes=4386816
KWL IMPORT client=3 buffer=571 width=948 height=1156 bytes=4386816
ZSETTINGS GLASS panels count=2
KWL IME indicator x=1573 label=A
KWL GLASS client=3 surface=19 panels=2 card:0,0,248,1156,16 card:256,0,692,1156,16
KWL GLASS resized surface=19 docked=0 width=948 height=1156 after_ms=70 acked_ms=70 committed_ms=70 sent_at_ms=767668 client=3
KWL IME indicator x=1604 label=A
KWL IME indicator x=1613 label=A
KWL IME indicator x=1621 label=A
KWL IME indicator x=1622 label=A
KWL SYSTEM result client=3 object=42 request=723 applied=0
KWL TOUCH shell contact=0 x=1494 y=1264
KWL SYSTEM result client=3 object=42 request=724 applied=0
KWL HOME rise swipe
KWL PERF 5010ms: passes=468 timeouts=366 | poll 76.0% work 23.6%
KWL PERF compose frames=35 draw_ms=31.72 (acquire 0.35 submit+present 29.63) frame_ms=31.27
KWL SYSTEM result client=3 object=42 request=725 applied=0
KWL HOME rise back
KWL HOME closed at_ms=771227
KWL TOUCH shell contact=0 x=1468 y=1267
KWL HOME rise swipe
KWL SYSTEM result client=3 object=42 request=726 applied=0
KWL HOME open via=edge at_ms=772737
KWL IME activate field home
KEI-IME ACTIVATE
KWL HOME layer=cover after_ms=1
KWL HOME layer=content after_ms=3
KWL FIRST_FRAME what=home-open frame=1902 request_ms=772737 ms=23
KWL SYSTEM result client=3 object=42 request=727 applied=0
KWL HOME opened apps=17 pages=2 page=1 at_ms=773003
KWL HOME icon name="Files" x=600 y=960
KWL HOME icon name="Notes" x=744 y=960
KWL HOME icon name="Settings" x=888 y=960
KWL HOME icon name="Terminal" x=1032 y=960
KWL HOME icon name="PDF Viewer" x=1176 y=960
KWL HOME icon name="Image Viewer" x=1320 y=960
KWL HOME icon name="Video Player" x=600 y=1112
KWL HOME icon name="Music" x=744 y=1112
KWL HOME icon name="Photos" x=888 y=1112
KWL HOME icon name="Phone" x=1032 y=1112
KWL HOME icon name="Calendar" x=1176 y=1112
KWL HOME icon name="Mail" x=1320 y=1112
KWL HOME icon name="Text Editor" x=2520 y=1112
KWL HOME icon name="System Monitor" x=2664 y=1112
KWL HOME icon name="Browser" x=2808 y=1112
KWL HOME icon name="Lock Screen" x=2952 y=1112
KWL HOME icon name="Power Off" x=3096 y=1112
KWL TOUCH shell contact=0 x=1559 y=1264
KWL HOME page page=1 pages=2 via=drag
KWL HOME page settled page=1 pages=2
KWL HOME icon name="Files" x=600 y=960
KWL HOME icon name="Notes" x=744 y=960
KWL HOME icon name="Settings" x=888 y=960
KWL HOME icon name="Terminal" x=1032 y=960
KWL HOME icon name="PDF Viewer" x=1176 y=960
KWL HOME icon name="Image Viewer" x=1320 y=960
KWL HOME icon name="Video Player" x=600 y=1112
KWL HOME icon name="Music" x=744 y=1112
KWL HOME icon name="Photos" x=888 y=1112
KWL HOME icon name="Phone" x=1032 y=1112
KWL HOME icon name="Calendar" x=1176 y=1112
KWL HOME icon name="Mail" x=1320 y=1112
KWL HOME icon name="Text Editor" x=2520 y=1112
KWL HOME icon name="System Monitor" x=2664 y=1112
KWL HOME icon name="Browser" x=2808 y=1112
KWL HOME icon name="Lock Screen" x=2952 y=1112
KWL HOME icon name="Power Off" x=3096 y=1112
KWL SYSTEM result client=3 object=42 request=728 applied=0
KWL TOUCH shell contact=0 x=1535 y=23
KWL HOME close drag
KWL SYSTEM result client=3 object=42 request=729 applied=0
KWL HOME close via=pull-down at_ms=775046
KWL IME deactivate
KEI-IME DEACTIVATE
KWL FIRST_FRAME what=home-close frame=1955 request_ms=775046 ms=24
KWL HOME closed at_ms=775291
KWL TOUCH shell contact=0 x=1904 y=720
KWL GLASS desktop swipe
KWL PERF 5010ms: passes=325 timeouts=185 | poll 38.6% work 61.0%
KWL PERF compose frames=111 draw_ms=26.80 (acquire 0.39 submit+present 24.56) frame_ms=27.72
KWL SYSTEM result client=3 object=42 request=730 applied=0
KWL IME app key=app:settings language=direct from=remembered
KWL GLASS desktop=2 via=swipe
KWL IME app key=desktop language=direct from=desktop
KWL GLASS desktop settled desktop=2 windows=3
KWL TOUCH shell contact=0 x=1576 y=1266
KWL HOME rise swipe
KWL SYSTEM result client=3 object=42 request=731 applied=0
KWL HOME open via=edge at_ms=778362
KWL IME activate field home
KEI-IME ACTIVATE
KWL HOME layer=cover after_ms=1
KWL HOME layer=content after_ms=3
KWL FIRST_FRAME what=home-open frame=2035 request_ms=778362 ms=25
KWL HOME opened apps=17 pages=2 page=1 at_ms=778611
KWL HOME icon name="Files" x=600 y=960
KWL HOME icon name="Notes" x=744 y=960
KWL HOME icon name="Settings" x=888 y=960
KWL HOME icon name="Terminal" x=1032 y=960
KWL HOME icon name="PDF Viewer" x=1176 y=960
KWL HOME icon name="Image Viewer" x=1320 y=960
KWL HOME icon name="Video Player" x=600 y=1112
KWL HOME icon name="Music" x=744 y=1112
KWL HOME icon name="Photos" x=888 y=1112
KWL HOME icon name="Phone" x=1032 y=1112
KWL HOME icon name="Calendar" x=1176 y=1112
KWL HOME icon name="Mail" x=1320 y=1112
KWL HOME icon name="Text Editor" x=2520 y=1112
KWL HOME icon name="System Monitor" x=2664 y=1112
KWL HOME icon name="Browser" x=2808 y=1112
KWL HOME icon name="Lock Screen" x=2952 y=1112
KWL HOME icon name="Power Off" x=3096 y=1112
KWL SYSTEM result client=3 object=42 request=732 applied=0
KWL TOUCH shell contact=0 x=1530 y=18
KWL HOME close drag
KWL SYSTEM result client=3 object=42 request=733 applied=0
KWL HOME close via=pull-down at_ms=779979
KWL IME deactivate
KEI-IME DEACTIVATE
KWL FIRST_FRAME what=home-close frame=2069 request_ms=779979 ms=28
KWL HOME closed at_ms=780228
KWL TOUCH shell contact=0 x=1501 y=30
KWL PERF 5004ms: passes=315 timeouts=175 | poll 37.4% work 62.2%
KWL PERF compose frames=111 draw_ms=27.23 (acquire 0.45 submit+present 25.18) frame_ms=27.91
KWL SYSTEM result client=3 object=42 request=734 applied=0
KWL CURSOR frame edges=8
KWL CURSOR frame edges=0
KWL CURSOR frame edges=8
KWL CURSOR frame edges=0
KWL ARRANGE menu open x=1273 y=50 width=536 height=260
KWL ARRANGE menu item=columns x=1408 y=84
KWL ARRANGE menu item=rows x=1674 y=84
KWL ARRANGE menu item=left-main x=1408 y=148
KWL ARRANGE menu item=right-main x=1674 y=148
KWL ARRANGE menu item=top-main x=1408 y=212
KWL ARRANGE menu item=bottom-main x=1674 y=212
KWL ARRANGE menu item=grid x=1541 y=276
KWL ARRANGE menu settled ms=208
KWL SYSTEM result client=3 object=42 request=735 applied=0
KWL ARRANGE menu close via=outside
KWL TOUCH shell contact=0 x=1081 y=19
KWL CURSOR frame edges=1
KWL CURSOR frame edges=0
KWL SYSTEM result client=3 object=42 request=736 applied=0
KWL TOUCH shell contact=0 x=895 y=14
KWL CURSOR frame edges=1
KWL CURSOR frame edges=0
KWL SYSTEM result client=3 object=42 request=737 applied=0
KWL TOUCH shell contact=0 x=1263 y=1267
KWL HOME rise swipe
KWL SYSTEM result client=3 object=42 request=738 applied=0
KWL PERF 5016ms: passes=345 timeouts=183 | poll 39.8% work 59.8%
KWL PERF compose frames=115 draw_ms=25.30 (acquire 1.17 submit+present 22.78) frame_ms=25.74
KWL SYSTEM result client=3 object=42 request=739 applied=0
KWL SYSTEM result client=3 object=42 request=740 applied=0
KWL SYSTEM result client=3 object=42 request=741 applied=0
KWL HOME rise back
KWL HOME closed at_ms=788439
KWL TOUCH shell contact=0 x=1354 y=1261
KWL HOME rise swipe
KWL SYSTEM result client=3 object=42 request=742 applied=0
KWL HOME rise back
KWL HOME closed at_ms=789807
KWL SYSTEM result client=3 object=42 request=743 applied=0
KWL TOUCH down client=2 surface=19 contact=0 x=1594 y=1228
ZFILES TOUCH drag area=1 fingers=1 scroll=0 largest=0
ZFILES TOUCH release vy=-1854 scroll=0
ZFILES TOUCH rest area=1 scroll=0
KWL PERF 5001ms: passes=291 timeouts=95 | poll 25.1% work 74.5%
KWL PERF compose frames=129 draw_ms=27.99 (acquire 0.40 submit+present 25.77) frame_ms=29.08
KWL SYSTEM result client=3 object=42 request=744 applied=0
KWL TOUCH shell contact=0 x=1621 y=1261
KWL HOME rise swipe
KWL SYSTEM result client=3 object=42 request=745 applied=0
KWL SYSTEM result client=3 object=42 request=746 applied=0
KWL HOME open via=edge at_ms=793794
KWL IME activate field home
KEI-IME ACTIVATE
KWL HOME layer=cover after_ms=2
KWL HOME layer=content after_ms=3
KWL FIRST_FRAME what=home-open frame=2395 request_ms=793794 ms=27
KWL HOME opened apps=17 pages=2 page=1 at_ms=794034
KWL HOME icon name="Files" x=600 y=960
KWL HOME icon name="Notes" x=744 y=960
KWL HOME icon name="Settings" x=888 y=960
KWL HOME icon name="Terminal" x=1032 y=960
KWL HOME icon name="PDF Viewer" x=1176 y=960
KWL HOME icon name="Image Viewer" x=1320 y=960
KWL HOME icon name="Video Player" x=600 y=1112
KWL HOME icon name="Music" x=744 y=1112
KWL HOME icon name="Photos" x=888 y=1112
KWL HOME icon name="Phone" x=1032 y=1112
KWL HOME icon name="Calendar" x=1176 y=1112
KWL HOME icon name="Mail" x=1320 y=1112
KWL HOME icon name="Text Editor" x=2520 y=1112
KWL HOME icon name="System Monitor" x=2664 y=1112
KWL HOME icon name="Browser" x=2808 y=1112
KWL HOME icon name="Lock Screen" x=2952 y=1112
KWL HOME icon name="Power Off" x=3096 y=1112
KWL SYSTEM result client=3 object=42 request=747 applied=0
KWL TOUCH shell contact=0 x=1467 y=55
KWL HOME close drag
KWL SYSTEM result client=3 object=42 request=748 applied=0
KWL HOME close back
KWL PERF 5027ms: passes=321 timeouts=124 | poll 33.4% work 66.2%
KWL PERF compose frames=114 draw_ms=28.48 (acquire 0.46 submit+present 25.96) frame_ms=29.03
KWL HOME opened apps=17 pages=2 page=1 at_ms=795832
KWL HOME icon name="Files" x=600 y=960
KWL HOME icon name="Notes" x=744 y=960
KWL HOME icon name="Settings" x=888 y=960
KWL HOME icon name="Terminal" x=1032 y=960
KWL HOME icon name="PDF Viewer" x=1176 y=960
KWL HOME icon name="Image Viewer" x=1320 y=960
KWL HOME icon name="Video Player" x=600 y=1112
KWL HOME icon name="Music" x=744 y=1112
KWL HOME icon name="Photos" x=888 y=1112
KWL HOME icon name="Phone" x=1032 y=1112
KWL HOME icon name="Calendar" x=1176 y=1112
KWL HOME icon name="Mail" x=1320 y=1112
KWL HOME icon name="Text Editor" x=2520 y=1112
KWL HOME icon name="System Monitor" x=2664 y=1112
KWL HOME icon name="Browser" x=2808 y=1112
KWL HOME icon name="Lock Screen" x=2952 y=1112
KWL HOME icon name="Power Off" x=3096 y=1112
KWL TOUCH shell contact=0 x=1494 y=202
KWL HOME close drag
KWL SYSTEM result client=3 object=42 request=749 applied=0
KWL SYSTEM result client=3 object=42 request=750 applied=0
KWL HOME close via=pull-down at_ms=797539
KWL IME deactivate
KEI-IME DEACTIVATE
KWL FIRST_FRAME what=home-close frame=2483 request_ms=797539 ms=26
KWL HOME closed at_ms=797786
KWL TOUCH shell contact=0 x=1648 y=1261
KWL SYSTEM result client=3 object=42 request=751 applied=0
KWL HOME rise swipe
KWL HOME open via=edge at_ms=798772
KWL IME activate field home
KEI-IME ACTIVATE
KWL HOME layer=cover after_ms=1
KWL HOME layer=content after_ms=2
KWL FIRST_FRAME what=home-open frame=2506 request_ms=798772 ms=22
KWL HOME opened apps=17 pages=2 page=1 at_ms=799020
KWL HOME icon name="Files" x=600 y=960
KWL HOME icon name="Notes" x=744 y=960
KWL HOME icon name="Settings" x=888 y=960
KWL HOME icon name="Terminal" x=1032 y=960
KWL HOME icon name="PDF Viewer" x=1176 y=960
KWL HOME icon name="Image Viewer" x=1320 y=960
KWL HOME icon name="Video Player" x=600 y=1112
KWL HOME icon name="Music" x=744 y=1112
KWL HOME icon name="Photos" x=888 y=1112
KWL HOME icon name="Phone" x=1032 y=1112
KWL HOME icon name="Calendar" x=1176 y=1112
KWL HOME icon name="Mail" x=1320 y=1112
KWL HOME icon name="Text Editor" x=2520 y=1112
KWL HOME icon name="System Monitor" x=2664 y=1112
KWL HOME icon name="Browser" x=2808 y=1112
KWL HOME icon name="Lock Screen" x=2952 y=1112
KWL HOME icon name="Power Off" x=3096 y=1112
KWL TOUCH shell contact=0 x=1528 y=11
KWL HOME close drag
KWL SYSTEM result client=3 object=42 request=752 applied=0
KWL HOME close via=pull-down at_ms=799598
KWL IME deactivate
KEI-IME DEACTIVATE
KWL FIRST_FRAME what=home-close frame=2530 request_ms=799598 ms=23
KWL HOME closed at_ms=799857
KWL TOUCH shell contact=0 x=1543 y=1260
KWL HOME rise swipe
KWL HOME open via=edge at_ms=800373
KWL IME activate field home
KEI-IME ACTIVATE
KWL HOME layer=cover after_ms=1
KWL HOME layer=content after_ms=2
KWL FIRST_FRAME what=home-open frame=2552 request_ms=800373 ms=21
KWL SYSTEM result client=3 object=42 request=753 applied=0
KWL HOME opened apps=17 pages=2 page=1 at_ms=800622
KWL HOME icon name="Files" x=600 y=960
KWL HOME icon name="Notes" x=744 y=960
KWL HOME icon name="Settings" x=888 y=960
KWL HOME icon name="Terminal" x=1032 y=960
KWL HOME icon name="PDF Viewer" x=1176 y=960
KWL HOME icon name="Image Viewer" x=1320 y=960
KWL HOME icon name="Video Player" x=600 y=1112
KWL HOME icon name="Music" x=744 y=1112
KWL HOME icon name="Photos" x=888 y=1112
KWL HOME icon name="Phone" x=1032 y=1112
KWL HOME icon name="Calendar" x=1176 y=1112
KWL HOME icon name="Mail" x=1320 y=1112
KWL HOME icon name="Text Editor" x=2520 y=1112
KWL HOME icon name="System Monitor" x=2664 y=1112
KWL HOME icon name="Browser" x=2808 y=1112
KWL HOME icon name="Lock Screen" x=2952 y=1112
KWL HOME icon name="Power Off" x=3096 y=1112
KWL TOUCH shell contact=0 x=1542 y=324
KWL HOME close drag
KWL PERF 5013ms: passes=283 timeouts=138 | poll 26.0% work 73.6%
KWL PERF compose frames=129 draw_ms=27.89 (acquire 0.37 submit+present 25.82) frame_ms=28.43
KWL HOME close via=pull-down at_ms=801033
KWL IME deactivate
KEI-IME DEACTIVATE
KWL FIRST_FRAME what=home-close frame=2572 request_ms=801033 ms=27
KWL HOME closed at_ms=801280
KWL TOUCH down client=2 surface=19 contact=0 x=1538 y=1244
ZFILES TOUCH drag area=1 fingers=1 scroll=0 largest=0
KWL SYSTEM result client=3 object=42 request=754 applied=0
ZFILES TOUCH release vy=-4049 scroll=0
ZFILES TOUCH rest area=1 scroll=0
KWL TOUCH down client=2 surface=19 contact=0 x=1532 y=1247
ZFILES TOUCH drag area=1 fingers=1 scroll=0 largest=0
KWL SYSTEM result client=3 object=42 request=755 applied=0
ZFILES TOUCH release vy=-1848 scroll=0
ZFILES TOUCH rest area=1 scroll=0
KWL TOUCH shell contact=0 x=1610 y=29
KWL SYSTEM result client=3 object=42 request=756 applied=0
KWL TOUCH down client=2 surface=19 contact=0 x=1585 y=1258
ZFILES TOUCH drag area=1 fingers=1 scroll=0 largest=0
KWL SYSTEM result client=3 object=42 request=757 applied=0
ZFILES TOUCH release vy=-922 scroll=0
ZFILES TOUCH rest area=1 scroll=0
KWL TOUCH shell contact=0 x=1393 y=1262
KWL HOME rise swipe
KWL SYSTEM result client=3 object=42 request=758 applied=0
KWL PERF 5012ms: passes=483 timeouts=249 | poll 63.6% work 35.9%
KWL PERF compose frames=61 draw_ms=28.03 (acquire 0.44 submit+present 26.06) frame_ms=28.68
KWL HOME open via=edge at_ms=805890
KWL IME activate field home
KEI-IME ACTIVATE
KWL HOME layer=cover after_ms=1
KWL HOME layer=content after_ms=2
KWL FIRST_FRAME what=home-open frame=2628 request_ms=805890 ms=25
KWL HOME opened apps=17 pages=2 page=1 at_ms=806139
KWL HOME icon name="Files" x=600 y=960
KWL HOME icon name="Notes" x=744 y=960
KWL HOME icon name="Settings" x=888 y=960
KWL HOME icon name="Terminal" x=1032 y=960
KWL HOME icon name="PDF Viewer" x=1176 y=960
KWL HOME icon name="Image Viewer" x=1320 y=960
KWL HOME icon name="Video Player" x=600 y=1112
KWL HOME icon name="Music" x=744 y=1112
KWL HOME icon name="Photos" x=888 y=1112
KWL HOME icon name="Phone" x=1032 y=1112
KWL HOME icon name="Calendar" x=1176 y=1112
KWL HOME icon name="Mail" x=1320 y=1112
KWL HOME icon name="Text Editor" x=2520 y=1112
KWL HOME icon name="System Monitor" x=2664 y=1112
KWL HOME icon name="Browser" x=2808 y=1112
KWL HOME icon name="Lock Screen" x=2952 y=1112
KWL HOME icon name="Power Off" x=3096 y=1112
KWL SYSTEM result client=3 object=42 request=759 applied=0
KWL TOUCH shell contact=0 x=0 y=671
KWL HOME page drag
KWL HOME page page=1 pages=2 via=drag
KWL TOUCH shell contact=0 x=1202 y=686
KWL HOME page settled page=1 pages=2
KWL HOME icon name="Files" x=600 y=960
KWL HOME icon name="Notes" x=744 y=960
KWL HOME icon name="Settings" x=888 y=960
KWL HOME icon name="Terminal" x=1032 y=960
KWL HOME icon name="PDF Viewer" x=1176 y=960
KWL HOME icon name="Image Viewer" x=1320 y=960
KWL HOME icon name="Video Player" x=600 y=1112
KWL HOME icon name="Music" x=744 y=1112
KWL HOME icon name="Photos" x=888 y=1112
KWL HOME icon name="Phone" x=1032 y=1112
KWL HOME icon name="Calendar" x=1176 y=1112
KWL HOME icon name="Mail" x=1320 y=1112
KWL HOME icon name="Text Editor" x=2520 y=1112
KWL HOME icon name="System Monitor" x=2664 y=1112
KWL HOME icon name="Browser" x=2808 y=1112
KWL HOME icon name="Lock Screen" x=2952 y=1112
KWL HOME icon name="Power Off" x=3096 y=1112
KWL HOME page drag
KWL HOME page page=2 pages=2 via=drag
KWL HOME page settled page=2 pages=2
KWL HOME icon name="Files" x=-1320 y=960
KWL HOME icon name="Notes" x=-1176 y=960
KWL HOME icon name="Settings" x=-1032 y=960
KWL HOME icon name="Terminal" x=-888 y=960
KWL HOME icon name="PDF Viewer" x=-744 y=960
KWL HOME icon name="Image Viewer" x=-600 y=960
KWL HOME icon name="Video Player" x=-1320 y=1112
KWL HOME icon name="Music" x=-1176 y=1112
KWL HOME icon name="Photos" x=-1032 y=1112
KWL HOME icon name="Phone" x=-888 y=1112
KWL HOME icon name="Calendar" x=-744 y=1112
KWL HOME icon name="Mail" x=-600 y=1112
KWL HOME icon name="Text Editor" x=600 y=1112
KWL HOME icon name="System Monitor" x=744 y=1112
KWL HOME icon name="Browser" x=888 y=1112
KWL HOME icon name="Lock Screen" x=1032 y=1112
KWL HOME icon name="Power Off" x=1176 y=1112
KWL SYSTEM result client=3 object=42 request=760 applied=0
KWL TOUCH shell contact=0 x=802 y=738
KWL HOME page drag
KWL HOME page page=1 pages=2 via=drag
KWL HOME page settled page=1 pages=2
KWL HOME icon name="Files" x=600 y=960
KWL HOME icon name="Notes" x=744 y=960
KWL HOME icon name="Settings" x=888 y=960
KWL HOME icon name="Terminal" x=1032 y=960
KWL HOME icon name="PDF Viewer" x=1176 y=960
KWL HOME icon name="Image Viewer" x=1320 y=960
KWL HOME icon name="Video Player" x=600 y=1112
KWL HOME icon name="Music" x=744 y=1112
KWL HOME icon name="Photos" x=888 y=1112
KWL HOME icon name="Phone" x=1032 y=1112
KWL HOME icon name="Calendar" x=1176 y=1112
KWL HOME icon name="Mail" x=1320 y=1112
KWL HOME icon name="Text Editor" x=2520 y=1112
KWL HOME icon name="System Monitor" x=2664 y=1112
KWL HOME icon name="Browser" x=2808 y=1112
KWL HOME icon name="Lock Screen" x=2952 y=1112
KWL HOME icon name="Power Off" x=3096 y=1112
KWL TOUCH shell contact=0 x=1193 y=683
KWL HOME page drag
KWL HOME page page=1 pages=2 via=drag
KWL HOME page settled page=1 pages=2
KWL HOME icon name="Files" x=600 y=960
KWL HOME icon name="Notes" x=744 y=960
KWL HOME icon name="Settings" x=888 y=960
KWL HOME icon name="Terminal" x=1032 y=960
KWL HOME icon name="PDF Viewer" x=1176 y=960
KWL HOME icon name="Image Viewer" x=1320 y=960
KWL HOME icon name="Video Player" x=600 y=1112
KWL HOME icon name="Music" x=744 y=1112
KWL HOME icon name="Photos" x=888 y=1112
KWL HOME icon name="Phone" x=1032 y=1112
KWL HOME icon name="Calendar" x=1176 y=1112
KWL HOME icon name="Mail" x=1320 y=1112
KWL HOME icon name="Text Editor" x=2520 y=1112
KWL HOME icon name="System Monitor" x=2664 y=1112
KWL HOME icon name="Browser" x=2808 y=1112
KWL HOME icon name="Lock Screen" x=2952 y=1112
KWL HOME icon name="Power Off" x=3096 y=1112
KWL SYSTEM result client=3 object=42 request=761 applied=0
KWL TOUCH shell contact=0 x=635 y=692
KWL HOME page drag
KWL HOME page page=1 pages=2 via=drag
KWL HOME page settled page=1 pages=2
KWL HOME icon name="Files" x=600 y=960
KWL HOME icon name="Notes" x=744 y=960
KWL HOME icon name="Settings" x=888 y=960
KWL HOME icon name="Terminal" x=1032 y=960
KWL HOME icon name="PDF Viewer" x=1176 y=960
KWL HOME icon name="Image Viewer" x=1320 y=960
KWL HOME icon name="Video Player" x=600 y=1112
KWL HOME icon name="Music" x=744 y=1112
KWL HOME icon name="Photos" x=888 y=1112
KWL HOME icon name="Phone" x=1032 y=1112
KWL HOME icon name="Calendar" x=1176 y=1112
KWL HOME icon name="Mail" x=1320 y=1112
KWL HOME icon name="Text Editor" x=2520 y=1112
KWL HOME icon name="System Monitor" x=2664 y=1112
KWL HOME icon name="Browser" x=2808 y=1112
KWL HOME icon name="Lock Screen" x=2952 y=1112
KWL HOME icon name="Power Off" x=3096 y=1112
KWL TOUCH shell contact=0 x=724 y=657
KWL HOME page drag
KWL SYSTEM result client=3 object=42 request=762 applied=0
KWL HOME page page=1 pages=2 via=drag
KWL HOME page settled page=1 pages=2
KWL HOME icon name="Files" x=600 y=960
KWL HOME icon name="Notes" x=744 y=960
KWL HOME icon name="Settings" x=888 y=960
KWL HOME icon name="Terminal" x=1032 y=960
KWL HOME icon name="PDF Viewer" x=1176 y=960
KWL HOME icon name="Image Viewer" x=1320 y=960
KWL HOME icon name="Video Player" x=600 y=1112
KWL HOME icon name="Music" x=744 y=1112
KWL HOME icon name="Photos" x=888 y=1112
KWL HOME icon name="Phone" x=1032 y=1112
KWL HOME icon name="Calendar" x=1176 y=1112
KWL HOME icon name="Mail" x=1320 y=1112
KWL HOME icon name="Text Editor" x=2520 y=1112
KWL HOME icon name="System Monitor" x=2664 y=1112
KWL HOME icon name="Browser" x=2808 y=1112
KWL HOME icon name="Lock Screen" x=2952 y=1112
KWL HOME icon name="Power Off" x=3096 y=1112
KWL TOUCH shell contact=0 x=1147 y=726
KWL HOME page drag
KWL SYSTEM result client=3 object=42 request=763 applied=0
KWL PERF 5013ms: passes=335 timeouts=212 | poll 37.0% work 62.6%
KWL PERF compose frames=140 draw_ms=21.75 (acquire 0.38 submit+present 19.60) frame_ms=22.67
KWL HOME page page=2 pages=2 via=drag
KWL HOME page settled page=2 pages=2
KWL HOME icon name="Files" x=-1320 y=960
KWL HOME icon name="Notes" x=-1176 y=960
KWL HOME icon name="Settings" x=-1032 y=960
KWL HOME icon name="Terminal" x=-888 y=960
KWL HOME icon name="PDF Viewer" x=-744 y=960
KWL HOME icon name="Image Viewer" x=-600 y=960
KWL HOME icon name="Video Player" x=-1320 y=1112
KWL HOME icon name="Music" x=-1176 y=1112
KWL HOME icon name="Photos" x=-1032 y=1112
KWL HOME icon name="Phone" x=-888 y=1112
KWL HOME icon name="Calendar" x=-744 y=1112
KWL HOME icon name="Mail" x=-600 y=1112
KWL HOME icon name="Text Editor" x=600 y=1112
KWL HOME icon name="System Monitor" x=744 y=1112
KWL HOME icon name="Browser" x=888 y=1112
KWL HOME icon name="Lock Screen" x=1032 y=1112
KWL HOME icon name="Power Off" x=1176 y=1112
KWL TOUCH shell contact=0 x=566 y=680
KWL HOME page drag
KWL SYSTEM result client=3 object=42 request=764 applied=0
KWL HOME page page=1 pages=2 via=drag
KWL HOME page settled page=1 pages=2
KWL HOME icon name="Files" x=600 y=960
KWL HOME icon name="Notes" x=744 y=960
KWL HOME icon name="Settings" x=888 y=960
KWL HOME icon name="Terminal" x=1032 y=960
KWL HOME icon name="PDF Viewer" x=1176 y=960
KWL HOME icon name="Image Viewer" x=1320 y=960
KWL HOME icon name="Video Player" x=600 y=1112
KWL HOME icon name="Music" x=744 y=1112
KWL HOME icon name="Photos" x=888 y=1112
KWL HOME icon name="Phone" x=1032 y=1112
KWL HOME icon name="Calendar" x=1176 y=1112
KWL HOME icon name="Mail" x=1320 y=1112
KWL HOME icon name="Text Editor" x=2520 y=1112
KWL HOME icon name="System Monitor" x=2664 y=1112
KWL HOME icon name="Browser" x=2808 y=1112
KWL HOME icon name="Lock Screen" x=2952 y=1112
KWL HOME icon name="Power Off" x=3096 y=1112
KWL TOUCH shell contact=0 x=1080 y=704
KWL HOME page drag
KWL HOME page page=1 pages=2 via=drag
KWL SYSTEM result client=3 object=42 request=765 applied=0
KWL HOME page settled page=1 pages=2
KWL HOME icon name="Files" x=600 y=960
KWL HOME icon name="Notes" x=744 y=960
KWL HOME icon name="Settings" x=888 y=960
KWL HOME icon name="Terminal" x=1032 y=960
KWL HOME icon name="PDF Viewer" x=1176 y=960
KWL HOME icon name="Image Viewer" x=1320 y=960
KWL HOME icon name="Video Player" x=600 y=1112
KWL HOME icon name="Music" x=744 y=1112
KWL HOME icon name="Photos" x=888 y=1112
KWL HOME icon name="Phone" x=1032 y=1112
KWL HOME icon name="Calendar" x=1176 y=1112
KWL HOME icon name="Mail" x=1320 y=1112
KWL HOME icon name="Text Editor" x=2520 y=1112
KWL HOME icon name="System Monitor" x=2664 y=1112
KWL HOME icon name="Browser" x=2808 y=1112
KWL HOME icon name="Lock Screen" x=2952 y=1112
KWL HOME icon name="Power Off" x=3096 y=1112
KWL TOUCH shell contact=0 x=996 y=730
KWL HOME page drag
KWL SYSTEM result client=3 object=42 request=766 applied=0
KWL HOME page page=2 pages=2 via=drag
KWL HOME page settled page=2 pages=2
KWL HOME icon name="Files" x=-1320 y=960
KWL HOME icon name="Notes" x=-1176 y=960
KWL HOME icon name="Settings" x=-1032 y=960
KWL HOME icon name="Terminal" x=-888 y=960
KWL HOME icon name="PDF Viewer" x=-744 y=960
KWL HOME icon name="Image Viewer" x=-600 y=960
KWL HOME icon name="Video Player" x=-1320 y=1112
KWL HOME icon name="Music" x=-1176 y=1112
KWL HOME icon name="Photos" x=-1032 y=1112
KWL HOME icon name="Phone" x=-888 y=1112
KWL HOME icon name="Calendar" x=-744 y=1112
KWL HOME icon name="Mail" x=-600 y=1112
KWL HOME icon name="Text Editor" x=600 y=1112
KWL HOME icon name="System Monitor" x=744 y=1112
KWL HOME icon name="Browser" x=888 y=1112
KWL HOME icon name="Lock Screen" x=1032 y=1112
KWL HOME icon name="Power Off" x=1176 y=1112
KWL TOUCH shell contact=0 x=533 y=727
KWL HOME page drag
KWL SYSTEM result client=3 object=42 request=767 applied=0
KWL HOME page page=1 pages=2 via=drag
KWL HOME page settled page=1 pages=2
KWL HOME icon name="Files" x=600 y=960
KWL HOME icon name="Notes" x=744 y=960
KWL HOME icon name="Settings" x=888 y=960
KWL HOME icon name="Terminal" x=1032 y=960
KWL HOME icon name="PDF Viewer" x=1176 y=960
KWL HOME icon name="Image Viewer" x=1320 y=960
KWL HOME icon name="Video Player" x=600 y=1112
KWL HOME icon name="Music" x=744 y=1112
KWL HOME icon name="Photos" x=888 y=1112
KWL HOME icon name="Phone" x=1032 y=1112
KWL HOME icon name="Calendar" x=1176 y=1112
KWL HOME icon name="Mail" x=1320 y=1112
KWL HOME icon name="Text Editor" x=2520 y=1112
KWL HOME icon name="System Monitor" x=2664 y=1112
KWL HOME icon name="Browser" x=2808 y=1112
KWL HOME icon name="Lock Screen" x=2952 y=1112
KWL HOME icon name="Power Off" x=3096 y=1112
KWL SYSTEM result client=3 object=42 request=768 applied=0
KWL PERF 5004ms: passes=384 timeouts=279 | poll 51.7% work 47.9%
KWL PERF compose frames=115 draw_ms=20.10 (acquire 0.54 submit+present 18.06) frame_ms=21.11
KWL SYSTEM result client=3 object=42 request=769 applied=0
KWL SYSTEM result client=3 object=42 request=770 applied=0
KWL SYSTEM result client=3 object=42 request=771 applied=0
KWL SYSTEM result client=3 object=42 request=772 applied=0
KWL PERF 5000ms: passes=504 timeouts=495 | poll 98.6% work 1.0%
KWL SYSTEM result client=3 object=42 request=773 applied=0
KWL TOUCH shell contact=0 x=1911 y=1257
KWL SYSTEM result client=3 object=42 request=774 applied=0
KWL TOUCH shell contact=0 x=1915 y=1037
KWL SYSTEM result client=3 object=42 request=775 applied=0
KWL TOUCH shell contact=0 x=35 y=1212
KWL HOME close drag
KWL HOME close back
KWL HOME opened apps=17 pages=2 page=1 at_ms=823240
KWL HOME icon name="Files" x=600 y=960
KWL HOME icon name="Notes" x=744 y=960
KWL HOME icon name="Settings" x=888 y=960
KWL HOME icon name="Terminal" x=1032 y=960
KWL HOME icon name="PDF Viewer" x=1176 y=960
KWL HOME icon name="Image Viewer" x=1320 y=960
KWL HOME icon name="Video Player" x=600 y=1112
KWL HOME icon name="Music" x=744 y=1112
KWL HOME icon name="Photos" x=888 y=1112
KWL HOME icon name="Phone" x=1032 y=1112
KWL HOME icon name="Calendar" x=1176 y=1112
KWL HOME icon name="Mail" x=1320 y=1112
KWL HOME icon name="Text Editor" x=2520 y=1112
KWL HOME icon name="System Monitor" x=2664 y=1112
KWL HOME icon name="Browser" x=2808 y=1112
KWL HOME icon name="Lock Screen" x=2952 y=1112
KWL HOME icon name="Power Off" x=3096 y=1112
KWL SYSTEM result client=3 object=42 request=776 applied=0
KWL TOUCH shell contact=0 x=520 y=43
KWL HOME page drag
KWL HOME page page=1 pages=2 via=drag
KWL HOME page settled page=1 pages=2
KWL HOME icon name="Files" x=600 y=960
KWL HOME icon name="Notes" x=744 y=960
KWL HOME icon name="Settings" x=888 y=960
KWL HOME icon name="Terminal" x=1032 y=960
KWL HOME icon name="PDF Viewer" x=1176 y=960
KWL HOME icon name="Image Viewer" x=1320 y=960
KWL HOME icon name="Video Player" x=600 y=1112
KWL HOME icon name="Music" x=744 y=1112
KWL HOME icon name="Photos" x=888 y=1112
KWL HOME icon name="Phone" x=1032 y=1112
KWL HOME icon name="Calendar" x=1176 y=1112
KWL HOME icon name="Mail" x=1320 y=1112
KWL HOME icon name="Text Editor" x=2520 y=1112
KWL HOME icon name="System Monitor" x=2664 y=1112
KWL HOME icon name="Browser" x=2808 y=1112
KWL HOME icon name="Lock Screen" x=2952 y=1112
KWL HOME icon name="Power Off" x=3096 y=1112
KWL SYSTEM result client=3 object=42 request=777 applied=0
KWL TOUCH shell contact=0 x=1410 y=658
KWL HOME page drag
KWL HOME page page=2 pages=2 via=drag
KWL PERF 5001ms: passes=483 timeouts=392 | poll 77.6% work 22.0%
KWL PERF compose frames=46 draw_ms=22.49 (acquire 0.35 submit+present 20.47) frame_ms=23.45
KWL HOME page settled page=2 pages=2
KWL HOME icon name="Files" x=-1320 y=960
KWL HOME icon name="Notes" x=-1176 y=960
KWL HOME icon name="Settings" x=-1032 y=960
KWL HOME icon name="Terminal" x=-888 y=960
KWL HOME icon name="PDF Viewer" x=-744 y=960
KWL HOME icon name="Image Viewer" x=-600 y=960
KWL HOME icon name="Video Player" x=-1320 y=1112
KWL HOME icon name="Music" x=-1176 y=1112
KWL HOME icon name="Photos" x=-1032 y=1112
KWL HOME icon name="Phone" x=-888 y=1112
KWL HOME icon name="Calendar" x=-744 y=1112
KWL HOME icon name="Mail" x=-600 y=1112
KWL HOME icon name="Text Editor" x=600 y=1112
KWL HOME icon name="System Monitor" x=744 y=1112
KWL HOME icon name="Browser" x=888 y=1112
KWL HOME icon name="Lock Screen" x=1032 y=1112
KWL HOME icon name="Power Off" x=1176 y=1112
KWL SYSTEM result client=3 object=42 request=778 applied=0
KWL TOUCH shell contact=0 x=572 y=633
KWL HOME page drag
KWL HOME page page=1 pages=2 via=drag
KWL HOME page settled page=1 pages=2
KWL HOME icon name="Files" x=600 y=960
KWL HOME icon name="Notes" x=744 y=960
KWL HOME icon name="Settings" x=888 y=960
KWL HOME icon name="Terminal" x=1032 y=960
KWL HOME icon name="PDF Viewer" x=1176 y=960
KWL HOME icon name="Image Viewer" x=1320 y=960
KWL HOME icon name="Video Player" x=600 y=1112
KWL HOME icon name="Music" x=744 y=1112
KWL HOME icon name="Photos" x=888 y=1112
KWL HOME icon name="Phone" x=1032 y=1112
KWL HOME icon name="Calendar" x=1176 y=1112
KWL HOME icon name="Mail" x=1320 y=1112
KWL HOME icon name="Text Editor" x=2520 y=1112
KWL HOME icon name="System Monitor" x=2664 y=1112
KWL HOME icon name="Browser" x=2808 y=1112
KWL HOME icon name="Lock Screen" x=2952 y=1112
KWL HOME icon name="Power Off" x=3096 y=1112
KWL SYSTEM result client=3 object=42 request=779 applied=0
KWL SYSTEM result client=3 object=42 request=780 applied=0
KWL SYSTEM result client=3 object=42 request=781 applied=0
KWL SYSTEM result client=3 object=42 request=782 applied=0
KWL PERF 5007ms: passes=489 timeouts=467 | poll 90.9% work 8.8%
KWL PERF compose frames=20 draw_ms=19.24 (acquire 0.85 submit+present 17.37) frame_ms=20.20
KWL SYSTEM result client=3 object=42 request=783 applied=0
KWL CURSOR shown by=touchpad
KWL GESTURE kind=swipe2 phase=end travel_um=0 speed=0
KWL AXIS stop
KWL SYSTEM result client=3 object=42 request=784 applied=0
KWL SYSTEM result client=3 object=42 request=785 applied=0
KWL CURSOR hidden by=touch
KWL TOUCH shell contact=0 x=1778 y=19
KWL SYSTEM result client=3 object=42 request=786 applied=0
KWL SYSTEM result client=3 object=42 request=787 applied=0
KWL PERF 5001ms: passes=502 timeouts=473 | poll 95.0% work 4.6%
KWL PERF compose frames=8 draw_ms=22.10 (acquire 0.32 submit+present 20.31) frame_ms=22.68
KWL SYSTEM result client=3 object=42 request=788 applied=0
KWL SYSTEM result client=3 object=42 request=789 applied=0
KWL EVENT input changed
KWL INPUT_CLOSED device=/dev/input/event3 errno=5
KWL TOUCH removed device=/dev/input/event3
KWL OUTPUT display index=0 name=zedbsd-port-v1:pci:0000:00:02.0:dp:TC2 internal=0 shown=1 width=1920 height=1280
KWL OUTPUT display index=1 name=zedbsd-port-v1:pci:0000:00:02.0:edp:A internal=1 shown=0 width=1920 height=1080
KWL OUTPUT displays count=2
KWL SYSTEM result client=3 object=42 request=790 applied=0
KWL SYSTEM result client=3 object=42 request=791 applied=0
KWL SYSTEM result client=3 object=42 request=792 applied=0
KWL PERF 5007ms: passes=510 timeouts=499 | poll 98.6% work 1.0%
KWL SYSTEM result client=3 object=42 request=793 applied=0
KWL SYSTEM result client=3 object=42 request=794 applied=0
KWL SYSTEM result client=3 object=42 request=795 applied=0
KWL SYSTEM result client=3 object=42 request=796 applied=0
KWL SYSTEM result client=3 object=42 request=797 applied=0
KWL PERF 5000ms: passes=510 timeouts=500 | poll 98.6% work 1.0%
KWL SYSTEM result client=3 object=42 request=798 applied=0
KWL SYSTEM result client=3 object=42 request=799 applied=0
KWL SYSTEM result client=3 object=42 request=800 applied=0
KWL CURSOR shown by=touchpad
KWL OUTPUT lost operation=acquire result=-1000001004
KWL OUTPUT display index=0 name=zedbsd-port-v1:pci:0000:00:02.0:dp:TC2 internal=0 shown=1 width=1920 height=1280
KWL OUTPUT display index=1 name=zedbsd-port-v1:pci:0000:00:02.0:edp:A internal=1 shown=0 width=1920 height=1080
KWL OUTPUT displays count=2
KWL OUTPUT closed
KWL STARTUP step=output-display ms=0
KWL STARTUP step=output-pipelines ms=1
KWL STARTUP step=output-swapchain ms=15
KWL STARTUP step=output-targets ms=0
KWL OUTPUT open width=1920 height=1280 images=3 format=37
KWL OUTPUT reopen name=zedbsd-port-v1:pci:0000:00:02.0:dp:TC2 width=1920 height=1280 refresh_mhz=59999
KWL OUTPUT display index=0 name=zedbsd-port-v1:pci:0000:00:02.0:dp:TC2 internal=0 shown=1 width=1920 height=1280
KWL OUTPUT display index=1 name=zedbsd-port-v1:pci:0000:00:02.0:edp:A internal=1 shown=0 width=1920 height=1080
KWL OUTPUT displays count=2
KWL OUTPUT lost operation=acquire result=-1000000000
KWL OUTPUT display index=0 name=zedbsd-port-v1:pci:0000:00:02.0:dp:TC2 internal=0 shown=1 width=1920 height=1280
KWL OUTPUT display index=1 name=zedbsd-port-v1:pci:0000:00:02.0:edp:A internal=1 shown=0 width=1920 height=1080
KWL OUTPUT displays count=2
KWL OUTPUT closed
KWL STARTUP step=output-display ms=0
KWL STARTUP step=output-pipelines ms=0
KWL STARTUP step=output-swapchain ms=15
KWL STARTUP step=output-targets ms=1
KWL OUTPUT open width=1920 height=1280 images=3 format=37
KWL OUTPUT reopen name=zedbsd-port-v1:pci:0000:00:02.0:dp:TC2 width=1920 height=1280 refresh_mhz=59999
KWL OUTPUT display index=0 name=zedbsd-port-v1:pci:0000:00:02.0:dp:TC2 internal=0 shown=1 width=1920 height=1280
KWL OUTPUT display index=1 name=zedbsd-port-v1:pci:0000:00:02.0:edp:A internal=1 shown=0 width=1920 height=1080
KWL OUTPUT displays count=2
KWL OUTPUT lost operation=acquire result=-1000000000
KWL OUTPUT display index=0 name=zedbsd-port-v1:pci:0000:00:02.0:dp:TC2 internal=0 shown=1 width=1920 height=1280
KWL OUTPUT display index=1 name=zedbsd-port-v1:pci:0000:00:02.0:edp:A internal=1 shown=0 width=1920 height=1080
KWL OUTPUT displays count=2
KWL OUTPUT closed
KWL STARTUP step=output-display ms=1
KWL STARTUP step=output-pipelines ms=0
KWL STARTUP step=output-swapchain ms=16
KWL STARTUP step=output-targets ms=0
KWL OUTPUT open width=1920 height=1280 images=3 format=37
KWL OUTPUT reopen name=zedbsd-port-v1:pci:0000:00:02.0:dp:TC2 width=1920 height=1280 refresh_mhz=59999
KWL OUTPUT display index=0 name=zedbsd-port-v1:pci:0000:00:02.0:dp:TC2 internal=0 shown=1 width=1920 height=1280
KWL OUTPUT display index=1 name=zedbsd-port-v1:pci:0000:00:02.0:edp:A internal=1 shown=0 width=1920 height=1080
KWL OUTPUT displays count=2
KWL GESTURE kind=top2 phase=begin travel_um=3163 speed=0
KWL GESTURE kind=top2 phase=update travel_um=3704 speed=10820
KWL GESTURE kind=top2 phase=update travel_um=4287 speed=22480
KWL GESTURE kind=top2 phase=update travel_um=4870 speed=34140
KWL GESTURE kind=top2 phase=update travel_um=5578 speed=48300
KWL GESTURE kind=top2 phase=update travel_um=6286 speed=62460
KWL GESTURE kind=top2 phase=update travel_um=6952 speed=75780
KWL GESTURE kind=top2 phase=update travel_um=7660 speed=89940
KWL GESTURE kind=top2 phase=update travel_um=8368 speed=104100
KWL GESTURE kind=top2 phase=update travel_um=8784 speed=112420
KWL GESTURE kind=top2 phase=update travel_um=9159 speed=119920
KWL GESTURE kind=top2 phase=update travel_um=10242 speed=136134
KWL GESTURE kind=top2 phase=end travel_um=10242 speed=122051
KWL SYSTEM result client=3 object=42 request=801 applied=0
KWL PERF 5000ms: passes=508 timeouts=457 | poll 95.1% work 4.5%
KWL PERF compose frames=3 draw_ms=23.51 (acquire 0.11 submit+present 22.00) frame_ms=24.00
KWL SYSTEM result client=3 object=42 request=802 applied=0
KWL SYSTEM result client=3 object=42 request=803 applied=0
KWL SYSTEM result client=3 object=42 request=804 applied=0
KWL SYSTEM result client=3 object=42 request=805 applied=0
KWL SYSTEM result client=3 object=42 request=806 applied=0
KWL PERF 5000ms: passes=510 timeouts=500 | poll 98.7% work 0.9%
KWL SYSTEM result client=3 object=42 request=807 applied=0
KWL SYSTEM result client=3 object=42 request=808 applied=0
KWL SYSTEM result client=3 object=42 request=809 applied=0
KWL SYSTEM result client=3 object=42 request=810 applied=0
KWL SYSTEM result client=3 object=42 request=811 applied=0
KWL PERF 5001ms: passes=509 timeouts=499 | poll 98.5% work 1.1%
KWL SYSTEM result client=3 object=42 request=812 applied=0
KWL SYSTEM result client=3 object=42 request=813 applied=0
KWL SYSTEM result client=3 object=42 request=814 applied=0
KWL SYSTEM result client=3 object=42 request=815 applied=0
KWL SYSTEM result client=3 object=42 request=816 applied=0
KWL PERF 5001ms: passes=507 timeouts=497 | poll 98.8% work 0.9%
KWL SYSTEM result client=3 object=42 request=817 applied=0
KWL SYSTEM result client=3 object=42 request=818 applied=0
KWL SYSTEM result client=3 object=42 request=819 applied=0
KWL SYSTEM result client=3 object=42 request=820 applied=0
KWL SYSTEM result client=3 object=42 request=821 applied=0
KWL PERF 5005ms: passes=510 timeouts=500 | poll 99.0% work 0.8%
KWL SYSTEM result client=3 object=42 request=822 applied=0
KWL SYSTEM result client=3 object=42 request=823 applied=0
KWL SYSTEM result client=3 object=42 request=824 applied=0
KWL OUTPUT lost operation=acquire result=-1000000000
KWL OUTPUT display index=0 name=zedbsd-port-v1:pci:0000:00:02.0:edp:A internal=1 shown=0 width=1920 height=1080
KWL OUTPUT displays count=1
KWL OUTPUT closed
KWL STARTUP step=output-display ms=0
KWL STARTUP step=output-pipelines ms=0
KWL STARTUP step=output-swapchain ms=8
KWL STARTUP step=output-targets ms=0
KWL OUTPUT open width=1920 height=1080 images=3 format=37
KWL STARTUP step=wallpaper-picture ms=9
KWL GLASS resize width=1920 height=1080 ms=162
KWL OUTPUT window surface=19 state=floating x=12 y=520 w=948 h=548
KWL OUTPUT window surface=19 state=floating x=12 y=108 w=948 h=548
KWL OUTPUT window surface=19 state=floating x=544 y=108 w=948 h=1156
KWL OUTPUT resized width=1920 height=1080 refresh_mhz=60011
KWL OUTPUT switch name=zedbsd-port-v1:pci:0000:00:02.0:edp:A width=1920 height=1080 refresh_mhz=60011
KWL OUTPUT display index=0 name=zedbsd-port-v1:pci:0000:00:02.0:edp:A internal=1 shown=1 width=1920 height=1080
KWL OUTPUT displays count=1
KWL BOUNDS changed width=1896 height=960 was=1896x1160
KWL BOUNDS client=5 surface=19 width=1896 height=960
KWL CONFIGURE client=5 surface=19 serial=381 width=948 height=548 fullscreen=0
KWL BOUNDS client=4 surface=19 width=1896 height=960
KWL CONFIGURE client=4 surface=19 serial=382 width=948 height=548 fullscreen=0
KWL BOUNDS client=3 surface=19 width=1896 height=960
KWL CONFIGURE client=3 surface=19 serial=383 width=948 height=1156 fullscreen=0
ZFILES DESKTOP configure x=0 y=44 width=1920 height=1036
KWL DESKTOP ack serial=380
KWL IMPORT client=2 buffer=51 width=1920 height=1036 bytes=7958528
ZFILES DESKTOP grid width=1920 height=1036 columns=19 rows=9
ZFILES DESKTOP ready items=0 cells=0 width=1920 height=1036 at_ms=874246 newest_age_ms=-1 hidden=0
ZFILES SLOW-FRAME draw=1 present=550 copy=5 acquire=0 queue=0 wait=1
KWL IMPORT client=2 buffer=52 width=1920 height=1036 bytes=7958528
KWL IMPORT client=2 buffer=53 width=1920 height=1036 bytes=7958528
KWL SYSTEM result client=3 object=42 request=825 applied=0
KWL PERF 5000ms: passes=433 timeouts=419 | poll 82.9% work 16.9%
KWL PERF compose frames=3 draw_ms=204.57 (acquire 185.73 submit+present 17.96) frame_ms=205.32
KWL SYSTEM result client=3 object=42 request=826 applied=0
KWL SYSTEM result client=3 object=42 request=827 applied=0
KWL HOME page drag
KWL HOME page page=2 pages=2 via=drag
KWL SYSTEM result client=3 object=42 request=828 applied=0
KWL HOME page settled page=2 pages=2
KWL HOME icon name="Files" x=-1320 y=760
KWL HOME icon name="Notes" x=-1176 y=760
KWL HOME icon name="Settings" x=-1032 y=760
KWL HOME icon name="Terminal" x=-888 y=760
KWL HOME icon name="PDF Viewer" x=-744 y=760
KWL HOME icon name="Image Viewer" x=-600 y=760
KWL HOME icon name="Video Player" x=-1320 y=912
KWL HOME icon name="Music" x=-1176 y=912
KWL HOME icon name="Photos" x=-1032 y=912
KWL HOME icon name="Phone" x=-888 y=912
KWL HOME icon name="Calendar" x=-744 y=912
KWL HOME icon name="Mail" x=-600 y=912
KWL HOME icon name="Text Editor" x=600 y=912
KWL HOME icon name="System Monitor" x=744 y=912
KWL HOME icon name="Browser" x=888 y=912
KWL HOME icon name="Lock Screen" x=1032 y=912
KWL HOME icon name="Power Off" x=1176 y=912
KWL SYSTEM result client=3 object=42 request=829 applied=0
KWL SYSTEM result client=3 object=42 request=830 applied=0
KWL PERF 5004ms: passes=472 timeouts=384 | poll 80.7% work 19.0%
KWL PERF compose frames=50 draw_ms=18.00 (acquire 0.40 submit+present 16.74) frame_ms=18.42
KWL SYSTEM result client=3 object=42 request=831 applied=0
KWL SYSTEM result client=3 object=42 request=832 applied=0
KWL SYSTEM result client=3 object=42 request=833 applied=0
KWL SYSTEM result client=3 object=42 request=834 applied=0
KWL SYSTEM result client=3 object=42 request=835 applied=0
KWL PERF 5002ms: passes=475 timeouts=465 | poll 98.8% work 0.9%
KWL SYSTEM result client=3 object=42 request=836 applied=0
KWL SYSTEM result client=3 object=42 request=837 applied=0
KWL SYSTEM result client=3 object=42 request=838 applied=0
KWL SYSTEM result client=3 object=42 request=839 applied=0
KWL SYSTEM result client=3 object=42 request=840 applied=0
KWL PERF 5003ms: passes=472 timeouts=462 | poll 98.8% work 0.9%
KWL SYSTEM result client=3 object=42 request=841 applied=0
KWL SYSTEM result client=3 object=42 request=842 applied=0
KWL SYSTEM result client=3 object=42 request=843 applied=0
KWL SYSTEM result client=3 object=42 request=844 applied=0
KWL SYSTEM result client=3 object=42 request=845 applied=0
KWL PERF 5004ms: passes=488 timeouts=478 | poll 98.9% work 0.8%
KWL SYSTEM result client=3 object=42 request=846 applied=0
KWL SYSTEM result client=3 object=42 request=847 applied=0
KWL SYSTEM result client=3 object=42 request=848 applied=0
KWL SYSTEM result client=3 object=42 request=849 applied=0
KWL SYSTEM result client=3 object=42 request=850 applied=0
KWL PERF 5004ms: passes=507 timeouts=497 | poll 98.8% work 0.8%
KWL SYSTEM result client=3 object=42 request=851 applied=0
KWL SYSTEM result client=3 object=42 request=852 applied=0
KWL NETWORK state reachable=1 connected=0 kind=none interface= wifi=searching ssid=
KWL SYSTEM result client=3 object=42 request=853 applied=0
ZSETTINGS NETWORK wired-link name=ue0 mode=1 address= router=
KWL SYSTEM result client=3 object=42 request=854 applied=0
KWL PERF 5009ms: passes=483 timeouts=475 | poll 98.4% work 1.3%
KWL PERF compose frames=1 draw_ms=23.62 (acquire 0.04 submit+present 22.83) frame_ms=26.06
KWL SYSTEM result client=3 object=42 request=855 applied=0
KWL NETWORK state reachable=1 connected=0 kind=none interface= wifi=searching ssid=
KWL NETWORK state reachable=1 connected=1 kind=wired interface=ue0 wifi=searching ssid=
ZSETTINGS NETWORK state reachable=1 connected=1 kind=1 interface=ue0 wifi=2 ssid=
KWL SYSTEM result client=3 object=42 request=856 applied=0
ZSETTINGS NETWORK wired-link name=ue0 mode=1 address=10.0.30.3 router=10.0.0.1
KWL SYSTEM result client=3 object=42 request=857 applied=0
KWL SYSTEM result client=3 object=42 request=858 applied=0
KWL SYSTEM result client=3 object=42 request=859 applied=0
KWL PERF 5007ms: passes=498 timeouts=487 | poll 97.6% work 2.0%
KWL PERF compose frames=3 draw_ms=17.76 (acquire 0.04 submit+present 16.96) frame_ms=20.71
KWL SYSTEM result client=3 object=42 request=860 applied=0
KWL SYSTEM result client=3 object=42 request=861 applied=0
KWL SYSTEM result client=3 object=42 request=862 applied=0
KWL SYSTEM result client=3 object=42 request=863 applied=0
KWL SYSTEM result client=3 object=42 request=864 applied=0
KWL PERF 5002ms: passes=485 timeouts=475 | poll 98.7% work 0.9%
KWL SYSTEM result client=3 object=42 request=865 applied=0
KWL SYSTEM result client=3 object=42 request=866 applied=0
KWL SYSTEM result client=3 object=42 request=867 applied=0
KWL NETWORK state reachable=1 connected=1 kind=wired interface=ue0 wifi=searching ssid=
KWL SYSTEM result client=3 object=42 request=868 applied=0
KWL PERF 5005ms: passes=464 timeouts=456 | poll 98.3% work 1.4%
KWL PERF compose frames=1 draw_ms=20.88 (acquire 0.04 submit+present 19.98) frame_ms=23.73
KWL SYSTEM result client=3 object=42 request=869 applied=0
KWL SYSTEM result client=3 object=42 request=870 applied=0
KWL SYSTEM result client=3 object=42 request=871 applied=0
KWL SYSTEM result client=3 object=42 request=872 applied=0
KWL SYSTEM result client=3 object=42 request=873 applied=0
KWL PERF 5010ms: passes=469 timeouts=459 | poll 98.8% work 0.9%
KWL SYSTEM result client=3 object=42 request=874 applied=0
KWL SYSTEM result client=3 object=42 request=875 applied=0
KWL SYSTEM result client=3 object=42 request=876 applied=0
KWL SYSTEM result client=3 object=42 request=877 applied=0
KWL SYSTEM result client=3 object=42 request=878 applied=0
KWL PERF 5003ms: passes=473 timeouts=463 | poll 98.8% work 0.9%
KWL SYSTEM result client=3 object=42 request=879 applied=0
KWL SYSTEM result client=3 object=42 request=880 applied=0
KWL SYSTEM result client=3 object=42 request=881 applied=0
KWL SYSTEM result client=3 object=42 request=882 applied=0
KWL SYSTEM result client=3 object=42 request=883 applied=0
KWL PERF 5006ms: passes=494 timeouts=484 | poll 98.4% work 1.3%
KWL PERF compose frames=1 draw_ms=21.01 (acquire 0.03 submit+present 20.28) frame_ms=23.72
KWL SYSTEM result client=3 object=42 request=884 applied=0
KWL SYSTEM result client=3 object=42 request=885 applied=0
KWL SYSTEM result client=3 object=42 request=886 applied=0
KWL SYSTEM result client=3 object=42 request=887 applied=0
KWL SYSTEM result client=3 object=42 request=888 applied=0
KWL PERF 5005ms: passes=505 timeouts=495 | poll 98.8% work 0.9%
KWL SYSTEM result client=3 object=42 request=889 applied=0
KWL SYSTEM result client=3 object=42 request=890 applied=0
KWL SYSTEM result client=3 object=42 request=891 applied=0
KWL SYSTEM result client=3 object=42 request=892 applied=0
KWL SYSTEM result client=3 object=42 request=893 applied=0
KWL PERF 5005ms: passes=508 timeouts=498 | poll 98.8% work 0.9%
KWL SYSTEM result client=3 object=42 request=894 applied=0
KWL SYSTEM result client=3 object=42 request=895 applied=0
KWL SYSTEM result client=3 object=42 request=896 applied=0
KWL SYSTEM result client=3 object=42 request=897 applied=0
KWL SYSTEM result client=3 object=42 request=898 applied=0
KWL PERF 5000ms: passes=509 timeouts=499 | poll 98.9% work 0.8%
KWL SYSTEM result client=3 object=42 request=899 applied=0
KWL SYSTEM result client=3 object=42 request=900 applied=0
KWL SYSTEM result client=3 object=42 request=901 applied=0
KWL SYSTEM result client=3 object=42 request=902 applied=0
KWL PERF 5000ms: passes=508 timeouts=499 | poll 98.9% work 0.8%
KWL SYSTEM result client=3 object=42 request=903 applied=0
KWL SYSTEM result client=3 object=42 request=904 applied=0
KWL SYSTEM result client=3 object=42 request=905 applied=0
KWL SYSTEM result client=3 object=42 request=906 applied=0
KWL SYSTEM result client=3 object=42 request=907 applied=0
KWL PERF 5000ms: passes=509 timeouts=500 | poll 98.8% work 0.9%
KWL SYSTEM result client=3 object=42 request=908 applied=0
