boot: kernel heap, process, and scheduler initialization
I/O pool large=24 small=24 resident=1675264 budget=67108864
boot: HAL initialized successfully. [cpu 12, memory 7876MB, timer 1ms]
boot: CPUs ready: 12
boot: platform device discovery
usb: URB completion contract q009-release-acquire-v1
pci: ECAM segment 0000 bus 00 at 00000000:c0000000
i915: device 8086:46a8 rev 0c attached
i915: device 8086:46a8 registered; the start waits for kernel readiness
xhci: pci 0000:00:0d.0 id=8086:461e sub=1028:0b02 rev=04 parent=root
xhci: pci 0000:00:0d.0 BAR0 type=64 size=00000000:00010000 original=00000060:55280000/00000060:55280004 final=00000060:55280000/00000060:55280004 mapped=65536
xhci: pci 0000:00:0d.0 command=0006->0002 (MEM on, MASTER off)
xhci: pci 0000:00:0d.0 caps len=80 version=0120 hcs1=03000840 hcs2=14200054 hcc1=20007fc1 dboff=00003000 rtsoff=00002000 reject=00000000:ok
usb0: xHCI, 3 root ports
xhci: PCI controller, version=120 ports=3 slots=64 irq=0 MSI
xhci: pci 0000:00:14.0 id=8086:51ed sub=1028:0b02 rev=01 parent=root
xhci: pci 0000:00:14.0 BAR0 type=64 size=00000000:00010000 original=00000060:55260000/00000060:55260004 final=00000060:55260000/00000060:55260004 mapped=65536
xhci: pci 0000:00:14.0 command=0006->0002 (MEM on, MASTER off)
xhci: pci 0000:00:14.0 caps len=80 version=0120 hcs1=10000840 hcs2=14200054 hcc1=20007fc1 dboff=00003000 rtsoff=00002000 reject=00000000:ok
usb1: xHCI, 16 root ports
xhci: PCI controller, version=120 ports=16 slots=64 irq=0 MSI
intel-ax211: controller retained; WLAN publication deferred
hda: codec 0, 2 output pin(s), input yes, volume yes, 1 format(s), MSI
acpi: PCI_Config region of absent function 0:10.6 reads as all ones
acpi: PCI_Config region of absent function 0:10.7 reads as all ones
ACPI Debug: "[DellRtd3 Adl_Tbt SSDT][AcpiTableEntry]"
ACPI Debug: 0x47c4607
ACPI Debug: "[DellRtd3 Adl_Tbt SSDT][AcpiTableExit]"
ACPI Debug: 0x47c6f0f
ACPI Debug: "[DellUsbPortXhciAdl xh_adl SSDT][AcpiTableEntry]"
ACPI Debug: 0x47cd6a3
ACPI Debug: "[DellUsbPortXhciAdl xh_adl SSDT][AcpiTableExit]"
ACPI Debug: 0x47d0a0f
ACPI Debug: "CPU XHCI PCIe MMIO Address0xC0068000"
ACPI Debug: "TDM0 MMIO Address0xC006A000"
ACPI Debug: "TDM1 MMIO Address0xC006B000"
ACPI Debug: "BASE of ITBT Port0x0"
ACPI Debug: "PCIe MMIO Address0xC0038000"
ACPI Debug: "BASE of ITBT Port0x1"
ACPI Debug: "PCIe MMIO Address0xC0039000"
ACPI Debug: "BASE of ITBT Port0x2"
ACPI Debug: "PCIe MMIO Address0xC003A000"
ACPI Debug: "BASE of ITBT Port0x3"
ACPI Debug: "PCIe MMIO Address0xC003B000"
ACPI Debug: "TCSS xHCI _STA0x1"
ACPI Debug: "TCSS DMA0 _STA0x1"
ACPI Debug: "TCSS DMA1 _STA0x0"
ACPI Debug: "TCSS RP0 _STA0x1"
ACPI Debug: "TCSS RP1 _STA0x1"
ACPI Debug: "TCSS RP2 _STA0x0"
ACPI Debug: "TCSS RP3 _STA0x0"
ACPI: S5 is SLP_TYP 7/0
ACPI: reset register port 0xb2 value 0x73 width 8
ACPI: SCI_EN 1, PM1_EN 0x20, 4 runtime GPEs
acpi: SCI on IRQ 9
ACPI: Notify(\_SB_.LID0, 0x80) has no handler
ACPI: EC at ports 0x930/0x934, GPE 0x6e
acpi: first SCI handled
ACPI: Notify(\_SB_.PR00, 0x80) has no handler
acpi: lid events on GPE 0x18
acpi: power-button events on GPE 0x18
acpi: power device lid value 1
acpi: power device power-button value -1
acpi: power device sleep-button value -1
acpi: power device ac value 1
acpi: power device battery0 value 100
ACPI: LPS0 \_SB_.PEPD, Intel functions 0x7f, Microsoft functions 0x1ff
acpi: 33 tables listed, namespace ready
pci: _CRS window 0x70800000-0xbfffffff
pci: _CRS window 0x4000000000-0x7fffffffff
pci: 0000:00:15.1 BAR0 assigned 0x4010000000 size 0x1000 from _CRS window 0x4000000000-0x7fffffffff
pci: 0000:00:15.0 BAR0 assigned 0x4010001000 size 0x1000 from _CRS window 0x4000000000-0x7fffffffff
lpss-i2c: 00:15.1 ready, FIFO tx 64 rx 64, clock 133000 kHz
lpss-i2c: 00:15.0 ready, FIFO tx 64 rx 64, clock 133000 kHz
ucsi: the mailbox is exchanged under \ECMU
ucsi: \_SB_.UBTC, mailbox 0x614e3000 (0x1000 bytes), version 0x0100, the 1.x arrangement
typec: display port TC1: connector 0 (group 0 position 1), bound (error 0)
typec: display port TC2: connector 1 (group 0 position 2), bound (error 0)
typec: display port TC3: no single connector at group 0 position 0 (visible 0), not bound
typec: display port TC4: no single connector at group 0 position 0 (visible 0), not bound
graphics: built-in VGA 8x16 font selected
ucsi: version 1.0.0, 1.x mailbox
boot: platform devices detected: 0
ucsi: rec 1 W 0000000000000001
ACPI: Notify(\_SB_.PR01, 0x80) has no handler
boot: waiting up to 5 seconds for boot storage
ucsi: rec 2 R 10000000 1 0
ucsi: rec 3 R 08000000 1 0
xhci: port 6 reset complete portsc=00000e03
ucsi: rec 4 W 0000000080010005
ucsi: rec 5 R 80000000 1 0
usb1: device 1 port 6 0c45:6d1d class ef configuration=1 configured (no supported configuration; first selected)
usb1: device 1 interface 0 class 0e/01/00 no-driver
usb1: device 1 interface 1 class 0e/02/00 no-driver
ucsi: rec 6 W 0000000000020004
ACPI: Notify(\_SB_.PR02, 0x80) has no handler
ucsi: rec 7 R 20000000 1 0
ucsi: rec 8 W 0000000000000006
xhci: port 8 reset complete portsc=00000e03
ucsi: rec 9 R 80001000 1 16
ucsi: rec 9 I 0 44030000021400000400000000032001
ucsi: rec 10 W 0000000000020004
usb1: device 2 port 8 0a5c:5842 class 00 configuration=1 configured
usb1: device 2 interface 0 class fe/00/00 no-driver
usb1: device 2 interface 1 class 0b/00/00 no-driver
smartcard: /dev/smartcard0: 58200 slot 0 of 1
usb-ccid: 58200: 1 slot(s), extended APDUs, messages of 528 bytes
usb1: device 2 interface 2 class 0b/00/00 driver=usb-ccid
usb1: device 2 interface 3 class ff/00/00 no-driver
ucsi: rec 11 R 20000000 1 0
ACPI: Notify(\_SB_.PR03, 0x80) has no handler
ucsi: 2 connectors, 4 Alternate Modes, features 0x000014
ucsi: rec 12 W 0000000000010007
ucsi: rec 13 R 80000200 1 2
ucsi: rec 13 I 0 e137
ucsi: rec 14 W 0000000000020004
xhci: port 10 reset complete portsc=00000603
ucsi: rec 15 R 20000000 1 0
usb1: port 10 enumeration failed (3)
xhci: port 15 reset complete portsc=00001203
ucsi: rec 16 W 000001000100000c
ACPI: Notify(\_SB_.PR04, 0x80) has no handler
usb1: device 3 port 15 30de:6545 class 00 configuration=1 configured
ucsi: rec 17 R 80000c00 1 12
ucsi: rec 17 I 0 87800100000001ff461c0000
zedBSD 1.0.0-beta2
usb-storage: sda blocks=122019840 block-size=512 cache=unknown dpofua=no flush=sync-cache
boot: parameters: boot0=UUID=67B7-B966 rootpart=PARTLABEL=zedBSD-root swap0=PARTLABEL=zedBSD-swap logo=logo.ppm login=graphical kmsg=quiet
usb1: device 3 interface 0 class 08/06/50 driver=usb-storage
boot: ignored 1 unknown parameter; first=logo
ucsi: rec 18 W 0000000000020004
boot: VFS initialization
vfs: boot BIOS=80 GPT partition=unknown devices=0
i915: display device: 8086:46a8 -> display version 13, Alder Lake-P class (XE_LPD)
input: /dev/input/event0: PC/AT PS/2 mouse
i915: PM probe get_sync: cfg_vendor=0x8086 usage=1 active=1 resume_rc=0
input: /dev/input/event1: PC/AT PS/2 keyboard
i915: pci_enable_device ok (command=0x0007)
i915: uncore BAR mapped (8388608 bytes)
i915: device_info: slice_fuse=0x00000001(1) dss_fuse=0x0000001f(5 DSS)
i915: gt_init_mmio: clock=19200000Hz period=52ns sseu(slice=0x1 dss=0x1f eu/ss=16 total=80) l3bank=0x7 engine_mask=0x10503 engines=5 fault=0x0
i915: engine[0] rcs0: class=0 inst=0 base=0x02000 reset_domain=0x2 ctx_size=57344 caps=0x0
xhci: port 3 reset complete portsc=00001203
i915: engine[1] bcs0: class=3 inst=0 base=0x22000 reset_domain=0x4 ctx_size=8192 caps=0x0
vfs: native boot disk=none physical disks=1
i915: engine[2] vcs0: class=1 inst=0 base=0x1c0000 reset_domain=0x20 ctx_size=8192 caps=0x3
i915: engine[3] vcs2: class=1 inst=2 base=0x1d0000 reset_domain=0x80 ctx_size=8192 caps=0x3
i915: engine[4] vecs0: class=2 inst=0 base=0x1c8000 reset_domain=0x2000 ctx_size=8192 caps=0x2
i915: gt_reset attempt=0 passes=2 rc=0
i915: sanitize_gpu __intel_gt_reset(ALL_ENGINES) ok
i915: dma_request: streaming_mask=0x7fffffffff coherent_mask=0x7fffffffff max_seg=0xffffffff
i915: ggtt_probe: ggms=3 entries=1048576 (4096 MiB GPU VA window)
i915: scratch: cpu=0xffff800100704000 dma=0x100704000 len=0x1000 ggtt_pte=0x100704001
i915: ggtt_init_hw: gmadr=0x4000000000 mappable_end=0x10000000
i915: ggtt_init_hw: WC aperture mapped base=0x4000000000 size=0x10000000 va=0xfffffffec103a000 attr=RW|WC
i915: ggtt_init_hw: 32 fence registers initialized
ucsi: rec 19 R 20000000 1 0
i915: pci_set_master ok (command=0x0007)
i915: pci_enable_msi ok (vector programmed, msi_enabled=1, handler unattached)
i915: P2 opregion: ASLS=0x614e5018
i915: P2 opregion: data=AVAILABLE ver=2.1 mboxes=0x1d VBT via RVDA size=8704 valid=1 | runtime=DISABLED (ACPI_RUNTIME_UNAVAILABLE (no AML / ACPI event delivery in zedBSD): the OpRegion is used as data only)
i915: P2 opregion runtime mailboxes as found (observed only; this driver writes none of them): ACPI drdy=0x0 csts=0x0 cevt=0x0 chpd=0x0 clid=0x80000003 | ASLE ardy=0x0 aslc=0x0 tche=0x0
i915: P2 opregion: sign='IntelGraphicsMem' size=8KiB version=0x02010000
i915: dram: raw=0x00003420 type=0 channels=2 qgv_points=4 psf_gv_points=3 wm_lv0_adjust=0
usb0: device 1 port 3 0bda:8156 class 00 configuration=2 configured
i915: bw: QGV 0 DCLK=2134 tRP=15 tRDPRE=8 tRAS=35 tRCD=15 tRC=50
ucsi: rec 20 W 000001020100000c
i915: bw: QGV 1 DCLK=2934 tRP=21 tRDPRE=12 tRAS=47 tRCD=21 tRC=68
i915: bw: QGV 2 DCLK=3201 tRP=22 tRDPRE=12 tRAS=52 tRCD=22 tRC=74
gpt: sda protective MBR extent mismatch: advertised-last=4329471 gpt-last=122019839; using GPT
i915: bw: QGV 3 DCLK=2668 tRP=19 tRDPRE=10 tRAS=43 tRCD=19 tRC=62
vfs: scan sda H/S=255/63 blocks=122019840: 3 entries
i915: bw: PSF GV 0 CLK=32
vfs: sda partition 1 start=00000000:00000800 data=00000000:00000800 blocks=00000000:00020000
i915: bw: PSF GV 1 CLK=48
usb-cdc-ncm: ue0 mac=6c:1f:f7:06:14:8a
vfs: sda partition 2 start=00000000:00020800 data=00000000:00020800 blocks=00000000:00200000
i915: bw: PSF GV 2 CLK=48
vfs: sda partition 3 start=00000000:00220800 data=00000000:00220800 blocks=00000000:00200000
usb0: device 1 interface 0 class 02/0d/00 driver=usb-cdc-ncm
i915: bw: BW0/QGV0 num_planes=0 deratedbw=9299 peakbw=34144
usb0: device 1 interface 1 class 0a/00/01 claimed-by=0 driver=usb-cdc-ncm
i915: bw: BW0/QGV1 num_planes=0 deratedbw=10925 peakbw=46944
i915: bw: BW0/QGV2 num_planes=0 deratedbw=11707 peakbw=51216
i915: bw: BW0/QGV3 num_planes=0 deratedbw=10508 peakbw=42688
i915: bw: BW0/PSF0 num_planes=0 bw=34133
i915: bw: BW0/PSF1 num_planes=0 bw=51200
i915: bw: BW0/PSF2 num_planes=0 bw=51200
i915: bw: BW1/QGV0 num_planes=2 deratedbw=11064 peakbw=34144
i915: bw: BW1/QGV1 num_planes=2 deratedbw=13813 peakbw=46944
i915: bw: BW1/QGV2 num_planes=2 deratedbw=14899 peakbw=51216
i915: bw: BW1/QGV3 num_planes=2 deratedbw=13010 peakbw=42688
i915: bw: BW1/PSF0 num_planes=2 bw=34133
i915: bw: BW1/PSF1 num_planes=2 bw=51200
i915: bw: BW1/PSF2 num_planes=2 bw=51200
i915: bw: BW2/QGV0 num_planes=0 deratedbw=12225 peakbw=34144
i915: bw: BW2/QGV1 num_planes=0 deratedbw=15917 peakbw=46944
i915: bw: BW2/QGV2 num_planes=0 deratedbw=17252 peakbw=51216
i915: bw: BW2/QGV3 num_planes=0 deratedbw=14768 peakbw=42688
i915: bw: BW2/PSF0 num_planes=0 bw=34133
i915: bw: BW2/PSF1 num_planes=0 bw=51200
i915: bw: BW2/PSF2 num_planes=0 bw=51200
i915: bw: BW3/QGV0 num_planes=0 deratedbw=12902 peakbw=34144
i915: bw: BW3/QGV1 num_planes=0 deratedbw=17230 peakbw=46944
ucsi: rec 21 R 80000c00 1 12
ACPI: Notify(\_SB_.PR05, 0x80) has no handler
i915: bw: BW3/QGV2 num_planes=0 deratedbw=18731 peakbw=51216
ucsi: rec 21 I 0 3c41010000003c4102000000
i915: bw: BW3/QGV3 num_planes=0 deratedbw=15838 peakbw=42688
i915: bw: BW3/PSF0 num_planes=0 bw=34133
i915: bw: BW3/PSF1 num_planes=0 bw=51200
i915: bw: BW3/PSF2 num_planes=0 bw=51200
i915: bw: BW4/QGV0 num_planes=0 deratedbw=13269 peakbw=34144
i915: bw: BW4/QGV1 num_planes=0 deratedbw=17970 peakbw=46944
i915: bw: BW4/QGV2 num_planes=0 deratedbw=19569 peakbw=51216
i915: bw: BW4/QGV3 num_planes=0 deratedbw=16433 peakbw=42688
i915: bw: BW4/PSF0 num_planes=0 bw=34133
i915: bw: BW4/PSF1 num_planes=0 bw=51200
i915: bw: BW4/PSF2 num_planes=0 bw=51200
i915: bw: BW5/QGV0 num_planes=0 deratedbw=13460 peakbw=34144
i915: bw: BW5/QGV1 num_planes=0 deratedbw=18365 peakbw=46944
i915: bw: BW5/QGV2 num_planes=0 deratedbw=20017 peakbw=51216
i915: bw: BW5/QGV3 num_planes=0 deratedbw=16748 peakbw=42688
i915: bw: BW5/PSF0 num_planes=0 bw=34133
i915: bw: BW5/PSF1 num_planes=0 bw=51200
i915: bw: BW5/PSF2 num_planes=0 bw=51200
i915: bw: sagv_status=2 num_qgv_points=4 num_psf_points=3
ucsi: rec 22 W 0000000000020004
i915: P2 hw_probe tail: dram_detect rc=0 bw_init rc=0 sagv=2
i915: P3 display_driver_probe_noirq enter (device state carried from P2, msi_kept=1)
i915: P3 drm_vblank_init: vblank_slots=4 (per-pipe worker+timer+seqlock)
i915: intel_bios_init: source=1 vbt_found=1 version=249 bdb_blocks=12 child_devices=4 missing_defaults=0 parser_errors=0 arena_peak=5184
i915: VBT child[0]: port=A dvo_port=10 type=0x1806 aux_ch=0 ddc_pin=9 dp=1 edp=1 hdmi=0 typec=0 tbt=0 max_lanes=4 max_rate=0 hpd_invert=0 lane_reversal=0
i915: VBT child[1]: port=B dvo_port=7 type=0x60d2 aux_ch=1 ddc_pin=2 dp=0 edp=0 hdmi=1 typec=0 tbt=0 max_lanes=4 max_rate=0 hpd_invert=0 lane_reversal=0
i915: VBT child[2]: port=D dvo_port=13 type=0x68c6 aux_ch=3 ddc_pin=9 dp=1 edp=0 hdmi=0 typec=1 tbt=1 max_lanes=4 max_rate=810000 hpd_invert=0 lane_reversal=0
vfs: boot0 UUID=67B7-B966 -> /dev/sda1 (private FAT)
i915: VBT child[3]: port=E dvo_port=15 type=0x68c6 aux_ch=4 ddc_pin=10 dp=1 edp=0 hdmi=0 typec=1 tbt=1 max_lanes=4 max_rate=810000 hpd_invert=0 lane_reversal=0
vfs: rootpart selector PARTLABEL=zedBSD-root resolved to /dev/sda2
i915: P3 intel_bios_init done: source=1 vbt_found=1 version=249 child_devices=4
i915: P3 intel_vga_register: client=registered gmch_bridge=found ret=0
i915: P3 intel_power_domains_init: wells=30 allowed_dc=0x4000000a target_dc=0x2 disable_pw=1 (xelpd map)
i915: N0 platform: hypervisor=0 (CPUID.1:ECX[31]; recorded, not a driver mode)
i915: N0 opregion: ASLS=0x614e5018 mapped=1 sig=1 ver=2.1.0 size=8KiB mboxes=0x1d | VBT via RVDA (rvda=0x2000 rvds=8704 relative=1 inside=0 phys=0x614e7018) mapped=1 size=8704 valid=1 sha256=3bff4a0920d55c9a.. matches explicit pin=0
i915: N0 vt-d (GPU unit): GFXVTBAR=0xfed90001 enabled=1 view=native VER=0x00000040 readable=1 GSTS=0x40000000 (TES bit31) PMEN=0x00000000 (EPM bit0 / PRS bit31)
i915: N0 vt-d GSTS decoded: TES=0 RTPS=1 FLS=0 AFLS=0 WBFS=0 QIES=0 IRES=0 IRTPS=0 CFIS=0 | PMEN EPM=0 PRS=0
i915: N0 VBT: observed OPREGION(RVDA) 8704 bytes sha256=3bff4a0920d55c9a.. | adopted by the parser: OPREGION 8704 bytes sha256=3bff4a0920d55c9a.. | same bytes=1
i915: N0 firmware framebuffer: present=1 base=0x4000000000 size=0x7e9000 in_aperture=1 GGTT pages 0..2025 | driver writes GGTT pages 770048..1048576 overlap=0
ucsi: rec 23 R 20000000 1 0
i915: N0 pipe A: READABLE_ACTIVE
i915: N0 pipe A: TRANSCONF=0xc0000000 TRANS_DDI_FUNC_CTL=0x8a210102 PIPESRC=0x077f0437 PLANE_CTL=0x94000008 PLANE_SURF=0x00000000 STRIDE=0x00000078 SIZE=0x0437077f
i915: N0 pipe B: READABLE_INACTIVE
i915: N0 pipe B: TRANSCONF=0x00000000 TRANS_DDI_FUNC_CTL=0x00030000 PIPESRC=0x00000000 PLANE_CTL=0x00000008 PLANE_SURF=0x00000000 STRIDE=0x00000000 SIZE=0x00000000
i915: N0 pipe C: READABLE_INACTIVE
i915: N0 pipe C: TRANSCONF=0x00000000 TRANS_DDI_FUNC_CTL=0x00030000 PIPESRC=0x00000000 PLANE_CTL=0x00000008 PLANE_SURF=0x00000000 STRIDE=0x00000000 SIZE=0x00000000
i915: N0 pipe D: POWER_OFF -- not_readable (its wells' STATE is off: counted inactive, as the reference readout concludes; its registers were not read)
i915: N0 pipe-A domain: DPLL0_ENABLE=0x00000000 DPLL1_ENABLE=0xcc000000 DPCLKA_CFGCR0=0x01e07801 (PHY A -> DPLL 1) DDI_BUF_CTL_A=0x80000002 PP_STATUS=0x80000008 PP_CONTROL=0x00000067 BLC_PWM_CTL=0x80000000 BLC_PWM_DUTY=0x00017700
ucsi: rec 24 W 000001040100000c
i915: N0 decision: PROCEED -- a pipe is active (firmware display): the start takes it over (N1: readout + crtc_disable_noatomic) before its first write (active pipes 0x1, unreadable 0x8)
i915: N0 conditions: primary=0x0 observed=0x81 [ ACTIVE_PIPE OPREGION_PRESENT(data only; runtime disabled)]
i915: N0 before-N0: PCI COMMAND firmware=0x0007 now=0x0007 (BME/MEM set at P2; restored on teardown) | done already: GT reset (GDRST full, display untouched on ADL-P), GT fault/error-register clears, fence clears (0..31), PCODE reads, MSI enabled (no handler), WC CPU view of the aperture | not done: any display register, any GGTT PTE, any D-state change
i915: N0: the firmware's output: DP SST on DDI A, pipe A (lit pipes 0x1)
i915: P3 intel_combo_phy_init: combo PHYs A/B (2 initialised)
i915: BW_BUDDY: ABOX mask 0x3 page_mask 0x1f
i915: P3 intel_combo_phy_init: combo PHYs A/B (0 initialised)
input: /dev/input/event2: 06CB:CE65 Touchpad
i2c-hid: \_SB_.PC00.I2C1.TPD0 06cb:ce65 at 0x2c on \_SB.PC00.I2C1: 06CB:CE65 Touchpad, 5 fingers, 1 buttons
i915: P3 intel_power_domains_init_hw(false) done: cdclk=179200 vco=537600 dbuf=0xf init_ref=1 sync_hw=1
i915: P3 intel_dmc_init: revid=0xc step=D0 DMC load queued (path=i915/adlp_dmc.bin, work_submitted=1)
i915: P3 modeset/flip workqueues: modeset=1 flip=1
i915: Forcing SAGV disable: mask 0x10b
i915: P3 intel_bw_init: obj=3 sagv_forced=1 qgv=0x4 psf=0x6 mask=0x10b pcode=0 sagv_status=1
i915: PCIID cached: ven=0x8086 dev=0x46a8 rev=0x0c subsys=1028:0b02 | live: ven=0x8086 dev=0x46a8 rev=0x0c subsys=1028:0b02
i915: P3 intel_init_quirks: dev=0x46a8 subsys=1028:0b02 quirk_mask=0x0 hooks=0 dmi_available=0
i915: Sanitized enable_fbc value: 1
i915: P3 intel_fbc_init: fbc_mask=0x1 enable_fbc=1 created=1 funcs=6
i915: P3 probe_noirq COMPLETE: global objs=4 (order: cdclk,dbuf,bw,pmdemand) mode_config max=16384x16384 cursor=256x256 async_flip=1
i915: Found Alder Lake PCH
i915: P4 intel_detect_pch: type=8 id=0x5180 source=1 bridges=1 bridge_dev=0x5182 subsys=1028:0b02
i915: intel_irq_install: rc=0 msi_irq=19 attached=1 gt_irqs=0x909 dmask=0x9090909 smask=0x9090000 reset_writes=62 post_writes=28
i915: P4 de masks: pipe_masked=0x10100f80 pipe_enables=0x90700f89 port_masked=0x3f07 misc_masked=0x80000 de_irq_mask[A]=0xefeff07f master_enabled=1
intel-gpio: GPI_IS 0xfd6e0100 (pins 0-25): HOSTSW_OWN 00874004 GPI_IS 00000000 GPI_IE 00000000
intel-gpio: GPI_IS 0xfd6e0104 (pins 32-47): HOSTSW_OWN 0000000c GPI_IS 00000000 GPI_IE 00000000
intel-gpio: GPI_IS 0xfd6e0108 (pins 64-88): HOSTSW_OWN 00fb99e0 GPI_IS 00000000 GPI_IE 00000000
intel-gpio: GPI_IS 0xfd690100 (pins 352-359): HOSTSW_OWN 000000e0 GPI_IS 00000000 GPI_IE 00000000
intel-gpio: GPI_IS 0xfd690104 (pins 65535-65543): HOSTSW_OWN 00000000 GPI_IS 00000000 GPI_IE 00000000
intel-gpio: GPI_IS 0xfd6d0100 (pins 96-103): HOSTSW_OWN 000000ff GPI_IS 00000000 GPI_IE 00000000
intel-gpio: GPI_IS 0xfd6d0104 (pins 128-151): HOSTSW_OWN 0070200f GPI_IS 00000000 GPI_IE 00000000
intel-gpio: GPI_IS 0xfd6d0108 (pins 160-180): HOSTSW_OWN 000f9e14 GPI_IS 00000000 GPI_IE 00000000
ucsi: rec 25 R 80000000 1 0
ACPI: Notify(\_SB_.PR06, 0x80) has no handler
intel-gpio: GPI_IS 0xfd6d010c (pins 192-215): HOSTSW_OWN 00000000 GPI_IS 00000000 GPI_IE 00000000
intel-gpio: GPI_IS 0xfd6d0110 (pins 224-252): HOSTSW_OWN 00000000 GPI_IS 00000000 GPI_IE 00000000
intel-gpio: GPI_IS 0xfd6a0100 (pins 256-279): HOSTSW_OWN 00000024 GPI_IS 00000000 GPI_IE 00000000
i915: irq observed: count=0 handled=0 none=0 gt=0 display=0 last_master_ctl=0x0 gu_misc_iir=0x0
intel-gpio: GPI_IS 0xfd6a0104 (pins 288-312): HOSTSW_OWN 0037fe80 GPI_IS 00000000 GPI_IE 00000000
i915: P5-0 survey pipe A: power(pipe=1 trans=1) TRANSCONF=0xc0000000 TRANS_DDI_FUNC_CTL=0x8a210102 PLANE_CTL(1)=0x94000008
intel-gpio: GPI_IS 0xfd6a0108 (pins 65535-65540): HOSTSW_OWN 00000000 GPI_IS 00000000 GPI_IE 00000000
i915: P5-0 survey pipe B: power(pipe=1 trans=1) TRANSCONF=0x00000000 TRANS_DDI_FUNC_CTL=0x00030000 PLANE_CTL(1)=0x00000008
intel-gpio: GPI_IS 0xfd6a010c (pins 320-344): HOSTSW_OWN 00c3bfff GPI_IS 00000088 GPI_IE 00000000
i915: P5-0 survey pipe C: power(pipe=1 trans=1) TRANSCONF=0x00000000 TRANS_DDI_FUNC_CTL=0x00030000 PLANE_CTL(1)=0x00000008
intel-gpio: GPI_IS 0xfd6a0110 (pins 65535-65544): HOSTSW_OWN 00000000 GPI_IS 00000000 GPI_IE 00000000
ucsi: rec 26 W 0000000000020004
i915: P5-0 survey pipe D: power(pipe=1 trans=1) TRANSCONF=0x00000000 TRANS_DDI_FUNC_CTL=0x00030000 PLANE_CTL(1)=0x00000008
i915: P5-0 survey DDI A: DDI_BUF_CTL=0x80000002
intel-gpio: 15 groups' interrupts turned off before the line is taken
i915: P5-0 survey DDI B: DDI_BUF_CTL=0x00000080
intel-gpio: pin 327 interrupts through irq 14
i915: P5-0 survey DDI TC1: DDI_BUF_CTL=0x00000080
i2c-hid: \_SB_.PC00.I2C1.TPD0 reads on its interrupt (\_SB.GPI0 pin 327)
i915: P5-0 survey DDI TC2: DDI_BUF_CTL=0x00000080
i915: P5-0 survey DDI TC3: DDI_BUF_CTL=0x00000080
i915: P5-0 survey DDI TC4: DDI_BUF_CTL=0x00000080
i915: P5-0 survey PLL DPLL0: ENABLE=0x00000000
i915: P5-0 survey PLL DPLL1: ENABLE=0xcc000000
i915: P5-0 survey PLL TBT: ENABLE=0x00000000
i915: P5-0 survey PLL TC1: ENABLE=0x00000000
i915: P5-0 survey PLL TC2: ENABLE=0x00000000
i915: P5-0 survey PLL TC3: ENABLE=0x00000000
i915: P5-0 survey PLL TC4: ENABLE=0x00000000
i915: P5-0 survey well 'DDI_IO_A': ON but refcount=0 (a sanitize candidate)
i915: P5-0 survey well 'AUX_A': ON but refcount=0 (a sanitize candidate)
i915: P5-0 survey wells: total=30 on=10 on_unused=2
i915: SAGV supported: yes, original SAGV block time: 35 us
i915: P5 4 display pipes available.
i915: P5 Current CDCLK: cdclk=179200 vco=537600 ref=38400 voltage=0
i915: P5a wm: levels=6 latency=3/54/83/102/147/147/144/144 valid=1 sagv_status=1 block_time=35us
i915: P5a objects: crtcs=4 planes/crtc=6 scalers=2 dplls=7(mgr=1) gmbus_pins=9 pps_base=0x61200 gmbus_base=0xc0000
i915: P5a hw: max_cdclk=652800 nssc_ref=38400 adlp_wa=1 hti_read=0 vga_already_off=1 vga_disabled=0 writes=2 (gmbus_adapters/hdcp_component unimplemented: 1/1)
i915: edp init_connector (in setup_outputs): vbt_source=1 port=A aux_ch=0 panel_early=1 type=2 pps(100us) t1_t3=2000 t8=800 t9=2000 t10=1100 t11_t12=5000 controller=0 well_refs=14
ucsi: rec 27 R 20000000 1 0
ucsi: rec 28 W 0000000000010012
i915: edp pps before: PP_STATUS=0x80000008 PP_CONTROL=0x00000067 PP_ON_DELAYS=0x00010001 PP_OFF_DELAYS=0x044c0001
i915: edp pps after intel_pps_init: PP_STATUS=0x80000008 PP_CONTROL=0x00000067 PP_ON_DELAYS=0x07d00001 PP_OFF_DELAYS=0x044c0001
i915: edp pps: idx=0 valid=1 delays(ms) up=200 down=110 cycle=600 bl_on=80 bl_off=200
i915: edp acquire: rc=0 stage=4 failed_stage=0 dpcd_ok=1 edp_dpcd_ok=1 link_cfg_ok=1 edid_ok=1 edid_blocks=1 ext=0 i2c_defers=0 i2c_nacks=0 log_errors=0 wait_timeouts=0 time_faults=0 elapsed_ms=18 | sleeps: tick=0 (0 us) short=0 (0 us)
i915: edp DPCD 000: 11 0a 02 41 00 00 01 00 02 00 00 00 00 0b 00 | eDP 700: 01 18 00 (ok=1) | 100: 0a 02 (ok=1)
i915: edp EDID +000: 00 ff ff ff ff ff ff 00 06 af 99 2b 00 00 00 00
i915: edp EDID +010: 00 1f 01 04 95 1d 11 78 02 93 05 92 58 59 90 29
i915: edp EDID +020: 1d 50 54 00 00 00 01 01 01 01 01 01 01 01 01 01
i915: edp EDID +030: 01 01 01 01 01 01 00 37 80 a0 70 38 30 40 10 10
i915: edp EDID +040: 3e 00 25 a5 10 00 00 1a 00 2c 80 a0 70 38 30 40
i915: edp EDID +050: 10 10 3e 00 25 a5 10 00 00 1a 00 00 00 fe 00 35
i915: edp EDID +060: 47 54 4b 30 80 42 31 33 33 48 41 4e 00 00 00 00
i915: edp EDID +070: 00 01 41 23 99 00 10 00 00 0a 01 0a 20 20 00 74
i915: edp EDID sha256=503058223c08a628.. mfg=06af product=2b99
i915: edp pps after intel_pps_init_late: PP_STATUS=0x80000008 PP_CONTROL=0x0000006f PP_ON_DELAYS=0x07d00001 PP_OFF_DELAYS=0x044c0001
i915: edp late: rc=0 panel_late=1 type=2 delays(ms) up=200 down=110 cycle=600 | KEPT: vdd_hw=1 vdd_wakeref=1 off_reserved=1 (in 3000 ms) refs core=0 aux=1 well_refs=17
i915: LCD-A rc=0 mode 1920x1080 clock=140800 kHz h 1920/1936/1952/2080 v 1080/1083/1097/1128 sync +- bpc=6 | link 270000 kHz x2 (sink max 270000 x2, use_max_params=1) bpp=18 need=316800 have=540000 kBps | TU=64 data M/N 0x4b17e4/0x800000 link M/N 273406/524288 | DPLL ref=38400 kHz CFGCR0=0x00e001a5 CFGCR1=0x00000088 DIV0=0x0 | notes=0
i915: LCD-A cpu-transcoder[12] rmw   0x420c0 = 0x80000000 clear=0x00000000 (computed; NOT written)
i915: LCD-A cpu-transcoder[13] write 0x60420 = 0x00000000 clear=0x00000000 (computed; NOT written)
ucsi: rec 29 R 80000900 1 9
i915: LCD-A cpu-transcoder[14] write 0x6002c = 0x00000000 clear=0x00000000 (computed; NOT written)
ucsi: rec 29 I 0 00000b202cb1845301
i915: LCD-A cpu-transcoder[15] rmw   0x420c0 = 0x00000000 clear=0x18000000 (computed; NOT written)
i915: LCD-A cpu-transcoder[16] write 0x70008 = 0x00000000 clear=0x00000000 (computed; NOT written)
i915: LCD-A ddi[0] write 0x60410 = 0x00000001 (computed; NOT written)
i915: LCD-A ddi[1] write 0x60404 = 0x00000000 (computed; NOT written)
i915: LCD-A ddi[2] write 0x60400 = 0x8a210002 (computed; NOT written)
i915: LCD-A ddi: DDI_BUF_CTL value=0x00000002 (enable bit comes with link training) | DDI_BUF_CTL_A readout now=0x80000002
i915: LCD-A word[ 0] 0x60030 = 0x7e4b17e4 (computed; NOT written)
i915: LCD-A word[ 1] 0x60034 = 0x00800000 (computed; NOT written)
i915: LCD-A word[ 2] 0x60040 = 0x00042bfe (computed; NOT written)
i915: LCD-A word[ 3] 0x60044 = 0x00080000 (computed; NOT written)
i915: LCD-A word[ 4] 0x6007c = 0x00000000 (computed; NOT written)
i915: LCD-A word[ 5] 0x60028 = 0x00000000 (computed; NOT written)
i915: LCD-A word[ 6] 0x60000 = 0x081f077f (computed; NOT written)
ucsi: rec 30 W 0000000000020004
ACPI: Notify(\_SB_.PR07, 0x80) has no handler
i915: LCD-A word[ 7] 0x60004 = 0x081f077f (computed; NOT written)
i915: LCD-A word[ 8] 0x60008 = 0x079f078f (computed; NOT written)
i915: LCD-A word[ 9] 0x6000c = 0x04670437 (computed; NOT written)
i915: LCD-A word[10] 0x60010 = 0x04670000 (computed; NOT written)
i915: LCD-A word[11] 0x60014 = 0x0448043a (computed; NOT written)
i915: LCD-A word[12] 0x6001c = 0x077f0437 (computed; NOT written)
i915: P5b setup_outputs: vbt_children=4 ddi_init=4 encoders=4 skipped=0 crt_present=0
i915: P5b encoder[0]: port=A phy=0 tc=0 clk=1 pd=17 dvo=0x0a dev_type=0x1806 dp=1 hdmi=0
i915: P5b encoder[1]: port=B phy=1 tc=0 clk=1 pd=18 dvo=0x07 dev_type=0x60d2 dp=0 hdmi=1
i915: P5b encoder[2]: port=D phy=5 tc=1 clk=2 pd=23 dvo=0x0d dev_type=0x68c6 dp=1 hdmi=0
i915: P5b encoder[3]: port=E phy=6 tc=1 clk=2 pd=24 dvo=0x0f dev_type=0x68c6 dp=1 hdmi=0
i915: P5c [CRTC:A] hw state readout: enabled
i915: P5c [CRTC:B] hw state readout: disabled
i915: P5c [CRTC:C] hw state readout: disabled
i915: P5c [CRTC:D] hw state readout: disabled
i915: P5c [ENCODER port A] hw state readout: enabled pipe_mask=0x1 mst=0
i915: P5c [ENCODER port B] hw state readout: disabled pipe_mask=0x0 mst=0
i915: P5c [ENCODER port D] hw state readout: disabled pipe_mask=0x0 mst=0
i915: P5c [ENCODER port E] hw state readout: disabled pipe_mask=0x0 mst=0
i915: P5c [ENCODER port A] get_config: ICL_DPCLKA_CFGCR0=0x01e07801 -> shared_dpll id 1
i915: P5c DPLL 0 hw state readout: pipe_mask 0x0, on 0
i915: P5c DPLL 1 hw state readout: pipe_mask 0x1, on 1
i915: P5c TBT PLL hw state readout: pipe_mask 0x0, on 0
i915: P5c TC PLL 1 hw state readout: pipe_mask 0x0, on 0
i915: P5c TC PLL 2 hw state readout: pipe_mask 0x0, on 0
i915: P5c TC PLL 3 hw state readout: pipe_mask 0x0, on 0
i915: P5c TC PLL 4 hw state readout: pipe_mask 0x0, on 0
i915: P5c readout: crtcs=4 active_pipes=0x1 planes_visible=1 encoders_linked=1 dplls_on=1 (detail readout unimplemented: 1)
i915: P5d power wells: kept (active pipes 0x1: the firmware display is left to the takeover)
i915: P5d sanitize: vblank_resets=4 dmc_pipes=1 vblank_on=1 fbc_deact=0 enc_clk_gated=0 dplls_disabled=0 wells_disabled=0 cmtg_wa=0 early_was=0 wm_read=1 (crtc_disable_noatomic needed: 0)
ucsi: rec 31 R 20000000 1 0
i915: gt tables: gt_wa=5 mocs(uc_index=3 entries=64) rps(rp0=72 rp1=18 min=6 eff=18 pcode=1) rc6_supported=1
i915: WA-MANIFEST GT 'gt_wa': 5 entries
i915: WA GT reg=0x00fdc clr=0x7f000000 set=0x00000000 rmask=0x7f000000 kind=0 mcr=0 MCR steering (icl_wa_init_mcr)
i915: WA GT reg=0x1c3f10 clr=0x00400000 set=0x00400000 rmask=0x00400000 kind=0 mcr=0 Wa_14011060649
i915: WA GT reg=0x1d3f10 clr=0x00400000 set=0x00400000 rmask=0x00400000 kind=0 mcr=0 Wa_14011060649
i915: WA GT reg=0x09550 clr=0x00000200 set=0x00000200 rmask=0x00000200 kind=0 mcr=1 Wa_14011059788
i915: WA GT reg=0x09424 clr=0x00000002 set=0x00000000 rmask=0x00000000 kind=2 mcr=0 Wa_14015795083
i915: gt tables rcs0: engine_wa=8 ctx_wa=5 whitelist=4
i915: WA-MANIFEST ENGINE 'rcs0': 8 entries
i915: WA ENGINE reg=0x020c4 clr=0x00000000 set=0x3fff0306 rmask=0x00003fff kind=1 mcr=0 fake: RING_CMD_CCTL MOCS
i915: WA ENGINE reg=0x020ec clr=0x00000000 set=0x00020002 rmask=0x00000002 kind=1 mcr=0 Wa_1606700617
ucsi: rec 32 W 000001000101000c
i915: WA ENGINE reg=0x0e4f4 clr=0x00000000 set=0x41004100 rmask=0x00004100 kind=1 mcr=1 Wa_1606931601
i915: WA ENGINE reg=0x020a0 clr=0x00080000 set=0x00080000 rmask=0x00080000 kind=0 mcr=0 Wa_14010919138
i915: WA ENGINE reg=0x0e18c clr=0x00000000 set=0x80008000 rmask=0x00008000 kind=1 mcr=1 Wa_1406941453
i915: WA ENGINE reg=0x0e48c clr=0x00000000 set=0x02000200 rmask=0x00000200 kind=1 mcr=1 Wa_14010229206
i915: WA ENGINE reg=0x02050 clr=0x00000000 set=0x10801080 rmask=0x00001080 kind=1 mcr=0 Wa_1607297627
i915: WA ENGINE reg=0x020e0 clr=0x00000000 set=0x40004000 rmask=0x00004000 kind=1 mcr=0 perctx preempt ctrl
i915: WA-MANIFEST CTX 'ctx_wa': 5 entries
i915: WA CTX reg=0x07304 clr=0x00000000 set=0x02000200 rmask=0x00000200 kind=1 mcr=0 Wa_1409142259
i915: WA CTX reg=0x02580 clr=0x00000000 set=0x00060002 rmask=0x00000006 kind=1 mcr=0 WaDisableGPGPUMidThreadPreemption
i915: WA CTX reg=0x06604 clr=0xffffffff set=0xe0040000 rmask=0x00000000 kind=2 mcr=0 Wa_16011163337 (FF_MODE2)
i915: WA CTX reg=0x07018 clr=0x00000000 set=0x20002000 rmask=0x00002000 kind=1 mcr=0 Wa_1806527549
i915: WA CTX reg=0x07300 clr=0x00000000 set=0x00400040 rmask=0x00000040 kind=1 mcr=0 Wa_1606376872
i915: WA-MANIFEST WHITELIST 'whitelist': 4 entries
i915: WA WHITELIST reg=0x10002349 clr=0x00000000 set=0x00000000 rmask=0x00000000 kind=0 mcr=0 Wa_1408556865 (PS_INVOCATION_COUNT x4)
i915: WA WHITELIST reg=0x07010 clr=0x00000000 set=0x00000000 rmask=0x00000000 kind=0 mcr=0 Wa_1508744258
i915: WA WHITELIST reg=0x07018 clr=0x00000000 set=0x00000000 rmask=0x00000000 kind=0 mcr=0 Wa_1806527549 (whitelist)
i915: WA WHITELIST reg=0x07304 clr=0x00000000 set=0x00000000 rmask=0x00000000 kind=0 mcr=0 tuning
i915: gt tables bcs0: engine_wa=1 ctx_wa=1 whitelist=1
i915: gt tables vcs0: engine_wa=1 ctx_wa=0 whitelist=1
i915: gt tables vcs2: engine_wa=1 ctx_wa=0 whitelist=1
i915: gt tables vecs0: engine_wa=1 ctx_wa=0 whitelist=1
i915: gt memory: object pool grew to 128 slots
i915: gt mem: ggtt window first=1032192 pages=16384 (of 1048576) scratch ggtt=0xfc000000 ppgtt top_pd dma=0x100a3e000 objects=6
i915: gt_reset attempt=0 passes=2 rc=0
i915: gt resume: rc=0 reset_engines=0 stop_cs_timeouts=0 engines_resumed=5 l3cc(rcs)=32
ucsi: rec 33 R 10000000 1 0
i915: gt hw: pat=1 gt_wa(w=3 skip=2 ok=4 mismatch=0 noverify=1) mocs(global=64 l3cc=32) whitelist_writes=60 engines=5
i915: gt pm: rps_enabled=1 rc6_enabled=1 rc6_ctl=0x40000 pg_enable=0x19f
i915: record_defaults: rc=0 where=- polls=10 timed_out=0 wedged=0
i915: verify_workarounds: rc=0 where=- polls=22 timed_out=0
i915: migrate_init: rc=0 where=-
i915: pxp_init: rc=0 where=- full=1
i915: P7 display_driver_probe: rc=0 active_crtcs=1 initial_commit=-21 (DRM atomic commit unimplemented) overlay=0 fbdev=0 ipc_enabled=1
i915: P7 hpd_init: encoders=4 pins=4,5 setups=1 skipped=0 | de: enabled=0x30003 hotplug=0x30003 IMR=0xfffcfffc TC_CTL=0x00000088 TBT_CTL=0x00000088 | pch: enabled=0x3030000 hotplug=0x3030000 SHPD_FILTER=0xf8 SDEIMR=0x3c043f07 SHOTPLUG_DDI=0x00000088 SHOTPLUG_TC=0x00000088 | poll: works=1 core_gets=1
i915: TC1: declared (DDI D, legacy 0, AUX channel 3)
i915: TC2: declared (DDI E, legacy 0, AUX channel 4)
i915: TC1: PHY mode tbt (ready 1, owned 0, live none)
i915: TC1 readout: mode=none links=0 legacy=0 cold=0 live=0x0 | TCSS_DDI_STATUS=0x00000004 FIA1.0 DFLEXDPSP=0x00000010 DFLEXPA1=0x00000000 DDI_BUF_CTL=0x00000080
i915: TC2: PHY mode tbt (ready 1, owned 0, live none)
i915: TC2 readout: mode=none links=0 legacy=0 cold=0 live=0x0 | TCSS_DDI_STATUS=0x00000004 FIA1.1 DFLEXDPSP=0x00000010 DFLEXPA1=0x00000000 DDI_BUF_CTL=0x00000080
i915: DP-ext TC1: bound (DDI D, AUX channel 3, VBT max rate 810000 lanes 4)
i915: DP-ext TC2: bound (DDI E, AUX channel 4, VBT max rate 810000 lanes 4)
i915: DP-ext: 2 external DP port(s) bound
i915: hpd start: connectors=4 hdmi=HDMI-A-1 storm_threshold=50 short_storm=0 backend=mmio
i915: P7 hotplug path: started
i915: the firmware display (1 active crtc) is left to the resident start's takeover (N1)
i915: P7 intel_opregion_register: runtime DISABLED (VBT_ONLY, ACPI_RUNTIME_UNAVAILABLE): no notifier registered, no mailbox written, no ASLE service -- the probe continues
i915: P7 power_domains_enable: deferred (the INIT reference is kept until the takeover)
i915: P7 driver_register: na_registrations=15 opregion=0 kms_poll=1 | power_domains_enable: wells_on 0 -> 0 dc_state=0x0 verify_mismatches=0 | runtime_pm_enable: probe usage=0 active=1 (autosuspend not armed: intel_runtime_suspend unimplemented)
ucsi: rec 34 R 80000000 0 0
i915: P7 well always_on: refcount=3 hw_enabled=1
i915: P7 well PW_1: refcount=0 hw_enabled=1
i915: P7 well DC_off: refcount=3 hw_enabled=1
i915: P7 well PW_2: refcount=2 hw_enabled=1
i915: P7 well PW_A: refcount=2 hw_enabled=1
i915: P7 well PW_B: refcount=2 hw_enabled=1
i915: P7 well PW_C: refcount=2 hw_enabled=1
i915: P7 well PW_D: refcount=2 hw_enabled=1
i915: P7 well DDI_IO_A: refcount=0 hw_enabled=1
i915: P7 well AUX_A: refcount=1 hw_enabled=1
i915: P7 DC_STATE_EN=0x00000000 DC_off disable_calls=0 dc_state_writes=1 rewrites=0 dmc_has_payload=0
i915: trace: 120 records (dropped 0)
i915: rps: started timer=1 min=6 RPe=18 RP0=72 freq=18 clock=19200000Hz rp_control=0x400
i915: display output: eDP panel, the firmware's output (DP SST on DDI A, pipe A, lit pipes 0x1)
i915: rps: busy events=0x10 freq 18 -> 17 (up=0 down=1 boosts=0)
i915: hpd (drm_dbg_kms) [CONNECTOR:2:HDMI-A-1]
i915: hpd probe HDMI-A-1: status 2, SDEISR 0x00010000 (pin bit 0x00020000: not live)
ucsi: rec 35 W 0000000000020004
i915: display inventory: HDMI-A-1 detected at the start (status 2), not lit
i915: rps: busy events=0x10 freq 17 -> 15 (up=0 down=2 boosts=0)
i915: hpd TC1 connected=0 (DDI D)
i915: hpd probe DP-1: status 2, SDEISR 0x00010000 (pin bit 0x01000000: not live)
i915: display inventory: DP-1 detected at the start (status 2), not lit
ucsi: rec 36 R 20000000 0 0
i915: rps: busy events=0x10 freq 15 -> 11 (up=0 down=3 boosts=0)
i915: hpd TC2 connected=0 (DDI E)
i915: hpd probe DP-2: status 2, SDEISR 0x00010000 (pin bit 0x02000000: not live)
i915: display inventory: DP-2 detected at the start (status 2), not lit
i915: vk: XXX capset declares vendor flags 7 for the connectivity check (contracts not implemented beyond the happy path)
i915: rps: busy events=0x10 freq 11 -> 6 (up=0 down=4 boosts=0)
i915: registered native GPU node (storage, native streams, jobs)
i915: resident: GPU node published; serving (RCS0, one request at a time, woken by the engine interrupt) on cpu 0
i915: backlight: the panel's light is a backlight device
ucsi: rec 37 W 000001000102000c
ucsi: rec 38 R 10000000 0 0
ucsi: rec 39 R 80000000 0 0
ucsi: rec 40 W 0000000000020004
ucsi: rec 41 R 20000000 0 0
ucsi: rec 42 W 000000000001000d
ucsi: rec 43 R 80000100 0 1
ucsi: rec 43 I 0 0f
ucsi: rec 44 W 0000000000020004
ucsi: rec 45 R 20000000 0 0
ucsi: rec 46 W 000000000001000e
ucsi: rec 47 R 80000100 0 1
ucsi: rec 47 I 0 ff
ucsi: rec 48 W 0000000000020004
ucsi: rec 49 R 20000000 0 0
ucsi: rec 50 W 0000000700810010
ucsi: rec 51 R 10000000 0 0
ucsi: rec 52 R 80001000 0 16
ucsi: rec 52 I 0 2c9101082cd102002cc103002cb10400
ucsi: rec 53 W 0000000000020004
ucsi: rec 54 R 20000000 0 0
ucsi: rec 55 W 0000000604810010
ucsi: rec 56 R 10000000 0 0
ucsi: rec 57 R 80000c00 0 12
ucsi: rec 57 I 0 2c4106003c21dcc03c21dcc0
ucsi: rec 58 W 0000000000020004
ucsi: rec 59 R 20000000 0 0
ucsi: rec 60 W 0000000000020007
ucsi: rec 61 R 80000200 0 2
ucsi: rec 61 I 0 e137
ucsi: rec 62 W 0000000000020004
ucsi: rec 63 R 20000000 0 0
ucsi: rec 64 W 000001000200000c
ucsi: rec 65 R 80000c00 0 12
ucsi: rec 65 I 0 87800100000001ff461c0000
ucsi: rec 66 W 0000000000020004
ucsi: rec 67 R 20000000 0 0
ucsi: rec 68 W 000001020200000c
ucsi: rec 69 R 80000c00 0 12
ucsi: rec 69 I 0 3c41010000003c4102000000
ucsi: rec 70 W 0000000000020004
ucsi: rec 71 R 20000000 0 0
ucsi: rec 72 W 000001040200000c
ucsi: rec 73 R 80000000 0 0
ucsi: rec 74 W 0000000000020004
ucsi: rec 75 R 20000000 0 0
ucsi: rec 76 W 0000000000020012
ucsi: rec 77 R 80000900 0 9
ucsi: rec 77 I 0 00003c400000000001
ucsi: rec 78 W 0000000000020004
ucsi: rec 79 R 20000000 0 0
ucsi: rec 80 W 000001000201000c
ucsi: rec 81 R 80000000 0 0
ucsi: rec 82 W 0000000000020004
ucsi: rec 83 R 20000000 0 0
ucsi: rec 84 W 000001000202000c
ucsi: rec 85 R 80000000 0 0
ucsi: rec 86 W 0000000000020004
ucsi: rec 87 R 20000000 0 0
ucsi: rec 88 W 000000000002000d
ucsi: rec 89 R 80000100 0 1
ucsi: rec 89 I 0 0f
ucsi: rec 90 W 0000000000020004
ucsi: rec 91 R 20000000 0 0
ucsi: rec 92 W 000000000002000e
ucsi: rec 93 R 80000100 0 1
ucsi: rec 93 I 0 00
ucsi: rec 94 W 0000000000020004
ucsi: rec 95 R 20000000 0 0
ucsi: rec 96 W 00000000db650005
ucsi: rec 97 R 80000000 0 0
ucsi: rec 98 W 0000000000020004
ucsi: rec 99 R 20000000 0 0
ucsi: rec 100 W 0000000000010012
ucsi: rec 101 R 80000900 0 9
ucsi: rec 101 I 0 00000b202cb1845301
ucsi: rec 102 W 0000000000020004
ucsi: rec 103 R 20000000 0 0
ucsi: rec 104 W 000001000101000c
ucsi: rec 105 R 80000000 0 0
ucsi: rec 106 W 0000000000020004
ucsi: rec 107 R 20000000 0 0
ucsi: rec 108 W 000001000102000c
ucsi: rec 109 R 80000000 0 0
ucsi: rec 110 W 0000000000020004
ucsi: rec 111 R 20000000 0 0
ucsi: rec 112 W 000000000001000d
ucsi: rec 113 R 80000100 0 1
ucsi: rec 113 I 0 0f
ucsi: rec 114 W 0000000000020004
ucsi: rec 115 R 20000000 0 0
ucsi: rec 116 W 000000000001000e
ucsi: rec 117 R 80000100 0 1
ucsi: rec 117 I 0 ff
ucsi: rec 118 W 0000000000020004
ucsi: rec 119 R 20000000 0 0
ucsi: rec 120 W 0000000700810010
ucsi: rec 121 R 10000000 0 0
ucsi: rec 122 R 10000000 0 0
ucsi: rec 123 R 80001000 0 16
ucsi: rec 123 I 0 2c9101082cd102002cc103002cb10400
ucsi: rec 124 W 0000000000020004
ucsi: rec 125 R 20000000 0 0
ucsi: rec 126 W 0000000604810010
ucsi: rec 127 R 10000000 0 0
ucsi: rec 128 R 80000c00 0 12
ucsi: rec 128 I 0 2c4106003c21dcc03c21dcc0
ucsi: rec 129 W 0000000000020004
ucsi: rec 130 R 20000000 0 0
ucsi: rec 131 W 0000000000020012
ucsi: rec 132 R 80000900 0 9
ucsi: rec 132 I 0 00003c400000000001
ucsi: rec 133 W 0000000000020004
ucsi: rec 134 R 20000000 0 0
ucsi: rec 135 W 000001000201000c
ucsi: rec 136 R 80000000 0 0
ucsi: rec 137 W 0000000000020004
ucsi: rec 138 R 20000000 0 0
ucsi: rec 139 W 000001000202000c
ucsi: rec 140 R 80000000 0 0
ucsi: rec 141 W 0000000000020004
ucsi: rec 142 R 20000000 0 0
ucsi: rec 143 W 000000000002000d
ucsi: rec 144 R 80000100 0 1
ucsi: rec 144 I 0 0f
ucsi: rec 145 W 0000000000020004
ucsi: rec 146 R 20000000 0 0
ucsi: rec 147 W 000000000002000e
ucsi: rec 148 R 80000100 0 1
ucsi: rec 148 I 0 00
ucsi: rec 149 W 0000000000020004
ucsi: rec 150 R 20000000 0 0
ucsi: 2 connectors
ucsi: rec 151 R 20000000 0 0
swap: swap0 source=PARTLABEL=zedBSD-swap slots=262143
swap: active sources=1 total=262143 free=262143
vfs: mounting runtime filesystems...
vfs: runtime filesystems mounted
boot: memory 8065748 KiB total, 8034792 KiB free, 16432 KiB reserved
boot: starting init /sbin/init

i915: firmware /lib/firmware/i915/adlp_dmc.bin: loaded (79088 bytes)
i915: dmc worker: proceeding to load
i915: resident shim: context sw_id=2 lrca=fc0b9119 pml4=0x10afcb000 ring=16384 bytes engine=rcs0
i915: resident shim: context sw_id=3 lrca=fc0ce119 pml4=0x10b2c3000 ring=16384 bytes engine=rcs0
i8042: mouse id=0 packet=3
i915: vk: pipeline compiled by the executor: vs 816 bytes (1 attributes, 1 push registers, 1 varyings), fs 304 bytes (1 inputs, 0 push registers, 1 sampled images)
i915: vk: pipeline compiled by the executor: vs 816 bytes (1 attributes, 1 push registers, 1 varyings), fs 304 bytes (1 inputs, 0 push registers, 1 sampled images)
i915: vk: pipeline compiled by the executor: vs 1088 bytes (1 attributes, 3 push registers, 2 varyings), fs 7568 bytes (2 inputs, 3 push registers, 1 sampled images)
i915: resident shim: context sw_id=4 lrca=fc0e3119 pml4=0x10f39c000 ring=16384 bytes engine=rcs0
i915: resident display: lease 1 claimed
i915: vk: transfer kernels compiled by the executor: fill 400 bytes, copy 304 bytes
i915: vk: GPU fill 1920x1080 -> 1920x1080 at (0,0) of a 1920x1080 surface: 0
i915: vk: first draw: batch 353 dwords at 0x101a00000, state at 0x101804000, target 1920x1080 at 0x101e00000, depth no, 6 vertices
i915: rps: unpark events=0x0 freq 6 -> 18 (up=0 down=4 boosts=0)
i915: rps: busy events=0x20 freq 18 -> 19 (up=1 down=4 boosts=0)
i915: rps: busy events=0x20 freq 19 -> 21 (up=2 down=4 boosts=0)
i915: vk: GPU copy 1920x1080 -> 1920x1080 at (0,0) of a 1920x1080 surface: 0
i915: rps: busy events=0x10 freq 21 -> 20 (up=2 down=5 boosts=0)
i915: rps: busy events=0x10 freq 20 -> 18 (up=2 down=6 boosts=0)
i915: LCD-B input: VBT low_vswing=0 hobl=0 afc_override=0 backlight present=1 active_low=0 controller=0 pwm=200 Hz min=15 | rawclk=19200 kHz | DDI_BUF_CTL at connector init 0x80000002 -> saved bits 0x0
i915: rps: busy events=0x10 freq 18 -> 14 (up=2 down=7 boosts=0)
i915: LCD-B input: wm levels=6 latency 3/54/83/102/147/147/144/144 us ipc=1 sagv_block=35 us | DBUF slices now 0xf MBUS_CTL=0x1c000700 joined=0 | CDCLK now 179200 kHz vco 537600 ref 38400 bypass 19200 level 0 max 652800 | QGV mask 0x10b -> allowed 0x4 bw 14899 MB/s | DMC fw mask 0x1f
i915: rps: busy events=0x10 freq 14 -> 6 (up=2 down=8 boosts=0)
i915: N1 registry: 4 built | &n1=0xffff8001007cd020 &plane0=0xffff8001007d1478 hook=0xffffffff802f090d
i915: N1 registry: 3 encoder(s): the bound screen's and 2 Type-C port(s)
i915: LCD-B UNRESOLVED step reached: __drm_atomic_helper_crtc_destroy_state
i915: LCD-B UNRESOLVED step reached: intel_crtc_free_hw_state
i915: LCD-B UNRESOLVED step reached: intel_dsc_get_config
i915: LCD-B UNRESOLVED step reached: intel_vrr_get_config
i915: LCD-B UNRESOLVED step reached: intel_color_get_config
i915: LCD-B UNRESOLVED step reached: hsw_ips_get_config
i915: LCD-B UNRESOLVED step reached: __drm_atomic_helper_crtc_destroy_state
i915: LCD-B UNRESOLVED step reached: intel_crtc_free_hw_state
i915: LCD-B UNRESOLVED step reached: __drm_atomic_helper_crtc_destroy_state
i915: LCD-B UNRESOLVED step reached: intel_crtc_free_hw_state
i915: LCD-B UNRESOLVED step reached: __drm_atomic_helper_crtc_destroy_state
i915: LCD-B UNRESOLVED step reached: intel_crtc_free_hw_state
i915: LCD-B UNRESOLVED step reached: intel_hdmi_infoframes_enabled
i915: LCD-B UNRESOLVED step reached: intel_ddi_mso_get_config
i915: LCD-B UNRESOLVED step reached: intel_ddi_is_audio_enabled
i915: LCD-B UNRESOLVED step reached: intel_edp_fixup_vbt_bpp
i915: LCD-B UNRESOLVED step reached: intel_hdmi_read_gcp_infoframe
i915: LCD-B UNRESOLVED step reached: intel_read_infoframe
i915: LCD-B UNRESOLVED step reached: intel_read_infoframe
i915: LCD-B UNRESOLVED step reached: intel_read_infoframe
i915: LCD-B UNRESOLVED step reached: intel_read_infoframe
i915: LCD-B UNRESOLVED step reached: bdw_get_trans_port_sync_config
i915: LCD-B UNRESOLVED step reached: intel_read_dp_sdp
i915: LCD-B UNRESOLVED step reached: intel_read_dp_sdp
i915: LCD-B UNRESOLVED step reached: intel_psr_get_config
i915: LCD-B UNRESOLVED step reached: intel_audio_codec_get_config
i915: LCD-B UNRESOLVED step reached: intel_pmdemand_update_phys_mask
i915: LCD-B UNRESOLVED step reached: intel_dp_sync_state
i915: LCD-B UNRESOLVED step reached: intel_pmdemand_update_phys_mask
i915: LCD-B UNRESOLVED step reached: intel_tc_port_sanitize_mode
i915: LCD-B UNRESOLVED step reached: intel_pmdemand_update_phys_mask
i915: LCD-B UNRESOLVED step reached: intel_tc_port_sanitize_mode
i915: LCD-B UNRESOLVED step reached: intel_pmdemand_update_port_clock
i915: LCD-B UNRESOLVED step reached: intel_pmdemand_update_port_clock
i915: LCD-B UNRESOLVED step reached: intel_pmdemand_update_port_clock
i915: LCD-B UNRESOLVED step reached: intel_pmdemand_update_port_clock
i915: LCD-B (decided) intel_pmdemand_init_pmdemand_params: display 13 has no pm demand unit
i915: LCD-B (decided) intel_pch_sanitize: HAS_PCH_IBX is false on this PCH
i915: LCD-B UNRESOLVED step reached: intel_init_fifo_underrun_reporting
i915: LCD-B UNRESOLVED step reached: drm_crtc_vblank_reset
i915: LCD-B (decided) intel_crtc_vblank_on: DRM vblank events unused in this test; pipe vblank IRQ stays masked (checked by the binding)
i915: LCD-B UNRESOLVED step reached: intel_init_fifo_underrun_reporting
i915: LCD-B UNRESOLVED step reached: drm_crtc_vblank_reset
i915: LCD-B UNRESOLVED step reached: intel_init_fifo_underrun_reporting
i915: LCD-B UNRESOLVED step reached: drm_crtc_vblank_reset
i915: LCD-B UNRESOLVED step reached: intel_init_fifo_underrun_reporting
i915: LCD-B UNRESOLVED step reached: drm_crtc_vblank_reset
i915: LCD-B UNRESOLVED step reached: intel_fbc_sanitize
i915: LCD-B UNRESOLVED step reached: intel_tc_port_link_needs_reset
i915: LCD-B UNRESOLVED step reached: intel_crtc_state_dump
i915: LCD-B UNRESOLVED step reached: intel_crtc_state_dump
i915: LCD-B UNRESOLVED step reached: intel_crtc_state_dump
i915: LCD-B UNRESOLVED step reached: intel_crtc_state_dump
i915: LCD-B UNRESOLVED step reached: intel_power_domains_sanitize_state
i915: takeover: readout: active pipes 0x1, pipe 0 transcoder 0 DPLL1 port 0, mode 1920x1080 0 kHz, plane visible=1
i915: LCD-B UNRESOLVED step reached: drm_crtc_wait_one_vblank
i915: LCD-B UNRESOLVED step reached: drm_atomic_add_affected_connectors
i915: hpd (drm_dbg) hotplug event received, stat 0x00010000, dig 0x00000089, pins 0x00000010, long 0x00000000
i915: hpd (drm_dbg) digital hpd on [ENCODER:1:DDI A] - short
i915: hpd: ignoring short hpd on eDP DDI A
i915: LCD-B UNRESOLVED step reached: __drm_atomic_helper_crtc_destroy_state
i915: hpd (drm_dbg) hotplug event received, stat 0x00010000, dig 0x0000008a, pins 0x00000010, long 0x00000010
i915: hpd (drm_dbg) digital hpd on [ENCODER:1:DDI A] - long
i915: hpd (drm_dbg_kms) Received HPD interrupt on PIN 4 - cnt: 10
i915: hpd: ignoring long hpd on eDP DDI A
i915: LCD-B UNRESOLVED step reached: intel_crtc_free_hw_state
i915: LCD-B UNRESOLVED step reached: intel_pmdemand_update_phys_mask
i915: LCD-B UNRESOLVED step reached: intel_fbc_disable
i915: LCD-B UNRESOLVED step reached: intel_update_watermarks
i915: LCD-B UNRESOLVED step reached: intel_pmdemand_update_port_clock
i915: takeover: rc=0, crtcs stopped 1, still active 0x0
i915: power well DC_off state mismatch (refcount 0/enabled 1)
i915: takeover: power_domains_enable: wells_on 8 -> 3
i915: LCD-B reg[preflight] ICL_DPLL_ENABLE 0x46010 = 0x00000000
i915: LCD-B reg[preflight] TGL_DPLL_CFGCR0 0x164284 = 0x018001d4
i915: LCD-B reg[preflight] TGL_DPLL_CFGCR1 0x164288 = 0x00002644
i915: LCD-B reg[preflight] ICL_DPCLKA_CFGCR0 0x164280 = 0x01e07c01
i915: LCD-B reg[preflight] DDI_BUF_CTL 0x64000 = 0x00000082
i915: LCD-B reg[preflight] TRANS_CLK_SEL 0x46140 = 0x00000000
i915: LCD-B reg[preflight] TRANS_DDI_FUNC_CTL 0x60400 = 0x00210102
i915: LCD-B reg[preflight] TRANSCONF 0x70008 = 0x00000000
i915: LCD-B reg[preflight] PIPE_MISC 0x70030 = 0x00000000
i915: LCD-B reg[preflight] PLANE_CTL_1 0x70180 = 0x00000000
i915: LCD-B reg[preflight] PLANE_COLOR_CTL_1 0x701cc = 0x00000000
i915: LCD-B reg[preflight] PLANE_STRIDE_1 0x70188 = 0x00000000
i915: LCD-B reg[preflight] PLANE_SIZE_1 0x70190 = 0x00000000
i915: LCD-B reg[preflight] PLANE_SURF_1 0x7019c = 0x00000000
i915: LCD-B reg[preflight] PLANE_WM_1_0 0x70240 = 0x00000000
i915: LCD-B reg[preflight] PLANE_BUF_CFG_1 0x7027c = 0x00000000
i915: LCD-B reg[preflight] MBUS_CTL 0x4438c = 0x1c000700
i915: LCD-B reg[preflight] PIPE_MBUS_DBOX_CTL 0x7003c = 0x00000000
i915: LCD-B reg[preflight] DBUF_CTL_S1 0x45008 = 0xc040c000
i915: LCD-B reg[preflight] DBUF_CTL_S2 0x44fe8 = 0xc040c000
i915: LCD-B reg[preflight] DBUF_CTL_S3 0x44300 = 0xc040c000
i915: LCD-B reg[preflight] DBUF_CTL_S4 0x44304 = 0xc040c000
i915: LCD-B reg[preflight] BXT_BLC_PWM_CTL 0xc8250 = 0x80000000
i915: LCD-B reg[preflight] BXT_BLC_PWM_FREQ 0xc8254 = 0x00017700
i915: LCD-B reg[preflight] BXT_BLC_PWM_DUTY 0xc8258 = 0x00017700
i915: LCD-B reg[preflight] ICL_PIPESTATUS 0x70058 = 0x00000000
i915: LCD-B reg[preflight] GEN8_DE_PIPE_IMR 0x44404 = 0x00000000
i915: LCD-B reg[preflight] GEN8_DE_PIPE_IER 0x4440c = 0x00000000
i915: LCD-B reg[preflight] GEN8_DE_PIPE_IIR 0x44408 = 0x00000000
i915: LCD-B reg[preflight] PIPE_FRMCOUNT_G4X 0x70040 = 0x00000000
i915: LCD-B preflight: DDI / PLL idle=1 (pipe A registers read TRANSCONF 0x00000000 PLANE_CTL 0x00000000 IMR 0x00000000 with power well A off) | IRQ state pipe A mask 0xefeff07f: vblank + underrun masked=1 | no code of this path waits for a software vblank count; no worker / callback / waiter is created by it
i915: LCD-B input: VBT low_vswing=0 hobl=0 afc_override=0 backlight present=1 active_low=0 controller=0 pwm=200 Hz min=15 | rawclk=19200 kHz | DDI_BUF_CTL at connector init 0x80000002 -> saved bits 0x0
i915: LCD-B input: wm levels=6 latency 3/54/83/102/147/147/144/144 us ipc=1 sagv_block=35 us | DBUF slices now 0xf MBUS_CTL=0x1c000700 joined=0 | CDCLK now 179200 kHz vco 537600 ref 38400 bypass 19200 level 0 max 652800 | QGV mask 0x10b -> allowed 0x4 bw 14899 MB/s | DMC fw mask 0x1f
i915: resident display: buffers 1920x1080 pitch 7680: A surf 0xbc0c0000 cpu 0xffff80011297c000, B surf 0xbca00000 cpu 0xffff800113165000
i915: P3 intel_combo_phy_init: combo PHYs A/B (0 initialised)
i915: LCD-B (decided) intel_sagv_pre_plane_update: the QGV restriction stays as the initialisation left it (SAGV off, max-bandwidth point; bandwidth checked in prepare)
i915: LCD-B (decided) intel_set_cpu_fifo_underrun_reporting: underrun IRQ stays masked; the test owns and samples ICL_PIPESTATUS
i915: hpd (drm_dbg) hotplug event received, stat 0x00010000, dig 0x0000008a, pins 0x00000010, long 0x00000010
i915: hpd (drm_dbg) digital hpd on [ENCODER:1:DDI A] - long
i915: hpd (drm_dbg_kms) Received HPD interrupt on PIN 4 - cnt: 20
i915: hpd: ignoring long hpd on eDP DDI A
i915: LCD-B (decided) intel_crtc_vblank_on: DRM vblank events unused in this test; pipe vblank IRQ stays masked (checked by the binding)
i915: LCD-B (decided) intel_sagv_post_plane_update: QGV points are not relaxed (SAGV stays off)
i915: LCD-B reg[picture-up] ICL_DPLL_ENABLE 0x46010 = 0xcc000000 | Linux 0xcc000000 mask 0xcc000000 same
i915: LCD-B reg[picture-up] TGL_DPLL_CFGCR0 0x164284 = 0x00e001a5 | Linux 0x00e001a5 mask 0xffffffff same
i915: LCD-B reg[picture-up] TGL_DPLL_CFGCR1 0x164288 = 0x00000088 | Linux 0x00000088 mask 0xffffffff same
i915: LCD-B reg[picture-up] ICL_DPCLKA_CFGCR0 0x164280 = 0x01e07800
i915: LCD-B reg[picture-up] DDI_BUF_CTL 0x64000 = 0x80000002 | Linux 0x80000002 mask 0xffffff7f same
i915: LCD-B reg[picture-up] TRANS_CLK_SEL 0x46140 = 0x10000000 | Linux 0x10000000 mask 0xffffffff same
i915: LCD-B reg[picture-up] TRANS_DDI_FUNC_CTL 0x60400 = 0x8a210002 | Linux 0x8a210002 mask 0xffffffff same
i915: LCD-B reg[picture-up] TRANSCONF 0x70008 = 0xc0000000 | Linux 0xc0000000 mask 0xc0000000 same
i915: LCD-B reg[picture-up] PIPE_MISC 0x70030 = 0x00800150
i915: LCD-B reg[picture-up] PLANE_CTL_1 0x70180 = 0x94000000 | Linux 0x94000000 mask 0xffffffff same
i915: LCD-B reg[picture-up] PLANE_COLOR_CTL_1 0x701cc = 0x00002000 | Linux 0x00002000 mask 0xffffffff same
i915: LCD-B reg[picture-up] PLANE_STRIDE_1 0x70188 = 0x00000078 | Linux 0x00000078 mask 0xffffffff same
i915: LCD-B reg[picture-up] PLANE_SIZE_1 0x70190 = 0x0437077f | Linux 0x0437077f mask 0xffffffff same
i915: LCD-B reg[picture-up] PLANE_SURF_1 0x7019c = 0xbc0c0000
i915: LCD-B reg[picture-up] PLANE_WM_1_0 0x70240 = 0x80004010 | Linux 0x80004010 mask 0xffffffff same
i915: LCD-B reg[picture-up] PLANE_BUF_CFG_1 0x7027c = 0x0fdb0000 | Linux 0x0fdb0000 mask 0xffffffff same
i915: LCD-B reg[picture-up] MBUS_CTL 0x4438c = 0xdc000700 | Linux 0xdc000700 mask 0xffffffff same
i915: LCD-B reg[picture-up] PIPE_MBUS_DBOX_CTL 0x7003c = 0xa9038806
i915: LCD-B reg[picture-up] DBUF_CTL_S1 0x45008 = 0xc043c000 | Linux 0xc043c000 mask 0xffffffff same
i915: LCD-B reg[picture-up] DBUF_CTL_S2 0x44fe8 = 0xc043c000 | Linux 0xc043c000 mask 0xffffffff same
i915: LCD-B reg[picture-up] DBUF_CTL_S3 0x44300 = 0xc043c000
i915: LCD-B reg[picture-up] DBUF_CTL_S4 0x44304 = 0xc043c000
i915: LCD-B reg[picture-up] BXT_BLC_PWM_CTL 0xc8250 = 0x80000000
i915: LCD-B reg[picture-up] BXT_BLC_PWM_FREQ 0xc8254 = 0x00017700 | Linux 0x00017700 mask 0xffffffff same
i915: LCD-B reg[picture-up] BXT_BLC_PWM_DUTY 0xc8258 = 0x00017700
i915: LCD-B reg[picture-up] ICL_PIPESTATUS 0x70058 = 0x60000000
i915: LCD-B reg[picture-up] GEN8_DE_PIPE_IMR 0x44404 = 0xefe9f07f
i915: LCD-B reg[picture-up] GEN8_DE_PIPE_IER 0x4440c = 0x90700f89
i915: LCD-B reg[picture-up] GEN8_DE_PIPE_IIR 0x44408 = 0x00000000
i915: LCD-B reg[picture-up] PIPE_FRMCOUNT_G4X 0x70040 = 0x00000010
i915: LCD-B reg[picture-up] same as Linux's dump: 17/17 (comparison only; no value above was copied from it)
i915: LCD-B PICTURE UP: pattern id=0 on the panel; observation window 0 ms starts now (take the photograph)
i915: resident display: picture up (buffer A surf 0xbc0c0000); serving presentation
i915: resident display: panel buffers mapped for the GPU at 0x101e00000 / 0x102600000 (2025 pages each)
i915: rps: unpark events=0x0 freq 6 -> 18 (up=2 down=8 boosts=0)
i915: rps: busy events=0x10 freq 18 -> 17 (up=2 down=9 boosts=0)
i915: rps: busy events=0x10 freq 17 -> 15 (up=2 down=10 boosts=0)
i915: rps: busy events=0x10 freq 15 -> 11 (up=2 down=11 boosts=0)
i915: resident display: check frame 1: source 1920x1080 pitch 7680 non-black 2073600 fnv 3cb1c33b (px(0,0)=ffeaf2fc) | panel buffer B non-black 2073600 of 2073600 fnv 1193c663 (px(center)=fff8ccce)
i915: rps: busy events=0x10 freq 11 -> 6 (up=2 down=12 boosts=0)
i915: resident display: flip 1: surf 0xbc0c0000 -> 0xbca00000 | frame 17 -> 0
i915: resident display: first frame 1920x1080 (stride 7680; shared, GPU copy; RGBA) shown on the 1920x1080 panel
i915: vk: GPU fill 1920x1080 -> 1920x1080 at (0,0) of a 1920x1080 surface: 0
i915: rps: unpark events=0x0 freq 6 -> 18 (up=2 down=12 boosts=0)
i915: rps: busy events=0x20 freq 18 -> 19 (up=3 down=12 boosts=0)
i915: rps: busy events=0x20 freq 19 -> 21 (up=4 down=12 boosts=0)
i915: vk: GPU copy 1920x1080 -> 1920x1080 at (0,0) of a 1920x1080 surface: 0
i915: rps: busy events=0x10 freq 21 -> 20 (up=4 down=13 boosts=0)
i915: rps: busy events=0x10 freq 20 -> 18 (up=4 down=14 boosts=0)
i915: rps: busy events=0x10 freq 18 -> 14 (up=4 down=15 boosts=0)
i915: rps: busy events=0x10 freq 14 -> 6 (up=4 down=16 boosts=0)
i915: resident display: check frame 2: source 1920x1080 pitch 7680 non-black 2073600 fnv 8868c467 (px(0,0)=ffeaf2fc) | panel buffer A non-black 2073600 of 2073600 fnv 379cae57 (px(center)=fff8ccce)
i915: resident display: flip 2: surf 0xbca00000 -> 0xbc0c0000 | frame 32 -> 0
i915: rps: unpark events=0x0 freq 6 -> 18 (up=4 down=16 boosts=0)
i915: resident display: flip 3: surf 0xbc0c0000 -> 0xbca00000 | frame 188 -> 0
i915: vk: session 1: frames 53 in 5062 ms: per submit 1 runs (0 full) 19 ops (most 39), in submit 4967 us (runs 4794, record 172), between 90548 us
i915: perf: markers 52: wait 0.00 ms, run 0.00 ms
i915: perf: 5064 ms: 25 presents (4.93/s), 53 submits, 51 batches | per submit ms: 5.00 (build 0.21, run 4.79, gpu 4.78) | per present ms: 66.78 (copy 2.16, publish 0.00, flip 1.77)
i915: resident shim: ring rewound (idle context)
i915: resident shim: ring rewound (idle context)
i915: resident shim: ring rewound (idle context)
i915: resident shim: ring rewound (idle context)
i915: resident shim: context sw_id=5 lrca=fc0f8119 pml4=0x116bad000 ring=16384 bytes engine=rcs0
i915: resident shim: context sw_id=6 lrca=fc10d119 pml4=0x118003000 ring=16384 bytes engine=rcs0
i915: vk: pipeline compiled by the executor: vs 688 bytes (1 attributes, 1 push registers, 1 varyings), fs 304 bytes (1 inputs, 0 push registers, 1 sampled images)
i915: vk: an object (kind 9) was destroyed before what names it: 0 views, 1 descriptor sets, 0 framebuffers and 0 command buffers let go of it
i915: vk: pipeline compiled by the executor: vs 688 bytes (1 attributes, 1 push registers, 1 varyings), fs 304 bytes (1 inputs, 0 push registers, 1 sampled images)
i915: vk: an object (kind 9) was destroyed before what names it: 0 views, 1 descriptor sets, 0 framebuffers and 0 command buffers let go of it
i915: resident shim: ring rewound (idle context)
i915: vk: an object (kind 9) was destroyed before what names it: 0 views, 2 descriptor sets, 0 framebuffers and 0 command buffers let go of it
i915: vk: an object (kind 9) was destroyed before what names it: 0 views, 2 descriptor sets, 0 framebuffers and 0 command buffers let go of it
i915: vk: an object (kind 9) was destroyed before what names it: 0 views, 2 descriptor sets, 0 framebuffers and 0 command buffers let go of it
i915: vk: an object (kind 9) was destroyed before what names it: 0 views, 2 descriptor sets, 0 framebuffers and 0 command buffers let go of it
i915: vk: an object (kind 9) was destroyed before what names it: 0 views, 2 descriptor sets, 0 framebuffers and 0 command buffers let go of it
i915: vk: an object (kind 9) was destroyed before what names it: 0 views, 2 descriptor sets, 0 framebuffers and 0 command buffers let go of it
i915: vk: first draw: batch 353 dwords at 0x104000000, state at 0x103e00000, target 1920x1036 at 0x104400000, depth no, 6 vertices
i915: vk: first draw: batch 353 dwords at 0x102400000, state at 0x102200000, target 1180x800 at 0x102800000, depth no, 6 vertices
i915: resident shim: ring rewound (idle context)
i915: vk: session 1: frames 178 in 5007 ms: per submit 2 runs (162 full) 145 ops (most 507), in submit 7135 us (runs 6766, record 369), between 20997 us
i915: perf: markers 188: wait 0.11 ms, run 0.00 ms
i915: perf: 5007 ms: 89 presents (17.77/s), 188 submits, 348 batches | per submit ms: 6.90 (build 0.38, run 6.51, gpu 6.41) | per present ms: 2.43 (copy 1.20, publish 0.00, flip 0.57)
i915: resident shim: ring rewound (idle context)
i915: resident shim: context sw_id=7 lrca=fc122119 pml4=0x124723000 ring=16384 bytes engine=rcs0
i915: vk: pipeline compiled by the executor: vs 688 bytes (1 attributes, 1 push registers, 1 varyings), fs 304 bytes (1 inputs, 0 push registers, 1 sampled images)
i915: vk: an object (kind 9) was destroyed before what names it: 0 views, 1 descriptor sets, 0 framebuffers and 0 command buffers let go of it
i915: vk: an object (kind 9) was destroyed before what names it: 0 views, 2 descriptor sets, 0 framebuffers and 0 command buffers let go of it
i915: vk: an object (kind 9) was destroyed before what names it: 0 views, 2 descriptor sets, 0 framebuffers and 0 command buffers let go of it
i915: vk: an object (kind 9) was destroyed before what names it: 0 views, 2 descriptor sets, 0 framebuffers and 0 command buffers let go of it
i915: vk: first draw: batch 353 dwords at 0x102400000, state at 0x102200000, target 1120x720 at 0x102800000, depth no, 6 vertices
i915: resident shim: ring rewound (idle context)
i915: perf: markers 73: wait 0.27 ms, run 0.01 ms
i915: perf: 5016 ms: 25 presents (4.98/s), 73 submits, 132 batches | per submit ms: 7.51 (build 0.33, run 7.17, gpu 6.76) | per present ms: 0.75 (copy 0.72, publish 0.00, flip 0.00)
i915: vk: session 1: frames 50 in 5043 ms: per submit 2 runs (61 full) 175 ops (most 557), in submit 10388 us (runs 9925, record 463), between 90490 us
i915: vk: an object (kind 18) was destroyed before what names it: 0 views, 0 descriptor sets, 0 framebuffers and 1 command buffers let go of it
i915: vk: an object (kind 9) was destroyed before what names it: 0 views, 1 descriptor sets, 0 framebuffers and 0 command buffers let go of it
i915: vk: an object (kind 8) was destroyed before what names it: 0 views, 0 descriptor sets, 0 framebuffers and 2 command buffers let go of it
i915: vk: an object (kind 9) was destroyed before what names it: 0 views, 2 descriptor sets, 0 framebuffers and 0 command buffers let go of it
i915: vk: an object (kind 9) was destroyed before what names it: 0 views, 2 descriptor sets, 0 framebuffers and 0 command buffers let go of it
i915: vk: an object (kind 9) was destroyed before what names it: 0 views, 2 descriptor sets, 0 framebuffers and 0 command buffers let go of it
i915: resident shim: ring rewound (idle context)
i915: resident shim: ring rewound (idle context)
i915: resident shim: ring rewound (idle context)
i915: resident shim: ring rewound (idle context)
i915: vk: session 1: frames 206 in 5597 ms: per submit 1 runs (1 full) 50 ops (most 142), in submit 5357 us (runs 5270, record 86), between 21812 us
i915: perf: markers 215: wait 0.05 ms, run 0.00 ms
i915: perf: 5623 ms: 102 presents (18.13/s), 215 submits, 214 batches | per submit ms: 5.30 (build 0.10, run 5.20, gpu 5.14) | per present ms: 5.03 (copy 0.79, publish 0.00, flip 2.00)
i915: resident shim: ring rewound (idle context)
i915: resident shim: ring rewound (idle context)
i915: resident shim: ring rewound (idle context)
i915: resident shim: ring rewound (idle context)
i915: resident shim: ring rewound (idle context)
i915: resident shim: ring rewound (idle context)
i915: perf: markers 320: wait 0.13 ms, run 0.00 ms
i915: perf: 5347 ms: 137 presents (25.62/s), 320 submits, 320 batches | per submit ms: 4.31 (build 0.09, run 4.21, gpu 4.10) | per present ms: 5.52 (copy 1.64, publish 0.00, flip 1.63)
i915: resident shim: ring rewound (idle context)
i915: vk: session 1: frames 274 in 5374 ms: per submit 1 runs (0 full) 52 ops (most 112), in submit 4813 us (runs 4703, record 110), between 14799 us
xhci: cancel slot=1 endpoint=7 pending-events=0 first-type=0 iman=2 usbsts=0 erdp=573980f0 dequeue=15 command-busy=0 irq-busy=0
xhci: cancelled request slot=1 endpoint=7 completion=4 residual=16
xhci: command 15 failed, completion=19
xhci: cancel slot=1 endpoint=3 pending-events=0 first-type=0 iman=2 usbsts=0 erdp=57398130 dequeue=19 command-busy=0 irq-busy=0
xhci: cancelled request slot=1 endpoint=3 completion=26 residual=16384
usb0: device 1 port 3 disconnected
ucsi: rec 152 R 20000004 0 0
i915: perf: markers 8: wait 0.00 ms, run 0.01 ms
i915: perf: 14194 ms: 2 presents (0.14/s), 8 submits, 8 batches | per submit ms: 7.32 (build 0.36, run 6.96, gpu 6.95) | per present ms: 0.79 (copy 0.74, publish 0.00, flip 0.00)
ucsi: rec 153 W 0000000000020012
ucsi: rec 154 R 80000904 0 9
ucsi: rec 154 I 0 004011000000000001
ucsi: rec 155 W 0000000000020004
ucsi: rec 156 R 20000004 0 0
ucsi: rec 157 W 0000000000000006
ucsi: rec 158 R 80001004 0 16
ucsi: rec 158 I 0 44030000021400000400000000032001
ucsi: rec 159 W 0000000000030004
ucsi: rec 160 R 20000000 0 0
ucsi: rec 161 R 20000004 0 0
ucsi: rec 162 W 0000000000020012
ucsi: rec 163 R 80000904 0 9
ucsi: rec 163 I 0 00403c400000000001
ucsi: rec 164 W 0000000000020004
ucsi: rec 165 R 20000004 0 0
ucsi: rec 166 W 000001000201000c
ucsi: rec 167 R 80000004 0 0
ucsi: rec 168 W 0000000000020004
ucsi: rec 169 R 20000004 0 0
ucsi: rec 170 W 000001000202000c
ucsi: rec 171 R 20000004 0 0
ucsi: rec 172 R 80000004 0 0
ucsi: rec 173 W 0000000000020004
ucsi: rec 174 R 20000004 0 0
ucsi: rec 175 W 000000000002000d
ucsi: rec 176 R 80000104 0 1
ucsi: rec 176 I 0 0f
ucsi: rec 177 W 0000000000020004
ucsi: rec 178 R 20000004 0 0
ucsi: rec 179 W 000000000002000e
ucsi: rec 180 R 80000104 0 1
ucsi: rec 180 I 0 00
ucsi: rec 181 W 0000000000020004
ucsi: rec 182 R 20000004 0 0
ucsi: rec 183 W 0000000000000006
ucsi: rec 184 R 80001004 0 16
ucsi: rec 184 I 0 44030000021400000400000000032001
ucsi: rec 185 W 0000000000030004
ucsi: rec 186 R 20000000 0 0
ucsi: rec 187 R 20000000 0 0
ucsi: rec 188 R 20000004 0 0
ucsi: rec 189 W 0000000000020012
ucsi: rec 190 R 80000904 0 9
ucsi: rec 190 I 0 60003b402cb1041301
ucsi: rec 191 W 0000000000020004
ucsi: rec 192 R 20000004 0 0
ucsi: rec 193 W 000001000201000c
ucsi: rec 194 R 80000004 0 0
ucsi: rec 195 W 0000000000020004
ucsi: rec 196 R 20000004 0 0
ucsi: rec 197 W 000001000202000c
ucsi: rec 198 R 20000004 0 0
ucsi: rec 199 R 10000004 0 0
ucsi: rec 200 R 80000004 1 0
ucsi: rec 201 W 0000000000020004
ucsi: rec 202 R 20000004 0 0
ucsi: rec 203 W 000000000002000d
ucsi: rec 204 R 80000104 0 1
ucsi: rec 204 I 0 0f
ucsi: rec 205 W 0000000000020004
ucsi: rec 206 R 20000004 0 0
ucsi: rec 207 W 000000000002000e
ucsi: rec 208 R 80000104 0 1
ucsi: rec 208 I 0 01
ucsi: rec 209 W 0000000000020004
ucsi: rec 210 R 20000004 0 0
i915: hpd (drm_dbg) hotplug event received, stat 0x00020000, dig 0x000000a8, pins 0x00000400, long 0x00000400
i915: DE HPD iir=0x00020000 pins=0x00000400 long=0x00000400
i915: hpd (drm_dbg) digital hpd on [ENCODER:4:DDI E] - long
i915: hpd (drm_dbg_kms) Received HPD interrupt on PIN 10 - cnt: 10
i915: hpd: long hpd on DDI E: detecting
i915: hpd (drm_dbg_kms) running encoder hotplug functions
i915: hpd (drm_dbg_kms) Connector DP-2 (pin 10) received hotplug event. (retry 0)
i915: hpd TC2 connected=1 (DDI E)
ucsi: rec 211 W 0000000300820010
ucsi: rec 212 R 20000004 0 0
i915: TC2: mode none -> dp-alt
ucsi: rec 213 R 10000004 0 0
ucsi: rec 214 R 80000404 1 4
ucsi: rec 214 I 0 00000000
i915: DP-ext TC2: connected (step done, rc 0)
i915: DP-ext TC2 DPCD 000: 14 14 c4 81 01 00 01 80 02 00 06 00 04 00 84
i915: DP-ext TC2: LTTPR valid 1 count 1 | sink OUI 24dd1b id 'Dp1.4 ' hw 0.0 sw 0.0 (valid 1) | rate max 540000 (sink 540000, source 810000) lanes 4 (sink 4)
i915: DP-ext TC2 EDID: 2 block(s) (extensions 1) mfg 2a87 product 1230 | DTD1 1920x1280 pixel clock 164360 kHz | HDMI 0
i915: DP-ext TC2: probe 1 held the port in dp-alt mode (FIA lanes 4), none after it | I2C nacks 0 defers 0
i915: hpd (drm_dbg_kms) [CONNECTOR:4:DP-2] EDID changed, epoch counter 2
i915: hpd DP detect DP-2: connected, EDID 256 bytes
i915: hpd (drm_dbg_kms) [CONNECTOR:4:DP-2] status updated from disconnected to connected (epoch counter 1->3)
i915: HPD-EVENT DP-2 pin=10 retry=0 status disconnected -> connected (CHANGED) | live=0 EDID rc=0 blocks=0 digital=0 | epoch=3 t=63402
i915: hpd uevent (connector hotplug event, no userspace listener): DP-2
ucsi: rec 215 W 0000000000020004
ucsi: rec 216 R 20000004 0 0
ucsi: rec 217 W 0000000000000006
ucsi: rec 218 R 80001004 0 16
ucsi: rec 218 I 0 44030000021400000400000000032001
ucsi: rec 219 W 0000000000030004
ucsi: rec 220 R 20000000 0 0
ucsi: rec 221 R 20000000 0 0
i915: TC2: mode none -> dp-alt
i915: DP-ext TC2: connected (step done, rc 0)
i915: DP-ext TC2 DPCD 000: 14 14 c4 81 01 00 01 80 02 00 06 00 04 00 84
i915: DP-ext TC2: LTTPR valid 1 count 1 | sink OUI 24dd1b id 'Dp1.4 ' hw 0.0 sw 0.0 (valid 1) | rate max 540000 (sink 540000, source 810000) lanes 4 (sink 4)
i915: DP-ext TC2 EDID: 2 block(s) (extensions 1) mfg 2a87 product 1230 | DTD1 1920x1280 pixel clock 164360 kHz | HDMI 0
i915: DP-ext TC2: probe 2 held the port in dp-alt mode (FIA lanes 4), none after it | I2C nacks 0 defers 0
i915: resident display: DP on TC2 (DDI E): 1920x1280 164360 kHz (EDID), link 162000 kHz x4 at 24 bpp (limits 0 kHz x0)
i915: display head: lease 2 claimed (connector 3, DP, pipe B)
i915: perf: markers 6: wait 0.00 ms, run 0.00 ms
i915: perf: 6745 ms: 2 presents (0.29/s), 6 submits, 7 batches | per submit ms: 6.91 (build 0.07, run 6.83, gpu 6.82) | per present ms: 0.78 (copy 0.75, publish 0.00, flip 0.00)
i915: resident display: released after 384 flip(s); the reference stop path follows
i915: LCD-B observation window over; stopping through the reference's disable path
i915: hpd (drm_dbg) hotplug event received, stat 0x00010000, dig 0x00000089, pins 0x00000010, long 0x00000000
i915: hpd (drm_dbg) digital hpd on [ENCODER:1:DDI A] - short
i915: hpd: ignoring short hpd on eDP DDI A
i915: hpd (drm_dbg) hotplug event received, stat 0x00010000, dig 0x0000008a, pins 0x00000010, long 0x00000010
i915: hpd (drm_dbg) digital hpd on [ENCODER:1:DDI A] - long
i915: hpd (drm_dbg_kms) Received HPD interrupt on PIN 4 - cnt: 10
i915: hpd: ignoring long hpd on eDP DDI A
i915: LCD-B (decided) intel_sagv_pre_plane_update: the QGV restriction stays as the initialisation left it
i915: LCD-B reg[after-disable] ICL_DPLL_ENABLE 0x46010 = 0x00000000
i915: LCD-B reg[after-disable] TGL_DPLL_CFGCR0 0x164284 = 0x00e001a5
i915: LCD-B reg[after-disable] TGL_DPLL_CFGCR1 0x164288 = 0x00000088
i915: LCD-B reg[after-disable] ICL_DPCLKA_CFGCR0 0x164280 = 0x01e07c00
i915: LCD-B reg[after-disable] DDI_BUF_CTL 0x64000 = 0x00000082
i915: LCD-B reg[after-disable] TRANS_CLK_SEL 0x46140 = 0x00000000
i915: LCD-B reg[after-disable] TRANS_DDI_FUNC_CTL 0x60400 = 0x00210002
i915: LCD-B reg[after-disable] TRANSCONF 0x70008 = 0x00000000
i915: LCD-B reg[after-disable] PIPE_MISC 0x70030 = 0x00000000
i915: LCD-B reg[after-disable] PLANE_CTL_1 0x70180 = 0x00000000
i915: LCD-B reg[after-disable] PLANE_COLOR_CTL_1 0x701cc = 0x00000000
i915: LCD-B reg[after-disable] PLANE_STRIDE_1 0x70188 = 0x00000000
i915: LCD-B reg[after-disable] PLANE_SIZE_1 0x70190 = 0x00000000
i915: LCD-B reg[after-disable] PLANE_SURF_1 0x7019c = 0x00000000
i915: LCD-B reg[after-disable] PLANE_WM_1_0 0x70240 = 0x00000000
i915: LCD-B reg[after-disable] PLANE_BUF_CFG_1 0x7027c = 0x00000000
i915: LCD-B reg[after-disable] MBUS_CTL 0x4438c = 0x1c000700
i915: LCD-B reg[after-disable] PIPE_MBUS_DBOX_CTL 0x7003c = 0x00000000
i915: LCD-B reg[after-disable] DBUF_CTL_S1 0x45008 = 0xc041c000
i915: LCD-B reg[after-disable] DBUF_CTL_S2 0x44fe8 = 0x0041c000
i915: LCD-B reg[after-disable] DBUF_CTL_S3 0x44300 = 0x0041c000
i915: LCD-B reg[after-disable] DBUF_CTL_S4 0x44304 = 0x0041c000
i915: LCD-B reg[after-disable] BXT_BLC_PWM_CTL 0xc8250 = 0x00000000
i915: LCD-B reg[after-disable] BXT_BLC_PWM_FREQ 0xc8254 = 0x00017700
i915: LCD-B reg[after-disable] BXT_BLC_PWM_DUTY 0xc8258 = 0x00000000
i915: LCD-B reg[after-disable] ICL_PIPESTATUS 0x70058 = 0x00000000
i915: LCD-B reg[after-disable] GEN8_DE_PIPE_IMR 0x44404 = 0x00000000
i915: LCD-B reg[after-disable] GEN8_DE_PIPE_IER 0x4440c = 0x00000000
i915: LCD-B reg[after-disable] GEN8_DE_PIPE_IIR 0x44408 = 0x00000000
i915: LCD-B reg[after-disable] PIPE_FRMCOUNT_G4X 0x70040 = 0x00000000
i915: resident display: run log 8554 writes, 100 rmw, 6 waits (0 timed out), 0 errors, 0 unresolved steps (2048 entries kept, 10670 not kept)
i915: resident display: ended PASS (show rc=5; flips 384, stop confirmed, buffers released=1, power refs held 0, first anomaly: none)
i915: resident display: lit again for two pipes, for the second output's first frame
i915: LCD-B reg[preflight] ICL_DPLL_ENABLE 0x46010 = 0x00000000
i915: LCD-B reg[preflight] TGL_DPLL_CFGCR0 0x164284 = 0x00e001a5
i915: LCD-B reg[preflight] TGL_DPLL_CFGCR1 0x164288 = 0x00000088
i915: LCD-B reg[preflight] ICL_DPCLKA_CFGCR0 0x164280 = 0x01e07c00
i915: LCD-B reg[preflight] DDI_BUF_CTL 0x64000 = 0x00000082
i915: LCD-B reg[preflight] TRANS_CLK_SEL 0x46140 = 0x00000000
i915: LCD-B reg[preflight] TRANS_DDI_FUNC_CTL 0x60400 = 0x00210002
i915: LCD-B reg[preflight] TRANSCONF 0x70008 = 0x00000000
i915: LCD-B reg[preflight] PIPE_MISC 0x70030 = 0x00000000
i915: LCD-B reg[preflight] PLANE_CTL_1 0x70180 = 0x00000000
i915: LCD-B reg[preflight] PLANE_COLOR_CTL_1 0x701cc = 0x00000000
i915: LCD-B reg[preflight] PLANE_STRIDE_1 0x70188 = 0x00000000
i915: LCD-B reg[preflight] PLANE_SIZE_1 0x70190 = 0x00000000
i915: LCD-B reg[preflight] PLANE_SURF_1 0x7019c = 0x00000000
i915: LCD-B reg[preflight] PLANE_WM_1_0 0x70240 = 0x00000000
i915: LCD-B reg[preflight] PLANE_BUF_CFG_1 0x7027c = 0x00000000
i915: LCD-B reg[preflight] MBUS_CTL 0x4438c = 0x1c000700
i915: LCD-B reg[preflight] PIPE_MBUS_DBOX_CTL 0x7003c = 0x00000000
i915: LCD-B reg[preflight] DBUF_CTL_S1 0x45008 = 0xc041c000
i915: LCD-B reg[preflight] DBUF_CTL_S2 0x44fe8 = 0x0041c000
i915: LCD-B reg[preflight] DBUF_CTL_S3 0x44300 = 0x0041c000
i915: LCD-B reg[preflight] DBUF_CTL_S4 0x44304 = 0x0041c000
i915: LCD-B reg[preflight] BXT_BLC_PWM_CTL 0xc8250 = 0x00000000
i915: LCD-B reg[preflight] BXT_BLC_PWM_FREQ 0xc8254 = 0x00017700
i915: LCD-B reg[preflight] BXT_BLC_PWM_DUTY 0xc8258 = 0x00000000
i915: LCD-B reg[preflight] ICL_PIPESTATUS 0x70058 = 0x00000000
i915: LCD-B reg[preflight] GEN8_DE_PIPE_IMR 0x44404 = 0x00000000
i915: LCD-B reg[preflight] GEN8_DE_PIPE_IER 0x4440c = 0x00000000
i915: LCD-B reg[preflight] GEN8_DE_PIPE_IIR 0x44408 = 0x00000000
i915: LCD-B reg[preflight] PIPE_FRMCOUNT_G4X 0x70040 = 0x00000000
i915: LCD-B preflight: DDI / PLL idle=1 (pipe A registers read TRANSCONF 0x00000000 PLANE_CTL 0x00000000 IMR 0x00000000 with power well A off) | IRQ state pipe A mask 0xefeff07f: vblank + underrun masked=1 | no code of this path waits for a software vblank count; no worker / callback / waiter is created by it
i915: LCD-B input: VBT low_vswing=0 hobl=0 afc_override=0 backlight present=1 active_low=0 controller=0 pwm=200 Hz min=15 | rawclk=19200 kHz | DDI_BUF_CTL at connector init 0x80000002 -> saved bits 0x0
i915: LCD-B input: wm levels=6 latency 3/54/83/102/147/147/144/144 us ipc=1 sagv_block=35 us | DBUF slices now 0x1 MBUS_CTL=0x1c000700 joined=0 | CDCLK now 179200 kHz vco 537600 ref 38400 bypass 19200 level 0 max 652800 | QGV mask 0x10b -> allowed 0x4 bw 14899 MB/s | DMC fw mask 0x1f
i915: resident display: the buffers and their picture are kept for this lighting (pipes besides it 0x2)
i915: P3 intel_combo_phy_init: combo PHYs A/B (0 initialised)
i915: LCD-B (decided) intel_sagv_pre_plane_update: the QGV restriction stays as the initialisation left it (SAGV off, max-bandwidth point; bandwidth checked in prepare)
i915: LCD-B (decided) intel_set_cpu_fifo_underrun_reporting: underrun IRQ stays masked; the test owns and samples ICL_PIPESTATUS
i915: hpd (drm_dbg) hotplug event received, stat 0x00010000, dig 0x0000008a, pins 0x00000010, long 0x00000010
i915: hpd (drm_dbg) digital hpd on [ENCODER:1:DDI A] - long
i915: hpd (drm_dbg_kms) Received HPD interrupt on PIN 4 - cnt: 20
i915: hpd: ignoring long hpd on eDP DDI A
i915: LCD-B (decided) intel_crtc_vblank_on: DRM vblank events unused in this test; pipe vblank IRQ stays masked (checked by the binding)
i915: LCD-B (decided) intel_sagv_post_plane_update: QGV points are not relaxed (SAGV stays off)
i915: LCD-B reg[picture-up] ICL_DPLL_ENABLE 0x46010 = 0xcc000000 | Linux 0xcc000000 mask 0xcc000000 same
i915: LCD-B reg[picture-up] TGL_DPLL_CFGCR0 0x164284 = 0x00e001a5 | Linux 0x00e001a5 mask 0xffffffff same
i915: LCD-B reg[picture-up] TGL_DPLL_CFGCR1 0x164288 = 0x00000088 | Linux 0x00000088 mask 0xffffffff same
i915: LCD-B reg[picture-up] ICL_DPCLKA_CFGCR0 0x164280 = 0x01e07800
i915: LCD-B reg[picture-up] DDI_BUF_CTL 0x64000 = 0x80000002 | Linux 0x80000002 mask 0xffffff7f same
i915: LCD-B reg[picture-up] TRANS_CLK_SEL 0x46140 = 0x10000000 | Linux 0x10000000 mask 0xffffffff same
i915: LCD-B reg[picture-up] TRANS_DDI_FUNC_CTL 0x60400 = 0x8a210002 | Linux 0x8a210002 mask 0xffffffff same
i915: LCD-B reg[picture-up] TRANSCONF 0x70008 = 0xc0000000 | Linux 0xc0000000 mask 0xc0000000 same
i915: LCD-B reg[picture-up] PIPE_MISC 0x70030 = 0x00800150
i915: LCD-B reg[picture-up] PLANE_CTL_1 0x70180 = 0x94000000 | Linux 0x94000000 mask 0xffffffff same
i915: LCD-B reg[picture-up] PLANE_COLOR_CTL_1 0x701cc = 0x00002000 | Linux 0x00002000 mask 0xffffffff same
i915: LCD-B reg[picture-up] PLANE_STRIDE_1 0x70188 = 0x00000078 | Linux 0x00000078 mask 0xffffffff same
i915: LCD-B reg[picture-up] PLANE_SIZE_1 0x70190 = 0x0437077f | Linux 0x0437077f mask 0xffffffff same
i915: LCD-B reg[picture-up] PLANE_SURF_1 0x7019c = 0xbc0c0000
i915: LCD-B reg[picture-up] PLANE_WM_1_0 0x70240 = 0x80004010 | Linux 0x80004010 mask 0xffffffff same
i915: LCD-B reg[picture-up] PLANE_BUF_CFG_1 0x7027c = 0x07db0000 | Linux 0x0fdb0000 mask 0xffffffff DIFFERENT
i915: LCD-B reg[picture-up] MBUS_CTL 0x4438c = 0x1c000700 | Linux 0xdc000700 mask 0xffffffff DIFFERENT
i915: LCD-B reg[picture-up] PIPE_MBUS_DBOX_CTL 0x7003c = 0xa9038804
i915: LCD-B reg[picture-up] DBUF_CTL_S1 0x45008 = 0xc041c000 | Linux 0xc043c000 mask 0xffffffff DIFFERENT
i915: LCD-B reg[picture-up] DBUF_CTL_S2 0x44fe8 = 0xc041c000 | Linux 0xc043c000 mask 0xffffffff DIFFERENT
i915: LCD-B reg[picture-up] DBUF_CTL_S3 0x44300 = 0x0041c000
i915: LCD-B reg[picture-up] DBUF_CTL_S4 0x44304 = 0x0041c000
i915: LCD-B reg[picture-up] BXT_BLC_PWM_CTL 0xc8250 = 0x80000000
i915: LCD-B reg[picture-up] BXT_BLC_PWM_FREQ 0xc8254 = 0x00017700 | Linux 0x00017700 mask 0xffffffff same
i915: LCD-B reg[picture-up] BXT_BLC_PWM_DUTY 0xc8258 = 0x00017700
i915: LCD-B reg[picture-up] ICL_PIPESTATUS 0x70058 = 0x60000000
i915: LCD-B reg[picture-up] GEN8_DE_PIPE_IMR 0x44404 = 0xefe9f07f
i915: LCD-B reg[picture-up] GEN8_DE_PIPE_IER 0x4440c = 0x90700f89
i915: LCD-B reg[picture-up] GEN8_DE_PIPE_IIR 0x44408 = 0x00000000
i915: LCD-B reg[picture-up] PIPE_FRMCOUNT_G4X 0x70040 = 0x00000010
i915: LCD-B reg[picture-up] same as Linux's dump: 13/17 (comparison only; no value above was copied from it)
i915: LCD-B PICTURE UP: pattern id=0 on the panel; observation window 0 ms starts now (take the photograph)
i915: resident display: picture up (buffer A surf 0xbc0c0000); serving presentation
i915: DP-ext preflight: TRANSCONF(B)=0x00000000 DDI_BUF_CTL(0x64400)=0x00000000
i915: LCD-B input: VBT low_vswing=0 hobl=0 afc_override=0 backlight present=1 active_low=0 controller=0 pwm=200 Hz min=15 | rawclk=19200 kHz | DDI_BUF_CTL at connector init 0x80000002 -> saved bits 0x0
i915: LCD-B input: wm levels=6 latency 3/54/83/102/147/147/144/144 us ipc=1 sagv_block=35 us | DBUF slices now 0x3 MBUS_CTL=0x1c000700 joined=0 | CDCLK now 179200 kHz vco 537600 ref 38400 bypass 19200 level 0 max 652800 | QGV mask 0x10b -> allowed 0x4 bw 14899 MB/s | DMC fw mask 0x1f
i915: resident display: DP on TC2 (port 4), pipe 1: 1920x1280 164360 kHz | link 162000 kHz x4 24 bpp | TC PLL 4 (div0 0x00084269) | DPCD rev 0x14 branch 0
i915: LCD-B (decided) intel_sagv_pre_plane_update: the QGV restriction stays as the initialisation left it (SAGV off, max-bandwidth point; bandwidth checked in prepare)
i915: TC2: mode none -> dp-alt
i915: LCD-B (decided) intel_set_cpu_fifo_underrun_reporting: underrun IRQ stays masked; the test owns and samples ICL_PIPESTATUS
i915: LCD-B (decided) intel_crtc_vblank_on: DRM vblank events unused in this test; pipe vblank IRQ stays masked (checked by the binding)
i915: LCD-B (decided) intel_sagv_post_plane_update: QGV points are not relaxed (SAGV stays off)
i915: display head: DBUF lit: pipes 0x3 slices 0xf MBUS joined 0
i915: display head: lit (connector 3, DP, 1920x1280, pipe B)
i915: display head: first frame 1920x1280 shown (connector 3)
i915: resident shim: ring rewound (idle context)
i915: resident display: panel buffers mapped for the GPU at 0x106000000 / 0x106800000 (2025 pages each)
i915: resident display: flip 1: surf 0xbc0c0000 -> 0xbca00000 | frame 26 -> 0
xhci: port 2 reset complete portsc=00000e03
usb1: device 4 port 2 1a40:0801 class 09 configuration=1 configured
usb1: device 4 interface 0 class 09/00/00 driver=usb-hub
usb1: hub 4, 4 ports
usb1: device 5 port 2 056a:5131 class 00 configuration=1 configured
usb-hid: usb1 device 5 interface 0 device-mode=2 report=14 bytes=3 error=0
input: /dev/input/event3: Pen and multitouch sensor Touchscreen
usb-hid: event device usb1 device=5 interface=0 endpoint=81 report-bytes=40
usb1: device 5 interface 0 class 03/00/00 driver=usb-hid
input: /dev/input/event4: Pen and multitouch sensor
usb-hid: event device usb1 device=5 interface=1 endpoint=82 report-bytes=40
usb1: device 5 interface 1 class 03/00/00 driver=usb-hid
xhci: cancel slot=5 endpoint=3 pending-events=0 first-type=0 iman=2 usbsts=0 erdp=573c1c80 dequeue=200 command-busy=0 irq-busy=0
xhci: cancelled request slot=5 endpoint=3 completion=26 residual=1
xhci: cancel slot=5 endpoint=3 pending-events=0 first-type=0 iman=2 usbsts=0 erdp=573c1cd0 dequeue=205 command-busy=0 irq-busy=0
xhci: cancelled request slot=5 endpoint=3 completion=26 residual=1
xhci: cancel slot=5 endpoint=3 pending-events=0 first-type=0 iman=2 usbsts=0 erdp=573c1f20 dequeue=242 command-busy=0 irq-busy=0
xhci: cancelled request slot=5 endpoint=3 completion=26 residual=1
xhci: cancel slot=5 endpoint=3 pending-events=0 first-type=0 iman=2 usbsts=0 erdp=573c1f70 dequeue=247 command-busy=0 irq-busy=0
xhci: cancelled request slot=5 endpoint=3 completion=26 residual=1
i915: resident display: flip 2: surf 0xbca00000 -> 0xbc0c0000 | frame 197 -> 0
i915: resident display: flip 3: surf 0xbc0c0000 -> 0xbca00000 | frame 198 -> 0
xhci: cancel slot=5 endpoint=3 pending-events=0 first-type=0 iman=2 usbsts=0 erdp=573c1fc0 dequeue=252 command-busy=0 irq-busy=0
xhci: cancelled request slot=5 endpoint=3 completion=26 residual=1
i915: resident shim: ring rewound (idle context)
i915: resident shim: ring rewound (idle context)
xhci: cancel slot=5 endpoint=3 pending-events=0 first-type=0 iman=2 usbsts=0 erdp=573c1010 dequeue=1 command-busy=0 irq-busy=0
xhci: cancelled request slot=5 endpoint=3 completion=26 residual=1
i915: vk: session 1: frames 102 in 5008 ms: per submit 1 runs (34 full) 49 ops (most 147), in submit 3483 us (runs 3386, record 96), between 45621 us
i915: perf: markers 110: wait 0.04 ms, run 0.00 ms
i915: perf: 5010 ms: 34 presents (6.78/s), 110 submits, 144 batches | per submit ms: 17.73 (build 0.10, run 17.62, gpu 3.12) | per present ms: 1.36 (copy 1.05, publish 0.02, flip 0.04)
i915: resident shim: ring rewound (idle context)
xhci: cancel slot=5 endpoint=3 pending-events=0 first-type=0 iman=2 usbsts=0 erdp=573c1040 dequeue=4 command-busy=0 irq-busy=0
xhci: cancelled request slot=5 endpoint=3 completion=26 residual=1
xhci: cancel slot=5 endpoint=3 pending-events=1 first-type=32 iman=2 usbsts=0 erdp=573c1290 dequeue=41 command-busy=0 irq-busy=0
xhci: cancelled request slot=5 endpoint=3 completion=26 residual=1
i915: resident shim: ring rewound (idle context)
i915: resident shim: ring rewound (idle context)
xhci: cancel slot=5 endpoint=3 pending-events=0 first-type=0 iman=2 usbsts=0 erdp=573c1480 dequeue=72 command-busy=0 irq-busy=0
xhci: cancelled request slot=5 endpoint=3 completion=26 residual=1
xhci: cancel slot=5 endpoint=3 pending-events=0 first-type=0 iman=2 usbsts=0 erdp=573c14d0 dequeue=77 command-busy=0 irq-busy=0
xhci: cancelled request slot=5 endpoint=3 completion=26 residual=1
i915: resident shim: ring rewound (idle context)
xhci: cancel slot=5 endpoint=3 pending-events=0 first-type=0 iman=2 usbsts=0 erdp=573c1500 dequeue=80 command-busy=0 irq-busy=0
xhci: cancelled request slot=5 endpoint=3 completion=26 residual=1
xhci: cancel slot=5 endpoint=3 pending-events=0 first-type=0 iman=2 usbsts=0 erdp=573c1550 dequeue=85 command-busy=0 irq-busy=0
xhci: cancelled request slot=5 endpoint=3 completion=26 residual=1
i915: resident shim: ring rewound (idle context)
i915: resident shim: ring rewound (idle context)
xhci: cancel slot=5 endpoint=3 pending-events=0 first-type=0 iman=2 usbsts=0 erdp=573c15a0 dequeue=90 command-busy=0 irq-busy=0
xhci: cancelled request slot=5 endpoint=3 completion=26 residual=1
i915: resident shim: ring rewound (idle context)
xhci: cancel slot=5 endpoint=3 pending-events=0 first-type=0 iman=2 usbsts=0 erdp=573c15f0 dequeue=95 command-busy=0 irq-busy=0
xhci: cancelled request slot=5 endpoint=3 completion=26 residual=1
xhci: cancel slot=5 endpoint=3 pending-events=0 first-type=0 iman=2 usbsts=0 erdp=573c1620 dequeue=98 command-busy=0 irq-busy=0
xhci: cancelled request slot=5 endpoint=3 completion=26 residual=1
i915: resident shim: ring rewound (idle context)
i915: resident shim: ring rewound (idle context)
xhci: cancel slot=5 endpoint=3 pending-events=1 first-type=32 iman=2 usbsts=0 erdp=573c1770 dequeue=119 command-busy=0 irq-busy=0
xhci: cancelled request slot=5 endpoint=3 completion=26 residual=1
xhci: cancel slot=5 endpoint=3 pending-events=0 first-type=0 iman=2 usbsts=0 erdp=573c1ac0 dequeue=172 command-busy=0 irq-busy=0
xhci: cancelled request slot=5 endpoint=3 completion=26 residual=1
i915: resident shim: ring rewound (idle context)
xhci: cancel slot=5 endpoint=3 pending-events=0 first-type=0 iman=2 usbsts=0 erdp=573c1b10 dequeue=177 command-busy=0 irq-busy=0
xhci: cancelled request slot=5 endpoint=3 completion=26 residual=1
xhci: cancel slot=5 endpoint=3 pending-events=0 first-type=0 iman=2 usbsts=0 erdp=573c1b40 dequeue=180 command-busy=0 irq-busy=0
xhci: cancelled request slot=5 endpoint=3 completion=26 residual=1
xhci: cancel slot=5 endpoint=3 pending-events=0 first-type=0 iman=2 usbsts=0 erdp=573c1b90 dequeue=185 command-busy=0 irq-busy=0
xhci: cancelled request slot=5 endpoint=3 completion=26 residual=1
i915: vk: an object (kind 18) was destroyed before what names it: 0 views, 0 descriptor sets, 0 framebuffers and 1 command buffers let go of it
i915: vk: an object (kind 8) was destroyed before what names it: 0 views, 0 descriptor sets, 0 framebuffers and 1 command buffers let go of it
i915: vk: an object (kind 8) was destroyed before what names it: 0 views, 0 descriptor sets, 0 framebuffers and 1 command buffers let go of it
i915: LCD-B UNRESOLVED step reached: intel_tc_port_link_cancel_reset_work (no reset work is queued)
i915: LCD-B (decided) intel_sagv_pre_plane_update: the QGV restriction stays as the initialisation left it
i915: display head: DBUF stopped: pipes 0x3 slices 0xf MBUS joined 0
i915: display head: stopped (connector 3); the output is dark
i915: display head: lease 2 released after 150 frame(s) (connector 3)
i915: resident display: lease released; holding the last picture (buffer B) for the next lease for up to 10000 ms
i915: perf: markers 362: wait 0.05 ms, run 0.00 ms
i915: perf: 3702 ms: 116 presents (31.32/s), 361 submits, 474 batches | per submit ms: 3.52 (build 0.07, run 3.45, gpu 3.29) | per present ms: 2.77 (copy 1.34, publish 0.00, flip 0.44) (final)
i915: resident display: lease 1 released after 532 frame(s) (stop done)
i915: hpd (drm_dbg) hotplug event received, stat 0x00020000, dig 0x00000098, pins 0x00000400, long 0x00000000
i915: resident shim: context sw_id=8 lrca=fc0e3119 pml4=0x1344dc000 ring=16384 bytes engine=rcs0
i915: DE HPD iir=0x00020000 pins=0x00000400 long=0x00000000
i915: hpd (drm_dbg) digital hpd on [ENCODER:4:DDI E] - short
i915: TC2: mode none -> dp-alt
i915: DP-ext TC2: connected (step done, rc 0)
i915: DP-ext TC2 DPCD 000: 14 14 c4 81 01 00 01 80 02 00 06 00 04 00 81
i915: DP-ext TC2: LTTPR valid 1 count 1 | sink OUI 24dd1b id 'Dp1.4 ' hw 0.0 sw 0.0 (valid 1) | rate max 540000 (sink 540000, source 810000) lanes 4 (sink 4)
i915: DP-ext TC2 EDID: 2 block(s) (extensions 1) mfg 2a87 product 1230 | DTD1 1920x1280 pixel clock 164360 kHz | HDMI 0
i915: DP-ext TC2: probe 3 held the port in dp-alt mode (FIA lanes 4), none after it | I2C nacks 0 defers 0
i915: resident display: DP on TC2 (DDI E): 1920x1280 164360 kHz (EDID), link 162000 kHz x4 at 24 bpp (limits 0 kHz x0)
xhci: cancel slot=5 endpoint=3 pending-events=0 first-type=0 iman=2 usbsts=0 erdp=573c1180 dequeue=24 command-busy=0 irq-busy=0
i915: TC2: mode none -> dp-alt
xhci: cancelled request slot=5 endpoint=3 completion=26 residual=1
i915: DP-ext: link service interrupt 0x02 acknowledged (rc 0), not handled
i915: DP-ext TC2: short pulse handled
i915: resident display: released after 150 flip(s); the reference stop path follows
i915: LCD-B observation window over; stopping through the reference's disable path
i915: hpd (drm_dbg) hotplug event received, stat 0x00010000, dig 0x00000089, pins 0x00000010, long 0x00000000
i915: hpd (drm_dbg) digital hpd on [ENCODER:1:DDI A] - short
i915: hpd: ignoring short hpd on eDP DDI A
xhci: cancel slot=5 endpoint=3 pending-events=0 first-type=0 iman=2 usbsts=0 erdp=573c11d0 dequeue=29 command-busy=0 irq-busy=0
xhci: cancelled request slot=5 endpoint=3 completion=26 residual=1
i915: hpd (drm_dbg) hotplug event received, stat 0x00010000, dig 0x0000008a, pins 0x00000010, long 0x00000010
i915: hpd (drm_dbg) digital hpd on [ENCODER:1:DDI A] - long
i915: hpd (drm_dbg_kms) Received HPD interrupt on PIN 4 - cnt: 10
i915: hpd: ignoring long hpd on eDP DDI A
i915: LCD-B (decided) intel_sagv_pre_plane_update: the QGV restriction stays as the initialisation left it
i915: LCD-B reg[after-disable] ICL_DPLL_ENABLE 0x46010 = 0x00000000
i915: LCD-B reg[after-disable] TGL_DPLL_CFGCR0 0x164284 = 0x00e001a5
i915: LCD-B reg[after-disable] TGL_DPLL_CFGCR1 0x164288 = 0x00000088
i915: LCD-B reg[after-disable] ICL_DPCLKA_CFGCR0 0x164280 = 0x01e07c00
i915: LCD-B reg[after-disable] DDI_BUF_CTL 0x64000 = 0x00000082
i915: LCD-B reg[after-disable] TRANS_CLK_SEL 0x46140 = 0x00000000
i915: LCD-B reg[after-disable] TRANS_DDI_FUNC_CTL 0x60400 = 0x00210002
i915: LCD-B reg[after-disable] TRANSCONF 0x70008 = 0x00000000
i915: LCD-B reg[after-disable] PIPE_MISC 0x70030 = 0x00000000
i915: LCD-B reg[after-disable] PLANE_CTL_1 0x70180 = 0x00000000
i915: LCD-B reg[after-disable] PLANE_COLOR_CTL_1 0x701cc = 0x00000000
i915: LCD-B reg[after-disable] PLANE_STRIDE_1 0x70188 = 0x00000000
i915: LCD-B reg[after-disable] PLANE_SIZE_1 0x70190 = 0x00000000
i915: LCD-B reg[after-disable] PLANE_SURF_1 0x7019c = 0x00000000
i915: LCD-B reg[after-disable] PLANE_WM_1_0 0x70240 = 0x00000000
i915: LCD-B reg[after-disable] PLANE_BUF_CFG_1 0x7027c = 0x00000000
i915: LCD-B reg[after-disable] MBUS_CTL 0x4438c = 0x1c000700
i915: LCD-B reg[after-disable] PIPE_MBUS_DBOX_CTL 0x7003c = 0x00000000
i915: LCD-B reg[after-disable] DBUF_CTL_S1 0x45008 = 0xc041c000
i915: LCD-B reg[after-disable] DBUF_CTL_S2 0x44fe8 = 0x0041c000
i915: LCD-B reg[after-disable] DBUF_CTL_S3 0x44300 = 0xc041c000
i915: LCD-B reg[after-disable] DBUF_CTL_S4 0x44304 = 0xc041c000
i915: LCD-B reg[after-disable] BXT_BLC_PWM_CTL 0xc8250 = 0x00000000
i915: LCD-B reg[after-disable] BXT_BLC_PWM_FREQ 0xc8254 = 0x00017700
i915: LCD-B reg[after-disable] BXT_BLC_PWM_DUTY 0xc8258 = 0x00000000
i915: LCD-B reg[after-disable] ICL_PIPESTATUS 0x70058 = 0x00000000
i915: LCD-B reg[after-disable] GEN8_DE_PIPE_IMR 0x44404 = 0x00000000
i915: LCD-B reg[after-disable] GEN8_DE_PIPE_IER 0x4440c = 0x00000000
i915: LCD-B reg[after-disable] GEN8_DE_PIPE_IIR 0x44408 = 0x00000000
i915: LCD-B reg[after-disable] PIPE_FRMCOUNT_G4X 0x70040 = 0x00000000
i915: resident display: run log 3405 writes, 100 rmw, 6 waits (0 timed out), 0 errors, 0 unresolved steps (2048 entries kept, 2982 not kept)
i915: resident display: ended PASS (show rc=5; flips 150, stop confirmed, buffers released=1, power refs held 0, first anomaly: none)
i915: resident display: the output moves to connector 3 (DisplayPort, Keiland's claim)
i915: resident display: lease 3 claimed
i915: vk: an object (kind 9) was destroyed before what names it: 0 views, 2 descriptor sets, 0 framebuffers and 0 command buffers let go of it
i915: vk: an object (kind 9) was destroyed before what names it: 0 views, 2 descriptor sets, 0 framebuffers and 0 command buffers let go of it
xhci: cancel slot=5 endpoint=3 pending-events=0 first-type=0 iman=2 usbsts=0 erdp=573c1420 dequeue=66 command-busy=0 irq-busy=0
xhci: cancelled request slot=5 endpoint=3 completion=26 residual=1
xhci: cancel slot=5 endpoint=3 pending-events=0 first-type=0 iman=2 usbsts=0 erdp=573c1470 dequeue=71 command-busy=0 irq-busy=0
xhci: cancelled request slot=5 endpoint=3 completion=26 residual=1
i915: vk: an object (kind 18) was destroyed before what names it: 0 views, 0 descriptor sets, 0 framebuffers and 1 command buffers let go of it
i915: DP-ext preflight: TRANSCONF(B)=0x00000000 DDI_BUF_CTL(0x64400)=0x00000000
i915: LCD-B input: VBT low_vswing=0 hobl=0 afc_override=0 backlight present=1 active_low=0 controller=0 pwm=200 Hz min=15 | rawclk=19200 kHz | DDI_BUF_CTL at connector init 0x80000002 -> saved bits 0x0
i915: LCD-B input: wm levels=6 latency 3/54/83/102/147/147/144/144 us ipc=1 sagv_block=35 us | DBUF slices now 0xd MBUS_CTL=0x1c000700 joined=0 | CDCLK now 179200 kHz vco 537600 ref 38400 bypass 19200 level 0 max 652800 | QGV mask 0x10b -> allowed 0x4 bw 14899 MB/s | DMC fw mask 0x1f
i915: resident display: DP on TC2 (port 4), pipe 1: 1920x1280 164360 kHz | link 162000 kHz x4 24 bpp | TC PLL 4 (div0 0x00084269) | DPCD rev 0x14 branch 0
i915: vk: an object (kind 8) was destroyed before what names it: 0 views, 0 descriptor sets, 0 framebuffers and 1 command buffers let go of it
i915: vk: an object (kind 9) was destroyed before what names it: 0 views, 1 descriptor sets, 0 framebuffers and 0 command buffers let go of it
i915: resident display: buffers 1920x1280 pitch 7680: A surf 0xbc0c0000 cpu 0xffff80013c3cd000, B surf 0xbcb80000 cpu 0xffff80013cd32000
i915: P3 intel_combo_phy_init: combo PHYs A/B (0 initialised)
i915: LCD-B (decided) intel_sagv_pre_plane_update: the QGV restriction stays as the initialisation left it (SAGV off, max-bandwidth point; bandwidth checked in prepare)
i915: TC2: mode none -> dp-alt
i915: LCD-B (decided) intel_set_cpu_fifo_underrun_reporting: underrun IRQ stays masked; the test owns and samples ICL_PIPESTATUS
i915: LCD-B (decided) intel_crtc_vblank_on: DRM vblank events unused in this test; pipe vblank IRQ stays masked (checked by the binding)
i915: LCD-B (decided) intel_sagv_post_plane_update: QGV points are not relaxed (SAGV stays off)
xhci: cancel slot=5 endpoint=3 pending-events=0 first-type=0 iman=2 usbsts=0 erdp=573c18c0 dequeue=140 command-busy=0 irq-busy=0
xhci: cancelled request slot=5 endpoint=3 completion=26 residual=1
i915: LCD-B reg[picture-up] ICL_DPLL_ENABLE 0x46010 = 0x00000000 | Linux 0xcc000000 mask 0xcc000000 DIFFERENT
i915: LCD-B reg[picture-up] TGL_DPLL_CFGCR0 0x164284 = 0x00e001a5 | Linux 0x00e001a5 mask 0xffffffff same
i915: LCD-B reg[picture-up] TGL_DPLL_CFGCR1 0x164288 = 0x00000088 | Linux 0x00000088 mask 0xffffffff same
i915: LCD-B reg[picture-up] ICL_DPCLKA_CFGCR0 0x164280 = 0x01e05c00
i915: LCD-B reg[picture-up] DDI_BUF_CTL 0x64000 = 0x00000082 | Linux 0x80000002 mask 0xffffff7f DIFFERENT
i915: LCD-B reg[picture-up] TRANS_CLK_SEL 0x46140 = 0x00000000 | Linux 0x10000000 mask 0xffffffff DIFFERENT
i915: LCD-B reg[picture-up] TRANS_DDI_FUNC_CTL 0x60400 = 0x00210002 | Linux 0x8a210002 mask 0xffffffff DIFFERENT
i915: LCD-B reg[picture-up] TRANSCONF 0x70008 = 0x00000000 | Linux 0xc0000000 mask 0xc0000000 DIFFERENT
i915: LCD-B reg[picture-up] PIPE_MISC 0x70030 = 0x00000000
i915: LCD-B reg[picture-up] PLANE_CTL_1 0x70180 = 0x00000000 | Linux 0x94000000 mask 0xffffffff DIFFERENT
i915: LCD-B reg[picture-up] PLANE_COLOR_CTL_1 0x701cc = 0x00000000 | Linux 0x00002000 mask 0xffffffff DIFFERENT
i915: LCD-B reg[picture-up] PLANE_STRIDE_1 0x70188 = 0x00000000 | Linux 0x00000078 mask 0xffffffff DIFFERENT
i915: LCD-B reg[picture-up] PLANE_SIZE_1 0x70190 = 0x00000000 | Linux 0x0437077f mask 0xffffffff DIFFERENT
i915: LCD-B reg[picture-up] PLANE_SURF_1 0x7019c = 0x00000000
i915: LCD-B reg[picture-up] PLANE_WM_1_0 0x70240 = 0x00000000 | Linux 0x80004010 mask 0xffffffff DIFFERENT
i915: LCD-B reg[picture-up] PLANE_BUF_CFG_1 0x7027c = 0x00000000 | Linux 0x0fdb0000 mask 0xffffffff DIFFERENT
i915: LCD-B reg[picture-up] MBUS_CTL 0x4438c = 0xdc000700 | Linux 0xdc000700 mask 0xffffffff same
i915: LCD-B reg[picture-up] PIPE_MBUS_DBOX_CTL 0x7003c = 0x00000000
i915: LCD-B reg[picture-up] DBUF_CTL_S1 0x45008 = 0xc043c000 | Linux 0xc043c000 mask 0xffffffff same
i915: LCD-B reg[picture-up] DBUF_CTL_S2 0x44fe8 = 0xc043c000 | Linux 0xc043c000 mask 0xffffffff same
i915: LCD-B reg[picture-up] DBUF_CTL_S3 0x44300 = 0xc043c000
i915: LCD-B reg[picture-up] DBUF_CTL_S4 0x44304 = 0xc043c000
i915: LCD-B reg[picture-up] BXT_BLC_PWM_CTL 0xc8250 = 0x00000000
i915: LCD-B reg[picture-up] BXT_BLC_PWM_FREQ 0xc8254 = 0x00017700 | Linux 0x00017700 mask 0xffffffff same
i915: LCD-B reg[picture-up] BXT_BLC_PWM_DUTY 0xc8258 = 0x00000000
i915: LCD-B reg[picture-up] ICL_PIPESTATUS 0x70058 = 0x00000000
i915: LCD-B reg[picture-up] GEN8_DE_PIPE_IMR 0x44404 = 0x00000000
i915: LCD-B reg[picture-up] GEN8_DE_PIPE_IER 0x4440c = 0x00000000
i915: LCD-B reg[picture-up] GEN8_DE_PIPE_IIR 0x44408 = 0x00000000
i915: LCD-B reg[picture-up] PIPE_FRMCOUNT_G4X 0x70040 = 0x00000000
i915: LCD-B reg[picture-up] same as Linux's dump: 6/17 (comparison only; no value above was copied from it)
i915: LCD-B PICTURE UP: pattern id=0 on the panel; observation window 0 ms starts now (take the photograph)
i915: resident display: picture up (buffer A surf 0xbc0c0000); serving presentation
i915: resident display: panel buffers mapped for the GPU at 0x102400000 / 0x102e00000 (2400 pages each)
i915: resident display: flip 1: surf 0xbc0c0000 -> 0xbcb80000 | frame 13 -> 0
i915: resident display: first frame 1920x1280 (stride 7680; shared, GPU copy; RGBA) shown on the 1920x1280 panel
i915: resident display: flip 2: surf 0xbcb80000 -> 0xbc0c0000 | frame 14 -> 0
i915: resident display: flip 3: surf 0xbc0c0000 -> 0xbcb80000 | frame 15 -> 0
i915: vk: an object (kind 9) was destroyed before what names it: 0 views, 2 descriptor sets, 0 framebuffers and 0 command buffers let go of it
i915: vk: an object (kind 9) was destroyed before what names it: 0 views, 2 descriptor sets, 0 framebuffers and 0 command buffers let go of it
i915: vk: an object (kind 9) was destroyed before what names it: 0 views, 2 descriptor sets, 0 framebuffers and 0 command buffers let go of it
xhci: cancel slot=5 endpoint=3 pending-events=0 first-type=0 iman=2 usbsts=0 erdp=573c1910 dequeue=145 command-busy=0 irq-busy=0
xhci: cancelled request slot=5 endpoint=3 completion=26 residual=1
xhci: cancel slot=5 endpoint=3 pending-events=0 first-type=0 iman=2 usbsts=0 erdp=573c1940 dequeue=148 command-busy=0 irq-busy=0
xhci: cancelled request slot=5 endpoint=3 completion=26 residual=1
xhci: cancel slot=5 endpoint=3 pending-events=0 first-type=0 iman=2 usbsts=0 erdp=573c1990 dequeue=153 command-busy=0 irq-busy=0
xhci: cancelled request slot=5 endpoint=3 completion=26 residual=1
xhci: cancel slot=5 endpoint=3 pending-events=0 first-type=0 iman=2 usbsts=0 erdp=573c19e0 dequeue=158 command-busy=0 irq-busy=0
xhci: cancelled request slot=5 endpoint=3 completion=26 residual=1
xhci: cancel slot=5 endpoint=3 pending-events=0 first-type=0 iman=2 usbsts=0 erdp=573c1a30 dequeue=163 command-busy=0 irq-busy=0
xhci: cancelled request slot=5 endpoint=3 completion=26 residual=1
xhci: cancel slot=5 endpoint=3 pending-events=0 first-type=0 iman=2 usbsts=0 erdp=573c1a60 dequeue=166 command-busy=0 irq-busy=0
xhci: cancelled request slot=5 endpoint=3 completion=26 residual=1
xhci: cancel slot=5 endpoint=3 pending-events=0 first-type=0 iman=2 usbsts=0 erdp=573c1ab0 dequeue=171 command-busy=0 irq-busy=0
xhci: cancelled request slot=5 endpoint=3 completion=26 residual=1
xhci: cancel slot=5 endpoint=3 pending-events=0 first-type=0 iman=2 usbsts=0 erdp=573c1fc0 dequeue=252 command-busy=0 irq-busy=0
xhci: cancelled request slot=5 endpoint=3 completion=26 residual=1
xhci: cancel slot=5 endpoint=3 pending-events=0 first-type=0 iman=2 usbsts=0 erdp=573c1010 dequeue=1 command-busy=0 irq-busy=0
xhci: cancelled request slot=5 endpoint=3 completion=26 residual=1
xhci: cancel slot=5 endpoint=3 pending-events=0 first-type=0 iman=2 usbsts=0 erdp=573c1040 dequeue=4 command-busy=0 irq-busy=0
xhci: cancelled request slot=5 endpoint=3 completion=26 residual=1
xhci: cancel slot=5 endpoint=3 pending-events=0 first-type=0 iman=2 usbsts=0 erdp=573c1090 dequeue=9 command-busy=0 irq-busy=0
xhci: cancelled request slot=5 endpoint=3 completion=26 residual=1
xhci: cancel slot=5 endpoint=3 pending-events=0 first-type=0 iman=2 usbsts=0 erdp=573c10e0 dequeue=14 command-busy=0 irq-busy=0
xhci: cancelled request slot=5 endpoint=3 completion=26 residual=1
xhci: cancel slot=5 endpoint=3 pending-events=0 first-type=0 iman=2 usbsts=0 erdp=573c1130 dequeue=19 command-busy=0 irq-busy=0
xhci: cancelled request slot=5 endpoint=3 completion=26 residual=1
xhci: cancel slot=5 endpoint=3 pending-events=0 first-type=0 iman=2 usbsts=0 erdp=573c1160 dequeue=22 command-busy=0 irq-busy=0
xhci: cancelled request slot=5 endpoint=3 completion=26 residual=1
xhci: cancel slot=5 endpoint=3 pending-events=0 first-type=0 iman=2 usbsts=0 erdp=573c11b0 dequeue=27 command-busy=0 irq-busy=0
xhci: cancelled request slot=5 endpoint=3 completion=26 residual=1
xhci: cancel slot=5 endpoint=3 pending-events=0 first-type=0 iman=2 usbsts=0 erdp=573c1420 dequeue=66 command-busy=0 irq-busy=0
xhci: cancelled request slot=5 endpoint=3 completion=26 residual=1
xhci: cancel slot=5 endpoint=3 pending-events=0 first-type=0 iman=2 usbsts=0 erdp=573c1470 dequeue=71 command-busy=0 irq-busy=0
xhci: cancelled request slot=5 endpoint=3 completion=26 residual=1
xhci: cancel slot=5 endpoint=3 pending-events=0 first-type=0 iman=2 usbsts=0 erdp=573c14a0 dequeue=74 command-busy=0 irq-busy=0
xhci: cancelled request slot=5 endpoint=3 completion=26 residual=1
xhci: cancel slot=5 endpoint=3 pending-events=0 first-type=0 iman=2 usbsts=0 erdp=573c14f0 dequeue=79 command-busy=0 irq-busy=0
xhci: cancelled request slot=5 endpoint=3 completion=26 residual=1
xhci: cancel slot=5 endpoint=3 pending-events=0 first-type=0 iman=2 usbsts=0 erdp=573c1540 dequeue=84 command-busy=0 irq-busy=0
xhci: cancelled request slot=5 endpoint=3 completion=26 residual=1
xhci: cancel slot=5 endpoint=3 pending-events=0 first-type=0 iman=2 usbsts=0 erdp=573c1590 dequeue=89 command-busy=0 irq-busy=0
xhci: cancelled request slot=5 endpoint=3 completion=26 residual=1
xhci: cancel slot=5 endpoint=3 pending-events=0 first-type=0 iman=2 usbsts=0 erdp=573c15c0 dequeue=92 command-busy=0 irq-busy=0
xhci: cancelled request slot=5 endpoint=3 completion=26 residual=1
xhci: cancel slot=5 endpoint=3 pending-events=0 first-type=0 iman=2 usbsts=0 erdp=573c1610 dequeue=97 command-busy=0 irq-busy=0
xhci: cancelled request slot=5 endpoint=3 completion=26 residual=1
xhci: cancel slot=5 endpoint=3 pending-events=0 first-type=0 iman=2 usbsts=0 erdp=573c1880 dequeue=136 command-busy=0 irq-busy=0
xhci: cancelled request slot=5 endpoint=3 completion=26 residual=1
xhci: cancel slot=5 endpoint=3 pending-events=0 first-type=0 iman=2 usbsts=0 erdp=573c18d0 dequeue=141 command-busy=0 irq-busy=0
xhci: cancelled request slot=5 endpoint=3 completion=26 residual=1
xhci: cancel slot=5 endpoint=3 pending-events=0 first-type=0 iman=2 usbsts=0 erdp=573c1900 dequeue=144 command-busy=0 irq-busy=0
xhci: cancelled request slot=5 endpoint=3 completion=26 residual=1
xhci: cancel slot=5 endpoint=3 pending-events=0 first-type=0 iman=2 usbsts=0 erdp=573c1950 dequeue=149 command-busy=0 irq-busy=0
xhci: cancelled request slot=5 endpoint=3 completion=26 residual=1
xhci: cancel slot=5 endpoint=3 pending-events=0 first-type=0 iman=2 usbsts=0 erdp=573c19a0 dequeue=154 command-busy=0 irq-busy=0
xhci: cancelled request slot=5 endpoint=3 completion=26 residual=1
xhci: cancel slot=5 endpoint=3 pending-events=0 first-type=0 iman=2 usbsts=0 erdp=573c19f0 dequeue=159 command-busy=0 irq-busy=0
xhci: cancelled request slot=5 endpoint=3 completion=26 residual=1
xhci: cancel slot=5 endpoint=3 pending-events=0 first-type=0 iman=2 usbsts=0 erdp=573c1a20 dequeue=162 command-busy=0 irq-busy=0
xhci: cancelled request slot=5 endpoint=3 completion=26 residual=1
xhci: cancel slot=5 endpoint=3 pending-events=0 first-type=0 iman=2 usbsts=0 erdp=573c1a90 dequeue=169 command-busy=0 irq-busy=0
xhci: cancelled request slot=5 endpoint=3 completion=26 residual=1
xhci: cancel slot=5 endpoint=3 pending-events=0 first-type=0 iman=2 usbsts=0 erdp=573c1ce0 dequeue=206 command-busy=0 irq-busy=0
xhci: cancelled request slot=5 endpoint=3 completion=26 residual=1
xhci: cancel slot=5 endpoint=3 pending-events=0 first-type=0 iman=2 usbsts=0 erdp=573c1d30 dequeue=211 command-busy=0 irq-busy=0
xhci: cancelled request slot=5 endpoint=3 completion=26 residual=1
xhci: cancel slot=5 endpoint=3 pending-events=0 first-type=0 iman=2 usbsts=0 erdp=573c1d60 dequeue=214 command-busy=0 irq-busy=0
xhci: cancelled request slot=5 endpoint=3 completion=26 residual=1
xhci: cancel slot=5 endpoint=3 pending-events=0 first-type=0 iman=2 usbsts=0 erdp=573c1dd0 dequeue=221 command-busy=0 irq-busy=0
xhci: cancelled request slot=5 endpoint=3 completion=26 residual=1
xhci: cancel slot=5 endpoint=3 pending-events=0 first-type=0 iman=2 usbsts=0 erdp=573c1e00 dequeue=224 command-busy=0 irq-busy=0
xhci: cancelled request slot=5 endpoint=3 completion=26 residual=1
xhci: cancel slot=5 endpoint=3 pending-events=0 first-type=0 iman=2 usbsts=0 erdp=573c1e50 dequeue=229 command-busy=0 irq-busy=0
xhci: cancelled request slot=5 endpoint=3 completion=26 residual=1
xhci: cancel slot=5 endpoint=3 pending-events=0 first-type=0 iman=2 usbsts=0 erdp=573c1e80 dequeue=232 command-busy=0 irq-busy=0
xhci: cancelled request slot=5 endpoint=3 completion=26 residual=1
xhci: cancel slot=5 endpoint=3 pending-events=0 first-type=0 iman=2 usbsts=0 erdp=573c1ef0 dequeue=239 command-busy=0 irq-busy=0
xhci: cancelled request slot=5 endpoint=3 completion=26 residual=1
xhci: cancel slot=5 endpoint=3 pending-events=0 first-type=0 iman=2 usbsts=0 erdp=573c1140 dequeue=20 command-busy=0 irq-busy=0
xhci: cancelled request slot=5 endpoint=3 completion=26 residual=1
xhci: cancel slot=5 endpoint=3 pending-events=0 first-type=0 iman=2 usbsts=0 erdp=573c1190 dequeue=25 command-busy=0 irq-busy=0
xhci: cancelled request slot=5 endpoint=3 completion=26 residual=1
xhci: cancel slot=5 endpoint=3 pending-events=0 first-type=0 iman=2 usbsts=0 erdp=573c11c0 dequeue=28 command-busy=0 irq-busy=0
xhci: cancelled request slot=5 endpoint=3 completion=26 residual=1
xhci: cancel slot=5 endpoint=3 pending-events=0 first-type=0 iman=2 usbsts=0 erdp=573c1230 dequeue=35 command-busy=0 irq-busy=0
xhci: cancelled request slot=5 endpoint=3 completion=26 residual=1
xhci: cancel slot=5 endpoint=3 pending-events=0 first-type=0 iman=2 usbsts=0 erdp=573c1260 dequeue=38 command-busy=0 irq-busy=0
xhci: cancelled request slot=5 endpoint=3 completion=26 residual=1
xhci: cancel slot=5 endpoint=3 pending-events=0 first-type=0 iman=2 usbsts=0 erdp=573c12b0 dequeue=43 command-busy=0 irq-busy=0
xhci: cancelled request slot=5 endpoint=3 completion=26 residual=1
xhci: cancel slot=5 endpoint=3 pending-events=0 first-type=0 iman=2 usbsts=0 erdp=573c12e0 dequeue=46 command-busy=0 irq-busy=0
xhci: cancelled request slot=5 endpoint=3 completion=26 residual=1
xhci: cancel slot=5 endpoint=3 pending-events=0 first-type=0 iman=2 usbsts=0 erdp=573c1350 dequeue=53 command-busy=0 irq-busy=0
xhci: cancelled request slot=5 endpoint=3 completion=26 residual=1
xhci: cancel slot=5 endpoint=3 pending-events=0 first-type=0 iman=2 usbsts=0 erdp=573c15a0 dequeue=90 command-busy=0 irq-busy=0
xhci: cancelled request slot=5 endpoint=3 completion=26 residual=1
xhci: cancel slot=5 endpoint=3 pending-events=0 first-type=0 iman=2 usbsts=0 erdp=573c15f0 dequeue=95 command-busy=0 irq-busy=0
xhci: cancelled request slot=5 endpoint=3 completion=26 residual=1
xhci: cancel slot=5 endpoint=3 pending-events=0 first-type=0 iman=2 usbsts=0 erdp=573c1620 dequeue=98 command-busy=0 irq-busy=0
xhci: cancelled request slot=5 endpoint=3 completion=26 residual=1
xhci: cancel slot=5 endpoint=3 pending-events=0 first-type=0 iman=2 usbsts=0 erdp=573c1690 dequeue=105 command-busy=0 irq-busy=0
xhci: cancelled request slot=5 endpoint=3 completion=26 residual=1
xhci: cancel slot=5 endpoint=3 pending-events=0 first-type=0 iman=2 usbsts=0 erdp=573c16c0 dequeue=108 command-busy=0 irq-busy=0
xhci: cancelled request slot=5 endpoint=3 completion=26 residual=1
xhci: cancel slot=5 endpoint=3 pending-events=0 first-type=0 iman=2 usbsts=0 erdp=573c1710 dequeue=113 command-busy=0 irq-busy=0
xhci: cancelled request slot=5 endpoint=3 completion=26 residual=1
xhci: cancel slot=5 endpoint=3 pending-events=0 first-type=0 iman=2 usbsts=0 erdp=573c1740 dequeue=116 command-busy=0 irq-busy=0
xhci: cancelled request slot=5 endpoint=3 completion=26 residual=1
xhci: cancel slot=5 endpoint=3 pending-events=0 first-type=0 iman=2 usbsts=0 erdp=573c17b0 dequeue=123 command-busy=0 irq-busy=0
xhci: cancelled request slot=5 endpoint=3 completion=26 residual=1
xhci: cancel slot=5 endpoint=3 pending-events=0 first-type=0 iman=2 usbsts=0 erdp=573c1ca0 dequeue=202 command-busy=0 irq-busy=0
xhci: cancelled request slot=5 endpoint=3 completion=26 residual=1
xhci: cancel slot=5 endpoint=3 pending-events=0 first-type=0 iman=2 usbsts=0 erdp=573c1cf0 dequeue=207 command-busy=0 irq-busy=0
xhci: cancelled request slot=5 endpoint=3 completion=26 residual=1
xhci: cancel slot=5 endpoint=3 pending-events=0 first-type=0 iman=2 usbsts=0 erdp=573c1d20 dequeue=210 command-busy=0 irq-busy=0
xhci: cancelled request slot=5 endpoint=3 completion=26 residual=1
xhci: cancel slot=5 endpoint=3 pending-events=0 first-type=0 iman=2 usbsts=0 erdp=573c1d90 dequeue=217 command-busy=0 irq-busy=0
xhci: cancelled request slot=5 endpoint=3 completion=26 residual=1
xhci: cancel slot=5 endpoint=3 pending-events=0 first-type=0 iman=2 usbsts=0 erdp=573c1dc0 dequeue=220 command-busy=0 irq-busy=0
xhci: cancelled request slot=5 endpoint=3 completion=26 residual=1
xhci: cancel slot=5 endpoint=3 pending-events=0 first-type=0 iman=2 usbsts=0 erdp=573c1e10 dequeue=225 command-busy=0 irq-busy=0
xhci: cancelled request slot=5 endpoint=3 completion=26 residual=1
xhci: cancel slot=5 endpoint=3 pending-events=0 first-type=0 iman=2 usbsts=0 erdp=573c1e40 dequeue=228 command-busy=0 irq-busy=0
xhci: cancelled request slot=5 endpoint=3 completion=26 residual=1
xhci: cancel slot=5 endpoint=3 pending-events=0 first-type=0 iman=2 usbsts=0 erdp=573c1eb0 dequeue=235 command-busy=0 irq-busy=0
xhci: cancelled request slot=5 endpoint=3 completion=26 residual=1
xhci: cancel slot=5 endpoint=3 pending-events=0 first-type=0 iman=2 usbsts=0 erdp=573c1100 dequeue=16 command-busy=0 irq-busy=0
xhci: cancelled request slot=5 endpoint=3 completion=26 residual=1
xhci: cancel slot=5 endpoint=3 pending-events=0 first-type=0 iman=2 usbsts=0 erdp=573c1150 dequeue=21 command-busy=0 irq-busy=0
xhci: cancelled request slot=5 endpoint=3 completion=26 residual=1
xhci: cancel slot=5 endpoint=3 pending-events=0 first-type=0 iman=2 usbsts=0 erdp=573c1180 dequeue=24 command-busy=0 irq-busy=0
xhci: cancelled request slot=5 endpoint=3 completion=26 residual=1
xhci: cancel slot=5 endpoint=3 pending-events=0 first-type=0 iman=2 usbsts=0 erdp=573c11f0 dequeue=31 command-busy=0 irq-busy=0
xhci: cancelled request slot=5 endpoint=3 completion=26 residual=1
xhci: cancel slot=5 endpoint=3 pending-events=0 first-type=0 iman=2 usbsts=0 erdp=573c1220 dequeue=34 command-busy=0 irq-busy=0
xhci: cancelled request slot=5 endpoint=3 completion=26 residual=1
xhci: cancel slot=5 endpoint=3 pending-events=0 first-type=0 iman=2 usbsts=0 erdp=573c1270 dequeue=39 command-busy=0 irq-busy=0
xhci: cancelled request slot=5 endpoint=3 completion=26 residual=1
xhci: cancel slot=5 endpoint=3 pending-events=0 first-type=0 iman=2 usbsts=0 erdp=573c12a0 dequeue=42 command-busy=0 irq-busy=0
xhci: cancelled request slot=5 endpoint=3 completion=26 residual=1
xhci: cancel slot=5 endpoint=3 pending-events=0 first-type=0 iman=2 usbsts=0 erdp=573c1310 dequeue=49 command-busy=0 irq-busy=0
xhci: cancelled request slot=5 endpoint=3 completion=26 residual=1
xhci: cancel slot=5 endpoint=3 pending-events=0 first-type=0 iman=2 usbsts=0 erdp=573c1560 dequeue=86 command-busy=0 irq-busy=0
xhci: cancelled request slot=5 endpoint=3 completion=26 residual=1
xhci: cancel slot=5 endpoint=3 pending-events=0 first-type=0 iman=2 usbsts=0 erdp=573c15b0 dequeue=91 command-busy=0 irq-busy=0
xhci: cancelled request slot=5 endpoint=3 completion=26 residual=1
xhci: cancel slot=5 endpoint=3 pending-events=0 first-type=0 iman=2 usbsts=0 erdp=573c15e0 dequeue=94 command-busy=0 irq-busy=0
xhci: cancelled request slot=5 endpoint=3 completion=26 residual=1
xhci: cancel slot=5 endpoint=3 pending-events=0 first-type=0 iman=2 usbsts=0 erdp=573c1650 dequeue=101 command-busy=0 irq-busy=0
xhci: cancelled request slot=5 endpoint=3 completion=26 residual=1
xhci: cancel slot=5 endpoint=3 pending-events=0 first-type=0 iman=2 usbsts=0 erdp=573c1680 dequeue=104 command-busy=0 irq-busy=0
xhci: cancelled request slot=5 endpoint=3 completion=26 residual=1
xhci: cancel slot=5 endpoint=3 pending-events=0 first-type=0 iman=2 usbsts=0 erdp=573c16d0 dequeue=109 command-busy=0 irq-busy=0
xhci: cancelled request slot=5 endpoint=3 completion=26 residual=1
xhci: cancel slot=5 endpoint=3 pending-events=0 first-type=0 iman=2 usbsts=0 erdp=573c1700 dequeue=112 command-busy=0 irq-busy=0
xhci: cancelled request slot=5 endpoint=3 completion=26 residual=1
xhci: cancel slot=5 endpoint=3 pending-events=0 first-type=0 iman=2 usbsts=0 erdp=573c1770 dequeue=119 command-busy=0 irq-busy=0
xhci: cancelled request slot=5 endpoint=3 completion=26 residual=1
xhci: cancel slot=5 endpoint=3 pending-events=1 first-type=32 iman=2 usbsts=0 erdp=573c1940 dequeue=148 command-busy=0 irq-busy=0
xhci: cancelled request slot=5 endpoint=3 completion=26 residual=1
xhci: cancel slot=5 endpoint=3 pending-events=0 first-type=0 iman=2 usbsts=0 erdp=573c1a10 dequeue=161 command-busy=0 irq-busy=0
xhci: cancelled request slot=5 endpoint=3 completion=26 residual=1
xhci: cancel slot=5 endpoint=3 pending-events=0 first-type=0 iman=2 usbsts=0 erdp=573c1a60 dequeue=166 command-busy=0 irq-busy=0
xhci: cancelled request slot=5 endpoint=3 completion=26 residual=1
xhci: cancel slot=5 endpoint=3 pending-events=0 first-type=0 iman=2 usbsts=0 erdp=573c1ab0 dequeue=171 command-busy=0 irq-busy=0
xhci: cancelled request slot=5 endpoint=3 completion=26 residual=1
xhci: cancel slot=5 endpoint=3 pending-events=0 first-type=0 iman=2 usbsts=0 erdp=573c1b00 dequeue=176 command-busy=0 irq-busy=0
xhci: cancelled request slot=5 endpoint=3 completion=26 residual=1
xhci: cancel slot=5 endpoint=3 pending-events=0 first-type=0 iman=2 usbsts=0 erdp=573c1b30 dequeue=179 command-busy=0 irq-busy=0
xhci: cancelled request slot=5 endpoint=3 completion=26 residual=1
i915: vk: session 1: frames 363 in 26438 ms: per submit 1 runs (115 full) 48 ops (most 146), in submit 3647 us (runs 3567, record 79), between 69186 us
i915: perf: markers 20: wait 0.77 ms, run 0.00 ms
i915: perf: 22736 ms: 4 presents (0.17/s), 21 submits, 15 batches | per submit ms: 17.79 (build 0.17, run 17.61, gpu 3.47) | per present ms: 84.16 (copy 0.88, publish 0.19, flip 0.00)
xhci: cancel slot=5 endpoint=3 pending-events=0 first-type=0 iman=2 usbsts=0 erdp=573c1b80 dequeue=184 command-busy=0 irq-busy=0
xhci: cancelled request slot=5 endpoint=3 completion=26 residual=1
xhci: cancel slot=5 endpoint=3 pending-events=0 first-type=0 iman=2 usbsts=0 erdp=573c1bd0 dequeue=189 command-busy=0 irq-busy=0
xhci: cancelled request slot=5 endpoint=3 completion=26 residual=1
xhci: cancel slot=5 endpoint=3 pending-events=1 first-type=32 iman=2 usbsts=0 erdp=573c1d30 dequeue=211 command-busy=0 irq-busy=0
xhci: cancelled request slot=5 endpoint=3 completion=26 residual=1
xhci: cancel slot=5 endpoint=3 pending-events=0 first-type=0 iman=2 usbsts=0 erdp=573c1e70 dequeue=231 command-busy=0 irq-busy=0
xhci: cancelled request slot=5 endpoint=3 completion=26 residual=1
xhci: cancel slot=5 endpoint=3 pending-events=0 first-type=0 iman=2 usbsts=0 erdp=573c1ec0 dequeue=236 command-busy=0 irq-busy=0
xhci: cancelled request slot=5 endpoint=3 completion=26 residual=1
xhci: cancel slot=5 endpoint=3 pending-events=0 first-type=0 iman=2 usbsts=0 erdp=573c1f10 dequeue=241 command-busy=0 irq-busy=0
xhci: cancelled request slot=5 endpoint=3 completion=26 residual=1
xhci: cancel slot=5 endpoint=3 pending-events=0 first-type=0 iman=2 usbsts=0 erdp=573c10e0 dequeue=14 command-busy=0 irq-busy=0
xhci: cancelled request slot=5 endpoint=3 completion=26 residual=1
i915: resident shim: ring rewound (idle context)
xhci: cancel slot=5 endpoint=3 pending-events=0 first-type=0 iman=2 usbsts=0 erdp=573c12a0 dequeue=42 command-busy=0 irq-busy=0
xhci: cancelled request slot=5 endpoint=3 completion=26 residual=1
xhci: cancel slot=5 endpoint=3 pending-events=0 first-type=0 iman=2 usbsts=0 erdp=573c1480 dequeue=72 command-busy=0 irq-busy=0
xhci: cancelled request slot=5 endpoint=3 completion=26 residual=1
xhci: cancel slot=5 endpoint=3 pending-events=0 first-type=0 iman=2 usbsts=0 erdp=573c1640 dequeue=100 command-busy=0 irq-busy=0
xhci: cancelled request slot=5 endpoint=3 completion=26 residual=1
xhci: cancel slot=5 endpoint=3 pending-events=1 first-type=32 iman=2 usbsts=0 erdp=573c1710 dequeue=113 command-busy=0 irq-busy=0
xhci: cancelled request slot=5 endpoint=3 completion=26 residual=1
xhci: cancel slot=5 endpoint=3 pending-events=0 first-type=0 iman=2 usbsts=0 erdp=573c1b80 dequeue=184 command-busy=0 irq-busy=0
xhci: cancelled request slot=5 endpoint=3 completion=26 residual=1
xhci: cancel slot=5 endpoint=3 pending-events=0 first-type=0 iman=2 usbsts=0 erdp=573c1c30 dequeue=195 command-busy=0 irq-busy=0
xhci: cancelled request slot=5 endpoint=3 completion=26 residual=1
i915: vk: an object (kind 18) was destroyed before what names it: 0 views, 0 descriptor sets, 0 framebuffers and 1 command buffers let go of it
i915: vk: an object (kind 8) was destroyed before what names it: 0 views, 0 descriptor sets, 0 framebuffers and 1 command buffers let go of it
i915: vk: an object (kind 9) was destroyed before what names it: 0 views, 1 descriptor sets, 0 framebuffers and 0 command buffers let go of it
i915: vk: an object (kind 9) was destroyed before what names it: 0 views, 2 descriptor sets, 0 framebuffers and 0 command buffers let go of it
i915: vk: an object (kind 9) was destroyed before what names it: 0 views, 2 descriptor sets, 0 framebuffers and 0 command buffers let go of it
i915: resident shim: ring rewound (idle context)
xhci: cancel slot=5 endpoint=3 pending-events=0 first-type=0 iman=2 usbsts=0 erdp=573c1d00 dequeue=208 command-busy=0 irq-busy=0
xhci: cancelled request slot=5 endpoint=3 completion=26 residual=1
i915: vk: an object (kind 9) was destroyed before what names it: 0 views, 2 descriptor sets, 0 framebuffers and 0 command buffers let go of it
xhci: cancel slot=5 endpoint=3 pending-events=0 first-type=0 iman=2 usbsts=0 erdp=573c1d50 dequeue=213 command-busy=0 irq-busy=0
xhci: cancelled request slot=5 endpoint=3 completion=26 residual=1
xhci: cancel slot=5 endpoint=3 pending-events=0 first-type=0 iman=2 usbsts=0 erdp=573c1d80 dequeue=216 command-busy=0 irq-busy=0
xhci: cancelled request slot=5 endpoint=3 completion=26 residual=1
xhci: cancel slot=5 endpoint=3 pending-events=0 first-type=0 iman=2 usbsts=0 erdp=573c1df0 dequeue=223 command-busy=0 irq-busy=0
xhci: cancelled request slot=5 endpoint=3 completion=26 residual=1
i915: vk: an object (kind 18) was destroyed before what names it: 0 views, 0 descriptor sets, 0 framebuffers and 1 command buffers let go of it
i915: vk: an object (kind 8) was destroyed before what names it: 0 views, 0 descriptor sets, 0 framebuffers and 1 command buffers let go of it
i915: vk: an object (kind 9) was destroyed before what names it: 0 views, 1 descriptor sets, 0 framebuffers and 0 command buffers let go of it
i915: vk: an object (kind 9) was destroyed before what names it: 0 views, 2 descriptor sets, 0 framebuffers and 0 command buffers let go of it
i915: vk: an object (kind 9) was destroyed before what names it: 0 views, 2 descriptor sets, 0 framebuffers and 0 command buffers let go of it
i915: vk: an object (kind 9) was destroyed before what names it: 0 views, 2 descriptor sets, 0 framebuffers and 0 command buffers let go of it
xhci: cancel slot=5 endpoint=3 pending-events=0 first-type=0 iman=2 usbsts=0 erdp=573c1f60 dequeue=246 command-busy=0 irq-busy=0
xhci: cancelled request slot=5 endpoint=3 completion=26 residual=1
i915: resident shim: ring rewound (idle context)
xhci: cancel slot=5 endpoint=3 pending-events=0 first-type=0 iman=2 usbsts=0 erdp=573c1ff0 dequeue=255 command-busy=0 irq-busy=0
xhci: cancelled request slot=5 endpoint=3 completion=26 residual=1
xhci: cancel slot=5 endpoint=3 pending-events=0 first-type=0 iman=2 usbsts=0 erdp=573c1200 dequeue=32 command-busy=0 irq-busy=0
xhci: cancelled request slot=5 endpoint=3 completion=26 residual=1
i915: vk: session 1: frames 140 in 5096 ms: per submit 1 runs (0 full) 53 ops (most 112), in submit 6713 us (runs 6529, record 183), between 29687 us
i915: perf: markers 146: wait 0.07 ms, run 0.00 ms
i915: perf: 5096 ms: 70 presents (13.73/s), 146 submits, 144 batches | per submit ms: 6.50 (build 0.19, run 6.31, gpu 6.30) | per present ms: 3.10 (copy 0.88, publish 0.00, flip 1.06)
xhci: cancel slot=5 endpoint=3 pending-events=0 first-type=0 iman=2 usbsts=0 erdp=573c13c0 dequeue=60 command-busy=0 irq-busy=0
xhci: cancelled request slot=5 endpoint=3 completion=26 residual=1
i915: vk: an object (kind 18) was destroyed before what names it: 0 views, 0 descriptor sets, 0 framebuffers and 1 command buffers let go of it
i915: vk: an object (kind 8) was destroyed before what names it: 0 views, 0 descriptor sets, 0 framebuffers and 1 command buffers let go of it
i915: vk: an object (kind 9) was destroyed before what names it: 0 views, 1 descriptor sets, 0 framebuffers and 0 command buffers let go of it
i915: vk: an object (kind 9) was destroyed before what names it: 0 views, 2 descriptor sets, 0 framebuffers and 0 command buffers let go of it
i915: vk: an object (kind 9) was destroyed before what names it: 0 views, 2 descriptor sets, 0 framebuffers and 0 command buffers let go of it
i915: vk: an object (kind 9) was destroyed before what names it: 0 views, 2 descriptor sets, 0 framebuffers and 0 command buffers let go of it
xhci: cancel slot=5 endpoint=3 pending-events=0 first-type=0 iman=2 usbsts=0 erdp=573c1460 dequeue=70 command-busy=0 irq-busy=0
xhci: cancelled request slot=5 endpoint=3 completion=26 residual=1
xhci: cancel slot=5 endpoint=3 pending-events=0 first-type=0 iman=2 usbsts=0 erdp=573c14b0 dequeue=75 command-busy=0 irq-busy=0
xhci: cancelled request slot=5 endpoint=3 completion=26 residual=1
xhci: cancel slot=5 endpoint=3 pending-events=0 first-type=0 iman=2 usbsts=0 erdp=573c1540 dequeue=84 command-busy=0 irq-busy=0
xhci: cancelled request slot=5 endpoint=3 completion=26 residual=1
i915: vk: an object (kind 18) was destroyed before what names it: 0 views, 0 descriptor sets, 0 framebuffers and 1 command buffers let go of it
i915: vk: an object (kind 8) was destroyed before what names it: 0 views, 0 descriptor sets, 0 framebuffers and 1 command buffers let go of it
i915: vk: an object (kind 9) was destroyed before what names it: 0 views, 1 descriptor sets, 0 framebuffers and 0 command buffers let go of it
i915: resident shim: ring rewound (idle context)
i915: vk: an object (kind 9) was destroyed before what names it: 0 views, 2 descriptor sets, 0 framebuffers and 0 command buffers let go of it
i915: vk: an object (kind 9) was destroyed before what names it: 0 views, 2 descriptor sets, 0 framebuffers and 0 command buffers let go of it
i915: vk: an object (kind 9) was destroyed before what names it: 0 views, 2 descriptor sets, 0 framebuffers and 0 command buffers let go of it
xhci: cancel slot=5 endpoint=3 pending-events=0 first-type=0 iman=2 usbsts=0 erdp=573c1720 dequeue=114 command-busy=0 irq-busy=0
xhci: cancelled request slot=5 endpoint=3 completion=26 residual=1
xhci: cancel slot=5 endpoint=3 pending-events=0 first-type=0 iman=2 usbsts=0 erdp=573c1900 dequeue=144 command-busy=0 irq-busy=0
xhci: cancelled request slot=5 endpoint=3 completion=26 residual=1
xhci: cancel slot=5 endpoint=3 pending-events=0 first-type=0 iman=2 usbsts=0 erdp=573c1b30 dequeue=179 command-busy=0 irq-busy=0
xhci: cancelled request slot=5 endpoint=3 completion=26 residual=1
i915: resident shim: ring rewound (idle context)
xhci: cancel slot=5 endpoint=3 pending-events=0 first-type=0 iman=2 usbsts=0 erdp=573c1170 dequeue=23 command-busy=0 irq-busy=0
xhci: cancelled request slot=5 endpoint=3 completion=26 residual=1
i915: resident shim: ring rewound (idle context)
xhci: cancel slot=5 endpoint=3 pending-events=0 first-type=0 iman=2 usbsts=0 erdp=573c1200 dequeue=32 command-busy=0 irq-busy=0
xhci: cancelled request slot=5 endpoint=3 completion=26 residual=1
xhci: cancel slot=5 endpoint=3 pending-events=0 first-type=0 iman=2 usbsts=0 erdp=573c1250 dequeue=37 command-busy=0 irq-busy=0
xhci: cancelled request slot=5 endpoint=3 completion=26 residual=1
xhci: cancel slot=5 endpoint=3 pending-events=0 first-type=0 iman=2 usbsts=0 erdp=573c13c0 dequeue=60 command-busy=0 irq-busy=0
xhci: cancelled request slot=5 endpoint=3 completion=26 residual=1
xhci: cancel slot=5 endpoint=3 pending-events=0 first-type=0 iman=2 usbsts=0 erdp=573c1580 dequeue=88 command-busy=0 irq-busy=0
xhci: cancelled request slot=5 endpoint=3 completion=26 residual=1
xhci: cancel slot=5 endpoint=3 pending-events=0 first-type=0 iman=2 usbsts=0 erdp=573c1690 dequeue=105 command-busy=0 irq-busy=0
xhci: cancelled request slot=5 endpoint=3 completion=26 residual=1
xhci: cancel slot=5 endpoint=3 pending-events=0 first-type=0 iman=2 usbsts=0 erdp=573c1770 dequeue=119 command-busy=0 irq-busy=0
xhci: cancelled request slot=5 endpoint=3 completion=26 residual=1
xhci: cancel slot=5 endpoint=3 pending-events=0 first-type=0 iman=2 usbsts=0 erdp=573c19a0 dequeue=154 command-busy=0 irq-busy=0
xhci: cancelled request slot=5 endpoint=3 completion=26 residual=1
xhci: cancel slot=5 endpoint=3 pending-events=0 first-type=0 iman=2 usbsts=0 erdp=573c1d40 dequeue=212 command-busy=0 irq-busy=0
xhci: cancelled request slot=5 endpoint=3 completion=26 residual=1
i915: resident shim: ring rewound (idle context)
xhci: cancel slot=5 endpoint=3 pending-events=0 first-type=0 iman=2 usbsts=0 erdp=573c1f20 dequeue=242 command-busy=0 irq-busy=0
xhci: cancelled request slot=5 endpoint=3 completion=26 residual=1
xhci: cancel slot=5 endpoint=3 pending-events=0 first-type=0 iman=2 usbsts=0 erdp=573c1060 dequeue=6 command-busy=0 irq-busy=0
xhci: cancelled request slot=5 endpoint=3 completion=26 residual=1
xhci: cancel slot=5 endpoint=3 pending-events=0 first-type=0 iman=2 usbsts=0 erdp=573c10b0 dequeue=11 command-busy=0 irq-busy=0
xhci: cancelled request slot=5 endpoint=3 completion=26 residual=1
xhci: cancel slot=5 endpoint=3 pending-events=0 first-type=0 iman=2 usbsts=0 erdp=573c10e0 dequeue=14 command-busy=0 irq-busy=0
xhci: cancelled request slot=5 endpoint=3 completion=26 residual=1
xhci: cancel slot=5 endpoint=3 pending-events=0 first-type=0 iman=2 usbsts=0 erdp=573c12a0 dequeue=42 command-busy=0 irq-busy=0
xhci: cancelled request slot=5 endpoint=3 completion=26 residual=1
xhci: cancel slot=5 endpoint=3 pending-events=0 first-type=0 iman=2 usbsts=0 erdp=573c1450 dequeue=69 command-busy=0 irq-busy=0
xhci: cancelled request slot=5 endpoint=3 completion=26 residual=1
xhci: cancel slot=5 endpoint=3 pending-events=0 first-type=0 iman=2 usbsts=0 erdp=573c14e0 dequeue=78 command-busy=0 irq-busy=0
xhci: cancelled request slot=5 endpoint=3 completion=26 residual=1
i915: vk: session 1: frames 226 in 5826 ms: per submit 1 runs (0 full) 53 ops (most 112), in submit 6545 us (runs 6360, record 184), between 19235 us
i915: perf: markers 238: wait 0.04 ms, run 0.00 ms
i915: perf: 5826 ms: 113 presents (19.39/s), 238 submits, 236 batches | per submit ms: 6.29 (build 0.18, run 6.11, gpu 6.06) | per present ms: 3.19 (copy 0.88, publish 0.00, flip 1.08)
xhci: cancel slot=5 endpoint=3 pending-events=0 first-type=0 iman=2 usbsts=0 erdp=573c1840 dequeue=132 command-busy=0 irq-busy=0
xhci: cancelled request slot=5 endpoint=3 completion=26 residual=1
i915: resident shim: ring rewound (idle context)
xhci: cancel slot=5 endpoint=3 pending-events=0 first-type=0 iman=2 usbsts=0 erdp=573c1a20 dequeue=162 command-busy=0 irq-busy=0
xhci: cancelled request slot=5 endpoint=3 completion=26 residual=1
xhci: cancel slot=5 endpoint=3 pending-events=0 first-type=0 iman=2 usbsts=0 erdp=573c1c00 dequeue=192 command-busy=0 irq-busy=0
xhci: cancelled request slot=5 endpoint=3 completion=26 residual=1
i915: vk: an object (kind 18) was destroyed before what names it: 0 views, 0 descriptor sets, 0 framebuffers and 1 command buffers let go of it
i915: vk: an object (kind 8) was destroyed before what names it: 0 views, 0 descriptor sets, 0 framebuffers and 1 command buffers let go of it
i915: vk: an object (kind 9) was destroyed before what names it: 0 views, 1 descriptor sets, 0 framebuffers and 0 command buffers let go of it
i915: vk: an object (kind 9) was destroyed before what names it: 0 views, 2 descriptor sets, 0 framebuffers and 0 command buffers let go of it
i915: vk: an object (kind 9) was destroyed before what names it: 0 views, 2 descriptor sets, 0 framebuffers and 0 command buffers let go of it
i915: vk: an object (kind 9) was destroyed before what names it: 0 views, 2 descriptor sets, 0 framebuffers and 0 command buffers let go of it
xhci: cancel slot=5 endpoint=3 pending-events=0 first-type=0 iman=2 usbsts=0 erdp=573c1d60 dequeue=214 command-busy=0 irq-busy=0
xhci: cancelled request slot=5 endpoint=3 completion=26 residual=1
xhci: cancel slot=5 endpoint=3 pending-events=0 first-type=0 iman=2 usbsts=0 erdp=573c1d90 dequeue=217 command-busy=0 irq-busy=0
xhci: cancelled request slot=5 endpoint=3 completion=26 residual=1
xhci: cancel slot=5 endpoint=3 pending-events=0 first-type=0 iman=2 usbsts=0 erdp=573c1de0 dequeue=222 command-busy=0 irq-busy=0
xhci: cancelled request slot=5 endpoint=3 completion=26 residual=1
i915: resident shim: ring rewound (idle context)
i915: vk: an object (kind 18) was destroyed before what names it: 0 views, 0 descriptor sets, 0 framebuffers and 1 command buffers let go of it
i915: vk: an object (kind 8) was destroyed before what names it: 0 views, 0 descriptor sets, 0 framebuffers and 1 command buffers let go of it
i915: vk: an object (kind 9) was destroyed before what names it: 0 views, 1 descriptor sets, 0 framebuffers and 0 command buffers let go of it
xhci: cancel slot=5 endpoint=3 pending-events=0 first-type=0 iman=2 usbsts=0 erdp=573c1f50 dequeue=245 command-busy=0 irq-busy=0
xhci: cancelled request slot=5 endpoint=3 completion=26 residual=1
i915: vk: an object (kind 9) was destroyed before what names it: 0 views, 2 descriptor sets, 0 framebuffers and 0 command buffers let go of it
i915: vk: an object (kind 9) was destroyed before what names it: 0 views, 2 descriptor sets, 0 framebuffers and 0 command buffers let go of it
i915: vk: an object (kind 9) was destroyed before what names it: 0 views, 2 descriptor sets, 0 framebuffers and 0 command buffers let go of it
xhci: cancel slot=5 endpoint=3 pending-events=0 first-type=0 iman=2 usbsts=0 erdp=573c1180 dequeue=24 command-busy=0 irq-busy=0
xhci: cancelled request slot=5 endpoint=3 completion=26 residual=1
i915: resident shim: ring rewound (idle context)
xhci: cancel slot=5 endpoint=3 pending-events=0 first-type=0 iman=2 usbsts=0 erdp=573c1520 dequeue=82 command-busy=0 irq-busy=0
xhci: cancelled request slot=5 endpoint=3 completion=26 residual=1
xhci: cancel slot=5 endpoint=3 pending-events=0 first-type=0 iman=2 usbsts=0 erdp=573c1700 dequeue=112 command-busy=0 irq-busy=0
xhci: cancelled request slot=5 endpoint=3 completion=26 residual=1
i915: resident shim: ring rewound (idle context)
xhci: cancel slot=5 endpoint=3 pending-events=0 first-type=0 iman=2 usbsts=0 erdp=573c18e0 dequeue=142 command-busy=0 irq-busy=0
xhci: cancelled request slot=5 endpoint=3 completion=26 residual=1
xhci: cancel slot=5 endpoint=3 pending-events=0 first-type=0 iman=2 usbsts=0 erdp=573c1930 dequeue=147 command-busy=0 irq-busy=0
xhci: cancelled request slot=5 endpoint=3 completion=26 residual=1
xhci: cancel slot=5 endpoint=3 pending-events=0 first-type=0 iman=2 usbsts=0 erdp=573c1a40 dequeue=164 command-busy=0 irq-busy=0
xhci: cancelled request slot=5 endpoint=3 completion=26 residual=1
i915: resident shim: ring rewound (idle context)
xhci: cancel slot=5 endpoint=3 pending-events=0 first-type=0 iman=2 usbsts=0 erdp=573c1c20 dequeue=194 command-busy=0 irq-busy=0
xhci: cancelled request slot=5 endpoint=3 completion=26 residual=1
i915: resident shim: ring rewound (idle context)
xhci: cancel slot=5 endpoint=3 pending-events=0 first-type=0 iman=2 usbsts=0 erdp=573c1e00 dequeue=224 command-busy=0 irq-busy=0
xhci: cancelled request slot=5 endpoint=3 completion=26 residual=1
xhci: cancel slot=5 endpoint=3 pending-events=0 first-type=0 iman=2 usbsts=0 erdp=573c1020 dequeue=2 command-busy=0 irq-busy=0
xhci: cancelled request slot=5 endpoint=3 completion=26 residual=1
xhci: cancel slot=5 endpoint=3 pending-events=0 first-type=0 iman=2 usbsts=0 erdp=573c1670 dequeue=103 command-busy=0 irq-busy=0
xhci: cancelled request slot=5 endpoint=3 completion=26 residual=1
i915: resident shim: ring rewound (idle context)
xhci: cancel slot=5 endpoint=3 pending-events=0 first-type=0 iman=2 usbsts=0 erdp=573c1870 dequeue=135 command-busy=0 irq-busy=0
xhci: cancelled request slot=5 endpoint=3 completion=26 residual=1
i915: resident shim: ring rewound (idle context)
xhci: cancel slot=5 endpoint=3 pending-events=0 first-type=0 iman=2 usbsts=0 erdp=573c1a30 dequeue=163 command-busy=0 irq-busy=0
xhci: cancelled request slot=5 endpoint=3 completion=26 residual=1
xhci: cancel slot=5 endpoint=3 pending-events=0 first-type=0 iman=2 usbsts=0 erdp=573c1c10 dequeue=193 command-busy=0 irq-busy=0
xhci: cancelled request slot=5 endpoint=3 completion=26 residual=1
i915: vk: session 1: frames 362 in 5009 ms: per submit 1 runs (0 full) 53 ops (most 112), in submit 6552 us (runs 6373, record 178), between 7284 us
i915: perf: markers 370: wait 0.05 ms, run 0.01 ms
i915: perf: 5008 ms: 181 presents (36.13/s), 370 submits, 368 batches | per submit ms: 6.50 (build 0.18, run 6.32, gpu 6.23) | per present ms: 3.00 (copy 0.91, publish 0.00, flip 1.01)
xhci: cancel slot=5 endpoint=3 pending-events=0 first-type=0 iman=2 usbsts=0 erdp=573c1dd0 dequeue=221 command-busy=0 irq-busy=0
xhci: cancelled request slot=5 endpoint=3 completion=26 residual=1
i915: resident shim: ring rewound (idle context)
xhci: cancel slot=5 endpoint=3 pending-events=0 first-type=0 iman=2 usbsts=0 erdp=573c1fe0 dequeue=254 command-busy=0 irq-busy=0
xhci: cancelled request slot=5 endpoint=3 completion=26 residual=1
xhci: cancel slot=5 endpoint=3 pending-events=0 first-type=0 iman=2 usbsts=0 erdp=573c11a0 dequeue=26 command-busy=0 irq-busy=0
xhci: cancelled request slot=5 endpoint=3 completion=26 residual=1
xhci: cancel slot=5 endpoint=3 pending-events=0 first-type=0 iman=2 usbsts=0 erdp=573c13c0 dequeue=60 command-busy=0 irq-busy=0
xhci: cancelled request slot=5 endpoint=3 completion=26 residual=1
xhci: cancel slot=5 endpoint=3 pending-events=0 first-type=0 iman=2 usbsts=0 erdp=573c1680 dequeue=104 command-busy=0 irq-busy=0
xhci: cancelled request slot=5 endpoint=3 completion=26 residual=1
xhci: cancel slot=5 endpoint=3 pending-events=0 first-type=0 iman=2 usbsts=0 erdp=573c16f0 dequeue=111 command-busy=0 irq-busy=0
xhci: cancelled request slot=5 endpoint=3 completion=26 residual=1
xhci: cancel slot=5 endpoint=3 pending-events=0 first-type=0 iman=2 usbsts=0 erdp=573c1720 dequeue=114 command-busy=0 irq-busy=0
xhci: cancelled request slot=5 endpoint=3 completion=26 residual=1
xhci: cancel slot=5 endpoint=3 pending-events=0 first-type=0 iman=2 usbsts=0 erdp=573c1770 dequeue=119 command-busy=0 irq-busy=0
xhci: cancelled request slot=5 endpoint=3 completion=26 residual=1
xhci: cancel slot=5 endpoint=3 pending-events=0 first-type=0 iman=2 usbsts=0 erdp=573c18e0 dequeue=142 command-busy=0 irq-busy=0
xhci: cancelled request slot=5 endpoint=3 completion=26 residual=1
xhci: cancel slot=5 endpoint=3 pending-events=0 first-type=0 iman=2 usbsts=0 erdp=573c1ae0 dequeue=174 command-busy=0 irq-busy=0
xhci: cancelled request slot=5 endpoint=3 completion=26 residual=1
i915: resident shim: ring rewound (idle context)
xhci: cancel slot=5 endpoint=3 pending-events=0 first-type=0 iman=2 usbsts=0 erdp=573c1cb0 dequeue=203 command-busy=0 irq-busy=0
xhci: cancelled request slot=5 endpoint=3 completion=26 residual=1
i915: resident shim: ring rewound (idle context)
xhci: cancel slot=5 endpoint=3 pending-events=0 first-type=0 iman=2 usbsts=0 erdp=573c1ed0 dequeue=237 command-busy=0 irq-busy=0
xhci: cancelled request slot=5 endpoint=3 completion=26 residual=1
i915: resident shim: ring rewound (idle context)
xhci: cancel slot=5 endpoint=3 pending-events=0 first-type=0 iman=2 usbsts=0 erdp=573c1280 dequeue=40 command-busy=0 irq-busy=0
xhci: cancelled request slot=5 endpoint=3 completion=26 residual=1
xhci: cancel slot=5 endpoint=3 pending-events=0 first-type=0 iman=2 usbsts=0 erdp=573c1480 dequeue=72 command-busy=0 irq-busy=0
xhci: cancelled request slot=5 endpoint=3 completion=26 residual=1
xhci: cancel slot=5 endpoint=3 pending-events=0 first-type=0 iman=2 usbsts=0 erdp=573c15b0 dequeue=91 command-busy=0 irq-busy=0
xhci: cancelled request slot=5 endpoint=3 completion=26 residual=1
xhci: cancel slot=5 endpoint=3 pending-events=0 first-type=0 iman=2 usbsts=0 erdp=573c1600 dequeue=96 command-busy=0 irq-busy=0
xhci: cancelled request slot=5 endpoint=3 completion=26 residual=1
xhci: cancel slot=5 endpoint=3 pending-events=0 first-type=0 iman=2 usbsts=0 erdp=573c1630 dequeue=99 command-busy=0 irq-busy=0
xhci: cancelled request slot=5 endpoint=3 completion=26 residual=1
xhci: cancel slot=5 endpoint=3 pending-events=0 first-type=0 iman=2 usbsts=0 erdp=573c17c0 dequeue=124 command-busy=0 irq-busy=0
xhci: cancelled request slot=5 endpoint=3 completion=26 residual=1
xhci: cancel slot=5 endpoint=3 pending-events=0 first-type=0 iman=2 usbsts=0 erdp=573c1950 dequeue=149 command-busy=0 irq-busy=0
xhci: cancelled request slot=5 endpoint=3 completion=26 residual=1
xhci: cancel slot=5 endpoint=3 pending-events=0 first-type=0 iman=2 usbsts=0 erdp=573c19e0 dequeue=158 command-busy=0 irq-busy=0
xhci: cancelled request slot=5 endpoint=3 completion=26 residual=1
xhci: cancel slot=5 endpoint=3 pending-events=0 first-type=0 iman=2 usbsts=0 erdp=573c1bf0 dequeue=191 command-busy=0 irq-busy=0
xhci: cancelled request slot=5 endpoint=3 completion=26 residual=1
xhci: cancel slot=5 endpoint=3 pending-events=0 first-type=0 iman=2 usbsts=0 erdp=573c1c60 dequeue=198 command-busy=0 irq-busy=0
xhci: cancelled request slot=5 endpoint=3 completion=26 residual=1
xhci: cancel slot=5 endpoint=3 pending-events=0 first-type=0 iman=2 usbsts=0 erdp=573c1c90 dequeue=201 command-busy=0 irq-busy=0
xhci: cancelled request slot=5 endpoint=3 completion=26 residual=1
i915: vk: session 1: frames 212 in 5666 ms: per submit 1 runs (0 full) 53 ops (most 108), in submit 6669 us (runs 6490, record 179), between 20057 us
i915: perf: markers 220: wait 0.10 ms, run 0.00 ms
i915: perf: 5666 ms: 106 presents (18.70/s), 220 submits, 220 batches | per submit ms: 6.55 (build 0.18, run 6.36, gpu 6.25) | per present ms: 2.76 (copy 0.90, publish 0.00, flip 0.88)
xhci: cancel slot=5 endpoint=3 pending-events=0 first-type=0 iman=2 usbsts=0 erdp=573c1e60 dequeue=230 command-busy=0 irq-busy=0
xhci: cancelled request slot=5 endpoint=3 completion=26 residual=1
xhci: cancel slot=5 endpoint=3 pending-events=0 first-type=0 iman=2 usbsts=0 erdp=573c1f70 dequeue=247 command-busy=0 irq-busy=0
xhci: cancelled request slot=5 endpoint=3 completion=26 residual=1
xhci: cancel slot=5 endpoint=3 pending-events=0 first-type=0 iman=2 usbsts=0 erdp=573c1fe0 dequeue=254 command-busy=0 irq-busy=0
xhci: cancelled request slot=5 endpoint=3 completion=26 residual=1
xhci: cancel slot=5 endpoint=3 pending-events=0 first-type=0 iman=2 usbsts=0 erdp=573c10c0 dequeue=12 command-busy=0 irq-busy=0
xhci: cancelled request slot=5 endpoint=3 completion=26 residual=1
xhci: cancel slot=5 endpoint=3 pending-events=0 first-type=0 iman=2 usbsts=0 erdp=573c1210 dequeue=33 command-busy=0 irq-busy=0
xhci: cancelled request slot=5 endpoint=3 completion=26 residual=1
xhci: cancel slot=5 endpoint=3 pending-events=1 first-type=32 iman=2 usbsts=0 erdp=573c1430 dequeue=67 command-busy=0 irq-busy=0
xhci: cancelled request slot=5 endpoint=3 completion=26 residual=1
xhci: cancel slot=5 endpoint=3 pending-events=0 first-type=0 iman=2 usbsts=0 erdp=573c18c0 dequeue=140 command-busy=0 irq-busy=0
xhci: cancelled request slot=5 endpoint=3 completion=26 residual=1
xhci: cancel slot=5 endpoint=3 pending-events=0 first-type=0 iman=2 usbsts=0 erdp=573c18f0 dequeue=143 command-busy=0 irq-busy=0
xhci: cancelled request slot=5 endpoint=3 completion=26 residual=1
xhci: cancel slot=5 endpoint=3 pending-events=0 first-type=0 iman=2 usbsts=0 erdp=573c1970 dequeue=151 command-busy=0 irq-busy=0
xhci: cancelled request slot=5 endpoint=3 completion=26 residual=1
xhci: cancel slot=5 endpoint=3 pending-events=0 first-type=0 iman=2 usbsts=0 erdp=573c1ad0 dequeue=173 command-busy=0 irq-busy=0
xhci: cancelled request slot=5 endpoint=3 completion=26 residual=1
xhci: cancel slot=5 endpoint=3 pending-events=0 first-type=0 iman=2 usbsts=0 erdp=573c1b40 dequeue=180 command-busy=0 irq-busy=0
xhci: cancelled request slot=5 endpoint=3 completion=26 residual=1
xhci: cancel slot=5 endpoint=3 pending-events=0 first-type=0 iman=2 usbsts=0 erdp=573c1c30 dequeue=195 command-busy=0 irq-busy=0
xhci: cancelled request slot=5 endpoint=3 completion=26 residual=1
xhci: cancel slot=5 endpoint=3 pending-events=0 first-type=0 iman=2 usbsts=0 erdp=573c1df0 dequeue=223 command-busy=0 irq-busy=0
xhci: cancelled request slot=5 endpoint=3 completion=26 residual=1
xhci: cancel slot=5 endpoint=3 pending-events=0 first-type=0 iman=2 usbsts=0 erdp=573c1eb0 dequeue=235 command-busy=0 irq-busy=0
xhci: cancelled request slot=5 endpoint=3 completion=26 residual=1
xhci: cancel slot=5 endpoint=3 pending-events=0 first-type=0 iman=2 usbsts=0 erdp=573c1190 dequeue=25 command-busy=0 irq-busy=0
xhci: cancelled request slot=5 endpoint=3 completion=26 residual=1
xhci: cancel slot=5 endpoint=3 pending-events=0 first-type=0 iman=2 usbsts=0 erdp=573c11c0 dequeue=28 command-busy=0 irq-busy=0
xhci: cancelled request slot=5 endpoint=3 completion=26 residual=1
xhci: cancel slot=5 endpoint=3 pending-events=0 first-type=0 iman=2 usbsts=0 erdp=573c1270 dequeue=39 command-busy=0 irq-busy=0
xhci: cancelled request slot=5 endpoint=3 completion=26 residual=1
xhci: cancel slot=5 endpoint=3 pending-events=0 first-type=0 iman=2 usbsts=0 erdp=573c1430 dequeue=67 command-busy=0 irq-busy=0
xhci: cancelled request slot=5 endpoint=3 completion=26 residual=1
xhci: cancel slot=5 endpoint=3 pending-events=0 first-type=0 iman=2 usbsts=0 erdp=573c14f0 dequeue=79 command-busy=0 irq-busy=0
xhci: cancelled request slot=5 endpoint=3 completion=26 residual=1
i915: perf: markers 18: wait 0.00 ms, run 0.00 ms
i915: perf: 5003 ms: 9 presents (1.79/s), 18 submits, 18 batches | per submit ms: 9.21 (build 0.12, run 9.09, gpu 9.09) | per present ms: 0.84 (copy 0.82, publish 0.00, flip 0.00)
xhci: cancel slot=5 endpoint=3 pending-events=0 first-type=0 iman=2 usbsts=0 erdp=573c1550 dequeue=85 command-busy=0 irq-busy=0
xhci: cancelled request slot=5 endpoint=3 completion=26 residual=1
i915: resident shim: ring rewound (idle context)
xhci: cancel slot=5 endpoint=3 pending-events=0 first-type=0 iman=2 usbsts=0 erdp=573c1670 dequeue=103 command-busy=0 irq-busy=0
xhci: cancelled request slot=5 endpoint=3 completion=26 residual=1
xhci: cancel slot=5 endpoint=3 pending-events=0 first-type=0 iman=2 usbsts=0 erdp=573c1840 dequeue=132 command-busy=0 irq-busy=0
xhci: cancelled request slot=5 endpoint=3 completion=26 residual=1
xhci: cancel slot=5 endpoint=3 pending-events=0 first-type=0 iman=2 usbsts=0 erdp=573c1b20 dequeue=178 command-busy=0 irq-busy=0
xhci: cancelled request slot=5 endpoint=3 completion=26 residual=1
xhci: cancel slot=5 endpoint=3 pending-events=0 first-type=0 iman=2 usbsts=0 erdp=573c1b50 dequeue=181 command-busy=0 irq-busy=0
xhci: cancelled request slot=5 endpoint=3 completion=26 residual=1
xhci: cancel slot=5 endpoint=3 pending-events=0 first-type=0 iman=2 usbsts=0 erdp=573c1ba0 dequeue=186 command-busy=0 irq-busy=0
xhci: cancelled request slot=5 endpoint=3 completion=26 residual=1
xhci: cancel slot=5 endpoint=3 pending-events=0 first-type=0 iman=2 usbsts=0 erdp=573c1bd0 dequeue=189 command-busy=0 irq-busy=0
xhci: cancelled request slot=5 endpoint=3 completion=26 residual=1
xhci: cancel slot=5 endpoint=3 pending-events=0 first-type=0 iman=2 usbsts=0 erdp=573c1c40 dequeue=196 command-busy=0 irq-busy=0
xhci: cancelled request slot=5 endpoint=3 completion=26 residual=1
ucsi: rec 222 R 20000000 1 0
xhci: cancel slot=5 endpoint=3 pending-events=0 first-type=0 iman=2 usbsts=0 erdp=573c1c70 dequeue=199 command-busy=0 irq-busy=0
xhci: cancelled request slot=5 endpoint=3 completion=26 residual=1
xhci: cancel slot=5 endpoint=3 pending-events=0 first-type=0 iman=2 usbsts=0 erdp=573c1d00 dequeue=208 command-busy=0 irq-busy=0
xhci: cancelled request slot=5 endpoint=3 completion=26 residual=1
xhci: cancel slot=5 endpoint=3 pending-events=0 first-type=0 iman=2 usbsts=0 erdp=573c1d30 dequeue=211 command-busy=0 irq-busy=0
xhci: cancelled request slot=5 endpoint=3 completion=26 residual=1
xhci: cancel slot=5 endpoint=3 pending-events=0 first-type=0 iman=2 usbsts=0 erdp=573c1f80 dequeue=248 command-busy=0 irq-busy=0
xhci: cancelled request slot=5 endpoint=3 completion=26 residual=1
xhci: cancel slot=5 endpoint=3 pending-events=0 first-type=0 iman=2 usbsts=0 erdp=573c1fb0 dequeue=251 command-busy=0 irq-busy=0
xhci: cancelled request slot=5 endpoint=3 completion=26 residual=1
xhci: cancel slot=5 endpoint=3 pending-events=0 first-type=0 iman=2 usbsts=0 erdp=573c1000 dequeue=0 command-busy=0 irq-busy=0
xhci: cancelled request slot=5 endpoint=3 completion=26 residual=1
xhci: cancel slot=5 endpoint=3 pending-events=0 first-type=0 iman=2 usbsts=0 erdp=573c1030 dequeue=3 command-busy=0 irq-busy=0
xhci: cancelled request slot=5 endpoint=3 completion=26 residual=1
xhci: cancel slot=5 endpoint=3 pending-events=0 first-type=0 iman=2 usbsts=0 erdp=573c10a0 dequeue=10 command-busy=0 irq-busy=0
xhci: cancelled request slot=5 endpoint=3 completion=26 residual=1
xhci: cancel slot=5 endpoint=3 pending-events=0 first-type=0 iman=2 usbsts=0 erdp=573c10d0 dequeue=13 command-busy=0 irq-busy=0
xhci: cancelled request slot=5 endpoint=3 completion=26 residual=1
xhci: cancel slot=5 endpoint=3 pending-events=0 first-type=0 iman=2 usbsts=0 erdp=573c1160 dequeue=22 command-busy=0 irq-busy=0
xhci: cancelled request slot=5 endpoint=3 completion=26 residual=1
xhci: cancel slot=5 endpoint=3 pending-events=0 first-type=0 iman=2 usbsts=0 erdp=573c12c0 dequeue=44 command-busy=0 irq-busy=0
xhci: cancelled request slot=5 endpoint=3 completion=26 residual=1
xhci: cancel slot=5 endpoint=3 pending-events=0 first-type=0 iman=2 usbsts=0 erdp=573c1520 dequeue=82 command-busy=0 irq-busy=0
xhci: cancelled request slot=5 endpoint=3 completion=26 residual=1
xhci: cancel slot=5 endpoint=3 pending-events=0 first-type=0 iman=2 usbsts=0 erdp=573c1550 dequeue=85 command-busy=0 irq-busy=0
xhci: cancelled request slot=5 endpoint=3 completion=26 residual=1
i915: perf: markers 10: wait 0.00 ms, run 0.01 ms
i915: perf: 5216 ms: 5 presents (0.95/s), 10 submits, 10 batches | per submit ms: 8.49 (build 0.10, run 8.39, gpu 8.38) | per present ms: 0.84 (copy 0.82, publish 0.00, flip 0.00)
xhci: cancel slot=5 endpoint=3 pending-events=0 first-type=0 iman=2 usbsts=0 erdp=573c1670 dequeue=103 command-busy=0 irq-busy=0
xhci: cancelled request slot=5 endpoint=3 completion=26 residual=1
xhci: cancel slot=5 endpoint=3 pending-events=0 first-type=0 iman=2 usbsts=0 erdp=573c1750 dequeue=117 command-busy=0 irq-busy=0
xhci: cancelled request slot=5 endpoint=3 completion=26 residual=1
xhci: cancel slot=5 endpoint=3 pending-events=0 first-type=0 iman=2 usbsts=0 erdp=573c17a0 dequeue=122 command-busy=0 irq-busy=0
xhci: cancelled request slot=5 endpoint=3 completion=26 residual=1
xhci: cancel slot=5 endpoint=3 pending-events=0 first-type=0 iman=2 usbsts=0 erdp=573c1980 dequeue=152 command-busy=0 irq-busy=0
xhci: cancelled request slot=5 endpoint=3 completion=26 residual=1
xhci: cancel slot=5 endpoint=3 pending-events=0 first-type=0 iman=2 usbsts=0 erdp=573c1a50 dequeue=165 command-busy=0 irq-busy=0
xhci: cancelled request slot=5 endpoint=3 completion=26 residual=1
xhci: cancel slot=5 endpoint=3 pending-events=0 first-type=0 iman=2 usbsts=0 erdp=573c1aa0 dequeue=170 command-busy=0 irq-busy=0
xhci: cancelled request slot=5 endpoint=3 completion=26 residual=1
xhci: cancel slot=5 endpoint=3 pending-events=0 first-type=0 iman=2 usbsts=0 erdp=573c1070 dequeue=7 command-busy=0 irq-busy=0
xhci: cancelled request slot=5 endpoint=3 completion=26 residual=1
xhci: cancel slot=5 endpoint=3 pending-events=0 first-type=0 iman=2 usbsts=0 erdp=573c11c0 dequeue=28 command-busy=0 irq-busy=0
xhci: cancelled request slot=5 endpoint=3 completion=26 residual=1
xhci: cancel slot=5 endpoint=3 pending-events=0 first-type=0 iman=2 usbsts=0 erdp=573c11f0 dequeue=31 command-busy=0 irq-busy=0
xhci: cancelled request slot=5 endpoint=3 completion=26 residual=1
xhci: cancel slot=5 endpoint=3 pending-events=0 first-type=0 iman=2 usbsts=0 erdp=573c1300 dequeue=48 command-busy=0 irq-busy=0
xhci: cancelled request slot=5 endpoint=3 completion=26 residual=1
i915: resident shim: ring rewound (idle context)
xhci: cancel slot=5 endpoint=3 pending-events=0 first-type=0 iman=2 usbsts=0 erdp=573c1430 dequeue=67 command-busy=0 irq-busy=0
xhci: cancelled request slot=5 endpoint=3 completion=26 residual=1
xhci: cancel slot=5 endpoint=3 pending-events=0 first-type=0 iman=2 usbsts=0 erdp=573c1480 dequeue=72 command-busy=0 irq-busy=0
xhci: cancelled request slot=5 endpoint=3 completion=26 residual=1
xhci: cancel slot=5 endpoint=3 pending-events=0 first-type=0 iman=2 usbsts=0 erdp=573c15f0 dequeue=95 command-busy=0 irq-busy=0
xhci: cancelled request slot=5 endpoint=3 completion=26 residual=1
i915: resident shim: ring rewound (idle context)
xhci: cancel slot=5 endpoint=3 pending-events=0 first-type=0 iman=2 usbsts=0 erdp=573c17d0 dequeue=125 command-busy=0 irq-busy=0
xhci: cancelled request slot=5 endpoint=3 completion=26 residual=1
xhci: cancel slot=5 endpoint=3 pending-events=0 first-type=0 iman=2 usbsts=0 erdp=573c1a10 dequeue=161 command-busy=0 irq-busy=0
xhci: cancelled request slot=5 endpoint=3 completion=26 residual=1
xhci: cancel slot=5 endpoint=3 pending-events=0 first-type=0 iman=2 usbsts=0 erdp=573c1b20 dequeue=178 command-busy=0 irq-busy=0
xhci: cancelled request slot=5 endpoint=3 completion=26 residual=1
i915: resident shim: ring rewound (idle context)
xhci: cancel slot=5 endpoint=3 pending-events=0 first-type=0 iman=2 usbsts=0 erdp=573c1ce0 dequeue=206 command-busy=0 irq-busy=0
xhci: cancelled request slot=5 endpoint=3 completion=26 residual=1
i915: resident shim: ring rewound (idle context)
xhci: cancel slot=5 endpoint=3 pending-events=0 first-type=0 iman=2 usbsts=0 erdp=573c1e90 dequeue=233 command-busy=0 irq-busy=0
xhci: cancelled request slot=5 endpoint=3 completion=26 residual=1
xhci: cancel slot=5 endpoint=3 pending-events=0 first-type=0 iman=2 usbsts=0 erdp=573c1ee0 dequeue=238 command-busy=0 irq-busy=0
xhci: cancelled request slot=5 endpoint=3 completion=26 residual=1
xhci: cancel slot=5 endpoint=3 pending-events=0 first-type=0 iman=2 usbsts=0 erdp=573c1f30 dequeue=243 command-busy=0 irq-busy=0
xhci: cancelled request slot=5 endpoint=3 completion=26 residual=1
xhci: cancel slot=5 endpoint=3 pending-events=0 first-type=0 iman=2 usbsts=0 erdp=573c1fa0 dequeue=250 command-busy=0 irq-busy=0
xhci: cancelled request slot=5 endpoint=3 completion=26 residual=1
i915: vk: session 1: frames 154 in 5221 ms: per submit 2 runs (99 full) 125 ops (most 519), in submit 7113 us (runs 6742, record 370), between 26794 us
i915: perf: markers 154: wait 0.00 ms, run 0.00 ms
i915: perf: 5223 ms: 77 presents (14.74/s), 154 submits, 253 batches | per submit ms: 7.12 (build 0.38, run 6.74, gpu 6.72) | per present ms: 3.59 (copy 1.43, publish 0.00, flip 1.07)
i915: resident shim: ring rewound (idle context)
i915: resident shim: ring rewound (idle context)
xhci: cancel slot=5 endpoint=3 pending-events=0 first-type=0 iman=2 usbsts=0 erdp=573c1150 dequeue=21 command-busy=0 irq-busy=0
xhci: cancelled request slot=5 endpoint=3 completion=26 residual=1
xhci: cancel slot=5 endpoint=3 pending-events=0 first-type=0 iman=2 usbsts=0 erdp=573c14b0 dequeue=75 command-busy=0 irq-busy=0
xhci: cancelled request slot=5 endpoint=3 completion=26 residual=1
xhci: cancel slot=5 endpoint=3 pending-events=0 first-type=0 iman=2 usbsts=0 erdp=573c1500 dequeue=80 command-busy=0 irq-busy=0
xhci: cancelled request slot=5 endpoint=3 completion=26 residual=1
xhci: cancel slot=5 endpoint=3 pending-events=0 first-type=0 iman=2 usbsts=8 erdp=573c16b8 dequeue=107 command-busy=0 irq-busy=1
xhci: cancelled request slot=5 endpoint=3 completion=26 residual=1
xhci: cancel slot=5 endpoint=3 pending-events=0 first-type=0 iman=2 usbsts=0 erdp=573c1760 dequeue=118 command-busy=0 irq-busy=0
xhci: cancelled request slot=5 endpoint=3 completion=26 residual=1
i915: resident shim: ring rewound (idle context)
xhci: cancel slot=5 endpoint=3 pending-events=0 first-type=0 iman=2 usbsts=0 erdp=573c18e0 dequeue=142 command-busy=0 irq-busy=0
xhci: cancelled request slot=5 endpoint=3 completion=26 residual=1
xhci: cancel slot=5 endpoint=3 pending-events=0 first-type=0 iman=2 usbsts=0 erdp=573c1ac0 dequeue=172 command-busy=0 irq-busy=0
xhci: cancelled request slot=5 endpoint=3 completion=26 residual=1
i915: resident shim: ring rewound (idle context)
xhci: cancel slot=5 endpoint=3 pending-events=0 first-type=0 iman=2 usbsts=0 erdp=573c1cd0 dequeue=205 command-busy=0 irq-busy=0
xhci: cancelled request slot=5 endpoint=3 completion=26 residual=1
i915: resident shim: ring rewound (idle context)
xhci: cancel slot=5 endpoint=3 pending-events=0 first-type=0 iman=2 usbsts=0 erdp=573c1e90 dequeue=233 command-busy=0 irq-busy=0
xhci: cancelled request slot=5 endpoint=3 completion=26 residual=1
i915: resident shim: ring rewound (idle context)
xhci: cancel slot=5 endpoint=3 pending-events=0 first-type=0 iman=2 usbsts=0 erdp=573c10c0 dequeue=12 command-busy=0 irq-busy=0
xhci: cancelled request slot=5 endpoint=3 completion=26 residual=1
xhci: cancel slot=5 endpoint=3 pending-events=0 first-type=0 iman=2 usbsts=0 erdp=573c1110 dequeue=17 command-busy=0 irq-busy=0
xhci: cancelled request slot=5 endpoint=3 completion=26 residual=1
i915: resident shim: ring rewound (idle context)
xhci: cancel slot=5 endpoint=3 pending-events=0 first-type=0 iman=2 usbsts=0 erdp=573c11b0 dequeue=27 command-busy=0 irq-busy=0
xhci: cancelled request slot=5 endpoint=3 completion=26 residual=1
i915: resident shim: ring rewound (idle context)
xhci: cancel slot=5 endpoint=3 pending-events=0 first-type=0 iman=2 usbsts=0 erdp=573c1390 dequeue=57 command-busy=0 irq-busy=0
xhci: cancelled request slot=5 endpoint=3 completion=26 residual=1
xhci: cancel slot=5 endpoint=3 pending-events=0 first-type=0 iman=2 usbsts=0 erdp=573c13e0 dequeue=62 command-busy=0 irq-busy=0
xhci: cancelled request slot=5 endpoint=3 completion=26 residual=1
xhci: cancel slot=5 endpoint=3 pending-events=0 first-type=0 iman=2 usbsts=0 erdp=573c1430 dequeue=67 command-busy=0 irq-busy=0
xhci: cancelled request slot=5 endpoint=3 completion=26 residual=1
xhci: cancel slot=5 endpoint=3 pending-events=0 first-type=0 iman=2 usbsts=0 erdp=573c1580 dequeue=88 command-busy=0 irq-busy=0
xhci: cancelled request slot=5 endpoint=3 completion=26 residual=1
xhci: cancel slot=5 endpoint=3 pending-events=0 first-type=0 iman=2 usbsts=0 erdp=573c1760 dequeue=118 command-busy=0 irq-busy=0
xhci: cancelled request slot=5 endpoint=3 completion=26 residual=1
i915: resident shim: ring rewound (idle context)
xhci: cancel slot=5 endpoint=3 pending-events=0 first-type=0 iman=2 usbsts=0 erdp=573c1a10 dequeue=161 command-busy=0 irq-busy=0
xhci: cancelled request slot=5 endpoint=3 completion=26 residual=1
xhci: cancel slot=5 endpoint=3 pending-events=0 first-type=0 iman=2 usbsts=0 erdp=573c1b20 dequeue=178 command-busy=0 irq-busy=0
xhci: cancelled request slot=5 endpoint=3 completion=26 residual=1
xhci: cancel slot=5 endpoint=3 pending-events=0 first-type=0 iman=2 usbsts=0 erdp=573c1ce0 dequeue=206 command-busy=0 irq-busy=0
xhci: cancelled request slot=5 endpoint=3 completion=26 residual=1
xhci: cancel slot=5 endpoint=3 pending-events=0 first-type=0 iman=2 usbsts=0 erdp=573c1db0 dequeue=219 command-busy=0 irq-busy=0
xhci: cancelled request slot=5 endpoint=3 completion=26 residual=1
i915: vk: session 1: frames 260 in 5392 ms: per submit 2 runs (200 full) 137 ops (most 519), in submit 8073 us (runs 7664, record 409), between 12666 us
i915: perf: markers 264: wait 0.05 ms, run 0.00 ms
i915: perf: 5392 ms: 130 presents (24.10/s), 264 submits, 464 batches | per submit ms: 8.01 (build 0.41, run 7.60, gpu 7.53) | per present ms: 2.14 (copy 0.95, publish 0.00, flip 0.57)
xhci: cancel slot=5 endpoint=3 pending-events=0 first-type=0 iman=2 usbsts=0 erdp=573c1ed0 dequeue=237 command-busy=0 irq-busy=0
xhci: cancelled request slot=5 endpoint=3 completion=26 residual=1
xhci: cancel slot=5 endpoint=3 pending-events=0 first-type=0 iman=2 usbsts=8 erdp=573c10a8 dequeue=10 command-busy=0 irq-busy=1
xhci: cancelled request slot=5 endpoint=3 completion=26 residual=1
xhci: cancel slot=5 endpoint=3 pending-events=0 first-type=0 iman=2 usbsts=0 erdp=573c1130 dequeue=19 command-busy=0 irq-busy=0
xhci: cancelled request slot=5 endpoint=3 completion=26 residual=1
xhci: cancel slot=5 endpoint=3 pending-events=0 first-type=0 iman=2 usbsts=0 erdp=573c1180 dequeue=24 command-busy=0 irq-busy=0
xhci: cancelled request slot=5 endpoint=3 completion=26 residual=1
xhci: cancel slot=5 endpoint=3 pending-events=0 first-type=0 iman=2 usbsts=0 erdp=573c1780 dequeue=120 command-busy=0 irq-busy=0
xhci: cancelled request slot=5 endpoint=3 completion=26 residual=1
xhci: cancel slot=5 endpoint=3 pending-events=0 first-type=0 iman=2 usbsts=0 erdp=573c18d0 dequeue=141 command-busy=0 irq-busy=0
xhci: cancelled request slot=5 endpoint=3 completion=26 residual=1
xhci: cancel slot=5 endpoint=3 pending-events=0 first-type=0 iman=2 usbsts=0 erdp=573c1a90 dequeue=169 command-busy=0 irq-busy=0
xhci: cancelled request slot=5 endpoint=3 completion=26 residual=1
xhci: cancel slot=5 endpoint=3 pending-events=0 first-type=0 iman=2 usbsts=0 erdp=573c1bc0 dequeue=188 command-busy=0 irq-busy=0
xhci: cancelled request slot=5 endpoint=3 completion=26 residual=1
xhci: cancel slot=5 endpoint=3 pending-events=0 first-type=0 iman=2 usbsts=0 erdp=573c1c20 dequeue=194 command-busy=0 irq-busy=0
xhci: cancelled request slot=5 endpoint=3 completion=26 residual=1
xhci: cancel slot=5 endpoint=3 pending-events=0 first-type=0 iman=2 usbsts=0 erdp=573c1e00 dequeue=224 command-busy=0 irq-busy=0
xhci: cancelled request slot=5 endpoint=3 completion=26 residual=1
xhci: cancel slot=5 endpoint=3 pending-events=0 first-type=0 iman=2 usbsts=0 erdp=573c1fe0 dequeue=254 command-busy=0 irq-busy=0
xhci: cancelled request slot=5 endpoint=3 completion=26 residual=1
xhci: cancel slot=5 endpoint=3 pending-events=0 first-type=0 iman=2 usbsts=0 erdp=573c1050 dequeue=5 command-busy=0 irq-busy=0
xhci: cancelled request slot=5 endpoint=3 completion=26 residual=1
xhci: cancel slot=5 endpoint=3 pending-events=1 first-type=32 iman=2 usbsts=0 erdp=573c1230 dequeue=35 command-busy=0 irq-busy=0
xhci: cancelled request slot=5 endpoint=3 completion=26 residual=1
xhci: cancel slot=5 endpoint=3 pending-events=0 first-type=0 iman=2 usbsts=0 erdp=573c1300 dequeue=48 command-busy=0 irq-busy=0
xhci: cancelled request slot=5 endpoint=3 completion=26 residual=1
i915: resident shim: ring rewound (idle context)
xhci: cancel slot=5 endpoint=3 pending-events=0 first-type=0 iman=2 usbsts=0 erdp=573c14c0 dequeue=76 command-busy=0 irq-busy=0
xhci: cancelled request slot=5 endpoint=3 completion=26 residual=1
i915: resident shim: ring rewound (idle context)
xhci: cancel slot=5 endpoint=3 pending-events=0 first-type=0 iman=2 usbsts=0 erdp=573c16c0 dequeue=108 command-busy=0 irq-busy=0
xhci: cancelled request slot=5 endpoint=3 completion=26 residual=1
xhci: cancel slot=5 endpoint=3 pending-events=0 first-type=0 iman=2 usbsts=0 erdp=573c1890 dequeue=137 command-busy=0 irq-busy=0
xhci: cancelled request slot=5 endpoint=3 completion=26 residual=1
xhci: cancel slot=5 endpoint=3 pending-events=0 first-type=0 iman=2 usbsts=0 erdp=573c1960 dequeue=150 command-busy=0 irq-busy=0
xhci: cancelled request slot=5 endpoint=3 completion=26 residual=1
xhci: cancel slot=5 endpoint=3 pending-events=0 first-type=0 iman=2 usbsts=0 erdp=573c1a30 dequeue=163 command-busy=0 irq-busy=0
xhci: cancelled request slot=5 endpoint=3 completion=26 residual=1
xhci: cancel slot=5 endpoint=3 pending-events=0 first-type=0 iman=2 usbsts=0 erdp=573c1c30 dequeue=195 command-busy=0 irq-busy=0
xhci: cancelled request slot=5 endpoint=3 completion=26 residual=1
xhci: cancel slot=5 endpoint=3 pending-events=1 first-type=32 iman=2 usbsts=0 erdp=573c1dc0 dequeue=220 command-busy=0 irq-busy=0
xhci: cancelled request slot=5 endpoint=3 completion=26 residual=1
xhci: cancel slot=5 endpoint=3 pending-events=0 first-type=0 iman=2 usbsts=0 erdp=573c1ef0 dequeue=239 command-busy=0 irq-busy=0
xhci: cancelled request slot=5 endpoint=3 completion=26 residual=1
xhci: cancel slot=5 endpoint=3 pending-events=0 first-type=0 iman=2 usbsts=0 erdp=573c1f20 dequeue=242 command-busy=0 irq-busy=0
xhci: cancelled request slot=5 endpoint=3 completion=26 residual=1
xhci: cancel slot=5 endpoint=3 pending-events=0 first-type=0 iman=2 usbsts=0 erdp=573c1f90 dequeue=249 command-busy=0 irq-busy=0
xhci: cancelled request slot=5 endpoint=3 completion=26 residual=1
i915: vk: session 1: frames 126 in 6153 ms: per submit 1 runs (0 full) 50 ops (most 105), in submit 6114 us (runs 5947, record 167), between 42720 us
i915: perf: markers 126: wait 0.00 ms, run 0.01 ms
i915: perf: 6153 ms: 63 presents (10.23/s), 126 submits, 126 batches | per submit ms: 6.13 (build 0.18, run 5.94, gpu 5.93) | per present ms: 3.26 (copy 0.90, publish 0.00, flip 1.17)
xhci: cancel slot=5 endpoint=3 pending-events=0 first-type=0 iman=2 usbsts=0 erdp=573c1ff0 dequeue=255 command-busy=0 irq-busy=0
xhci: cancelled request slot=5 endpoint=3 completion=26 residual=1
xhci: cancel slot=5 endpoint=3 pending-events=0 first-type=0 iman=2 usbsts=0 erdp=573c11d0 dequeue=29 command-busy=0 irq-busy=0
xhci: cancelled request slot=5 endpoint=3 completion=26 residual=1
xhci: cancel slot=5 endpoint=3 pending-events=0 first-type=0 iman=2 usbsts=0 erdp=573c13e0 dequeue=62 command-busy=0 irq-busy=0
xhci: cancelled request slot=5 endpoint=3 completion=26 residual=1
xhci: cancel slot=5 endpoint=3 pending-events=0 first-type=0 iman=2 usbsts=0 erdp=573c15e0 dequeue=94 command-busy=0 irq-busy=0
xhci: cancelled request slot=5 endpoint=3 completion=26 residual=1
xhci: cancel slot=5 endpoint=3 pending-events=1 first-type=32 iman=2 usbsts=0 erdp=573c1790 dequeue=121 command-busy=0 irq-busy=0
xhci: cancelled request slot=5 endpoint=3 completion=26 residual=1
xhci: cancel slot=5 endpoint=3 pending-events=0 first-type=0 iman=2 usbsts=0 erdp=573c1960 dequeue=150 command-busy=0 irq-busy=0
xhci: cancelled request slot=5 endpoint=3 completion=26 residual=1
xhci: cancel slot=5 endpoint=3 pending-events=0 first-type=0 iman=2 usbsts=0 erdp=573c1990 dequeue=153 command-busy=0 irq-busy=0
xhci: cancelled request slot=5 endpoint=3 completion=26 residual=1
xhci: cancel slot=5 endpoint=3 pending-events=0 first-type=0 iman=2 usbsts=0 erdp=573c1ac0 dequeue=172 command-busy=0 irq-busy=0
xhci: cancelled request slot=5 endpoint=3 completion=26 residual=1
xhci: cancel slot=5 endpoint=3 pending-events=0 first-type=0 iman=2 usbsts=0 erdp=573c1c80 dequeue=200 command-busy=0 irq-busy=0
xhci: cancelled request slot=5 endpoint=3 completion=26 residual=1
xhci: cancel slot=5 endpoint=3 pending-events=0 first-type=0 iman=2 usbsts=0 erdp=573c1e30 dequeue=227 command-busy=0 irq-busy=0
xhci: cancelled request slot=5 endpoint=3 completion=26 residual=1
xhci: cancel slot=5 endpoint=3 pending-events=0 first-type=0 iman=2 usbsts=0 erdp=573c1ea0 dequeue=234 command-busy=0 irq-busy=0
xhci: cancelled request slot=5 endpoint=3 completion=26 residual=1
xhci: cancel slot=5 endpoint=3 pending-events=0 first-type=0 iman=2 usbsts=0 erdp=573c1f10 dequeue=241 command-busy=0 irq-busy=0
xhci: cancelled request slot=5 endpoint=3 completion=26 residual=1
i915: resident shim: ring rewound (idle context)
xhci: cancel slot=5 endpoint=3 pending-events=0 first-type=0 iman=2 usbsts=0 erdp=573c10b0 dequeue=11 command-busy=0 irq-busy=0
xhci: cancelled request slot=5 endpoint=3 completion=26 residual=1
xhci: cancel slot=5 endpoint=3 pending-events=0 first-type=0 iman=2 usbsts=0 erdp=573c1710 dequeue=113 command-busy=0 irq-busy=0
xhci: cancelled request slot=5 endpoint=3 completion=26 residual=1
xhci: cancel slot=5 endpoint=3 pending-events=0 first-type=0 iman=2 usbsts=0 erdp=573c18d0 dequeue=141 command-busy=0 irq-busy=0
xhci: cancelled request slot=5 endpoint=3 completion=26 residual=1
xhci: cancel slot=5 endpoint=3 pending-events=0 first-type=0 iman=2 usbsts=0 erdp=573c1a10 dequeue=161 command-busy=0 irq-busy=0
xhci: cancelled request slot=5 endpoint=3 completion=26 residual=1
xhci: cancel slot=5 endpoint=3 pending-events=0 first-type=0 iman=2 usbsts=0 erdp=573c1a40 dequeue=164 command-busy=0 irq-busy=0
xhci: cancelled request slot=5 endpoint=3 completion=26 residual=1
xhci: cancel slot=5 endpoint=3 pending-events=0 first-type=0 iman=2 usbsts=0 erdp=573c1b60 dequeue=182 command-busy=0 irq-busy=0
xhci: cancelled request slot=5 endpoint=3 completion=26 residual=1
xhci: cancel slot=5 endpoint=3 pending-events=0 first-type=0 iman=2 usbsts=0 erdp=573c1d60 dequeue=214 command-busy=0 irq-busy=0
xhci: cancelled request slot=5 endpoint=3 completion=26 residual=1
xhci: cancel slot=5 endpoint=3 pending-events=0 first-type=0 iman=2 usbsts=0 erdp=573c1f20 dequeue=242 command-busy=0 irq-busy=0
xhci: cancelled request slot=5 endpoint=3 completion=26 residual=1
xhci: cancel slot=5 endpoint=3 pending-events=0 first-type=0 iman=2 usbsts=0 erdp=573c1f50 dequeue=245 command-busy=0 irq-busy=0
xhci: cancelled request slot=5 endpoint=3 completion=26 residual=1
i915: perf: markers 12: wait 0.00 ms, run 0.00 ms
i915: perf: 5166 ms: 6 presents (1.16/s), 12 submits, 12 batches | per submit ms: 6.18 (build 0.06, run 6.12, gpu 6.12) | per present ms: 1.31 (copy 1.10, publish 0.00, flip 0.09)
xhci: cancel slot=5 endpoint=3 pending-events=0 first-type=0 iman=2 usbsts=0 erdp=573c12a0 dequeue=42 command-busy=0 irq-busy=0
xhci: cancelled request slot=5 endpoint=3 completion=26 residual=1
xhci: cancel slot=5 endpoint=3 pending-events=0 first-type=0 iman=2 usbsts=0 erdp=573c1410 dequeue=65 command-busy=0 irq-busy=0
xhci: cancelled request slot=5 endpoint=3 completion=26 residual=1
xhci: cancel slot=5 endpoint=3 pending-events=0 first-type=0 iman=2 usbsts=0 erdp=573c1480 dequeue=72 command-busy=0 irq-busy=0
xhci: cancelled request slot=5 endpoint=3 completion=26 residual=1
xhci: cancel slot=5 endpoint=3 pending-events=0 first-type=0 iman=2 usbsts=0 erdp=573c1570 dequeue=87 command-busy=0 irq-busy=0
xhci: cancelled request slot=5 endpoint=3 completion=26 residual=1
xhci: cancel slot=5 endpoint=3 pending-events=0 first-type=0 iman=2 usbsts=0 erdp=573c1750 dequeue=117 command-busy=0 irq-busy=0
xhci: cancelled request slot=5 endpoint=3 completion=26 residual=1
xhci: cancel slot=5 endpoint=3 pending-events=0 first-type=0 iman=2 usbsts=0 erdp=573c1890 dequeue=137 command-busy=0 irq-busy=0
xhci: cancelled request slot=5 endpoint=3 completion=26 residual=1
xhci: cancel slot=5 endpoint=3 pending-events=0 first-type=0 iman=2 usbsts=0 erdp=573c1900 dequeue=144 command-busy=0 irq-busy=0
xhci: cancelled request slot=5 endpoint=3 completion=26 residual=1
xhci: cancel slot=5 endpoint=3 pending-events=0 first-type=0 iman=2 usbsts=0 erdp=573c19a0 dequeue=154 command-busy=0 irq-busy=0
xhci: cancelled request slot=5 endpoint=3 completion=26 residual=1
xhci: cancel slot=5 endpoint=3 pending-events=0 first-type=0 iman=2 usbsts=0 erdp=573c1d20 dequeue=210 command-busy=0 irq-busy=0
xhci: cancelled request slot=5 endpoint=3 completion=26 residual=1
xhci: cancel slot=5 endpoint=3 pending-events=0 first-type=0 iman=2 usbsts=0 erdp=573c1d50 dequeue=213 command-busy=0 irq-busy=0
xhci: cancelled request slot=5 endpoint=3 completion=26 residual=1
xhci: cancel slot=5 endpoint=3 pending-events=0 first-type=0 iman=2 usbsts=0 erdp=573c1dc0 dequeue=220 command-busy=0 irq-busy=0
xhci: cancelled request slot=5 endpoint=3 completion=26 residual=1
xhci: cancel slot=5 endpoint=3 pending-events=0 first-type=0 iman=2 usbsts=0 erdp=573c1f80 dequeue=248 command-busy=0 irq-busy=0
xhci: cancelled request slot=5 endpoint=3 completion=26 residual=1
xhci: cancel slot=5 endpoint=3 pending-events=0 first-type=0 iman=2 usbsts=0 erdp=573c1160 dequeue=22 command-busy=0 irq-busy=0
xhci: cancelled request slot=5 endpoint=3 completion=26 residual=1
xhci: cancel slot=5 endpoint=3 pending-events=0 first-type=0 iman=2 usbsts=0 erdp=573c1370 dequeue=55 command-busy=0 irq-busy=0
xhci: cancelled request slot=5 endpoint=3 completion=26 residual=1
xhci: cancel slot=5 endpoint=3 pending-events=0 first-type=0 iman=2 usbsts=0 erdp=573c1400 dequeue=64 command-busy=0 irq-busy=0
xhci: cancelled request slot=5 endpoint=3 completion=26 residual=1
xhci: cancel slot=5 endpoint=3 pending-events=0 first-type=0 iman=2 usbsts=0 erdp=573c14a0 dequeue=74 command-busy=0 irq-busy=0
xhci: cancelled request slot=5 endpoint=3 completion=26 residual=1
xhci: cancel slot=5 endpoint=3 pending-events=0 first-type=0 iman=2 usbsts=0 erdp=573c1860 dequeue=134 command-busy=0 irq-busy=0
xhci: cancelled request slot=5 endpoint=3 completion=26 residual=1
xhci: cancel slot=5 endpoint=3 pending-events=0 first-type=0 iman=2 usbsts=0 erdp=573c1a20 dequeue=162 command-busy=0 irq-busy=0
xhci: cancelled request slot=5 endpoint=3 completion=26 residual=1
xhci: cancel slot=5 endpoint=3 pending-events=0 first-type=0 iman=2 usbsts=0 erdp=573c1bf0 dequeue=191 command-busy=0 irq-busy=0
xhci: cancelled request slot=5 endpoint=3 completion=26 residual=1
xhci: cancel slot=5 endpoint=3 pending-events=0 first-type=0 iman=2 usbsts=0 erdp=573c1c70 dequeue=199 command-busy=0 irq-busy=0
xhci: cancelled request slot=5 endpoint=3 completion=26 residual=1
xhci: cancel slot=5 endpoint=3 pending-events=0 first-type=0 iman=2 usbsts=0 erdp=573c1e40 dequeue=228 command-busy=0 irq-busy=0
xhci: cancelled request slot=5 endpoint=3 completion=26 residual=1
xhci: cancel slot=5 endpoint=3 pending-events=0 first-type=0 iman=2 usbsts=0 erdp=573c1eb0 dequeue=235 command-busy=0 irq-busy=0
xhci: cancelled request slot=5 endpoint=3 completion=26 residual=1
i915: perf: markers 16: wait 0.00 ms, run 0.00 ms
i915: perf: 5575 ms: 8 presents (1.43/s), 16 submits, 16 batches | per submit ms: 6.42 (build 0.06, run 6.36, gpu 6.35) | per present ms: 1.11 (copy 1.05, publish 0.00, flip 0.02)
xhci: cancel slot=5 endpoint=3 pending-events=0 first-type=0 iman=2 usbsts=0 erdp=573c1020 dequeue=2 command-busy=0 irq-busy=0
xhci: cancelled request slot=5 endpoint=3 completion=26 residual=1
xhci: cancel slot=5 endpoint=3 pending-events=0 first-type=0 iman=2 usbsts=0 erdp=573c11e0 dequeue=30 command-busy=0 irq-busy=0
xhci: cancelled request slot=5 endpoint=3 completion=26 residual=1
xhci: cancel slot=5 endpoint=3 pending-events=0 first-type=0 iman=2 usbsts=0 erdp=573c1410 dequeue=65 command-busy=0 irq-busy=0
xhci: cancelled request slot=5 endpoint=3 completion=26 residual=1
xhci: cancel slot=5 endpoint=3 pending-events=0 first-type=0 iman=2 usbsts=0 erdp=573c1520 dequeue=82 command-busy=0 irq-busy=0
xhci: cancelled request slot=5 endpoint=3 completion=26 residual=1
i915: resident shim: ring rewound (idle context)
xhci: cancel slot=5 endpoint=3 pending-events=0 first-type=0 iman=2 usbsts=0 erdp=573c15b0 dequeue=91 command-busy=0 irq-busy=0
xhci: cancelled request slot=5 endpoint=3 completion=26 residual=1
xhci: cancel slot=5 endpoint=3 pending-events=0 first-type=0 iman=2 usbsts=0 erdp=573c15e0 dequeue=94 command-busy=0 irq-busy=0
xhci: cancelled request slot=5 endpoint=3 completion=26 residual=1
xhci: cancel slot=5 endpoint=3 pending-events=0 first-type=0 iman=2 usbsts=0 erdp=573c16e0 dequeue=110 command-busy=0 irq-busy=0
xhci: cancelled request slot=5 endpoint=3 completion=26 residual=1
xhci: cancel slot=5 endpoint=3 pending-events=0 first-type=0 iman=2 usbsts=0 erdp=573c1750 dequeue=117 command-busy=0 irq-busy=0
xhci: cancelled request slot=5 endpoint=3 completion=26 residual=1
xhci: cancel slot=5 endpoint=3 pending-events=0 first-type=0 iman=2 usbsts=0 erdp=573c1830 dequeue=131 command-busy=0 irq-busy=0
xhci: cancelled request slot=5 endpoint=3 completion=26 residual=1
i915: resident shim: ring rewound (idle context)
xhci: cancel slot=5 endpoint=3 pending-events=0 first-type=0 iman=2 usbsts=0 erdp=573c19f0 dequeue=159 command-busy=0 irq-busy=0
xhci: cancelled request slot=5 endpoint=3 completion=26 residual=1
xhci: cancel slot=5 endpoint=3 pending-events=0 first-type=0 iman=2 usbsts=0 erdp=573c1060 dequeue=6 command-busy=0 irq-busy=0
xhci: cancelled request slot=5 endpoint=3 completion=26 residual=1
xhci: cancel slot=5 endpoint=3 pending-events=0 first-type=0 iman=2 usbsts=0 erdp=573c1220 dequeue=34 command-busy=0 irq-busy=0
xhci: cancelled request slot=5 endpoint=3 completion=26 residual=1
i915: resident shim: ring rewound (idle context)
xhci: cancel slot=5 endpoint=3 pending-events=0 first-type=0 iman=2 usbsts=0 erdp=573c1310 dequeue=49 command-busy=0 irq-busy=0
xhci: cancelled request slot=5 endpoint=3 completion=26 residual=1
xhci: cancel slot=5 endpoint=3 pending-events=0 first-type=0 iman=2 usbsts=0 erdp=573c1340 dequeue=52 command-busy=0 irq-busy=0
xhci: cancelled request slot=5 endpoint=3 completion=26 residual=1
xhci: cancel slot=5 endpoint=3 pending-events=0 first-type=0 iman=2 usbsts=0 erdp=573c1390 dequeue=57 command-busy=0 irq-busy=0
xhci: cancelled request slot=5 endpoint=3 completion=26 residual=1
xhci: cancel slot=5 endpoint=3 pending-events=0 first-type=0 iman=2 usbsts=0 erdp=573c14b0 dequeue=75 command-busy=0 irq-busy=0
xhci: cancelled request slot=5 endpoint=3 completion=26 residual=1
xhci: cancel slot=5 endpoint=3 pending-events=0 first-type=0 iman=2 usbsts=0 erdp=573c16b0 dequeue=107 command-busy=0 irq-busy=0
xhci: cancelled request slot=5 endpoint=3 completion=26 residual=1
xhci: cancel slot=5 endpoint=3 pending-events=0 first-type=0 iman=2 usbsts=0 erdp=573c1870 dequeue=135 command-busy=0 irq-busy=0
xhci: cancelled request slot=5 endpoint=3 completion=26 residual=1
xhci: cancel slot=5 endpoint=3 pending-events=0 first-type=0 iman=2 usbsts=0 erdp=573c1bc0 dequeue=188 command-busy=0 irq-busy=0
xhci: cancelled request slot=5 endpoint=3 completion=26 residual=1
xhci: cancel slot=5 endpoint=3 pending-events=0 first-type=0 iman=2 usbsts=0 erdp=573c1bf0 dequeue=191 command-busy=0 irq-busy=0
xhci: cancelled request slot=5 endpoint=3 completion=26 residual=1
i915: vk: session 1: frames 146 in 5163 ms: per submit 1 runs (0 full) 43 ops (most 105), in submit 6217 us (runs 6080, record 137), between 29151 us
i915: perf: markers 150: wait 0.06 ms, run 0.00 ms
i915: perf: 5165 ms: 73 presents (14.13/s), 150 submits, 150 batches | per submit ms: 6.07 (build 0.14, run 5.93, gpu 5.92) | per present ms: 3.20 (copy 1.00, publish 0.00, flip 1.06)
xhci: cancel slot=5 endpoint=3 pending-events=0 first-type=0 iman=2 usbsts=0 erdp=573c1cc0 dequeue=204 command-busy=0 irq-busy=0
xhci: cancelled request slot=5 endpoint=3 completion=26 residual=1
xhci: cancel slot=5 endpoint=3 pending-events=0 first-type=0 iman=2 usbsts=0 erdp=573c1e80 dequeue=232 command-busy=0 irq-busy=0
xhci: cancelled request slot=5 endpoint=3 completion=26 residual=1
xhci: cancel slot=5 endpoint=3 pending-events=0 first-type=0 iman=2 usbsts=0 erdp=573c1060 dequeue=6 command-busy=0 irq-busy=0
xhci: cancelled request slot=5 endpoint=3 completion=26 residual=1
xhci: cancel slot=5 endpoint=3 pending-events=0 first-type=0 iman=2 usbsts=0 erdp=573c1290 dequeue=41 command-busy=0 irq-busy=0
xhci: cancelled request slot=5 endpoint=3 completion=26 residual=1
xhci: cancel slot=5 endpoint=3 pending-events=0 first-type=0 iman=2 usbsts=0 erdp=573c1420 dequeue=66 command-busy=0 irq-busy=0
xhci: cancelled request slot=5 endpoint=3 completion=26 residual=1
xhci: cancel slot=5 endpoint=3 pending-events=0 first-type=0 iman=2 usbsts=0 erdp=573c1470 dequeue=71 command-busy=0 irq-busy=0
xhci: cancelled request slot=5 endpoint=3 completion=26 residual=1
xhci: cancel slot=5 endpoint=3 pending-events=0 first-type=0 iman=2 usbsts=0 erdp=573c1680 dequeue=104 command-busy=0 irq-busy=0
xhci: cancelled request slot=5 endpoint=3 completion=26 residual=1
xhci: cancel slot=5 endpoint=3 pending-events=0 first-type=0 iman=2 usbsts=0 erdp=573c16d0 dequeue=109 command-busy=0 irq-busy=0
xhci: cancelled request slot=5 endpoint=3 completion=26 residual=1
xhci: cancel slot=5 endpoint=3 pending-events=0 first-type=0 iman=2 usbsts=0 erdp=573c1850 dequeue=133 command-busy=0 irq-busy=0
xhci: cancelled request slot=5 endpoint=3 completion=26 residual=1
xhci: cancel slot=5 endpoint=3 pending-events=0 first-type=0 iman=2 usbsts=0 erdp=573c1a30 dequeue=163 command-busy=0 irq-busy=0
xhci: cancelled request slot=5 endpoint=3 completion=26 residual=1
xhci: cancel slot=5 endpoint=3 pending-events=0 first-type=0 iman=2 usbsts=0 erdp=573c1bf0 dequeue=191 command-busy=0 irq-busy=0
xhci: cancelled request slot=5 endpoint=3 completion=26 residual=1
xhci: cancel slot=5 endpoint=3 pending-events=0 first-type=0 iman=2 usbsts=0 erdp=573c1d80 dequeue=216 command-busy=0 irq-busy=0
xhci: cancelled request slot=5 endpoint=3 completion=26 residual=1
xhci: cancel slot=5 endpoint=3 pending-events=0 first-type=0 iman=2 usbsts=0 erdp=573c1dd0 dequeue=221 command-busy=0 irq-busy=0
xhci: cancelled request slot=5 endpoint=3 completion=26 residual=1
xhci: cancel slot=5 endpoint=3 pending-events=0 first-type=0 iman=2 usbsts=0 erdp=573c1e80 dequeue=232 command-busy=0 irq-busy=0
xhci: cancelled request slot=5 endpoint=3 completion=26 residual=1
xhci: cancel slot=5 endpoint=3 pending-events=0 first-type=0 iman=2 usbsts=0 erdp=573c1090 dequeue=9 command-busy=0 irq-busy=0
xhci: cancelled request slot=5 endpoint=3 completion=26 residual=1
i915: resident shim: ring rewound (idle context)
xhci: cancel slot=5 endpoint=3 pending-events=0 first-type=0 iman=2 usbsts=0 erdp=573c1190 dequeue=25 command-busy=0 irq-busy=0
xhci: cancelled request slot=5 endpoint=3 completion=26 residual=1
xhci: cancel slot=5 endpoint=3 pending-events=0 first-type=0 iman=2 usbsts=0 erdp=573c1370 dequeue=55 command-busy=0 irq-busy=0
xhci: cancelled request slot=5 endpoint=3 completion=26 residual=1
i915: resident shim: ring rewound (idle context)
xhci: cancel slot=5 endpoint=3 pending-events=0 first-type=0 iman=2 usbsts=0 erdp=573c1550 dequeue=85 command-busy=0 irq-busy=0
xhci: cancelled request slot=5 endpoint=3 completion=26 residual=1
xhci: cancel slot=5 endpoint=3 pending-events=0 first-type=0 iman=2 usbsts=0 erdp=573c1710 dequeue=113 command-busy=0 irq-busy=0
xhci: cancelled request slot=5 endpoint=3 completion=26 residual=1
i915: resident shim: ring rewound (idle context)
xhci: cancel slot=5 endpoint=3 pending-events=0 first-type=0 iman=2 usbsts=0 erdp=573c1940 dequeue=148 command-busy=0 irq-busy=0
xhci: cancelled request slot=5 endpoint=3 completion=26 residual=1
i915: vk: session 1: frames 140 in 5019 ms: per submit 1 runs (0 full) 53 ops (most 105), in submit 6617 us (runs 6402, record 214), between 29234 us
i915: perf: markers 146: wait 0.11 ms, run 0.01 ms
i915: perf: 5019 ms: 70 presents (13.94/s), 146 submits, 146 batches | per submit ms: 6.60 (build 0.22, run 6.38, gpu 6.18) | per present ms: 2.64 (copy 0.92, publish 0.00, flip 0.81)
xhci: cancel slot=5 endpoint=3 pending-events=0 first-type=0 iman=2 usbsts=0 erdp=573c19c0 dequeue=156 command-busy=0 irq-busy=0
xhci: cancelled request slot=5 endpoint=3 completion=26 residual=1
xhci: cancel slot=5 endpoint=3 pending-events=0 first-type=0 iman=2 usbsts=0 erdp=573c1a10 dequeue=161 command-busy=0 irq-busy=0
xhci: cancelled request slot=5 endpoint=3 completion=26 residual=1
i915: resident shim: ring rewound (idle context)
xhci: cancel slot=5 endpoint=3 pending-events=0 first-type=0 iman=2 usbsts=0 erdp=573c1ce0 dequeue=206 command-busy=0 irq-busy=0
xhci: cancelled request slot=5 endpoint=3 completion=26 residual=1
i915: resident shim: ring rewound (idle context)
xhci: cancel slot=5 endpoint=3 pending-events=0 first-type=0 iman=2 usbsts=0 erdp=573c1ec0 dequeue=236 command-busy=0 irq-busy=0
xhci: cancelled request slot=5 endpoint=3 completion=26 residual=1
xhci: cancel slot=5 endpoint=3 pending-events=0 first-type=0 iman=2 usbsts=0 erdp=573c10a0 dequeue=10 command-busy=0 irq-busy=0
xhci: cancelled request slot=5 endpoint=3 completion=26 residual=1
i915: resident shim: ring rewound (idle context)
xhci: cancel slot=5 endpoint=3 pending-events=0 first-type=0 iman=2 usbsts=0 erdp=573c11f0 dequeue=31 command-busy=0 irq-busy=0
xhci: cancelled request slot=5 endpoint=3 completion=26 residual=1
xhci: cancel slot=5 endpoint=3 pending-events=0 first-type=0 iman=2 usbsts=0 erdp=573c1220 dequeue=34 command-busy=0 irq-busy=0
xhci: cancelled request slot=5 endpoint=3 completion=26 residual=1
xhci: cancel slot=5 endpoint=3 pending-events=0 first-type=0 iman=2 usbsts=0 erdp=573c12b0 dequeue=43 command-busy=0 irq-busy=0
xhci: cancelled request slot=5 endpoint=3 completion=26 residual=1
xhci: cancel slot=5 endpoint=3 pending-events=0 first-type=0 iman=2 usbsts=0 erdp=573c1300 dequeue=48 command-busy=0 irq-busy=0
xhci: cancelled request slot=5 endpoint=3 completion=26 residual=1
xhci: cancel slot=5 endpoint=3 pending-events=0 first-type=0 iman=2 usbsts=0 erdp=573c1350 dequeue=53 command-busy=0 irq-busy=0
xhci: cancelled request slot=5 endpoint=3 completion=26 residual=1
xhci: cancel slot=5 endpoint=3 pending-events=1 first-type=32 iman=2 usbsts=0 erdp=573c1810 dequeue=129 command-busy=0 irq-busy=0
xhci: cancelled request slot=5 endpoint=3 completion=26 residual=1
i915: resident shim: ring rewound (idle context)
xhci: cancel slot=5 endpoint=3 pending-events=0 first-type=0 iman=2 usbsts=0 erdp=573c1a90 dequeue=169 command-busy=0 irq-busy=0
xhci: cancelled request slot=5 endpoint=3 completion=26 residual=1
i915: resident shim: ring rewound (idle context)
xhci: cancel slot=5 endpoint=3 pending-events=0 first-type=0 iman=2 usbsts=0 erdp=573c1af0 dequeue=175 command-busy=0 irq-busy=0
xhci: cancelled request slot=5 endpoint=3 completion=26 residual=1
xhci: cancel slot=5 endpoint=3 pending-events=0 first-type=0 iman=2 usbsts=0 erdp=573c1b40 dequeue=180 command-busy=0 irq-busy=0
xhci: cancelled request slot=5 endpoint=3 completion=26 residual=1
xhci: cancel slot=5 endpoint=3 pending-events=0 first-type=0 iman=2 usbsts=0 erdp=573c1b70 dequeue=183 command-busy=0 irq-busy=0
xhci: cancelled request slot=5 endpoint=3 completion=26 residual=1
xhci: cancel slot=5 endpoint=3 pending-events=0 first-type=0 iman=2 usbsts=0 erdp=573c1c30 dequeue=195 command-busy=0 irq-busy=0
xhci: cancelled request slot=5 endpoint=3 completion=26 residual=1
i915: resident shim: ring rewound (idle context)
xhci: cancel slot=5 endpoint=3 pending-events=0 first-type=0 iman=2 usbsts=0 erdp=573c1d50 dequeue=213 command-busy=0 irq-busy=0
xhci: cancelled request slot=5 endpoint=3 completion=26 residual=1
xhci: cancel slot=5 endpoint=3 pending-events=0 first-type=0 iman=2 usbsts=0 erdp=573c1ea0 dequeue=234 command-busy=0 irq-busy=0
xhci: cancelled request slot=5 endpoint=3 completion=26 residual=1
xhci: cancel slot=5 endpoint=3 pending-events=1 first-type=32 iman=2 usbsts=0 erdp=573c1f70 dequeue=247 command-busy=0 irq-busy=0
xhci: cancelled request slot=5 endpoint=3 completion=26 residual=1
xhci: cancel slot=5 endpoint=3 pending-events=0 first-type=0 iman=2 usbsts=0 erdp=573c1120 dequeue=18 command-busy=0 irq-busy=0
xhci: cancelled request slot=5 endpoint=3 completion=26 residual=1
xhci: cancel slot=5 endpoint=3 pending-events=0 first-type=0 iman=2 usbsts=0 erdp=573c1150 dequeue=21 command-busy=0 irq-busy=0
xhci: cancelled request slot=5 endpoint=3 completion=26 residual=1
i915: vk: session 1: frames 228 in 5341 ms: per submit 1 runs (0 full) 51 ops (most 105), in submit 6640 us (runs 6453, record 187), between 16788 us
i915: perf: markers 236: wait 0.05 ms, run 0.00 ms
i915: perf: 5341 ms: 114 presents (21.34/s), 236 submits, 236 batches | per submit ms: 6.49 (build 0.19, run 6.30, gpu 6.25) | per present ms: 2.93 (copy 0.93, publish 0.00, flip 0.95)
xhci: cancel slot=5 endpoint=3 pending-events=0 first-type=0 iman=2 usbsts=0 erdp=573c1200 dequeue=32 command-busy=0 irq-busy=0
xhci: cancelled request slot=5 endpoint=3 completion=26 residual=1
i915: resident shim: ring rewound (idle context)
xhci: cancel slot=5 endpoint=3 pending-events=0 first-type=0 iman=2 usbsts=0 erdp=573c12f0 dequeue=47 command-busy=0 irq-busy=0
xhci: cancelled request slot=5 endpoint=3 completion=26 residual=1
xhci: cancel slot=5 endpoint=3 pending-events=0 first-type=0 iman=2 usbsts=0 erdp=573c13a0 dequeue=58 command-busy=0 irq-busy=0
xhci: cancelled request slot=5 endpoint=3 completion=26 residual=1
xhci: cancel slot=5 endpoint=3 pending-events=0 first-type=0 iman=2 usbsts=0 erdp=573c13d0 dequeue=61 command-busy=0 irq-busy=0
xhci: cancelled request slot=5 endpoint=3 completion=26 residual=1
xhci: cancel slot=5 endpoint=3 pending-events=0 first-type=0 iman=2 usbsts=0 erdp=573c1420 dequeue=66 command-busy=0 irq-busy=0
xhci: cancelled request slot=5 endpoint=3 completion=26 residual=1
xhci: cancel slot=5 endpoint=3 pending-events=0 first-type=0 iman=2 usbsts=0 erdp=573c14e0 dequeue=78 command-busy=0 irq-busy=0
xhci: cancelled request slot=5 endpoint=3 completion=26 residual=1
xhci: cancel slot=5 endpoint=3 pending-events=0 first-type=0 iman=2 usbsts=0 erdp=573c17b0 dequeue=123 command-busy=0 irq-busy=0
xhci: cancelled request slot=5 endpoint=3 completion=26 residual=1
xhci: cancel slot=5 endpoint=3 pending-events=0 first-type=0 iman=2 usbsts=0 erdp=573c17e0 dequeue=126 command-busy=0 irq-busy=0
xhci: cancelled request slot=5 endpoint=3 completion=26 residual=1
xhci: cancel slot=5 endpoint=3 pending-events=0 first-type=0 iman=2 usbsts=0 erdp=573c1830 dequeue=131 command-busy=0 irq-busy=0
xhci: cancelled request slot=5 endpoint=3 completion=26 residual=1
xhci: cancel slot=5 endpoint=3 pending-events=0 first-type=0 iman=2 usbsts=0 erdp=573c1860 dequeue=134 command-busy=0 irq-busy=0
xhci: cancelled request slot=5 endpoint=3 completion=26 residual=1
xhci: cancel slot=5 endpoint=3 pending-events=0 first-type=0 iman=2 usbsts=0 erdp=573c1a40 dequeue=164 command-busy=0 irq-busy=0
xhci: cancelled request slot=5 endpoint=3 completion=26 residual=1
xhci: cancel slot=5 endpoint=3 pending-events=0 first-type=0 iman=2 usbsts=0 erdp=573c1ad0 dequeue=173 command-busy=0 irq-busy=0
xhci: cancelled request slot=5 endpoint=3 completion=26 residual=1
xhci: cancel slot=5 endpoint=3 pending-events=0 first-type=0 iman=2 usbsts=0 erdp=573c1b20 dequeue=178 command-busy=0 irq-busy=0
xhci: cancelled request slot=5 endpoint=3 completion=26 residual=1
xhci: cancel slot=5 endpoint=3 pending-events=0 first-type=0 iman=2 usbsts=0 erdp=573c1b90 dequeue=185 command-busy=0 irq-busy=0
xhci: cancelled request slot=5 endpoint=3 completion=26 residual=1
i915: resident shim: ring rewound (idle context)
xhci: cancel slot=5 endpoint=3 pending-events=0 first-type=0 iman=2 usbsts=0 erdp=573c1f70 dequeue=247 command-busy=0 irq-busy=0
xhci: cancelled request slot=5 endpoint=3 completion=26 residual=1
i915: resident shim: ring rewound (idle context)
xhci: cancel slot=5 endpoint=3 pending-events=0 first-type=0 iman=2 usbsts=0 erdp=573c10f0 dequeue=15 command-busy=0 irq-busy=0
xhci: cancelled request slot=5 endpoint=3 completion=26 residual=1
xhci: cancel slot=5 endpoint=3 pending-events=0 first-type=0 iman=2 usbsts=0 erdp=573c1140 dequeue=20 command-busy=0 irq-busy=0
xhci: cancelled request slot=5 endpoint=3 completion=26 residual=1
xhci: cancel slot=5 endpoint=3 pending-events=0 first-type=0 iman=2 usbsts=0 erdp=573c1170 dequeue=23 command-busy=0 irq-busy=0
xhci: cancelled request slot=5 endpoint=3 completion=26 residual=1
xhci: cancel slot=5 endpoint=3 pending-events=0 first-type=0 iman=2 usbsts=0 erdp=573c12c0 dequeue=44 command-busy=0 irq-busy=0
xhci: cancelled request slot=5 endpoint=3 completion=26 residual=1
xhci: cancel slot=5 endpoint=3 pending-events=0 first-type=0 iman=2 usbsts=0 erdp=573c1480 dequeue=72 command-busy=0 irq-busy=0
xhci: cancelled request slot=5 endpoint=3 completion=26 residual=1
i915: resident shim: ring rewound (idle context)
i915: vk: session 1: frames 176 in 5008 ms: per submit 1 runs (0 full) 50 ops (most 105), in submit 6006 us (runs 5873, record 132), between 22449 us
i915: perf: markers 182: wait 0.04 ms, run 0.00 ms
i915: perf: 5006 ms: 88 presents (17.57/s), 182 submits, 183 batches | per submit ms: 5.84 (build 0.04, run 5.80, gpu 5.68) | per present ms: 3.85 (copy 0.98, publish 0.00, flip 1.37)
xhci: cancel slot=5 endpoint=3 pending-events=0 first-type=0 iman=2 usbsts=0 erdp=573c1590 dequeue=89 command-busy=0 irq-busy=0
xhci: cancelled request slot=5 endpoint=3 completion=26 residual=1
xhci: cancel slot=5 endpoint=3 pending-events=0 first-type=0 iman=2 usbsts=0 erdp=573c15c0 dequeue=92 command-busy=0 irq-busy=0
xhci: cancelled request slot=5 endpoint=3 completion=26 residual=1
xhci: cancel slot=5 endpoint=3 pending-events=0 first-type=0 iman=2 usbsts=0 erdp=573c1ab0 dequeue=171 command-busy=0 irq-busy=0
xhci: cancelled request slot=5 endpoint=3 completion=26 residual=1
xhci: cancel slot=5 endpoint=3 pending-events=0 first-type=0 iman=2 usbsts=0 erdp=573c1c00 dequeue=192 command-busy=0 irq-busy=0
xhci: cancelled request slot=5 endpoint=3 completion=26 residual=1
xhci: cancel slot=5 endpoint=3 pending-events=0 first-type=0 iman=2 usbsts=0 erdp=573c1cc0 dequeue=204 command-busy=0 irq-busy=0
xhci: cancelled request slot=5 endpoint=3 completion=26 residual=1
xhci: cancel slot=5 endpoint=3 pending-events=0 first-type=0 iman=2 usbsts=0 erdp=573c1cf0 dequeue=207 command-busy=0 irq-busy=0
xhci: cancelled request slot=5 endpoint=3 completion=26 residual=1
xhci: cancel slot=5 endpoint=3 pending-events=0 first-type=0 iman=2 usbsts=0 erdp=573c1dd0 dequeue=221 command-busy=0 irq-busy=0
xhci: cancelled request slot=5 endpoint=3 completion=26 residual=1
xhci: cancel slot=5 endpoint=3 pending-events=0 first-type=0 iman=2 usbsts=0 erdp=573c1f90 dequeue=249 command-busy=0 irq-busy=0
xhci: cancelled request slot=5 endpoint=3 completion=26 residual=1
xhci: cancel slot=5 endpoint=3 pending-events=0 first-type=0 iman=2 usbsts=0 erdp=573c10b0 dequeue=11 command-busy=0 irq-busy=0
xhci: cancelled request slot=5 endpoint=3 completion=26 residual=1
xhci: cancel slot=5 endpoint=3 pending-events=0 first-type=0 iman=2 usbsts=0 erdp=573c10e0 dequeue=14 command-busy=0 irq-busy=0
xhci: cancelled request slot=5 endpoint=3 completion=26 residual=1
xhci: cancel slot=5 endpoint=3 pending-events=0 first-type=0 iman=2 usbsts=0 erdp=573c1330 dequeue=51 command-busy=0 irq-busy=0
xhci: cancelled request slot=5 endpoint=3 completion=26 residual=1
xhci: cancel slot=5 endpoint=3 pending-events=0 first-type=0 iman=2 usbsts=0 erdp=573c13b0 dequeue=59 command-busy=0 irq-busy=0
xhci: cancelled request slot=5 endpoint=3 completion=26 residual=1
xhci: cancel slot=5 endpoint=3 pending-events=0 first-type=0 iman=2 usbsts=0 erdp=573c1590 dequeue=89 command-busy=0 irq-busy=0
xhci: cancelled request slot=5 endpoint=3 completion=26 residual=1
xhci: cancel slot=5 endpoint=3 pending-events=0 first-type=0 iman=2 usbsts=0 erdp=573c1650 dequeue=101 command-busy=0 irq-busy=0
xhci: cancelled request slot=5 endpoint=3 completion=26 residual=1
xhci: cancel slot=5 endpoint=3 pending-events=0 first-type=0 iman=2 usbsts=0 erdp=573c1700 dequeue=112 command-busy=0 irq-busy=0
xhci: cancelled request slot=5 endpoint=3 completion=26 residual=1
xhci: cancel slot=5 endpoint=3 pending-events=0 first-type=0 iman=2 usbsts=0 erdp=573c1730 dequeue=115 command-busy=0 irq-busy=0
xhci: cancelled request slot=5 endpoint=3 completion=26 residual=1
xhci: cancel slot=5 endpoint=3 pending-events=0 first-type=0 iman=2 usbsts=0 erdp=573c1780 dequeue=120 command-busy=0 irq-busy=0
xhci: cancelled request slot=5 endpoint=3 completion=26 residual=1
xhci: cancel slot=5 endpoint=3 pending-events=0 first-type=0 iman=2 usbsts=0 erdp=573c1870 dequeue=135 command-busy=0 irq-busy=0
xhci: cancelled request slot=5 endpoint=3 completion=26 residual=1
i915: resident shim: ring rewound (idle context)
xhci: cancel slot=5 endpoint=3 pending-events=0 first-type=0 iman=2 usbsts=0 erdp=573c1c50 dequeue=197 command-busy=0 irq-busy=0
xhci: cancelled request slot=5 endpoint=3 completion=26 residual=1
i915: resident shim: ring rewound (idle context)
xhci: cancel slot=5 endpoint=3 pending-events=0 first-type=0 iman=2 usbsts=0 erdp=573c1dd0 dequeue=221 command-busy=0 irq-busy=0
xhci: cancelled request slot=5 endpoint=3 completion=26 residual=1
i915: vk: session 1: frames 98 in 5034 ms: per submit 1 runs (0 full) 44 ops (most 105), in submit 6039 us (runs 5920, record 119), between 45331 us
i915: perf: markers 102: wait 0.04 ms, run 0.00 ms
i915: perf: 5034 ms: 49 presents (9.73/s), 102 submits, 101 batches | per submit ms: 6.03 (build 0.29, run 5.74, gpu 5.69) | per present ms: 3.62 (copy 1.04, publish 0.00, flip 1.23)
xhci: cancel slot=5 endpoint=3 pending-events=0 first-type=0 iman=2 usbsts=0 erdp=573c1e20 dequeue=226 command-busy=0 irq-busy=0
xhci: cancelled request slot=5 endpoint=3 completion=26 residual=1
xhci: cancel slot=5 endpoint=3 pending-events=0 first-type=0 iman=2 usbsts=0 erdp=573c1e50 dequeue=229 command-busy=0 irq-busy=0
xhci: cancelled request slot=5 endpoint=3 completion=26 residual=1
xhci: cancel slot=5 endpoint=3 pending-events=0 first-type=0 iman=2 usbsts=0 erdp=573c1fb0 dequeue=251 command-busy=0 irq-busy=0
xhci: cancelled request slot=5 endpoint=3 completion=26 residual=1
xhci: cancel slot=5 endpoint=3 pending-events=0 first-type=0 iman=2 usbsts=0 erdp=573c1160 dequeue=22 command-busy=0 irq-busy=0
xhci: cancelled request slot=5 endpoint=3 completion=26 residual=1
i915: resident shim: ring rewound (idle context)
xhci: cancel slot=5 endpoint=3 pending-events=0 first-type=0 iman=2 usbsts=0 erdp=573c11b0 dequeue=27 command-busy=0 irq-busy=0
xhci: cancelled request slot=5 endpoint=3 completion=26 residual=1
xhci: cancel slot=5 endpoint=3 pending-events=0 first-type=0 iman=2 usbsts=0 erdp=573c11e0 dequeue=30 command-busy=0 irq-busy=0
xhci: cancelled request slot=5 endpoint=3 completion=26 residual=1
xhci: cancel slot=5 endpoint=3 pending-events=0 first-type=0 iman=2 usbsts=0 erdp=573c15a0 dequeue=90 command-busy=0 irq-busy=0
xhci: cancelled request slot=5 endpoint=3 completion=26 residual=1
i915: resident shim: ring rewound (idle context)
xhci: cancel slot=5 endpoint=3 pending-events=0 first-type=0 iman=2 usbsts=0 erdp=573c1600 dequeue=96 command-busy=0 irq-busy=0
xhci: cancelled request slot=5 endpoint=3 completion=26 residual=1
xhci: cancel slot=5 endpoint=3 pending-events=0 first-type=0 iman=2 usbsts=0 erdp=573c1650 dequeue=101 command-busy=0 irq-busy=0
xhci: cancelled request slot=5 endpoint=3 completion=26 residual=1
xhci: cancel slot=5 endpoint=3 pending-events=0 first-type=0 iman=2 usbsts=0 erdp=573c16a0 dequeue=106 command-busy=0 irq-busy=0
xhci: cancelled request slot=5 endpoint=3 completion=26 residual=1
i915: resident shim: ring rewound (idle context)
xhci: cancel slot=5 endpoint=3 pending-events=0 first-type=0 iman=2 usbsts=0 erdp=573c18f0 dequeue=143 command-busy=0 irq-busy=0
xhci: cancelled request slot=5 endpoint=3 completion=26 residual=1
xhci: cancel slot=5 endpoint=3 pending-events=0 first-type=0 iman=2 usbsts=0 erdp=573c1990 dequeue=153 command-busy=0 irq-busy=0
xhci: cancelled request slot=5 endpoint=3 completion=26 residual=1
xhci: cancel slot=5 endpoint=3 pending-events=0 first-type=0 iman=2 usbsts=0 erdp=573c19e0 dequeue=158 command-busy=0 irq-busy=0
xhci: cancelled request slot=5 endpoint=3 completion=26 residual=1
xhci: cancel slot=5 endpoint=3 pending-events=0 first-type=0 iman=2 usbsts=0 erdp=573c1a10 dequeue=161 command-busy=0 irq-busy=0
xhci: cancelled request slot=5 endpoint=3 completion=26 residual=1
xhci: cancel slot=5 endpoint=3 pending-events=0 first-type=0 iman=2 usbsts=0 erdp=573c1dd0 dequeue=221 command-busy=0 irq-busy=0
xhci: cancelled request slot=5 endpoint=3 completion=26 residual=1
i915: resident shim: ring rewound (idle context)
ucsi: rec 223 R 20000000 1 0
xhci: cancel slot=5 endpoint=3 pending-events=0 first-type=0 iman=2 usbsts=0 erdp=573c1f90 dequeue=249 command-busy=0 irq-busy=0
xhci: cancelled request slot=5 endpoint=3 completion=26 residual=1
i915: resident shim: ring rewound (idle context)
xhci: cancel slot=5 endpoint=3 pending-events=0 first-type=0 iman=2 usbsts=0 erdp=573c1ff0 dequeue=255 command-busy=0 irq-busy=0
xhci: cancelled request slot=5 endpoint=3 completion=26 residual=1
xhci: cancel slot=5 endpoint=3 pending-events=0 first-type=0 iman=2 usbsts=0 erdp=573c1020 dequeue=2 command-busy=0 irq-busy=0
xhci: cancelled request slot=5 endpoint=3 completion=26 residual=1
xhci: cancel slot=5 endpoint=3 pending-events=0 first-type=0 iman=2 usbsts=0 erdp=573c10d0 dequeue=13 command-busy=0 irq-busy=0
xhci: cancelled request slot=5 endpoint=3 completion=26 residual=1
xhci: cancel slot=5 endpoint=3 pending-events=0 first-type=0 iman=2 usbsts=0 erdp=573c1100 dequeue=16 command-busy=0 irq-busy=0
xhci: cancelled request slot=5 endpoint=3 completion=26 residual=1
xhci: cancel slot=5 endpoint=3 pending-events=0 first-type=0 iman=2 usbsts=0 erdp=573c1150 dequeue=21 command-busy=0 irq-busy=0
xhci: cancelled request slot=5 endpoint=3 completion=26 residual=1
xhci: cancel slot=5 endpoint=3 pending-events=0 first-type=0 iman=2 usbsts=0 erdp=573c1180 dequeue=24 command-busy=0 irq-busy=0
xhci: cancelled request slot=5 endpoint=3 completion=26 residual=1
i915: vk: session 1: frames 230 in 5553 ms: per submit 1 runs (0 full) 48 ops (most 105), in submit 6312 us (runs 6147, record 164), between 17833 us
i915: perf: markers 236: wait 0.04 ms, run 0.00 ms
i915: perf: 5554 ms: 115 presents (20.70/s), 236 submits, 236 batches | per submit ms: 6.20 (build 0.16, run 6.03, gpu 5.99) | per present ms: 3.30 (copy 0.96, publish 0.00, flip 1.13)
xhci: cancel slot=5 endpoint=3 pending-events=0 first-type=0 iman=2 usbsts=0 erdp=573c1730 dequeue=115 command-busy=0 irq-busy=0
xhci: cancelled request slot=5 endpoint=3 completion=26 residual=1
i915: resident shim: ring rewound (idle context)
xhci: cancel slot=5 endpoint=3 pending-events=0 first-type=0 iman=2 usbsts=0 erdp=573c18f0 dequeue=143 command-busy=0 irq-busy=0
xhci: cancelled request slot=5 endpoint=3 completion=26 residual=1
xhci: cancel slot=5 endpoint=3 pending-events=0 first-type=0 iman=2 usbsts=0 erdp=573c1a00 dequeue=160 command-busy=0 irq-busy=0
xhci: cancelled request slot=5 endpoint=3 completion=26 residual=1
xhci: cancel slot=5 endpoint=3 pending-events=0 first-type=0 iman=2 usbsts=0 erdp=573c1a30 dequeue=163 command-busy=0 irq-busy=0
xhci: cancelled request slot=5 endpoint=3 completion=26 residual=1
xhci: cancel slot=5 endpoint=3 pending-events=0 first-type=0 iman=2 usbsts=0 erdp=573c1bc0 dequeue=188 command-busy=0 irq-busy=0
xhci: cancelled request slot=5 endpoint=3 completion=26 residual=1
xhci: cancel slot=5 endpoint=3 pending-events=0 first-type=0 iman=2 usbsts=0 erdp=573c1d90 dequeue=217 command-busy=0 irq-busy=0
xhci: cancelled request slot=5 endpoint=3 completion=26 residual=1
i915: resident shim: ring rewound (idle context)
xhci: cancel slot=5 endpoint=3 pending-events=0 first-type=0 iman=2 usbsts=0 erdp=573c1f10 dequeue=241 command-busy=0 irq-busy=0
xhci: cancelled request slot=5 endpoint=3 completion=26 residual=1
xhci: cancel slot=5 endpoint=3 pending-events=0 first-type=0 iman=2 usbsts=0 erdp=573c1f40 dequeue=244 command-busy=0 irq-busy=0
xhci: cancelled request slot=5 endpoint=3 completion=26 residual=1
xhci: cancel slot=5 endpoint=3 pending-events=0 first-type=0 iman=2 usbsts=0 erdp=573c1190 dequeue=25 command-busy=0 irq-busy=0
xhci: cancelled request slot=5 endpoint=3 completion=26 residual=1
xhci: cancel slot=5 endpoint=3 pending-events=0 first-type=0 iman=2 usbsts=0 erdp=573c11c0 dequeue=28 command-busy=0 irq-busy=0
xhci: cancelled request slot=5 endpoint=3 completion=26 residual=1
xhci: cancel slot=5 endpoint=3 pending-events=0 first-type=0 iman=2 usbsts=0 erdp=573c1210 dequeue=33 command-busy=0 irq-busy=0
xhci: cancelled request slot=5 endpoint=3 completion=26 residual=1
xhci: cancel slot=5 endpoint=3 pending-events=0 first-type=0 iman=2 usbsts=0 erdp=573c1240 dequeue=36 command-busy=0 irq-busy=0
xhci: cancelled request slot=5 endpoint=3 completion=26 residual=1
i915: resident shim: ring rewound (idle context)
xhci: cancel slot=5 endpoint=3 pending-events=0 first-type=0 iman=2 usbsts=0 erdp=573c13c0 dequeue=60 command-busy=0 irq-busy=0
xhci: cancelled request slot=5 endpoint=3 completion=26 residual=1
i915: resident shim: ring rewound (idle context)
xhci: cancel slot=5 endpoint=3 pending-events=0 first-type=0 iman=2 usbsts=0 erdp=573c1580 dequeue=88 command-busy=0 irq-busy=0
xhci: cancelled request slot=5 endpoint=3 completion=26 residual=1
xhci: cancel slot=5 endpoint=3 pending-events=0 first-type=0 iman=2 usbsts=0 erdp=573c1710 dequeue=113 command-busy=0 irq-busy=0
xhci: cancelled request slot=5 endpoint=3 completion=26 residual=1
xhci: cancel slot=5 endpoint=3 pending-events=0 first-type=0 iman=2 usbsts=0 erdp=573c1740 dequeue=116 command-busy=0 irq-busy=0
xhci: cancelled request slot=5 endpoint=3 completion=26 residual=1
xhci: cancel slot=5 endpoint=3 pending-events=0 first-type=0 iman=2 usbsts=0 erdp=573c19d0 dequeue=157 command-busy=0 irq-busy=0
xhci: cancelled request slot=5 endpoint=3 completion=26 residual=1
xhci: cancel slot=5 endpoint=3 pending-events=0 first-type=0 iman=2 usbsts=0 erdp=573c1a00 dequeue=160 command-busy=0 irq-busy=0
xhci: cancelled request slot=5 endpoint=3 completion=26 residual=1
xhci: cancel slot=5 endpoint=3 pending-events=0 first-type=0 iman=2 usbsts=0 erdp=573c1b10 dequeue=177 command-busy=0 irq-busy=0
xhci: cancelled request slot=5 endpoint=3 completion=26 residual=1
i915: resident shim: ring rewound (idle context)
xhci: cancel slot=5 endpoint=3 pending-events=0 first-type=0 iman=2 usbsts=0 erdp=573c1cd0 dequeue=205 command-busy=0 irq-busy=0
xhci: cancelled request slot=5 endpoint=3 completion=26 residual=1
i915: vk: session 1: frames 252 in 5067 ms: per submit 1 runs (0 full) 44 ops (most 100), in submit 5871 us (runs 5766, record 105), between 14239 us
i915: perf: markers 252: wait 0.00 ms, run 0.00 ms
i915: perf: 5067 ms: 126 presents (24.86/s), 252 submits, 252 batches | per submit ms: 5.87 (build 0.11, run 5.76, gpu 5.75) | per present ms: 3.92 (copy 1.10, publish 0.00, flip 1.40)
xhci: cancel slot=5 endpoint=3 pending-events=0 first-type=0 iman=2 usbsts=0 erdp=573c1f10 dequeue=241 command-busy=0 irq-busy=0
xhci: cancelled request slot=5 endpoint=3 completion=26 residual=1
i915: resident shim: ring rewound (idle context)
xhci: cancel slot=5 endpoint=3 pending-events=0 first-type=0 iman=2 usbsts=0 erdp=573c1050 dequeue=5 command-busy=0 irq-busy=0
xhci: cancelled request slot=5 endpoint=3 completion=26 residual=1
xhci: cancel slot=5 endpoint=3 pending-events=0 first-type=0 iman=2 usbsts=0 erdp=573c10a0 dequeue=10 command-busy=0 irq-busy=0
xhci: cancelled request slot=5 endpoint=3 completion=26 residual=1
xhci: cancel slot=5 endpoint=3 pending-events=0 first-type=0 iman=2 usbsts=0 erdp=573c10d0 dequeue=13 command-busy=0 irq-busy=0
xhci: cancelled request slot=5 endpoint=3 completion=26 residual=1
xhci: cancel slot=5 endpoint=3 pending-events=0 first-type=0 iman=2 usbsts=0 erdp=573c1490 dequeue=73 command-busy=0 irq-busy=0
xhci: cancelled request slot=5 endpoint=3 completion=26 residual=1
xhci: cancel slot=5 endpoint=3 pending-events=0 first-type=0 iman=2 usbsts=0 erdp=573c1650 dequeue=101 command-busy=0 irq-busy=0
xhci: cancelled request slot=5 endpoint=3 completion=26 residual=1
xhci: cancel slot=5 endpoint=3 pending-events=0 first-type=0 iman=2 usbsts=0 erdp=573c17b0 dequeue=123 command-busy=0 irq-busy=0
xhci: cancelled request slot=5 endpoint=3 completion=26 residual=1
xhci: cancel slot=5 endpoint=3 pending-events=0 first-type=0 iman=2 usbsts=0 erdp=573c17e0 dequeue=126 command-busy=0 irq-busy=0
xhci: cancelled request slot=5 endpoint=3 completion=26 residual=1
xhci: cancel slot=5 endpoint=3 pending-events=0 first-type=0 iman=2 usbsts=0 erdp=573c1900 dequeue=144 command-busy=0 irq-busy=0
xhci: cancelled request slot=5 endpoint=3 completion=26 residual=1
xhci: cancel slot=5 endpoint=3 pending-events=0 first-type=0 iman=2 usbsts=0 erdp=573c1ac0 dequeue=172 command-busy=0 irq-busy=0
xhci: cancelled request slot=5 endpoint=3 completion=26 residual=1
xhci: cancel slot=5 endpoint=3 pending-events=0 first-type=0 iman=2 usbsts=0 erdp=573c1cb0 dequeue=203 command-busy=0 irq-busy=0
xhci: cancelled request slot=5 endpoint=3 completion=26 residual=1
xhci: cancel slot=5 endpoint=3 pending-events=0 first-type=0 iman=2 usbsts=0 erdp=573c1d00 dequeue=208 command-busy=0 irq-busy=0
xhci: cancelled request slot=5 endpoint=3 completion=26 residual=1
xhci: cancel slot=5 endpoint=3 pending-events=1 first-type=32 iman=2 usbsts=0 erdp=573c1060 dequeue=6 command-busy=0 irq-busy=0
xhci: cancelled request slot=5 endpoint=3 completion=26 residual=1
xhci: cancel slot=5 endpoint=3 pending-events=0 first-type=0 iman=2 usbsts=0 erdp=573c1220 dequeue=34 command-busy=0 irq-busy=0
xhci: cancelled request slot=5 endpoint=3 completion=26 residual=1
i915: resident shim: ring rewound (idle context)
xhci: cancel slot=5 endpoint=3 pending-events=0 first-type=0 iman=2 usbsts=0 erdp=573c1370 dequeue=55 command-busy=0 irq-busy=0
xhci: cancelled request slot=5 endpoint=3 completion=26 residual=1
xhci: cancel slot=5 endpoint=3 pending-events=0 first-type=0 iman=2 usbsts=0 erdp=573c1530 dequeue=83 command-busy=0 irq-busy=0
xhci: cancelled request slot=5 endpoint=3 completion=26 residual=1
xhci: cancel slot=5 endpoint=3 pending-events=0 first-type=0 iman=2 usbsts=0 erdp=573c16b0 dequeue=107 command-busy=0 irq-busy=0
xhci: cancelled request slot=5 endpoint=3 completion=26 residual=1
xhci: cancel slot=5 endpoint=3 pending-events=0 first-type=0 iman=2 usbsts=0 erdp=573c1700 dequeue=112 command-busy=0 irq-busy=0
xhci: cancelled request slot=5 endpoint=3 completion=26 residual=1
xhci: cancel slot=5 endpoint=3 pending-events=0 first-type=0 iman=2 usbsts=0 erdp=573c1810 dequeue=129 command-busy=0 irq-busy=0
xhci: cancelled request slot=5 endpoint=3 completion=26 residual=1
xhci: cancel slot=5 endpoint=3 pending-events=0 first-type=0 iman=2 usbsts=0 erdp=573c1a00 dequeue=160 command-busy=0 irq-busy=0
xhci: cancelled request slot=5 endpoint=3 completion=26 residual=1
i915: perf: markers 110: wait 0.00 ms, run 0.00 ms
i915: perf: 5002 ms: 55 presents (10.99/s), 109 submits, 109 batches | per submit ms: 5.69 (build 0.11, run 5.58, gpu 5.57) | per present ms: 4.16 (copy 1.05, publish 0.00, flip 1.54)
i915: vk: session 1: frames 110 in 5023 ms: per submit 1 runs (0 full) 46 ops (most 100), in submit 5785 us (runs 5674, record 111), between 39879 us
xhci: cancel slot=5 endpoint=3 pending-events=0 first-type=0 iman=2 usbsts=0 erdp=573c1be0 dequeue=190 command-busy=0 irq-busy=0
xhci: cancelled request slot=5 endpoint=3 completion=26 residual=1
i915: resident shim: ring rewound (idle context)
xhci: cancel slot=5 endpoint=3 pending-events=0 first-type=0 iman=2 usbsts=0 erdp=573c1f00 dequeue=240 command-busy=0 irq-busy=0
xhci: cancelled request slot=5 endpoint=3 completion=26 residual=1
xhci: cancel slot=5 endpoint=3 pending-events=0 first-type=0 iman=2 usbsts=0 erdp=573c1f60 dequeue=246 command-busy=0 irq-busy=0
xhci: cancelled request slot=5 endpoint=3 completion=26 residual=1
xhci: cancel slot=5 endpoint=3 pending-events=0 first-type=0 iman=2 usbsts=0 erdp=573c1140 dequeue=20 command-busy=0 irq-busy=0
xhci: cancelled request slot=5 endpoint=3 completion=26 residual=1
xhci: cancel slot=5 endpoint=3 pending-events=0 first-type=0 iman=2 usbsts=0 erdp=573c12c0 dequeue=44 command-busy=0 irq-busy=0
xhci: cancelled request slot=5 endpoint=3 completion=26 residual=1
xhci: cancel slot=5 endpoint=3 pending-events=0 first-type=0 iman=2 usbsts=0 erdp=573c13b0 dequeue=59 command-busy=0 irq-busy=0
xhci: cancelled request slot=5 endpoint=3 completion=26 residual=1
xhci: cancel slot=5 endpoint=3 pending-events=0 first-type=0 iman=2 usbsts=0 erdp=573c1450 dequeue=69 command-busy=0 irq-busy=0
xhci: cancelled request slot=5 endpoint=3 completion=26 residual=1
i915: resident shim: ring rewound (idle context)
xhci: cancel slot=5 endpoint=3 pending-events=0 first-type=0 iman=2 usbsts=0 erdp=573c15b0 dequeue=91 command-busy=0 irq-busy=0
xhci: cancelled request slot=5 endpoint=3 completion=26 residual=1
xhci: cancel slot=5 endpoint=3 pending-events=0 first-type=0 iman=2 usbsts=0 erdp=573c16c0 dequeue=108 command-busy=0 irq-busy=0
xhci: cancelled request slot=5 endpoint=3 completion=26 residual=1
xhci: cancel slot=5 endpoint=3 pending-events=0 first-type=0 iman=2 usbsts=0 erdp=573c1940 dequeue=148 command-busy=0 irq-busy=0
xhci: cancelled request slot=5 endpoint=3 completion=26 residual=1
i915: resident shim: ring rewound (idle context)
xhci: cancel slot=5 endpoint=3 pending-events=0 first-type=0 iman=2 usbsts=0 erdp=573c1b00 dequeue=176 command-busy=0 irq-busy=0
xhci: cancelled request slot=5 endpoint=3 completion=26 residual=1
xhci: cancel slot=5 endpoint=3 pending-events=0 first-type=0 iman=2 usbsts=0 erdp=573c1bb0 dequeue=187 command-busy=0 irq-busy=0
xhci: cancelled request slot=5 endpoint=3 completion=26 residual=1
xhci: cancel slot=5 endpoint=3 pending-events=0 first-type=0 iman=2 usbsts=0 erdp=573c1d20 dequeue=210 command-busy=0 irq-busy=0
xhci: cancelled request slot=5 endpoint=3 completion=26 residual=1
xhci: cancel slot=5 endpoint=3 pending-events=0 first-type=0 iman=2 usbsts=0 erdp=573c1da0 dequeue=218 command-busy=0 irq-busy=0
xhci: cancelled request slot=5 endpoint=3 completion=26 residual=1
xhci: cancel slot=5 endpoint=3 pending-events=0 first-type=0 iman=2 usbsts=0 erdp=573c1dd0 dequeue=221 command-busy=0 irq-busy=0
xhci: cancelled request slot=5 endpoint=3 completion=26 residual=1
xhci: cancel slot=5 endpoint=3 pending-events=0 first-type=0 iman=2 usbsts=0 erdp=573c1e40 dequeue=228 command-busy=0 irq-busy=0
xhci: cancelled request slot=5 endpoint=3 completion=26 residual=1
xhci: cancel slot=5 endpoint=3 pending-events=0 first-type=0 iman=2 usbsts=0 erdp=573c1020 dequeue=2 command-busy=0 irq-busy=0
xhci: cancelled request slot=5 endpoint=3 completion=26 residual=1
xhci: cancel slot=5 endpoint=3 pending-events=0 first-type=0 iman=2 usbsts=0 erdp=573c13e0 dequeue=62 command-busy=0 irq-busy=0
xhci: cancelled request slot=5 endpoint=3 completion=26 residual=1
xhci: cancel slot=5 endpoint=3 pending-events=0 first-type=0 iman=2 usbsts=0 erdp=573c15b0 dequeue=91 command-busy=0 irq-busy=0
xhci: cancelled request slot=5 endpoint=3 completion=26 residual=1
xhci: cancel slot=5 endpoint=3 pending-events=0 first-type=0 iman=2 usbsts=0 erdp=573c1730 dequeue=115 command-busy=0 irq-busy=0
xhci: cancelled request slot=5 endpoint=3 completion=26 residual=1
xhci: cancel slot=5 endpoint=3 pending-events=0 first-type=0 iman=2 usbsts=0 erdp=573c17c0 dequeue=124 command-busy=0 irq-busy=0
xhci: cancelled request slot=5 endpoint=3 completion=26 residual=1
xhci: cancel slot=5 endpoint=3 pending-events=0 first-type=0 iman=2 usbsts=0 erdp=573c1810 dequeue=129 command-busy=0 irq-busy=0
xhci: cancelled request slot=5 endpoint=3 completion=26 residual=1
i915: vk: session 1: frames 118 in 5520 ms: per submit 1 runs (0 full) 45 ops (most 100), in submit 6171 us (runs 6056, record 115), between 40612 us
i915: perf: markers 118: wait 0.00 ms, run 0.00 ms
i915: perf: 5541 ms: 59 presents (10.64/s), 119 submits, 119 batches | per submit ms: 6.28 (build 0.15, run 6.13, gpu 6.12) | per present ms: 3.35 (copy 1.05, publish 0.00, flip 1.14)
xhci: cancel slot=5 endpoint=3 pending-events=0 first-type=0 iman=2 usbsts=0 erdp=573c1900 dequeue=144 command-busy=0 irq-busy=0
xhci: cancelled request slot=5 endpoint=3 completion=26 residual=1
xhci: cancel slot=5 endpoint=3 pending-events=0 first-type=0 iman=2 usbsts=0 erdp=573c1950 dequeue=149 command-busy=0 irq-busy=0
xhci: cancelled request slot=5 endpoint=3 completion=26 residual=1
xhci: cancel slot=5 endpoint=3 pending-events=0 first-type=0 iman=2 usbsts=0 erdp=573c1b20 dequeue=178 command-busy=0 irq-busy=0
xhci: cancelled request slot=5 endpoint=3 completion=26 residual=1
xhci: cancel slot=5 endpoint=3 pending-events=0 first-type=0 iman=2 usbsts=0 erdp=573c1ef0 dequeue=239 command-busy=0 irq-busy=0
xhci: cancelled request slot=5 endpoint=3 completion=26 residual=1
i915: resident shim: ring rewound (idle context)
xhci: cancel slot=5 endpoint=3 pending-events=0 first-type=0 iman=2 usbsts=0 erdp=573c10b0 dequeue=11 command-busy=0 irq-busy=0
xhci: cancelled request slot=5 endpoint=3 completion=26 residual=1
xhci: cancel slot=5 endpoint=3 pending-events=0 first-type=0 iman=2 usbsts=0 erdp=573c1180 dequeue=24 command-busy=0 irq-busy=0
xhci: cancelled request slot=5 endpoint=3 completion=26 residual=1
i915: resident shim: ring rewound (idle context)
xhci: cancel slot=5 endpoint=3 pending-events=0 first-type=0 iman=2 usbsts=0 erdp=573c11f0 dequeue=31 command-busy=0 irq-busy=0
xhci: cancelled request slot=5 endpoint=3 completion=26 residual=1
xhci: cancel slot=5 endpoint=3 pending-events=0 first-type=0 iman=2 usbsts=0 erdp=573c1240 dequeue=36 command-busy=0 irq-busy=0
xhci: cancelled request slot=5 endpoint=3 completion=26 residual=1
xhci: cancel slot=5 endpoint=3 pending-events=0 first-type=0 iman=2 usbsts=0 erdp=573c1270 dequeue=39 command-busy=0 irq-busy=0
xhci: cancelled request slot=5 endpoint=3 completion=26 residual=1
xhci: cancel slot=5 endpoint=3 pending-events=0 first-type=0 iman=2 usbsts=0 erdp=573c12e0 dequeue=46 command-busy=0 irq-busy=0
xhci: cancelled request slot=5 endpoint=3 completion=26 residual=1
xhci: cancel slot=5 endpoint=3 pending-events=0 first-type=0 iman=2 usbsts=0 erdp=573c1310 dequeue=49 command-busy=0 irq-busy=0
xhci: cancelled request slot=5 endpoint=3 completion=26 residual=1
xhci: cancel slot=5 endpoint=3 pending-events=0 first-type=0 iman=2 usbsts=0 erdp=573c17e0 dequeue=126 command-busy=0 irq-busy=0
xhci: cancelled request slot=5 endpoint=3 completion=26 residual=1
xhci: cancel slot=5 endpoint=3 pending-events=0 first-type=0 iman=2 usbsts=0 erdp=573c1810 dequeue=129 command-busy=0 irq-busy=0
xhci: cancelled request slot=5 endpoint=3 completion=26 residual=1
xhci: cancel slot=5 endpoint=3 pending-events=0 first-type=0 iman=2 usbsts=0 erdp=573c1880 dequeue=136 command-busy=0 irq-busy=0
xhci: cancelled request slot=5 endpoint=3 completion=26 residual=1
xhci: cancel slot=5 endpoint=3 pending-events=0 first-type=0 iman=2 usbsts=0 erdp=573c1a60 dequeue=166 command-busy=0 irq-busy=0
xhci: cancelled request slot=5 endpoint=3 completion=26 residual=1
i915: resident shim: ring rewound (idle context)
xhci: cancel slot=5 endpoint=3 pending-events=0 first-type=0 iman=2 usbsts=0 erdp=573c1c50 dequeue=197 command-busy=0 irq-busy=0
xhci: cancelled request slot=5 endpoint=3 completion=26 residual=1
xhci: cancel slot=5 endpoint=3 pending-events=0 first-type=0 iman=2 usbsts=0 erdp=573c1d70 dequeue=215 command-busy=0 irq-busy=0
xhci: cancelled request slot=5 endpoint=3 completion=26 residual=1
xhci: cancel slot=5 endpoint=3 pending-events=0 first-type=0 iman=2 usbsts=0 erdp=573c1de0 dequeue=222 command-busy=0 irq-busy=0
xhci: cancelled request slot=5 endpoint=3 completion=26 residual=1
xhci: cancel slot=5 endpoint=3 pending-events=0 first-type=0 iman=2 usbsts=0 erdp=573c1e10 dequeue=225 command-busy=0 irq-busy=0
xhci: cancelled request slot=5 endpoint=3 completion=26 residual=1
xhci: cancel slot=5 endpoint=3 pending-events=0 first-type=0 iman=2 usbsts=0 erdp=573c1040 dequeue=4 command-busy=0 irq-busy=0
xhci: cancelled request slot=5 endpoint=3 completion=26 residual=1
xhci: cancel slot=5 endpoint=3 pending-events=0 first-type=0 iman=2 usbsts=0 erdp=573c1070 dequeue=7 command-busy=0 irq-busy=0
xhci: cancelled request slot=5 endpoint=3 completion=26 residual=1
xhci: cancel slot=5 endpoint=3 pending-events=0 first-type=0 iman=2 usbsts=0 erdp=573c10e0 dequeue=14 command-busy=0 irq-busy=0
xhci: cancelled request slot=5 endpoint=3 completion=26 residual=1
xhci: cancel slot=5 endpoint=3 pending-events=0 first-type=0 iman=2 usbsts=0 erdp=573c1150 dequeue=21 command-busy=0 irq-busy=0
xhci: cancelled request slot=5 endpoint=3 completion=26 residual=1
xhci: cancel slot=5 endpoint=3 pending-events=0 first-type=0 iman=2 usbsts=0 erdp=573c11a0 dequeue=26 command-busy=0 irq-busy=0
xhci: cancelled request slot=5 endpoint=3 completion=26 residual=1
xhci: cancel slot=5 endpoint=3 pending-events=0 first-type=0 iman=2 usbsts=0 erdp=573c11d0 dequeue=29 command-busy=0 irq-busy=0
xhci: cancelled request slot=5 endpoint=3 completion=26 residual=1
xhci: cancel slot=5 endpoint=3 pending-events=0 first-type=0 iman=2 usbsts=0 erdp=573c1240 dequeue=36 command-busy=0 irq-busy=0
xhci: cancelled request slot=5 endpoint=3 completion=26 residual=1
xhci: cancel slot=5 endpoint=3 pending-events=0 first-type=0 iman=2 usbsts=0 erdp=573c1270 dequeue=39 command-busy=0 irq-busy=0
xhci: cancelled request slot=5 endpoint=3 completion=26 residual=1
xhci: cancel slot=5 endpoint=3 pending-events=0 first-type=0 iman=2 usbsts=0 erdp=573c14a0 dequeue=74 command-busy=0 irq-busy=0
xhci: cancelled request slot=5 endpoint=3 completion=26 residual=1
xhci: cancel slot=5 endpoint=3 pending-events=0 first-type=0 iman=2 usbsts=0 erdp=573c14d0 dequeue=77 command-busy=0 irq-busy=0
xhci: cancelled request slot=5 endpoint=3 completion=26 residual=1
xhci: cancel slot=5 endpoint=3 pending-events=0 first-type=0 iman=2 usbsts=0 erdp=573c1540 dequeue=84 command-busy=0 irq-busy=0
xhci: cancelled request slot=5 endpoint=3 completion=26 residual=1
xhci: cancel slot=5 endpoint=3 pending-events=0 first-type=0 iman=2 usbsts=0 erdp=573c15b0 dequeue=91 command-busy=0 irq-busy=0
xhci: cancelled request slot=5 endpoint=3 completion=26 residual=1
xhci: cancel slot=5 endpoint=3 pending-events=0 first-type=0 iman=2 usbsts=0 erdp=573c1600 dequeue=96 command-busy=0 irq-busy=0
xhci: cancelled request slot=5 endpoint=3 completion=26 residual=1
xhci: cancel slot=5 endpoint=3 pending-events=0 first-type=0 iman=2 usbsts=0 erdp=573c1630 dequeue=99 command-busy=0 irq-busy=0
xhci: cancelled request slot=5 endpoint=3 completion=26 residual=1
xhci: cancel slot=5 endpoint=3 pending-events=0 first-type=0 iman=2 usbsts=0 erdp=573c16a0 dequeue=106 command-busy=0 irq-busy=0
xhci: cancelled request slot=5 endpoint=3 completion=26 residual=1
xhci: cancel slot=5 endpoint=3 pending-events=0 first-type=0 iman=2 usbsts=0 erdp=573c16d0 dequeue=109 command-busy=0 irq-busy=0
xhci: cancelled request slot=5 endpoint=3 completion=26 residual=1
xhci: cancel slot=5 endpoint=3 pending-events=0 first-type=0 iman=2 usbsts=0 erdp=573c1900 dequeue=144 command-busy=0 irq-busy=0
xhci: cancelled request slot=5 endpoint=3 completion=26 residual=1
xhci: cancel slot=5 endpoint=3 pending-events=0 first-type=0 iman=2 usbsts=0 erdp=573c1930 dequeue=147 command-busy=0 irq-busy=0
xhci: cancelled request slot=5 endpoint=3 completion=26 residual=1
xhci: cancel slot=5 endpoint=3 pending-events=0 first-type=0 iman=2 usbsts=0 erdp=573c19a0 dequeue=154 command-busy=0 irq-busy=0
xhci: cancelled request slot=5 endpoint=3 completion=26 residual=1
xhci: cancel slot=5 endpoint=3 pending-events=0 first-type=0 iman=2 usbsts=0 erdp=573c1a10 dequeue=161 command-busy=0 irq-busy=0
xhci: cancelled request slot=5 endpoint=3 completion=26 residual=1
xhci: cancel slot=5 endpoint=3 pending-events=0 first-type=0 iman=2 usbsts=0 erdp=573c1a60 dequeue=166 command-busy=0 irq-busy=0
xhci: cancelled request slot=5 endpoint=3 completion=26 residual=1
xhci: cancel slot=5 endpoint=3 pending-events=0 first-type=0 iman=2 usbsts=0 erdp=573c1a90 dequeue=169 command-busy=0 irq-busy=0
xhci: cancelled request slot=5 endpoint=3 completion=26 residual=1
xhci: cancel slot=5 endpoint=3 pending-events=0 first-type=0 iman=2 usbsts=0 erdp=573c1b00 dequeue=176 command-busy=0 irq-busy=0
xhci: cancelled request slot=5 endpoint=3 completion=26 residual=1
i915: vk: session 1: frames 156 in 10740 ms: per submit 1 runs (0 full) 45 ops (most 105), in submit 5972 us (runs 5857, record 115), between 62879 us
i915: perf: markers 158: wait 0.04 ms, run 0.00 ms
i915: perf: 10740 ms: 78 presents (7.26/s), 158 submits, 158 batches | per submit ms: 6.01 (build 0.12, run 5.88, gpu 5.77) | per present ms: 3.61 (copy 1.02, publish 0.00, flip 1.27)
xhci: cancel slot=5 endpoint=3 pending-events=0 first-type=0 iman=2 usbsts=0 erdp=573c1b90 dequeue=185 command-busy=0 irq-busy=0
xhci: cancelled request slot=5 endpoint=3 completion=26 residual=1
xhci: cancel slot=5 endpoint=3 pending-events=0 first-type=0 iman=2 usbsts=0 erdp=573c1f50 dequeue=245 command-busy=0 irq-busy=0
xhci: cancelled request slot=5 endpoint=3 completion=26 residual=1
i915: resident shim: ring rewound (idle context)
xhci: cancel slot=5 endpoint=3 pending-events=0 first-type=0 iman=2 usbsts=0 erdp=573c1110 dequeue=17 command-busy=0 irq-busy=0
xhci: cancelled request slot=5 endpoint=3 completion=26 residual=1
xhci: cancel slot=5 endpoint=3 pending-events=0 first-type=0 iman=2 usbsts=0 erdp=573c1320 dequeue=50 command-busy=0 irq-busy=0
xhci: cancelled request slot=5 endpoint=3 completion=26 residual=1
i915: resident shim: ring rewound (idle context)
xhci: cancel slot=5 endpoint=3 pending-events=0 first-type=0 iman=2 usbsts=0 erdp=573c1430 dequeue=67 command-busy=0 irq-busy=0
xhci: cancelled request slot=5 endpoint=3 completion=26 residual=1
xhci: cancel slot=5 endpoint=3 pending-events=0 first-type=0 iman=2 usbsts=0 erdp=573c1480 dequeue=72 command-busy=0 irq-busy=0
xhci: cancelled request slot=5 endpoint=3 completion=26 residual=1
xhci: cancel slot=5 endpoint=3 pending-events=0 first-type=0 iman=2 usbsts=0 erdp=573c1600 dequeue=96 command-busy=0 irq-busy=0
xhci: cancelled request slot=5 endpoint=3 completion=26 residual=1
i915: resident shim: ring rewound (idle context)
xhci: cancel slot=5 endpoint=3 pending-events=0 first-type=0 iman=2 usbsts=0 erdp=573c1800 dequeue=128 command-busy=0 irq-busy=0
xhci: cancelled request slot=5 endpoint=3 completion=26 residual=1
xhci: cancel slot=5 endpoint=3 pending-events=0 first-type=0 iman=2 usbsts=0 erdp=573c1950 dequeue=149 command-busy=0 irq-busy=0
xhci: cancelled request slot=5 endpoint=3 completion=26 residual=1
xhci: cancel slot=5 endpoint=3 pending-events=0 first-type=0 iman=2 usbsts=0 erdp=573c1e20 dequeue=226 command-busy=0 irq-busy=0
xhci: cancelled request slot=5 endpoint=3 completion=26 residual=1
xhci: cancel slot=5 endpoint=3 pending-events=0 first-type=0 iman=2 usbsts=0 erdp=573c1e80 dequeue=232 command-busy=0 irq-busy=0
xhci: cancelled request slot=5 endpoint=3 completion=26 residual=1
xhci: cancel slot=5 endpoint=3 pending-events=0 first-type=0 iman=2 usbsts=0 erdp=573c1080 dequeue=8 command-busy=0 irq-busy=0
xhci: cancelled request slot=5 endpoint=3 completion=26 residual=1
xhci: cancel slot=5 endpoint=3 pending-events=0 first-type=0 iman=2 usbsts=0 erdp=573c1290 dequeue=41 command-busy=0 irq-busy=0
xhci: cancelled request slot=5 endpoint=3 completion=26 residual=1
xhci: cancel slot=5 endpoint=3 pending-events=0 first-type=0 iman=2 usbsts=0 erdp=573c1470 dequeue=71 command-busy=0 irq-busy=0
xhci: cancelled request slot=5 endpoint=3 completion=26 residual=1
xhci: cancel slot=5 endpoint=3 pending-events=0 first-type=0 iman=2 usbsts=0 erdp=573c1630 dequeue=99 command-busy=0 irq-busy=0
xhci: cancelled request slot=5 endpoint=3 completion=26 residual=1
xhci: cancel slot=5 endpoint=3 pending-events=0 first-type=0 iman=2 usbsts=0 erdp=573c16a0 dequeue=106 command-busy=0 irq-busy=0
xhci: cancelled request slot=5 endpoint=3 completion=26 residual=1
xhci: cancel slot=5 endpoint=3 pending-events=0 first-type=0 iman=2 usbsts=0 erdp=573c1820 dequeue=130 command-busy=0 irq-busy=0
xhci: cancelled request slot=5 endpoint=3 completion=26 residual=1
xhci: cancel slot=5 endpoint=3 pending-events=0 first-type=0 iman=2 usbsts=0 erdp=573c1b60 dequeue=182 command-busy=0 irq-busy=0
xhci: cancelled request slot=5 endpoint=3 completion=26 residual=1
xhci: cancel slot=5 endpoint=3 pending-events=0 first-type=0 iman=2 usbsts=0 erdp=573c1c30 dequeue=195 command-busy=0 irq-busy=0
xhci: cancelled request slot=5 endpoint=3 completion=26 residual=1
xhci: cancel slot=5 endpoint=3 pending-events=0 first-type=0 iman=2 usbsts=0 erdp=573c1e30 dequeue=227 command-busy=0 irq-busy=0
xhci: cancelled request slot=5 endpoint=3 completion=26 residual=1
xhci: cancel slot=5 endpoint=3 pending-events=0 first-type=0 iman=2 usbsts=0 erdp=573c1040 dequeue=4 command-busy=0 irq-busy=0
xhci: cancelled request slot=5 endpoint=3 completion=26 residual=1
xhci: cancel slot=5 endpoint=3 pending-events=0 first-type=0 iman=2 usbsts=0 erdp=573c10f0 dequeue=15 command-busy=0 irq-busy=0
xhci: cancelled request slot=5 endpoint=3 completion=26 residual=1
i915: vk: session 1: frames 166 in 5557 ms: per submit 1 runs (0 full) 53 ops (most 105), in submit 6989 us (runs 6792, record 197), between 26491 us
i915: perf: markers 168: wait 0.00 ms, run 0.00 ms
i915: perf: 5557 ms: 83 presents (14.93/s), 168 submits, 168 batches | per submit ms: 6.92 (build 0.20, run 6.71, gpu 6.70) | per present ms: 2.87 (copy 0.90, publish 0.00, flip 0.96)
xhci: cancel slot=5 endpoint=3 pending-events=0 first-type=0 iman=2 usbsts=0 erdp=573c1180 dequeue=24 command-busy=0 irq-busy=0
xhci: cancelled request slot=5 endpoint=3 completion=26 residual=1
i915: resident shim: ring rewound (idle context)
xhci: cancel slot=5 endpoint=3 pending-events=0 first-type=0 iman=2 usbsts=0 erdp=573c1380 dequeue=56 command-busy=0 irq-busy=0
xhci: cancelled request slot=5 endpoint=3 completion=26 residual=1
i915: resident shim: ring rewound (idle context)
xhci: cancel slot=5 endpoint=3 pending-events=0 first-type=0 iman=2 usbsts=0 erdp=573c1540 dequeue=84 command-busy=0 irq-busy=0
xhci: cancelled request slot=5 endpoint=3 completion=26 residual=1
i915: resident shim: ring rewound (idle context)
xhci: cancel slot=5 endpoint=3 pending-events=0 first-type=0 iman=2 usbsts=0 erdp=573c1910 dequeue=145 command-busy=0 irq-busy=0
xhci: cancelled request slot=5 endpoint=3 completion=26 residual=1
xhci: cancel slot=5 endpoint=3 pending-events=0 first-type=0 iman=2 usbsts=0 erdp=573c1ad0 dequeue=173 command-busy=0 irq-busy=0
xhci: cancelled request slot=5 endpoint=3 completion=26 residual=1
xhci: cancel slot=5 endpoint=3 pending-events=0 first-type=0 iman=2 usbsts=0 erdp=573c1bc0 dequeue=188 command-busy=0 irq-busy=0
xhci: cancelled request slot=5 endpoint=3 completion=26 residual=1
xhci: cancel slot=5 endpoint=3 pending-events=0 first-type=0 iman=2 usbsts=0 erdp=573c1c30 dequeue=195 command-busy=0 irq-busy=0
xhci: cancelled request slot=5 endpoint=3 completion=26 residual=1
xhci: cancel slot=5 endpoint=3 pending-events=0 first-type=0 iman=2 usbsts=0 erdp=573c1cb0 dequeue=203 command-busy=0 irq-busy=0
xhci: cancelled request slot=5 endpoint=3 completion=26 residual=1
i915: resident shim: ring rewound (idle context)
xhci: cancel slot=5 endpoint=3 pending-events=0 first-type=0 iman=2 usbsts=0 erdp=573c1e80 dequeue=232 command-busy=0 irq-busy=0
xhci: cancelled request slot=5 endpoint=3 completion=26 residual=1
i915: resident shim: ring rewound (idle context)
xhci: cancel slot=5 endpoint=3 pending-events=0 first-type=0 iman=2 usbsts=0 erdp=573c1080 dequeue=8 command-busy=0 irq-busy=0
xhci: cancelled request slot=5 endpoint=3 completion=26 residual=1
xhci: cancel slot=5 endpoint=3 pending-events=0 first-type=0 iman=2 usbsts=0 erdp=573c10c0 dequeue=12 command-busy=0 irq-busy=0
xhci: cancelled request slot=5 endpoint=3 completion=26 residual=1
xhci: cancel slot=5 endpoint=3 pending-events=1 first-type=32 iman=2 usbsts=0 erdp=573c12e0 dequeue=46 command-busy=0 irq-busy=0
xhci: cancelled request slot=5 endpoint=3 completion=26 residual=1
xhci: cancel slot=5 endpoint=3 pending-events=0 first-type=0 iman=2 usbsts=0 erdp=573c1320 dequeue=50 command-busy=0 irq-busy=0
xhci: cancelled request slot=5 endpoint=3 completion=26 residual=1
xhci: cancel slot=5 endpoint=3 pending-events=0 first-type=0 iman=2 usbsts=0 erdp=573c1430 dequeue=67 command-busy=0 irq-busy=0
xhci: cancelled request slot=5 endpoint=3 completion=26 residual=1
i915: resident shim: ring rewound (idle context)
xhci: cancel slot=5 endpoint=3 pending-events=0 first-type=0 iman=2 usbsts=0 erdp=573c1640 dequeue=100 command-busy=0 irq-busy=0
xhci: cancelled request slot=5 endpoint=3 completion=26 residual=1
xhci: cancel slot=5 endpoint=3 pending-events=0 first-type=0 iman=2 usbsts=0 erdp=573c1820 dequeue=130 command-busy=0 irq-busy=0
xhci: cancelled request slot=5 endpoint=3 completion=26 residual=1
i915: resident shim: ring rewound (idle context)
xhci: cancel slot=5 endpoint=3 pending-events=0 first-type=0 iman=2 usbsts=0 erdp=573c19c0 dequeue=156 command-busy=0 irq-busy=0
xhci: cancelled request slot=5 endpoint=3 completion=26 residual=1
xhci: cancel slot=5 endpoint=3 pending-events=0 first-type=0 iman=2 usbsts=0 erdp=573c1a30 dequeue=163 command-busy=0 irq-busy=0
xhci: cancelled request slot=5 endpoint=3 completion=26 residual=1
xhci: cancel slot=5 endpoint=3 pending-events=0 first-type=0 iman=2 usbsts=0 erdp=573c1ab0 dequeue=171 command-busy=0 irq-busy=0
xhci: cancelled request slot=5 endpoint=3 completion=26 residual=1
i915: resident shim: ring rewound (idle context)
xhci: cancel slot=5 endpoint=3 pending-events=1 first-type=32 iman=2 usbsts=0 erdp=573c1db0 dequeue=219 command-busy=0 irq-busy=0
xhci: cancelled request slot=5 endpoint=3 completion=26 residual=1
i915: resident shim: ring rewound (idle context)
i915: vk: session 1: frames 362 in 5008 ms: per submit 1 runs (0 full) 53 ops (most 105), in submit 6631 us (runs 6418, record 212), between 7203 us
i915: perf: markers 374: wait 0.03 ms, run 0.00 ms
i915: perf: 5008 ms: 181 presents (36.14/s), 374 submits, 374 batches | per submit ms: 6.48 (build 0.21, run 6.27, gpu 6.21) | per present ms: 2.89 (copy 0.93, publish 0.00, flip 0.94)
xhci: cancel slot=5 endpoint=3 pending-events=0 first-type=0 iman=2 usbsts=0 erdp=573c12d0 dequeue=45 command-busy=0 irq-busy=0
xhci: cancelled request slot=5 endpoint=3 completion=26 residual=1
xhci: cancel slot=5 endpoint=3 pending-events=0 first-type=0 iman=2 usbsts=0 erdp=573c14d0 dequeue=77 command-busy=0 irq-busy=0
xhci: cancelled request slot=5 endpoint=3 completion=26 residual=1
i915: resident shim: ring rewound (idle context)
xhci: cancel slot=5 endpoint=3 pending-events=0 first-type=0 iman=2 usbsts=0 erdp=573c16e0 dequeue=110 command-busy=0 irq-busy=0
xhci: cancelled request slot=5 endpoint=3 completion=26 residual=1
xhci: cancel slot=5 endpoint=3 pending-events=0 first-type=0 iman=2 usbsts=0 erdp=573c18c0 dequeue=140 command-busy=0 irq-busy=0
xhci: cancelled request slot=5 endpoint=3 completion=26 residual=1
i915: resident shim: ring rewound (idle context)
xhci: cancel slot=5 endpoint=3 pending-events=0 first-type=0 iman=2 usbsts=0 erdp=573c1a80 dequeue=168 command-busy=0 irq-busy=0
xhci: cancelled request slot=5 endpoint=3 completion=26 residual=1
i915: resident shim: ring rewound (idle context)
xhci: cancel slot=5 endpoint=3 pending-events=0 first-type=0 iman=2 usbsts=0 erdp=573c1c80 dequeue=200 command-busy=0 irq-busy=0
xhci: cancelled request slot=5 endpoint=3 completion=26 residual=1
xhci: cancel slot=5 endpoint=3 pending-events=0 first-type=0 iman=2 usbsts=0 erdp=573c1cf0 dequeue=207 command-busy=0 irq-busy=0
xhci: cancelled request slot=5 endpoint=3 completion=26 residual=1
xhci: cancel slot=5 endpoint=3 pending-events=0 first-type=0 iman=2 usbsts=0 erdp=573c1d40 dequeue=212 command-busy=0 irq-busy=0
xhci: cancelled request slot=5 endpoint=3 completion=26 residual=1
xhci: cancel slot=5 endpoint=3 pending-events=0 first-type=0 iman=2 usbsts=0 erdp=573c10a0 dequeue=10 command-busy=0 irq-busy=0
xhci: cancelled request slot=5 endpoint=3 completion=26 residual=1
xhci: cancel slot=5 endpoint=3 pending-events=0 first-type=0 iman=2 usbsts=0 erdp=573c12a0 dequeue=42 command-busy=0 irq-busy=0
xhci: cancelled request slot=5 endpoint=3 completion=26 residual=1
xhci: cancel slot=5 endpoint=3 pending-events=0 first-type=0 iman=2 usbsts=0 erdp=573c13a0 dequeue=58 command-busy=0 irq-busy=0
xhci: cancelled request slot=5 endpoint=3 completion=26 residual=1
xhci: cancel slot=5 endpoint=3 pending-events=0 first-type=0 iman=2 usbsts=0 erdp=573c1430 dequeue=67 command-busy=0 irq-busy=0
xhci: cancelled request slot=5 endpoint=3 completion=26 residual=1
xhci: cancel slot=5 endpoint=3 pending-events=0 first-type=0 iman=2 usbsts=0 erdp=573c15f0 dequeue=95 command-busy=0 irq-busy=0
xhci: cancelled request slot=5 endpoint=3 completion=26 residual=1
i915: resident shim: ring rewound (idle context)
xhci: cancel slot=5 endpoint=3 pending-events=0 first-type=0 iman=2 usbsts=0 erdp=573c17f0 dequeue=127 command-busy=0 irq-busy=0
xhci: cancelled request slot=5 endpoint=3 completion=26 residual=1
i915: resident shim: ring rewound (idle context)
xhci: cancel slot=5 endpoint=3 pending-events=0 first-type=0 iman=2 usbsts=0 erdp=573c19c0 dequeue=156 command-busy=0 irq-busy=0
xhci: cancelled request slot=5 endpoint=3 completion=26 residual=1
i915: resident shim: ring rewound (idle context)
xhci: cancel slot=5 endpoint=3 pending-events=0 first-type=0 iman=2 usbsts=0 erdp=573c1ba0 dequeue=186 command-busy=0 irq-busy=0
xhci: cancelled request slot=5 endpoint=3 completion=26 residual=1
xhci: cancel slot=5 endpoint=3 pending-events=0 first-type=0 iman=2 usbsts=0 erdp=573c1f00 dequeue=240 command-busy=0 irq-busy=0
xhci: cancelled request slot=5 endpoint=3 completion=26 residual=1
xhci: cancel slot=5 endpoint=3 pending-events=0 first-type=0 iman=2 usbsts=0 erdp=573c1f70 dequeue=247 command-busy=0 irq-busy=0
xhci: cancelled request slot=5 endpoint=3 completion=26 residual=1
xhci: cancel slot=5 endpoint=3 pending-events=0 first-type=0 iman=2 usbsts=0 erdp=573c1010 dequeue=1 command-busy=0 irq-busy=0
xhci: cancelled request slot=5 endpoint=3 completion=26 residual=1
xhci: cancel slot=5 endpoint=3 pending-events=0 first-type=0 iman=2 usbsts=0 erdp=573c1200 dequeue=32 command-busy=0 irq-busy=0
xhci: cancelled request slot=5 endpoint=3 completion=26 residual=1
xhci: cancel slot=5 endpoint=3 pending-events=0 first-type=0 iman=2 usbsts=0 erdp=573c13c0 dequeue=60 command-busy=0 irq-busy=0
xhci: cancelled request slot=5 endpoint=3 completion=26 residual=1
xhci: cancel slot=5 endpoint=3 pending-events=0 first-type=0 iman=2 usbsts=0 erdp=573c15c0 dequeue=92 command-busy=0 irq-busy=0
xhci: cancelled request slot=5 endpoint=3 completion=26 residual=1
xhci: cancel slot=5 endpoint=3 pending-events=0 first-type=0 iman=2 usbsts=0 erdp=573c1690 dequeue=105 command-busy=0 irq-busy=0
xhci: cancelled request slot=5 endpoint=3 completion=26 residual=1
xhci: cancel slot=5 endpoint=3 pending-events=0 first-type=0 iman=2 usbsts=0 erdp=573c16e0 dequeue=110 command-busy=0 irq-busy=0
xhci: cancelled request slot=5 endpoint=3 completion=26 residual=1
i915: vk: session 1: frames 342 in 5912 ms: per submit 1 runs (0 full) 53 ops (most 105), in submit 7021 us (runs 6793, record 228), between 10265 us
i915: perf: markers 350: wait 0.00 ms, run 0.01 ms
i915: perf: 5912 ms: 171 presents (28.92/s), 350 submits, 350 batches | per submit ms: 6.87 (build 0.22, run 6.64, gpu 6.64) | per present ms: 1.92 (copy 0.99, publish 0.00, flip 0.44)
xhci: cancel slot=5 endpoint=3 pending-events=0 first-type=0 iman=2 usbsts=0 erdp=573c1a80 dequeue=168 command-busy=0 irq-busy=0
xhci: cancelled request slot=5 endpoint=3 completion=26 residual=1
xhci: cancel slot=5 endpoint=3 pending-events=0 first-type=0 iman=2 usbsts=0 erdp=573c1c80 dequeue=200 command-busy=0 irq-busy=0
xhci: cancelled request slot=5 endpoint=3 completion=26 residual=1
xhci: cancel slot=5 endpoint=3 pending-events=0 first-type=0 iman=2 usbsts=0 erdp=573c1e80 dequeue=232 command-busy=0 irq-busy=0
xhci: cancelled request slot=5 endpoint=3 completion=26 residual=1
xhci: cancel slot=5 endpoint=3 pending-events=0 first-type=0 iman=2 usbsts=0 erdp=573c1eb0 dequeue=235 command-busy=0 irq-busy=0
xhci: cancelled request slot=5 endpoint=3 completion=26 residual=1
xhci: cancel slot=5 endpoint=3 pending-events=0 first-type=0 iman=2 usbsts=0 erdp=573c1f00 dequeue=240 command-busy=0 irq-busy=0
xhci: cancelled request slot=5 endpoint=3 completion=26 residual=1
xhci: cancel slot=5 endpoint=3 pending-events=0 first-type=0 iman=2 usbsts=0 erdp=573c1f50 dequeue=245 command-busy=0 irq-busy=0
xhci: cancelled request slot=5 endpoint=3 completion=26 residual=1
xhci: cancel slot=5 endpoint=3 pending-events=0 first-type=0 iman=2 usbsts=0 erdp=573c1130 dequeue=19 command-busy=0 irq-busy=0
xhci: cancelled request slot=5 endpoint=3 completion=26 residual=1
xhci: cancel slot=5 endpoint=3 pending-events=0 first-type=0 iman=2 usbsts=0 erdp=573c12b0 dequeue=43 command-busy=0 irq-busy=0
xhci: cancelled request slot=5 endpoint=3 completion=26 residual=1
xhci: cancel slot=5 endpoint=3 pending-events=0 first-type=0 iman=2 usbsts=0 erdp=573c14e0 dequeue=78 command-busy=0 irq-busy=0
xhci: cancelled request slot=5 endpoint=3 completion=26 residual=1
xhci: cancel slot=5 endpoint=3 pending-events=0 first-type=0 iman=2 usbsts=0 erdp=573c1530 dequeue=83 command-busy=0 irq-busy=0
xhci: cancelled request slot=5 endpoint=3 completion=26 residual=1
xhci: cancel slot=5 endpoint=3 pending-events=0 first-type=0 iman=2 usbsts=0 erdp=573c15c0 dequeue=92 command-busy=0 irq-busy=0
xhci: cancelled request slot=5 endpoint=3 completion=26 residual=1
i915: resident shim: ring rewound (idle context)
xhci: cancel slot=5 endpoint=3 pending-events=0 first-type=0 iman=2 usbsts=0 erdp=573c1720 dequeue=114 command-busy=0 irq-busy=0
xhci: cancelled request slot=5 endpoint=3 completion=26 residual=1
xhci: cancel slot=5 endpoint=3 pending-events=0 first-type=0 iman=2 usbsts=0 erdp=573c1890 dequeue=137 command-busy=0 irq-busy=0
xhci: cancelled request slot=5 endpoint=3 completion=26 residual=1
xhci: cancel slot=5 endpoint=3 pending-events=0 first-type=0 iman=2 usbsts=0 erdp=573c18e0 dequeue=142 command-busy=0 irq-busy=0
xhci: cancelled request slot=5 endpoint=3 completion=26 residual=1
xhci: cancel slot=5 endpoint=3 pending-events=0 first-type=0 iman=2 usbsts=0 erdp=573c1a20 dequeue=162 command-busy=0 irq-busy=0
xhci: cancelled request slot=5 endpoint=3 completion=26 residual=1
xhci: cancel slot=5 endpoint=3 pending-events=0 first-type=0 iman=2 usbsts=0 erdp=573c1be0 dequeue=190 command-busy=0 irq-busy=0
xhci: cancelled request slot=5 endpoint=3 completion=26 residual=1
xhci: cancel slot=5 endpoint=3 pending-events=0 first-type=0 iman=2 usbsts=0 erdp=573c11d0 dequeue=29 command-busy=0 irq-busy=0
xhci: cancelled request slot=5 endpoint=3 completion=26 residual=1
xhci: cancel slot=5 endpoint=3 pending-events=0 first-type=0 iman=2 usbsts=0 erdp=573c1270 dequeue=39 command-busy=0 irq-busy=0
xhci: cancelled request slot=5 endpoint=3 completion=26 residual=1
xhci: cancel slot=5 endpoint=3 pending-events=0 first-type=0 iman=2 usbsts=0 erdp=573c14a0 dequeue=74 command-busy=0 irq-busy=0
xhci: cancelled request slot=5 endpoint=3 completion=26 residual=1
xhci: cancel slot=5 endpoint=3 pending-events=0 first-type=0 iman=2 usbsts=0 erdp=573c1580 dequeue=88 command-busy=0 irq-busy=0
xhci: cancelled request slot=5 endpoint=3 completion=26 residual=1
i915: perf: markers 18: wait 0.00 ms, run 0.00 ms
i915: perf: 5167 ms: 9 presents (1.74/s), 18 submits, 18 batches | per submit ms: 8.45 (build 0.14, run 8.30, gpu 8.29) | per present ms: 1.35 (copy 0.83, publish 0.00, flip 0.25)
xhci: cancel slot=5 endpoint=3 pending-events=0 first-type=0 iman=2 usbsts=0 erdp=573c16d0 dequeue=109 command-busy=0 irq-busy=0
xhci: cancelled request slot=5 endpoint=3 completion=26 residual=1
i915: resident shim: ring rewound (idle context)
xhci: cancel slot=5 endpoint=3 pending-events=0 first-type=0 iman=2 usbsts=0 erdp=573c1770 dequeue=119 command-busy=0 irq-busy=0
xhci: cancelled request slot=5 endpoint=3 completion=26 residual=1
xhci: cancel slot=5 endpoint=3 pending-events=0 first-type=0 iman=2 usbsts=0 erdp=573c18d0 dequeue=141 command-busy=0 irq-busy=0
xhci: cancelled request slot=5 endpoint=3 completion=26 residual=1
xhci: cancel slot=5 endpoint=3 pending-events=0 first-type=0 iman=2 usbsts=0 erdp=573c1970 dequeue=151 command-busy=0 irq-busy=0
xhci: cancelled request slot=5 endpoint=3 completion=26 residual=1
xhci: cancel slot=5 endpoint=3 pending-events=0 first-type=0 iman=2 usbsts=0 erdp=573c1c50 dequeue=197 command-busy=0 irq-busy=0
xhci: cancelled request slot=5 endpoint=3 completion=26 residual=1
i915: resident shim: ring rewound (idle context)
xhci: cancel slot=5 endpoint=3 pending-events=0 first-type=0 iman=2 usbsts=0 erdp=573c1e10 dequeue=225 command-busy=0 irq-busy=0
xhci: cancelled request slot=5 endpoint=3 completion=26 residual=1
xhci: cancel slot=5 endpoint=3 pending-events=0 first-type=0 iman=2 usbsts=0 erdp=573c1fc0 dequeue=252 command-busy=0 irq-busy=0
xhci: cancelled request slot=5 endpoint=3 completion=26 residual=1
xhci: cancel slot=5 endpoint=3 pending-events=0 first-type=0 iman=2 usbsts=0 erdp=573c1000 dequeue=0 command-busy=0 irq-busy=0
xhci: cancelled request slot=5 endpoint=3 completion=26 residual=1
xhci: cancel slot=5 endpoint=3 pending-events=0 first-type=0 iman=2 usbsts=0 erdp=573c1210 dequeue=33 command-busy=0 irq-busy=0
xhci: cancelled request slot=5 endpoint=3 completion=26 residual=1
xhci: cancel slot=5 endpoint=3 pending-events=0 first-type=0 iman=2 usbsts=0 erdp=573c1300 dequeue=48 command-busy=0 irq-busy=0
xhci: cancelled request slot=5 endpoint=3 completion=26 residual=1
xhci: cancel slot=5 endpoint=3 pending-events=0 first-type=0 iman=2 usbsts=0 erdp=573c1360 dequeue=54 command-busy=0 irq-busy=0
xhci: cancelled request slot=5 endpoint=3 completion=26 residual=1
xhci: cancel slot=5 endpoint=3 pending-events=0 first-type=0 iman=2 usbsts=0 erdp=573c1520 dequeue=82 command-busy=0 irq-busy=0
xhci: cancelled request slot=5 endpoint=3 completion=26 residual=1
xhci: cancel slot=5 endpoint=3 pending-events=0 first-type=0 iman=2 usbsts=0 erdp=573c1910 dequeue=145 command-busy=0 irq-busy=0
xhci: cancelled request slot=5 endpoint=3 completion=26 residual=1
xhci: cancel slot=5 endpoint=3 pending-events=0 first-type=0 iman=2 usbsts=0 erdp=573c1a30 dequeue=163 command-busy=0 irq-busy=0
xhci: cancelled request slot=5 endpoint=3 completion=26 residual=1
xhci: cancel slot=5 endpoint=3 pending-events=0 first-type=0 iman=2 usbsts=0 erdp=573c1ac0 dequeue=172 command-busy=0 irq-busy=0
xhci: cancelled request slot=5 endpoint=3 completion=26 residual=1
xhci: cancel slot=5 endpoint=3 pending-events=0 first-type=0 iman=2 usbsts=0 erdp=573c1c40 dequeue=196 command-busy=0 irq-busy=0
xhci: cancelled request slot=5 endpoint=3 completion=26 residual=1
i915: resident shim: ring rewound (idle context)
xhci: cancel slot=5 endpoint=3 pending-events=0 first-type=0 iman=2 usbsts=0 erdp=573c1e50 dequeue=229 command-busy=0 irq-busy=0
xhci: cancelled request slot=5 endpoint=3 completion=26 residual=1
xhci: cancel slot=5 endpoint=3 pending-events=0 first-type=0 iman=2 usbsts=0 erdp=573c1010 dequeue=1 command-busy=0 irq-busy=0
xhci: cancelled request slot=5 endpoint=3 completion=26 residual=1
i915: resident shim: ring rewound (idle context)
xhci: cancel slot=5 endpoint=3 pending-events=0 first-type=0 iman=2 usbsts=0 erdp=573c11f0 dequeue=31 command-busy=0 irq-busy=0
xhci: cancelled request slot=5 endpoint=3 completion=26 residual=1
xhci: cancel slot=5 endpoint=3 pending-events=0 first-type=0 iman=2 usbsts=0 erdp=573c1280 dequeue=40 command-busy=0 irq-busy=0
xhci: cancelled request slot=5 endpoint=3 completion=26 residual=1
xhci: cancel slot=5 endpoint=3 pending-events=0 first-type=0 iman=2 usbsts=0 erdp=573c14d0 dequeue=77 command-busy=0 irq-busy=0
xhci: cancelled request slot=5 endpoint=3 completion=26 residual=1
xhci: cancel slot=5 endpoint=3 pending-events=0 first-type=0 iman=2 usbsts=0 erdp=573c1500 dequeue=80 command-busy=0 irq-busy=0
xhci: cancelled request slot=5 endpoint=3 completion=26 residual=1
xhci: cancel slot=5 endpoint=3 pending-events=0 first-type=0 iman=2 usbsts=0 erdp=573c1590 dequeue=89 command-busy=0 irq-busy=0
xhci: cancelled request slot=5 endpoint=3 completion=26 residual=1
xhci: cancel slot=5 endpoint=3 pending-events=0 first-type=0 iman=2 usbsts=0 erdp=573c15c0 dequeue=92 command-busy=0 irq-busy=0
xhci: cancelled request slot=5 endpoint=3 completion=26 residual=1
i915: resident shim: ring rewound (idle context)
i915: vk: session 1: frames 204 in 5958 ms: per submit 1 runs (0 full) 53 ops (most 105), in submit 7143 us (runs 6961, record 181), between 22064 us
i915: perf: markers 218: wait 0.03 ms, run 0.00 ms
i915: perf: 5960 ms: 102 presents (17.11/s), 218 submits, 218 batches | per submit ms: 6.79 (build 0.18, run 6.60, gpu 6.55) | per present ms: 2.61 (copy 0.87, publish 0.00, flip 0.80)
xhci: cancel slot=5 endpoint=3 pending-events=0 first-type=0 iman=2 usbsts=0 erdp=573c17b0 dequeue=123 command-busy=0 irq-busy=0
xhci: cancelled request slot=5 endpoint=3 completion=26 residual=1
xhci: cancel slot=5 endpoint=3 pending-events=0 first-type=0 iman=2 usbsts=0 erdp=573c1980 dequeue=152 command-busy=0 irq-busy=0
xhci: cancelled request slot=5 endpoint=3 completion=26 residual=1
xhci: cancel slot=5 endpoint=3 pending-events=0 first-type=0 iman=2 usbsts=0 erdp=573c1b60 dequeue=182 command-busy=0 irq-busy=0
xhci: cancelled request slot=5 endpoint=3 completion=26 residual=1
i915: resident shim: ring rewound (idle context)
xhci: cancel slot=5 endpoint=3 pending-events=0 first-type=0 iman=2 usbsts=0 erdp=573c1d20 dequeue=210 command-busy=0 irq-busy=0
xhci: cancelled request slot=5 endpoint=3 completion=26 residual=1
i915: resident shim: ring rewound (idle context)
xhci: cancel slot=5 endpoint=3 pending-events=0 first-type=0 iman=2 usbsts=0 erdp=573c13a0 dequeue=58 command-busy=0 irq-busy=0
xhci: cancelled request slot=5 endpoint=3 completion=26 residual=1
i915: resident shim: ring rewound (idle context)
xhci: cancel slot=5 endpoint=3 pending-events=0 first-type=0 iman=2 usbsts=0 erdp=573c1500 dequeue=80 command-busy=0 irq-busy=0
xhci: cancelled request slot=5 endpoint=3 completion=26 residual=1
xhci: cancel slot=5 endpoint=3 pending-events=0 first-type=0 iman=2 usbsts=0 erdp=573c1590 dequeue=89 command-busy=0 irq-busy=0
xhci: cancelled request slot=5 endpoint=3 completion=26 residual=1
xhci: cancel slot=5 endpoint=3 pending-events=0 first-type=0 iman=2 usbsts=0 erdp=573c15c0 dequeue=92 command-busy=0 irq-busy=0
xhci: cancelled request slot=5 endpoint=3 completion=26 residual=1
xhci: cancel slot=5 endpoint=3 pending-events=0 first-type=0 iman=2 usbsts=0 erdp=573c1640 dequeue=100 command-busy=0 irq-busy=0
xhci: cancelled request slot=5 endpoint=3 completion=26 residual=1
xhci: cancel slot=5 endpoint=3 pending-events=0 first-type=0 iman=2 usbsts=0 erdp=573c1800 dequeue=128 command-busy=0 irq-busy=0
xhci: cancelled request slot=5 endpoint=3 completion=26 residual=1
i915: resident shim: ring rewound (idle context)
xhci: cancel slot=5 endpoint=3 pending-events=0 first-type=0 iman=2 usbsts=0 erdp=573c19f0 dequeue=159 command-busy=0 irq-busy=0
xhci: cancelled request slot=5 endpoint=3 completion=26 residual=1
xhci: cancel slot=5 endpoint=3 pending-events=0 first-type=0 iman=2 usbsts=0 erdp=573c1bb0 dequeue=187 command-busy=0 irq-busy=0
xhci: cancelled request slot=5 endpoint=3 completion=26 residual=1
i915: resident shim: ring rewound (idle context)
xhci: cancel slot=5 endpoint=3 pending-events=0 first-type=0 iman=2 usbsts=0 erdp=573c1e80 dequeue=232 command-busy=0 irq-busy=0
xhci: cancelled request slot=5 endpoint=3 completion=26 residual=1
xhci: cancel slot=5 endpoint=3 pending-events=0 first-type=0 iman=2 usbsts=0 erdp=573c1eb0 dequeue=235 command-busy=0 irq-busy=0
xhci: cancelled request slot=5 endpoint=3 completion=26 residual=1
xhci: cancel slot=5 endpoint=3 pending-events=0 first-type=0 iman=2 usbsts=0 erdp=573c1090 dequeue=9 command-busy=0 irq-busy=0
xhci: cancelled request slot=5 endpoint=3 completion=26 residual=1
i915: resident shim: ring rewound (idle context)
xhci: cancel slot=5 endpoint=3 pending-events=0 first-type=0 iman=2 usbsts=0 erdp=573c1250 dequeue=37 command-busy=0 irq-busy=0
xhci: cancelled request slot=5 endpoint=3 completion=26 residual=1
ucsi: rec 224 R 20000000 1 0
xhci: cancel slot=5 endpoint=3 pending-events=0 first-type=0 iman=2 usbsts=0 erdp=573c1460 dequeue=70 command-busy=0 irq-busy=0
xhci: cancelled request slot=5 endpoint=3 completion=26 residual=1
i915: resident shim: ring rewound (idle context)
xhci: cancel slot=5 endpoint=3 pending-events=0 first-type=0 iman=2 usbsts=0 erdp=573c1610 dequeue=97 command-busy=0 irq-busy=0
xhci: cancelled request slot=5 endpoint=3 completion=26 residual=1
xhci: cancel slot=5 endpoint=3 pending-events=0 first-type=0 iman=2 usbsts=0 erdp=573c1660 dequeue=102 command-busy=0 irq-busy=0
xhci: cancelled request slot=5 endpoint=3 completion=26 residual=1
xhci: cancel slot=5 endpoint=3 pending-events=0 first-type=0 iman=2 usbsts=0 erdp=573c1690 dequeue=105 command-busy=0 irq-busy=0
xhci: cancelled request slot=5 endpoint=3 completion=26 residual=1
i915: vk: session 1: frames 374 in 5112 ms: per submit 1 runs (0 full) 49 ops (most 105), in submit 5976 us (runs 5803, record 172), between 7694 us
i915: perf: markers 374: wait 0.00 ms, run 0.00 ms
i915: perf: 5112 ms: 187 presents (36.57/s), 374 submits, 374 batches | per submit ms: 5.98 (build 0.17, run 5.80, gpu 5.79) | per present ms: 3.50 (copy 0.97, publish 0.00, flip 1.25)
xhci: cancel slot=5 endpoint=3 pending-events=1 first-type=32 iman=2 usbsts=0 erdp=573c1980 dequeue=152 command-busy=0 irq-busy=0
xhci: cancelled request slot=5 endpoint=3 completion=26 residual=1
xhci: cancel slot=5 endpoint=3 pending-events=0 first-type=0 iman=2 usbsts=0 erdp=573c1aa0 dequeue=170 command-busy=0 irq-busy=0
xhci: cancelled request slot=5 endpoint=3 completion=26 residual=1
xhci: cancel slot=5 endpoint=3 pending-events=0 first-type=0 iman=2 usbsts=0 erdp=573c1b80 dequeue=184 command-busy=0 irq-busy=0
xhci: cancelled request slot=5 endpoint=3 completion=26 residual=1
xhci: cancel slot=5 endpoint=3 pending-events=0 first-type=0 iman=2 usbsts=0 erdp=573c1d40 dequeue=212 command-busy=0 irq-busy=0
xhci: cancelled request slot=5 endpoint=3 completion=26 residual=1
i915: resident shim: ring rewound (idle context)
xhci: cancel slot=5 endpoint=3 pending-events=0 first-type=0 iman=2 usbsts=0 erdp=573c1f40 dequeue=244 command-busy=0 irq-busy=0
xhci: cancelled request slot=5 endpoint=3 completion=26 residual=1
i915: resident shim: ring rewound (idle context)
xhci: cancel slot=5 endpoint=3 pending-events=0 first-type=0 iman=2 usbsts=0 erdp=573c1100 dequeue=16 command-busy=0 irq-busy=0
xhci: cancelled request slot=5 endpoint=3 completion=26 residual=1
xhci: cancel slot=5 endpoint=3 pending-events=0 first-type=0 iman=2 usbsts=0 erdp=573c12f0 dequeue=47 command-busy=0 irq-busy=0
xhci: cancelled request slot=5 endpoint=3 completion=26 residual=1
i915: resident shim: ring rewound (idle context)
xhci: cancel slot=5 endpoint=3 pending-events=0 first-type=0 iman=2 usbsts=0 erdp=573c14b0 dequeue=75 command-busy=0 irq-busy=0
xhci: cancelled request slot=5 endpoint=3 completion=26 residual=1
xhci: cancel slot=5 endpoint=3 pending-events=1 first-type=32 iman=2 usbsts=0 erdp=573c16c0 dequeue=108 command-busy=0 irq-busy=0
xhci: cancelled request slot=5 endpoint=3 completion=26 residual=1
xhci: cancel slot=5 endpoint=3 pending-events=0 first-type=0 iman=2 usbsts=0 erdp=573c1810 dequeue=129 command-busy=0 irq-busy=0
xhci: cancelled request slot=5 endpoint=3 completion=26 residual=1
xhci: cancel slot=5 endpoint=3 pending-events=0 first-type=0 iman=2 usbsts=0 erdp=573c18a0 dequeue=138 command-busy=0 irq-busy=0
xhci: cancelled request slot=5 endpoint=3 completion=26 residual=1
xhci: cancel slot=5 endpoint=3 pending-events=0 first-type=0 iman=2 usbsts=0 erdp=573c18d0 dequeue=141 command-busy=0 irq-busy=0
xhci: cancelled request slot=5 endpoint=3 completion=26 residual=1
xhci: cancel slot=5 endpoint=3 pending-events=0 first-type=0 iman=2 usbsts=0 erdp=573c1940 dequeue=148 command-busy=0 irq-busy=0
xhci: cancelled request slot=5 endpoint=3 completion=26 residual=1
xhci: cancel slot=5 endpoint=3 pending-events=0 first-type=0 iman=2 usbsts=0 erdp=573c1970 dequeue=151 command-busy=0 irq-busy=0
xhci: cancelled request slot=5 endpoint=3 completion=26 residual=1
xhci: cancel slot=5 endpoint=3 pending-events=0 first-type=0 iman=2 usbsts=0 erdp=573c19c0 dequeue=156 command-busy=0 irq-busy=0
xhci: cancelled request slot=5 endpoint=3 completion=26 residual=1
xhci: cancel slot=5 endpoint=3 pending-events=0 first-type=0 iman=2 usbsts=0 erdp=573c19f0 dequeue=159 command-busy=0 irq-busy=0
xhci: cancelled request slot=5 endpoint=3 completion=26 residual=1
xhci: cancel slot=5 endpoint=3 pending-events=0 first-type=0 iman=2 usbsts=0 erdp=573c1a80 dequeue=168 command-busy=0 irq-busy=0
xhci: cancelled request slot=5 endpoint=3 completion=26 residual=1
xhci: cancel slot=5 endpoint=3 pending-events=0 first-type=0 iman=2 usbsts=0 erdp=573c1c70 dequeue=199 command-busy=0 irq-busy=0
xhci: cancelled request slot=5 endpoint=3 completion=26 residual=1
xhci: cancel slot=5 endpoint=3 pending-events=0 first-type=0 iman=2 usbsts=0 erdp=573c1d00 dequeue=208 command-busy=0 irq-busy=0
xhci: cancelled request slot=5 endpoint=3 completion=26 residual=1
xhci: cancel slot=5 endpoint=3 pending-events=0 first-type=0 iman=2 usbsts=0 erdp=573c1d30 dequeue=211 command-busy=0 irq-busy=0
xhci: cancelled request slot=5 endpoint=3 completion=26 residual=1
xhci: cancel slot=5 endpoint=3 pending-events=0 first-type=0 iman=2 usbsts=0 erdp=573c1da0 dequeue=218 command-busy=0 irq-busy=0
xhci: cancelled request slot=5 endpoint=3 completion=26 residual=1
xhci: cancel slot=5 endpoint=3 pending-events=0 first-type=0 iman=2 usbsts=0 erdp=573c1dd0 dequeue=221 command-busy=0 irq-busy=0
xhci: cancelled request slot=5 endpoint=3 completion=26 residual=1
xhci: cancel slot=5 endpoint=3 pending-events=0 first-type=0 iman=2 usbsts=0 erdp=573c1e20 dequeue=226 command-busy=0 irq-busy=0
xhci: cancelled request slot=5 endpoint=3 completion=26 residual=1
xhci: cancel slot=5 endpoint=3 pending-events=0 first-type=0 iman=2 usbsts=0 erdp=573c1e50 dequeue=229 command-busy=0 irq-busy=0
xhci: cancelled request slot=5 endpoint=3 completion=26 residual=1
xhci: cancel slot=5 endpoint=3 pending-events=0 first-type=0 iman=2 usbsts=0 erdp=573c1ec0 dequeue=236 command-busy=0 irq-busy=0
xhci: cancelled request slot=5 endpoint=3 completion=26 residual=1
xhci: cancel slot=5 endpoint=3 pending-events=0 first-type=0 iman=2 usbsts=0 erdp=573c1370 dequeue=55 command-busy=0 irq-busy=0
xhci: cancelled request slot=5 endpoint=3 completion=26 residual=1
xhci: cancel slot=5 endpoint=3 pending-events=0 first-type=0 iman=2 usbsts=0 erdp=573c1400 dequeue=64 command-busy=0 irq-busy=0
xhci: cancelled request slot=5 endpoint=3 completion=26 residual=1
i915: vk: session 1: frames 160 in 6889 ms: per submit 1 runs (0 full) 49 ops (most 105), in submit 5802 us (runs 5642, record 160), between 37253 us
i915: perf: markers 164: wait 0.02 ms, run 0.00 ms
i915: perf: 6887 ms: 80 presents (11.61/s), 164 submits, 165 batches | per submit ms: 5.66 (build 0.04, run 5.62, gpu 5.51) | per present ms: 4.07 (copy 0.99, publish 0.00, flip 1.49)
xhci: cancel slot=5 endpoint=3 pending-events=0 first-type=0 iman=2 usbsts=0 erdp=573c14d0 dequeue=77 command-busy=0 irq-busy=0
i915: resident shim: ring rewound (idle context)
xhci: cancelled request slot=5 endpoint=3 completion=26 residual=1
xhci: cancel slot=5 endpoint=3 pending-events=0 first-type=0 iman=2 usbsts=0 erdp=573c1540 dequeue=84 command-busy=0 irq-busy=0
xhci: cancelled request slot=5 endpoint=3 completion=26 residual=1
xhci: cancel slot=5 endpoint=3 pending-events=0 first-type=0 iman=2 usbsts=0 erdp=573c1570 dequeue=87 command-busy=0 irq-busy=0
xhci: cancelled request slot=5 endpoint=3 completion=26 residual=1
xhci: cancel slot=5 endpoint=3 pending-events=0 first-type=0 iman=2 usbsts=0 erdp=573c15c0 dequeue=92 command-busy=0 irq-busy=0
xhci: cancelled request slot=5 endpoint=3 completion=26 residual=1
xhci: cancel slot=5 endpoint=3 pending-events=0 first-type=0 iman=2 usbsts=0 erdp=573c15f0 dequeue=95 command-busy=0 irq-busy=0
xhci: cancelled request slot=5 endpoint=3 completion=26 residual=1
xhci: cancel slot=5 endpoint=3 pending-events=0 first-type=0 iman=2 usbsts=0 erdp=573c1660 dequeue=102 command-busy=0 irq-busy=0
xhci: cancelled request slot=5 endpoint=3 completion=26 residual=1
xhci: cancel slot=5 endpoint=3 pending-events=0 first-type=0 iman=2 usbsts=0 erdp=573c1870 dequeue=135 command-busy=0 irq-busy=0
xhci: cancelled request slot=5 endpoint=3 completion=26 residual=1
xhci: cancel slot=5 endpoint=3 pending-events=0 first-type=0 iman=2 usbsts=0 erdp=573c1900 dequeue=144 command-busy=0 irq-busy=0
xhci: cancelled request slot=5 endpoint=3 completion=26 residual=1
xhci: cancel slot=5 endpoint=3 pending-events=0 first-type=0 iman=2 usbsts=0 erdp=573c1930 dequeue=147 command-busy=0 irq-busy=0
xhci: cancelled request slot=5 endpoint=3 completion=26 residual=1
xhci: cancel slot=5 endpoint=3 pending-events=0 first-type=0 iman=2 usbsts=0 erdp=573c19a0 dequeue=154 command-busy=0 irq-busy=0
xhci: cancelled request slot=5 endpoint=3 completion=26 residual=1
xhci: cancel slot=5 endpoint=3 pending-events=0 first-type=0 iman=2 usbsts=0 erdp=573c19d0 dequeue=157 command-busy=0 irq-busy=0
xhci: cancelled request slot=5 endpoint=3 completion=26 residual=1
xhci: cancel slot=5 endpoint=3 pending-events=0 first-type=0 iman=2 usbsts=0 erdp=573c1a20 dequeue=162 command-busy=0 irq-busy=0
xhci: cancelled request slot=5 endpoint=3 completion=26 residual=1
i915: resident shim: ring rewound (idle context)
xhci: cancel slot=5 endpoint=3 pending-events=0 first-type=0 iman=2 usbsts=0 erdp=573c1a90 dequeue=169 command-busy=0 irq-busy=0
xhci: cancelled request slot=5 endpoint=3 completion=26 residual=1
xhci: cancel slot=5 endpoint=3 pending-events=0 first-type=0 iman=2 usbsts=0 erdp=573c1b60 dequeue=182 command-busy=0 irq-busy=0
xhci: cancelled request slot=5 endpoint=3 completion=26 residual=1
xhci: cancel slot=5 endpoint=3 pending-events=0 first-type=0 iman=2 usbsts=0 erdp=573c1d70 dequeue=215 command-busy=0 irq-busy=0
xhci: cancelled request slot=5 endpoint=3 completion=26 residual=1
xhci: cancel slot=5 endpoint=3 pending-events=0 first-type=0 iman=2 usbsts=0 erdp=573c1e00 dequeue=224 command-busy=0 irq-busy=0
xhci: cancelled request slot=5 endpoint=3 completion=26 residual=1
xhci: cancel slot=5 endpoint=3 pending-events=0 first-type=0 iman=2 usbsts=0 erdp=573c1e30 dequeue=227 command-busy=0 irq-busy=0
xhci: cancelled request slot=5 endpoint=3 completion=26 residual=1
xhci: cancel slot=5 endpoint=3 pending-events=0 first-type=0 iman=2 usbsts=0 erdp=573c1ea0 dequeue=234 command-busy=0 irq-busy=0
xhci: cancelled request slot=5 endpoint=3 completion=26 residual=1
xhci: cancel slot=5 endpoint=3 pending-events=0 first-type=0 iman=2 usbsts=0 erdp=573c1ed0 dequeue=237 command-busy=0 irq-busy=0
xhci: cancelled request slot=5 endpoint=3 completion=26 residual=1
xhci: cancel slot=5 endpoint=3 pending-events=0 first-type=0 iman=2 usbsts=0 erdp=573c1f20 dequeue=242 command-busy=0 irq-busy=0
xhci: cancelled request slot=5 endpoint=3 completion=26 residual=1
xhci: cancel slot=5 endpoint=3 pending-events=0 first-type=0 iman=2 usbsts=0 erdp=573c1f50 dequeue=245 command-busy=0 irq-busy=0
xhci: cancelled request slot=5 endpoint=3 completion=26 residual=1
xhci: cancel slot=5 endpoint=3 pending-events=0 first-type=0 iman=2 usbsts=0 erdp=573c1fc0 dequeue=252 command-busy=0 irq-busy=0
xhci: cancelled request slot=5 endpoint=3 completion=26 residual=1
xhci: cancel slot=5 endpoint=3 pending-events=0 first-type=0 iman=2 usbsts=0 erdp=573c11d0 dequeue=29 command-busy=0 irq-busy=0
xhci: cancelled request slot=5 endpoint=3 completion=26 residual=1
i915: perf: markers 54: wait 0.71 ms, run 0.01 ms
i915: perf: 5845 ms: 16 presents (2.73/s), 54 submits, 53 batches | per submit ms: 5.13 (build 0.45, run 4.67, gpu 4.21) | per present ms: 1.92 (copy 0.90, publish 0.00, flip 0.28)
xhci: cancel slot=5 endpoint=3 pending-events=0 first-type=0 iman=2 usbsts=0 erdp=573c1260 dequeue=38 command-busy=0 irq-busy=0
xhci: cancelled request slot=5 endpoint=3 completion=26 residual=1
xhci: cancel slot=5 endpoint=3 pending-events=0 first-type=0 iman=2 usbsts=0 erdp=573c1290 dequeue=41 command-busy=0 irq-busy=0
xhci: cancelled request slot=5 endpoint=3 completion=26 residual=1
xhci: cancel slot=5 endpoint=3 pending-events=0 first-type=0 iman=2 usbsts=0 erdp=573c1300 dequeue=48 command-busy=0 irq-busy=0
xhci: cancelled request slot=5 endpoint=3 completion=26 residual=1
i915: resident shim: ring rewound (idle context)
xhci: cancel slot=5 endpoint=3 pending-events=0 first-type=0 iman=2 usbsts=0 erdp=573c13a0 dequeue=58 command-busy=0 irq-busy=0
xhci: cancelled request slot=5 endpoint=3 completion=26 residual=1
xhci: cancel slot=5 endpoint=3 pending-events=0 first-type=0 iman=2 usbsts=0 erdp=573c13f0 dequeue=63 command-busy=0 irq-busy=0
xhci: cancelled request slot=5 endpoint=3 completion=26 residual=1
xhci: cancel slot=5 endpoint=3 pending-events=0 first-type=0 iman=2 usbsts=0 erdp=573c1420 dequeue=66 command-busy=0 irq-busy=0
xhci: cancelled request slot=5 endpoint=3 completion=26 residual=1
xhci: cancel slot=5 endpoint=3 pending-events=0 first-type=0 iman=2 usbsts=0 erdp=573c1490 dequeue=73 command-busy=0 irq-busy=0
xhci: cancelled request slot=5 endpoint=3 completion=26 residual=1
xhci: cancel slot=5 endpoint=3 pending-events=0 first-type=0 iman=2 usbsts=0 erdp=573c16a0 dequeue=106 command-busy=0 irq-busy=0
xhci: cancelled request slot=5 endpoint=3 completion=26 residual=1
xhci: cancel slot=5 endpoint=3 pending-events=0 first-type=0 iman=2 usbsts=0 erdp=573c1730 dequeue=115 command-busy=0 irq-busy=0
xhci: cancelled request slot=5 endpoint=3 completion=26 residual=1
xhci: cancel slot=5 endpoint=3 pending-events=0 first-type=0 iman=2 usbsts=0 erdp=573c1760 dequeue=118 command-busy=0 irq-busy=0
xhci: cancelled request slot=5 endpoint=3 completion=26 residual=1
xhci: cancel slot=5 endpoint=3 pending-events=0 first-type=0 iman=2 usbsts=0 erdp=573c17d0 dequeue=125 command-busy=0 irq-busy=0
xhci: cancelled request slot=5 endpoint=3 completion=26 residual=1
xhci: cancel slot=5 endpoint=3 pending-events=0 first-type=0 iman=2 usbsts=0 erdp=573c1800 dequeue=128 command-busy=0 irq-busy=0
xhci: cancelled request slot=5 endpoint=3 completion=26 residual=1
xhci: cancel slot=5 endpoint=3 pending-events=0 first-type=0 iman=2 usbsts=0 erdp=573c1850 dequeue=133 command-busy=0 irq-busy=0
xhci: cancelled request slot=5 endpoint=3 completion=26 residual=1
xhci: cancel slot=5 endpoint=3 pending-events=0 first-type=0 iman=2 usbsts=0 erdp=573c1880 dequeue=136 command-busy=0 irq-busy=0
xhci: cancelled request slot=5 endpoint=3 completion=26 residual=1
xhci: cancel slot=5 endpoint=3 pending-events=0 first-type=0 iman=2 usbsts=0 erdp=573c18f0 dequeue=143 command-busy=0 irq-busy=0
xhci: cancelled request slot=5 endpoint=3 completion=26 residual=1
xhci: cancel slot=5 endpoint=3 pending-events=0 first-type=0 iman=2 usbsts=0 erdp=573c1da0 dequeue=218 command-busy=0 irq-busy=0
xhci: cancelled request slot=5 endpoint=3 completion=26 residual=1
xhci: cancel slot=5 endpoint=3 pending-events=0 first-type=0 iman=2 usbsts=0 erdp=573c1e30 dequeue=227 command-busy=0 irq-busy=0
xhci: cancelled request slot=5 endpoint=3 completion=26 residual=1
xhci: cancel slot=5 endpoint=3 pending-events=0 first-type=0 iman=2 usbsts=0 erdp=573c1e60 dequeue=230 command-busy=0 irq-busy=0
xhci: cancelled request slot=5 endpoint=3 completion=26 residual=1
xhci: cancel slot=5 endpoint=3 pending-events=0 first-type=0 iman=2 usbsts=0 erdp=573c1ed0 dequeue=237 command-busy=0 irq-busy=0
xhci: cancelled request slot=5 endpoint=3 completion=26 residual=1
xhci: cancel slot=5 endpoint=3 pending-events=0 first-type=0 iman=2 usbsts=0 erdp=573c1f60 dequeue=246 command-busy=0 irq-busy=0
xhci: cancelled request slot=5 endpoint=3 completion=26 residual=1
xhci: cancel slot=5 endpoint=3 pending-events=0 first-type=0 iman=2 usbsts=0 erdp=573c1fb0 dequeue=251 command-busy=0 irq-busy=0
xhci: cancelled request slot=5 endpoint=3 completion=26 residual=1
xhci: cancel slot=5 endpoint=3 pending-events=0 first-type=0 iman=2 usbsts=0 erdp=573c1020 dequeue=2 command-busy=0 irq-busy=0
xhci: cancelled request slot=5 endpoint=3 completion=26 residual=1
i915: perf: markers 26: wait 1.03 ms, run 0.00 ms
i915: perf: 5535 ms: 8 presents (1.44/s), 26 submits, 26 batches | per submit ms: 5.81 (build 0.10, run 5.70, gpu 4.60) | per present ms: 1.99 (copy 0.84, publish 0.00, flip 0.31)
xhci: cancel slot=5 endpoint=3 pending-events=0 first-type=0 iman=2 usbsts=0 erdp=573c10f0 dequeue=15 command-busy=0 irq-busy=0
xhci: cancelled request slot=5 endpoint=3 completion=26 residual=1
xhci: cancel slot=5 endpoint=3 pending-events=0 first-type=0 iman=2 usbsts=0 erdp=573c1320 dequeue=50 command-busy=0 irq-busy=0
xhci: cancelled request slot=5 endpoint=3 completion=26 residual=1
xhci: cancel slot=5 endpoint=3 pending-events=0 first-type=0 iman=2 usbsts=0 erdp=573c1390 dequeue=57 command-busy=0 irq-busy=0
xhci: cancelled request slot=5 endpoint=3 completion=26 residual=1
xhci: cancel slot=5 endpoint=3 pending-events=0 first-type=0 iman=2 usbsts=0 erdp=573c1400 dequeue=64 command-busy=0 irq-busy=0
xhci: cancelled request slot=5 endpoint=3 completion=26 residual=1
xhci: cancel slot=5 endpoint=3 pending-events=0 first-type=0 iman=2 usbsts=0 erdp=573c1430 dequeue=67 command-busy=0 irq-busy=0
xhci: cancelled request slot=5 endpoint=3 completion=26 residual=1
xhci: cancel slot=5 endpoint=3 pending-events=0 first-type=0 iman=2 usbsts=0 erdp=573c1480 dequeue=72 command-busy=0 irq-busy=0
xhci: cancelled request slot=5 endpoint=3 completion=26 residual=1
xhci: cancel slot=5 endpoint=3 pending-events=0 first-type=0 iman=2 usbsts=0 erdp=573c14b0 dequeue=75 command-busy=0 irq-busy=0
xhci: cancelled request slot=5 endpoint=3 completion=26 residual=1
xhci: cancel slot=5 endpoint=3 pending-events=0 first-type=0 iman=2 usbsts=0 erdp=573c1520 dequeue=82 command-busy=0 irq-busy=0
xhci: cancelled request slot=5 endpoint=3 completion=26 residual=1
xhci: cancel slot=5 endpoint=3 pending-events=0 first-type=0 iman=2 usbsts=0 erdp=573c1550 dequeue=85 command-busy=0 irq-busy=0
xhci: cancelled request slot=5 endpoint=3 completion=26 residual=1
xhci: cancel slot=5 endpoint=3 pending-events=0 first-type=0 iman=2 usbsts=0 erdp=573c1780 dequeue=120 command-busy=0 irq-busy=0
xhci: cancelled request slot=5 endpoint=3 completion=26 residual=1
xhci: cancel slot=5 endpoint=3 pending-events=0 first-type=0 iman=2 usbsts=0 erdp=573c17f0 dequeue=127 command-busy=0 irq-busy=0
xhci: cancelled request slot=5 endpoint=3 completion=26 residual=1
xhci: cancel slot=5 endpoint=3 pending-events=0 first-type=0 iman=2 usbsts=0 erdp=573c1860 dequeue=134 command-busy=0 irq-busy=0
xhci: cancelled request slot=5 endpoint=3 completion=26 residual=1
xhci: cancel slot=5 endpoint=3 pending-events=0 first-type=0 iman=2 usbsts=0 erdp=573c1890 dequeue=137 command-busy=0 irq-busy=0
xhci: cancelled request slot=5 endpoint=3 completion=26 residual=1
xhci: cancel slot=5 endpoint=3 pending-events=0 first-type=0 iman=2 usbsts=0 erdp=573c18e0 dequeue=142 command-busy=0 irq-busy=0
xhci: cancelled request slot=5 endpoint=3 completion=26 residual=1
xhci: cancel slot=5 endpoint=3 pending-events=0 first-type=0 iman=2 usbsts=0 erdp=573c1910 dequeue=145 command-busy=0 irq-busy=0
xhci: cancelled request slot=5 endpoint=3 completion=26 residual=1
xhci: cancel slot=5 endpoint=3 pending-events=0 first-type=0 iman=2 usbsts=0 erdp=573c1980 dequeue=152 command-busy=0 irq-busy=0
xhci: cancelled request slot=5 endpoint=3 completion=26 residual=1
xhci: cancel slot=5 endpoint=3 pending-events=0 first-type=0 iman=2 usbsts=0 erdp=573c19b0 dequeue=155 command-busy=0 irq-busy=0
xhci: cancelled request slot=5 endpoint=3 completion=26 residual=1
xhci: cancel slot=5 endpoint=3 pending-events=0 first-type=0 iman=2 usbsts=0 erdp=573c1be0 dequeue=190 command-busy=0 irq-busy=0
xhci: cancelled request slot=5 endpoint=3 completion=26 residual=1
xhci: cancel slot=5 endpoint=3 pending-events=0 first-type=0 iman=2 usbsts=0 erdp=573c1c50 dequeue=197 command-busy=0 irq-busy=0
xhci: cancelled request slot=5 endpoint=3 completion=26 residual=1
xhci: cancel slot=5 endpoint=3 pending-events=0 first-type=0 iman=2 usbsts=0 erdp=573c1cd0 dequeue=205 command-busy=0 irq-busy=0
xhci: cancelled request slot=5 endpoint=3 completion=26 residual=1
i915: perf: markers 21: wait 1.54 ms, run 0.00 ms
i915: perf: 5000 ms: 6 presents (1.19/s), 21 submits, 21 batches | per submit ms: 5.34 (build 0.08, run 5.25, gpu 3.34) | per present ms: 1.21 (copy 0.83, publish 0.00, flip 0.08)
xhci: cancel slot=5 endpoint=3 pending-events=0 first-type=0 iman=2 usbsts=0 erdp=573c1d80 dequeue=216 command-busy=0 irq-busy=0
xhci: cancelled request slot=5 endpoint=3 completion=26 residual=1
xhci: cancel slot=5 endpoint=3 pending-events=0 first-type=0 iman=2 usbsts=0 erdp=573c1dd0 dequeue=221 command-busy=0 irq-busy=0
xhci: cancelled request slot=5 endpoint=3 completion=26 residual=1
xhci: cancel slot=5 endpoint=3 pending-events=0 first-type=0 iman=2 usbsts=0 erdp=573c1e00 dequeue=224 command-busy=0 irq-busy=0
xhci: cancelled request slot=5 endpoint=3 completion=26 residual=1
xhci: cancel slot=5 endpoint=3 pending-events=0 first-type=0 iman=2 usbsts=0 erdp=573c1e70 dequeue=231 command-busy=0 irq-busy=0
xhci: cancelled request slot=5 endpoint=3 completion=26 residual=1
xhci: cancel slot=5 endpoint=3 pending-events=0 first-type=0 iman=2 usbsts=0 erdp=573c1ea0 dequeue=234 command-busy=0 irq-busy=0
xhci: cancelled request slot=5 endpoint=3 completion=26 residual=1
xhci: cancel slot=5 endpoint=3 pending-events=1 first-type=32 iman=2 usbsts=0 erdp=573c1290 dequeue=41 command-busy=0 irq-busy=0
xhci: cancelled request slot=5 endpoint=3 completion=26 residual=1
xhci: cancel slot=5 endpoint=3 pending-events=0 first-type=0 iman=2 usbsts=0 erdp=573c13e0 dequeue=62 command-busy=0 irq-busy=0
xhci: cancelled request slot=5 endpoint=3 completion=26 residual=1
xhci: cancel slot=5 endpoint=3 pending-events=0 first-type=0 iman=2 usbsts=0 erdp=573c1450 dequeue=69 command-busy=0 irq-busy=0
xhci: cancelled request slot=5 endpoint=3 completion=26 residual=1
xhci: cancel slot=5 endpoint=3 pending-events=0 first-type=0 iman=2 usbsts=0 erdp=573c1480 dequeue=72 command-busy=0 irq-busy=0
xhci: cancelled request slot=5 endpoint=3 completion=26 residual=1
xhci: cancel slot=5 endpoint=3 pending-events=0 first-type=0 iman=2 usbsts=0 erdp=573c14d0 dequeue=77 command-busy=0 irq-busy=0
xhci: cancelled request slot=5 endpoint=3 completion=26 residual=1
xhci: cancel slot=5 endpoint=3 pending-events=0 first-type=0 iman=2 usbsts=0 erdp=573c1500 dequeue=80 command-busy=0 irq-busy=0
xhci: cancelled request slot=5 endpoint=3 completion=26 residual=1
xhci: cancel slot=5 endpoint=3 pending-events=0 first-type=0 iman=2 usbsts=0 erdp=573c1570 dequeue=87 command-busy=0 irq-busy=0
xhci: cancelled request slot=5 endpoint=3 completion=26 residual=1
xhci: cancel slot=5 endpoint=3 pending-events=0 first-type=0 iman=2 usbsts=0 erdp=573c15a0 dequeue=90 command-busy=0 irq-busy=0
xhci: cancelled request slot=5 endpoint=3 completion=26 residual=1
xhci: cancel slot=5 endpoint=3 pending-events=1 first-type=32 iman=2 usbsts=0 erdp=573c1660 dequeue=102 command-busy=0 irq-busy=0
xhci: cancelled request slot=5 endpoint=3 completion=26 residual=1
xhci: cancel slot=5 endpoint=3 pending-events=0 first-type=0 iman=2 usbsts=0 erdp=573c1840 dequeue=132 command-busy=0 irq-busy=0
xhci: cancelled request slot=5 endpoint=3 completion=26 residual=1
xhci: cancel slot=5 endpoint=3 pending-events=0 first-type=0 iman=2 usbsts=0 erdp=573c18b0 dequeue=139 command-busy=0 irq-busy=0
xhci: cancelled request slot=5 endpoint=3 completion=26 residual=1
xhci: cancel slot=5 endpoint=3 pending-events=0 first-type=0 iman=2 usbsts=0 erdp=573c1960 dequeue=150 command-busy=0 irq-busy=0
xhci: cancelled request slot=5 endpoint=3 completion=26 residual=1
xhci: cancel slot=5 endpoint=3 pending-events=0 first-type=0 iman=2 usbsts=0 erdp=573c1b40 dequeue=180 command-busy=0 irq-busy=0
xhci: cancelled request slot=5 endpoint=3 completion=26 residual=1
i915: resident shim: ring rewound (idle context)
xhci: cancel slot=5 endpoint=3 pending-events=0 first-type=0 iman=2 usbsts=0 erdp=573c1d00 dequeue=208 command-busy=0 irq-busy=0
xhci: cancelled request slot=5 endpoint=3 completion=26 residual=1
i915: resident shim: ring rewound (idle context)
xhci: cancel slot=5 endpoint=3 pending-events=0 first-type=0 iman=2 usbsts=0 erdp=573c1f10 dequeue=241 command-busy=0 irq-busy=0
xhci: cancelled request slot=5 endpoint=3 completion=26 residual=1
i915: vk: session 1: frames 101 in 5009 ms: per submit 1 runs (0 full) 53 ops (most 105), in submit 6526 us (runs 6336, record 189), between 43073 us
i915: perf: markers 115: wait 0.00 ms, run 0.00 ms
i915: perf: 5011 ms: 51 presents (10.17/s), 115 submits, 115 batches | per submit ms: 5.96 (build 0.18, run 5.78, gpu 5.77) | per present ms: 3.00 (copy 0.88, publish 0.00, flip 0.93)
xhci: cancel slot=5 endpoint=3 pending-events=0 first-type=0 iman=2 usbsts=0 erdp=573c10d0 dequeue=13 command-busy=0 irq-busy=0
xhci: cancelled request slot=5 endpoint=3 completion=26 residual=1
i915: resident shim: ring rewound (idle context)
xhci: cancel slot=5 endpoint=3 pending-events=0 first-type=0 iman=2 usbsts=0 erdp=573c12b0 dequeue=43 command-busy=0 irq-busy=0
xhci: cancelled request slot=5 endpoint=3 completion=26 residual=1
xhci: cancel slot=5 endpoint=3 pending-events=0 first-type=0 iman=2 usbsts=0 erdp=573c1690 dequeue=105 command-busy=0 irq-busy=0
xhci: cancelled request slot=5 endpoint=3 completion=26 residual=1
i915: resident shim: ring rewound (idle context)
xhci: cancel slot=5 endpoint=3 pending-events=0 first-type=0 iman=2 usbsts=0 erdp=573c18a0 dequeue=138 command-busy=0 irq-busy=0
xhci: cancelled request slot=5 endpoint=3 completion=26 residual=1
i915: resident shim: ring rewound (idle context)
xhci: cancel slot=5 endpoint=3 pending-events=0 first-type=0 iman=2 usbsts=0 erdp=573c1a60 dequeue=166 command-busy=0 irq-busy=0
xhci: cancelled request slot=5 endpoint=3 completion=26 residual=1
i915: resident shim: ring rewound (idle context)
xhci: cancel slot=5 endpoint=3 pending-events=0 first-type=0 iman=2 usbsts=0 erdp=573c1c40 dequeue=196 command-busy=0 irq-busy=0
xhci: cancelled request slot=5 endpoint=3 completion=26 residual=1
xhci: cancel slot=5 endpoint=3 pending-events=0 first-type=0 iman=2 usbsts=0 erdp=573c1e00 dequeue=224 command-busy=0 irq-busy=0
xhci: cancelled request slot=5 endpoint=3 completion=26 residual=1
xhci: cancel slot=5 endpoint=3 pending-events=0 first-type=0 iman=2 usbsts=0 erdp=573c1000 dequeue=0 command-busy=0 irq-busy=0
xhci: cancelled request slot=5 endpoint=3 completion=26 residual=1
i915: resident shim: ring rewound (idle context)
xhci: cancel slot=5 endpoint=3 pending-events=0 first-type=0 iman=2 usbsts=0 erdp=573c11c0 dequeue=28 command-busy=0 irq-busy=0
xhci: cancelled request slot=5 endpoint=3 completion=26 residual=1
xhci: cancel slot=5 endpoint=3 pending-events=0 first-type=0 iman=2 usbsts=0 erdp=573c12c0 dequeue=44 command-busy=0 irq-busy=0
xhci: cancelled request slot=5 endpoint=3 completion=26 residual=1
xhci: cancel slot=5 endpoint=3 pending-events=0 first-type=0 iman=2 usbsts=0 erdp=573c1510 dequeue=81 command-busy=0 irq-busy=0
xhci: cancelled request slot=5 endpoint=3 completion=26 residual=1
xhci: cancel slot=5 endpoint=3 pending-events=0 first-type=0 iman=2 usbsts=0 erdp=573c1580 dequeue=88 command-busy=0 irq-busy=0
xhci: cancelled request slot=5 endpoint=3 completion=26 residual=1
xhci: cancel slot=5 endpoint=3 pending-events=0 first-type=0 iman=2 usbsts=0 erdp=573c1710 dequeue=113 command-busy=0 irq-busy=0
xhci: cancelled request slot=5 endpoint=3 completion=26 residual=1
xhci: cancel slot=5 endpoint=3 pending-events=0 first-type=0 iman=2 usbsts=0 erdp=573c1830 dequeue=131 command-busy=0 irq-busy=0
xhci: cancelled request slot=5 endpoint=3 completion=26 residual=1
xhci: cancel slot=5 endpoint=3 pending-events=0 first-type=0 iman=2 usbsts=0 erdp=573c1860 dequeue=134 command-busy=0 irq-busy=0
xhci: cancelled request slot=5 endpoint=3 completion=26 residual=1
xhci: cancel slot=5 endpoint=3 pending-events=0 first-type=0 iman=2 usbsts=0 erdp=573c18d0 dequeue=141 command-busy=0 irq-busy=0
xhci: cancelled request slot=5 endpoint=3 completion=26 residual=1
i915: resident shim: ring rewound (idle context)
xhci: cancel slot=5 endpoint=3 pending-events=0 first-type=0 iman=2 usbsts=0 erdp=573c1a20 dequeue=162 command-busy=0 irq-busy=0
xhci: cancelled request slot=5 endpoint=3 completion=26 residual=1
i915: resident shim: ring rewound (idle context)
xhci: cancel slot=5 endpoint=3 pending-events=0 first-type=0 iman=2 usbsts=0 erdp=573c1b60 dequeue=182 command-busy=0 irq-busy=0
xhci: cancelled request slot=5 endpoint=3 completion=26 residual=1
xhci: cancel slot=5 endpoint=3 pending-events=0 first-type=0 iman=2 usbsts=0 erdp=573c1db0 dequeue=219 command-busy=0 irq-busy=0
xhci: cancelled request slot=5 endpoint=3 completion=26 residual=1
xhci: cancel slot=5 endpoint=3 pending-events=0 first-type=0 iman=2 usbsts=0 erdp=573c1e80 dequeue=232 command-busy=0 irq-busy=0
xhci: cancelled request slot=5 endpoint=3 completion=26 residual=1
i915: vk: session 1: frames 314 in 5022 ms: per submit 1 runs (0 full) 53 ops (most 105), in submit 6862 us (runs 6638, record 224), between 9132 us
i915: perf: markers 326: wait 0.05 ms, run 0.00 ms
i915: perf: 5022 ms: 157 presents (31.25/s), 326 submits, 326 batches | per submit ms: 6.74 (build 0.22, run 6.51, gpu 6.42) | per present ms: 1.97 (copy 0.96, publish 0.00, flip 0.47)
xhci: cancel slot=5 endpoint=3 pending-events=0 first-type=0 iman=2 usbsts=0 erdp=573c1050 dequeue=5 command-busy=0 irq-busy=0
xhci: cancelled request slot=5 endpoint=3 completion=26 residual=1
xhci: cancel slot=5 endpoint=3 pending-events=0 first-type=0 iman=2 usbsts=0 erdp=573c1220 dequeue=34 command-busy=0 irq-busy=0
xhci: cancelled request slot=5 endpoint=3 completion=26 residual=1
i915: resident shim: ring rewound (idle context)
xhci: cancel slot=5 endpoint=3 pending-events=0 first-type=0 iman=2 usbsts=0 erdp=573c13e0 dequeue=62 command-busy=0 irq-busy=0
xhci: cancelled request slot=5 endpoint=3 completion=26 residual=1
xhci: cancel slot=5 endpoint=3 pending-events=0 first-type=0 iman=2 usbsts=0 erdp=573c1460 dequeue=70 command-busy=0 irq-busy=0
xhci: cancelled request slot=5 endpoint=3 completion=26 residual=1
xhci: cancel slot=5 endpoint=3 pending-events=0 first-type=0 iman=2 usbsts=0 erdp=573c15b0 dequeue=91 command-busy=0 irq-busy=0
xhci: cancelled request slot=5 endpoint=3 completion=26 residual=1
i915: resident shim: ring rewound (idle context)
xhci: cancel slot=5 endpoint=3 pending-events=0 first-type=0 iman=2 usbsts=0 erdp=573c1790 dequeue=121 command-busy=0 irq-busy=0
xhci: cancelled request slot=5 endpoint=3 completion=26 residual=1
i915: resident shim: ring rewound (idle context)
xhci: cancel slot=5 endpoint=3 pending-events=0 first-type=0 iman=2 usbsts=0 erdp=573c1d20 dequeue=210 command-busy=0 irq-busy=0
xhci: cancelled request slot=5 endpoint=3 completion=26 residual=1
xhci: cancel slot=5 endpoint=3 pending-events=0 first-type=0 iman=2 usbsts=0 erdp=573c1d90 dequeue=217 command-busy=0 irq-busy=0
xhci: cancelled request slot=5 endpoint=3 completion=26 residual=1
xhci: cancel slot=5 endpoint=3 pending-events=0 first-type=0 iman=2 usbsts=0 erdp=573c1dc0 dequeue=220 command-busy=0 irq-busy=0
xhci: cancelled request slot=5 endpoint=3 completion=26 residual=1
xhci: cancel slot=5 endpoint=3 pending-events=0 first-type=0 iman=2 usbsts=0 erdp=573c1e10 dequeue=225 command-busy=0 irq-busy=0
xhci: cancelled request slot=5 endpoint=3 completion=26 residual=1
xhci: cancel slot=5 endpoint=3 pending-events=0 first-type=0 iman=2 usbsts=0 erdp=573c1fd0 dequeue=253 command-busy=0 irq-busy=0
xhci: cancelled request slot=5 endpoint=3 completion=26 residual=1
xhci: cancel slot=5 endpoint=3 pending-events=0 first-type=0 iman=2 usbsts=0 erdp=573c11d0 dequeue=29 command-busy=0 irq-busy=0
xhci: cancelled request slot=5 endpoint=3 completion=26 residual=1
i915: resident shim: ring rewound (idle context)
xhci: cancel slot=5 endpoint=3 pending-events=0 first-type=0 iman=2 usbsts=0 erdp=573c1390 dequeue=57 command-busy=0 irq-busy=0
xhci: cancelled request slot=5 endpoint=3 completion=26 residual=1
i915: resident shim: ring rewound (idle context)
xhci: cancel slot=5 endpoint=3 pending-events=0 first-type=0 iman=2 usbsts=0 erdp=573c1570 dequeue=87 command-busy=0 irq-busy=0
xhci: cancelled request slot=5 endpoint=3 completion=26 residual=1
i915: resident shim: ring rewound (idle context)
xhci: cancel slot=5 endpoint=3 pending-events=0 first-type=0 iman=2 usbsts=0 erdp=573c1910 dequeue=145 command-busy=0 irq-busy=0
xhci: cancelled request slot=5 endpoint=3 completion=26 residual=1
xhci: cancel slot=5 endpoint=3 pending-events=0 first-type=0 iman=2 usbsts=0 erdp=573c1980 dequeue=152 command-busy=0 irq-busy=0
xhci: cancelled request slot=5 endpoint=3 completion=26 residual=1
xhci: cancel slot=5 endpoint=3 pending-events=0 first-type=0 iman=2 usbsts=0 erdp=573c19b0 dequeue=155 command-busy=0 irq-busy=0
xhci: cancelled request slot=5 endpoint=3 completion=26 residual=1
xhci: cancel slot=5 endpoint=3 pending-events=0 first-type=0 iman=2 usbsts=0 erdp=573c1a00 dequeue=160 command-busy=0 irq-busy=0
xhci: cancelled request slot=5 endpoint=3 completion=26 residual=1
xhci: cancel slot=5 endpoint=3 pending-events=0 first-type=0 iman=2 usbsts=0 erdp=573c1a30 dequeue=163 command-busy=0 irq-busy=0
xhci: cancelled request slot=5 endpoint=3 completion=26 residual=1
xhci: cancel slot=5 endpoint=3 pending-events=0 first-type=0 iman=2 usbsts=0 erdp=573c1aa0 dequeue=170 command-busy=0 irq-busy=0
xhci: cancelled request slot=5 endpoint=3 completion=26 residual=1
i915: vk: session 1: frames 232 in 5046 ms: per submit 2 runs (163 full) 130 ops (most 518), in submit 8175 us (runs 7674, record 501), between 13576 us
i915: perf: markers 244: wait 0.01 ms, run 0.01 ms
i915: perf: 5046 ms: 116 presents (22.98/s), 244 submits, 407 batches | per submit ms: 7.87 (build 0.48, run 7.39, gpu 7.33) | per present ms: 2.36 (copy 0.89, publish 0.00, flip 0.69)
i915: resident shim: ring rewound (idle context)
i915: resident shim: ring rewound (idle context)
i915: resident shim: context sw_id=9 lrca=fc122119 pml4=0x1681d9000 ring=16384 bytes engine=rcs0
i915: vk: pipeline compiled by the executor: vs 1104 bytes (3 attributes, 1 push registers, 3 varyings), fs 1040 bytes (3 inputs, 0 push registers, 1 sampled images)
i915: vk: first draw: batch 363 dwords at 0x103600000, state at 0x103404000, target 916x632 at 0x100400000, depth no, 15120 vertices
xhci: cancel slot=5 endpoint=3 pending-events=0 first-type=0 iman=2 usbsts=0 erdp=573c1cc0 dequeue=204 command-busy=0 irq-busy=0
xhci: cancelled request slot=5 endpoint=3 completion=26 residual=1
xhci: cancel slot=5 endpoint=3 pending-events=0 first-type=0 iman=2 usbsts=0 erdp=573c1d10 dequeue=209 command-busy=0 irq-busy=0
xhci: cancelled request slot=5 endpoint=3 completion=26 residual=1
xhci: cancel slot=5 endpoint=3 pending-events=0 first-type=0 iman=2 usbsts=0 erdp=573c1f60 dequeue=246 command-busy=0 irq-busy=0
xhci: cancelled request slot=5 endpoint=3 completion=26 residual=1
xhci: cancel slot=5 endpoint=3 pending-events=0 first-type=0 iman=2 usbsts=0 erdp=573c1fd0 dequeue=253 command-busy=0 irq-busy=0
xhci: cancelled request slot=5 endpoint=3 completion=26 residual=1
xhci: cancel slot=5 endpoint=3 pending-events=0 first-type=0 iman=2 usbsts=0 erdp=573c1000 dequeue=0 command-busy=0 irq-busy=0
xhci: cancelled request slot=5 endpoint=3 completion=26 residual=1
i915: resident shim: ring rewound (idle context)
xhci: cancel slot=5 endpoint=3 pending-events=0 first-type=0 iman=2 usbsts=0 erdp=573c1130 dequeue=19 command-busy=0 irq-busy=0
xhci: cancelled request slot=5 endpoint=3 completion=26 residual=1
i915: resident shim: ring rewound (idle context)
xhci: cancel slot=5 endpoint=3 pending-events=0 first-type=0 iman=2 usbsts=0 erdp=573c12f0 dequeue=47 command-busy=0 irq-busy=0
xhci: cancelled request slot=5 endpoint=3 completion=26 residual=1
xhci: cancel slot=5 endpoint=3 pending-events=0 first-type=0 iman=2 usbsts=0 erdp=573c1500 dequeue=80 command-busy=0 irq-busy=0
xhci: cancelled request slot=5 endpoint=3 completion=26 residual=1
xhci: cancel slot=5 endpoint=3 pending-events=0 first-type=0 iman=2 usbsts=0 erdp=573c15b0 dequeue=91 command-busy=0 irq-busy=0
xhci: cancelled request slot=5 endpoint=3 completion=26 residual=1
i915: vk: an object (kind 18) was destroyed before what names it: 0 views, 0 descriptor sets, 0 framebuffers and 1 command buffers let go of it
i915: vk: an object (kind 8) was destroyed before what names it: 0 views, 0 descriptor sets, 0 framebuffers and 1 command buffers let go of it
i915: vk: an object (kind 9) was destroyed before what names it: 0 views, 2 descriptor sets, 0 framebuffers and 0 command buffers let go of it
i915: vk: an object (kind 9) was destroyed before what names it: 0 views, 2 descriptor sets, 0 framebuffers and 0 command buffers let go of it
i915: vk: an object (kind 9) was destroyed before what names it: 0 views, 2 descriptor sets, 0 framebuffers and 0 command buffers let go of it
i915: resident shim: ring rewound (idle context)
xhci: cancel slot=5 endpoint=3 pending-events=0 first-type=0 iman=2 usbsts=0 erdp=573c1700 dequeue=112 command-busy=0 irq-busy=0
xhci: cancelled request slot=5 endpoint=3 completion=26 residual=1
xhci: cancel slot=5 endpoint=3 pending-events=0 first-type=0 iman=2 usbsts=0 erdp=573c1950 dequeue=149 command-busy=0 irq-busy=0
xhci: cancelled request slot=5 endpoint=3 completion=26 residual=1
xhci: cancel slot=5 endpoint=3 pending-events=0 first-type=0 iman=2 usbsts=0 erdp=573c19c0 dequeue=156 command-busy=0 irq-busy=0
xhci: cancelled request slot=5 endpoint=3 completion=26 residual=1
xhci: cancel slot=5 endpoint=3 pending-events=0 first-type=0 iman=2 usbsts=0 erdp=573c19f0 dequeue=159 command-busy=0 irq-busy=0
xhci: cancelled request slot=5 endpoint=3 completion=26 residual=1
xhci: cancel slot=5 endpoint=3 pending-events=0 first-type=0 iman=2 usbsts=0 erdp=573c1a40 dequeue=164 command-busy=0 irq-busy=0
xhci: cancelled request slot=5 endpoint=3 completion=26 residual=1
xhci: cancel slot=5 endpoint=3 pending-events=0 first-type=0 iman=2 usbsts=0 erdp=573c1aa0 dequeue=170 command-busy=0 irq-busy=0
xhci: cancelled request slot=5 endpoint=3 completion=26 residual=1
xhci: cancel slot=5 endpoint=3 pending-events=0 first-type=0 iman=2 usbsts=0 erdp=573c1cb0 dequeue=203 command-busy=0 irq-busy=0
xhci: cancelled request slot=5 endpoint=3 completion=26 residual=1
i915: resident shim: ring rewound (idle context)
xhci: cancel slot=5 endpoint=3 pending-events=0 first-type=0 iman=2 usbsts=0 erdp=573c1e70 dequeue=231 command-busy=0 irq-busy=0
xhci: cancelled request slot=5 endpoint=3 completion=26 residual=1
i915: resident shim: ring rewound (idle context)
xhci: cancel slot=5 endpoint=3 pending-events=0 first-type=0 iman=2 usbsts=0 erdp=573c1050 dequeue=5 command-busy=0 irq-busy=0
xhci: cancelled request slot=5 endpoint=3 completion=26 residual=1
xhci: cancel slot=5 endpoint=3 pending-events=0 first-type=0 iman=2 usbsts=0 erdp=573c16d0 dequeue=109 command-busy=0 irq-busy=0
xhci: cancelled request slot=5 endpoint=3 completion=26 residual=1
i915: resident shim: ring rewound (idle context)
i915: vk: session 1: frames 240 in 5008 ms: per submit 1 runs (61 full) 70 ops (most 566), in submit 7020 us (runs 6770, record 250), between 13849 us
i915: perf: markers 263: wait 0.11 ms, run 0.01 ms
i915: perf: 5008 ms: 120 presents (23.95/s), 263 submits, 323 batches | per submit ms: 6.67 (build 0.24, run 6.42, gpu 6.25) | per present ms: 2.79 (copy 1.00, publish 0.00, flip 0.80)
xhci: cancel slot=5 endpoint=3 pending-events=0 first-type=0 iman=2 usbsts=0 erdp=573c18e0 dequeue=142 command-busy=0 irq-busy=0
xhci: cancelled request slot=5 endpoint=3 completion=26 residual=1
xhci: cancel slot=5 endpoint=3 pending-events=0 first-type=0 iman=2 usbsts=0 erdp=573c1aa0 dequeue=170 command-busy=0 irq-busy=0
xhci: cancelled request slot=5 endpoint=3 completion=26 residual=1
i915: resident shim: ring rewound (idle context)
xhci: cancel slot=5 endpoint=3 pending-events=0 first-type=0 iman=2 usbsts=0 erdp=573c1bb0 dequeue=187 command-busy=0 irq-busy=0
xhci: cancelled request slot=5 endpoint=3 completion=26 residual=1
xhci: cancel slot=5 endpoint=3 pending-events=0 first-type=0 iman=2 usbsts=0 erdp=573c1be0 dequeue=190 command-busy=0 irq-busy=0
xhci: cancelled request slot=5 endpoint=3 completion=26 residual=1
xhci: cancel slot=5 endpoint=3 pending-events=0 first-type=0 iman=2 usbsts=0 erdp=573c1c50 dequeue=197 command-busy=0 irq-busy=0
xhci: cancelled request slot=5 endpoint=3 completion=26 residual=1
xhci: cancel slot=5 endpoint=3 pending-events=0 first-type=0 iman=2 usbsts=0 erdp=573c1ca0 dequeue=202 command-busy=0 irq-busy=0
xhci: cancelled request slot=5 endpoint=3 completion=26 residual=1
i915: resident shim: ring rewound (idle context)
xhci: cancel slot=5 endpoint=3 pending-events=0 first-type=0 iman=2 usbsts=0 erdp=573c1e80 dequeue=232 command-busy=0 irq-busy=0
xhci: cancelled request slot=5 endpoint=3 completion=26 residual=1
xhci: cancel slot=5 endpoint=3 pending-events=0 first-type=0 iman=2 usbsts=0 erdp=573c1260 dequeue=38 command-busy=0 irq-busy=0
xhci: cancelled request slot=5 endpoint=3 completion=26 residual=1
i915: resident shim: ring rewound (idle context)
xhci: cancel slot=5 endpoint=3 pending-events=0 first-type=0 iman=2 usbsts=0 erdp=573c1470 dequeue=71 command-busy=0 irq-busy=0
xhci: cancelled request slot=5 endpoint=3 completion=26 residual=1
xhci: cancel slot=5 endpoint=3 pending-events=0 first-type=0 iman=2 usbsts=0 erdp=573c1630 dequeue=99 command-busy=0 irq-busy=0
xhci: cancelled request slot=5 endpoint=3 completion=26 residual=1
i915: vk: an object (kind 18) was destroyed before what names it: 0 views, 0 descriptor sets, 0 framebuffers and 1 command buffers let go of it
i915: vk: an object (kind 8) was destroyed before what names it: 0 views, 0 descriptor sets, 0 framebuffers and 1 command buffers let go of it
i915: vk: an object (kind 18) was destroyed before what names it: 0 views, 0 descriptor sets, 0 framebuffers and 1 command buffers let go of it
i915: vk: an object (kind 9) was destroyed before what names it: 0 views, 2 descriptor sets, 0 framebuffers and 0 command buffers let go of it
i915: vk: an object (kind 9) was destroyed before what names it: 0 views, 2 descriptor sets, 0 framebuffers and 0 command buffers let go of it
i915: vk: an object (kind 9) was destroyed before what names it: 0 views, 2 descriptor sets, 0 framebuffers and 0 command buffers let go of it
i915: vk: an object (kind 8) was destroyed before what names it: 0 views, 0 descriptor sets, 0 framebuffers and 1 command buffers let go of it
i915: vk: an object (kind 9) was destroyed before what names it: 0 views, 1 descriptor sets, 0 framebuffers and 0 command buffers let go of it
i915: vk: an object (kind 9) was destroyed before what names it: 0 views, 2 descriptor sets, 0 framebuffers and 0 command buffers let go of it
i915: vk: an object (kind 9) was destroyed before what names it: 0 views, 2 descriptor sets, 0 framebuffers and 0 command buffers let go of it
i915: vk: an object (kind 9) was destroyed before what names it: 0 views, 2 descriptor sets, 0 framebuffers and 0 command buffers let go of it
xhci: cancel slot=5 endpoint=3 pending-events=0 first-type=0 iman=2 usbsts=0 erdp=573c16b0 dequeue=107 command-busy=0 irq-busy=0
xhci: cancelled request slot=5 endpoint=3 completion=26 residual=1
i915: resident shim: ring rewound (idle context)
xhci: cancel slot=5 endpoint=3 pending-events=0 first-type=0 iman=2 usbsts=0 erdp=573c16e0 dequeue=110 command-busy=0 irq-busy=0
xhci: cancelled request slot=5 endpoint=3 completion=26 residual=1
xhci: cancel slot=5 endpoint=3 pending-events=0 first-type=0 iman=2 usbsts=0 erdp=573c1750 dequeue=117 command-busy=0 irq-busy=0
xhci: cancelled request slot=5 endpoint=3 completion=26 residual=1
xhci: cancel slot=5 endpoint=3 pending-events=0 first-type=0 iman=2 usbsts=0 erdp=573c1780 dequeue=120 command-busy=0 irq-busy=0
xhci: cancelled request slot=5 endpoint=3 completion=26 residual=1
xhci: cancel slot=5 endpoint=3 pending-events=0 first-type=0 iman=2 usbsts=0 erdp=573c17d0 dequeue=125 command-busy=0 irq-busy=0
xhci: cancelled request slot=5 endpoint=3 completion=26 residual=1
xhci: cancel slot=5 endpoint=3 pending-events=0 first-type=0 iman=2 usbsts=0 erdp=573c1a40 dequeue=164 command-busy=0 irq-busy=0
xhci: cancelled request slot=5 endpoint=3 completion=26 residual=1
i915: resident shim: ring rewound (idle context)
xhci: cancel slot=5 endpoint=3 pending-events=0 first-type=0 iman=2 usbsts=0 erdp=573c1a90 dequeue=169 command-busy=0 irq-busy=0
xhci: cancelled request slot=5 endpoint=3 completion=26 residual=1
xhci: cancel slot=5 endpoint=3 pending-events=0 first-type=0 iman=2 usbsts=0 erdp=573c1ac0 dequeue=172 command-busy=0 irq-busy=0
xhci: cancelled request slot=5 endpoint=3 completion=26 residual=1
xhci: cancel slot=5 endpoint=3 pending-events=0 first-type=0 iman=2 usbsts=0 erdp=573c1b10 dequeue=177 command-busy=0 irq-busy=0
xhci: cancelled request slot=5 endpoint=3 completion=26 residual=1
xhci: cancel slot=5 endpoint=3 pending-events=0 first-type=0 iman=2 usbsts=0 erdp=573c1b60 dequeue=182 command-busy=0 irq-busy=0
xhci: cancelled request slot=5 endpoint=3 completion=26 residual=1
xhci: cancel slot=5 endpoint=3 pending-events=0 first-type=0 iman=2 usbsts=0 erdp=573c1bb0 dequeue=187 command-busy=0 irq-busy=0
xhci: cancelled request slot=5 endpoint=3 completion=26 residual=1
i915: perf: markers 220: wait 0.01 ms, run 0.01 ms
i915: perf: 5083 ms: 101 presents (19.86/s), 220 submits, 238 batches | per submit ms: 6.00 (build 0.19, run 5.80, gpu 5.78) | per present ms: 3.23 (copy 1.42, publish 0.00, flip 0.82)
i915: vk: session 1: frames 202 in 5112 ms: per submit 1 runs (22 full) 58 ops (most 257), in submit 6499 us (runs 6282, record 217), between 18811 us
xhci: cancel slot=5 endpoint=3 pending-events=0 first-type=0 iman=2 usbsts=0 erdp=573c1be0 dequeue=190 command-busy=0 irq-busy=0
xhci: cancelled request slot=5 endpoint=3 completion=26 residual=1
xhci: cancel slot=5 endpoint=3 pending-events=0 first-type=0 iman=2 usbsts=0 erdp=573c1d10 dequeue=209 command-busy=0 irq-busy=0
xhci: cancelled request slot=5 endpoint=3 completion=26 residual=1
xhci: cancel slot=5 endpoint=3 pending-events=1 first-type=32 iman=2 usbsts=0 erdp=573c10f0 dequeue=15 command-busy=0 irq-busy=0
xhci: cancelled request slot=5 endpoint=3 completion=26 residual=1
xhci: cancel slot=5 endpoint=3 pending-events=0 first-type=0 iman=2 usbsts=0 erdp=573c1370 dequeue=55 command-busy=0 irq-busy=0
xhci: cancelled request slot=5 endpoint=3 completion=26 residual=1
xhci: cancel slot=5 endpoint=3 pending-events=0 first-type=0 iman=2 usbsts=0 erdp=573c13a0 dequeue=58 command-busy=0 irq-busy=0
xhci: cancelled request slot=5 endpoint=3 completion=26 residual=1
xhci: cancel slot=5 endpoint=3 pending-events=0 first-type=0 iman=2 usbsts=0 erdp=573c13f0 dequeue=63 command-busy=0 irq-busy=0
xhci: cancelled request slot=5 endpoint=3 completion=26 residual=1
xhci: cancel slot=5 endpoint=3 pending-events=0 first-type=0 iman=2 usbsts=0 erdp=573c1420 dequeue=66 command-busy=0 irq-busy=0
xhci: cancelled request slot=5 endpoint=3 completion=26 residual=1
xhci: cancel slot=5 endpoint=3 pending-events=0 first-type=0 iman=2 usbsts=0 erdp=573c1490 dequeue=73 command-busy=0 irq-busy=0
xhci: cancelled request slot=5 endpoint=3 completion=26 residual=1
xhci: cancel slot=5 endpoint=3 pending-events=0 first-type=0 iman=2 usbsts=0 erdp=573c14c0 dequeue=76 command-busy=0 irq-busy=0
xhci: cancelled request slot=5 endpoint=3 completion=26 residual=1
xhci: cancel slot=5 endpoint=3 pending-events=0 first-type=0 iman=2 usbsts=0 erdp=573c1510 dequeue=81 command-busy=0 irq-busy=0
xhci: cancelled request slot=5 endpoint=3 completion=26 residual=1
xhci: cancel slot=5 endpoint=3 pending-events=1 first-type=32 iman=2 usbsts=0 erdp=573c15f0 dequeue=95 command-busy=0 irq-busy=0
xhci: cancelled request slot=5 endpoint=3 completion=26 residual=1
i915: resident shim: ring rewound (idle context)
xhci: cancel slot=5 endpoint=3 pending-events=1 first-type=32 iman=2 usbsts=0 erdp=573c1bb0 dequeue=187 command-busy=0 irq-busy=0
xhci: cancelled request slot=5 endpoint=3 completion=26 residual=1
xhci: cancel slot=5 endpoint=3 pending-events=0 first-type=0 iman=2 usbsts=0 erdp=573c1f40 dequeue=244 command-busy=0 irq-busy=0
xhci: cancelled request slot=5 endpoint=3 completion=26 residual=1
xhci: cancel slot=5 endpoint=3 pending-events=0 first-type=0 iman=2 usbsts=0 erdp=573c1f70 dequeue=247 command-busy=0 irq-busy=0
xhci: cancelled request slot=5 endpoint=3 completion=26 residual=1
xhci: cancel slot=5 endpoint=3 pending-events=0 first-type=0 iman=2 usbsts=0 erdp=573c1fe0 dequeue=254 command-busy=0 irq-busy=0
xhci: cancelled request slot=5 endpoint=3 completion=26 residual=1
xhci: cancel slot=5 endpoint=3 pending-events=0 first-type=0 iman=2 usbsts=0 erdp=573c1010 dequeue=1 command-busy=0 irq-busy=0
xhci: cancelled request slot=5 endpoint=3 completion=26 residual=1
xhci: cancel slot=5 endpoint=3 pending-events=0 first-type=0 iman=2 usbsts=0 erdp=573c1060 dequeue=6 command-busy=0 irq-busy=0
xhci: cancelled request slot=5 endpoint=3 completion=26 residual=1
xhci: cancel slot=5 endpoint=3 pending-events=0 first-type=0 iman=2 usbsts=0 erdp=573c1090 dequeue=9 command-busy=0 irq-busy=0
xhci: cancelled request slot=5 endpoint=3 completion=26 residual=1
xhci: cancel slot=5 endpoint=3 pending-events=0 first-type=0 iman=2 usbsts=0 erdp=573c1140 dequeue=20 command-busy=0 irq-busy=0
xhci: cancelled request slot=5 endpoint=3 completion=26 residual=1
xhci: cancel slot=5 endpoint=3 pending-events=0 first-type=0 iman=2 usbsts=0 erdp=573c1350 dequeue=53 command-busy=0 irq-busy=0
xhci: cancelled request slot=5 endpoint=3 completion=26 residual=1
xhci: cancel slot=5 endpoint=3 pending-events=0 first-type=0 iman=2 usbsts=0 erdp=573c13a0 dequeue=58 command-busy=0 irq-busy=0
xhci: cancelled request slot=5 endpoint=3 completion=26 residual=1
i915: perf: markers 66: wait 0.77 ms, run 0.00 ms
i915: perf: 5503 ms: 21 presents (3.81/s), 66 submits, 108 batches | per submit ms: 6.91 (build 0.27, run 6.64, gpu 5.95) | per present ms: 0.85 (copy 0.83, publish 0.00, flip 0.00)
xhci: cancel slot=5 endpoint=3 pending-events=0 first-type=0 iman=2 usbsts=0 erdp=573c13d0 dequeue=61 command-busy=0 irq-busy=0
xhci: cancelled request slot=5 endpoint=3 completion=26 residual=1
xhci: cancel slot=5 endpoint=3 pending-events=0 first-type=0 iman=2 usbsts=0 erdp=573c1440 dequeue=68 command-busy=0 irq-busy=0
xhci: cancelled request slot=5 endpoint=3 completion=26 residual=1
xhci: cancel slot=5 endpoint=3 pending-events=0 first-type=0 iman=2 usbsts=0 erdp=573c1470 dequeue=71 command-busy=0 irq-busy=0
xhci: cancelled request slot=5 endpoint=3 completion=26 residual=1
xhci: cancel slot=5 endpoint=3 pending-events=0 first-type=0 iman=2 usbsts=0 erdp=573c14c0 dequeue=76 command-busy=0 irq-busy=0
xhci: cancelled request slot=5 endpoint=3 completion=26 residual=1
xhci: cancel slot=5 endpoint=3 pending-events=0 first-type=0 iman=2 usbsts=0 erdp=573c14f0 dequeue=79 command-busy=0 irq-busy=0
xhci: cancelled request slot=5 endpoint=3 completion=26 residual=1
xhci: cancel slot=5 endpoint=3 pending-events=0 first-type=0 iman=2 usbsts=0 erdp=573c1640 dequeue=100 command-busy=0 irq-busy=0
xhci: cancelled request slot=5 endpoint=3 completion=26 residual=1
xhci: cancel slot=5 endpoint=3 pending-events=0 first-type=0 iman=2 usbsts=0 erdp=573c1850 dequeue=133 command-busy=0 irq-busy=0
xhci: cancelled request slot=5 endpoint=3 completion=26 residual=1
xhci: cancel slot=5 endpoint=3 pending-events=0 first-type=0 iman=2 usbsts=0 erdp=573c18d0 dequeue=141 command-busy=0 irq-busy=0
xhci: cancelled request slot=5 endpoint=3 completion=26 residual=1
xhci: cancel slot=5 endpoint=3 pending-events=0 first-type=0 iman=2 usbsts=0 erdp=573c19c0 dequeue=156 command-busy=0 irq-busy=0
xhci: cancelled request slot=5 endpoint=3 completion=26 residual=1
xhci: cancel slot=5 endpoint=3 pending-events=0 first-type=0 iman=2 usbsts=0 erdp=573c1a30 dequeue=163 command-busy=0 irq-busy=0
xhci: cancelled request slot=5 endpoint=3 completion=26 residual=1
i915: resident shim: ring rewound (idle context)
xhci: cancel slot=5 endpoint=3 pending-events=0 first-type=0 iman=2 usbsts=0 erdp=573c1a60 dequeue=166 command-busy=0 irq-busy=0
xhci: cancelled request slot=5 endpoint=3 completion=26 residual=1
xhci: cancel slot=5 endpoint=3 pending-events=0 first-type=0 iman=2 usbsts=0 erdp=573c1ba0 dequeue=186 command-busy=0 irq-busy=0
xhci: cancelled request slot=5 endpoint=3 completion=26 residual=1
xhci: cancel slot=5 endpoint=3 pending-events=0 first-type=0 iman=2 usbsts=0 erdp=573c1bd0 dequeue=189 command-busy=0 irq-busy=0
xhci: cancelled request slot=5 endpoint=3 completion=26 residual=1
xhci: cancel slot=5 endpoint=3 pending-events=0 first-type=0 iman=2 usbsts=0 erdp=573c1c80 dequeue=200 command-busy=0 irq-busy=0
xhci: cancelled request slot=5 endpoint=3 completion=26 residual=1
xhci: cancel slot=5 endpoint=3 pending-events=0 first-type=0 iman=2 usbsts=0 erdp=573c1f40 dequeue=244 command-busy=0 irq-busy=0
xhci: cancelled request slot=5 endpoint=3 completion=26 residual=1
xhci: cancel slot=5 endpoint=3 pending-events=0 first-type=0 iman=2 usbsts=0 erdp=573c1f90 dequeue=249 command-busy=0 irq-busy=0
xhci: cancelled request slot=5 endpoint=3 completion=26 residual=1
xhci: cancel slot=5 endpoint=3 pending-events=0 first-type=0 iman=2 usbsts=0 erdp=573c1fc0 dequeue=252 command-busy=0 irq-busy=0
xhci: cancelled request slot=5 endpoint=3 completion=26 residual=1
xhci: cancel slot=5 endpoint=3 pending-events=0 first-type=0 iman=2 usbsts=0 erdp=573c1030 dequeue=3 command-busy=0 irq-busy=0
xhci: cancelled request slot=5 endpoint=3 completion=26 residual=1
xhci: cancel slot=5 endpoint=3 pending-events=0 first-type=0 iman=2 usbsts=0 erdp=573c10d0 dequeue=13 command-busy=0 irq-busy=0
xhci: cancelled request slot=5 endpoint=3 completion=26 residual=1
xhci: cancel slot=5 endpoint=3 pending-events=0 first-type=0 iman=2 usbsts=0 erdp=573c1170 dequeue=23 command-busy=0 irq-busy=0
xhci: cancelled request slot=5 endpoint=3 completion=26 residual=1
xhci: cancel slot=5 endpoint=3 pending-events=0 first-type=0 iman=2 usbsts=0 erdp=573c11a0 dequeue=26 command-busy=0 irq-busy=0
xhci: cancelled request slot=5 endpoint=3 completion=26 residual=1
ucsi: rec 225 R 20000000 1 0
xhci: cancel slot=5 endpoint=3 pending-events=0 first-type=0 iman=2 usbsts=0 erdp=573c1250 dequeue=37 command-busy=0 irq-busy=0
xhci: cancelled request slot=5 endpoint=3 completion=26 residual=1
i915: perf: markers 70: wait 0.76 ms, run 0.00 ms
i915: perf: 5377 ms: 24 presents (4.46/s), 70 submits, 118 batches | per submit ms: 7.45 (build 0.25, run 7.19, gpu 6.47) | per present ms: 0.85 (copy 0.83, publish 0.00, flip 0.00)
xhci: cancel slot=5 endpoint=3 pending-events=0 first-type=0 iman=2 usbsts=0 erdp=573c1700 dequeue=112 command-busy=0 irq-busy=0
xhci: cancelled request slot=5 endpoint=3 completion=26 residual=1
xhci: cancel slot=5 endpoint=3 pending-events=0 first-type=0 iman=2 usbsts=0 erdp=573c17b0 dequeue=123 command-busy=0 irq-busy=0
xhci: cancelled request slot=5 endpoint=3 completion=26 residual=1
i915: resident shim: ring rewound (idle context)
xhci: cancel slot=5 endpoint=3 pending-events=0 first-type=0 iman=2 usbsts=0 erdp=573c1870 dequeue=135 command-busy=0 irq-busy=0
xhci: cancelled request slot=5 endpoint=3 completion=26 residual=1
xhci: cancel slot=5 endpoint=3 pending-events=0 first-type=0 iman=2 usbsts=0 erdp=573c18e0 dequeue=142 command-busy=0 irq-busy=0
xhci: cancelled request slot=5 endpoint=3 completion=26 residual=1
xhci: cancel slot=5 endpoint=3 pending-events=0 first-type=0 iman=2 usbsts=0 erdp=573c1910 dequeue=145 command-busy=0 irq-busy=0
xhci: cancelled request slot=5 endpoint=3 completion=26 residual=1
xhci: cancel slot=5 endpoint=3 pending-events=0 first-type=0 iman=2 usbsts=0 erdp=573c1a50 dequeue=165 command-busy=0 irq-busy=0
xhci: cancelled request slot=5 endpoint=3 completion=26 residual=1
xhci: cancel slot=5 endpoint=3 pending-events=0 first-type=0 iman=2 usbsts=0 erdp=573c1a80 dequeue=168 command-busy=0 irq-busy=0
xhci: cancelled request slot=5 endpoint=3 completion=26 residual=1
xhci: cancel slot=5 endpoint=3 pending-events=0 first-type=0 iman=2 usbsts=0 erdp=573c1b30 dequeue=179 command-busy=0 irq-busy=0
xhci: cancelled request slot=5 endpoint=3 completion=26 residual=1
xhci: cancel slot=5 endpoint=3 pending-events=0 first-type=0 iman=2 usbsts=0 erdp=573c1fc0 dequeue=252 command-busy=0 irq-busy=0
xhci: cancelled request slot=5 endpoint=3 completion=26 residual=1
xhci: cancel slot=5 endpoint=3 pending-events=0 first-type=0 iman=2 usbsts=0 erdp=573c1010 dequeue=1 command-busy=0 irq-busy=0
xhci: cancelled request slot=5 endpoint=3 completion=26 residual=1
xhci: cancel slot=5 endpoint=3 pending-events=0 first-type=0 iman=2 usbsts=0 erdp=573c1040 dequeue=4 command-busy=0 irq-busy=0
xhci: cancelled request slot=5 endpoint=3 completion=26 residual=1
xhci: cancel slot=5 endpoint=3 pending-events=0 first-type=0 iman=2 usbsts=0 erdp=573c10b0 dequeue=11 command-busy=0 irq-busy=0
xhci: cancelled request slot=5 endpoint=3 completion=26 residual=1
xhci: cancel slot=5 endpoint=3 pending-events=0 first-type=0 iman=2 usbsts=0 erdp=573c10e0 dequeue=14 command-busy=0 irq-busy=0
xhci: cancelled request slot=5 endpoint=3 completion=26 residual=1
xhci: cancel slot=5 endpoint=3 pending-events=0 first-type=0 iman=2 usbsts=0 erdp=573c1130 dequeue=19 command-busy=0 irq-busy=0
xhci: cancelled request slot=5 endpoint=3 completion=26 residual=1
xhci: cancel slot=5 endpoint=3 pending-events=0 first-type=0 iman=2 usbsts=0 erdp=573c1160 dequeue=22 command-busy=0 irq-busy=0
xhci: cancelled request slot=5 endpoint=3 completion=26 residual=1
xhci: cancel slot=5 endpoint=3 pending-events=0 first-type=0 iman=2 usbsts=0 erdp=573c1210 dequeue=33 command-busy=0 irq-busy=0
xhci: cancelled request slot=5 endpoint=3 completion=26 residual=1
xhci: cancel slot=5 endpoint=3 pending-events=0 first-type=0 iman=2 usbsts=0 erdp=573c1420 dequeue=66 command-busy=0 irq-busy=0
xhci: cancelled request slot=5 endpoint=3 completion=26 residual=1
xhci: cancel slot=5 endpoint=3 pending-events=0 first-type=0 iman=2 usbsts=0 erdp=573c1470 dequeue=71 command-busy=0 irq-busy=0
xhci: cancelled request slot=5 endpoint=3 completion=26 residual=1
xhci: cancel slot=5 endpoint=3 pending-events=0 first-type=0 iman=2 usbsts=0 erdp=573c14a0 dequeue=74 command-busy=0 irq-busy=0
xhci: cancelled request slot=5 endpoint=3 completion=26 residual=1
xhci: cancel slot=5 endpoint=3 pending-events=0 first-type=0 iman=2 usbsts=0 erdp=573c1510 dequeue=81 command-busy=0 irq-busy=0
xhci: cancelled request slot=5 endpoint=3 completion=26 residual=1
xhci: cancel slot=5 endpoint=3 pending-events=0 first-type=0 iman=2 usbsts=0 erdp=573c1540 dequeue=84 command-busy=0 irq-busy=0
xhci: cancelled request slot=5 endpoint=3 completion=26 residual=1
xhci: cancel slot=5 endpoint=3 pending-events=0 first-type=0 iman=2 usbsts=0 erdp=573c1590 dequeue=89 command-busy=0 irq-busy=0
xhci: cancelled request slot=5 endpoint=3 completion=26 residual=1
i915: perf: markers 62: wait 0.94 ms, run 0.01 ms
i915: perf: 5632 ms: 20 presents (3.55/s), 62 submits, 102 batches | per submit ms: 6.92 (build 0.24, run 6.67, gpu 5.89) | per present ms: 0.89 (copy 0.84, publish 0.00, flip 0.00)
xhci: cancel slot=5 endpoint=3 pending-events=0 first-type=0 iman=2 usbsts=0 erdp=573c15c0 dequeue=92 command-busy=0 irq-busy=0
xhci: cancelled request slot=5 endpoint=3 completion=26 residual=1
xhci: cancel slot=5 endpoint=3 pending-events=0 first-type=0 iman=2 usbsts=0 erdp=573c1670 dequeue=103 command-busy=0 irq-busy=0
xhci: cancelled request slot=5 endpoint=3 completion=26 residual=1
i915: resident shim: ring rewound (idle context)
xhci: cancel slot=5 endpoint=3 pending-events=0 first-type=0 iman=2 usbsts=0 erdp=573c1880 dequeue=136 command-busy=0 irq-busy=0
xhci: cancelled request slot=5 endpoint=3 completion=26 residual=1
xhci: cancel slot=5 endpoint=3 pending-events=0 first-type=0 iman=2 usbsts=0 erdp=573c18d0 dequeue=141 command-busy=0 irq-busy=0
xhci: cancelled request slot=5 endpoint=3 completion=26 residual=1
i915: resident shim: ring rewound (idle context)
xhci: cancel slot=5 endpoint=3 pending-events=0 first-type=0 iman=2 usbsts=0 erdp=573c1900 dequeue=144 command-busy=0 irq-busy=0
xhci: cancelled request slot=5 endpoint=3 completion=26 residual=1
xhci: cancel slot=5 endpoint=3 pending-events=0 first-type=0 iman=2 usbsts=0 erdp=573c1970 dequeue=151 command-busy=0 irq-busy=0
xhci: cancelled request slot=5 endpoint=3 completion=26 residual=1
xhci: cancel slot=5 endpoint=3 pending-events=0 first-type=0 iman=2 usbsts=0 erdp=573c19a0 dequeue=154 command-busy=0 irq-busy=0
xhci: cancelled request slot=5 endpoint=3 completion=26 residual=1
xhci: cancel slot=5 endpoint=3 pending-events=0 first-type=0 iman=2 usbsts=0 erdp=573c19f0 dequeue=159 command-busy=0 irq-busy=0
xhci: cancelled request slot=5 endpoint=3 completion=26 residual=1
xhci: cancel slot=5 endpoint=3 pending-events=0 first-type=0 iman=2 usbsts=0 erdp=573c1a20 dequeue=162 command-busy=0 irq-busy=0
xhci: cancelled request slot=5 endpoint=3 completion=26 residual=1
i915: vk: an object (kind 18) was destroyed before what names it: 0 views, 0 descriptor sets, 0 framebuffers and 1 command buffers let go of it
i915: vk: an object (kind 8) was destroyed before what names it: 0 views, 0 descriptor sets, 0 framebuffers and 1 command buffers let go of it
i915: vk: an object (kind 8) was destroyed before what names it: 0 views, 0 descriptor sets, 0 framebuffers and 1 command buffers let go of it
i915: vk: an object (kind 18) was destroyed before what names it: 0 views, 0 descriptor sets, 0 framebuffers and 1 command buffers let go of it
i915: vk: an object (kind 9) was destroyed before what names it: 0 views, 2 descriptor sets, 0 framebuffers and 0 command buffers let go of it
i915: vk: an object (kind 9) was destroyed before what names it: 0 views, 2 descriptor sets, 0 framebuffers and 0 command buffers let go of it
i915: vk: an object (kind 9) was destroyed before what names it: 0 views, 2 descriptor sets, 0 framebuffers and 0 command buffers let go of it
i915: vk: an object (kind 8) was destroyed before what names it: 0 views, 0 descriptor sets, 0 framebuffers and 1 command buffers let go of it
i915: vk: an object (kind 9) was destroyed before what names it: 0 views, 1 descriptor sets, 0 framebuffers and 0 command buffers let go of it
i915: vk: an object (kind 9) was destroyed before what names it: 0 views, 2 descriptor sets, 0 framebuffers and 0 command buffers let go of it
i915: vk: an object (kind 9) was destroyed before what names it: 0 views, 2 descriptor sets, 0 framebuffers and 0 command buffers let go of it
i915: vk: an object (kind 9) was destroyed before what names it: 0 views, 2 descriptor sets, 0 framebuffers and 0 command buffers let go of it
xhci: cancel slot=5 endpoint=3 pending-events=0 first-type=0 iman=2 usbsts=0 erdp=573c1b80 dequeue=184 command-busy=0 irq-busy=0
xhci: cancelled request slot=5 endpoint=3 completion=26 residual=1
xhci: cancel slot=5 endpoint=3 pending-events=0 first-type=0 iman=2 usbsts=0 erdp=573c1030 dequeue=3 command-busy=0 irq-busy=0
xhci: cancelled request slot=5 endpoint=3 completion=26 residual=1
xhci: cancel slot=5 endpoint=3 pending-events=0 first-type=0 iman=2 usbsts=0 erdp=573c1080 dequeue=8 command-busy=0 irq-busy=0
xhci: cancelled request slot=5 endpoint=3 completion=26 residual=1
i915: resident shim: ring rewound (idle context)
xhci: cancel slot=5 endpoint=3 pending-events=0 first-type=0 iman=2 usbsts=0 erdp=573c10b0 dequeue=11 command-busy=0 irq-busy=0
xhci: cancelled request slot=5 endpoint=3 completion=26 residual=1
xhci: cancel slot=5 endpoint=3 pending-events=0 first-type=0 iman=2 usbsts=0 erdp=573c1120 dequeue=18 command-busy=0 irq-busy=0
xhci: cancelled request slot=5 endpoint=3 completion=26 residual=1
xhci: cancel slot=5 endpoint=3 pending-events=0 first-type=0 iman=2 usbsts=0 erdp=573c1150 dequeue=21 command-busy=0 irq-busy=0
xhci: cancelled request slot=5 endpoint=3 completion=26 residual=1
xhci: cancel slot=5 endpoint=3 pending-events=0 first-type=0 iman=2 usbsts=0 erdp=573c11a0 dequeue=26 command-busy=0 irq-busy=0
xhci: cancelled request slot=5 endpoint=3 completion=26 residual=1
xhci: cancel slot=5 endpoint=3 pending-events=0 first-type=0 iman=2 usbsts=0 erdp=573c11d0 dequeue=29 command-busy=0 irq-busy=0
xhci: cancelled request slot=5 endpoint=3 completion=26 residual=1
xhci: cancel slot=5 endpoint=3 pending-events=0 first-type=0 iman=2 usbsts=0 erdp=573c1410 dequeue=65 command-busy=0 irq-busy=0
xhci: cancelled request slot=5 endpoint=3 completion=26 residual=1
i915: resident shim: ring rewound (idle context)
xhci: cancel slot=5 endpoint=3 pending-events=0 first-type=0 iman=2 usbsts=0 erdp=573c17b0 dequeue=123 command-busy=0 irq-busy=0
xhci: cancelled request slot=5 endpoint=3 completion=26 residual=1
i915: vk: an object (kind 18) was destroyed before what names it: 0 views, 0 descriptor sets, 0 framebuffers and 1 command buffers let go of it
xhci: cancel slot=5 endpoint=3 pending-events=0 first-type=0 iman=2 usbsts=0 erdp=573c1980 dequeue=152 command-busy=0 irq-busy=0
xhci: cancelled request slot=5 endpoint=3 completion=26 residual=1
i915: vk: an object (kind 8) was destroyed before what names it: 0 views, 0 descriptor sets, 0 framebuffers and 1 command buffers let go of it
i915: vk: an object (kind 18) was destroyed before what names it: 0 views, 0 descriptor sets, 0 framebuffers and 1 command buffers let go of it
i915: vk: an object (kind 9) was destroyed before what names it: 0 views, 2 descriptor sets, 0 framebuffers and 0 command buffers let go of it
i915: vk: an object (kind 9) was destroyed before what names it: 0 views, 2 descriptor sets, 0 framebuffers and 0 command buffers let go of it
i915: vk: an object (kind 9) was destroyed before what names it: 0 views, 2 descriptor sets, 0 framebuffers and 0 command buffers let go of it
i915: vk: an object (kind 8) was destroyed before what names it: 0 views, 0 descriptor sets, 0 framebuffers and 1 command buffers let go of it
i915: vk: an object (kind 9) was destroyed before what names it: 0 views, 1 descriptor sets, 0 framebuffers and 0 command buffers let go of it
i915: perf: markers 138: wait 0.16 ms, run 0.00 ms
i915: perf: 5016 ms: 57 presents (11.36/s), 138 submits, 158 batches | per submit ms: 5.94 (build 0.18, run 5.75, gpu 5.68) | per present ms: 3.52 (copy 1.15, publish 0.00, flip 0.97)
i915: vk: an object (kind 9) was destroyed before what names it: 0 views, 2 descriptor sets, 0 framebuffers and 0 command buffers let go of it
i915: vk: an object (kind 9) was destroyed before what names it: 0 views, 2 descriptor sets, 0 framebuffers and 0 command buffers let go of it
i915: vk: session 1: frames 116 in 5035 ms: per submit 1 runs (23 full) 66 ops (most 257), in submit 6777 us (runs 6553, record 223), between 36633 us
i915: vk: an object (kind 9) was destroyed before what names it: 0 views, 2 descriptor sets, 0 framebuffers and 0 command buffers let go of it
xhci: cancel slot=5 endpoint=3 pending-events=0 first-type=0 iman=2 usbsts=0 erdp=573c19b0 dequeue=155 command-busy=0 irq-busy=0
xhci: cancelled request slot=5 endpoint=3 completion=26 residual=1
xhci: cancel slot=5 endpoint=3 pending-events=0 first-type=0 iman=2 usbsts=0 erdp=573c1a20 dequeue=162 command-busy=0 irq-busy=0
xhci: cancelled request slot=5 endpoint=3 completion=26 residual=1
xhci: cancel slot=5 endpoint=3 pending-events=0 first-type=0 iman=2 usbsts=0 erdp=573c1a50 dequeue=165 command-busy=0 irq-busy=0
xhci: cancelled request slot=5 endpoint=3 completion=26 residual=1
xhci: cancel slot=5 endpoint=3 pending-events=0 first-type=0 iman=2 usbsts=0 erdp=573c1aa0 dequeue=170 command-busy=0 irq-busy=0
xhci: cancelled request slot=5 endpoint=3 completion=26 residual=1
xhci: cancel slot=5 endpoint=3 pending-events=0 first-type=0 iman=2 usbsts=0 erdp=573c1ad0 dequeue=173 command-busy=0 irq-busy=0
xhci: cancelled request slot=5 endpoint=3 completion=26 residual=1
i915: resident shim: ring rewound (idle context)
xhci: cancel slot=5 endpoint=3 pending-events=0 first-type=0 iman=2 usbsts=0 erdp=573c1b80 dequeue=184 command-busy=0 irq-busy=0
xhci: cancelled request slot=5 endpoint=3 completion=26 residual=1
xhci: cancel slot=5 endpoint=3 pending-events=0 first-type=0 iman=2 usbsts=0 erdp=573c1d90 dequeue=217 command-busy=0 irq-busy=0
xhci: cancelled request slot=5 endpoint=3 completion=26 residual=1
xhci: cancel slot=5 endpoint=3 pending-events=0 first-type=0 iman=2 usbsts=0 erdp=573c1de0 dequeue=222 command-busy=0 irq-busy=0
xhci: cancelled request slot=5 endpoint=3 completion=26 residual=1
xhci: cancel slot=5 endpoint=3 pending-events=0 first-type=0 iman=2 usbsts=0 erdp=573c1e10 dequeue=225 command-busy=0 irq-busy=0
xhci: cancelled request slot=5 endpoint=3 completion=26 residual=1
xhci: cancel slot=5 endpoint=3 pending-events=0 first-type=0 iman=2 usbsts=0 erdp=573c1f40 dequeue=244 command-busy=0 irq-busy=0
xhci: cancelled request slot=5 endpoint=3 completion=26 residual=1
xhci: cancel slot=5 endpoint=3 pending-events=0 first-type=0 iman=2 usbsts=0 erdp=573c1fb0 dequeue=251 command-busy=0 irq-busy=0
xhci: cancelled request slot=5 endpoint=3 completion=26 residual=1
i915: resident shim: ring rewound (idle context)
xhci: cancel slot=5 endpoint=3 pending-events=0 first-type=0 iman=2 usbsts=0 erdp=573c10c0 dequeue=12 command-busy=0 irq-busy=0
xhci: cancelled request slot=5 endpoint=3 completion=26 residual=1
xhci: cancel slot=5 endpoint=3 pending-events=0 first-type=0 iman=2 usbsts=0 erdp=573c11d0 dequeue=29 command-busy=0 irq-busy=0
xhci: cancelled request slot=5 endpoint=3 completion=26 residual=1
xhci: cancel slot=5 endpoint=3 pending-events=0 first-type=0 iman=2 usbsts=0 erdp=573c1340 dequeue=52 command-busy=0 irq-busy=0
xhci: cancelled request slot=5 endpoint=3 completion=26 residual=1
i915: resident shim: ring rewound (idle context)
xhci: cancel slot=5 endpoint=3 pending-events=0 first-type=0 iman=2 usbsts=0 erdp=573c15b0 dequeue=91 command-busy=0 irq-busy=0
xhci: cancelled request slot=5 endpoint=3 completion=26 residual=1
xhci: cancel slot=5 endpoint=3 pending-events=0 first-type=0 iman=2 usbsts=0 erdp=573c1660 dequeue=102 command-busy=0 irq-busy=0
xhci: cancelled request slot=5 endpoint=3 completion=26 residual=1
xhci: cancel slot=5 endpoint=3 pending-events=0 first-type=0 iman=2 usbsts=0 erdp=573c1690 dequeue=105 command-busy=0 irq-busy=0
xhci: cancelled request slot=5 endpoint=3 completion=26 residual=1
xhci: cancel slot=5 endpoint=3 pending-events=0 first-type=0 iman=2 usbsts=0 erdp=573c1700 dequeue=112 command-busy=0 irq-busy=0
xhci: cancelled request slot=5 endpoint=3 completion=26 residual=1
xhci: cancel slot=5 endpoint=3 pending-events=0 first-type=0 iman=2 usbsts=0 erdp=573c1730 dequeue=115 command-busy=0 irq-busy=0
xhci: cancelled request slot=5 endpoint=3 completion=26 residual=1
xhci: cancel slot=5 endpoint=3 pending-events=0 first-type=0 iman=2 usbsts=0 erdp=573c1780 dequeue=120 command-busy=0 irq-busy=0
xhci: cancelled request slot=5 endpoint=3 completion=26 residual=1
xhci: cancel slot=5 endpoint=3 pending-events=0 first-type=0 iman=2 usbsts=0 erdp=573c17b0 dequeue=123 command-busy=0 irq-busy=0
xhci: cancelled request slot=5 endpoint=3 completion=26 residual=1
xhci: cancel slot=5 endpoint=3 pending-events=0 first-type=0 iman=2 usbsts=0 erdp=573c1860 dequeue=134 command-busy=0 irq-busy=0
xhci: cancelled request slot=5 endpoint=3 completion=26 residual=1
i915: vk: session 1: frames 72 in 5598 ms: per submit 2 runs (36 full) 96 ops (most 224), in submit 9613 us (runs 9319, record 294), between 68142 us
i915: perf: markers 100: wait 0.15 ms, run 0.00 ms
i915: perf: 5646 ms: 37 presents (6.55/s), 100 submits, 137 batches | per submit ms: 7.61 (build 0.26, run 7.34, gpu 7.33) | per present ms: 0.90 (copy 0.87, publish 0.00, flip 0.00)
xhci: cancel slot=5 endpoint=3 pending-events=1 first-type=32 iman=2 usbsts=0 erdp=573c1c20 dequeue=194 command-busy=0 irq-busy=0
xhci: cancelled request slot=5 endpoint=3 completion=26 residual=1
xhci: cancel slot=5 endpoint=3 pending-events=0 first-type=0 iman=2 usbsts=0 erdp=573c1f10 dequeue=241 command-busy=0 irq-busy=0
xhci: cancelled request slot=5 endpoint=3 completion=26 residual=1
xhci: cancel slot=5 endpoint=3 pending-events=0 first-type=0 iman=2 usbsts=0 erdp=573c1f40 dequeue=244 command-busy=0 irq-busy=0
xhci: cancelled request slot=5 endpoint=3 completion=26 residual=1
xhci: cancel slot=5 endpoint=3 pending-events=0 first-type=0 iman=2 usbsts=0 erdp=573c1fb0 dequeue=251 command-busy=0 irq-busy=0
xhci: cancelled request slot=5 endpoint=3 completion=26 residual=1
xhci: cancel slot=5 endpoint=3 pending-events=0 first-type=0 iman=2 usbsts=0 erdp=573c1fe0 dequeue=254 command-busy=0 irq-busy=0
xhci: cancelled request slot=5 endpoint=3 completion=26 residual=1
xhci: cancel slot=5 endpoint=3 pending-events=0 first-type=0 iman=2 usbsts=0 erdp=573c1030 dequeue=3 command-busy=0 irq-busy=0
xhci: cancelled request slot=5 endpoint=3 completion=26 residual=1
xhci: cancel slot=5 endpoint=3 pending-events=0 first-type=0 iman=2 usbsts=0 erdp=573c1060 dequeue=6 command-busy=0 irq-busy=0
xhci: cancelled request slot=5 endpoint=3 completion=26 residual=1
xhci: cancel slot=5 endpoint=3 pending-events=0 first-type=0 iman=2 usbsts=0 erdp=573c1120 dequeue=18 command-busy=0 irq-busy=0
xhci: cancelled request slot=5 endpoint=3 completion=26 residual=1
xhci: cancel slot=5 endpoint=3 pending-events=0 first-type=0 iman=2 usbsts=0 erdp=573c11e0 dequeue=30 command-busy=0 irq-busy=0
xhci: cancelled request slot=5 endpoint=3 completion=26 residual=1
xhci: cancel slot=5 endpoint=3 pending-events=0 first-type=0 iman=2 usbsts=0 erdp=573c14e0 dequeue=78 command-busy=0 irq-busy=0
xhci: cancelled request slot=5 endpoint=3 completion=26 residual=1
i915: resident shim: ring rewound (idle context)
xhci: cancel slot=5 endpoint=3 pending-events=0 first-type=0 iman=2 usbsts=0 erdp=573c15f0 dequeue=95 command-busy=0 irq-busy=0
xhci: cancelled request slot=5 endpoint=3 completion=26 residual=1
xhci: cancel slot=5 endpoint=3 pending-events=0 first-type=0 iman=2 usbsts=0 erdp=573c1660 dequeue=102 command-busy=0 irq-busy=0
xhci: cancelled request slot=5 endpoint=3 completion=26 residual=1
xhci: cancel slot=5 endpoint=3 pending-events=0 first-type=0 iman=2 usbsts=0 erdp=573c1690 dequeue=105 command-busy=0 irq-busy=0
xhci: cancelled request slot=5 endpoint=3 completion=26 residual=1
xhci: cancel slot=5 endpoint=3 pending-events=0 first-type=0 iman=2 usbsts=0 erdp=573c1760 dequeue=118 command-busy=0 irq-busy=0
xhci: cancelled request slot=5 endpoint=3 completion=26 residual=1
xhci: cancel slot=5 endpoint=3 pending-events=0 first-type=0 iman=2 usbsts=0 erdp=573c1790 dequeue=121 command-busy=0 irq-busy=0
xhci: cancelled request slot=5 endpoint=3 completion=26 residual=1
xhci: cancel slot=5 endpoint=3 pending-events=0 first-type=0 iman=2 usbsts=0 erdp=573c1840 dequeue=132 command-busy=0 irq-busy=0
xhci: cancelled request slot=5 endpoint=3 completion=26 residual=1
xhci: cancel slot=5 endpoint=3 pending-events=0 first-type=0 iman=2 usbsts=0 erdp=573c1870 dequeue=135 command-busy=0 irq-busy=0
xhci: cancelled request slot=5 endpoint=3 completion=26 residual=1
xhci: cancel slot=5 endpoint=3 pending-events=0 first-type=0 iman=2 usbsts=0 erdp=573c1aa0 dequeue=170 command-busy=0 irq-busy=0
xhci: cancelled request slot=5 endpoint=3 completion=26 residual=1
xhci: cancel slot=5 endpoint=3 pending-events=0 first-type=0 iman=2 usbsts=0 erdp=573c1ae0 dequeue=174 command-busy=0 irq-busy=0
xhci: cancelled request slot=5 endpoint=3 completion=26 residual=1
xhci: cancel slot=5 endpoint=3 pending-events=0 first-type=0 iman=2 usbsts=0 erdp=573c1bd0 dequeue=189 command-busy=0 irq-busy=0
xhci: cancelled request slot=5 endpoint=3 completion=26 residual=1
xhci: cancel slot=5 endpoint=3 pending-events=0 first-type=0 iman=2 usbsts=0 erdp=573c1c00 dequeue=192 command-busy=0 irq-busy=0
xhci: cancelled request slot=5 endpoint=3 completion=26 residual=1
xhci: cancel slot=5 endpoint=3 pending-events=0 first-type=0 iman=2 usbsts=0 erdp=573c1c50 dequeue=197 command-busy=0 irq-busy=0
xhci: cancelled request slot=5 endpoint=3 completion=26 residual=1
i915: perf: markers 96: wait 0.62 ms, run 0.00 ms
i915: perf: 5669 ms: 33 presents (5.82/s), 96 submits, 128 batches | per submit ms: 7.05 (build 0.18, run 6.87, gpu 6.14) | per present ms: 0.91 (copy 0.83, publish 0.00, flip 0.00)
xhci: cancel slot=5 endpoint=3 pending-events=0 first-type=0 iman=2 usbsts=0 erdp=573c1c80 dequeue=200 command-busy=0 irq-busy=0
xhci: cancelled request slot=5 endpoint=3 completion=26 residual=1
i915: vk: session 1: frames 66 in 5697 ms: per submit 2 runs (33 full) 92 ops (most 212), in submit 9022 us (runs 8752, record 270), between 77299 us
xhci: cancel slot=5 endpoint=3 pending-events=0 first-type=0 iman=2 usbsts=0 erdp=573c1d30 dequeue=211 command-busy=0 irq-busy=0
xhci: cancelled request slot=5 endpoint=3 completion=26 residual=1
xhci: cancel slot=5 endpoint=3 pending-events=0 first-type=0 iman=2 usbsts=0 erdp=573c1dd0 dequeue=221 command-busy=0 irq-busy=0
xhci: cancelled request slot=5 endpoint=3 completion=26 residual=1
i915: resident shim: ring rewound (idle context)
xhci: cancel slot=5 endpoint=3 pending-events=0 first-type=0 iman=2 usbsts=0 erdp=573c10b0 dequeue=11 command-busy=0 irq-busy=0
xhci: cancelled request slot=5 endpoint=3 completion=26 residual=1
i915: resident shim: ring rewound (idle context)
xhci: cancel slot=5 endpoint=3 pending-events=0 first-type=0 iman=2 usbsts=0 erdp=573c1190 dequeue=25 command-busy=0 irq-busy=0
xhci: cancelled request slot=5 endpoint=3 completion=26 residual=1
xhci: cancel slot=5 endpoint=3 pending-events=0 first-type=0 iman=2 usbsts=0 erdp=573c1260 dequeue=38 command-busy=0 irq-busy=0
xhci: cancelled request slot=5 endpoint=3 completion=26 residual=1
i915: resident shim: ring rewound (idle context)
xhci: cancel slot=5 endpoint=3 pending-events=0 first-type=0 iman=2 usbsts=0 erdp=573c1300 dequeue=48 command-busy=0 irq-busy=0
xhci: cancelled request slot=5 endpoint=3 completion=26 residual=1
xhci: cancel slot=5 endpoint=3 pending-events=0 first-type=0 iman=2 usbsts=0 erdp=573c13f0 dequeue=63 command-busy=0 irq-busy=0
xhci: cancelled request slot=5 endpoint=3 completion=26 residual=1
xhci: cancel slot=5 endpoint=3 pending-events=0 first-type=0 iman=2 usbsts=0 erdp=573c1420 dequeue=66 command-busy=0 irq-busy=0
xhci: cancelled request slot=5 endpoint=3 completion=26 residual=1
xhci: cancel slot=5 endpoint=3 pending-events=0 first-type=0 iman=2 usbsts=0 erdp=573c14d0 dequeue=77 command-busy=0 irq-busy=0
xhci: cancelled request slot=5 endpoint=3 completion=26 residual=1
xhci: cancel slot=5 endpoint=3 pending-events=0 first-type=0 iman=2 usbsts=0 erdp=573c1520 dequeue=82 command-busy=0 irq-busy=0
xhci: cancelled request slot=5 endpoint=3 completion=26 residual=1
xhci: cancel slot=5 endpoint=3 pending-events=0 first-type=0 iman=2 usbsts=0 erdp=573c19d0 dequeue=157 command-busy=0 irq-busy=0
xhci: cancelled request slot=5 endpoint=3 completion=26 residual=1
xhci: cancel slot=5 endpoint=3 pending-events=0 first-type=0 iman=2 usbsts=0 erdp=573c1a40 dequeue=164 command-busy=0 irq-busy=0
xhci: cancelled request slot=5 endpoint=3 completion=26 residual=1
xhci: cancel slot=5 endpoint=3 pending-events=0 first-type=0 iman=2 usbsts=0 erdp=573c1b00 dequeue=176 command-busy=0 irq-busy=0
i915: resident shim: ring rewound (idle context)
xhci: cancelled request slot=5 endpoint=3 completion=26 residual=1
xhci: cancel slot=5 endpoint=3 pending-events=0 first-type=0 iman=2 usbsts=0 erdp=573c1c50 dequeue=197 command-busy=0 irq-busy=0
xhci: cancelled request slot=5 endpoint=3 completion=26 residual=1
xhci: cancel slot=5 endpoint=3 pending-events=0 first-type=0 iman=2 usbsts=0 erdp=573c1c80 dequeue=200 command-busy=0 irq-busy=0
xhci: cancelled request slot=5 endpoint=3 completion=26 residual=1
xhci: cancel slot=5 endpoint=3 pending-events=0 first-type=0 iman=2 usbsts=0 erdp=573c1cf0 dequeue=207 command-busy=0 irq-busy=0
xhci: cancelled request slot=5 endpoint=3 completion=26 residual=1
xhci: cancel slot=5 endpoint=3 pending-events=0 first-type=0 iman=2 usbsts=0 erdp=573c1d60 dequeue=214 command-busy=0 irq-busy=0
xhci: cancelled request slot=5 endpoint=3 completion=26 residual=1
xhci: cancel slot=5 endpoint=3 pending-events=0 first-type=0 iman=2 usbsts=0 erdp=573c1db0 dequeue=219 command-busy=0 irq-busy=0
xhci: cancelled request slot=5 endpoint=3 completion=26 residual=1
xhci: cancel slot=5 endpoint=3 pending-events=0 first-type=0 iman=2 usbsts=0 erdp=573c1fc0 dequeue=252 command-busy=0 irq-busy=0
xhci: cancelled request slot=5 endpoint=3 completion=26 residual=1
xhci: cancel slot=5 endpoint=3 pending-events=0 first-type=0 iman=2 usbsts=0 erdp=573c1030 dequeue=3 command-busy=0 irq-busy=0
xhci: cancelled request slot=5 endpoint=3 completion=26 residual=1
i915: vk: session 1: frames 76 in 5549 ms: per submit 2 runs (38 full) 91 ops (most 200), in submit 14234 us (runs 13961, record 272), between 58783 us
i915: perf: markers 106: wait 12.35 ms, run 0.00 ms
i915: perf: 5576 ms: 38 presents (6.81/s), 106 submits, 145 batches | per submit ms: 11.59 (build 0.24, run 11.35, gpu 10.38) | per present ms: 0.90 (copy 0.85, publish 0.00, flip 0.00)
xhci: cancel slot=5 endpoint=3 pending-events=0 first-type=0 iman=2 usbsts=0 erdp=573c1060 dequeue=6 command-busy=0 irq-busy=0
xhci: cancelled request slot=5 endpoint=3 completion=26 residual=1
xhci: cancel slot=5 endpoint=3 pending-events=0 first-type=0 iman=2 usbsts=0 erdp=573c10b0 dequeue=11 command-busy=0 irq-busy=0
xhci: cancelled request slot=5 endpoint=3 completion=26 residual=1
xhci: cancel slot=5 endpoint=3 pending-events=0 first-type=0 iman=2 usbsts=0 erdp=573c10e0 dequeue=14 command-busy=0 irq-busy=0
xhci: cancelled request slot=5 endpoint=3 completion=26 residual=1
xhci: cancel slot=5 endpoint=3 pending-events=0 first-type=0 iman=2 usbsts=0 erdp=573c1150 dequeue=21 command-busy=0 irq-busy=0
xhci: cancelled request slot=5 endpoint=3 completion=26 residual=1
xhci: cancel slot=5 endpoint=3 pending-events=0 first-type=0 iman=2 usbsts=0 erdp=573c11c0 dequeue=28 command-busy=0 irq-busy=0
xhci: cancelled request slot=5 endpoint=3 completion=26 residual=1
xhci: cancel slot=5 endpoint=3 pending-events=0 first-type=0 iman=2 usbsts=0 erdp=573c1210 dequeue=33 command-busy=0 irq-busy=0
xhci: cancelled request slot=5 endpoint=3 completion=26 residual=1
xhci: cancel slot=5 endpoint=3 pending-events=0 first-type=0 iman=2 usbsts=0 erdp=573c1420 dequeue=66 command-busy=0 irq-busy=0
xhci: cancelled request slot=5 endpoint=3 completion=26 residual=1
xhci: cancel slot=5 endpoint=3 pending-events=0 first-type=0 iman=2 usbsts=0 erdp=573c1490 dequeue=73 command-busy=0 irq-busy=0
xhci: cancelled request slot=5 endpoint=3 completion=26 residual=1
xhci: cancel slot=5 endpoint=3 pending-events=0 first-type=0 iman=2 usbsts=0 erdp=573c14c0 dequeue=76 command-busy=0 irq-busy=0
xhci: cancelled request slot=5 endpoint=3 completion=26 residual=1
xhci: cancel slot=5 endpoint=3 pending-events=0 first-type=0 iman=2 usbsts=0 erdp=573c1510 dequeue=81 command-busy=0 irq-busy=0
xhci: cancelled request slot=5 endpoint=3 completion=26 residual=1
xhci: cancel slot=5 endpoint=3 pending-events=0 first-type=0 iman=2 usbsts=0 erdp=573c1540 dequeue=84 command-busy=0 irq-busy=0
xhci: cancelled request slot=5 endpoint=3 completion=26 residual=1
xhci: cancel slot=5 endpoint=3 pending-events=0 first-type=0 iman=2 usbsts=0 erdp=573c15b0 dequeue=91 command-busy=0 irq-busy=0
xhci: cancelled request slot=5 endpoint=3 completion=26 residual=1
xhci: cancel slot=5 endpoint=3 pending-events=0 first-type=0 iman=2 usbsts=0 erdp=573c1620 dequeue=98 command-busy=0 irq-busy=0
xhci: cancelled request slot=5 endpoint=3 completion=26 residual=1
xhci: cancel slot=5 endpoint=3 pending-events=0 first-type=0 iman=2 usbsts=0 erdp=573c1670 dequeue=103 command-busy=0 irq-busy=0
xhci: cancelled request slot=5 endpoint=3 completion=26 residual=1
xhci: cancel slot=5 endpoint=3 pending-events=0 first-type=0 iman=2 usbsts=0 erdp=573c18f0 dequeue=143 command-busy=0 irq-busy=0
xhci: cancelled request slot=5 endpoint=3 completion=26 residual=1
xhci: cancel slot=5 endpoint=3 pending-events=0 first-type=0 iman=2 usbsts=0 erdp=573c1970 dequeue=151 command-busy=0 irq-busy=0
xhci: cancelled request slot=5 endpoint=3 completion=26 residual=1
xhci: cancel slot=5 endpoint=3 pending-events=0 first-type=0 iman=2 usbsts=0 erdp=573c1b60 dequeue=182 command-busy=0 irq-busy=0
xhci: cancelled request slot=5 endpoint=3 completion=26 residual=1
xhci: cancel slot=5 endpoint=3 pending-events=0 first-type=0 iman=2 usbsts=0 erdp=573c1bb0 dequeue=187 command-busy=0 irq-busy=0
xhci: cancelled request slot=5 endpoint=3 completion=26 residual=1
xhci: cancel slot=5 endpoint=3 pending-events=0 first-type=0 iman=2 usbsts=0 erdp=573c1be0 dequeue=190 command-busy=0 irq-busy=0
xhci: cancelled request slot=5 endpoint=3 completion=26 residual=1
i915: resident shim: ring rewound (idle context)
xhci: cancel slot=5 endpoint=3 pending-events=0 first-type=0 iman=2 usbsts=0 erdp=573c1cf0 dequeue=207 command-busy=0 irq-busy=0
xhci: cancelled request slot=5 endpoint=3 completion=26 residual=1
i915: perf: markers 54: wait 0.51 ms, run 0.00 ms
i915: perf: 5052 ms: 17 presents (3.36/s), 54 submits, 71 batches | per submit ms: 6.81 (build 0.16, run 6.64, gpu 6.07) | per present ms: 0.94 (copy 0.83, publish 0.00, flip 0.00)
xhci: cancel slot=5 endpoint=3 pending-events=0 first-type=0 iman=2 usbsts=0 erdp=573c1e10 dequeue=225 command-busy=0 irq-busy=0
xhci: cancelled request slot=5 endpoint=3 completion=26 residual=1
xhci: cancel slot=5 endpoint=3 pending-events=0 first-type=0 iman=2 usbsts=0 erdp=573c1e60 dequeue=230 command-busy=0 irq-busy=0
xhci: cancelled request slot=5 endpoint=3 completion=26 residual=1
xhci: cancel slot=5 endpoint=3 pending-events=0 first-type=0 iman=2 usbsts=0 erdp=573c1070 dequeue=7 command-busy=0 irq-busy=0
xhci: cancelled request slot=5 endpoint=3 completion=26 residual=1
xhci: cancel slot=5 endpoint=3 pending-events=0 first-type=0 iman=2 usbsts=0 erdp=573c10e0 dequeue=14 command-busy=0 irq-busy=0
xhci: cancelled request slot=5 endpoint=3 completion=26 residual=1
xhci: cancel slot=5 endpoint=3 pending-events=0 first-type=0 iman=2 usbsts=0 erdp=573c1180 dequeue=24 command-busy=0 irq-busy=0
xhci: cancelled request slot=5 endpoint=3 completion=26 residual=1
xhci: cancel slot=5 endpoint=3 pending-events=0 first-type=0 iman=2 usbsts=0 erdp=573c11d0 dequeue=29 command-busy=0 irq-busy=0
xhci: cancelled request slot=5 endpoint=3 completion=26 residual=1
xhci: cancel slot=5 endpoint=3 pending-events=0 first-type=0 iman=2 usbsts=0 erdp=573c1200 dequeue=32 command-busy=0 irq-busy=0
xhci: cancelled request slot=5 endpoint=3 completion=26 residual=1
xhci: cancel slot=5 endpoint=3 pending-events=0 first-type=0 iman=2 usbsts=0 erdp=573c12c0 dequeue=44 command-busy=0 irq-busy=0
xhci: cancelled request slot=5 endpoint=3 completion=26 residual=1
xhci: cancel slot=5 endpoint=3 pending-events=0 first-type=0 iman=2 usbsts=0 erdp=573c13b0 dequeue=59 command-busy=0 irq-busy=0
xhci: cancelled request slot=5 endpoint=3 completion=26 residual=1
xhci: cancel slot=5 endpoint=3 pending-events=0 first-type=0 iman=2 usbsts=0 erdp=573c1400 dequeue=64 command-busy=0 irq-busy=0
xhci: cancelled request slot=5 endpoint=3 completion=26 residual=1
xhci: cancel slot=5 endpoint=3 pending-events=0 first-type=0 iman=2 usbsts=0 erdp=573c18b0 dequeue=139 command-busy=0 irq-busy=0
xhci: cancelled request slot=5 endpoint=3 completion=26 residual=1
xhci: cancel slot=5 endpoint=3 pending-events=0 first-type=0 iman=2 usbsts=0 erdp=573c1920 dequeue=146 command-busy=0 irq-busy=0
xhci: cancelled request slot=5 endpoint=3 completion=26 residual=1
xhci: cancel slot=5 endpoint=3 pending-events=0 first-type=0 iman=2 usbsts=0 erdp=573c1950 dequeue=149 command-busy=0 irq-busy=0
xhci: cancelled request slot=5 endpoint=3 completion=26 residual=1
xhci: cancel slot=5 endpoint=3 pending-events=0 first-type=0 iman=2 usbsts=0 erdp=573c19a0 dequeue=154 command-busy=0 irq-busy=0
xhci: cancelled request slot=5 endpoint=3 completion=26 residual=1
xhci: cancel slot=5 endpoint=3 pending-events=0 first-type=0 iman=2 usbsts=0 erdp=573c19d0 dequeue=157 command-busy=0 irq-busy=0
xhci: cancelled request slot=5 endpoint=3 completion=26 residual=1
xhci: cancel slot=5 endpoint=3 pending-events=0 first-type=0 iman=2 usbsts=0 erdp=573c1a40 dequeue=164 command-busy=0 irq-busy=0
xhci: cancelled request slot=5 endpoint=3 completion=26 residual=1
xhci: cancel slot=5 endpoint=3 pending-events=0 first-type=0 iman=2 usbsts=0 erdp=573c1ab0 dequeue=171 command-busy=0 irq-busy=0
xhci: cancelled request slot=5 endpoint=3 completion=26 residual=1
xhci: cancel slot=5 endpoint=3 pending-events=0 first-type=0 iman=2 usbsts=0 erdp=573c1b00 dequeue=176 command-busy=0 irq-busy=0
xhci: cancelled request slot=5 endpoint=3 completion=26 residual=1
xhci: cancel slot=5 endpoint=3 pending-events=0 first-type=0 iman=2 usbsts=0 erdp=573c1d10 dequeue=209 command-busy=0 irq-busy=0
xhci: cancelled request slot=5 endpoint=3 completion=26 residual=1
i915: resident shim: ring rewound (idle context)
xhci: cancel slot=5 endpoint=3 pending-events=0 first-type=0 iman=2 usbsts=0 erdp=573c1e00 dequeue=224 command-busy=0 irq-busy=0
xhci: cancelled request slot=5 endpoint=3 completion=26 residual=1
i915: resident shim: ring rewound (idle context)
i915: perf: markers 74: wait 0.45 ms, run 0.00 ms
i915: perf: 5084 ms: 25 presents (4.91/s), 74 submits, 98 batches | per submit ms: 7.04 (build 0.17, run 6.86, gpu 6.42) | per present ms: 0.93 (copy 0.83, publish 0.00, flip 0.00)
i915: vk: session 1: frames 50 in 5109 ms: per submit 2 runs (25 full) 93 ops (most 200), in submit 9673 us (runs 9405, record 267), between 92524 us
xhci: cancel slot=5 endpoint=3 pending-events=0 first-type=0 iman=2 usbsts=0 erdp=573c1e30 dequeue=227 command-busy=0 irq-busy=0
xhci: cancelled request slot=5 endpoint=3 completion=26 residual=1
xhci: cancel slot=5 endpoint=3 pending-events=0 first-type=0 iman=2 usbsts=0 erdp=573c1e80 dequeue=232 command-busy=0 irq-busy=0
xhci: cancelled request slot=5 endpoint=3 completion=26 residual=1
xhci: cancel slot=5 endpoint=3 pending-events=0 first-type=0 iman=2 usbsts=0 erdp=573c1eb0 dequeue=235 command-busy=0 irq-busy=0
xhci: cancelled request slot=5 endpoint=3 completion=26 residual=1
xhci: cancel slot=5 endpoint=3 pending-events=0 first-type=0 iman=2 usbsts=0 erdp=573c1fb0 dequeue=251 command-busy=0 irq-busy=0
xhci: cancelled request slot=5 endpoint=3 completion=26 residual=1
xhci: cancel slot=5 endpoint=3 pending-events=0 first-type=0 iman=2 usbsts=0 erdp=573c1050 dequeue=5 command-busy=0 irq-busy=0
xhci: cancelled request slot=5 endpoint=3 completion=26 residual=1
i915: resident shim: ring rewound (idle context)
xhci: cancel slot=5 endpoint=3 pending-events=0 first-type=0 iman=2 usbsts=0 erdp=573c1140 dequeue=20 command-busy=0 irq-busy=0
xhci: cancelled request slot=5 endpoint=3 completion=26 residual=1
xhci: cancel slot=5 endpoint=3 pending-events=0 first-type=0 iman=2 usbsts=0 erdp=573c1350 dequeue=53 command-busy=0 irq-busy=0
xhci: cancelled request slot=5 endpoint=3 completion=26 residual=1
xhci: cancel slot=5 endpoint=3 pending-events=0 first-type=0 iman=2 usbsts=0 erdp=573c13c0 dequeue=60 command-busy=0 irq-busy=0
xhci: cancelled request slot=5 endpoint=3 completion=26 residual=1
xhci: cancel slot=5 endpoint=3 pending-events=0 first-type=0 iman=2 usbsts=0 erdp=573c13f0 dequeue=63 command-busy=0 irq-busy=0
xhci: cancelled request slot=5 endpoint=3 completion=26 residual=1
xhci: cancel slot=5 endpoint=3 pending-events=0 first-type=0 iman=2 usbsts=0 erdp=573c1440 dequeue=68 command-busy=0 irq-busy=0
xhci: cancelled request slot=5 endpoint=3 completion=26 residual=1
xhci: cancel slot=5 endpoint=3 pending-events=0 first-type=0 iman=2 usbsts=0 erdp=573c1470 dequeue=71 command-busy=0 irq-busy=0
xhci: cancelled request slot=5 endpoint=3 completion=26 residual=1
xhci: cancel slot=5 endpoint=3 pending-events=0 first-type=0 iman=2 usbsts=0 erdp=573c14e0 dequeue=78 command-busy=0 irq-busy=0
xhci: cancelled request slot=5 endpoint=3 completion=26 residual=1
xhci: cancel slot=5 endpoint=3 pending-events=0 first-type=0 iman=2 usbsts=0 erdp=573c1550 dequeue=85 command-busy=0 irq-busy=0
xhci: cancelled request slot=5 endpoint=3 completion=26 residual=1
xhci: cancel slot=5 endpoint=3 pending-events=0 first-type=0 iman=2 usbsts=0 erdp=573c15a0 dequeue=90 command-busy=0 irq-busy=0
xhci: cancelled request slot=5 endpoint=3 completion=26 residual=1
xhci: cancel slot=5 endpoint=3 pending-events=1 first-type=32 iman=2 usbsts=0 erdp=573c1790 dequeue=121 command-busy=0 irq-busy=0
xhci: cancelled request slot=5 endpoint=3 completion=26 residual=1
xhci: cancel slot=5 endpoint=3 pending-events=0 first-type=0 iman=2 usbsts=0 erdp=573c1820 dequeue=130 command-busy=0 irq-busy=0
xhci: cancelled request slot=5 endpoint=3 completion=26 residual=1
xhci: cancel slot=5 endpoint=3 pending-events=0 first-type=0 iman=2 usbsts=0 erdp=573c1910 dequeue=145 command-busy=0 irq-busy=0
xhci: cancelled request slot=5 endpoint=3 completion=26 residual=1
xhci: cancel slot=5 endpoint=3 pending-events=0 first-type=0 iman=2 usbsts=0 erdp=573c19d0 dequeue=157 command-busy=0 irq-busy=0
xhci: cancelled request slot=5 endpoint=3 completion=26 residual=1
i915: resident shim: ring rewound (idle context)
xhci: cancel slot=5 endpoint=3 pending-events=0 first-type=0 iman=2 usbsts=0 erdp=573c1aa0 dequeue=170 command-busy=0 irq-busy=0
xhci: cancelled request slot=5 endpoint=3 completion=26 residual=1
xhci: cancel slot=5 endpoint=3 pending-events=0 first-type=0 iman=2 usbsts=0 erdp=573c1b90 dequeue=185 command-busy=0 irq-busy=0
xhci: cancelled request slot=5 endpoint=3 completion=26 residual=1
i915: perf: markers 84: wait 0.32 ms, run 0.00 ms
i915: perf: 5016 ms: 29 presents (5.78/s), 84 submits, 114 batches | per submit ms: 7.54 (build 0.21, run 7.32, gpu 6.72) | per present ms: 0.88 (copy 0.86, publish 0.00, flip 0.00)
xhci: cancel slot=5 endpoint=3 pending-events=0 first-type=0 iman=2 usbsts=0 erdp=573c1c20 dequeue=194 command-busy=0 irq-busy=0
xhci: cancelled request slot=5 endpoint=3 completion=26 residual=1
xhci: cancel slot=5 endpoint=3 pending-events=0 first-type=0 iman=2 usbsts=0 erdp=573c1c70 dequeue=199 command-busy=0 irq-busy=0
xhci: cancelled request slot=5 endpoint=3 completion=26 residual=1
i915: vk: session 1: frames 60 in 5477 ms: per submit 2 runs (30 full) 90 ops (most 205), in submit 9179 us (runs 8917, record 261), between 82105 us
xhci: cancel slot=5 endpoint=3 pending-events=1 first-type=32 iman=2 usbsts=0 erdp=573c1dd0 dequeue=221 command-busy=0 irq-busy=0
xhci: cancelled request slot=5 endpoint=3 completion=26 residual=1
xhci: cancel slot=5 endpoint=3 pending-events=0 first-type=0 iman=2 usbsts=0 erdp=573c1ef0 dequeue=239 command-busy=0 irq-busy=0
xhci: cancelled request slot=5 endpoint=3 completion=26 residual=1
xhci: cancel slot=5 endpoint=3 pending-events=0 first-type=0 iman=2 usbsts=0 erdp=573c1f80 dequeue=248 command-busy=0 irq-busy=0
xhci: cancelled request slot=5 endpoint=3 completion=26 residual=1
xhci: cancel slot=5 endpoint=3 pending-events=0 first-type=0 iman=2 usbsts=0 erdp=573c10b0 dequeue=11 command-busy=0 irq-busy=0
xhci: cancelled request slot=5 endpoint=3 completion=26 residual=1
xhci: cancel slot=5 endpoint=3 pending-events=0 first-type=0 iman=2 usbsts=0 erdp=573c1150 dequeue=21 command-busy=0 irq-busy=0
xhci: cancelled request slot=5 endpoint=3 completion=26 residual=1
xhci: cancel slot=5 endpoint=3 pending-events=0 first-type=0 iman=2 usbsts=0 erdp=573c1230 dequeue=35 command-busy=0 irq-busy=0
xhci: cancelled request slot=5 endpoint=3 completion=26 residual=1
i915: resident shim: ring rewound (idle context)
xhci: cancel slot=5 endpoint=3 pending-events=0 first-type=0 iman=2 usbsts=0 erdp=573c1330 dequeue=51 command-busy=0 irq-busy=0
xhci: cancelled request slot=5 endpoint=3 completion=26 residual=1
xhci: cancel slot=5 endpoint=3 pending-events=0 first-type=0 iman=2 usbsts=0 erdp=573c1380 dequeue=56 command-busy=0 irq-busy=0
xhci: cancelled request slot=5 endpoint=3 completion=26 residual=1
xhci: cancel slot=5 endpoint=3 pending-events=1 first-type=32 iman=2 usbsts=0 erdp=573c1450 dequeue=69 command-busy=0 irq-busy=0
xhci: cancelled request slot=5 endpoint=3 completion=26 residual=1
xhci: cancel slot=5 endpoint=3 pending-events=0 first-type=0 iman=2 usbsts=0 erdp=573c18a0 dequeue=138 command-busy=0 irq-busy=0
xhci: cancelled request slot=5 endpoint=3 completion=26 residual=1
xhci: cancel slot=5 endpoint=3 pending-events=0 first-type=0 iman=2 usbsts=0 erdp=573c18d0 dequeue=141 command-busy=0 irq-busy=0
xhci: cancelled request slot=5 endpoint=3 completion=26 residual=1
xhci: cancel slot=5 endpoint=3 pending-events=0 first-type=0 iman=2 usbsts=0 erdp=573c19c0 dequeue=156 command-busy=0 irq-busy=0
xhci: cancelled request slot=5 endpoint=3 completion=26 residual=1
xhci: cancel slot=5 endpoint=3 pending-events=0 first-type=0 iman=2 usbsts=0 erdp=573c19f0 dequeue=159 command-busy=0 irq-busy=0
xhci: cancelled request slot=5 endpoint=3 completion=26 residual=1
xhci: cancel slot=5 endpoint=3 pending-events=0 first-type=0 iman=2 usbsts=0 erdp=573c1a60 dequeue=166 command-busy=0 irq-busy=0
xhci: cancelled request slot=5 endpoint=3 completion=26 residual=1
xhci: cancel slot=5 endpoint=3 pending-events=0 first-type=0 iman=2 usbsts=0 erdp=573c1ad0 dequeue=173 command-busy=0 irq-busy=0
xhci: cancelled request slot=5 endpoint=3 completion=26 residual=1
xhci: cancel slot=5 endpoint=3 pending-events=0 first-type=0 iman=2 usbsts=0 erdp=573c1bd0 dequeue=189 command-busy=0 irq-busy=0
xhci: cancelled request slot=5 endpoint=3 completion=26 residual=1
xhci: cancel slot=5 endpoint=3 pending-events=0 first-type=0 iman=2 usbsts=0 erdp=573c1cb0 dequeue=203 command-busy=0 irq-busy=0
xhci: cancelled request slot=5 endpoint=3 completion=26 residual=1
xhci: cancel slot=5 endpoint=3 pending-events=0 first-type=0 iman=2 usbsts=0 erdp=573c1fb0 dequeue=251 command-busy=0 irq-busy=0
xhci: cancelled request slot=5 endpoint=3 completion=26 residual=1
i915: perf: markers 102: wait 0.66 ms, run 0.00 ms
i915: perf: 5003 ms: 37 presents (7.39/s), 102 submits, 139 batches | per submit ms: 7.39 (build 0.17, run 7.22, gpu 6.33) | per present ms: 1.31 (copy 0.83, publish 0.00, flip 0.16)
xhci: cancel slot=5 endpoint=3 pending-events=0 first-type=0 iman=2 usbsts=0 erdp=573c1ff0 dequeue=255 command-busy=0 irq-busy=0
xhci: cancelled request slot=5 endpoint=3 completion=26 residual=1
xhci: cancel slot=5 endpoint=3 pending-events=0 first-type=0 iman=2 usbsts=0 erdp=573c1040 dequeue=4 command-busy=0 irq-busy=0
xhci: cancelled request slot=5 endpoint=3 completion=26 residual=1
xhci: cancel slot=5 endpoint=3 pending-events=0 first-type=0 iman=2 usbsts=0 erdp=573c1070 dequeue=7 command-busy=0 irq-busy=0
xhci: cancelled request slot=5 endpoint=3 completion=26 residual=1
i915: vk: session 1: frames 74 in 5400 ms: per submit 2 runs (37 full) 85 ops (most 193), in submit 8620 us (runs 8418, record 202), between 64355 us
i915: resident shim: ring rewound (idle context)
xhci: cancel slot=5 endpoint=3 pending-events=0 first-type=0 iman=2 usbsts=0 erdp=573c10e0 dequeue=14 command-busy=0 irq-busy=0
xhci: cancelled request slot=5 endpoint=3 completion=26 residual=1
xhci: cancel slot=5 endpoint=3 pending-events=0 first-type=0 iman=2 usbsts=0 erdp=573c1150 dequeue=21 command-busy=0 irq-busy=0
xhci: cancelled request slot=5 endpoint=3 completion=26 residual=1
xhci: cancel slot=5 endpoint=3 pending-events=0 first-type=0 iman=2 usbsts=0 erdp=573c11a0 dequeue=26 command-busy=0 irq-busy=0
xhci: cancelled request slot=5 endpoint=3 completion=26 residual=1
xhci: cancel slot=5 endpoint=3 pending-events=0 first-type=0 iman=2 usbsts=0 erdp=573c11d0 dequeue=29 command-busy=0 irq-busy=0
xhci: cancelled request slot=5 endpoint=3 completion=26 residual=1
xhci: cancel slot=5 endpoint=3 pending-events=0 first-type=0 iman=2 usbsts=0 erdp=573c1420 dequeue=66 command-busy=0 irq-busy=0
xhci: cancelled request slot=5 endpoint=3 completion=26 residual=1
xhci: cancel slot=5 endpoint=3 pending-events=0 first-type=0 iman=2 usbsts=0 erdp=573c1450 dequeue=69 command-busy=0 irq-busy=0
xhci: cancelled request slot=5 endpoint=3 completion=26 residual=1
xhci: cancel slot=5 endpoint=3 pending-events=0 first-type=0 iman=2 usbsts=0 erdp=573c14a0 dequeue=74 command-busy=0 irq-busy=0
xhci: cancelled request slot=5 endpoint=3 completion=26 residual=1
xhci: cancel slot=5 endpoint=3 pending-events=0 first-type=0 iman=2 usbsts=0 erdp=573c14d0 dequeue=77 command-busy=0 irq-busy=0
xhci: cancelled request slot=5 endpoint=3 completion=26 residual=1
xhci: cancel slot=5 endpoint=3 pending-events=0 first-type=0 iman=2 usbsts=0 erdp=573c1540 dequeue=84 command-busy=0 irq-busy=0
xhci: cancelled request slot=5 endpoint=3 completion=26 residual=1
xhci: cancel slot=5 endpoint=3 pending-events=0 first-type=0 iman=2 usbsts=0 erdp=573c15b0 dequeue=91 command-busy=0 irq-busy=0
xhci: cancelled request slot=5 endpoint=3 completion=26 residual=1
xhci: cancel slot=5 endpoint=3 pending-events=0 first-type=0 iman=2 usbsts=0 erdp=573c1600 dequeue=96 command-busy=0 irq-busy=0
xhci: cancelled request slot=5 endpoint=3 completion=26 residual=1
xhci: cancel slot=5 endpoint=3 pending-events=0 first-type=0 iman=2 usbsts=0 erdp=573c1630 dequeue=99 command-busy=0 irq-busy=0
xhci: cancelled request slot=5 endpoint=3 completion=26 residual=1
xhci: cancel slot=5 endpoint=3 pending-events=0 first-type=0 iman=2 usbsts=0 erdp=573c1880 dequeue=136 command-busy=0 irq-busy=0
xhci: cancelled request slot=5 endpoint=3 completion=26 residual=1
xhci: cancel slot=5 endpoint=3 pending-events=0 first-type=0 iman=2 usbsts=0 erdp=573c18b0 dequeue=139 command-busy=0 irq-busy=0
xhci: cancelled request slot=5 endpoint=3 completion=26 residual=1
xhci: cancel slot=5 endpoint=3 pending-events=0 first-type=0 iman=2 usbsts=0 erdp=573c1900 dequeue=144 command-busy=0 irq-busy=0
xhci: cancelled request slot=5 endpoint=3 completion=26 residual=1
xhci: cancel slot=5 endpoint=3 pending-events=0 first-type=0 iman=2 usbsts=0 erdp=573c1930 dequeue=147 command-busy=0 irq-busy=0
xhci: cancelled request slot=5 endpoint=3 completion=26 residual=1
xhci: cancel slot=5 endpoint=3 pending-events=0 first-type=0 iman=2 usbsts=0 erdp=573c19a0 dequeue=154 command-busy=0 irq-busy=0
xhci: cancelled request slot=5 endpoint=3 completion=26 residual=1
xhci: cancel slot=5 endpoint=3 pending-events=0 first-type=0 iman=2 usbsts=0 erdp=573c1a10 dequeue=161 command-busy=0 irq-busy=0
xhci: cancelled request slot=5 endpoint=3 completion=26 residual=1
i915: perf: markers 30: wait 0.15 ms, run 0.00 ms
i915: perf: 5291 ms: 9 presents (1.70/s), 30 submits, 38 batches | per submit ms: 6.31 (build 0.17, run 6.13, gpu 5.52) | per present ms: 0.86 (copy 0.83, publish 0.00, flip 0.00)
xhci: cancel slot=5 endpoint=3 pending-events=0 first-type=0 iman=2 usbsts=0 erdp=573c1a60 dequeue=166 command-busy=0 irq-busy=0
xhci: cancelled request slot=5 endpoint=3 completion=26 residual=1
xhci: cancel slot=5 endpoint=3 pending-events=0 first-type=0 iman=2 usbsts=0 erdp=573c1a90 dequeue=169 command-busy=0 irq-busy=0
xhci: cancelled request slot=5 endpoint=3 completion=26 residual=1
xhci: cancel slot=5 endpoint=3 pending-events=0 first-type=0 iman=2 usbsts=0 erdp=573c1f80 dequeue=248 command-busy=0 irq-busy=0
xhci: cancelled request slot=5 endpoint=3 completion=26 residual=1
xhci: cancel slot=5 endpoint=3 pending-events=0 first-type=0 iman=2 usbsts=0 erdp=573c1fb0 dequeue=251 command-busy=0 irq-busy=0
xhci: cancelled request slot=5 endpoint=3 completion=26 residual=1
xhci: cancel slot=5 endpoint=3 pending-events=0 first-type=0 iman=2 usbsts=0 erdp=573c1000 dequeue=0 command-busy=0 irq-busy=0
xhci: cancelled request slot=5 endpoint=3 completion=26 residual=1
xhci: cancel slot=5 endpoint=3 pending-events=0 first-type=0 iman=2 usbsts=0 erdp=573c1050 dequeue=5 command-busy=0 irq-busy=0
xhci: cancelled request slot=5 endpoint=3 completion=26 residual=1
i915: resident shim: ring rewound (idle context)
xhci: cancel slot=5 endpoint=3 pending-events=0 first-type=0 iman=2 usbsts=0 erdp=573c10a0 dequeue=10 command-busy=0 irq-busy=0
xhci: cancelled request slot=5 endpoint=3 completion=26 residual=1
xhci: cancel slot=5 endpoint=3 pending-events=0 first-type=0 iman=2 usbsts=0 erdp=573c1110 dequeue=17 command-busy=0 irq-busy=0
xhci: cancelled request slot=5 endpoint=3 completion=26 residual=1
xhci: cancel slot=5 endpoint=3 pending-events=0 first-type=0 iman=2 usbsts=0 erdp=573c1160 dequeue=22 command-busy=0 irq-busy=0
xhci: cancelled request slot=5 endpoint=3 completion=26 residual=1
xhci: cancel slot=5 endpoint=3 pending-events=0 first-type=0 iman=2 usbsts=0 erdp=573c11b0 dequeue=27 command-busy=0 irq-busy=0
xhci: cancelled request slot=5 endpoint=3 completion=26 residual=1
xhci: cancel slot=5 endpoint=3 pending-events=0 first-type=0 iman=2 usbsts=0 erdp=573c13e0 dequeue=62 command-busy=0 irq-busy=0
xhci: cancelled request slot=5 endpoint=3 completion=26 residual=1
xhci: cancel slot=5 endpoint=3 pending-events=0 first-type=0 iman=2 usbsts=0 erdp=573c1410 dequeue=65 command-busy=0 irq-busy=0
xhci: cancelled request slot=5 endpoint=3 completion=26 residual=1
xhci: cancel slot=5 endpoint=3 pending-events=0 first-type=0 iman=2 usbsts=0 erdp=573c1460 dequeue=70 command-busy=0 irq-busy=0
xhci: cancelled request slot=5 endpoint=3 completion=26 residual=1
xhci: cancel slot=5 endpoint=3 pending-events=0 first-type=0 iman=2 usbsts=0 erdp=573c14d0 dequeue=77 command-busy=0 irq-busy=0
xhci: cancelled request slot=5 endpoint=3 completion=26 residual=1
xhci: cancel slot=5 endpoint=3 pending-events=0 first-type=0 iman=2 usbsts=0 erdp=573c1500 dequeue=80 command-busy=0 irq-busy=0
xhci: cancelled request slot=5 endpoint=3 completion=26 residual=1
i915: vk: an object (kind 18) was destroyed before what names it: 0 views, 0 descriptor sets, 0 framebuffers and 1 command buffers let go of it
i915: vk: an object (kind 8) was destroyed before what names it: 0 views, 0 descriptor sets, 0 framebuffers and 1 command buffers let go of it
i915: vk: an object (kind 18) was destroyed before what names it: 0 views, 0 descriptor sets, 0 framebuffers and 1 command buffers let go of it
i915: vk: an object (kind 9) was destroyed before what names it: 0 views, 2 descriptor sets, 0 framebuffers and 0 command buffers let go of it
i915: vk: an object (kind 9) was destroyed before what names it: 0 views, 2 descriptor sets, 0 framebuffers and 0 command buffers let go of it
i915: vk: an object (kind 9) was destroyed before what names it: 0 views, 2 descriptor sets, 0 framebuffers and 0 command buffers let go of it
i915: vk: an object (kind 8) was destroyed before what names it: 0 views, 0 descriptor sets, 0 framebuffers and 1 command buffers let go of it
xhci: cancel slot=5 endpoint=3 pending-events=0 first-type=0 iman=2 usbsts=0 erdp=573c1680 dequeue=104 command-busy=0 irq-busy=0
xhci: cancelled request slot=5 endpoint=3 completion=26 residual=1
i915: vk: an object (kind 9) was destroyed before what names it: 0 views, 1 descriptor sets, 0 framebuffers and 0 command buffers let go of it
i915: vk: an object (kind 9) was destroyed before what names it: 0 views, 2 descriptor sets, 0 framebuffers and 0 command buffers let go of it
i915: vk: an object (kind 9) was destroyed before what names it: 0 views, 2 descriptor sets, 0 framebuffers and 0 command buffers let go of it
i915: vk: an object (kind 9) was destroyed before what names it: 0 views, 2 descriptor sets, 0 framebuffers and 0 command buffers let go of it
xhci: cancel slot=5 endpoint=3 pending-events=0 first-type=0 iman=2 usbsts=0 erdp=573c16b0 dequeue=107 command-busy=0 irq-busy=0
xhci: cancelled request slot=5 endpoint=3 completion=26 residual=1
xhci: cancel slot=5 endpoint=3 pending-events=0 first-type=0 iman=2 usbsts=0 erdp=573c1720 dequeue=114 command-busy=0 irq-busy=0
xhci: cancelled request slot=5 endpoint=3 completion=26 residual=1
xhci: cancel slot=5 endpoint=3 pending-events=0 first-type=0 iman=2 usbsts=0 erdp=573c1930 dequeue=147 command-busy=0 irq-busy=0
xhci: cancelled request slot=5 endpoint=3 completion=26 residual=1
xhci: cancel slot=5 endpoint=3 pending-events=0 first-type=0 iman=2 usbsts=0 erdp=573c1980 dequeue=152 command-busy=0 irq-busy=0
xhci: cancelled request slot=5 endpoint=3 completion=26 residual=1
xhci: cancel slot=5 endpoint=3 pending-events=0 first-type=0 iman=2 usbsts=0 erdp=573c19b0 dequeue=155 command-busy=0 irq-busy=0
xhci: cancelled request slot=5 endpoint=3 completion=26 residual=1
i915: perf: markers 54: wait 0.18 ms, run 0.00 ms
i915: perf: 5456 ms: 17 presents (3.11/s), 54 submits, 65 batches | per submit ms: 6.65 (build 0.12, run 6.53, gpu 6.42) | per present ms: 0.91 (copy 0.88, publish 0.00, flip 0.00)
xhci: cancel slot=5 endpoint=3 pending-events=0 first-type=0 iman=2 usbsts=0 erdp=573c1a20 dequeue=162 command-busy=0 irq-busy=0
xhci: cancelled request slot=5 endpoint=3 completion=26 residual=1
xhci: cancel slot=5 endpoint=3 pending-events=0 first-type=0 iman=2 usbsts=0 erdp=573c1a50 dequeue=165 command-busy=0 irq-busy=0
xhci: cancelled request slot=5 endpoint=3 completion=26 residual=1
xhci: cancel slot=5 endpoint=3 pending-events=0 first-type=0 iman=2 usbsts=0 erdp=573c1ae0 dequeue=174 command-busy=0 irq-busy=0
xhci: cancelled request slot=5 endpoint=3 completion=26 residual=1
i915: vk: an object (kind 18) was destroyed before what names it: 0 views, 0 descriptor sets, 0 framebuffers and 1 command buffers let go of it
i915: vk: an object (kind 8) was destroyed before what names it: 0 views, 0 descriptor sets, 0 framebuffers and 1 command buffers let go of it
i915: vk: an object (kind 9) was destroyed before what names it: 0 views, 2 descriptor sets, 0 framebuffers and 0 command buffers let go of it
i915: vk: an object (kind 9) was destroyed before what names it: 0 views, 2 descriptor sets, 0 framebuffers and 0 command buffers let go of it
i915: vk: an object (kind 9) was destroyed before what names it: 0 views, 2 descriptor sets, 0 framebuffers and 0 command buffers let go of it
i915: resident shim: ring rewound (idle context)
xhci: cancel slot=5 endpoint=3 pending-events=0 first-type=0 iman=2 usbsts=0 erdp=573c1c10 dequeue=193 command-busy=0 irq-busy=0
xhci: cancelled request slot=5 endpoint=3 completion=26 residual=1
xhci: cancel slot=5 endpoint=3 pending-events=0 first-type=0 iman=2 usbsts=0 erdp=573c1c80 dequeue=200 command-busy=0 irq-busy=0
xhci: cancelled request slot=5 endpoint=3 completion=26 residual=1
xhci: cancel slot=5 endpoint=3 pending-events=0 first-type=0 iman=2 usbsts=0 erdp=573c1e90 dequeue=233 command-busy=0 irq-busy=0
xhci: cancelled request slot=5 endpoint=3 completion=26 residual=1
xhci: cancel slot=5 endpoint=3 pending-events=0 first-type=0 iman=2 usbsts=0 erdp=573c1ee0 dequeue=238 command-busy=0 irq-busy=0
xhci: cancelled request slot=5 endpoint=3 completion=26 residual=1
xhci: cancel slot=5 endpoint=3 pending-events=0 first-type=0 iman=2 usbsts=0 erdp=573c1f10 dequeue=241 command-busy=0 irq-busy=0
xhci: cancelled request slot=5 endpoint=3 completion=26 residual=1
ucsi: rec 226 R 20000000 1 0
xhci: cancel slot=5 endpoint=3 pending-events=0 first-type=0 iman=2 usbsts=0 erdp=573c1f80 dequeue=248 command-busy=0 irq-busy=0
xhci: cancelled request slot=5 endpoint=3 completion=26 residual=1
xhci: cancel slot=5 endpoint=3 pending-events=0 first-type=0 iman=2 usbsts=0 erdp=573c1fb0 dequeue=251 command-busy=0 irq-busy=0
xhci: cancelled request slot=5 endpoint=3 completion=26 residual=1
xhci: cancel slot=5 endpoint=3 pending-events=0 first-type=0 iman=2 usbsts=0 erdp=573c1040 dequeue=4 command-busy=0 irq-busy=0
xhci: cancelled request slot=5 endpoint=3 completion=26 residual=1
xhci: cancel slot=5 endpoint=3 pending-events=0 first-type=0 iman=2 usbsts=0 erdp=573c1070 dequeue=7 command-busy=0 irq-busy=0
xhci: cancelled request slot=5 endpoint=3 completion=26 residual=1
xhci: cancel slot=5 endpoint=3 pending-events=0 first-type=0 iman=2 usbsts=0 erdp=573c10e0 dequeue=14 command-busy=0 irq-busy=0
xhci: cancelled request slot=5 endpoint=3 completion=26 residual=1
xhci: cancel slot=5 endpoint=3 pending-events=0 first-type=0 iman=2 usbsts=0 erdp=573c16d0 dequeue=109 command-busy=0 irq-busy=0
xhci: cancelled request slot=5 endpoint=3 completion=26 residual=1
i915: resident shim: ring rewound (idle context)
xhci: cancel slot=5 endpoint=3 pending-events=0 first-type=0 iman=2 usbsts=0 erdp=573c18b0 dequeue=139 command-busy=0 irq-busy=0
xhci: cancelled request slot=5 endpoint=3 completion=26 residual=1
xhci: cancel slot=5 endpoint=3 pending-events=0 first-type=0 iman=2 usbsts=0 erdp=573c1a30 dequeue=163 command-busy=0 irq-busy=0
xhci: cancelled request slot=5 endpoint=3 completion=26 residual=1
i915: vk: an object (kind 18) was destroyed before what names it: 0 views, 0 descriptor sets, 0 framebuffers and 1 command buffers let go of it
i915: vk: an object (kind 8) was destroyed before what names it: 0 views, 0 descriptor sets, 0 framebuffers and 1 command buffers let go of it
i915: vk: an object (kind 9) was destroyed before what names it: 0 views, 2 descriptor sets, 0 framebuffers and 0 command buffers let go of it
i915: vk: an object (kind 9) was destroyed before what names it: 0 views, 2 descriptor sets, 0 framebuffers and 0 command buffers let go of it
i915: vk: an object (kind 9) was destroyed before what names it: 0 views, 2 descriptor sets, 0 framebuffers and 0 command buffers let go of it
xhci: cancel slot=5 endpoint=3 pending-events=0 first-type=0 iman=2 usbsts=0 erdp=573c1b20 dequeue=178 command-busy=0 irq-busy=0
xhci: cancelled request slot=5 endpoint=3 completion=26 residual=1
i915: resident shim: ring rewound (idle context)
xhci: cancel slot=5 endpoint=3 pending-events=0 first-type=0 iman=2 usbsts=0 erdp=573c1ba0 dequeue=186 command-busy=0 irq-busy=0
xhci: cancelled request slot=5 endpoint=3 completion=26 residual=1
xhci: cancel slot=5 endpoint=3 pending-events=0 first-type=0 iman=2 usbsts=0 erdp=573c1c30 dequeue=195 command-busy=0 irq-busy=0
xhci: cancelled request slot=5 endpoint=3 completion=26 residual=1
xhci: cancel slot=5 endpoint=3 pending-events=0 first-type=0 iman=2 usbsts=0 erdp=573c1c60 dequeue=198 command-busy=0 irq-busy=0
xhci: cancelled request slot=5 endpoint=3 completion=26 residual=1
xhci: cancel slot=5 endpoint=3 pending-events=0 first-type=0 iman=2 usbsts=0 erdp=573c1cd0 dequeue=205 command-busy=0 irq-busy=0
xhci: cancelled request slot=5 endpoint=3 completion=26 residual=1
i915: perf: markers 126: wait 0.13 ms, run 0.01 ms
i915: perf: 5184 ms: 53 presents (10.22/s), 126 submits, 167 batches | per submit ms: 7.04 (build 0.16, run 6.88, gpu 6.69) | per present ms: 1.80 (copy 0.86, publish 0.00, flip 0.38)
xhci: cancel slot=5 endpoint=3 pending-events=0 first-type=0 iman=2 usbsts=0 erdp=573c1fb0 dequeue=251 command-busy=0 irq-busy=0
xhci: cancelled request slot=5 endpoint=3 completion=26 residual=1
i915: resident shim: ring rewound (idle context)
xhci: cancel slot=5 endpoint=3 pending-events=0 first-type=0 iman=2 usbsts=0 erdp=573c1000 dequeue=0 command-busy=0 irq-busy=0
xhci: cancelled request slot=5 endpoint=3 completion=26 residual=1
i915: vk: session 1: frames 114 in 5061 ms: per submit 1 runs (42 full) 69 ops (most 160), in submit 7803 us (runs 7621, record 181), between 36593 us
xhci: cancel slot=5 endpoint=3 pending-events=0 first-type=0 iman=2 usbsts=0 erdp=573c1120 dequeue=18 command-busy=0 irq-busy=0
xhci: cancelled request slot=5 endpoint=3 completion=26 residual=1
xhci: cancel slot=5 endpoint=3 pending-events=0 first-type=0 iman=2 usbsts=0 erdp=573c11e0 dequeue=30 command-busy=0 irq-busy=0
xhci: cancelled request slot=5 endpoint=3 completion=26 residual=1
xhci: cancel slot=5 endpoint=3 pending-events=0 first-type=0 iman=2 usbsts=0 erdp=573c1250 dequeue=37 command-busy=0 irq-busy=0
xhci: cancelled request slot=5 endpoint=3 completion=26 residual=1
xhci: cancel slot=5 endpoint=3 pending-events=0 first-type=0 iman=2 usbsts=0 erdp=573c12e0 dequeue=46 command-busy=0 irq-busy=0
xhci: cancelled request slot=5 endpoint=3 completion=26 residual=1
xhci: cancel slot=5 endpoint=3 pending-events=0 first-type=0 iman=2 usbsts=0 erdp=573c1310 dequeue=49 command-busy=0 irq-busy=0
xhci: cancelled request slot=5 endpoint=3 completion=26 residual=1
i915: resident shim: ring rewound (idle context)
xhci: cancel slot=5 endpoint=3 pending-events=0 first-type=0 iman=2 usbsts=0 erdp=573c1410 dequeue=65 command-busy=0 irq-busy=0
xhci: cancelled request slot=5 endpoint=3 completion=26 residual=1
xhci: cancel slot=5 endpoint=3 pending-events=0 first-type=0 iman=2 usbsts=0 erdp=573c17b0 dequeue=123 command-busy=0 irq-busy=0
xhci: cancelled request slot=5 endpoint=3 completion=26 residual=1
i915: resident shim: ring rewound (idle context)
xhci: cancel slot=5 endpoint=3 pending-events=0 first-type=0 iman=2 usbsts=0 erdp=573c1990 dequeue=153 command-busy=0 irq-busy=0
xhci: cancelled request slot=5 endpoint=3 completion=26 residual=1
xhci: cancel slot=5 endpoint=3 pending-events=0 first-type=0 iman=2 usbsts=0 erdp=573c1a90 dequeue=169 command-busy=0 irq-busy=0
xhci: cancelled request slot=5 endpoint=3 completion=26 residual=1
xhci: cancel slot=5 endpoint=3 pending-events=0 first-type=0 iman=2 usbsts=0 erdp=573c1b60 dequeue=182 command-busy=0 irq-busy=0
xhci: cancelled request slot=5 endpoint=3 completion=26 residual=1
xhci: cancel slot=5 endpoint=3 pending-events=0 first-type=0 iman=2 usbsts=0 erdp=573c1bc0 dequeue=188 command-busy=0 irq-busy=0
xhci: cancelled request slot=5 endpoint=3 completion=26 residual=1
xhci: cancel slot=5 endpoint=3 pending-events=0 first-type=0 iman=2 usbsts=0 erdp=573c1c50 dequeue=197 command-busy=0 irq-busy=0
xhci: cancelled request slot=5 endpoint=3 completion=26 residual=1
xhci: cancel slot=5 endpoint=3 pending-events=0 first-type=0 iman=2 usbsts=0 erdp=573c1d20 dequeue=210 command-busy=0 irq-busy=0
xhci: cancelled request slot=5 endpoint=3 completion=26 residual=1
xhci: cancel slot=5 endpoint=3 pending-events=0 first-type=0 iman=2 usbsts=0 erdp=573c1d90 dequeue=217 command-busy=0 irq-busy=0
xhci: cancelled request slot=5 endpoint=3 completion=26 residual=1
xhci: cancel slot=5 endpoint=3 pending-events=1 first-type=32 iman=2 usbsts=0 erdp=573c1f30 dequeue=243 command-busy=0 irq-busy=0
xhci: cancelled request slot=5 endpoint=3 completion=26 residual=1
xhci: cancel slot=5 endpoint=3 pending-events=0 first-type=0 iman=2 usbsts=0 erdp=573c1ff0 dequeue=255 command-busy=0 irq-busy=0
xhci: cancelled request slot=5 endpoint=3 completion=26 residual=1
i915: vk: an object (kind 18) was destroyed before what names it: 0 views, 0 descriptor sets, 0 framebuffers and 1 command buffers let go of it
i915: vk: an object (kind 8) was destroyed before what names it: 0 views, 0 descriptor sets, 0 framebuffers and 1 command buffers let go of it
i915: vk: an object (kind 18) was destroyed before what names it: 0 views, 0 descriptor sets, 0 framebuffers and 1 command buffers let go of it
i915: vk: an object (kind 18) was destroyed before what names it: 0 views, 0 descriptor sets, 0 framebuffers and 1 command buffers let go of it
i915: vk: an object (kind 9) was destroyed before what names it: 0 views, 2 descriptor sets, 0 framebuffers and 0 command buffers let go of it
i915: vk: an object (kind 9) was destroyed before what names it: 0 views, 2 descriptor sets, 0 framebuffers and 0 command buffers let go of it
i915: vk: an object (kind 8) was destroyed before what names it: 0 views, 0 descriptor sets, 0 framebuffers and 1 command buffers let go of it
i915: vk: an object (kind 9) was destroyed before what names it: 0 views, 2 descriptor sets, 0 framebuffers and 0 command buffers let go of it
i915: vk: an object (kind 8) was destroyed before what names it: 0 views, 0 descriptor sets, 0 framebuffers and 1 command buffers let go of it
i915: vk: an object (kind 9) was destroyed before what names it: 0 views, 1 descriptor sets, 0 framebuffers and 0 command buffers let go of it
i915: vk: an object (kind 9) was destroyed before what names it: 0 views, 2 descriptor sets, 0 framebuffers and 0 command buffers let go of it
i915: vk: an object (kind 9) was destroyed before what names it: 0 views, 2 descriptor sets, 0 framebuffers and 0 command buffers let go of it
i915: vk: an object (kind 9) was destroyed before what names it: 0 views, 2 descriptor sets, 0 framebuffers and 0 command buffers let go of it
i915: vk: an object (kind 9) was destroyed before what names it: 0 views, 2 descriptor sets, 0 framebuffers and 0 command buffers let go of it
i915: vk: an object (kind 9) was destroyed before what names it: 0 views, 2 descriptor sets, 0 framebuffers and 0 command buffers let go of it
i915: vk: an object (kind 9) was destroyed before what names it: 0 views, 2 descriptor sets, 0 framebuffers and 0 command buffers let go of it
xhci: cancel slot=5 endpoint=3 pending-events=0 first-type=0 iman=2 usbsts=0 erdp=573c1090 dequeue=9 command-busy=0 irq-busy=0
xhci: cancelled request slot=5 endpoint=3 completion=26 residual=1
i915: resident shim: ring rewound (idle context)
xhci: cancel slot=5 endpoint=3 pending-events=0 first-type=0 iman=2 usbsts=0 erdp=573c1100 dequeue=16 command-busy=0 irq-busy=0
xhci: cancelled request slot=5 endpoint=3 completion=26 residual=1
xhci: cancel slot=5 endpoint=3 pending-events=0 first-type=0 iman=2 usbsts=0 erdp=573c1130 dequeue=19 command-busy=0 irq-busy=0
xhci: cancelled request slot=5 endpoint=3 completion=26 residual=1
xhci: cancel slot=5 endpoint=3 pending-events=0 first-type=0 iman=2 usbsts=0 erdp=573c11c0 dequeue=28 command-busy=0 irq-busy=0
xhci: cancelled request slot=5 endpoint=3 completion=26 residual=1
xhci: cancel slot=5 endpoint=3 pending-events=0 first-type=0 iman=2 usbsts=0 erdp=573c11f0 dequeue=31 command-busy=0 irq-busy=0
xhci: cancelled request slot=5 endpoint=3 completion=26 residual=1
i915: perf: markers 175: wait 0.41 ms, run 0.01 ms
i915: perf: 5808 ms: 65 presents (11.19/s), 175 submits, 185 batches | per submit ms: 6.44 (build 0.12, run 6.32, gpu 5.77) | per present ms: 2.27 (copy 0.86, publish 0.00, flip 0.51)
i915: vk: session 1: frames 120 in 5252 ms: per submit 1 runs (14 full) 60 ops (most 206), in submit 7818 us (runs 7667, record 151), between 35955 us
xhci: cancel slot=5 endpoint=3 pending-events=0 first-type=0 iman=2 usbsts=0 erdp=573c1260 dequeue=38 command-busy=0 irq-busy=0
xhci: cancelled request slot=5 endpoint=3 completion=26 residual=1
xhci: cancel slot=5 endpoint=3 pending-events=1 first-type=32 iman=2 usbsts=0 erdp=573c1360 dequeue=54 command-busy=0 irq-busy=0
xhci: cancelled request slot=5 endpoint=3 completion=26 residual=1
xhci: cancel slot=5 endpoint=3 pending-events=0 first-type=0 iman=2 usbsts=0 erdp=573c17a0 dequeue=122 command-busy=0 irq-busy=0
xhci: cancelled request slot=5 endpoint=3 completion=26 residual=1
xhci: cancel slot=5 endpoint=3 pending-events=0 first-type=0 iman=2 usbsts=0 erdp=573c18a0 dequeue=138 command-busy=0 irq-busy=0
xhci: cancelled request slot=5 endpoint=3 completion=26 residual=1
xhci: cancel slot=5 endpoint=3 pending-events=0 first-type=0 iman=2 usbsts=0 erdp=573c1910 dequeue=145 command-busy=0 irq-busy=0
xhci: cancelled request slot=5 endpoint=3 completion=26 residual=1
xhci: cancel slot=5 endpoint=3 pending-events=0 first-type=0 iman=2 usbsts=0 erdp=573c1940 dequeue=148 command-busy=0 irq-busy=0
xhci: cancelled request slot=5 endpoint=3 completion=26 residual=1
xhci: cancel slot=5 endpoint=3 pending-events=0 first-type=0 iman=2 usbsts=0 erdp=573c19d0 dequeue=157 command-busy=0 irq-busy=0
xhci: cancelled request slot=5 endpoint=3 completion=26 residual=1
i915: resident shim: ring rewound (idle context)
xhci: cancel slot=5 endpoint=3 pending-events=0 first-type=0 iman=2 usbsts=0 erdp=573c1ab0 dequeue=171 command-busy=0 irq-busy=0
xhci: cancelled request slot=5 endpoint=3 completion=26 residual=1
xhci: cancel slot=5 endpoint=3 pending-events=0 first-type=0 iman=2 usbsts=0 erdp=573c1b30 dequeue=179 command-busy=0 irq-busy=0
xhci: cancelled request slot=5 endpoint=3 completion=26 residual=1
xhci: cancel slot=5 endpoint=3 pending-events=0 first-type=0 iman=2 usbsts=0 erdp=573c1b60 dequeue=182 command-busy=0 irq-busy=0
xhci: cancelled request slot=5 endpoint=3 completion=26 residual=1
xhci: cancel slot=5 endpoint=3 pending-events=0 first-type=0 iman=2 usbsts=0 erdp=573c1d90 dequeue=217 command-busy=0 irq-busy=0
xhci: cancelled request slot=5 endpoint=3 completion=26 residual=1
xhci: cancel slot=5 endpoint=3 pending-events=0 first-type=0 iman=2 usbsts=0 erdp=573c1e10 dequeue=225 command-busy=0 irq-busy=0
xhci: cancelled request slot=5 endpoint=3 completion=26 residual=1
xhci: cancel slot=5 endpoint=3 pending-events=0 first-type=0 iman=2 usbsts=0 erdp=573c1f20 dequeue=242 command-busy=0 irq-busy=0
xhci: cancelled request slot=5 endpoint=3 completion=26 residual=1
i915: resident shim: ring rewound (idle context)
xhci: cancel slot=5 endpoint=3 pending-events=0 first-type=0 iman=2 usbsts=0 erdp=573c1f50 dequeue=245 command-busy=0 irq-busy=0
xhci: cancelled request slot=5 endpoint=3 completion=26 residual=1
xhci: cancel slot=5 endpoint=3 pending-events=0 first-type=0 iman=2 usbsts=0 erdp=573c1ff0 dequeue=255 command-busy=0 irq-busy=0
xhci: cancelled request slot=5 endpoint=3 completion=26 residual=1
i915: vk: an object (kind 18) was destroyed before what names it: 0 views, 0 descriptor sets, 0 framebuffers and 1 command buffers let go of it
i915: vk: an object (kind 8) was destroyed before what names it: 0 views, 0 descriptor sets, 0 framebuffers and 1 command buffers let go of it
i915: resident shim: ring rewound (idle context)
i915: vk: an object (kind 18) was destroyed before what names it: 0 views, 0 descriptor sets, 0 framebuffers and 1 command buffers let go of it
i915: vk: an object (kind 9) was destroyed before what names it: 0 views, 2 descriptor sets, 0 framebuffers and 0 command buffers let go of it
i915: vk: an object (kind 9) was destroyed before what names it: 0 views, 2 descriptor sets, 0 framebuffers and 0 command buffers let go of it
i915: vk: an object (kind 8) was destroyed before what names it: 0 views, 0 descriptor sets, 0 framebuffers and 1 command buffers let go of it
i915: vk: an object (kind 9) was destroyed before what names it: 0 views, 2 descriptor sets, 0 framebuffers and 0 command buffers let go of it
i915: vk: an object (kind 9) was destroyed before what names it: 0 views, 1 descriptor sets, 0 framebuffers and 0 command buffers let go of it
i915: vk: an object (kind 9) was destroyed before what names it: 0 views, 2 descriptor sets, 0 framebuffers and 0 command buffers let go of it
i915: vk: an object (kind 9) was destroyed before what names it: 0 views, 2 descriptor sets, 0 framebuffers and 0 command buffers let go of it
i915: vk: an object (kind 9) was destroyed before what names it: 0 views, 2 descriptor sets, 0 framebuffers and 0 command buffers let go of it
xhci: cancel slot=5 endpoint=3 pending-events=0 first-type=0 iman=2 usbsts=0 erdp=573c1090 dequeue=9 command-busy=0 irq-busy=0
xhci: cancelled request slot=5 endpoint=3 completion=26 residual=1
xhci: cancel slot=5 endpoint=3 pending-events=0 first-type=0 iman=2 usbsts=0 erdp=573c1100 dequeue=16 command-busy=0 irq-busy=0
xhci: cancelled request slot=5 endpoint=3 completion=26 residual=1
xhci: cancel slot=5 endpoint=3 pending-events=0 first-type=0 iman=2 usbsts=0 erdp=573c1130 dequeue=19 command-busy=0 irq-busy=0
xhci: cancelled request slot=5 endpoint=3 completion=26 residual=1
xhci: cancel slot=5 endpoint=3 pending-events=0 first-type=0 iman=2 usbsts=0 erdp=573c1690 dequeue=105 command-busy=0 irq-busy=0
xhci: cancelled request slot=5 endpoint=3 completion=26 residual=1
xhci: cancel slot=5 endpoint=3 pending-events=0 first-type=0 iman=2 usbsts=0 erdp=573c16c0 dequeue=108 command-busy=0 irq-busy=0
xhci: cancelled request slot=5 endpoint=3 completion=26 residual=1
i915: vk: session 1: frames 76 in 5089 ms: per submit 2 runs (38 full) 94 ops (most 199), in submit 11198 us (runs 10991, record 206), between 55774 us
i915: perf: markers 102: wait 0.60 ms, run 0.00 ms
i915: perf: 5120 ms: 38 presents (7.42/s), 102 submits, 139 batches | per submit ms: 9.45 (build 0.19, run 9.25, gpu 8.54) | per present ms: 0.90 (copy 0.85, publish 0.00, flip 0.00)
xhci: cancel slot=5 endpoint=3 pending-events=0 first-type=0 iman=2 usbsts=0 erdp=573c1730 dequeue=115 command-busy=0 irq-busy=0
xhci: cancelled request slot=5 endpoint=3 completion=26 residual=1
xhci: cancel slot=5 endpoint=3 pending-events=0 first-type=0 iman=2 usbsts=0 erdp=573c17e0 dequeue=126 command-busy=0 irq-busy=0
xhci: cancelled request slot=5 endpoint=3 completion=26 residual=1
i915: resident shim: ring rewound (idle context)
xhci: cancel slot=5 endpoint=3 pending-events=0 first-type=0 iman=2 usbsts=0 erdp=573c1870 dequeue=135 command-busy=0 irq-busy=0
xhci: cancelled request slot=5 endpoint=3 completion=26 residual=1
xhci: cancel slot=5 endpoint=3 pending-events=0 first-type=0 iman=2 usbsts=0 erdp=573c18a0 dequeue=138 command-busy=0 irq-busy=0
xhci: cancelled request slot=5 endpoint=3 completion=26 residual=1
xhci: cancel slot=5 endpoint=3 pending-events=0 first-type=0 iman=2 usbsts=0 erdp=573c19b0 dequeue=155 command-busy=0 irq-busy=0
xhci: cancelled request slot=5 endpoint=3 completion=26 residual=1
xhci: cancel slot=5 endpoint=3 pending-events=0 first-type=0 iman=2 usbsts=0 erdp=573c19e0 dequeue=158 command-busy=0 irq-busy=0
xhci: cancelled request slot=5 endpoint=3 completion=26 residual=1
xhci: cancel slot=5 endpoint=3 pending-events=0 first-type=0 iman=2 usbsts=0 erdp=573c1c10 dequeue=193 command-busy=0 irq-busy=0
xhci: cancelled request slot=5 endpoint=3 completion=26 residual=1
i915: vk: an object (kind 18) was destroyed before what names it: 0 views, 0 descriptor sets, 0 framebuffers and 1 command buffers let go of it
i915: vk: an object (kind 8) was destroyed before what names it: 0 views, 0 descriptor sets, 0 framebuffers and 1 command buffers let go of it
i915: vk: an object (kind 18) was destroyed before what names it: 0 views, 0 descriptor sets, 0 framebuffers and 1 command buffers let go of it
i915: vk: an object (kind 9) was destroyed before what names it: 0 views, 2 descriptor sets, 0 framebuffers and 0 command buffers let go of it
i915: vk: an object (kind 9) was destroyed before what names it: 0 views, 2 descriptor sets, 0 framebuffers and 0 command buffers let go of it
i915: vk: an object (kind 8) was destroyed before what names it: 0 views, 0 descriptor sets, 0 framebuffers and 1 command buffers let go of it
i915: vk: an object (kind 9) was destroyed before what names it: 0 views, 2 descriptor sets, 0 framebuffers and 0 command buffers let go of it
i915: vk: an object (kind 9) was destroyed before what names it: 0 views, 1 descriptor sets, 0 framebuffers and 0 command buffers let go of it
i915: vk: an object (kind 9) was destroyed before what names it: 0 views, 2 descriptor sets, 0 framebuffers and 0 command buffers let go of it
i915: vk: an object (kind 9) was destroyed before what names it: 0 views, 2 descriptor sets, 0 framebuffers and 0 command buffers let go of it
i915: vk: an object (kind 9) was destroyed before what names it: 0 views, 2 descriptor sets, 0 framebuffers and 0 command buffers let go of it
xhci: cancel slot=5 endpoint=3 pending-events=0 first-type=0 iman=2 usbsts=0 erdp=573c1cb0 dequeue=203 command-busy=0 irq-busy=0
xhci: cancelled request slot=5 endpoint=3 completion=26 residual=1
xhci: cancel slot=5 endpoint=3 pending-events=0 first-type=0 iman=2 usbsts=0 erdp=573c1d20 dequeue=210 command-busy=0 irq-busy=0
xhci: cancelled request slot=5 endpoint=3 completion=26 residual=1
xhci: cancel slot=5 endpoint=3 pending-events=0 first-type=0 iman=2 usbsts=0 erdp=573c1df0 dequeue=223 command-busy=0 irq-busy=0
xhci: cancelled request slot=5 endpoint=3 completion=26 residual=1
xhci: cancel slot=5 endpoint=3 pending-events=0 first-type=0 iman=2 usbsts=0 erdp=573c1e80 dequeue=232 command-busy=0 irq-busy=0
xhci: cancelled request slot=5 endpoint=3 completion=26 residual=1
xhci: cancel slot=5 endpoint=3 pending-events=0 first-type=0 iman=2 usbsts=0 erdp=573c1eb0 dequeue=235 command-busy=0 irq-busy=0
xhci: cancelled request slot=5 endpoint=3 completion=26 residual=1
i915: resident shim: ring rewound (idle context)
xhci: cancel slot=5 endpoint=3 pending-events=0 first-type=0 iman=2 usbsts=0 erdp=573c1f90 dequeue=249 command-busy=0 irq-busy=0
xhci: cancelled request slot=5 endpoint=3 completion=26 residual=1
xhci: cancel slot=5 endpoint=3 pending-events=0 first-type=0 iman=2 usbsts=0 erdp=573c1fc0 dequeue=252 command-busy=0 irq-busy=0
xhci: cancelled request slot=5 endpoint=3 completion=26 residual=1
xhci: cancel slot=5 endpoint=3 pending-events=0 first-type=0 iman=2 usbsts=0 erdp=573c11f0 dequeue=31 command-busy=0 irq-busy=0
xhci: cancelled request slot=5 endpoint=3 completion=26 residual=1
xhci: cancel slot=5 endpoint=3 pending-events=0 first-type=0 iman=2 usbsts=0 erdp=573c1220 dequeue=34 command-busy=0 irq-busy=0
xhci: cancelled request slot=5 endpoint=3 completion=26 residual=1
i915: resident shim: ring rewound (idle context)
xhci: cancel slot=5 endpoint=3 pending-events=0 first-type=0 iman=2 usbsts=0 erdp=573c1340 dequeue=52 command-busy=0 irq-busy=0
xhci: cancelled request slot=5 endpoint=3 completion=26 residual=1
i915: resident shim: ring rewound (idle context)
xhci: cancel slot=5 endpoint=3 pending-events=0 first-type=0 iman=2 usbsts=0 erdp=573c1370 dequeue=55 command-busy=0 irq-busy=0
xhci: cancelled request slot=5 endpoint=3 completion=26 residual=1
xhci: cancel slot=5 endpoint=3 pending-events=0 first-type=0 iman=2 usbsts=0 erdp=573c1440 dequeue=68 command-busy=0 irq-busy=0
xhci: cancelled request slot=5 endpoint=3 completion=26 residual=1
xhci: cancel slot=5 endpoint=3 pending-events=0 first-type=0 iman=2 usbsts=0 erdp=573c1480 dequeue=72 command-busy=0 irq-busy=0
xhci: cancelled request slot=5 endpoint=3 completion=26 residual=1
xhci: cancel slot=5 endpoint=3 pending-events=0 first-type=0 iman=2 usbsts=0 erdp=573c14f0 dequeue=79 command-busy=0 irq-busy=0
xhci: cancelled request slot=5 endpoint=3 completion=26 residual=1
xhci: cancel slot=5 endpoint=3 pending-events=0 first-type=0 iman=2 usbsts=0 erdp=573c1520 dequeue=82 command-busy=0 irq-busy=0
xhci: cancelled request slot=5 endpoint=3 completion=26 residual=1
xhci: cancel slot=5 endpoint=3 pending-events=0 first-type=0 iman=2 usbsts=0 erdp=573c1750 dequeue=117 command-busy=0 irq-busy=0
xhci: cancelled request slot=5 endpoint=3 completion=26 residual=1
i915: perf: markers 130: wait 0.42 ms, run 0.00 ms
i915: perf: 5794 ms: 52 presents (8.97/s), 130 submits, 179 batches | per submit ms: 9.52 (build 0.17, run 9.34, gpu 8.59) | per present ms: 0.88 (copy 0.84, publish 0.00, flip 0.00)
i915: vk: session 1: frames 104 in 5824 ms: per submit 2 runs (52 full) 94 ops (most 199), in submit 11025 us (runs 10802, record 223), between 44980 us
xhci: cancel slot=5 endpoint=3 pending-events=0 first-type=0 iman=2 usbsts=0 erdp=573c1780 dequeue=120 command-busy=0 irq-busy=0
xhci: cancelled request slot=5 endpoint=3 completion=26 residual=1
xhci: cancel slot=5 endpoint=3 pending-events=0 first-type=0 iman=2 usbsts=0 erdp=573c1920 dequeue=146 command-busy=0 irq-busy=0
xhci: cancelled request slot=5 endpoint=3 completion=26 residual=1
xhci: cancel slot=5 endpoint=3 pending-events=0 first-type=0 iman=2 usbsts=0 erdp=573c1950 dequeue=149 command-busy=0 irq-busy=0
xhci: cancelled request slot=5 endpoint=3 completion=26 residual=1
i915: resident shim: ring rewound (idle context)
xhci: cancel slot=5 endpoint=3 pending-events=0 first-type=0 iman=2 usbsts=0 erdp=573c1a60 dequeue=166 command-busy=0 irq-busy=0
xhci: cancelled request slot=5 endpoint=3 completion=26 residual=1
xhci: cancel slot=5 endpoint=3 pending-events=0 first-type=0 iman=2 usbsts=0 erdp=573c1a90 dequeue=169 command-busy=0 irq-busy=0
xhci: cancelled request slot=5 endpoint=3 completion=26 residual=1
xhci: cancel slot=5 endpoint=3 pending-events=0 first-type=0 iman=2 usbsts=0 erdp=573c1b00 dequeue=176 command-busy=0 irq-busy=0
xhci: cancelled request slot=5 endpoint=3 completion=26 residual=1
xhci: cancel slot=5 endpoint=3 pending-events=0 first-type=0 iman=2 usbsts=0 erdp=573c1b30 dequeue=179 command-busy=0 irq-busy=0
xhci: cancelled request slot=5 endpoint=3 completion=26 residual=1
xhci: cancel slot=5 endpoint=3 pending-events=0 first-type=0 iman=2 usbsts=0 erdp=573c1060 dequeue=6 command-busy=0 irq-busy=0
xhci: cancelled request slot=5 endpoint=3 completion=26 residual=1
xhci: cancel slot=5 endpoint=3 pending-events=1 first-type=32 iman=2 usbsts=0 erdp=573c1230 dequeue=35 command-busy=0 irq-busy=0
xhci: cancelled request slot=5 endpoint=3 completion=26 residual=1
i915: resident shim: ring rewound (idle context)
xhci: cancel slot=5 endpoint=3 pending-events=0 first-type=0 iman=2 usbsts=0 erdp=573c13e0 dequeue=62 command-busy=0 irq-busy=0
xhci: cancelled request slot=5 endpoint=3 completion=26 residual=1
i915: resident shim: ring rewound (idle context)
xhci: cancel slot=5 endpoint=3 pending-events=0 first-type=0 iman=2 usbsts=0 erdp=573c1410 dequeue=65 command-busy=0 irq-busy=0
xhci: cancelled request slot=5 endpoint=3 completion=26 residual=1
xhci: cancel slot=5 endpoint=3 pending-events=0 first-type=0 iman=2 usbsts=0 erdp=573c14a0 dequeue=74 command-busy=0 irq-busy=0
xhci: cancelled request slot=5 endpoint=3 completion=26 residual=1
xhci: cancel slot=5 endpoint=3 pending-events=0 first-type=0 iman=2 usbsts=0 erdp=573c14f0 dequeue=79 command-busy=0 irq-busy=0
xhci: cancelled request slot=5 endpoint=3 completion=26 residual=1
xhci: cancel slot=5 endpoint=3 pending-events=0 first-type=0 iman=2 usbsts=0 erdp=573c1540 dequeue=84 command-busy=0 irq-busy=0
xhci: cancelled request slot=5 endpoint=3 completion=26 residual=1
xhci: cancel slot=5 endpoint=3 pending-events=0 first-type=0 iman=2 usbsts=0 erdp=573c1570 dequeue=87 command-busy=0 irq-busy=0
xhci: cancelled request slot=5 endpoint=3 completion=26 residual=1
xhci: cancel slot=5 endpoint=3 pending-events=0 first-type=0 iman=2 usbsts=0 erdp=573c17a0 dequeue=122 command-busy=0 irq-busy=0
xhci: cancelled request slot=5 endpoint=3 completion=26 residual=1
xhci: cancel slot=5 endpoint=3 pending-events=0 first-type=0 iman=2 usbsts=0 erdp=573c17f0 dequeue=127 command-busy=0 irq-busy=0
xhci: cancelled request slot=5 endpoint=3 completion=26 residual=1
xhci: cancel slot=5 endpoint=3 pending-events=0 first-type=0 iman=2 usbsts=0 erdp=573c1840 dequeue=132 command-busy=0 irq-busy=0
xhci: cancelled request slot=5 endpoint=3 completion=26 residual=1
i915: resident shim: context sw_id=10 lrca=fc137119 pml4=0x1a1f69000 ring=16384 bytes engine=rcs0
i915: vk: pipeline compiled by the executor: vs 688 bytes (1 attributes, 1 push registers, 1 varyings), fs 304 bytes (1 inputs, 0 push registers, 1 sampled images)
i915: vk: an object (kind 9) was destroyed before what names it: 0 views, 1 descriptor sets, 0 framebuffers and 0 command buffers let go of it
i915: vk: first draw: batch 353 dwords at 0x102400000, state at 0x102200000, target 1040x680 at 0x102800000, depth no, 6 vertices
xhci: cancel slot=5 endpoint=3 pending-events=0 first-type=0 iman=2 usbsts=0 erdp=573c1ad0 dequeue=173 command-busy=0 irq-busy=0
xhci: cancelled request slot=5 endpoint=3 completion=26 residual=1
i915: vk: an object (kind 9) was destroyed before what names it: 0 views, 2 descriptor sets, 0 framebuffers and 0 command buffers let go of it
i915: vk: an object (kind 9) was destroyed before what names it: 0 views, 2 descriptor sets, 0 framebuffers and 0 command buffers let go of it
i915: vk: an object (kind 9) was destroyed before what names it: 0 views, 2 descriptor sets, 0 framebuffers and 0 command buffers let go of it
xhci: cancel slot=5 endpoint=3 pending-events=0 first-type=0 iman=2 usbsts=0 erdp=573c1b60 dequeue=182 command-busy=0 irq-busy=0
xhci: cancelled request slot=5 endpoint=3 completion=26 residual=1
xhci: cancel slot=5 endpoint=3 pending-events=0 first-type=0 iman=2 usbsts=0 erdp=573c1bb0 dequeue=187 command-busy=0 irq-busy=0
xhci: cancelled request slot=5 endpoint=3 completion=26 residual=1
xhci: cancel slot=5 endpoint=3 pending-events=0 first-type=0 iman=2 usbsts=0 erdp=573c1c00 dequeue=192 command-busy=0 irq-busy=0
xhci: cancelled request slot=5 endpoint=3 completion=26 residual=1
i915: perf: markers 127: wait 0.33 ms, run 0.01 ms
i915: perf: 5684 ms: 48 presents (8.44/s), 127 submits, 253 batches | per submit ms: 9.10 (build 0.42, run 8.67, gpu 8.11) | per present ms: 0.86 (copy 0.84, publish 0.00, flip 0.00)
i915: vk: session 1: frames 96 in 5688 ms: per submit 2 runs (127 full) 200 ops (most 601), in submit 10983 us (runs 10455, record 528), between 48267 us
i915: resident shim: ring rewound (idle context)
xhci: cancel slot=5 endpoint=3 pending-events=0 first-type=0 iman=2 usbsts=0 erdp=573c1c30 dequeue=195 command-busy=0 irq-busy=0
xhci: cancelled request slot=5 endpoint=3 completion=26 residual=1
xhci: cancel slot=5 endpoint=3 pending-events=0 first-type=0 iman=2 usbsts=0 erdp=573c1e60 dequeue=230 command-busy=0 irq-busy=0
xhci: cancelled request slot=5 endpoint=3 completion=26 residual=1
xhci: cancel slot=5 endpoint=3 pending-events=0 first-type=0 iman=2 usbsts=0 erdp=573c1f80 dequeue=248 command-busy=0 irq-busy=0
xhci: cancelled request slot=5 endpoint=3 completion=26 residual=1
xhci: cancel slot=5 endpoint=3 pending-events=0 first-type=0 iman=2 usbsts=0 erdp=573c10c0 dequeue=12 command-busy=0 irq-busy=0
xhci: cancelled request slot=5 endpoint=3 completion=26 residual=1
xhci: cancel slot=5 endpoint=3 pending-events=0 first-type=0 iman=2 usbsts=0 erdp=573c10f0 dequeue=15 command-busy=0 irq-busy=0
xhci: cancelled request slot=5 endpoint=3 completion=26 residual=1
xhci: cancel slot=5 endpoint=3 pending-events=0 first-type=0 iman=2 usbsts=0 erdp=573c1180 dequeue=24 command-busy=0 irq-busy=0
xhci: cancelled request slot=5 endpoint=3 completion=26 residual=1
xhci: cancel slot=5 endpoint=3 pending-events=0 first-type=0 iman=2 usbsts=0 erdp=573c12d0 dequeue=45 command-busy=0 irq-busy=0
xhci: cancelled request slot=5 endpoint=3 completion=26 residual=1
xhci: cancel slot=5 endpoint=3 pending-events=0 first-type=0 iman=2 usbsts=0 erdp=573c1320 dequeue=50 command-busy=0 irq-busy=0
xhci: cancelled request slot=5 endpoint=3 completion=26 residual=1
xhci: cancel slot=5 endpoint=3 pending-events=0 first-type=0 iman=2 usbsts=0 erdp=573c13e0 dequeue=62 command-busy=0 irq-busy=0
xhci: cancelled request slot=5 endpoint=3 completion=26 residual=1
i915: resident shim: ring rewound (idle context)
xhci: cancel slot=5 endpoint=3 pending-events=1 first-type=32 iman=2 usbsts=0 erdp=573c1620 dequeue=98 command-busy=0 irq-busy=0
xhci: cancelled request slot=5 endpoint=3 completion=26 residual=1
xhci: cancel slot=5 endpoint=3 pending-events=0 first-type=0 iman=2 usbsts=0 erdp=573c1710 dequeue=113 command-busy=0 irq-busy=0
xhci: cancelled request slot=5 endpoint=3 completion=26 residual=1
xhci: cancel slot=5 endpoint=3 pending-events=0 first-type=0 iman=2 usbsts=0 erdp=573c1740 dequeue=116 command-busy=0 irq-busy=0
xhci: cancelled request slot=5 endpoint=3 completion=26 residual=1
xhci: cancel slot=5 endpoint=3 pending-events=0 first-type=0 iman=2 usbsts=0 erdp=573c1790 dequeue=121 command-busy=0 irq-busy=0
xhci: cancelled request slot=5 endpoint=3 completion=26 residual=1
i915: vk: an object (kind 18) was destroyed before what names it: 0 views, 0 descriptor sets, 0 framebuffers and 1 command buffers let go of it
i915: vk: an object (kind 8) was destroyed before what names it: 0 views, 0 descriptor sets, 0 framebuffers and 1 command buffers let go of it
i915: vk: an object (kind 9) was destroyed before what names it: 0 views, 1 descriptor sets, 0 framebuffers and 0 command buffers let go of it
i915: vk: an object (kind 18) was destroyed before what names it: 0 views, 0 descriptor sets, 0 framebuffers and 1 command buffers let go of it
i915: vk: an object (kind 9) was destroyed before what names it: 0 views, 2 descriptor sets, 0 framebuffers and 0 command buffers let go of it
i915: vk: an object (kind 9) was destroyed before what names it: 0 views, 2 descriptor sets, 0 framebuffers and 0 command buffers let go of it
i915: vk: an object (kind 8) was destroyed before what names it: 0 views, 0 descriptor sets, 0 framebuffers and 1 command buffers let go of it
i915: vk: an object (kind 9) was destroyed before what names it: 0 views, 2 descriptor sets, 0 framebuffers and 0 command buffers let go of it
i915: vk: an object (kind 9) was destroyed before what names it: 0 views, 1 descriptor sets, 0 framebuffers and 0 command buffers let go of it
i915: vk: an object (kind 9) was destroyed before what names it: 0 views, 2 descriptor sets, 0 framebuffers and 0 command buffers let go of it
i915: vk: an object (kind 9) was destroyed before what names it: 0 views, 2 descriptor sets, 0 framebuffers and 0 command buffers let go of it
i915: vk: an object (kind 9) was destroyed before what names it: 0 views, 2 descriptor sets, 0 framebuffers and 0 command buffers let go of it
i915: resident shim: ring rewound (idle context)
xhci: cancel slot=5 endpoint=3 pending-events=0 first-type=0 iman=2 usbsts=0 erdp=573c1860 dequeue=134 command-busy=0 irq-busy=0
xhci: cancelled request slot=5 endpoint=3 completion=26 residual=1
xhci: cancel slot=5 endpoint=3 pending-events=0 first-type=0 iman=2 usbsts=0 erdp=573c18d0 dequeue=141 command-busy=0 irq-busy=0
xhci: cancelled request slot=5 endpoint=3 completion=26 residual=1
xhci: cancel slot=5 endpoint=3 pending-events=0 first-type=0 iman=2 usbsts=0 erdp=573c1900 dequeue=144 command-busy=0 irq-busy=0
xhci: cancelled request slot=5 endpoint=3 completion=26 residual=1
xhci: cancel slot=5 endpoint=3 pending-events=0 first-type=0 iman=2 usbsts=0 erdp=573c1950 dequeue=149 command-busy=0 irq-busy=0
xhci: cancelled request slot=5 endpoint=3 completion=26 residual=1
xhci: cancel slot=5 endpoint=3 pending-events=1 first-type=32 iman=2 usbsts=0 erdp=573c1a60 dequeue=166 command-busy=0 irq-busy=0
xhci: cancelled request slot=5 endpoint=3 completion=26 residual=1
xhci: cancel slot=5 endpoint=3 pending-events=0 first-type=0 iman=2 usbsts=0 erdp=573c1030 dequeue=3 command-busy=0 irq-busy=0
xhci: cancelled request slot=5 endpoint=3 completion=26 residual=1
i915: resident shim: ring rewound (idle context)
xhci: cancel slot=5 endpoint=3 pending-events=0 first-type=0 iman=2 usbsts=0 erdp=573c11f0 dequeue=31 command-busy=0 irq-busy=0
xhci: cancelled request slot=5 endpoint=3 completion=26 residual=1
i915: perf: markers 130: wait 0.14 ms, run 0.00 ms
i915: perf: 5014 ms: 54 presents (10.76/s), 130 submits, 192 batches | per submit ms: 9.39 (build 0.26, run 9.13, gpu 8.45) | per present ms: 0.94 (copy 0.88, publish 0.00, flip 0.01)
i915: vk: session 1: frames 110 in 5006 ms: per submit 2 runs (64 full) 108 ops (most 258), in submit 10124 us (runs 9830, record 293), between 35387 us
i915: vk: an object (kind 18) was destroyed before what names it: 0 views, 0 descriptor sets, 0 framebuffers and 1 command buffers let go of it
i915: vk: an object (kind 18) was destroyed before what names it: 0 views, 0 descriptor sets, 0 framebuffers and 1 command buffers let go of it
i915: vk: an object (kind 8) was destroyed before what names it: 0 views, 0 descriptor sets, 0 framebuffers and 1 command buffers let go of it
i915: vk: an object (kind 8) was destroyed before what names it: 0 views, 0 descriptor sets, 0 framebuffers and 1 command buffers let go of it
xhci: cancel slot=5 endpoint=3 pending-events=0 first-type=0 iman=2 usbsts=0 erdp=573c13a0 dequeue=58 command-busy=0 irq-busy=0
xhci: cancelled request slot=5 endpoint=3 completion=26 residual=1
i915: vk: an object (kind 9) was destroyed before what names it: 0 views, 1 descriptor sets, 0 framebuffers and 0 command buffers let go of it
i915: vk: an object (kind 9) was destroyed before what names it: 0 views, 2 descriptor sets, 0 framebuffers and 0 command buffers let go of it
i915: vk: an object (kind 9) was destroyed before what names it: 0 views, 2 descriptor sets, 0 framebuffers and 0 command buffers let go of it
i915: vk: an object (kind 9) was destroyed before what names it: 0 views, 2 descriptor sets, 0 framebuffers and 0 command buffers let go of it
i915: vk: an object (kind 9) was destroyed before what names it: 0 views, 2 descriptor sets, 0 framebuffers and 0 command buffers let go of it
i915: vk: an object (kind 9) was destroyed before what names it: 0 views, 2 descriptor sets, 0 framebuffers and 0 command buffers let go of it
i915: vk: an object (kind 9) was destroyed before what names it: 0 views, 2 descriptor sets, 0 framebuffers and 0 command buffers let go of it
xhci: cancel slot=5 endpoint=3 pending-events=0 first-type=0 iman=2 usbsts=0 erdp=573c1410 dequeue=65 command-busy=0 irq-busy=0
xhci: cancelled request slot=5 endpoint=3 completion=26 residual=1
xhci: cancel slot=5 endpoint=3 pending-events=0 first-type=0 iman=2 usbsts=0 erdp=573c1480 dequeue=72 command-busy=0 irq-busy=0
xhci: cancelled request slot=5 endpoint=3 completion=26 residual=1
xhci: cancel slot=5 endpoint=3 pending-events=0 first-type=0 iman=2 usbsts=0 erdp=573c14b0 dequeue=75 command-busy=0 irq-busy=0
xhci: cancelled request slot=5 endpoint=3 completion=26 residual=1
xhci: cancel slot=5 endpoint=3 pending-events=0 first-type=0 iman=2 usbsts=0 erdp=573c1500 dequeue=80 command-busy=0 irq-busy=0
xhci: cancelled request slot=5 endpoint=3 completion=26 residual=1
xhci: cancel slot=5 endpoint=3 pending-events=0 first-type=0 iman=2 usbsts=0 erdp=573c15c0 dequeue=92 command-busy=0 irq-busy=0
xhci: cancelled request slot=5 endpoint=3 completion=26 residual=1
i915: resident shim: ring rewound (idle context)
xhci: cancel slot=5 endpoint=3 pending-events=0 first-type=0 iman=2 usbsts=0 erdp=573c19a0 dequeue=154 command-busy=0 irq-busy=0
xhci: cancelled request slot=5 endpoint=3 completion=26 residual=1
xhci: cancel slot=5 endpoint=3 pending-events=0 first-type=0 iman=2 usbsts=0 erdp=573c1af0 dequeue=175 command-busy=0 irq-busy=0
xhci: cancelled request slot=5 endpoint=3 completion=26 residual=1
xhci: cancel slot=5 endpoint=3 pending-events=0 first-type=0 iman=2 usbsts=0 erdp=573c1b40 dequeue=180 command-busy=0 irq-busy=0
xhci: cancelled request slot=5 endpoint=3 completion=26 residual=1
xhci: cancel slot=5 endpoint=3 pending-events=0 first-type=0 iman=2 usbsts=0 erdp=573c1bb0 dequeue=187 command-busy=0 irq-busy=0
xhci: cancelled request slot=5 endpoint=3 completion=26 residual=1
xhci: cancel slot=5 endpoint=3 pending-events=0 first-type=0 iman=2 usbsts=0 erdp=573c1c20 dequeue=194 command-busy=0 irq-busy=0
xhci: cancelled request slot=5 endpoint=3 completion=26 residual=1
i915: resident shim: ring rewound (idle context)
xhci: cancel slot=5 endpoint=3 pending-events=0 first-type=0 iman=2 usbsts=0 erdp=573c1cb0 dequeue=203 command-busy=0 irq-busy=0
xhci: cancelled request slot=5 endpoint=3 completion=26 residual=1
i915: resident shim: ring rewound (idle context)
xhci: cancel slot=5 endpoint=3 pending-events=0 first-type=0 iman=2 usbsts=0 erdp=573c1e90 dequeue=233 command-busy=0 irq-busy=0
xhci: cancelled request slot=5 endpoint=3 completion=26 residual=1
xhci: cancel slot=5 endpoint=3 pending-events=0 first-type=0 iman=2 usbsts=0 erdp=573c1050 dequeue=5 command-busy=0 irq-busy=0
xhci: cancelled request slot=5 endpoint=3 completion=26 residual=1
i915: vk: an object (kind 18) was destroyed before what names it: 0 views, 0 descriptor sets, 0 framebuffers and 1 command buffers let go of it
i915: vk: an object (kind 18) was destroyed before what names it: 0 views, 0 descriptor sets, 0 framebuffers and 1 command buffers let go of it
i915: vk: an object (kind 8) was destroyed before what names it: 0 views, 0 descriptor sets, 0 framebuffers and 1 command buffers let go of it
i915: vk: an object (kind 8) was destroyed before what names it: 0 views, 0 descriptor sets, 0 framebuffers and 1 command buffers let go of it
i915: vk: an object (kind 8) was destroyed before what names it: 0 views, 0 descriptor sets, 0 framebuffers and 1 command buffers let go of it
i915: vk: an object (kind 9) was destroyed before what names it: 0 views, 1 descriptor sets, 0 framebuffers and 0 command buffers let go of it
i915: vk: an object (kind 9) was destroyed before what names it: 0 views, 1 descriptor sets, 0 framebuffers and 0 command buffers let go of it
i915: vk: an object (kind 9) was destroyed before what names it: 0 views, 2 descriptor sets, 0 framebuffers and 0 command buffers let go of it
i915: vk: an object (kind 9) was destroyed before what names it: 0 views, 2 descriptor sets, 0 framebuffers and 0 command buffers let go of it
i915: vk: an object (kind 9) was destroyed before what names it: 0 views, 2 descriptor sets, 0 framebuffers and 0 command buffers let go of it
i915: vk: an object (kind 9) was destroyed before what names it: 0 views, 2 descriptor sets, 0 framebuffers and 0 command buffers let go of it
i915: vk: an object (kind 9) was destroyed before what names it: 0 views, 2 descriptor sets, 0 framebuffers and 0 command buffers let go of it
i915: vk: an object (kind 9) was destroyed before what names it: 0 views, 2 descriptor sets, 0 framebuffers and 0 command buffers let go of it
xhci: cancel slot=5 endpoint=3 pending-events=0 first-type=0 iman=2 usbsts=0 erdp=573c1320 dequeue=50 command-busy=0 irq-busy=0
xhci: cancelled request slot=5 endpoint=3 completion=26 residual=1
i915: resident shim: ring rewound (idle context)
xhci: cancel slot=5 endpoint=3 pending-events=0 first-type=0 iman=2 usbsts=0 erdp=573c1350 dequeue=53 command-busy=0 irq-busy=0
xhci: cancelled request slot=5 endpoint=3 completion=26 residual=1
xhci: cancel slot=5 endpoint=3 pending-events=0 first-type=0 iman=2 usbsts=0 erdp=573c13a0 dequeue=58 command-busy=0 irq-busy=0
xhci: cancelled request slot=5 endpoint=3 completion=26 residual=1
xhci: cancel slot=5 endpoint=3 pending-events=0 first-type=0 iman=2 usbsts=0 erdp=573c1410 dequeue=65 command-busy=0 irq-busy=0
xhci: cancelled request slot=5 endpoint=3 completion=26 residual=1
xhci: cancel slot=5 endpoint=3 pending-events=0 first-type=0 iman=2 usbsts=0 erdp=573c1480 dequeue=72 command-busy=0 irq-busy=0
xhci: cancelled request slot=5 endpoint=3 completion=26 residual=1
xhci: cancel slot=5 endpoint=3 pending-events=0 first-type=0 iman=2 usbsts=0 erdp=573c14b0 dequeue=75 command-busy=0 irq-busy=0
xhci: cancelled request slot=5 endpoint=3 completion=26 residual=1
xhci: cancel slot=5 endpoint=3 pending-events=0 first-type=0 iman=2 usbsts=0 erdp=573c1500 dequeue=80 command-busy=0 irq-busy=0
xhci: cancelled request slot=5 endpoint=3 completion=26 residual=1
xhci: cancel slot=5 endpoint=3 pending-events=0 first-type=0 iman=2 usbsts=0 erdp=573c1530 dequeue=83 command-busy=0 irq-busy=0
xhci: cancelled request slot=5 endpoint=3 completion=26 residual=1
xhci: cancel slot=5 endpoint=3 pending-events=0 first-type=0 iman=2 usbsts=0 erdp=573c1a20 dequeue=162 command-busy=0 irq-busy=0
xhci: cancelled request slot=5 endpoint=3 completion=26 residual=1
i915: vk: session 1: frames 128 in 5642 ms: per submit 2 runs (64 full) 104 ops (most 212), in submit 9994 us (runs 9650, record 343), between 34085 us
i915: perf: markers 196: wait 0.20 ms, run 0.01 ms
i915: perf: 5667 ms: 65 presents (11.46/s), 196 submits, 257 batches | per submit ms: 7.19 (build 0.24, run 6.94, gpu 6.57) | per present ms: 0.92 (copy 0.88, publish 0.00, flip 0.00)
xhci: cancel slot=5 endpoint=3 pending-events=0 first-type=0 iman=2 usbsts=0 erdp=573c1a50 dequeue=165 command-busy=0 irq-busy=0
xhci: cancelled request slot=5 endpoint=3 completion=26 residual=1
xhci: cancel slot=5 endpoint=3 pending-events=0 first-type=0 iman=2 usbsts=0 erdp=573c1aa0 dequeue=170 command-busy=0 irq-busy=0
xhci: cancelled request slot=5 endpoint=3 completion=26 residual=1
xhci: cancel slot=5 endpoint=3 pending-events=0 first-type=0 iman=2 usbsts=0 erdp=573c1b10 dequeue=177 command-busy=0 irq-busy=0
xhci: cancelled request slot=5 endpoint=3 completion=26 residual=1
xhci: cancel slot=5 endpoint=3 pending-events=0 first-type=0 iman=2 usbsts=0 erdp=573c1b80 dequeue=184 command-busy=0 irq-busy=0
xhci: cancelled request slot=5 endpoint=3 completion=26 residual=1
xhci: cancel slot=5 endpoint=3 pending-events=0 first-type=0 iman=2 usbsts=0 erdp=573c1bb0 dequeue=187 command-busy=0 irq-busy=0
xhci: cancelled request slot=5 endpoint=3 completion=26 residual=1
xhci: cancel slot=5 endpoint=3 pending-events=0 first-type=0 iman=2 usbsts=0 erdp=573c1c00 dequeue=192 command-busy=0 irq-busy=0
xhci: cancelled request slot=5 endpoint=3 completion=26 residual=1
xhci: cancel slot=5 endpoint=3 pending-events=0 first-type=0 iman=2 usbsts=0 erdp=573c1c30 dequeue=195 command-busy=0 irq-busy=0
xhci: cancelled request slot=5 endpoint=3 completion=26 residual=1
xhci: cancel slot=5 endpoint=3 pending-events=0 first-type=0 iman=2 usbsts=0 erdp=573c1e80 dequeue=232 command-busy=0 irq-busy=0
xhci: cancelled request slot=5 endpoint=3 completion=26 residual=1
xhci: cancel slot=5 endpoint=3 pending-events=0 first-type=0 iman=2 usbsts=0 erdp=573c1eb0 dequeue=235 command-busy=0 irq-busy=0
xhci: cancelled request slot=5 endpoint=3 completion=26 residual=1
xhci: cancel slot=5 endpoint=3 pending-events=0 first-type=0 iman=2 usbsts=0 erdp=573c1f00 dequeue=240 command-busy=0 irq-busy=0
xhci: cancelled request slot=5 endpoint=3 completion=26 residual=1
xhci: cancel slot=5 endpoint=3 pending-events=0 first-type=0 iman=2 usbsts=0 erdp=573c1f70 dequeue=247 command-busy=0 irq-busy=0
xhci: cancelled request slot=5 endpoint=3 completion=26 residual=1
xhci: cancel slot=5 endpoint=3 pending-events=0 first-type=0 iman=2 usbsts=0 erdp=573c1fe0 dequeue=254 command-busy=0 irq-busy=0
xhci: cancelled request slot=5 endpoint=3 completion=26 residual=1
i915: resident shim: ring rewound (idle context)
xhci: cancel slot=5 endpoint=3 pending-events=0 first-type=0 iman=2 usbsts=0 erdp=573c1010 dequeue=1 command-busy=0 irq-busy=0
xhci: cancelled request slot=5 endpoint=3 completion=26 residual=1
xhci: cancel slot=5 endpoint=3 pending-events=0 first-type=0 iman=2 usbsts=0 erdp=573c1060 dequeue=6 command-busy=0 irq-busy=0
xhci: cancelled request slot=5 endpoint=3 completion=26 residual=1
xhci: cancel slot=5 endpoint=3 pending-events=0 first-type=0 iman=2 usbsts=0 erdp=573c1090 dequeue=9 command-busy=0 irq-busy=0
xhci: cancelled request slot=5 endpoint=3 completion=26 residual=1
xhci: cancel slot=5 endpoint=3 pending-events=0 first-type=0 iman=2 usbsts=0 erdp=573c12e0 dequeue=46 command-busy=0 irq-busy=0
xhci: cancelled request slot=5 endpoint=3 completion=26 residual=1
xhci: cancel slot=5 endpoint=3 pending-events=0 first-type=0 iman=2 usbsts=0 erdp=573c1310 dequeue=49 command-busy=0 irq-busy=0
xhci: cancelled request slot=5 endpoint=3 completion=26 residual=1
xhci: cancel slot=5 endpoint=3 pending-events=0 first-type=0 iman=2 usbsts=0 erdp=573c1360 dequeue=54 command-busy=0 irq-busy=0
xhci: cancelled request slot=5 endpoint=3 completion=26 residual=1
xhci: cancel slot=5 endpoint=3 pending-events=0 first-type=0 iman=2 usbsts=0 erdp=573c13d0 dequeue=61 command-busy=0 irq-busy=0
xhci: cancelled request slot=5 endpoint=3 completion=26 residual=1
xhci: cancel slot=5 endpoint=3 pending-events=0 first-type=0 iman=2 usbsts=0 erdp=573c1440 dequeue=68 command-busy=0 irq-busy=0
xhci: cancelled request slot=5 endpoint=3 completion=26 residual=1
xhci: cancel slot=5 endpoint=3 pending-events=0 first-type=0 iman=2 usbsts=0 erdp=573c1470 dequeue=71 command-busy=0 irq-busy=0
xhci: cancelled request slot=5 endpoint=3 completion=26 residual=1
xhci: cancel slot=5 endpoint=3 pending-events=0 first-type=0 iman=2 usbsts=0 erdp=573c14c0 dequeue=76 command-busy=0 irq-busy=0
xhci: cancelled request slot=5 endpoint=3 completion=26 residual=1
i915: perf: markers 32: wait 0.00 ms, run 0.01 ms
i915: perf: 5733 ms: 9 presents (1.56/s), 32 submits, 40 batches | per submit ms: 6.21 (build 0.12, run 6.08, gpu 6.07) | per present ms: 0.87 (copy 0.84, publish 0.00, flip 0.00)
xhci: cancel slot=5 endpoint=3 pending-events=0 first-type=0 iman=2 usbsts=0 erdp=573c14f0 dequeue=79 command-busy=0 irq-busy=0
xhci: cancelled request slot=5 endpoint=3 completion=26 residual=1
xhci: cancel slot=5 endpoint=3 pending-events=0 first-type=0 iman=2 usbsts=0 erdp=573c19e0 dequeue=158 command-busy=0 irq-busy=0
xhci: cancelled request slot=5 endpoint=3 completion=26 residual=1
xhci: cancel slot=5 endpoint=3 pending-events=0 first-type=0 iman=2 usbsts=0 erdp=573c1a10 dequeue=161 command-busy=0 irq-busy=0
xhci: cancelled request slot=5 endpoint=3 completion=26 residual=1
xhci: cancel slot=5 endpoint=3 pending-events=0 first-type=0 iman=2 usbsts=0 erdp=573c1a60 dequeue=166 command-busy=0 irq-busy=0
xhci: cancelled request slot=5 endpoint=3 completion=26 residual=1
xhci: cancel slot=5 endpoint=3 pending-events=0 first-type=0 iman=2 usbsts=0 erdp=573c1ad0 dequeue=173 command-busy=0 irq-busy=0
xhci: cancelled request slot=5 endpoint=3 completion=26 residual=1
xhci: cancel slot=5 endpoint=3 pending-events=0 first-type=0 iman=2 usbsts=0 erdp=573c1b40 dequeue=180 command-busy=0 irq-busy=0
xhci: cancelled request slot=5 endpoint=3 completion=26 residual=1
xhci: cancel slot=5 endpoint=3 pending-events=0 first-type=0 iman=2 usbsts=0 erdp=573c1b70 dequeue=183 command-busy=0 irq-busy=0
xhci: cancelled request slot=5 endpoint=3 completion=26 residual=1
xhci: cancel slot=5 endpoint=3 pending-events=0 first-type=0 iman=2 usbsts=0 erdp=573c1bc0 dequeue=188 command-busy=0 irq-busy=0
xhci: cancelled request slot=5 endpoint=3 completion=26 residual=1
xhci: cancel slot=5 endpoint=3 pending-events=0 first-type=0 iman=2 usbsts=0 erdp=573c1bf0 dequeue=191 command-busy=0 irq-busy=0
xhci: cancelled request slot=5 endpoint=3 completion=26 residual=1
xhci: cancel slot=5 endpoint=3 pending-events=0 first-type=0 iman=2 usbsts=0 erdp=573c1e40 dequeue=228 command-busy=0 irq-busy=0
xhci: cancelled request slot=5 endpoint=3 completion=26 residual=1
xhci: cancel slot=5 endpoint=3 pending-events=0 first-type=0 iman=2 usbsts=0 erdp=573c1e70 dequeue=231 command-busy=0 irq-busy=0
xhci: cancelled request slot=5 endpoint=3 completion=26 residual=1
xhci: cancel slot=5 endpoint=3 pending-events=0 first-type=0 iman=2 usbsts=0 erdp=573c1ec0 dequeue=236 command-busy=0 irq-busy=0
xhci: cancelled request slot=5 endpoint=3 completion=26 residual=1
xhci: cancel slot=5 endpoint=3 pending-events=0 first-type=0 iman=2 usbsts=0 erdp=573c1f30 dequeue=243 command-busy=0 irq-busy=0
xhci: cancelled request slot=5 endpoint=3 completion=26 residual=1
xhci: cancel slot=5 endpoint=3 pending-events=0 first-type=0 iman=2 usbsts=0 erdp=573c1fa0 dequeue=250 command-busy=0 irq-busy=0
xhci: cancelled request slot=5 endpoint=3 completion=26 residual=1
xhci: cancel slot=5 endpoint=3 pending-events=0 first-type=0 iman=2 usbsts=0 erdp=573c1fd0 dequeue=253 command-busy=0 irq-busy=0
xhci: cancelled request slot=5 endpoint=3 completion=26 residual=1
xhci: cancel slot=5 endpoint=3 pending-events=0 first-type=0 iman=2 usbsts=0 erdp=573c1020 dequeue=2 command-busy=0 irq-busy=0
xhci: cancelled request slot=5 endpoint=3 completion=26 residual=1
xhci: cancel slot=5 endpoint=3 pending-events=0 first-type=0 iman=2 usbsts=0 erdp=573c1050 dequeue=5 command-busy=0 irq-busy=0
xhci: cancelled request slot=5 endpoint=3 completion=26 residual=1
xhci: cancel slot=5 endpoint=3 pending-events=0 first-type=0 iman=2 usbsts=0 erdp=573c12a0 dequeue=42 command-busy=0 irq-busy=0
xhci: cancelled request slot=5 endpoint=3 completion=26 residual=1
xhci: cancel slot=5 endpoint=3 pending-events=0 first-type=0 iman=2 usbsts=0 erdp=573c12d0 dequeue=45 command-busy=0 irq-busy=0
xhci: cancelled request slot=5 endpoint=3 completion=26 residual=1
xhci: cancel slot=5 endpoint=3 pending-events=0 first-type=0 iman=2 usbsts=0 erdp=573c1320 dequeue=50 command-busy=0 irq-busy=0
xhci: cancelled request slot=5 endpoint=3 completion=26 residual=1
xhci: cancel slot=5 endpoint=3 pending-events=0 first-type=0 iman=2 usbsts=0 erdp=573c1390 dequeue=57 command-busy=0 irq-busy=0
xhci: cancelled request slot=5 endpoint=3 completion=26 residual=1
xhci: cancel slot=5 endpoint=3 pending-events=0 first-type=0 iman=2 usbsts=0 erdp=573c1400 dequeue=64 command-busy=0 irq-busy=0
xhci: cancelled request slot=5 endpoint=3 completion=26 residual=1
i915: perf: markers 34: wait 0.28 ms, run 0.00 ms
i915: perf: 5492 ms: 10 presents (1.82/s), 34 submits, 44 batches | per submit ms: 8.28 (build 0.18, run 8.10, gpu 7.15) | per present ms: 0.86 (copy 0.83, publish 0.00, flip 0.00)
xhci: cancel slot=5 endpoint=3 pending-events=0 first-type=0 iman=2 usbsts=0 erdp=573c1430 dequeue=67 command-busy=0 irq-busy=0
xhci: cancelled request slot=5 endpoint=3 completion=26 residual=1
xhci: cancel slot=5 endpoint=3 pending-events=0 first-type=0 iman=2 usbsts=0 erdp=573c1480 dequeue=72 command-busy=0 irq-busy=0
xhci: cancelled request slot=5 endpoint=3 completion=26 residual=1
xhci: cancel slot=5 endpoint=3 pending-events=0 first-type=0 iman=2 usbsts=0 erdp=573c14b0 dequeue=75 command-busy=0 irq-busy=0
xhci: cancelled request slot=5 endpoint=3 completion=26 residual=1
i915: resident shim: ring rewound (idle context)
xhci: cancel slot=5 endpoint=3 pending-events=0 first-type=0 iman=2 usbsts=0 erdp=573c1700 dequeue=112 command-busy=0 irq-busy=0
xhci: cancelled request slot=5 endpoint=3 completion=26 residual=1
xhci: cancel slot=5 endpoint=3 pending-events=0 first-type=0 iman=2 usbsts=0 erdp=573c1730 dequeue=115 command-busy=0 irq-busy=0
xhci: cancelled request slot=5 endpoint=3 completion=26 residual=1
xhci: cancel slot=5 endpoint=3 pending-events=0 first-type=0 iman=2 usbsts=0 erdp=573c1780 dequeue=120 command-busy=0 irq-busy=0
xhci: cancelled request slot=5 endpoint=3 completion=26 residual=1
xhci: cancel slot=5 endpoint=3 pending-events=0 first-type=0 iman=2 usbsts=0 erdp=573c1810 dequeue=129 command-busy=0 irq-busy=0
xhci: cancelled request slot=5 endpoint=3 completion=26 residual=1
xhci: cancel slot=5 endpoint=3 pending-events=0 first-type=0 iman=2 usbsts=0 erdp=573c1860 dequeue=134 command-busy=0 irq-busy=0
xhci: cancelled request slot=5 endpoint=3 completion=26 residual=1
xhci: cancel slot=5 endpoint=3 pending-events=0 first-type=0 iman=2 usbsts=0 erdp=573c1890 dequeue=137 command-busy=0 irq-busy=0
xhci: cancelled request slot=5 endpoint=3 completion=26 residual=1
xhci: cancel slot=5 endpoint=3 pending-events=0 first-type=0 iman=2 usbsts=0 erdp=573c18e0 dequeue=142 command-busy=0 irq-busy=0
xhci: cancelled request slot=5 endpoint=3 completion=26 residual=1
xhci: cancel slot=5 endpoint=3 pending-events=0 first-type=0 iman=2 usbsts=0 erdp=573c1930 dequeue=147 command-busy=0 irq-busy=0
xhci: cancelled request slot=5 endpoint=3 completion=26 residual=1
xhci: cancel slot=5 endpoint=3 pending-events=0 first-type=0 iman=2 usbsts=0 erdp=573c1b60 dequeue=182 command-busy=0 irq-busy=0
xhci: cancelled request slot=5 endpoint=3 completion=26 residual=1
xhci: cancel slot=5 endpoint=3 pending-events=0 first-type=0 iman=2 usbsts=0 erdp=573c1b90 dequeue=185 command-busy=0 irq-busy=0
xhci: cancelled request slot=5 endpoint=3 completion=26 residual=1
xhci: cancel slot=5 endpoint=3 pending-events=0 first-type=0 iman=2 usbsts=0 erdp=573c1be0 dequeue=190 command-busy=0 irq-busy=0
xhci: cancelled request slot=5 endpoint=3 completion=26 residual=1
xhci: cancel slot=5 endpoint=3 pending-events=0 first-type=0 iman=2 usbsts=0 erdp=573c1c70 dequeue=199 command-busy=0 irq-busy=0
xhci: cancelled request slot=5 endpoint=3 completion=26 residual=1
xhci: cancel slot=5 endpoint=3 pending-events=0 first-type=0 iman=2 usbsts=0 erdp=573c1cc0 dequeue=204 command-busy=0 irq-busy=0
xhci: cancelled request slot=5 endpoint=3 completion=26 residual=1
xhci: cancel slot=5 endpoint=3 pending-events=0 first-type=0 iman=2 usbsts=0 erdp=573c1cf0 dequeue=207 command-busy=0 irq-busy=0
xhci: cancelled request slot=5 endpoint=3 completion=26 residual=1
xhci: cancel slot=5 endpoint=3 pending-events=0 first-type=0 iman=2 usbsts=0 erdp=573c1d40 dequeue=212 command-busy=0 irq-busy=0
xhci: cancelled request slot=5 endpoint=3 completion=26 residual=1
xhci: cancel slot=5 endpoint=3 pending-events=0 first-type=0 iman=2 usbsts=0 erdp=573c1d90 dequeue=217 command-busy=0 irq-busy=0
xhci: cancelled request slot=5 endpoint=3 completion=26 residual=1
xhci: cancel slot=5 endpoint=3 pending-events=0 first-type=0 iman=2 usbsts=0 erdp=573c1fc0 dequeue=252 command-busy=0 irq-busy=0
xhci: cancelled request slot=5 endpoint=3 completion=26 residual=1
xhci: cancel slot=5 endpoint=3 pending-events=0 first-type=0 iman=2 usbsts=0 erdp=573c1ff0 dequeue=255 command-busy=0 irq-busy=0
xhci: cancelled request slot=5 endpoint=3 completion=26 residual=1
xhci: cancel slot=5 endpoint=3 pending-events=0 first-type=0 iman=2 usbsts=0 erdp=573c1040 dequeue=4 command-busy=0 irq-busy=0
xhci: cancelled request slot=5 endpoint=3 completion=26 residual=1
i915: perf: markers 32: wait 0.00 ms, run 0.00 ms
i915: perf: 5484 ms: 9 presents (1.64/s), 32 submits, 41 batches | per submit ms: 6.93 (build 0.17, run 6.76, gpu 6.75) | per present ms: 0.86 (copy 0.83, publish 0.00, flip 0.00)
xhci: cancel slot=5 endpoint=3 pending-events=0 first-type=0 iman=2 usbsts=0 erdp=573c10d0 dequeue=13 command-busy=0 irq-busy=0
xhci: cancelled request slot=5 endpoint=3 completion=26 residual=1
xhci: cancel slot=5 endpoint=3 pending-events=0 first-type=0 iman=2 usbsts=0 erdp=573c1120 dequeue=18 command-busy=0 irq-busy=0
xhci: cancelled request slot=5 endpoint=3 completion=26 residual=1
xhci: cancel slot=5 endpoint=3 pending-events=0 first-type=0 iman=2 usbsts=0 erdp=573c1150 dequeue=21 command-busy=0 irq-busy=0
xhci: cancelled request slot=5 endpoint=3 completion=26 residual=1
xhci: cancel slot=5 endpoint=3 pending-events=0 first-type=0 iman=2 usbsts=0 erdp=573c11a0 dequeue=26 command-busy=0 irq-busy=0
xhci: cancelled request slot=5 endpoint=3 completion=26 residual=1
xhci: cancel slot=5 endpoint=3 pending-events=0 first-type=0 iman=2 usbsts=0 erdp=573c11f0 dequeue=31 command-busy=0 irq-busy=0
xhci: cancelled request slot=5 endpoint=3 completion=26 residual=1
xhci: cancel slot=5 endpoint=3 pending-events=1 first-type=32 iman=2 usbsts=0 erdp=573c1420 dequeue=66 command-busy=0 irq-busy=0
xhci: cancelled request slot=5 endpoint=3 completion=26 residual=1
xhci: cancel slot=5 endpoint=3 pending-events=0 first-type=0 iman=2 usbsts=0 erdp=573c16f0 dequeue=111 command-busy=0 irq-busy=0
xhci: cancelled request slot=5 endpoint=3 completion=26 residual=1
xhci: cancel slot=5 endpoint=3 pending-events=0 first-type=0 iman=2 usbsts=0 erdp=573c1740 dequeue=116 command-busy=0 irq-busy=0
xhci: cancelled request slot=5 endpoint=3 completion=26 residual=1
xhci: cancel slot=5 endpoint=3 pending-events=0 first-type=0 iman=2 usbsts=0 erdp=573c17d0 dequeue=125 command-busy=0 irq-busy=0
xhci: cancelled request slot=5 endpoint=3 completion=26 residual=1
xhci: cancel slot=5 endpoint=3 pending-events=0 first-type=0 iman=2 usbsts=0 erdp=573c1820 dequeue=130 command-busy=0 irq-busy=0
xhci: cancelled request slot=5 endpoint=3 completion=26 residual=1
xhci: cancel slot=5 endpoint=3 pending-events=0 first-type=0 iman=2 usbsts=0 erdp=573c1850 dequeue=133 command-busy=0 irq-busy=0
xhci: cancelled request slot=5 endpoint=3 completion=26 residual=1
xhci: cancel slot=5 endpoint=3 pending-events=0 first-type=0 iman=2 usbsts=0 erdp=573c18a0 dequeue=138 command-busy=0 irq-busy=0
xhci: cancelled request slot=5 endpoint=3 completion=26 residual=1
xhci: cancel slot=5 endpoint=3 pending-events=0 first-type=0 iman=2 usbsts=0 erdp=573c18f0 dequeue=143 command-busy=0 irq-busy=0
xhci: cancelled request slot=5 endpoint=3 completion=26 residual=1
xhci: cancel slot=5 endpoint=3 pending-events=0 first-type=0 iman=2 usbsts=0 erdp=573c1940 dequeue=148 command-busy=0 irq-busy=0
xhci: cancelled request slot=5 endpoint=3 completion=26 residual=1
xhci: cancel slot=5 endpoint=3 pending-events=0 first-type=0 iman=2 usbsts=0 erdp=573c1b50 dequeue=181 command-busy=0 irq-busy=0
xhci: cancelled request slot=5 endpoint=3 completion=26 residual=1
xhci: cancel slot=5 endpoint=3 pending-events=0 first-type=0 iman=2 usbsts=0 erdp=573c1ba0 dequeue=186 command-busy=0 irq-busy=0
xhci: cancelled request slot=5 endpoint=3 completion=26 residual=1
xhci: cancel slot=6 endpoint=3 pending-events=0 first-type=0 iman=2 usbsts=0 erdp=573c1c20 dequeue=194 command-busy=0 irq-busy=0
xhci: transfer completion=4 residual=40 length=40 slot=6 endpoint=5 port=2 direction=in
xhci: cancelled request slot=6 endpoint=3 completion=4 residual=40
usb-hid: terminal transfer stopped interface=1 status=7; input unpublished
usb1: device 5 port 2 disconnected
i915: hpd (drm_dbg) hotplug event received, stat 0x00020000, dig 0x000000a8, pins 0x00000400, long 0x00000400
i915: DE HPD iir=0x00020000 pins=0x00000400 long=0x00000400
i915: hpd (drm_dbg) digital hpd on [ENCODER:4:DDI E] - long
i915: hpd (drm_dbg_kms) Received HPD interrupt on PIN 10 - cnt: 10
i915: hpd: long hpd on DDI E: detecting
i915: hpd (drm_dbg_kms) running encoder hotplug functions
i915: hpd (drm_dbg_kms) Connector DP-2 (pin 10) received hotplug event. (retry 0)
i915: hpd TC2 connected=0 (DDI E)
i915: hpd (drm_dbg_kms) [CONNECTOR:4:DP-2] EDID changed, epoch counter 4
i915: hpd (drm_dbg_kms) [CONNECTOR:4:DP-2] status updated from connected to disconnected (epoch counter 3->5)
i915: hpd TC2: the link lost its DP-alt partner: looking again in 2000 ms
i915: resident display: the DisplayPort display was unplugged; the window is left and the firmware's output comes back
i915: HPD-EVENT DP-2 pin=10 retry=0 status connected -> disconnected (CHANGED) | live=0 EDID rc=0 blocks=0 digital=0 | epoch=5 t=420569
i915: hpd uevent (connector hotplug event, no userspace listener): DP-2
ucsi: rec 227 R 20000004 0 0
i915: resident display: released after 3762 flip(s); the reference stop path follows
ucsi: rec 228 W 0000000000020012
ucsi: rec 229 R 80000904 0 9
ucsi: rec 229 I 0 204011000000000001
ucsi: rec 230 W 0000000000020004
ucsi: rec 231 R 20000004 0 0
i915: LCD-B observation window over; stopping through the reference's disable path
i915: LCD-B UNRESOLVED step reached: intel_tc_port_link_cancel_reset_work (no reset work is queued)
ucsi: rec 232 W 0000000000000006
ucsi: rec 233 R 80001004 0 16
ucsi: rec 233 I 0 44030000021400000400000000032001
ucsi: rec 234 W 0000000000030004
ucsi: rec 235 R 20000000 0 0
i915: LCD-B (decided) intel_sagv_pre_plane_update: the QGV restriction stays as the initialisation left it
i915: LCD-B reg[after-disable] ICL_DPLL_ENABLE 0x46010 = 0x00000000
i915: LCD-B reg[after-disable] TGL_DPLL_CFGCR0 0x164284 = 0x00e001a5
i915: LCD-B reg[after-disable] TGL_DPLL_CFGCR1 0x164288 = 0x00000088
i915: LCD-B reg[after-disable] ICL_DPCLKA_CFGCR0 0x164280 = 0x01e07c00
i915: LCD-B reg[after-disable] DDI_BUF_CTL 0x64000 = 0x00000082
i915: LCD-B reg[after-disable] TRANS_CLK_SEL 0x46140 = 0x00000000
i915: LCD-B reg[after-disable] TRANS_DDI_FUNC_CTL 0x60400 = 0x00210002
i915: LCD-B reg[after-disable] TRANSCONF 0x70008 = 0x00000000
i915: LCD-B reg[after-disable] PIPE_MISC 0x70030 = 0x00000000
i915: LCD-B reg[after-disable] PLANE_CTL_1 0x70180 = 0x00000000
i915: LCD-B reg[after-disable] PLANE_COLOR_CTL_1 0x701cc = 0x00000000
i915: LCD-B reg[after-disable] PLANE_STRIDE_1 0x70188 = 0x00000000
i915: LCD-B reg[after-disable] PLANE_SIZE_1 0x70190 = 0x00000000
i915: LCD-B reg[after-disable] PLANE_SURF_1 0x7019c = 0x00000000
i915: LCD-B reg[after-disable] PLANE_WM_1_0 0x70240 = 0x00000000
i915: LCD-B reg[after-disable] PLANE_BUF_CFG_1 0x7027c = 0x00000000
i915: LCD-B reg[after-disable] MBUS_CTL 0x4438c = 0x1c000700
i915: LCD-B reg[after-disable] PIPE_MBUS_DBOX_CTL 0x7003c = 0x00000000
i915: LCD-B reg[after-disable] DBUF_CTL_S1 0x45008 = 0xc041c000
i915: LCD-B reg[after-disable] DBUF_CTL_S2 0x44fe8 = 0x0041c000
i915: LCD-B reg[after-disable] DBUF_CTL_S3 0x44300 = 0x0041c000
i915: LCD-B reg[after-disable] DBUF_CTL_S4 0x44304 = 0x0041c000
i915: LCD-B reg[after-disable] BXT_BLC_PWM_CTL 0xc8250 = 0x00000000
i915: LCD-B reg[after-disable] BXT_BLC_PWM_FREQ 0xc8254 = 0x00017700
i915: LCD-B reg[after-disable] BXT_BLC_PWM_DUTY 0xc8258 = 0x00000000
i915: LCD-B reg[after-disable] ICL_PIPESTATUS 0x70058 = 0x00000000
i915: LCD-B reg[after-disable] GEN8_DE_PIPE_IMR 0x44404 = 0x00000000
i915: LCD-B reg[after-disable] GEN8_DE_PIPE_IER 0x4440c = 0x00000000
i915: LCD-B reg[after-disable] GEN8_DE_PIPE_IIR 0x44408 = 0x00000000
i915: LCD-B reg[after-disable] PIPE_FRMCOUNT_G4X 0x70040 = 0x00000000
i915: resident display: run log not printed: its display was unplugged (2048 entries kept)
i915: resident display: ended FAIL (show rc=5; flips 3762, stop confirmed, buffers released=1, power refs held 0, first anomaly: the sink lost the link while the picture was up)
i915: resident display: the moved output failed; the firmware's output (eDP panel) is the output again, and the lease's presentations fail until the next claim
xhci: cancel slot=5 endpoint=3 pending-events=0 first-type=0 iman=2 usbsts=0 erdp=573c1cf0 dequeue=207 command-busy=0 irq-busy=0
xhci: cancelled request slot=5 endpoint=3 completion=26 residual=1
usb1: device 4 port 2 disconnected
i915: vk: an object (kind 18) was destroyed before what names it: 0 views, 0 descriptor sets, 0 framebuffers and 1 command buffers let go of it
i915: vk: an object (kind 9) was destroyed before what names it: 0 views, 1 descriptor sets, 0 framebuffers and 0 command buffers let go of it
i915: vk: an object (kind 9) was destroyed before what names it: 0 views, 1 descriptor sets, 0 framebuffers and 0 command buffers let go of it
i915: vk: an object (kind 8) was destroyed before what names it: 0 views, 0 descriptor sets, 0 framebuffers and 1 command buffers let go of it
i915: perf: markers 27: wait 0.00 ms, run 0.00 ms
i915: perf: 4359 ms: 7 presents (1.60/s), 26 submits, 32 batches | per submit ms: 6.44 (build 0.16, run 6.28, gpu 6.27) | per present ms: 0.86 (copy 0.83, publish 0.18, flip 0.00) (final)
i915: resident display: lease 3 released after 3761 frame(s) (stop done)
i915: resident shim: context sw_id=11 lrca=fc0e3119 pml4=0x1aeff5000 ring=16384 bytes engine=rcs0
i915: resident display: lease 4 claimed
i915: vk: an object (kind 9) was destroyed before what names it: 0 views, 2 descriptor sets, 0 framebuffers and 0 command buffers let go of it
i915: vk: an object (kind 9) was destroyed before what names it: 0 views, 2 descriptor sets, 0 framebuffers and 0 command buffers let go of it
i915: LCD-B reg[preflight] ICL_DPLL_ENABLE 0x46010 = 0x00000000
i915: vk: an object (kind 18) was destroyed before what names it: 0 views, 0 descriptor sets, 0 framebuffers and 1 command buffers let go of it
i915: LCD-B reg[preflight] TGL_DPLL_CFGCR0 0x164284 = 0x00e001a5
i915: LCD-B reg[preflight] TGL_DPLL_CFGCR1 0x164288 = 0x00000088
i915: LCD-B reg[preflight] ICL_DPCLKA_CFGCR0 0x164280 = 0x01e07c00
i915: LCD-B reg[preflight] DDI_BUF_CTL 0x64000 = 0x00000082
i915: LCD-B reg[preflight] TRANS_CLK_SEL 0x46140 = 0x00000000
i915: LCD-B reg[preflight] TRANS_DDI_FUNC_CTL 0x60400 = 0x00210002
i915: LCD-B reg[preflight] TRANSCONF 0x70008 = 0x00000000
i915: LCD-B reg[preflight] PIPE_MISC 0x70030 = 0x00000000
i915: vk: an object (kind 8) was destroyed before what names it: 0 views, 0 descriptor sets, 0 framebuffers and 1 command buffers let go of it
i915: LCD-B reg[preflight] PLANE_CTL_1 0x70180 = 0x00000000
i915: LCD-B reg[preflight] PLANE_COLOR_CTL_1 0x701cc = 0x00000000
i915: LCD-B reg[preflight] PLANE_STRIDE_1 0x70188 = 0x00000000
i915: LCD-B reg[preflight] PLANE_SIZE_1 0x70190 = 0x00000000
i915: vk: an object (kind 9) was destroyed before what names it: 0 views, 1 descriptor sets, 0 framebuffers and 0 command buffers let go of it
i915: LCD-B reg[preflight] PLANE_SURF_1 0x7019c = 0x00000000
i915: LCD-B reg[preflight] PLANE_WM_1_0 0x70240 = 0x00000000
i915: LCD-B reg[preflight] PLANE_BUF_CFG_1 0x7027c = 0x00000000
i915: LCD-B reg[preflight] MBUS_CTL 0x4438c = 0x1c000700
i915: LCD-B reg[preflight] PIPE_MBUS_DBOX_CTL 0x7003c = 0x00000000
i915: LCD-B reg[preflight] DBUF_CTL_S1 0x45008 = 0xc041c000
i915: LCD-B reg[preflight] DBUF_CTL_S2 0x44fe8 = 0x0041c000
i915: LCD-B reg[preflight] DBUF_CTL_S3 0x44300 = 0x0041c000
i915: LCD-B reg[preflight] DBUF_CTL_S4 0x44304 = 0x0041c000
i915: LCD-B reg[preflight] BXT_BLC_PWM_CTL 0xc8250 = 0x00000000
i915: LCD-B reg[preflight] BXT_BLC_PWM_FREQ 0xc8254 = 0x00017700
i915: LCD-B reg[preflight] BXT_BLC_PWM_DUTY 0xc8258 = 0x00000000
i915: LCD-B reg[preflight] ICL_PIPESTATUS 0x70058 = 0x00000000
i915: LCD-B reg[preflight] GEN8_DE_PIPE_IMR 0x44404 = 0x00000000
i915: LCD-B reg[preflight] GEN8_DE_PIPE_IER 0x4440c = 0x00000000
i915: LCD-B reg[preflight] GEN8_DE_PIPE_IIR 0x44408 = 0x00000000
i915: LCD-B reg[preflight] PIPE_FRMCOUNT_G4X 0x70040 = 0x00000000
i915: LCD-B preflight: DDI / PLL idle=1 (pipe A registers read TRANSCONF 0x00000000 PLANE_CTL 0x00000000 IMR 0x00000000 with power well A off) | IRQ state pipe A mask 0xefeff07f: vblank + underrun masked=1 | no code of this path waits for a software vblank count; no worker / callback / waiter is created by it
i915: LCD-B input: VBT low_vswing=0 hobl=0 afc_override=0 backlight present=1 active_low=0 controller=0 pwm=200 Hz min=15 | rawclk=19200 kHz | DDI_BUF_CTL at connector init 0x80000002 -> saved bits 0x0
i915: LCD-B input: wm levels=6 latency 3/54/83/102/147/147/144/144 us ipc=1 sagv_block=35 us | DBUF slices now 0x1 MBUS_CTL=0x1c000700 joined=0 | CDCLK now 179200 kHz vco 537600 ref 38400 bypass 19200 level 0 max 652800 | QGV mask 0x10b -> allowed 0x4 bw 14899 MB/s | DMC fw mask 0x1f
i915: resident display: buffers 1920x1080 pitch 7680: A surf 0xbc0c0000 cpu 0xffff8001b6420000, B surf 0xbca00000 cpu 0xffff8001b6c09000
i915: P3 intel_combo_phy_init: combo PHYs A/B (0 initialised)
i915: LCD-B (decided) intel_sagv_pre_plane_update: the QGV restriction stays as the initialisation left it (SAGV off, max-bandwidth point; bandwidth checked in prepare)
i915: LCD-B (decided) intel_set_cpu_fifo_underrun_reporting: underrun IRQ stays masked; the test owns and samples ICL_PIPESTATUS
i915: hpd (drm_dbg) hotplug event received, stat 0x00010000, dig 0x0000008a, pins 0x00000010, long 0x00000010
i915: hpd (drm_dbg) digital hpd on [ENCODER:1:DDI A] - long
i915: hpd (drm_dbg_kms) Received HPD interrupt on PIN 4 - cnt: 10
i915: hpd: ignoring long hpd on eDP DDI A
i915: LCD-B (decided) intel_crtc_vblank_on: DRM vblank events unused in this test; pipe vblank IRQ stays masked (checked by the binding)
i915: LCD-B (decided) intel_sagv_post_plane_update: QGV points are not relaxed (SAGV stays off)
i915: LCD-B reg[picture-up] ICL_DPLL_ENABLE 0x46010 = 0xcc000000 | Linux 0xcc000000 mask 0xcc000000 same
i915: LCD-B reg[picture-up] TGL_DPLL_CFGCR0 0x164284 = 0x00e001a5 | Linux 0x00e001a5 mask 0xffffffff same
i915: LCD-B reg[picture-up] TGL_DPLL_CFGCR1 0x164288 = 0x00000088 | Linux 0x00000088 mask 0xffffffff same
i915: LCD-B reg[picture-up] ICL_DPCLKA_CFGCR0 0x164280 = 0x01e07800
i915: LCD-B reg[picture-up] DDI_BUF_CTL 0x64000 = 0x80000002 | Linux 0x80000002 mask 0xffffff7f same
i915: LCD-B reg[picture-up] TRANS_CLK_SEL 0x46140 = 0x10000000 | Linux 0x10000000 mask 0xffffffff same
i915: LCD-B reg[picture-up] TRANS_DDI_FUNC_CTL 0x60400 = 0x8a210002 | Linux 0x8a210002 mask 0xffffffff same
i915: LCD-B reg[picture-up] TRANSCONF 0x70008 = 0xc0000000 | Linux 0xc0000000 mask 0xc0000000 same
i915: LCD-B reg[picture-up] PIPE_MISC 0x70030 = 0x00800150
i915: LCD-B reg[picture-up] PLANE_CTL_1 0x70180 = 0x94000000 | Linux 0x94000000 mask 0xffffffff same
i915: LCD-B reg[picture-up] PLANE_COLOR_CTL_1 0x701cc = 0x00002000 | Linux 0x00002000 mask 0xffffffff same
i915: LCD-B reg[picture-up] PLANE_STRIDE_1 0x70188 = 0x00000078 | Linux 0x00000078 mask 0xffffffff same
i915: LCD-B reg[picture-up] PLANE_SIZE_1 0x70190 = 0x0437077f | Linux 0x0437077f mask 0xffffffff same
i915: LCD-B reg[picture-up] PLANE_SURF_1 0x7019c = 0xbc0c0000
i915: LCD-B reg[picture-up] PLANE_WM_1_0 0x70240 = 0x80004010 | Linux 0x80004010 mask 0xffffffff same
i915: LCD-B reg[picture-up] PLANE_BUF_CFG_1 0x7027c = 0x0fdb0000 | Linux 0x0fdb0000 mask 0xffffffff same
i915: LCD-B reg[picture-up] MBUS_CTL 0x4438c = 0xdc000700 | Linux 0xdc000700 mask 0xffffffff same
i915: LCD-B reg[picture-up] PIPE_MBUS_DBOX_CTL 0x7003c = 0xa9038806
i915: LCD-B reg[picture-up] DBUF_CTL_S1 0x45008 = 0xc043c000 | Linux 0xc043c000 mask 0xffffffff same
i915: LCD-B reg[picture-up] DBUF_CTL_S2 0x44fe8 = 0xc043c000 | Linux 0xc043c000 mask 0xffffffff same
i915: LCD-B reg[picture-up] DBUF_CTL_S3 0x44300 = 0xc043c000
i915: LCD-B reg[picture-up] DBUF_CTL_S4 0x44304 = 0xc043c000
i915: LCD-B reg[picture-up] BXT_BLC_PWM_CTL 0xc8250 = 0x80000000
i915: LCD-B reg[picture-up] BXT_BLC_PWM_FREQ 0xc8254 = 0x00017700 | Linux 0x00017700 mask 0xffffffff same
i915: LCD-B reg[picture-up] BXT_BLC_PWM_DUTY 0xc8258 = 0x00017700
i915: LCD-B reg[picture-up] ICL_PIPESTATUS 0x70058 = 0x60000000
i915: LCD-B reg[picture-up] GEN8_DE_PIPE_IMR 0x44404 = 0xefe9f07f
i915: LCD-B reg[picture-up] GEN8_DE_PIPE_IER 0x4440c = 0x90700f89
i915: LCD-B reg[picture-up] GEN8_DE_PIPE_IIR 0x44408 = 0x00000000
i915: LCD-B reg[picture-up] PIPE_FRMCOUNT_G4X 0x70040 = 0x00000010
i915: LCD-B reg[picture-up] same as Linux's dump: 17/17 (comparison only; no value above was copied from it)
i915: LCD-B PICTURE UP: pattern id=0 on the panel; observation window 0 ms starts now (take the photograph)
i915: resident display: picture up (buffer A surf 0xbc0c0000); serving presentation
i915: resident display: panel buffers mapped for the GPU at 0x101e00000 / 0x102600000 (2025 pages each)
i915: resident display: flip 1: surf 0xbc0c0000 -> 0xbca00000 | frame 16 -> 0
i915: resident display: first frame 1920x1080 (stride 7680; shared, GPU copy; RGBA) shown on the 1920x1080 panel
i915: resident display: flip 2: surf 0xbca00000 -> 0xbc0c0000 | frame 17 -> 0
i915: vk: an object (kind 9) was destroyed before what names it: 0 views, 2 descriptor sets, 0 framebuffers and 0 command buffers let go of it
i915: vk: an object (kind 9) was destroyed before what names it: 0 views, 2 descriptor sets, 0 framebuffers and 0 command buffers let go of it
i915: vk: an object (kind 9) was destroyed before what names it: 0 views, 2 descriptor sets, 0 framebuffers and 0 command buffers let go of it
i915: resident display: flip 3: surf 0xbc0c0000 -> 0xbca00000 | frame 22 -> 0
i915: hpd TC2: the DP-alt partner is back: the link is kept
i915: perf: markers 38: wait 0.00 ms, run 0.01 ms
i915: perf: 5464 ms: 9 presents (1.64/s), 39 submits, 42 batches | per submit ms: 20.05 (build 0.12, run 19.92, gpu 5.48) | per present ms: 66.91 (copy 0.74, publish 0.00, flip 0.00)
i915: resident shim: ring rewound (idle context)
i915: resident shim: ring rewound (idle context)
i915: perf: markers 34: wait 0.00 ms, run 0.00 ms
i915: perf: 5457 ms: 10 presents (1.83/s), 34 submits, 44 batches | per submit ms: 7.54 (build 0.12, run 7.42, gpu 7.41) | per present ms: 0.75 (copy 0.73, publish 0.00, flip 0.00)
i915: perf: markers 32: wait 0.00 ms, run 0.00 ms
i915: perf: 5522 ms: 9 presents (1.62/s), 32 submits, 41 batches | per submit ms: 6.65 (build 0.11, run 6.54, gpu 6.53) | per present ms: 0.73 (copy 0.71, publish 0.00, flip 0.00)
i915: resident shim: ring rewound (idle context)
i915: perf: markers 34: wait 0.00 ms, run 0.00 ms
i915: perf: 5708 ms: 10 presents (1.75/s), 34 submits, 44 batches | per submit ms: 7.01 (build 0.16, run 6.85, gpu 6.84) | per present ms: 0.74 (copy 0.72, publish 0.00, flip 0.00)
i915: perf: markers 34: wait 0.00 ms, run 0.01 ms
i915: perf: 5519 ms: 10 presents (1.81/s), 34 submits, 44 batches | per submit ms: 7.06 (build 0.15, run 6.91, gpu 6.90) | per present ms: 0.74 (copy 0.72, publish 0.00, flip 0.00)
i915: perf: markers 26: wait 0.01 ms, run 0.00 ms
i915: perf: 5371 ms: 7 presents (1.30/s), 26 submits, 33 batches | per submit ms: 6.35 (build 0.11, run 6.23, gpu 6.22) | per present ms: 0.73 (copy 0.70, publish 0.00, flip 0.00)
i915: resident shim: ring rewound (idle context)
ucsi: rec 236 R 20000004 0 0
ucsi: rec 237 W 0000000000020012
ucsi: rec 238 R 80000904 0 9
ucsi: rec 238 I 0 00403c400000000001
ucsi: rec 239 W 0000000000020004
ucsi: rec 240 R 20000004 0 0
ucsi: rec 241 W 000001000201000c
ucsi: rec 242 R 10000004 0 0
ucsi: rec 243 R 80000004 0 0
usb1: port 2 enumeration failed (13)
ucsi: rec 244 W 0000000000020004
ucsi: rec 245 R 20000004 0 0
xhci: port 3 reset complete portsc=00001203
ucsi: rec 246 W 000001000202000c
ucsi: rec 247 R 80000004 0 0
usb0: device 1 port 3 0bda:8156 class 00 configuration=2 configured
ucsi: rec 248 W 0000000000020004
usb-cdc-ncm: ue0 mac=6c:1f:f7:06:14:8a
usb0: device 1 interface 0 class 02/0d/00 driver=usb-cdc-ncm
usb0: device 1 interface 1 class 0a/00/01 claimed-by=0 driver=usb-cdc-ncm
ucsi: rec 249 R 20000004 0 0
ucsi: rec 250 W 000000000002000d
ucsi: rec 251 R 80000104 0 1
ucsi: rec 251 I 0 0f
ucsi: rec 252 W 0000000000020004
ucsi: rec 253 R 20000004 0 0
ucsi: rec 254 W 000000000002000e
ucsi: rec 255 R 80000104 0 1
ucsi: rec 255 I 0 00
ucsi: rec 256 W 0000000000020004
ucsi: rec 256 end (the record is full)
i915: perf: markers 38: wait 0.00 ms, run 0.01 ms
i915: perf: 5581 ms: 12 presents (2.14/s), 38 submits, 50 batches | per submit ms: 7.82 (build 0.13, run 7.68, gpu 7.66) | per present ms: 0.73 (copy 0.71, publish 0.00, flip 0.00)
i915: resident shim: ring rewound (idle context)
i915: resident shim: ring rewound (idle context)
i915: perf: markers 42: wait 0.00 ms, run 0.01 ms
i915: perf: 5404 ms: 13 presents (2.40/s), 42 submits, 55 batches | per submit ms: 8.05 (build 0.11, run 7.93, gpu 7.92) | per present ms: 0.78 (copy 0.76, publish 0.00, flip 0.00)
i915: resident shim: ring rewound (idle context)
i915: resident shim: ring rewound (idle context)
i915: perf: markers 80: wait 0.00 ms, run 0.00 ms
i915: perf: 5003 ms: 33 presents (6.59/s), 79 submits, 112 batches | per submit ms: 6.23 (build 0.15, run 6.08, gpu 6.07) | per present ms: 3.69 (copy 1.94, publish 0.00, flip 0.71)
i915: resident shim: ring rewound (idle context)
i915: resident shim: ring rewound (idle context)
i915: vk: session 1: frames 126 in 5182 ms: per submit 2 runs (63 full) 109 ops (most 221), in submit 6253 us (runs 6072, record 180), between 34873 us
i915: resident shim: ring rewound (idle context)
i915: perf: markers 116: wait 0.16 ms, run 0.00 ms
i915: perf: 45271 ms: 52 presents (1.14/s), 117 submits, 170 batches | per submit ms: 5.25 (build 0.18, run 5.07, gpu 4.90) | per present ms: 5.13 (copy 1.98, publish 0.00, flip 1.40)
i915: perf: markers 2: wait 0.00 ms, run 0.00 ms
i915: perf: 60074 ms: 1 presents (0.01/s), 2 submits, 3 batches | per submit ms: 11.33 (build 0.18, run 11.15, gpu 11.13) | per present ms: 0.73 (copy 0.71, publish 0.00, flip 0.00)
i915: perf: markers 2: wait 0.00 ms, run 0.01 ms
i915: perf: 60075 ms: 1 presents (0.01/s), 2 submits, 3 batches | per submit ms: 11.35 (build 0.26, run 11.08, gpu 11.07) | per present ms: 0.75 (copy 0.72, publish 0.00, flip 0.00)
i915: perf: markers 2: wait 0.00 ms, run 0.00 ms
i915: perf: 60076 ms: 1 presents (0.01/s), 2 submits, 3 batches | per submit ms: 11.54 (build 0.27, run 11.27, gpu 11.25) | per present ms: 0.79 (copy 0.74, publish 0.00, flip 0.01)
i915: perf: markers 2: wait 0.00 ms, run 0.00 ms
i915: perf: 60070 ms: 1 presents (0.01/s), 2 submits, 3 batches | per submit ms: 11.35 (build 0.28, run 11.07, gpu 11.06) | per present ms: 0.81 (copy 0.77, publish 0.00, flip 0.01)
i915: perf: markers 2: wait 0.01 ms, run 0.00 ms
i915: perf: 60078 ms: 1 presents (0.01/s), 2 submits, 3 batches | per submit ms: 11.68 (build 0.29, run 11.38, gpu 11.37) | per present ms: 0.76 (copy 0.71, publish 0.00, flip 0.01)
