KWL LANGUAGE language=en from=setting error=0
KWL SETTINGS open present=1
KL EVENTS subscribed classes=0x2f
KWL POWER source=ac percent=100 charging=0
KWL DISPLAY device=zedBSD i915 (Gen12 Xe) width=1920 height=1080 refresh_mhz=60011
KWL STARTUP step=vulkan-device ms=94
KWL STARTUP step=vulkan-objects-arrow ms=55
KWL STARTUP step=wallpaper-picture ms=14
KWL STARTUP step=wallpaper ms=300
KWL STARTUP step=glyphs-text ms=21
KWL STARTUP step=glyphs-icons ms=1635
KWL STARTUP step=glyphs-mark ms=16
KWL GLASS atlas cache-top=344 cells=294 faces=1
KWL STARTUP step=glyphs ms=1779
KWL STARTUP step=tiles ms=67
KWL GLASS ready text=1
KWL STARTUP step=compose ms=2337 at_ms=16711
KWL INPUT device=/dev/input/event0 kind=pointer abs=0
KWL INPUT device=/dev/input/event1 kind=keyboard abs=0
KWL INPUT device=/dev/input/event2 kind=touchpad abs=0 resolution=12,12 size=1336,760
KWL STARTUP step=input ms=2 at_ms=16713
KWL KEYMAP format=xkb_v1 errno=0
KWL STARTUP step=keymap ms=1 at_ms=16714
KWL STARTUP step=socket ms=0 at_ms=16714
KWL CLIENT client=1 fd=12 ime=1
KWL IME started pid=38 client=1 --method=ja
KWL READY socket=/run/user/1000/wayland-0 width=1920 height=1080 timeout_ms=18446744073709551615 pid=26 role=normal
KWL BT open ok=1
KWL CORNER zone x=1892 y=0 width=28 height=28
KWL OSK zone kind=flick x=1892 y=1052 size=28
KWL OSK zone kind=qwerty x=0 y=1052 size=28
KWL ACTIVATION token client=0 app=KEILAND_DESKTOP_TOKEN=728574e857b763aae27fa899350fa9ee exec /bi granted=1 reason=spawn at_ms=16727
KWL DESKTOP start pid=39 command=/bin/files --desktop at_ms=16732
KWL ACTIVATION token client=0 app=exec /bin/settings --welcome granted=1 reason=spawn at_ms=16732
KWL WELCOME start pid=40
KWL STARTUP step=output-display ms=1
KWL STARTUP step=output-pipelines ms=7
KWL HANDOFF go=1 waited_ms=0 at_ms=16744
KWL STARTUP step=output-swapchain ms=10
KWL STARTUP step=output-targets ms=0
KWL OUTPUT open width=1920 height=1080 images=3 format=37
KWL MODE window switch_ms=19 at_ms=16755
KWL GLASS desktops x=1526 step=34 width=30
KWL NETWORK icon x=1654 y=3 width=30 height=38
KWL VOLUME icon x=1688 y=3 width=30 height=38
KWL MEDIA volumes=0 fresh=0
KWL OUTPUT display index=0 name=zedbsd-port-v1:pci:0000:00:02.0:edp:A internal=1 shown=1 width=1920 height=1080
KWL OUTPUT displays count=1
KWL HOME skip name=X terminal missing=/bin/zterm
KWL HOME prepared names=17
KWL VOLUME reachable=1 device=1
KWL AUDIO streams offered=1
KEI-IME METHOD 1
KWL CURSOR shown by=touchpad
KWL PERF 5005ms: passes=158 timeouts=121 | poll 25.6% work 75.5%
KWL PERF compose frames=25 draw_ms=15.64 (acquire 5.05 submit+present 10.46) frame_ms=15.88
KWL NETWORK state reachable=0 connected=0 kind=none interface= wifi=absent ssid=
KEI-IME LANGUAGE id=direct
KWL IME language=direct
KWL IME indicator x=1622 label=A
KWL NETWORK state reachable=0 connected=0 kind=none interface= wifi=absent ssid=
KWL SUPER home
KWL HOME open via=super at_ms=23075
KWL IME activate field home
KWL FIRST_FRAME what=home-open frame=57 request_ms=23075 ms=12
KWL HOME layer=cover after_ms=14
KWL HOME layer=content after_ms=14
KWL HOME opened apps=17 pages=2 page=1 at_ms=23365
KWL HOME icon name="Files" x=600 y=760
KWL HOME icon name="Notes" x=744 y=760
KWL HOME icon name="Settings" x=888 y=760
KWL HOME icon name="Terminal" x=1032 y=760
KWL HOME icon name="PDF Viewer" x=1176 y=760
KWL HOME icon name="Image Viewer" x=1320 y=760
KWL HOME icon name="Video Player" x=600 y=912
KWL HOME icon name="Music" x=744 y=912
KWL HOME icon name="Photos" x=888 y=912
KWL HOME icon name="Phone" x=1032 y=912
KWL HOME icon name="Calendar" x=1176 y=912
KWL HOME icon name="Mail" x=1320 y=912
KWL HOME icon name="Text Editor" x=2520 y=912
KWL HOME icon name="System Monitor" x=2664 y=912
KWL HOME icon name="Browser" x=2808 y=912
KWL HOME icon name="Lock Screen" x=2952 y=912
KWL HOME icon name="Power Off" x=3096 y=912
KWL CLIENT client=2 fd=17
KEI-IME POPUP ready=1 error=0
KEI-IME READY languages=2
KEI-IME ACTIVATE
KWL CLIENT client=3 fd=18
KWL INSET create client=2 inset=23 toplevel=21
KWL EDIT create client=2 edit=25 toplevel=21
KWL BOUNDS client=2 surface=19 width=1896 height=960
KWL CONFIGURE client=2 surface=19 serial=5 width=0 height=0 fullscreen=0
KWL DESKTOP role client=3 surface=19 x=0 y=44 width=1920 height=1036
KWL SEAT client=3 pointer=1 keyboard=0 touch=0
KWL SEAT client=3 pointer=1 keyboard=1 touch=0
KWL SEAT client=2 pointer=1 keyboard=0 touch=0
KWL SEAT client=2 pointer=1 keyboard=1 touch=0
KWL DESKTOP ack serial=6
KWL IMPORT client=2 buffer=32 width=1180 height=800 bytes=3776512
ZFILES DESKTOP configure x=0 y=44 width=1920 height=1036
KWL IMPORT client=3 buffer=30 width=1920 height=1036 bytes=7958528
KWL IMPORT client=2 buffer=33 width=1180 height=800 bytes=3776512
ZSETTINGS PAGE home
ZSETTINGS WELCOME step=0 name=welcome
ZFILES LOCATION kind=folder path=/home/kei/Desktop items=0 error=0
KWL IMPORT client=3 buffer=31 width=1920 height=1036 bytes=7958528
KWL IMPORT client=2 buffer=34 width=1180 height=800 bytes=3776512
KWL SUPER home
KWL HOME close via=super at_ms=25850
KWL IME deactivate
KWL IMPORT client=3 buffer=32 width=1920 height=1036 bytes=7958528
KWL IMPORT client=2 buffer=35 width=1180 height=800 bytes=3776512
KEI-IME DEACTIVATE
KWL FIRST_FRAME what=home-close frame=94 request_ms=25850 ms=20
KWL IMPORT client=3 buffer=33 width=1920 height=1036 bytes=7958528
KWL IMPORT client=2 buffer=36 width=1180 height=800 bytes=3776512
KWL IMPORT client=3 buffer=34 width=1920 height=1036 bytes=7958528
KWL IMPORT client=2 buffer=37 width=1180 height=800 bytes=3776512
KWL IMPORT client=3 buffer=35 width=1920 height=1036 bytes=7958528
KWL SETTINGS snapshot client=3 object=39
KWL SYSTEM object client=2 get=2 id=42
ZFILES ACCENT index=0
KWL SYSTEM object client=2 get=3 id=43
KWL SYSTEM object client=2 get=4 id=44
KWL SYSTEM object client=2 get=5 id=45
KWL SYSTEM object client=2 get=7 id=46
KWL SYSTEM object client=2 get=8 id=47
KWL NOTIFY object client=2 id=48
KWL MAIL object client=2 id=49
KWL PHONE object client=2 id=50
KWL PRINTERS object client=2 id=51
KWL DISPLAYS object client=2 id=52
KWL SYSTEM machine object client=2 id=53
KWL BT object client=2 id=54
ZSETTINGS SYSTEM open capabilities=0x3fefe
ZSETTINGS MACHINE query request=1 parts=13
ZSETTINGS NETWORK state reachable=0 connected=0 kind=0 interface= wifi=0 ssid=
ZFILES DESKTOP layout saved=0 error=0
ZFILES DESKTOP grid width=1920 height=1036 columns=19 rows=9
ZFILES DESKTOP ready items=0 cells=0 width=1920 height=1036 at_ms=25969 newest_age_ms=-1 hidden=0
KWL SYSTEM machine query client=2 request=1 what=13
ZFILES MENU context-only
ZFILES DESKTOP startup entered_ms=21806 fonts=3898 instance=0 window=89 present=20 app=6 canvas=146 draw=4 shown=25 menus=0
ZFILES READY width=1920 height=1036 token=-
KWL SYSTEM result client=2 object=42 request=2 applied=0
KWL SYSTEM machine answer client=2 request=1 what=13 result=0 users=1 filesystems=0 skipped=0 mounts=0 mounts_skipped=0
KWL SETTINGS snapshot client=2 object=59
ZSETTINGS LOOK open opacity=100 wallpaper= writable=1
ZSETTINGS SOUND open live=1 reachable=1 value=100 muted=0
ZSETTINGS SOUND report reachable=1 device=1 value=100 muted=0
KWL DESKTOP drawn at_ms=25996
ZSETTINGS APPEARANCE appearance=0
ZSETTINGS GLASS blur=1
ZSETTINGS GLASS on
ZSETTINGS MENU state back=0 forward=0 sidebar=0 page=home
ZSETTINGS MENU ready items=20
ZSETTINGS TITLEBAR state back=0 forward=0 parts=1 last=Settings sidebar=0 query= focus=0
ZSETTINGS TITLEBAR ready controls=6
ZSETTINGS LAYOUT page=home controls=2
ZSETTINGS CONTROL index=9002 x=1089 y=28 width=59 height=32
ZSETTINGS CONTROL index=9001 x=1094 y=752 width=62 height=32
ZSETTINGS GLASS panels count=1
ZSETTINGS READY width=1180 height=800 glass=1 page=home
KWL MENU set client=2 place=66 menu=67
KWL MENU commit client=2 menu=67 serial=1 items=41 generation=1
KWL MENU commit client=2 menu=67 serial=2 items=41 generation=2
KWL MENU commit client=2 menu=67 serial=3 items=41 generation=3
KWL TITLEBAR create client=2 titlebar=69 toplevel=21
KWL TITLEBAR commit client=2 titlebar=69 serial=1 mode=1 controls=0 tabs=0 generation=1
KWL TITLEBAR commit client=2 titlebar=69 serial=2 mode=1 controls=6 tabs=0 generation=2
KWL TITLEBAR commit client=2 titlebar=69 serial=3 mode=1 controls=6 tabs=0 generation=3
KWL TITLEBAR commit client=2 titlebar=69 serial=4 mode=1 controls=6 tabs=0 generation=4
KWL TITLEBAR commit client=2 titlebar=69 serial=5 mode=1 controls=6 tabs=0 generation=5
KWL TITLEBAR commit client=2 titlebar=69 serial=6 mode=1 controls=6 tabs=0 generation=6
KWL GLASS client=2 surface=19 blur=1
KWL GLASS client=2 surface=19 panels=1 card:0,0,1180,800,16
KWL DECORATION applied client=2 surface=19 mode=2
KWL EDIT state client=2 edit=25 actions=0xff flags=0xd
ZSETTINGS ABOUT system=Kei/zedBSD 1.0.0 Beta 2 kernel=zedBSD 1.0.0-beta2+g777f5e3 machine=x86_64 cores=12 host=kei
ZSETTINGS USERS account name=kei
ZSETTINGS USERS list count=1
ZSETTINGS LANGUAGES system language=none
ZSETTINGS MACHINE result request=1 errno=0
ZSETTINGS NETWORK open links=3 dns=1 saved=0
ZSETTINGS NETWORK wired-link name=ue0 mode=1 address=10.0.30.3 router=10.0.0.1
KWL MAP client=2 surface=19 x=370 y=188
KWL SURFACE enter surface=19 output=0 client=2
KWL IME app key=app:settings language=direct from=inherited
ZSETTINGS BLUETOOTH state reachable=0 state=0 flags=0 features=0
KWL RENDER output=0 surfaces=19
KWL GLASS glyph codepoint=U+2026 size=0 face=0 cell=0
KWL HOME closed at_ms=26098
KWL TITLEBAR control client=2 surface=19 where=floating id=1 x=493 y=143 width=30 height=30 shown=1
KWL TITLEBAR control client=2 surface=19 where=floating id=2 x=527 y=143 width=30 height=30 shown=1
KWL TITLEBAR control client=2 surface=19 where=floating id=3 x=561 y=143 width=30 height=30 shown=1
KWL TITLEBAR control client=2 surface=19 where=floating id=4 x=601 y=143 width=72 height=30 shown=1
KWL TITLEBAR control client=2 surface=19 where=floating id=5 x=1142 y=143 width=220 height=30 shown=1
KWL TITLEBAR control client=2 surface=19 where=floating id=6 x=1366 y=143 width=30 height=30 shown=1
KWL TITLEBAR control client=2 surface=19 where=floating id=0 x=1406 y=143 width=30 height=30 shown=1
KWL APPS bar count=1 hidden=0 desktop=2 apps=settings
KWL APPS icon app=settings x=58 y=0 width=34 height=44 windows=1
KWL SUPER home
KWL HOME open via=super at_ms=26354
KWL IME activate field home
KEI-IME ACTIVATE
KWL FIRST_FRAME what=home-open frame=107 request_ms=26354 ms=18
KWL HOME layer=cover after_ms=28
KWL HOME layer=content after_ms=29
KWL HOME opened apps=17 pages=2 page=1 at_ms=26657
KWL HOME icon name="Files" x=600 y=760
KWL HOME icon name="Notes" x=744 y=760
KWL HOME icon name="Settings" x=888 y=760
KWL HOME icon name="Terminal" x=1032 y=760
KWL HOME icon name="PDF Viewer" x=1176 y=760
KWL HOME icon name="Image Viewer" x=1320 y=760
KWL HOME icon name="Video Player" x=600 y=912
KWL HOME icon name="Music" x=744 y=912
KWL HOME icon name="Photos" x=888 y=912
KWL HOME icon name="Phone" x=1032 y=912
KWL HOME icon name="Calendar" x=1176 y=912
KWL HOME icon name="Mail" x=1320 y=912
KWL HOME icon name="Text Editor" x=2520 y=912
KWL HOME icon name="System Monitor" x=2664 y=912
KWL HOME icon name="Browser" x=2808 y=912
KWL HOME icon name="Lock Screen" x=2952 y=912
KWL HOME icon name="Power Off" x=3096 y=912
KWL PERF 5032ms: passes=444 timeouts=371 | poll 68.1% work 31.8%
KWL PERF compose frames=90 draw_ms=16.86 (acquire 1.57 submit+present 14.63) frame_ms=18.04
KWL SYSTEM sharing answer error=0
ZSETTINGS SHARING state available=1 enabled=1 running=1 port=22 allowed=1 fingerprint=
KWL SYSTEM enrolled pin=0 keys=0 listed=0
KWL SYSTEM result client=2 object=42 request=3 applied=0
ZSETTINGS USERS enrolled changed
KWL NETWORK state reachable=0 connected=0 kind=none interface= wifi=absent ssid=
KWL NETWORK state reachable=0 connected=0 kind=none interface= wifi=absent ssid=
KWL NETWORK state reachable=1 connected=1 kind=wired interface=ue0 wifi=searching ssid=
ZSETTINGS NETWORK state reachable=1 connected=1 kind=1 interface=ue0 wifi=2 ssid=
KWL SYSTEM result client=2 object=42 request=4 applied=0
KWL HOME search query="s" results=13 [Files] [Notes] [Settings] [Terminal] [Music] [Photos] [Phone] [Calendar] [Mail] [System Monitor] [Browser] [Lock Screen] [Power Off]
KWL HOME icon name="Files" x=600 y=608
KWL HOME icon name="Notes" x=744 y=608
KWL HOME icon name="Settings" x=888 y=608
KWL HOME icon name="Terminal" x=1032 y=608
KWL HOME icon name="Music" x=1176 y=608
KWL HOME icon name="Photos" x=1320 y=608
KWL HOME icon name="Phone" x=600 y=760
KWL HOME icon name="Calendar" x=744 y=760
KWL HOME icon name="Mail" x=888 y=760
KWL HOME icon name="System Monitor" x=1032 y=760
KWL HOME icon name="Browser" x=1176 y=760
KWL HOME icon name="Lock Screen" x=1320 y=760
KWL HOME icon name="Power Off" x=600 y=912
KWL HOME search query="se" results=4 [Files] [Settings] [Browser] [Power Off]
KWL HOME icon name="Files" x=744 y=912
KWL HOME icon name="Settings" x=888 y=912
KWL HOME icon name="Browser" x=1032 y=912
KWL HOME icon name="Power Off" x=1176 y=912
KWL SYSTEM result client=2 object=42 request=5 applied=0
KWL ACTIVATION token client=0 app=/bin/files granted=1 reason=spawn at_ms=30028
KWL HOME launch name=Files pid=47
KWL HOME close via=launch at_ms=30032
KWL IME deactivate
KEI-IME DEACTIVATE
KWL FIRST_FRAME what=home-close frame=126 request_ms=30032 ms=23
KWL CLIENT client=4 fd=22
KWL INSET create client=4 inset=23 toplevel=21
KWL EDIT create client=4 edit=25 toplevel=21
KWL BOUNDS client=4 surface=19 width=1896 height=960
KWL CONFIGURE client=4 surface=19 serial=15 width=0 height=0 fullscreen=0
KWL SEAT client=4 pointer=1 keyboard=0 touch=0
KWL SEAT client=4 pointer=1 keyboard=1 touch=0
ZFILES LOCATION kind=today path=/home/kei items=0 error=0
ZFILES GLASS on
ZFILES MENU state selection=0 folder=0 paste=0 undo=0 back=0 view=0 sort=0 openers=0
ZFILES MENU ready items=67
ZFILES TITLEBAR state back=0 forward=0 parts=1 last=Today view=0 preview=0 progress=-1 query= focus=0
ZFILES TITLEBAR ready controls=8
KWL IMPORT client=4 buffer=32 width=1120 height=720 bytes=3227648
KWL IMPORT client=4 buffer=33 width=1120 height=720 bytes=3227648
KWL IMPORT client=4 buffer=34 width=1120 height=720 bytes=3227648
KWL IMPORT client=4 buffer=35 width=1120 height=720 bytes=3227648
KWL IMPORT client=4 buffer=36 width=1120 height=720 bytes=3227648
KWL IMPORT client=4 buffer=37 width=1120 height=720 bytes=3227648
KWL MENU set client=4 place=41 menu=42
KWL MENU commit client=4 menu=42 serial=1 items=90 generation=1
KWL MENU commit client=4 menu=42 serial=2 items=90 generation=2
KWL MENU commit client=4 menu=42 serial=3 items=90 generation=3
KWL MENU commit client=4 menu=42 serial=4 items=90 generation=4
KWL MENU commit client=4 menu=42 serial=5 items=90 generation=5
KWL MENU commit client=4 menu=42 serial=6 items=90 generation=6
KWL MENU commit client=4 menu=42 serial=7 items=90 generation=7
KWL MENU commit client=4 menu=42 serial=8 items=90 generation=8
KWL MENU commit client=4 menu=42 serial=9 items=90 generation=9
KWL MENU commit client=4 menu=42 serial=10 items=90 generation=10
KWL MENU commit client=4 menu=42 serial=11 items=90 generation=11
KWL MENU commit client=4 menu=42 serial=12 items=90 generation=12
KWL MENU commit client=4 menu=42 serial=13 items=90 generation=13
KWL MENU commit client=4 menu=42 serial=14 items=90 generation=14
KWL MENU commit client=4 menu=42 serial=15 items=90 generation=15
KWL MENU commit client=4 menu=42 serial=16 items=90 generation=16
KWL MENU commit client=4 menu=42 serial=17 items=90 generation=17
KWL MENU commit client=4 menu=42 serial=18 items=90 generation=18
KWL MENU commit client=4 menu=42 serial=19 items=90 generation=19
KWL MENU commit client=4 menu=42 serial=20 items=90 generation=20
KWL MENU commit client=4 menu=42 serial=21 items=90 generation=21
KWL MENU commit client=4 menu=42 serial=22 items=90 generation=22
KWL MENU commit client=4 menu=42 serial=23 items=90 generation=23
KWL MENU commit client=4 menu=42 serial=24 items=90 generation=24
KWL MENU commit client=4 menu=42 serial=25 items=90 generation=25
KWL MENU commit client=4 menu=42 serial=26 items=90 generation=26
KWL MENU commit client=4 menu=42 serial=27 items=90 generation=27
KWL MENU commit client=4 menu=42 serial=28 items=90 generation=28
KWL MENU commit client=4 menu=42 serial=29 items=90 generation=29
KWL MENU commit client=4 menu=42 serial=30 items=90 generation=30
KWL MENU commit client=4 menu=42 serial=31 items=90 generation=31
KWL MENU commit client=4 menu=42 serial=32 items=90 generation=32
KWL MENU commit client=4 menu=42 serial=33 items=90 generation=33
KWL MENU commit client=4 menu=42 serial=34 items=90 generation=34
KWL MENU commit client=4 menu=42 serial=35 items=90 generation=35
KWL MENU commit client=4 menu=42 serial=36 items=90 generation=36
KWL MENU commit client=4 menu=42 serial=37 items=90 generation=37
KWL MENU commit client=4 menu=42 serial=38 items=90 generation=38
KWL MENU commit client=4 menu=42 serial=39 items=90 generation=39
KWL MENU commit client=4 menu=42 serial=40 items=90 generation=40
KWL MENU commit client=4 menu=42 serial=41 items=90 generation=41
KWL MENU commit client=4 menu=42 serial=42 items=90 generation=42
KWL TITLEBAR create client=4 titlebar=44 toplevel=21
KWL TITLEBAR commit client=4 titlebar=44 serial=1 mode=1 controls=0 tabs=0 generation=1
KWL TITLEBAR commit client=4 titlebar=44 serial=2 mode=1 controls=8 tabs=0 generation=2
KWL TITLEBAR commit client=4 titlebar=44 serial=3 mode=1 controls=8 tabs=0 generation=3
KWL TITLEBAR commit client=4 titlebar=44 serial=4 mode=1 controls=8 tabs=0 generation=4
KWL TITLEBAR commit client=4 titlebar=44 serial=5 mode=1 controls=8 tabs=0 generation=5
KWL TITLEBAR commit client=4 titlebar=44 serial=6 mode=1 controls=8 tabs=0 generation=6
KWL TITLEBAR commit client=4 titlebar=44 serial=7 mode=1 controls=8 tabs=0 generation=7
KWL TITLEBAR commit client=4 titlebar=44 serial=8 mode=1 controls=8 tabs=0 generation=8
KWL SYSTEM object client=4 get=2 id=49
KWL SYSTEM object client=4 get=3 id=50
KWL SYSTEM object client=4 get=4 id=51
KWL SYSTEM object client=4 get=5 id=52
KWL SYSTEM object client=4 get=7 id=53
KWL SYSTEM object client=4 get=8 id=54
KWL NOTIFY object client=4 id=55
KWL MAIL object client=4 id=56
KWL PHONE object client=4 id=57
KWL PRINTERS object client=4 id=58
KWL DISPLAYS object client=4 id=59
KWL SYSTEM machine object client=4 id=60
KWL BT object client=4 id=61
ZFILES DEVICES count=0
ZFILES APPEARANCE appearance=0 accent=0
KWL SETTINGS snapshot client=4 object=68
ZFILES GLASS panels count=2
ZFILES READY width=1120 height=720 token=-
KWL GLASS client=4 surface=19 panels=2 card:0,0,212,720,16 card:220,0,900,720,16
KWL DECORATION applied client=4 surface=19 mode=2
KWL EDIT state client=4 edit=25 actions=0xff flags=0xd
KWL MAP client=4 surface=19 x=400 y=228
KWL HOME launched waited_ms=206 at_ms=30238
KWL GLASS launch surface=19 from=708,876 to=400,228 size=1120x720 client=4
KWL SURFACE enter surface=19 output=0 client=4
KWL IME app key=app:files language=direct from=inherited
KWL RENDER output=0 surfaces=19,19
KWL SYSTEM machine query client=4 request=1 what=2
KWL SYSTEM machine query client=4 request=2 what=16
KWL HOME closed at_ms=30272
KWL SYSTEM machine answer client=4 request=1 what=2 result=0 users=0 filesystems=2 skipped=0 mounts=0 mounts_skipped=0
ZFILES HOME free path=/ available=890535936
ZFILES HOME free result errno=0
KWL APPS bar count=2 hidden=0 desktop=2 apps=settings,files
KWL APPS icon app=settings x=58 y=0 width=34 height=44 windows=1
KWL APPS icon app=files x=92 y=0 width=34 height=44 windows=1
KWL SYSTEM machine answer client=4 request=2 what=16 result=0 users=0 filesystems=0 skipped=0 mounts=5 mounts_skipped=0
ZFILES MOUNTS count=5
ZFILES MOUNTS result errno=0
KWL TITLEBAR control client=4 surface=19 where=floating id=1 x=495 y=183 width=30 height=30 shown=1
KWL TITLEBAR control client=4 surface=19 where=floating id=2 x=529 y=183 width=30 height=30 shown=1
KWL TITLEBAR control client=4 surface=19 where=floating id=3 x=563 y=183 width=30 height=30 shown=1
KWL TITLEBAR control client=4 surface=19 where=floating id=4 x=603 y=183 width=56 height=30 shown=1
KWL TITLEBAR control client=4 surface=19 where=floating id=5 x=1044 y=183 width=220 height=30 shown=1
KWL TITLEBAR control client=4 surface=19 where=floating id=6 x=1268 y=183 width=30 height=30 shown=1
KWL TITLEBAR control client=4 surface=19 where=floating id=7 x=1302 y=183 width=30 height=30 shown=1
KWL TITLEBAR control client=4 surface=19 where=floating id=8 x=1336 y=183 width=30 height=30 shown=1
KWL TITLEBAR control client=4 surface=19 where=floating id=0 x=1376 y=183 width=30 height=30 shown=1
KWL SYSTEM sharing answer error=0
ZSETTINGS SHARING state available=1 enabled=1 running=1 port=22 allowed=1 fingerprint=SHA256:D3sUBA1k4W+O9GYsyMm6fhdWn6eNS835yrXn1Qeao9Q
KWL SYSTEM enrolled pin=0 keys=0 listed=0
KWL SYSTEM result client=2 object=42 request=6 applied=0
ZSETTINGS USERS enrolled changed
KWL PERF 5001ms: passes=482 timeouts=431 | poll 87.9% work 11.8%
KWL PERF compose frames=24 draw_ms=22.03 (acquire 0.05 submit+present 21.02) frame_ms=23.68
KWL SYSTEM result client=2 object=42 request=7 applied=0
KWL MENU activate client=4 place=41 item=1042 action=42 serial=24 via=shortcut
ZFILES MENU item=1042 action=42 serial=24
ZFILES ACTION action=42
ZFILES DONE reason=close
KWL MENU set client=4 place=41 menu=0
KWL CLIENT gone client=4 reason=hangup
KWL CLEANUP client=4 objects=14 unread_fds=0
KWL CLEANUP done client=4 ms=1 quiesce=0 surfaces=0 shell=0 objects=1 queued=0 import_us=1000 backend_us=0
KWL HOME ended pid=47 status=0
KWL IME app key=app:settings language=direct from=remembered
KWL RENDER output=0 surfaces=19
KWL APPS bar count=1 hidden=0 desktop=2 apps=settings
KWL APPS icon app=settings x=58 y=0 width=34 height=44 windows=1
KWL SYSTEM result client=2 object=42 request=8 applied=0
KWL SYSTEM result client=2 object=42 request=9 applied=0
KWL SYSTEM result client=2 object=42 request=10 applied=0
KWL CURSOR frame edges=1
KWL CURSOR frame edges=0
KWL CURSOR frame edges=1
KWL CURSOR frame edges=0
KWL CURSOR frame edges=1
KWL CURSOR frame edges=0
KWL CURSOR frame edges=1
KWL CURSOR frame edges=0
KWL SYSTEM result client=2 object=42 request=11 applied=0
KWL TITLEBAR activate client=2 id=3 detail=0 serial=33 via=pointer
ZSETTINGS TITLEBAR activated id=3 detail=0
ZSETTINGS WELCOME left page=home
ZSETTINGS PAGE home
ZSETTINGS TITLEBAR state back=0 forward=0 parts=1 last=Settings sidebar=1 query= focus=0
ZSETTINGS MENU state back=0 forward=0 sidebar=1 page=home
ZSETTINGS MACHINE query request=12 parts=2
ZSETTINGS LAYOUT page=home controls=0
ZSETTINGS GLASS panels count=2
KWL TITLEBAR commit client=2 titlebar=69 serial=7 mode=1 controls=6 tabs=0 generation=7
KWL TITLEBAR commit client=2 titlebar=69 serial=8 mode=1 controls=6 tabs=0 generation=8
KWL TITLEBAR commit client=2 titlebar=69 serial=9 mode=1 controls=6 tabs=0 generation=9
KWL MENU commit client=2 menu=67 serial=4 items=41 generation=4
KWL SYSTEM machine query client=2 request=12 what=2
KWL SYSTEM machine answer client=2 request=12 what=2 result=0 users=0 filesystems=2 skipped=0 mounts=0 mounts_skipped=0
KWL GLASS client=2 surface=19 panels=2 card:0,0,248,800,16 card:256,0,924,800,16
ZSETTINGS MACHINE result request=12 errno=0
KWL PERF 5006ms: passes=490 timeouts=249 | poll 67.0% work 32.7%
KWL PERF compose frames=102 draw_ms=15.46 (acquire 4.18 submit+present 11.07) frame_ms=15.71
KWL SYSTEM result client=2 object=42 request=13 applied=0
KWL CURSOR frame edges=1
KWL CURSOR frame edges=0
ZSETTINGS MACHINE query request=14 parts=2
KWL SYSTEM machine query client=2 request=14 what=2
KWL SYSTEM result client=2 object=42 request=15 applied=0
KWL SYSTEM machine answer client=2 request=14 what=2 result=0 users=0 filesystems=2 skipped=0 mounts=0 mounts_skipped=0
ZSETTINGS MACHINE result request=14 errno=0
KWL SYSTEM result client=2 object=42 request=16 applied=0
ZSETTINGS MACHINE query request=17 parts=2
KWL SYSTEM machine query client=2 request=17 what=2
KWL SYSTEM result client=2 object=42 request=18 applied=0
KWL SYSTEM machine answer client=2 request=17 what=2 result=0 users=0 filesystems=2 skipped=0 mounts=0 mounts_skipped=0
ZSETTINGS MACHINE result request=17 errno=0
KWL PERF 5001ms: passes=499 timeouts=193 | poll 59.2% work 40.6%
KWL PERF compose frames=134 draw_ms=14.67 (acquire 4.61 submit+present 9.78) frame_ms=14.89
KWL PING pong client=2 serial=35
ZSETTINGS PAGE display
ZSETTINGS TITLEBAR state back=1 forward=0 parts=2 last=Display sidebar=1 query= focus=0
ZSETTINGS MENU state back=1 forward=0 sidebar=1 page=display
KWL SYSTEM result client=2 object=42 request=19 applied=0
ZSETTINGS LAYOUT page=display controls=3
ZSETTINGS CONTROL index=1 x=306 y=166 width=77 height=32
ZSETTINGS CONTROL index=2 x=391 y=166 width=74 height=32
ZSETTINGS CONTROL index=5 x=306 y=634 width=758 height=28
KWL TITLEBAR commit client=2 titlebar=69 serial=10 mode=1 controls=6 tabs=0 generation=10
KWL TITLEBAR commit client=2 titlebar=69 serial=11 mode=1 controls=6 tabs=0 generation=11
KWL TITLEBAR commit client=2 titlebar=69 serial=12 mode=1 controls=6 tabs=0 generation=12
KWL MENU commit client=2 menu=67 serial=5 items=41 generation=5
KWL MENU commit client=2 menu=67 serial=6 items=41 generation=6
KWL TITLEBAR control client=2 surface=19 where=floating id=1 x=493 y=143 width=30 height=30 shown=1
KWL TITLEBAR control client=2 surface=19 where=floating id=2 x=527 y=143 width=30 height=30 shown=1
KWL TITLEBAR control client=2 surface=19 where=floating id=3 x=561 y=143 width=30 height=30 shown=1
KWL TITLEBAR control client=2 surface=19 where=floating id=4 x=601 y=143 width=149 height=30 shown=1
KWL TITLEBAR control client=2 surface=19 where=floating id=5 x=1142 y=143 width=220 height=30 shown=1
KWL TITLEBAR control client=2 surface=19 where=floating id=6 x=1366 y=143 width=30 height=30 shown=1
KWL TITLEBAR control client=2 surface=19 where=floating id=0 x=1406 y=143 width=30 height=30 shown=1
ZSETTINGS MACHINE query request=20 parts=2
KWL SYSTEM machine query client=2 request=20 what=2
KWL SYSTEM machine answer client=2 request=20 what=2 result=0 users=0 filesystems=2 skipped=0 mounts=0 mounts_skipped=0
ZSETTINGS MACHINE result request=20 errno=0
KWL SYSTEM result client=2 object=42 request=21 applied=0
ZSETTINGS MACHINE query request=22 parts=2
KWL SYSTEM machine query client=2 request=22 what=2
KWL SYSTEM machine answer client=2 request=22 what=2 result=0 users=0 filesystems=2 skipped=0 mounts=0 mounts_skipped=0
ZSETTINGS MACHINE result request=22 errno=0
KWL SYSTEM result client=2 object=42 request=23 applied=0
KWL SYSTEM result client=2 object=42 request=24 applied=0
KWL PERF 5004ms: passes=513 timeouts=486 | poll 97.2% work 2.5%
KWL PERF compose frames=5 draw_ms=16.96 (acquire 0.03 submit+present 16.62) frame_ms=18.76
KWL SYSTEM result client=2 object=42 request=25 applied=0
KWL SYSTEM result client=2 object=42 request=26 applied=0
KWL SYSTEM result client=2 object=42 request=27 applied=0
KWL SYSTEM result client=2 object=42 request=28 applied=0
KWL PERF 5000ms: passes=509 timeouts=501 | poll 99.1% work 0.7%
KWL SYSTEM result client=2 object=42 request=29 applied=0
KWL SYSTEM result client=2 object=42 request=30 applied=0
KWL SYSTEM result client=2 object=42 request=31 applied=0
KWL SYSTEM result client=2 object=42 request=32 applied=0
KWL SYSTEM result client=2 object=42 request=33 applied=0
KWL PERF 5000ms: passes=509 timeouts=499 | poll 99.1% work 0.7%
KWL SYSTEM result client=2 object=42 request=34 applied=0
KWL NETWORK state reachable=1 connected=0 kind=none interface= wifi=searching ssid=
ZSETTINGS NETWORK state reachable=1 connected=0 kind=0 interface= wifi=2 ssid=
KWL SYSTEM result client=2 object=42 request=35 applied=0
KWL SYSTEM result client=2 object=42 request=36 applied=0
KWL SYSTEM result client=2 object=42 request=37 applied=0
KWL SYSTEM result client=2 object=42 request=38 applied=0
KWL PERF 5003ms: passes=509 timeouts=497 | poll 98.5% work 1.4%
KWL PERF compose frames=2 draw_ms=19.95 (acquire 0.02 submit+present 19.67) frame_ms=21.68
KWL SYSTEM result client=2 object=42 request=39 applied=0
KWL SYSTEM result client=2 object=42 request=40 applied=0
KWL OUTPUT display index=0 name=zedbsd-port-v1:pci:0000:00:02.0:edp:A internal=1 shown=1 width=1920 height=1080
KWL OUTPUT display index=1 name=zedbsd-port-v1:pci:0000:00:02.0:dp:TC2 internal=0 shown=0 width=1920 height=1280
KWL OUTPUT displays count=2
KWL OUTPUT head open name=zedbsd-port-v1:pci:0000:00:02.0:dp:TC2 width=1920 height=1280 refresh_mhz=59999 x=1920 y=0 images=3
KWL GLASS head bar output=1 top=0 launcher=1930 desktops=3402 status=3530 clock=3692
ZSETTINGS LAYOUT page=display controls=7
ZSETTINGS CONTROL index=1 x=306 y=166 width=77 height=32
ZSETTINGS CONTROL index=2 x=391 y=166 width=74 height=32
ZSETTINGS CONTROL index=10 x=508 y=246 width=210 height=118
ZSETTINGS CONTROL index=11 x=718 y=246 width=210 height=140
ZSETTINGS CONTROL index=30 x=1082 y=432 width=52 height=32
ZSETTINGS CONTROL index=31 x=1082 y=472 width=52 height=32
ZSETTINGS CONTROL index=5 x=306 y=674 width=758 height=28
ZSETTINGS SLOW-FRAME draw=13 present=1583 copy=3 acquire=0 queue=0 wait=1
KWL SYSTEM result client=2 object=42 request=41 applied=0
KWL SYSTEM result client=2 object=42 request=42 applied=0
KWL PERF 5004ms: passes=495 timeouts=485 | poll 97.1% work 2.7%
KWL PERF compose frames=2 draw_ms=22.13 (acquire 0.03 submit+present 21.70) frame_ms=23.33
KWL EVENT input changed
KWL TOUCH added device=/dev/input/event3 x=0..10368 y=0..6912
KWL INPUT device=/dev/input/event3 kind=touch abs=1
KWL SEAT client=3 pointer=1 keyboard=1 touch=1
KWL SEAT client=2 pointer=1 keyboard=1 touch=1
KWL EVENT input changed
KWL TABLET added device=/dev/input/event4 name="Pen and multitouch sensor" x=0..25920 y=0..17280 pressure=0..4095 tilt=0
KWL INPUT device=/dev/input/event4 kind=tablet abs=1
KWL SYSTEM result client=2 object=42 request=43 applied=0
KWL SYSTEM result client=2 object=42 request=44 applied=0
KWL SYSTEM result client=2 object=42 request=45 applied=0
KWL SYSTEM result client=2 object=42 request=46 applied=0
KWL PERF 5001ms: passes=469 timeouts=166 | poll 52.0% work 47.8%
KWL PERF compose frames=147 draw_ms=15.96 (acquire 2.84 submit+present 12.59) frame_ms=16.10
ZSETTINGS DISPLAY shown zedbsd-port-v1:pci:0000:00:02.0:edp:A shown=0 error=0
ZSETTINGS LAYOUT page=display controls=5
ZSETTINGS CONTROL index=1 x=306 y=166 width=77 height=32
ZSETTINGS CONTROL index=2 x=391 y=166 width=74 height=32
ZSETTINGS CONTROL index=10 x=508 y=246 width=210 height=118
ZSETTINGS CONTROL index=11 x=718 y=246 width=210 height=140
ZSETTINGS CONTROL index=5 x=306 y=674 width=758 height=28
KWL SYSTEM result client=2 object=42 request=47 applied=0
KWL PING pong client=2 serial=38
KWL DISPLAYS anchor off name=zedbsd-port-v1:pci:0000:00:02.0:edp:A to=zedbsd-port-v1:pci:0000:00:02.0:dp:TC2
KWL OUTPUT head closed name=zedbsd-port-v1:pci:0000:00:02.0:dp:TC2
KWL OUTPUT closed
KWL STARTUP step=output-display ms=0
KWL STARTUP step=output-pipelines ms=1
KWL STARTUP step=output-swapchain ms=499
KWL STARTUP step=output-targets ms=0
KWL OUTPUT open width=1920 height=1280 images=3 format=37
KWL STARTUP step=wallpaper-picture ms=19
KWL GLASS resize width=1920 height=1280 ms=301
KWL OUTPUT window surface=19 state=floating x=370 y=188 w=1180 h=800
KWL OUTPUT resized width=1920 height=1280 refresh_mhz=59999
KWL OUTPUT switch name=zedbsd-port-v1:pci:0000:00:02.0:dp:TC2 width=1920 height=1280 refresh_mhz=59999
KWL DISPLAYS off name=zedbsd-port-v1:pci:0000:00:02.0:edp:A
KWL DISPLAYS shown client=2 key=zedbsd-port-v1:pci:0000:00:02.0:edp:A shown=0 error=0 saved=0
KWL DISPLAYS result held request=48 until the move's first frame
KWL OUTPUT display index=0 name=zedbsd-port-v1:pci:0000:00:02.0:dp:TC2 internal=0 shown=1 width=1920 height=1280
KWL OUTPUT display index=1 name=zedbsd-port-v1:pci:0000:00:02.0:edp:A internal=1 shown=0 width=1920 height=1080
KWL OUTPUT displays count=2
ZSETTINGS LAYOUT page=display controls=2
ZSETTINGS CONTROL index=1 x=306 y=166 width=77 height=32
ZSETTINGS CONTROL index=2 x=391 y=166 width=74 height=32
KWL DISPLAYS result held request=48 applied=0
ZFILES DESKTOP configure x=0 y=44 width=1920 height=1236
KWL BOUNDS changed width=1896 height=1160 was=1896x960
KWL BOUNDS client=2 surface=19 width=1896 height=1160
KWL CONFIGURE client=2 surface=19 serial=41 width=0 height=0 fullscreen=0
ZFILES DESKTOP grid width=1920 height=1236 columns=19 rows=11
ZFILES DESKTOP ready items=0 cells=0 width=1920 height=1236 at_ms=73188 newest_age_ms=-1 hidden=0
ZFILES SLOW-FRAME draw=5 present=296 copy=11 acquire=0 queue=1 wait=0
ZSETTINGS DISPLAY shown result errno=0
KWL DESKTOP ack serial=40
KWL IMPORT client=3 buffer=43 width=1920 height=1236 bytes=9494528
ZSETTINGS LAYOUT page=display controls=3
ZSETTINGS CONTROL index=1 x=306 y=166 width=77 height=32
ZSETTINGS CONTROL index=2 x=391 y=166 width=74 height=32
ZSETTINGS CONTROL index=30 x=1082 y=432 width=52 height=32
KWL SYSTEM result client=2 object=42 request=49 applied=0
KWL IMPORT client=3 buffer=44 width=1920 height=1236 bytes=9494528
KWL IMPORT client=3 buffer=45 width=1920 height=1236 bytes=9494528
KWL SYSTEM result client=2 object=42 request=50 applied=0
KWL SYSTEM result client=2 object=42 request=51 applied=0
KWL SYSTEM result client=2 object=42 request=52 applied=0
KWL PERF 5002ms: passes=387 timeouts=345 | poll 72.2% work 27.6%
KWL PERF compose frames=5 draw_ms=81.40 (acquire 66.00 submit+present 14.98) frame_ms=82.50
KWL SYSTEM result client=2 object=42 request=53 applied=0
KWL SYSTEM result client=2 object=42 request=54 applied=0
KWL SYSTEM result client=2 object=42 request=55 applied=0
KWL SYSTEM result client=2 object=42 request=56 applied=0
KWL SYSTEM result client=2 object=42 request=57 applied=0
KWL PERF 5009ms: passes=508 timeouts=498 | poll 98.9% work 0.8%
KWL SYSTEM result client=2 object=42 request=58 applied=0
KWL SYSTEM result client=2 object=42 request=59 applied=0
KWL SYSTEM result client=2 object=42 request=60 applied=0
KWL SYSTEM result client=2 object=42 request=61 applied=0
KWL SYSTEM result client=2 object=42 request=62 applied=0
KWL PERF 5001ms: passes=508 timeouts=498 | poll 98.9% work 0.8%
KWL SYSTEM result client=2 object=42 request=63 applied=0
KWL SYSTEM result client=2 object=42 request=64 applied=0
KWL SYSTEM result client=2 object=42 request=65 applied=0
KWL SYSTEM result client=2 object=42 request=66 applied=0
KWL SYSTEM result client=2 object=42 request=67 applied=0
KWL PERF 5009ms: passes=508 timeouts=498 | poll 98.9% work 0.8%
KWL SYSTEM result client=2 object=42 request=68 applied=0
KWL SYSTEM result client=2 object=42 request=69 applied=0
KWL SYSTEM result client=2 object=42 request=70 applied=0
KWL SYSTEM result client=2 object=42 request=71 applied=0
KWL CURSOR hidden by=touch
KWL TOUCH title held window=2:19 contact=0 x=978 y=160
KWL TOUCH title drag contact=0 x=978 y=160
KWL SYSTEM result client=2 object=42 request=72 applied=0
KWL PERF 5010ms: passes=510 timeouts=469 | poll 92.5% work 7.2%
KWL PERF compose frames=18 draw_ms=17.52 (acquire 3.76 submit+present 13.36) frame_ms=16.83
KWL GLASS moved surface=19 x=221 y=255 client=2
KWL SYSTEM result client=2 object=42 request=73 applied=0
KWL TOUCH title held window=2:19 contact=0 x=844 y=235
KWL TOUCH title tap contact=0 x=844 y=235
KWL GLASS moved surface=19 x=221 y=255 client=2
KWL TOUCH title held window=2:19 contact=0 x=844 y=230
KWL TOUCH title tap contact=0 x=844 y=230
KWL GLASS double-click wait surface=19
KWL GLASS dock surface=19 via=double-click buttons=1892,1858,1824 title=60 x=8 y=52 w=1904 h=1220 client=2
KWL CONFIGURE client=2 surface=19 serial=42 width=1904 height=1220 fullscreen=0
KWL LAYOUT mode=docked reason=double-click at_ms=98299
KWL LAYOUT windows desktop=2 mode=docked floating=0 docked=1 dock_hidden=0 minimized=0 fullscreen=0
KWL IMPORT client=2 buffer=121 width=1904 height=1220 bytes=9293824
KWL IMPORT client=2 buffer=122 width=1904 height=1220 bytes=9293824
KWL IMPORT client=2 buffer=123 width=1904 height=1220 bytes=9293824
KWL IME indicator x=1562 label=A
ZSETTINGS LAYOUT page=display controls=3
ZSETTINGS CONTROL index=1 x=306 y=166 width=77 height=32
ZSETTINGS CONTROL index=2 x=391 y=166 width=74 height=32
ZSETTINGS CONTROL index=30 x=1806 y=432 width=52 height=32
ZSETTINGS GLASS panels count=2
KWL IME indicator x=1524 label=A
KWL GLASS client=2 surface=19 panels=2 card:0,0,248,1220,16 card:256,0,1648,1220,16
KWL GLASS resized surface=19 docked=1 width=1904 height=1220 after_ms=105 acked_ms=20 committed_ms=105 sent_at_ms=98299 client=2
KWL IME indicator x=1513 label=A
KWL TITLEBAR control client=2 surface=19 where=docked id=1 x=175 y=8 width=28 height=28 shown=1
KWL TITLEBAR control client=2 surface=19 where=docked id=2 x=207 y=8 width=28 height=28 shown=1
KWL TITLEBAR control client=2 surface=19 where=docked id=3 x=239 y=8 width=28 height=28 shown=1
KWL TITLEBAR control client=2 surface=19 where=docked id=4 x=277 y=8 width=149 height=28 shown=1
KWL TITLEBAR control client=2 surface=19 where=docked id=5 x=1052 y=8 width=220 height=28 shown=1
KWL TITLEBAR control client=2 surface=19 where=docked id=6 x=1276 y=8 width=28 height=28 shown=1
KWL TITLEBAR control client=2 surface=19 where=docked id=0 x=1314 y=8 width=28 height=28 shown=1
KWL IME indicator x=1506 label=A
KWL TITLEBAR control client=2 surface=19 where=docked id=1 x=175 y=8 width=28 height=28 shown=1
KWL TITLEBAR control client=2 surface=19 where=docked id=2 x=207 y=8 width=28 height=28 shown=1
KWL TITLEBAR control client=2 surface=19 where=docked id=3 x=239 y=8 width=28 height=28 shown=1
KWL TITLEBAR control client=2 surface=19 where=docked id=4 x=277 y=8 width=149 height=28 shown=1
KWL TITLEBAR control client=2 surface=19 where=docked id=5 x=1050 y=8 width=220 height=28 shown=1
KWL TITLEBAR control client=2 surface=19 where=docked id=6 x=1274 y=8 width=28 height=28 shown=1
KWL TITLEBAR control client=2 surface=19 where=docked id=0 x=1312 y=8 width=28 height=28 shown=1
KWL IME indicator x=1504 label=A
KWL TOUCH shell contact=0 x=906 y=31
KWL GLASS undock surface=19 via=double-click x=221 y=255 client=2
KWL BOUNDS client=2 surface=19 width=1896 height=1160
KWL CONFIGURE client=2 surface=19 serial=43 width=1180 height=800 fullscreen=0
KWL LAYOUT mode=windowed reason=double-click at_ms=99296
KWL LAYOUT leave via=double-click front=19 quiet=0
KWL LAYOUT windows desktop=2 mode=windowed floating=1 docked=0 dock_hidden=0 minimized=0 fullscreen=0
KWL TOUCH shell contact=0 x=906 y=38
KWL IMPORT client=2 buffer=125 width=1180 height=800 bytes=3776512
KWL IMPORT client=2 buffer=126 width=1180 height=800 bytes=3776512
KWL SYSTEM result client=2 object=42 request=74 applied=0
KWL IMPORT client=2 buffer=127 width=1180 height=800 bytes=3776512
ZSETTINGS LAYOUT page=display controls=3
ZSETTINGS CONTROL index=1 x=306 y=166 width=77 height=32
ZSETTINGS CONTROL index=2 x=391 y=166 width=74 height=32
ZSETTINGS CONTROL index=30 x=1082 y=432 width=52 height=32
ZSETTINGS GLASS panels count=2
KWL IME indicator x=1563 label=A
KWL GLASS client=2 surface=19 panels=2 card:0,0,248,800,16 card:256,0,924,800,16
KWL GLASS resized surface=19 docked=0 width=1180 height=800 after_ms=50 acked_ms=50 committed_ms=50 sent_at_ms=99296 client=2
KWL IME indicator x=1578 label=A
KWL IME indicator x=1597 label=A
KWL IME indicator x=1610 label=A
KWL IME indicator x=1618 label=A
KWL IME indicator x=1622 label=A
KWL TOUCH title held window=2:19 contact=0 x=898 y=232
KWL TOUCH title drag contact=0 x=898 y=232
KWL GLASS dock surface=19 via=drag buttons=1892,1858,1824 title=60 x=8 y=52 w=1904 h=1220 client=2
KWL CONFIGURE client=2 surface=19 serial=44 width=1904 height=1220 fullscreen=0
KWL LAYOUT mode=docked reason=drag at_ms=100209
KWL LAYOUT windows desktop=2 mode=docked floating=0 docked=1 dock_hidden=0 minimized=0 fullscreen=0
KWL IMPORT client=2 buffer=129 width=1904 height=1220 bytes=9293824
KWL IMPORT client=2 buffer=130 width=1904 height=1220 bytes=9293824
KWL IME indicator x=1587 label=A
KWL IMPORT client=2 buffer=131 width=1904 height=1220 bytes=9293824
KWL IME indicator x=1549 label=A
ZSETTINGS LAYOUT page=display controls=3
ZSETTINGS CONTROL index=1 x=306 y=166 width=77 height=32
ZSETTINGS CONTROL index=2 x=391 y=166 width=74 height=32
ZSETTINGS CONTROL index=30 x=1806 y=432 width=52 height=32
ZSETTINGS GLASS panels count=2
KWL GLASS client=2 surface=19 panels=2 card:0,0,248,1220,16 card:256,0,1648,1220,16
KWL GLASS resized surface=19 docked=1 width=1904 height=1220 after_ms=85 acked_ms=19 committed_ms=85 sent_at_ms=100209 client=2
KWL IME indicator x=1521 label=A
KWL IME indicator x=1509 label=A
KWL SYSTEM result client=2 object=42 request=75 applied=0
KWL IME indicator x=1504 label=A
KWL TOUCH shell contact=0 x=938 y=17
KWL GLASS undock surface=19 via=pull x=355 y=108 client=2
KWL BOUNDS client=2 surface=19 width=1896 height=1160
KWL CONFIGURE client=2 surface=19 serial=45 width=1180 height=800 fullscreen=0
KWL LAYOUT mode=windowed reason=pull at_ms=100952
KWL LAYOUT leave via=pull front=19 quiet=0
KWL LAYOUT windows desktop=2 mode=windowed floating=1 docked=0 dock_hidden=0 minimized=0 fullscreen=0
KWL IMPORT client=2 buffer=133 width=1180 height=800 bytes=3776512
KWL IME indicator x=1534 label=A
ZSETTINGS LAYOUT page=display controls=3
ZSETTINGS CONTROL index=1 x=306 y=166 width=77 height=32
ZSETTINGS CONTROL index=2 x=391 y=166 width=74 height=32
ZSETTINGS CONTROL index=30 x=1082 y=432 width=52 height=32
ZSETTINGS GLASS panels count=2
KWL IMPORT client=2 buffer=134 width=1180 height=800 bytes=3776512
KWL IME indicator x=1560 label=A
KWL IMPORT client=2 buffer=135 width=1180 height=800 bytes=3776512
KWL IME indicator x=1582 label=A
KWL GLASS client=2 surface=19 panels=2 card:0,0,248,800,16 card:256,0,924,800,16
KWL GLASS resized surface=19 docked=0 width=1180 height=800 after_ms=67 acked_ms=67 committed_ms=67 sent_at_ms=100952 client=2
KWL IME indicator x=1593 label=A
KWL IME indicator x=1602 label=A
KWL IME indicator x=1611 label=A
KWL IME indicator x=1616 label=A
KWL IME indicator x=1620 label=A
KWL IME indicator x=1621 label=A
KWL IME indicator x=1622 label=A
KWL PERF 5013ms: passes=480 timeouts=299 | poll 59.0% work 40.6%
KWL PERF compose frames=114 draw_ms=16.85 (acquire 2.31 submit+present 14.07) frame_ms=17.41
KWL GLASS moved surface=19 x=221 y=284 client=2
KWL SYSTEM result client=2 object=42 request=76 applied=0
KWL TOUCH down client=2 surface=19 contact=0 x=857 y=289
ZSETTINGS TOUCH scroll start pane=page
KWL SYSTEM result client=2 object=42 request=77 applied=0
ZSETTINGS TOUCH scroll end pane=page scroll=0
KWL TOUCH title held window=2:19 contact=0 x=899 y=259
KWL TOUCH title drag contact=0 x=899 y=259
KWL SYSTEM result client=2 object=42 request=78 applied=0
KWL GLASS moved surface=19 x=199 y=303 client=2
KWL DESKTOP focus client=3 surface=19
KWL IME app key=desktop language=direct from=desktop
KWL TOUCH down client=3 surface=19 contact=0 x=886 y=297
ZFILES TOUCH drag area=1 fingers=1 scroll=0 largest=0
ZFILES TOUCH release vy=0 scroll=0
ZFILES TOUCH rest area=1 scroll=0
KWL TOUCH title held window=2:19 contact=0 x=872 y=286
KWL IME app key=app:settings language=direct from=remembered
KWL DESKTOP unfocus via=press
KWL TOUCH title drag contact=0 x=872 y=286
KWL SYSTEM result client=2 object=42 request=79 applied=0
KWL GLASS dock surface=19 via=drag buttons=1892,1858,1824 title=60 x=8 y=52 w=1904 h=1220 client=2
KWL CONFIGURE client=2 surface=19 serial=60 width=1904 height=1220 fullscreen=0
KWL LAYOUT mode=docked reason=drag at_ms=106629
KWL LAYOUT windows desktop=2 mode=docked floating=0 docked=1 dock_hidden=0 minimized=0 fullscreen=0
KWL IMPORT client=2 buffer=141 width=1904 height=1220 bytes=9293824
KWL IMPORT client=2 buffer=142 width=1904 height=1220 bytes=9293824
KWL IMPORT client=2 buffer=143 width=1904 height=1220 bytes=9293824
KWL IME indicator x=1562 label=A
ZSETTINGS LAYOUT page=display controls=3
ZSETTINGS CONTROL index=1 x=306 y=166 width=77 height=32
ZSETTINGS CONTROL index=2 x=391 y=166 width=74 height=32
ZSETTINGS CONTROL index=30 x=1806 y=432 width=52 height=32
ZSETTINGS GLASS panels count=2
KWL GLASS client=2 surface=19 panels=2 card:0,0,248,1220,16 card:256,0,1648,1220,16
KWL GLASS resized surface=19 docked=1 width=1904 height=1220 after_ms=63 acked_ms=20 committed_ms=63 sent_at_ms=106629 client=2
KWL IME indicator x=1536 label=A
KWL IME indicator x=1517 label=A
KWL TITLEBAR control client=2 surface=19 where=docked id=1 x=175 y=8 width=28 height=28 shown=1
KWL TITLEBAR control client=2 surface=19 where=docked id=2 x=207 y=8 width=28 height=28 shown=1
KWL TITLEBAR control client=2 surface=19 where=docked id=3 x=239 y=8 width=28 height=28 shown=1
KWL TITLEBAR control client=2 surface=19 where=docked id=4 x=277 y=8 width=149 height=28 shown=1
KWL TITLEBAR control client=2 surface=19 where=docked id=5 x=1051 y=8 width=220 height=28 shown=1
KWL TITLEBAR control client=2 surface=19 where=docked id=6 x=1275 y=8 width=28 height=28 shown=1
KWL TITLEBAR control client=2 surface=19 where=docked id=0 x=1313 y=8 width=28 height=28 shown=1
KWL IME indicator x=1505 label=A
KWL TITLEBAR control client=2 surface=19 where=docked id=1 x=175 y=8 width=28 height=28 shown=1
KWL TITLEBAR control client=2 surface=19 where=docked id=2 x=207 y=8 width=28 height=28 shown=1
KWL TITLEBAR control client=2 surface=19 where=docked id=3 x=239 y=8 width=28 height=28 shown=1
KWL TITLEBAR control client=2 surface=19 where=docked id=4 x=277 y=8 width=149 height=28 shown=1
KWL TITLEBAR control client=2 surface=19 where=docked id=5 x=1050 y=8 width=220 height=28 shown=1
KWL TITLEBAR control client=2 surface=19 where=docked id=6 x=1274 y=8 width=28 height=28 shown=1
KWL TITLEBAR control client=2 surface=19 where=docked id=0 x=1312 y=8 width=28 height=28 shown=1
KWL IME indicator x=1504 label=A
KWL PERF 5020ms: passes=588 timeouts=289 | poll 73.1% work 26.5%
KWL PERF compose frames=75 draw_ms=16.53 (acquire 2.43 submit+present 13.68) frame_ms=17.17
KWL TOUCH shell contact=0 x=888 y=30
KWL GLASS undock surface=19 via=pull x=337 y=114 client=2
KWL BOUNDS client=2 surface=19 width=1896 height=1160
KWL CONFIGURE client=2 surface=19 serial=61 width=1180 height=800 fullscreen=0
KWL LAYOUT mode=windowed reason=pull at_ms=107428
KWL LAYOUT leave via=pull front=19 quiet=0
KWL LAYOUT windows desktop=2 mode=windowed floating=1 docked=0 dock_hidden=0 minimized=0 fullscreen=0
KWL IME indicator x=1529 label=A
KWL SYSTEM result client=2 object=42 request=80 applied=0
KWL IMPORT client=2 buffer=145 width=1180 height=800 bytes=3776512
ZSETTINGS LAYOUT page=display controls=3
ZSETTINGS CONTROL index=1 x=306 y=166 width=77 height=32
ZSETTINGS CONTROL index=2 x=391 y=166 width=74 height=32
ZSETTINGS CONTROL index=30 x=1082 y=432 width=52 height=32
ZSETTINGS GLASS panels count=2
KWL IME indicator x=1555 label=A
KWL IMPORT client=2 buffer=146 width=1180 height=800 bytes=3776512
KWL IME indicator x=1579 label=A
KWL IMPORT client=2 buffer=147 width=1180 height=800 bytes=3776512
KWL GLASS client=2 surface=19 panels=2 card:0,0,248,800,16 card:256,0,924,800,16
KWL GLASS resized surface=19 docked=0 width=1180 height=800 after_ms=69 acked_ms=69 committed_ms=69 sent_at_ms=107428 client=2
KWL IME indicator x=1594 label=A
KWL IME indicator x=1604 label=A
KWL IME indicator x=1610 label=A
KWL IME indicator x=1616 label=A
KWL IME indicator x=1620 label=A
KWL IME indicator x=1621 label=A
KWL IME indicator x=1622 label=A
KWL GLASS moved surface=19 x=177 y=326 client=2
KWL SYSTEM result client=2 object=42 request=81 applied=0
KWL TOUCH title held window=2:19 contact=0 x=763 y=301
KWL TOUCH title drag contact=0 x=763 y=301
KWL SYSTEM result client=2 object=42 request=82 applied=0
KWL SYSTEM result client=2 object=42 request=83 applied=0
KWL SYSTEM result client=2 object=42 request=84 applied=0
KWL PERF 5008ms: passes=421 timeouts=111 | poll 37.5% work 62.1%
KWL PERF compose frames=186 draw_ms=16.18 (acquire 2.52 submit+present 13.25) frame_ms=16.48
KWL GLASS moved surface=19 x=178 y=282 client=2
KWL SYSTEM result client=2 object=42 request=85 applied=0
KWL DESKTOP focus client=3 surface=19
KWL IME app key=desktop language=direct from=desktop
KWL TOUCH down client=3 surface=19 contact=0 x=708 y=281
KWL TOUCH title held window=2:19 contact=1 x=829 y=270
ZFILES TOUCH drag area=1 fingers=1 scroll=0 largest=0
KWL IME app key=app:settings language=direct from=remembered
KWL DESKTOP unfocus via=press
KWL TOUCH title drag contact=1 x=829 y=270
KWL TOUCH cancel client=3 reason=shell
ZFILES TOUCH cancel
ZFILES TOUCH rest area=1 scroll=0
KWL SYSTEM result client=2 object=42 request=86 applied=0
KWL GLASS moved surface=19 x=214 y=293 client=2
KWL SYSTEM result client=2 object=42 request=87 applied=0
KWL DESKTOP focus client=3 surface=19
KWL IME app key=desktop language=direct from=desktop
KWL TOUCH down client=3 surface=19 contact=0 x=1786 y=515
KWL TOUCH down client=3 surface=19 contact=1 x=1744 y=900
ZFILES TOUCH drag area=1 fingers=2 scroll=0 largest=0
ZFILES TOUCH release vy=53 scroll=0
ZFILES TOUCH rest area=1 scroll=0
KWL SYSTEM result client=2 object=42 request=88 applied=0
KWL TOUCH down client=3 surface=19 contact=0 x=1894 y=527
KWL TOUCH down client=3 surface=19 contact=1 x=1884 y=791
ZFILES TOUCH drag area=1 fingers=2 scroll=0 largest=0
KWL PERF 5000ms: passes=527 timeouts=268 | poll 72.4% work 27.3%
KWL PERF compose frames=78 draw_ms=16.50 (acquire 2.10 submit+present 13.97) frame_ms=16.91
ZFILES TOUCH release vy=894 scroll=0
ZFILES TOUCH rest area=1 scroll=0
KWL SYSTEM result client=2 object=42 request=89 applied=0
KWL TOUCH down client=3 surface=19 contact=0 x=1780 y=590
KWL TOUCH down client=3 surface=19 contact=1 x=1889 y=643
ZFILES TOUCH drag area=1 fingers=2 scroll=0 largest=0
ZFILES TOUCH release vy=1108 scroll=0
ZFILES TOUCH rest area=1 scroll=0
KWL TOUCH down client=3 surface=19 contact=0 x=1831 y=544
ZFILES TOUCH drag area=1 fingers=1 scroll=0 largest=0
KWL TOUCH down client=3 surface=19 contact=1 x=1863 y=582
KWL SYSTEM result client=2 object=42 request=90 applied=0
ZFILES TOUCH release vy=2914 scroll=0
ZFILES TOUCH rest area=1 scroll=0
KWL TOUCH down client=3 surface=19 contact=0 x=60 y=540
ZFILES TOUCH drag area=1 fingers=1 scroll=0 largest=0
KWL TOUCH down client=3 surface=19 contact=1 x=55 y=628
ZFILES TOUCH release vy=-422 scroll=0
ZFILES TOUCH rest area=1 scroll=0
KWL SYSTEM result client=2 object=42 request=91 applied=0
KWL TOUCH down client=3 surface=19 contact=0 x=51 y=680
ZFILES TOUCH drag area=1 fingers=1 scroll=0 largest=0
ZFILES TOUCH release vy=642 scroll=0
ZFILES TOUCH rest area=1 scroll=0
KWL TOUCH down client=3 surface=19 contact=0 x=30 y=649
ZFILES TOUCH drag area=1 fingers=1 scroll=0 largest=0
ZFILES TOUCH release vy=-333 scroll=0
ZFILES TOUCH rest area=1 scroll=0
KWL SYSTEM result client=2 object=42 request=92 applied=0
KWL TOUCH down client=3 surface=19 contact=0 x=1855 y=662
ZFILES TOUCH drag area=1 fingers=1 scroll=0 largest=0
ZFILES TOUCH release vy=193 scroll=0
ZFILES TOUCH rest area=1 scroll=0
KWL SYSTEM result client=2 object=42 request=93 applied=0
KWL TOUCH shell contact=0 x=1907 y=640
KWL TOUCH down client=3 surface=19 contact=0 x=1881 y=636
KWL PERF 5000ms: passes=607 timeouts=356 | poll 94.4% work 5.3%
KWL PERF compose frames=11 draw_ms=19.28 (acquire 0.03 submit+present 18.97) frame_ms=19.69
ZFILES TOUCH drag area=1 fingers=1 scroll=0 largest=0
ZFILES TOUCH release vy=767 scroll=0
ZFILES TOUCH rest area=1 scroll=0
KWL SYSTEM result client=2 object=42 request=94 applied=0
KWL SYSTEM result client=2 object=42 request=95 applied=0
KWL SYSTEM result client=2 object=42 request=96 applied=0
KWL SYSTEM result client=2 object=42 request=97 applied=0
KWL TOUCH down client=3 surface=19 contact=0 x=929 y=1258
KWL TOUCH down client=3 surface=19 contact=1 x=1067 y=1259
ZFILES TOUCH drag area=1 fingers=2 scroll=0 largest=0
ZFILES TOUCH release vy=-5156 scroll=0
ZFILES TOUCH rest area=1 scroll=0
KWL SYSTEM result client=2 object=42 request=98 applied=0
KWL TOUCH down client=3 surface=19 contact=0 x=924 y=1213
KWL PERF 5009ms: passes=562 timeouts=468 | poll 97.9% work 1.8%
KWL PERF compose frames=3 draw_ms=17.55 (acquire 0.22 submit+present 17.10) frame_ms=17.72
ZFILES TOUCH drag area=1 fingers=1 scroll=0 largest=0
ZFILES TOUCH release vy=-4738 scroll=0
ZFILES TOUCH rest area=1 scroll=0
KWL SYSTEM result client=2 object=42 request=99 applied=0
KWL TOUCH down client=3 surface=19 contact=0 x=968 y=1177
ZFILES TOUCH drag area=1 fingers=1 scroll=0 largest=0
ZFILES TOUCH release vy=-4400 scroll=0
ZFILES TOUCH rest area=1 scroll=0
KWL TOUCH down client=3 surface=19 contact=0 x=1020 y=119
KWL SYSTEM result client=2 object=42 request=100 applied=0
ZFILES TOUCH drag area=1 fingers=1 scroll=0 largest=0
ZFILES TOUCH release vy=5900 scroll=0
ZFILES TOUCH rest area=1 scroll=0
KWL TOUCH shell contact=0 x=993 y=31
KWL SYSTEM result client=2 object=42 request=101 applied=0
KWL TOUCH shell contact=0 x=872 y=26
KWL TOUCH ignored contact=1 x=996 y=25
KWL SYSTEM result client=2 object=42 request=102 applied=0
KWL TOUCH shell contact=0 x=989 y=1263
KWL TOUCH down client=3 surface=19 contact=1 x=864 y=1264
ZFILES TOUCH drag area=1 fingers=1 scroll=0 largest=0
KWL HOME rise swipe
ZFILES TOUCH release vy=-3212 scroll=0
ZFILES TOUCH rest area=1 scroll=0
KWL HOME open via=edge at_ms=131182
KWL IME activate field home
KEI-IME ACTIVATE
KWL HOME layer=cover after_ms=1
KWL HOME layer=content after_ms=1
KWL FIRST_FRAME what=home-open frame=1091 request_ms=131182 ms=18
KWL SYSTEM result client=2 object=42 request=103 applied=0
KWL HOME opened apps=17 pages=2 page=1 at_ms=131426
KWL HOME icon name="Files" x=600 y=960
KWL HOME icon name="Notes" x=744 y=960
KWL HOME icon name="Settings" x=888 y=960
KWL HOME icon name="Terminal" x=1032 y=960
KWL HOME icon name="PDF Viewer" x=1176 y=960
KWL HOME icon name="Image Viewer" x=1320 y=960
KWL HOME icon name="Video Player" x=600 y=1112
KWL HOME icon name="Music" x=744 y=1112
KWL HOME icon name="Photos" x=888 y=1112
KWL HOME icon name="Phone" x=1032 y=1112
KWL HOME icon name="Calendar" x=1176 y=1112
KWL HOME icon name="Mail" x=1320 y=1112
KWL HOME icon name="Text Editor" x=2520 y=1112
KWL HOME icon name="System Monitor" x=2664 y=1112
KWL HOME icon name="Browser" x=2808 y=1112
KWL HOME icon name="Lock Screen" x=2952 y=1112
KWL HOME icon name="Power Off" x=3096 y=1112
KWL PERF 5008ms: passes=520 timeouts=326 | poll 71.1% work 28.6%
KWL PERF compose frames=76 draw_ms=18.09 (acquire 3.04 submit+present 14.41) frame_ms=18.47
KWL TOUCH shell contact=0 x=960 y=531
KWL TOUCH down client=2 surface=19 contact=1 x=1090 y=504
KWL HOME close drag
ZSETTINGS TOUCH scroll start pane=page
KWL HOME close via=pull-down at_ms=132362
KWL IME deactivate
KEI-IME DEACTIVATE
KWL FIRST_FRAME what=home-close frame=1116 request_ms=132362 ms=17
KWL SYSTEM result client=2 object=42 request=104 applied=0
ZSETTINGS TOUCH scroll end pane=page scroll=0
KWL HOME closed at_ms=132603
KWL TOUCH down client=3 surface=19 contact=0 x=1064 y=1219
ZFILES TOUCH drag area=1 fingers=1 scroll=0 largest=0
KWL TOUCH shell contact=1 x=951 y=1260
KWL TOUCH cancel client=3 reason=shell
ZFILES TOUCH cancel
ZFILES TOUCH rest area=1 scroll=0
KWL TOUCH shell contact=0 x=1000 y=1262
KWL SYSTEM result client=2 object=42 request=105 applied=0
KWL HOME rise swipe
KWL HOME open via=edge at_ms=134223
KWL IME activate field home
KEI-IME ACTIVATE
KWL HOME layer=cover after_ms=1
KWL HOME layer=content after_ms=2
KWL FIRST_FRAME what=home-open frame=1165 request_ms=134223 ms=19
KWL HOME opened apps=17 pages=2 page=1 at_ms=134469
KWL HOME icon name="Files" x=600 y=960
KWL HOME icon name="Notes" x=744 y=960
KWL HOME icon name="Settings" x=888 y=960
KWL HOME icon name="Terminal" x=1032 y=960
KWL HOME icon name="PDF Viewer" x=1176 y=960
KWL HOME icon name="Image Viewer" x=1320 y=960
KWL HOME icon name="Video Player" x=600 y=1112
KWL HOME icon name="Music" x=744 y=1112
KWL HOME icon name="Photos" x=888 y=1112
KWL HOME icon name="Phone" x=1032 y=1112
KWL HOME icon name="Calendar" x=1176 y=1112
KWL HOME icon name="Mail" x=1320 y=1112
KWL HOME icon name="Text Editor" x=2520 y=1112
KWL HOME icon name="System Monitor" x=2664 y=1112
KWL HOME icon name="Browser" x=2808 y=1112
KWL HOME icon name="Lock Screen" x=2952 y=1112
KWL HOME icon name="Power Off" x=3096 y=1112
KWL SYSTEM result client=2 object=42 request=106 applied=0
KWL TOUCH shell contact=0 x=1002 y=362
KWL HOME close drag
KWL HOME close via=pull-down at_ms=135243
KWL IME deactivate
KEI-IME DEACTIVATE
KWL FIRST_FRAME what=home-close frame=1189 request_ms=135243 ms=16
KWL SYSTEM result client=2 object=42 request=107 applied=0
KWL HOME closed at_ms=135499
KWL TOUCH shell contact=0 x=1033 y=18
KWL SYSTEM result client=2 object=42 request=108 applied=0
KWL TOUCH down client=3 surface=19 contact=0 x=999 y=48
ZFILES TOUCH drag area=1 fingers=1 scroll=0 largest=0
KWL PERF 5004ms: passes=397 timeouts=202 | poll 49.5% work 50.2%
KWL PERF compose frames=130 draw_ms=18.81 (acquire 1.56 submit+present 16.54) frame_ms=19.38
ZFILES TOUCH release vy=4624 scroll=0
ZFILES TOUCH rest area=1 scroll=0
KWL TOUCH down client=3 surface=19 contact=0 x=990 y=63
ZFILES TOUCH drag area=1 fingers=1 scroll=0 largest=0
KWL SYSTEM result client=2 object=42 request=109 applied=0
ZFILES TOUCH release vy=5616 scroll=0
ZFILES TOUCH rest area=1 scroll=0
KWL TOUCH down client=3 surface=19 contact=0 x=1823 y=729
ZFILES TOUCH drag area=1 fingers=1 scroll=0 largest=0
KWL SYSTEM result client=2 object=42 request=110 applied=0
ZFILES TOUCH release vy=-177 scroll=0
ZFILES TOUCH rest area=1 scroll=0
KWL TOUCH down client=3 surface=19 contact=0 x=1897 y=705
ZFILES TOUCH drag area=1 fingers=1 scroll=0 largest=0
ZFILES TOUCH release vy=3 scroll=0
ZFILES TOUCH rest area=1 scroll=0
KWL TOUCH down client=3 surface=19 contact=0 x=54 y=646
KWL SYSTEM result client=2 object=42 request=111 applied=0
ZFILES TOUCH drag area=1 fingers=1 scroll=0 largest=0
ZFILES TOUCH release vy=1141 scroll=0
ZFILES TOUCH rest area=1 scroll=0
KWL SYSTEM result client=2 object=42 request=112 applied=0
KWL TOUCH shell contact=0 x=1907 y=542
KWL TOUCH down client=3 surface=19 contact=1 x=1871 y=851
KWL GLASS desktop swipe
ZFILES TOUCH drag area=1 fingers=1 scroll=0 largest=0
KWL SYSTEM result client=2 object=42 request=113 applied=0
KWL GLASS desktop=3 via=swipe
ZFILES TOUCH release vy=886 scroll=0
ZFILES TOUCH rest area=1 scroll=0
KWL DESKTOP unfocus via=window
KWL GLASS desktop settled desktop=3 windows=0
KWL PERF 5008ms: passes=668 timeouts=353 | poll 78.7% work 20.9%
KWL PERF compose frames=61 draw_ms=16.03 (acquire 2.69 submit+present 12.91) frame_ms=16.60
KWL DESKTOP focus client=3 surface=19
KWL TOUCH down client=3 surface=19 contact=0 x=849 y=541
KWL TOUCH down client=3 surface=19 contact=1 x=873 y=913
ZFILES TOUCH drag area=1 fingers=2 scroll=0 largest=0
ZFILES TOUCH release vy=-879 scroll=0
ZFILES TOUCH rest area=1 scroll=0
KWL SYSTEM result client=2 object=42 request=114 applied=0
KWL TOUCH down client=3 surface=19 contact=0 x=29 y=470
KWL TOUCH down client=3 surface=19 contact=1 x=48 y=873
KWL SYSTEM result client=2 object=42 request=115 applied=0
ZFILES TOUCH drag area=1 fingers=2 scroll=0 largest=0
ZFILES TOUCH release vy=-1216 scroll=0
ZFILES TOUCH rest area=1 scroll=0
KWL SYSTEM result client=2 object=42 request=116 applied=0
KWL TOUCH down client=3 surface=19 contact=0 x=66 y=481
KWL TOUCH down client=3 surface=19 contact=1 x=69 y=913
ZFILES TOUCH drag area=1 fingers=2 scroll=0 largest=0
KWL SYSTEM result client=2 object=42 request=117 applied=0
ZFILES TOUCH release vy=-404 scroll=0
ZFILES TOUCH rest area=1 scroll=0
KWL TOUCH down client=3 surface=19 contact=0 x=29 y=461
KWL TOUCH down client=3 surface=19 contact=1 x=23 y=912
KWL SYSTEM result client=2 object=42 request=118 applied=0
ZFILES TOUCH drag area=1 fingers=2 scroll=0 largest=0
KWL PERF 5003ms: passes=774 timeouts=395 | poll 96.4% work 3.1%
KWL PERF compose frames=6 draw_ms=13.99 (acquire 0.29 submit+present 13.48) frame_ms=14.21
ZFILES TOUCH release vy=-1432 scroll=0
ZFILES TOUCH rest area=1 scroll=0
KWL SYSTEM result client=2 object=42 request=119 applied=0
KWL TOUCH down client=3 surface=19 contact=0 x=32 y=479
KWL TOUCH down client=3 surface=19 contact=1 x=43 y=938
ZFILES TOUCH drag area=1 fingers=2 scroll=0 largest=0
ZFILES TOUCH release vy=-973 scroll=0
ZFILES TOUCH rest area=1 scroll=0
KWL SYSTEM result client=2 object=42 request=120 applied=0
KWL TOUCH down client=3 surface=19 contact=0 x=48 y=476
KWL TOUCH down client=3 surface=19 contact=1 x=49 y=933
ZFILES TOUCH drag area=1 fingers=2 scroll=0 largest=0
ZFILES TOUCH release vy=-1677 scroll=0
ZFILES TOUCH rest area=1 scroll=0
KWL TOUCH down client=3 surface=19 contact=0 x=121 y=509
KWL TOUCH down client=3 surface=19 contact=1 x=137 y=940
ZFILES TOUCH drag area=1 fingers=2 scroll=0 largest=0
KWL SYSTEM result client=2 object=42 request=121 applied=0
ZFILES TOUCH release vy=-339 scroll=0
ZFILES TOUCH rest area=1 scroll=0
KWL TOUCH down client=3 surface=19 contact=0 x=70 y=677
ZFILES TOUCH drag area=1 fingers=1 scroll=0 largest=0
KWL SYSTEM result client=2 object=42 request=122 applied=0
ZFILES TOUCH release vy=1256 scroll=0
ZFILES TOUCH rest area=1 scroll=0
KWL TOUCH down client=3 surface=19 contact=0 x=24 y=724
ZFILES TOUCH drag area=1 fingers=1 scroll=0 largest=0
KWL SYSTEM result client=2 object=42 request=123 applied=0
KWL PERF 5000ms: passes=783 timeouts=376 | poll 95.8% work 3.7%
KWL PERF compose frames=8 draw_ms=13.38 (acquire 0.34 submit+present 12.84) frame_ms=13.60
ZFILES TOUCH release vy=1207 scroll=0
ZFILES TOUCH rest area=1 scroll=0
KWL TOUCH down client=3 surface=19 contact=0 x=17 y=580
KWL SYSTEM result client=2 object=42 request=124 applied=0
ZFILES TOUCH drag area=1 fingers=1 scroll=0 largest=0
ZFILES TOUCH release vy=124 scroll=0
ZFILES TOUCH rest area=1 scroll=0
KWL TOUCH down client=3 surface=19 contact=0 x=1830 y=775
KWL TOUCH down client=3 surface=19 contact=1 x=1892 y=421
KWL SYSTEM result client=2 object=42 request=125 applied=0
ZFILES TOUCH drag area=1 fingers=2 scroll=0 largest=0
ZFILES TOUCH release vy=-625 scroll=0
ZFILES TOUCH rest area=1 scroll=0
KWL TOUCH down client=3 surface=19 contact=0 x=645 y=893
KWL TOUCH down client=3 surface=19 contact=1 x=613 y=462
ZFILES TOUCH drag area=1 fingers=2 scroll=0 largest=0
ZFILES TOUCH release vy=-593 scroll=0
ZFILES TOUCH rest area=1 scroll=0
KWL SYSTEM result client=2 object=42 request=126 applied=0
KWL TOUCH shell contact=0 x=1556 y=22
KWL ARRANGE menu open x=1273 y=50 width=536 height=260
KWL ARRANGE menu item=columns x=1408 y=84
KWL ARRANGE menu item=rows x=1674 y=84
KWL ARRANGE menu item=left-main x=1408 y=148
KWL ARRANGE menu item=right-main x=1674 y=148
KWL ARRANGE menu item=top-main x=1408 y=212
KWL ARRANGE menu item=bottom-main x=1674 y=212
KWL ARRANGE menu item=grid x=1541 y=276
KWL BACKDROP ready width=240 height=160
KWL ARRANGE menu settled ms=192
KWL ARRANGE menu close via=outside
KWL TOUCH shell contact=0 x=862 y=618
KWL SYSTEM result client=2 object=42 request=127 applied=0
KWL TOUCH down client=3 surface=19 contact=0 x=21 y=817
KWL TOUCH shell contact=1 x=13 y=568
KWL TOUCH cancel client=3 reason=shell
ZFILES TOUCH cancel
ZFILES TOUCH rest area=1 scroll=0
KWL GLASS desktop swipe
KWL SYSTEM result client=2 object=42 request=128 applied=0
KWL PERF 5001ms: passes=726 timeouts=350 | poll 85.7% work 13.9%
KWL PERF compose frames=41 draw_ms=15.07 (acquire 1.60 submit+present 13.14) frame_ms=15.30
KWL IME app key=app:settings language=direct from=remembered
KWL GLASS desktop=2 via=swipe
KWL DESKTOP unfocus via=window
KWL GLASS desktop settled desktop=2 windows=1
KWL DESKTOP focus client=3 surface=19
KWL IME app key=desktop language=direct from=desktop
KWL TOUCH down client=3 surface=19 contact=0 x=22 y=798
KWL TOUCH down client=3 surface=19 contact=1 x=32 y=543
KWL SYSTEM result client=2 object=42 request=129 applied=0
ZFILES TOUCH drag area=1 fingers=2 scroll=0 largest=0
ZFILES TOUCH release vy=560 scroll=0
ZFILES TOUCH rest area=1 scroll=0
KWL SYSTEM result client=2 object=42 request=130 applied=0
KWL TOUCH down client=3 surface=19 contact=0 x=58 y=544
KWL TOUCH down client=3 surface=19 contact=1 x=48 y=838
ZFILES TOUCH drag area=1 fingers=2 scroll=0 largest=0
KWL SYSTEM result client=2 object=42 request=131 applied=0
ZFILES TOUCH release vy=342 scroll=0
ZFILES TOUCH rest area=1 scroll=0
KWL SYSTEM result client=2 object=42 request=132 applied=0
KWL TOUCH down client=3 surface=19 contact=0 x=45 y=839
KWL TOUCH down client=3 surface=19 contact=1 x=50 y=536
ZFILES TOUCH drag area=1 fingers=2 scroll=0 largest=0
KWL PERF 5008ms: passes=689 timeouts=340 | poll 86.0% work 13.6%
KWL PERF compose frames=37 draw_ms=16.33 (acquire 3.09 submit+present 12.84) frame_ms=17.54
ZFILES TOUCH release vy=260 scroll=0
ZFILES TOUCH rest area=1 scroll=0
KWL SYSTEM result client=2 object=42 request=133 applied=0
KWL TOUCH shell contact=0 x=0 y=485
KWL TOUCH down client=3 surface=19 contact=0 x=32 y=487
KWL SYSTEM result client=2 object=42 request=134 applied=0
ZFILES TOUCH tap x=32 y=443 caught=0
ZFILES TOUCH rest area=1 scroll=0
ZFILES DESKTOP band start x=32 y=443
ZFILES DESKTOP band end first=-1
KWL TOUCH shell contact=0 x=13 y=829
KWL GLASS desktop swipe
KWL TOUCH down client=3 surface=19 contact=1 x=61 y=518
ZFILES TOUCH drag area=1 fingers=1 scroll=0 largest=0
KWL SYSTEM result client=2 object=42 request=135 applied=0
KWL IME app key=app:settings language=direct from=remembered
KWL GLASS desktop=2 via=swipe
ZFILES TOUCH release vy=352 scroll=0
ZFILES TOUCH rest area=1 scroll=0
KWL IME app key=desktop language=direct from=desktop
KWL GLASS desktop settled desktop=2 windows=1
KWL TOUCH shell contact=0 x=9 y=668
KWL GLASS desktop swipe
KWL SYSTEM result client=2 object=42 request=136 applied=0
KWL IME app key=app:settings language=direct from=remembered
KWL GLASS desktop=2 via=swipe
KWL IME app key=desktop language=direct from=desktop
KWL GLASS desktop settled desktop=2 windows=1
KWL SYSTEM result client=2 object=42 request=137 applied=0
KWL PERF 5001ms: passes=478 timeouts=278 | poll 58.2% work 41.4%
KWL PERF compose frames=120 draw_ms=16.47 (acquire 1.89 submit+present 14.04) frame_ms=17.05
KWL TOUCH shell contact=0 x=1918 y=726
KWL GLASS desktop swipe
KWL GLASS desktop=3 via=swipe
KWL DESKTOP unfocus via=window
KWL GLASS desktop settled desktop=3 windows=0
KWL SYSTEM result client=2 object=42 request=138 applied=0
KWL DESKTOP focus client=3 surface=19
KWL TOUCH down client=3 surface=19 contact=0 x=456 y=982
ZFILES TOUCH tap x=457 y=938 caught=0
ZFILES TOUCH rest area=1 scroll=0
ZFILES DESKTOP band start x=456 y=938
ZFILES DESKTOP band end first=-1
KWL TOUCH shell contact=0 x=0 y=725
KWL GLASS desktop swipe
KWL IME app key=app:settings language=direct from=remembered
KWL GLASS desktop=2 via=swipe
KWL DESKTOP unfocus via=window
KWL SYSTEM result client=2 object=42 request=139 applied=0
KWL GLASS desktop settled desktop=2 windows=1
KWL TOUCH shell contact=0 x=1918 y=663
KWL GLASS desktop swipe
KWL SYSTEM result client=2 object=42 request=140 applied=0
KWL IME app key=desktop language=direct from=desktop
KWL GLASS desktop=3 via=swipe
KWL GLASS desktop settled desktop=3 windows=0
KWL DESKTOP focus client=3 surface=19
KWL TOUCH down client=3 surface=19 contact=0 x=44 y=757
ZFILES TOUCH drag area=1 fingers=1 scroll=0 largest=0
KWL SYSTEM result client=2 object=42 request=141 applied=0
ZFILES TOUCH release vy=-898 scroll=0
ZFILES TOUCH rest area=1 scroll=0
KWL PERF 5004ms: passes=460 timeouts=367 | poll 72.1% work 27.5%
KWL PERF compose frames=83 draw_ms=15.84 (acquire 2.61 submit+present 12.84) frame_ms=16.80
KWL SYSTEM result client=2 object=42 request=142 applied=0
KWL TOUCH down client=3 surface=19 contact=0 x=19 y=735
ZFILES TOUCH drag area=1 fingers=1 scroll=0 largest=0
ZFILES TOUCH release vy=603 scroll=0
ZFILES TOUCH rest area=1 scroll=0
KWL TOUCH shell contact=0 x=15 y=725
KWL SYSTEM result client=2 object=42 request=143 applied=0
KWL GLASS desktop swipe
KWL IME app key=app:settings language=direct from=remembered
KWL GLASS desktop=2 via=swipe
KWL DESKTOP unfocus via=window
KWL GLASS desktop settled desktop=2 windows=1
KWL TOUCH shell contact=0 x=0 y=735
KWL GLASS desktop swipe
KWL SYSTEM result client=2 object=42 request=144 applied=0
KWL IME app key=desktop language=direct from=desktop
KWL GLASS desktop=1 via=swipe
KWL GLASS desktop settled desktop=1 windows=0
KWL DESKTOP focus client=3 surface=19
KWL TOUCH down client=3 surface=19 contact=0 x=20 y=737
ZFILES TOUCH drag area=1 fingers=1 scroll=0 largest=0
ZFILES TOUCH release vy=-844 scroll=0
ZFILES TOUCH rest area=1 scroll=0
KWL SYSTEM result client=2 object=42 request=145 applied=0
KWL TOUCH down client=3 surface=19 contact=0 x=1893 y=624
ZFILES TOUCH drag area=1 fingers=1 scroll=0 largest=0
ZFILES TOUCH release vy=2401 scroll=0
ZFILES TOUCH rest area=1 scroll=0
KWL SYSTEM result client=2 object=42 request=146 applied=0
KWL PERF 5003ms: passes=548 timeouts=356 | poll 74.0% work 25.7%
KWL PERF compose frames=77 draw_ms=16.00 (acquire 3.06 submit+present 12.65) frame_ms=16.66
KWL TOUCH down client=3 surface=19 contact=0 x=1898 y=684
ZFILES TOUCH drag area=1 fingers=1 scroll=0 largest=0
KWL SYSTEM result client=2 object=42 request=147 applied=0
ZFILES TOUCH release vy=435 scroll=0
ZFILES TOUCH rest area=1 scroll=0
KWL SYSTEM result client=2 object=42 request=148 applied=0
KWL TOUCH shell contact=0 x=1910 y=640
KWL GLASS desktop swipe
KWL IME app key=app:settings language=direct from=remembered
KWL GLASS desktop=2 via=swipe
KWL DESKTOP unfocus via=window
KWL GLASS desktop settled desktop=2 windows=1
KWL TOUCH shell contact=0 x=1909 y=625
KWL GLASS desktop swipe
KWL GLASS desktop=2 via=swipe
KWL SYSTEM result client=2 object=42 request=149 applied=0
KWL GLASS desktop settled desktop=2 windows=1
KWL TOUCH shell contact=0 x=1918 y=613
KWL GLASS desktop swipe
KWL IME app key=desktop language=direct from=desktop
KWL GLASS desktop=3 via=swipe
KWL GLASS desktop settled desktop=3 windows=0
KWL PERF 5007ms: passes=484 timeouts=335 | poll 69.9% work 29.8%
KWL PERF compose frames=89 draw_ms=16.09 (acquire 2.67 submit+present 13.04) frame_ms=16.94
KWL TOUCH shell contact=0 x=2 y=728
KWL GLASS desktop swipe
KWL GLASS desktop=3 via=swipe
KWL SYSTEM result client=2 object=42 request=150 applied=0
KWL GLASS desktop settled desktop=3 windows=0
KWL TOUCH shell contact=0 x=13 y=718
KWL TOUCH down client=3 surface=19 contact=1 x=239 y=653
ZFILES TOUCH tap x=240 y=610 caught=0
ZFILES TOUCH rest area=1 scroll=0
ZFILES DESKTOP band start x=239 y=609
ZFILES DESKTOP band end first=-1
KWL GLASS desktop swipe
KWL SYSTEM result client=2 object=42 request=151 applied=0
KWL GLASS desktop=3 via=swipe
KWL GLASS desktop settled desktop=3 windows=0
KWL SYSTEM result client=2 object=42 request=152 applied=0
KWL TOUCH shell contact=0 x=0 y=709
KWL GLASS desktop swipe
KWL SYSTEM result client=2 object=42 request=153 applied=0
KWL GLASS desktop=3 via=swipe
KWL GLASS desktop settled desktop=3 windows=0
KWL TOUCH shell contact=0 x=6 y=717
KWL TOUCH shell contact=0 x=3 y=712
KWL SYSTEM result client=2 object=42 request=154 applied=0
KWL GLASS desktop swipe
KWL PERF 5007ms: passes=443 timeouts=293 | poll 61.0% work 38.6%
KWL PERF compose frames=119 draw_ms=15.68 (acquire 3.27 submit+present 12.08) frame_ms=16.24
KWL GLASS desktop=3 via=swipe
KWL GLASS desktop settled desktop=3 windows=0
KWL SYSTEM result client=2 object=42 request=155 applied=0
KWL TOUCH shell contact=0 x=13 y=675
KWL GLASS desktop swipe
KWL SYSTEM result client=2 object=42 request=156 applied=0
KWL GLASS desktop=3 via=swipe
KWL GLASS desktop settled desktop=3 windows=0
KWL TOUCH shell contact=0 x=13 y=669
KWL SYSTEM result client=2 object=42 request=157 applied=0
KWL TOUCH shell contact=0 x=10 y=670
KWL GLASS desktop swipe
KWL GLASS desktop=3 via=swipe
KWL SYSTEM result client=2 object=42 request=158 applied=0
KWL GLASS desktop settled desktop=3 windows=0
KWL DESKTOP focus client=3 surface=19
KWL TOUCH down client=3 surface=19 contact=0 x=26 y=676
ZFILES TOUCH drag area=1 fingers=1 scroll=0 largest=0
KWL SYSTEM result client=2 object=42 request=159 applied=0
KWL PERF 5001ms: passes=510 timeouts=320 | poll 67.9% work 31.8%
KWL PERF compose frames=98 draw_ms=15.60 (acquire 2.98 submit+present 12.37) frame_ms=16.58
ZFILES TOUCH release vy=-114 scroll=0
ZFILES TOUCH rest area=1 scroll=0
KWL TOUCH down client=3 surface=19 contact=0 x=39 y=526
KWL SYSTEM result client=2 object=42 request=160 applied=0
ZFILES TOUCH drag area=1 fingers=1 scroll=0 largest=0
ZFILES TOUCH release vy=399 scroll=0
ZFILES TOUCH rest area=1 scroll=0
KWL SYSTEM result client=2 object=42 request=161 applied=0
KWL TOUCH down client=3 surface=19 contact=0 x=43 y=751
ZFILES TOUCH drag area=1 fingers=1 scroll=0 largest=0
ZFILES TOUCH release vy=-62 scroll=0
ZFILES TOUCH rest area=1 scroll=0
KWL SYSTEM result client=2 object=42 request=162 applied=0
KWL TOUCH shell contact=0 x=15 y=750
KWL GLASS desktop swipe
KWL GLASS desktop=3 via=swipe
KWL SYSTEM result client=2 object=42 request=163 applied=0
KWL GLASS desktop settled desktop=3 windows=0
KWL TOUCH down client=3 surface=19 contact=0 x=26 y=706
ZFILES TOUCH drag area=1 fingers=1 scroll=0 largest=0
ZFILES TOUCH release vy=-308 scroll=0
ZFILES TOUCH rest area=1 scroll=0
KWL TOUCH down client=3 surface=19 contact=0 x=55 y=615
KWL SYSTEM result client=2 object=42 request=164 applied=0
ZFILES TOUCH drag area=1 fingers=1 scroll=0 largest=0
ZFILES TOUCH release vy=577 scroll=0
ZFILES TOUCH rest area=1 scroll=0
KWL PERF 5004ms: passes=561 timeouts=308 | poll 80.9% work 18.8%
KWL PERF compose frames=57 draw_ms=15.43 (acquire 3.11 submit+present 12.05) frame_ms=15.99
KWL TOUCH down client=3 surface=19 contact=0 x=38 y=818
ZFILES TOUCH drag area=1 fingers=1 scroll=0 largest=0
ZFILES TOUCH release vy=643 scroll=0
ZFILES TOUCH rest area=1 scroll=0
KWL SYSTEM result client=2 object=42 request=165 applied=0
KWL TOUCH down client=3 surface=19 contact=0 x=49 y=676
KWL TOUCH shell contact=1 x=12 y=808
KWL TOUCH cancel client=3 reason=shell
ZFILES TOUCH cancel
ZFILES TOUCH rest area=1 scroll=0
KWL GLASS desktop swipe
KWL GLASS desktop=3 via=swipe
KWL GLASS desktop settled desktop=3 windows=0
KWL TOUCH down client=3 surface=19 contact=0 x=22 y=729
ZFILES TOUCH drag area=1 fingers=1 scroll=0 largest=0
ZFILES TOUCH release vy=986 scroll=0
ZFILES TOUCH rest area=1 scroll=0
KWL SYSTEM result client=2 object=42 request=166 applied=0
KWL TOUCH down client=3 surface=19 contact=0 x=22 y=712
ZFILES TOUCH drag area=1 fingers=1 scroll=0 largest=0
KWL SYSTEM result client=2 object=42 request=167 applied=0
ZFILES TOUCH release vy=67 scroll=0
ZFILES TOUCH rest area=1 scroll=0
KWL SYSTEM result client=2 object=42 request=168 applied=0
KWL TOUCH down client=3 surface=19 contact=0 x=38 y=719
ZFILES TOUCH drag area=1 fingers=1 scroll=0 largest=0
ZFILES TOUCH release vy=3 scroll=0
ZFILES TOUCH rest area=1 scroll=0
KWL TOUCH shell contact=0 x=5 y=726
KWL GLASS desktop swipe
KWL SYSTEM result client=2 object=42 request=169 applied=0
KWL PERF 5009ms: passes=557 timeouts=306 | poll 83.8% work 15.9%
KWL PERF compose frames=49 draw_ms=15.09 (acquire 2.53 submit+present 12.33) frame_ms=15.34
KWL GLASS desktop=3 via=swipe
KWL GLASS desktop settled desktop=3 windows=0
KWL SYSTEM result client=2 object=42 request=170 applied=0
KWL SYSTEM result client=2 object=42 request=171 applied=0
KWL TOUCH shell contact=0 x=8 y=765
KWL GLASS desktop swipe
KWL SYSTEM result client=2 object=42 request=172 applied=0
KWL IME app key=app:settings language=direct from=remembered
KWL GLASS desktop=2 via=swipe
KWL DESKTOP unfocus via=window
KWL GLASS desktop settled desktop=2 windows=1
KWL SYSTEM result client=2 object=42 request=173 applied=0
KWL PERF 5002ms: passes=492 timeouts=415 | poll 80.3% work 19.4%
KWL PERF compose frames=59 draw_ms=15.60 (acquire 3.03 submit+present 12.29) frame_ms=16.73
KWL SYSTEM result client=2 object=42 request=174 applied=0
KWL SYSTEM result client=2 object=42 request=175 applied=0
KWL SYSTEM result client=2 object=42 request=176 applied=0
KWL SYSTEM result client=2 object=42 request=177 applied=0
KWL SYSTEM result client=2 object=42 request=178 applied=0
KWL TOUCH shell contact=0 x=8 y=730
KWL TOUCH down client=3 surface=19 contact=1 x=142 y=729
ZFILES TOUCH drag area=1 fingers=1 scroll=0 largest=0
KWL PERF 5016ms: passes=530 timeouts=492 | poll 97.7% work 2.0%
KWL PERF compose frames=2 draw_ms=27.86 (acquire 0.29 submit+present 27.01) frame_ms=22.23
KWL GLASS desktop swipe
KWL SYSTEM result client=2 object=42 request=179 applied=0
KWL GLASS desktop=2 via=swipe
ZFILES TOUCH release vy=0 scroll=0
ZFILES TOUCH rest area=1 scroll=0
KWL GLASS desktop settled desktop=2 windows=1
KWL TOUCH shell contact=0 x=9 y=729
KWL TOUCH down client=3 surface=19 contact=1 x=181 y=732
KWL SYSTEM result client=2 object=42 request=180 applied=0
KWL GLASS desktop swipe
ZFILES TOUCH drag area=1 fingers=1 scroll=0 largest=0
KWL GLASS desktop=2 via=swipe
ZFILES TOUCH release vy=0 scroll=0
ZFILES TOUCH rest area=1 scroll=0
KWL GLASS desktop settled desktop=2 windows=1
KWL DESKTOP focus client=3 surface=19
KWL IME app key=desktop language=direct from=desktop
KWL TOUCH down client=3 surface=19 contact=0 x=21 y=751
KWL SYSTEM result client=2 object=42 request=181 applied=0
ZFILES TOUCH drag area=1 fingers=1 scroll=0 largest=0
KWL TOUCH down client=3 surface=19 contact=1 x=167 y=738
ZFILES TOUCH release vy=0 scroll=0
ZFILES TOUCH rest area=1 scroll=0
KWL SYSTEM result client=2 object=42 request=182 applied=0
KWL TOUCH down client=3 surface=19 contact=0 x=37 y=757
KWL TOUCH down client=3 surface=19 contact=1 x=173 y=720
ZFILES TOUCH drag area=1 fingers=2 scroll=0 largest=0
ZFILES TOUCH release vy=0 scroll=0
ZFILES TOUCH rest area=1 scroll=0
KWL TOUCH down client=3 surface=19 contact=0 x=27 y=724
KWL TOUCH down client=3 surface=19 contact=1 x=162 y=732
KWL SYSTEM result client=2 object=42 request=183 applied=0
ZFILES TOUCH drag area=1 fingers=2 scroll=0 largest=0
ZFILES TOUCH release vy=0 scroll=0
ZFILES TOUCH rest area=1 scroll=0
KWL PERF 5000ms: passes=636 timeouts=322 | poll 70.3% work 29.2%
KWL PERF compose frames=81 draw_ms=16.86 (acquire 2.28 submit+present 14.10) frame_ms=17.53
KWL TOUCH shell contact=0 x=4 y=723
KWL TOUCH down client=3 surface=19 contact=1 x=139 y=733
KWL SYSTEM result client=2 object=42 request=184 applied=0
KWL GLASS desktop swipe
ZFILES TOUCH drag area=1 fingers=1 scroll=0 largest=0
KWL SYSTEM result client=2 object=42 request=185 applied=0
ZFILES TOUCH release vy=0 scroll=0
ZFILES TOUCH rest area=1 scroll=0
KWL IME app key=app:settings language=direct from=remembered
KWL GLASS desktop=2 via=swipe
KWL IME app key=desktop language=direct from=desktop
KWL GLASS desktop settled desktop=2 windows=1
KWL TOUCH shell contact=0 x=6 y=719
KWL GLASS desktop swipe
KWL SYSTEM result client=2 object=42 request=186 applied=0
KWL IME app key=app:settings language=direct from=remembered
KWL GLASS desktop=2 via=swipe
KWL IME app key=desktop language=direct from=desktop
KWL GLASS desktop settled desktop=2 windows=1
KWL TOUCH shell contact=0 x=1907 y=717
KWL SYSTEM result client=2 object=42 request=187 applied=0
KWL GLASS desktop swipe
KWL IME app key=app:settings language=direct from=remembered
KWL GLASS desktop=2 via=swipe
KWL IME app key=desktop language=direct from=desktop
KWL GLASS desktop settled desktop=2 windows=1
KWL TOUCH shell contact=0 x=3 y=739
KWL GLASS desktop swipe
KWL PERF 5009ms: passes=422 timeouts=224 | poll 42.7% work 56.9%
KWL PERF compose frames=165 draw_ms=16.67 (acquire 2.30 submit+present 13.86) frame_ms=17.12
KWL SYSTEM result client=2 object=42 request=188 applied=0
KWL SYSTEM result client=2 object=42 request=189 applied=0
KWL IME app key=app:settings language=direct from=remembered
KWL GLASS desktop=2 via=swipe
KWL IME app key=desktop language=direct from=desktop
KWL GLASS desktop settled desktop=2 windows=1
KWL TOUCH down client=3 surface=19 contact=0 x=1901 y=708
ZFILES TOUCH drag area=1 fingers=1 scroll=0 largest=0
ZFILES TOUCH release vy=55 scroll=0
ZFILES TOUCH rest area=1 scroll=0
KWL SYSTEM result client=2 object=42 request=190 applied=0
KWL TOUCH shell contact=0 x=1910 y=688
KWL GLASS desktop swipe
KWL SYSTEM result client=2 object=42 request=191 applied=0
KWL IME app key=app:settings language=direct from=remembered
KWL GLASS desktop=2 via=swipe
KWL IME app key=desktop language=direct from=desktop
KWL GLASS desktop settled desktop=2 windows=1
KWL TOUCH down client=3 surface=19 contact=0 x=1835 y=648
ZFILES TOUCH drag area=1 fingers=1 scroll=0 largest=0
KWL PERF 5000ms: passes=442 timeouts=148 | poll 36.4% work 63.1%
KWL PERF compose frames=186 draw_ms=16.36 (acquire 1.51 submit+present 14.30) frame_ms=16.98
KWL TOUCH down client=3 surface=19 contact=1 x=1898 y=684
KWL SYSTEM result client=2 object=42 request=192 applied=0
ZFILES TOUCH release vy=514 scroll=0
ZFILES TOUCH rest area=1 scroll=0
KWL TOUCH down client=3 surface=19 contact=0 x=1844 y=591
ZFILES TOUCH drag area=1 fingers=1 scroll=0 largest=0
KWL TOUCH down client=3 surface=19 contact=1 x=1899 y=638
KWL SYSTEM result client=2 object=42 request=193 applied=0
ZFILES TOUCH release vy=1490 scroll=0
ZFILES TOUCH rest area=1 scroll=0
KWL SYSTEM result client=2 object=42 request=194 applied=0
KWL TOUCH down client=3 surface=19 contact=0 x=1897 y=600
KWL TOUCH down client=3 surface=19 contact=1 x=1901 y=827
ZFILES TOUCH drag area=1 fingers=2 scroll=0 largest=0
ZFILES TOUCH release vy=537 scroll=0
ZFILES TOUCH rest area=1 scroll=0
KWL SYSTEM result client=2 object=42 request=195 applied=0
KWL TOUCH down client=3 surface=19 contact=0 x=1899 y=643
ZFILES TOUCH drag area=1 fingers=1 scroll=0 largest=0
ZFILES TOUCH release vy=285 scroll=0
ZFILES TOUCH rest area=1 scroll=0
KWL SYSTEM result client=2 object=42 request=196 applied=0
KWL TOUCH down client=3 surface=19 contact=0 x=1883 y=653
KWL TOUCH down client=3 surface=19 contact=1 x=1783 y=608
KWL PERF 5006ms: passes=678 timeouts=263 | poll 95.1% work 4.5%
KWL PERF compose frames=8 draw_ms=19.15 (acquire 0.11 submit+present 18.68) frame_ms=19.36
ZFILES TOUCH drag area=1 fingers=2 scroll=0 largest=0
ZFILES TOUCH release vy=593 scroll=0
ZFILES TOUCH rest area=1 scroll=0
KWL SYSTEM result client=2 object=42 request=197 applied=0
KWL TOUCH down client=3 surface=19 contact=0 x=1781 y=647
KWL TOUCH down client=3 surface=19 contact=1 x=1895 y=676
ZFILES TOUCH drag area=1 fingers=2 scroll=0 largest=0
ZFILES TOUCH release vy=972 scroll=0
ZFILES TOUCH rest area=1 scroll=0
KWL TOUCH down client=3 surface=19 contact=0 x=1786 y=633
KWL TOUCH shell contact=1 x=1908 y=668
KWL TOUCH cancel client=3 reason=shell
ZFILES TOUCH cancel
ZFILES TOUCH rest area=1 scroll=0
KWL GLASS desktop swipe
KWL SYSTEM result client=2 object=42 request=198 applied=0
KWL IME app key=app:settings language=direct from=remembered
KWL GLASS desktop=2 via=swipe
KWL IME app key=desktop language=direct from=desktop
KWL GLASS desktop settled desktop=2 windows=1
KWL TOUCH down client=3 surface=19 contact=0 x=1802 y=630
KWL TOUCH down client=3 surface=19 contact=1 x=1900 y=670
ZFILES TOUCH drag area=1 fingers=2 scroll=0 largest=0
ZFILES TOUCH release vy=476 scroll=0
ZFILES TOUCH rest area=1 scroll=0
KWL TOUCH shell contact=0 x=1915 y=676
KWL TOUCH down client=3 surface=19 contact=1 x=1805 y=662
ZFILES TOUCH tap x=1806 y=619 caught=0
ZFILES TOUCH rest area=1 scroll=0
ZFILES DESKTOP band start x=1805 y=618
ZFILES DESKTOP band end first=-1
KWL GLASS desktop swipe
KWL SYSTEM result client=2 object=42 request=199 applied=0
KWL IME app key=app:settings language=direct from=remembered
KWL GLASS desktop=2 via=swipe
KWL IME app key=desktop language=direct from=desktop
KWL GLASS desktop settled desktop=2 windows=1
KWL TOUCH down client=3 surface=19 contact=0 x=1896 y=670
ZFILES TOUCH drag area=1 fingers=1 scroll=0 largest=0
ZFILES TOUCH release vy=688 scroll=0
ZFILES TOUCH rest area=1 scroll=0
KWL TOUCH down client=3 surface=19 contact=0 x=1888 y=660
KWL SYSTEM result client=2 object=42 request=200 applied=0
ZFILES TOUCH drag area=1 fingers=1 scroll=0 largest=0
ZFILES TOUCH release vy=23 scroll=0
ZFILES TOUCH rest area=1 scroll=0
KWL PERF 5000ms: passes=594 timeouts=219 | poll 78.9% work 20.7%
KWL PERF compose frames=57 draw_ms=16.85 (acquire 1.54 submit+present 14.88) frame_ms=17.77
KWL SYSTEM result client=2 object=42 request=201 applied=0
KWL TOUCH shell contact=0 x=1914 y=655
KWL GLASS desktop swipe
KWL SYSTEM result client=2 object=42 request=202 applied=0
KWL IME app key=app:settings language=direct from=remembered
KWL GLASS desktop=2 via=swipe
KWL IME app key=desktop language=direct from=desktop
KWL GLASS desktop settled desktop=2 windows=1
KWL SYSTEM result client=2 object=42 request=203 applied=0
KWL TOUCH shell contact=0 x=12 y=721
KWL GLASS desktop swipe
KWL SYSTEM result client=2 object=42 request=204 applied=0
KWL GLASS desktop=1 via=swipe
KWL DESKTOP unfocus via=window
KWL GLASS desktop settled desktop=1 windows=0
KWL SYSTEM result client=2 object=42 request=205 applied=0
KWL TOUCH shell contact=0 x=1912 y=746
KWL GLASS desktop swipe
KWL PERF 5021ms: passes=442 timeouts=193 | poll 48.8% work 50.8%
KWL PERF compose frames=154 draw_ms=16.01 (acquire 2.26 submit+present 13.29) frame_ms=16.50
KWL SYSTEM result client=2 object=42 request=206 applied=0
KWL GLASS desktop=1 via=swipe
KWL GLASS desktop settled desktop=1 windows=0
KWL TOUCH shell contact=0 x=1910 y=756
KWL GLASS desktop swipe
KWL SYSTEM result client=2 object=42 request=207 applied=0
KWL GLASS desktop=1 via=swipe
KWL GLASS desktop settled desktop=1 windows=0
KWL SYSTEM result client=2 object=42 request=208 applied=0
KWL DESKTOP focus client=3 surface=19
KWL TOUCH down client=3 surface=19 contact=0 x=1880 y=705
ZFILES TOUCH drag area=1 fingers=1 scroll=0 largest=0
ZFILES TOUCH release vy=0 scroll=0
ZFILES TOUCH rest area=1 scroll=0
KWL TOUCH shell contact=0 x=1911 y=676
KWL GLASS desktop swipe
KWL SYSTEM result client=2 object=42 request=209 applied=0
KWL SYSTEM result client=2 object=42 request=210 applied=0
KWL IME app key=app:settings language=direct from=remembered
KWL GLASS desktop=2 via=swipe
KWL DESKTOP unfocus via=window
KWL GLASS desktop settled desktop=2 windows=1
KWL PERF 5001ms: passes=444 timeouts=197 | poll 47.8% work 51.9%
KWL PERF compose frames=160 draw_ms=15.71 (acquire 3.43 submit+present 11.91) frame_ms=16.38
KWL SYSTEM result client=2 object=42 request=211 applied=0
KWL SYSTEM result client=2 object=42 request=212 applied=0
KWL SYSTEM result client=2 object=42 request=213 applied=0
KWL SYSTEM result client=2 object=42 request=214 applied=0
KWL TOUCH down client=2 surface=19 contact=0 x=317 y=326
ZSETTINGS PAGE wifi
ZSETTINGS NETWORK scanning on=1 renew=0 errno=0
ZSETTINGS TITLEBAR state back=1 forward=0 parts=2 last=Wi-Fi sidebar=1 query= focus=0
ZSETTINGS MENU state back=1 forward=0 sidebar=1 page=wifi
ZSETTINGS LAYOUT page=wifi controls=1
ZSETTINGS CONTROL index=1 x=1082 y=113 width=52 height=32
KWL NETWORK scan holders=1
KWL SYSTEM scanning client=2 id=42 on=1
KWL TITLEBAR commit client=2 titlebar=69 serial=13 mode=1 controls=6 tabs=0 generation=13
KWL TITLEBAR commit client=2 titlebar=69 serial=14 mode=1 controls=6 tabs=0 generation=14
KWL MENU commit client=2 menu=67 serial=7 items=41 generation=7
KWL MENU commit client=2 menu=67 serial=8 items=41 generation=8
KWL NETWORK state reachable=1 connected=0 kind=none interface= wifi=searching ssid=
KWL TITLEBAR control client=2 surface=19 where=floating id=1 x=337 y=248 width=30 height=30 shown=1
KWL TITLEBAR control client=2 surface=19 where=floating id=2 x=371 y=248 width=30 height=30 shown=1
KWL TITLEBAR control client=2 surface=19 where=floating id=3 x=405 y=248 width=30 height=30 shown=1
KWL TITLEBAR control client=2 surface=19 where=floating id=4 x=445 y=248 width=132 height=30 shown=1
KWL TITLEBAR control client=2 surface=19 where=floating id=5 x=986 y=248 width=220 height=30 shown=1
KWL TITLEBAR control client=2 surface=19 where=floating id=6 x=1210 y=248 width=30 height=30 shown=1
KWL TITLEBAR control client=2 surface=19 where=floating id=0 x=1250 y=248 width=30 height=30 shown=1
KWL NETWORK scan count=22
ZSETTINGS NETWORK scan count=22
ZSETTINGS LAYOUT page=wifi controls=23
ZSETTINGS CONTROL index=1 x=1082 y=113 width=52 height=32
ZSETTINGS CONTROL index=100 x=298 y=251 width=840 height=46
ZSETTINGS CONTROL index=101 x=298 y=301 width=840 height=46
ZSETTINGS CONTROL index=102 x=298 y=351 width=840 height=46
ZSETTINGS CONTROL index=103 x=298 y=401 width=840 height=46
ZSETTINGS CONTROL index=104 x=298 y=451 width=840 height=46
ZSETTINGS CONTROL index=105 x=298 y=501 width=840 height=46
ZSETTINGS CONTROL index=106 x=298 y=551 width=840 height=46
ZSETTINGS CONTROL index=107 x=298 y=601 width=840 height=46
ZSETTINGS CONTROL index=108 x=298 y=651 width=840 height=46
ZSETTINGS CONTROL index=109 x=298 y=701 width=840 height=46
ZSETTINGS CONTROL index=110 x=298 y=751 width=840 height=46
ZSETTINGS CONTROL index=111 x=298 y=801 width=840 height=46
ZSETTINGS CONTROL index=112 x=298 y=851 width=840 height=46
ZSETTINGS CONTROL index=113 x=298 y=901 width=840 height=46
ZSETTINGS CONTROL index=114 x=298 y=951 width=840 height=46
ZSETTINGS CONTROL index=115 x=298 y=1001 width=840 height=46
ZSETTINGS CONTROL index=116 x=298 y=1051 width=840 height=46
ZSETTINGS CONTROL index=117 x=298 y=1101 width=840 height=46
ZSETTINGS CONTROL index=118 x=298 y=1151 width=840 height=46
ZSETTINGS CONTROL index=119 x=298 y=1201 width=840 height=46
ZSETTINGS CONTROL index=120 x=298 y=1251 width=840 height=46
ZSETTINGS CONTROL index=121 x=298 y=1301 width=840 height=46
KWL SYSTEM result client=2 object=42 request=215 applied=0
KWL PERF 5000ms: passes=486 timeouts=458 | poll 96.9% work 2.8%
KWL PERF compose frames=6 draw_ms=16.10 (acquire 0.21 submit+present 15.52) frame_ms=17.61
KWL SYSTEM result client=2 object=42 request=216 applied=0
KWL SYSTEM result client=2 object=42 request=217 applied=0
KWL NETWORK scan count=13
ZSETTINGS NETWORK scan count=13
KWL TOUCH down client=2 surface=19 contact=0 x=337 y=346
ZSETTINGS LAYOUT page=wifi controls=14
ZSETTINGS CONTROL index=1 x=1082 y=113 width=52 height=32
ZSETTINGS CONTROL index=100 x=298 y=251 width=840 height=46
ZSETTINGS CONTROL index=101 x=298 y=301 width=840 height=46
ZSETTINGS CONTROL index=102 x=298 y=351 width=840 height=46
ZSETTINGS CONTROL index=103 x=298 y=401 width=840 height=46
ZSETTINGS CONTROL index=104 x=298 y=451 width=840 height=46
ZSETTINGS CONTROL index=105 x=298 y=501 width=840 height=46
ZSETTINGS CONTROL index=106 x=298 y=551 width=840 height=46
ZSETTINGS CONTROL index=107 x=298 y=601 width=840 height=46
ZSETTINGS CONTROL index=108 x=298 y=651 width=840 height=46
ZSETTINGS CONTROL index=109 x=298 y=701 width=840 height=46
ZSETTINGS CONTROL index=110 x=298 y=751 width=840 height=46
ZSETTINGS CONTROL index=111 x=298 y=801 width=840 height=46
ZSETTINGS CONTROL index=112 x=298 y=851 width=840 height=46
ZSETTINGS PAGE ethernet
ZSETTINGS NETWORK scanning on=0 renew=0 errno=0
ZSETTINGS TITLEBAR state back=1 forward=0 parts=2 last=Ethernet sidebar=1 query= focus=0
ZSETTINGS MENU state back=1 forward=0 sidebar=1 page=ethernet
ZSETTINGS LAYOUT page=ethernet controls=1
ZSETTINGS CONTROL index=321 x=1069 y=673 width=59 height=32
KWL NETWORK scan holders=0
KWL SYSTEM scanning client=2 id=42 on=0
KWL TITLEBAR commit client=2 titlebar=69 serial=15 mode=1 controls=6 tabs=0 generation=15
KWL TITLEBAR control client=2 surface=19 where=floating id=1 x=337 y=248 width=30 height=30 shown=1
KWL TITLEBAR control client=2 surface=19 where=floating id=2 x=371 y=248 width=30 height=30 shown=1
KWL TITLEBAR control client=2 surface=19 where=floating id=3 x=405 y=248 width=30 height=30 shown=1
KWL TITLEBAR control client=2 surface=19 where=floating id=4 x=445 y=248 width=158 height=30 shown=1
KWL TITLEBAR control client=2 surface=19 where=floating id=5 x=986 y=248 width=220 height=30 shown=1
KWL TITLEBAR control client=2 surface=19 where=floating id=6 x=1210 y=248 width=30 height=30 shown=1
KWL TITLEBAR control client=2 surface=19 where=floating id=0 x=1250 y=248 width=30 height=30 shown=1
KWL TITLEBAR commit client=2 titlebar=69 serial=16 mode=1 controls=6 tabs=0 generation=16
KWL MENU commit client=2 menu=67 serial=9 items=41 generation=9
KWL MENU commit client=2 menu=67 serial=10 items=41 generation=10
KWL NETWORK state reachable=1 connected=0 kind=none interface= wifi=searching ssid=
KWL SYSTEM result client=2 object=42 request=218 applied=0
KWL SYSTEM result client=2 object=42 request=219 applied=0
KWL PERF 5003ms: passes=494 timeouts=463 | poll 95.8% work 3.9%
KWL PERF compose frames=10 draw_ms=14.61 (acquire 0.45 submit+present 13.79) frame_ms=16.24
KWL SYSTEM result client=2 object=42 request=220 applied=0
KWL TOUCH down client=2 surface=19 contact=0 x=335 y=393
ZSETTINGS PAGE bluetooth
ZSETTINGS BLUETOOTH watch on=1 errno=0
ZSETTINGS BLUETOOTH scan on=1 errno=0
ZSETTINGS TITLEBAR state back=1 forward=0 parts=2 last=Bluetooth sidebar=1 query= focus=0
ZSETTINGS MENU state back=1 forward=0 sidebar=1 page=bluetooth
ZSETTINGS LAYOUT page=bluetooth controls=0
KWL BT watch on=1
KWL BT scan on=1
KWL TITLEBAR commit client=2 titlebar=69 serial=17 mode=1 controls=6 tabs=0 generation=17
KWL TITLEBAR commit client=2 titlebar=69 serial=18 mode=1 controls=6 tabs=0 generation=18
KWL MENU commit client=2 menu=67 serial=11 items=41 generation=11
KWL MENU commit client=2 menu=67 serial=12 items=41 generation=12
KWL TITLEBAR control client=2 surface=19 where=floating id=1 x=337 y=248 width=30 height=30 shown=1
KWL TITLEBAR control client=2 surface=19 where=floating id=2 x=371 y=248 width=30 height=30 shown=1
KWL TITLEBAR control client=2 surface=19 where=floating id=3 x=405 y=248 width=30 height=30 shown=1
KWL TITLEBAR control client=2 surface=19 where=floating id=4 x=445 y=248 width=164 height=30 shown=1
KWL TITLEBAR control client=2 surface=19 where=floating id=5 x=986 y=248 width=220 height=30 shown=1
KWL TITLEBAR control client=2 surface=19 where=floating id=6 x=1210 y=248 width=30 height=30 shown=1
KWL TITLEBAR control client=2 surface=19 where=floating id=0 x=1250 y=248 width=30 height=30 shown=1
KWL SYSTEM result client=2 object=42 request=221 applied=0
KWL SYSTEM result client=2 object=42 request=222 applied=0
KWL SYSTEM result client=2 object=42 request=223 applied=0
KWL TOUCH down client=2 surface=19 contact=0 x=321 y=446
KWL SYSTEM result client=2 object=42 request=224 applied=0
KWL PERF 5009ms: passes=491 timeouts=461 | poll 96.6% work 3.1%
KWL PERF compose frames=8 draw_ms=13.45 (acquire 0.11 submit+present 12.97) frame_ms=14.82
KWL TOUCH down client=2 surface=19 contact=0 x=298 y=422
ZSETTINGS PAGE vpn
ZSETTINGS BLUETOOTH watch on=0 errno=0
ZSETTINGS BLUETOOTH scan on=0 errno=0
ZSETTINGS TITLEBAR state back=1 forward=0 parts=2 last=VPN sidebar=1 query= focus=0
ZSETTINGS MENU state back=1 forward=0 sidebar=1 page=vpn
ZSETTINGS LAYOUT page=vpn controls=0
KWL BT watch on=0
KWL BT scan on=0
KWL TITLEBAR commit client=2 titlebar=69 serial=19 mode=1 controls=6 tabs=0 generation=19
KWL TITLEBAR commit client=2 titlebar=69 serial=20 mode=1 controls=6 tabs=0 generation=20
KWL MENU commit client=2 menu=67 serial=13 items=41 generation=13
KWL MENU commit client=2 menu=67 serial=14 items=41 generation=14
KWL TITLEBAR control client=2 surface=19 where=floating id=1 x=337 y=248 width=30 height=30 shown=1
KWL TITLEBAR control client=2 surface=19 where=floating id=2 x=371 y=248 width=30 height=30 shown=1
KWL TITLEBAR control client=2 surface=19 where=floating id=3 x=405 y=248 width=30 height=30 shown=1
KWL TITLEBAR control client=2 surface=19 where=floating id=4 x=445 y=248 width=123 height=30 shown=1
KWL TITLEBAR control client=2 surface=19 where=floating id=5 x=986 y=248 width=220 height=30 shown=1
KWL TITLEBAR control client=2 surface=19 where=floating id=6 x=1210 y=248 width=30 height=30 shown=1
KWL TITLEBAR control client=2 surface=19 where=floating id=0 x=1250 y=248 width=30 height=30 shown=1
KWL SYSTEM result client=2 object=42 request=225 applied=0
KWL SYSTEM result client=2 object=42 request=226 applied=0
KWL SYSTEM result client=2 object=42 request=227 applied=0
KWL SYSTEM result client=2 object=42 request=228 applied=0
KWL PERF 5001ms: passes=478 timeouts=457 | poll 97.8% work 1.9%
KWL PERF compose frames=4 draw_ms=12.96 (acquire 0.28 submit+present 12.30) frame_ms=13.87
KWL TOUCH down client=2 surface=19 contact=0 x=345 y=471
ZSETTINGS PAGE network
ZSETTINGS NETWORK scanning on=1 renew=0 errno=0
ZSETTINGS TITLEBAR state back=1 forward=0 parts=2 last=Network sidebar=1 query= focus=0
ZSETTINGS MENU state back=1 forward=0 sidebar=1 page=network
ZSETTINGS LAYOUT page=network controls=7
ZSETTINGS CONTROL index=1 x=686 y=271 width=52 height=32
ZSETTINGS CONTROL index=100 x=298 y=321 width=444 height=46
ZSETTINGS CONTROL index=101 x=298 y=371 width=444 height=46
ZSETTINGS CONTROL index=102 x=298 y=421 width=444 height=46
ZSETTINGS CONTROL index=103 x=298 y=471 width=444 height=46
ZSETTINGS CONTROL index=8 x=298 y=521 width=444 height=36
ZSETTINGS CONTROL index=7 x=1050 y=331 width=80 height=32
KWL NETWORK scan holders=1
KWL SYSTEM scanning client=2 id=42 on=1
KWL TITLEBAR commit client=2 titlebar=69 serial=21 mode=1 controls=6 tabs=0 generation=21
KWL TITLEBAR commit client=2 titlebar=69 serial=22 mode=1 controls=6 tabs=0 generation=22
KWL MENU commit client=2 menu=67 serial=15 items=41 generation=15
KWL MENU commit client=2 menu=67 serial=16 items=41 generation=16
KWL TITLEBAR control client=2 surface=19 where=floating id=1 x=337 y=248 width=30 height=30 shown=1
KWL TITLEBAR control client=2 surface=19 where=floating id=2 x=371 y=248 width=30 height=30 shown=1
KWL TITLEBAR control client=2 surface=19 where=floating id=3 x=405 y=248 width=30 height=30 shown=1
KWL TITLEBAR control client=2 surface=19 where=floating id=4 x=445 y=248 width=153 height=30 shown=1
KWL TITLEBAR control client=2 surface=19 where=floating id=5 x=986 y=248 width=220 height=30 shown=1
KWL TITLEBAR control client=2 surface=19 where=floating id=6 x=1210 y=248 width=30 height=30 shown=1
KWL TITLEBAR control client=2 surface=19 where=floating id=0 x=1250 y=248 width=30 height=30 shown=1
KWL NETWORK state reachable=1 connected=0 kind=none interface= wifi=searching ssid=
KWL NETWORK scan count=23
ZSETTINGS NETWORK scan count=23
KWL SYSTEM result client=2 object=42 request=229 applied=0
KWL SYSTEM result client=2 object=42 request=230 applied=0
KWL SYSTEM result client=2 object=42 request=231 applied=0
KWL NETWORK scan count=23
ZSETTINGS NETWORK scan count=23
KWL SYSTEM result client=2 object=42 request=232 applied=0
KWL TOUCH title held window=2:19 contact=0 x=898 y=265
KWL TOUCH title drag contact=0 x=898 y=265
KWL PERF 5013ms: passes=493 timeouts=432 | poll 91.9% work 7.8%
KWL PERF compose frames=20 draw_ms=17.00 (acquire 1.58 submit+present 15.03) frame_ms=17.56
KWL SYSTEM result client=2 object=42 request=233 applied=0
KWL SYSTEM result client=2 object=42 request=234 applied=0
KWL NETWORK scan count=21
ZSETTINGS NETWORK scan count=21
KWL SYSTEM result client=2 object=42 request=235 applied=0
KWL GLASS moved surface=19 x=60 y=417 client=2
KWL SYSTEM result client=2 object=42 request=236 applied=0
KWL TOUCH shell contact=0 x=15 y=24
KWL HOME press slipped
KWL SYSTEM result client=2 object=42 request=237 applied=0
KWL NETWORK scan count=21
ZSETTINGS NETWORK scan count=21
KWL TOUCH shell contact=0 x=746 y=20
KWL PERF 5008ms: passes=403 timeouts=127 | poll 37.2% work 62.3%
KWL PERF compose frames=189 draw_ms=15.92 (acquire 1.57 submit+present 13.82) frame_ms=16.43
KWL TOUCH shell contact=0 x=899 y=17
KWL NETWORK state reachable=1 connected=0 kind=none interface= wifi=searching ssid=
KWL SYSTEM result client=2 object=42 request=238 applied=0
KWL TOUCH shell contact=0 x=934 y=13
KWL SYSTEM result client=2 object=42 request=239 applied=0
KWL NETWORK scan count=21
ZSETTINGS NETWORK scan count=21
KWL SYSTEM result client=2 object=42 request=240 applied=0
KWL TOUCH shell contact=0 x=977 y=1265
KWL HOME rise swipe
KWL SYSTEM result client=2 object=42 request=241 applied=0
KWL HOME open via=edge at_ms=281346
KWL IME activate field home
KEI-IME ACTIVATE
KWL HOME layer=cover after_ms=1
KWL HOME layer=content after_ms=2
KWL FIRST_FRAME what=home-open frame=3291 request_ms=281346 ms=21
KWL HOME opened apps=17 pages=2 page=1 at_ms=281595
KWL HOME icon name="Files" x=600 y=960
KWL HOME icon name="Notes" x=744 y=960
KWL HOME icon name="Settings" x=888 y=960
KWL HOME icon name="Terminal" x=1032 y=960
KWL HOME icon name="PDF Viewer" x=1176 y=960
KWL HOME icon name="Image Viewer" x=1320 y=960
KWL HOME icon name="Video Player" x=600 y=1112
KWL HOME icon name="Music" x=744 y=1112
KWL HOME icon name="Photos" x=888 y=1112
KWL HOME icon name="Phone" x=1032 y=1112
KWL HOME icon name="Calendar" x=1176 y=1112
KWL HOME icon name="Mail" x=1320 y=1112
KWL HOME icon name="Text Editor" x=2520 y=1112
KWL HOME icon name="System Monitor" x=2664 y=1112
KWL HOME icon name="Browser" x=2808 y=1112
KWL HOME icon name="Lock Screen" x=2952 y=1112
KWL HOME icon name="Power Off" x=3096 y=1112
KWL SYSTEM result client=2 object=42 request=242 applied=0
KWL PERF 5006ms: passes=408 timeouts=227 | poll 52.4% work 47.2%
KWL PERF compose frames=117 draw_ms=19.55 (acquire 1.78 submit+present 16.76) frame_ms=20.01
KWL NETWORK scan count=18
ZSETTINGS NETWORK scan count=18
KWL TOUCH shell contact=0 x=1032 y=950
KWL ACTIVATION token client=0 app=/bin/terminal granted=1 reason=spawn at_ms=282735
KWL HOME launch name=Terminal pid=84
KWL HOME close via=launch at_ms=282739
KWL IME deactivate
KEI-IME DEACTIVATE
KWL FIRST_FRAME what=home-close frame=3302 request_ms=282739 ms=26
KWL CLIENT client=5 fd=21
KWL INSET create client=5 inset=23 toplevel=21
KWL EDIT create client=5 edit=25 toplevel=21
KWL BOUNDS client=5 surface=19 width=1896 height=1160
KWL CONFIGURE client=5 surface=19 serial=477 width=0 height=0 fullscreen=0
KWL SEAT client=5 pointer=1 keyboard=0 touch=0
KWL SEAT client=5 pointer=1 keyboard=1 touch=0
KWL SEAT client=5 pointer=1 keyboard=1 touch=1
ZTERM SETTINGS run=term ambiguous_wide=0 font_size=16 theme=0
ZTERM MENU state selection=0 clipboard=0 pixels=16 fullscreen=0 ambiguous_wide=0 theme=0 find=0
ZTERM MENU ready items=39
ZTERM TAB active id=1
ZTERM TAB new run=term id=1 count=1
ZTERM START run=term columns=90 rows=28 cell=10x22 window=916x632
ZTERM TABS count=1 active=1 mode=0
ZTERM TITLE tab=1 title=Terminal
KWL IMPORT client=5 buffer=33 width=916 height=632 bytes=2318336
KWL IMPORT client=5 buffer=34 width=916 height=632 bytes=2318336
KWL IMPORT client=5 buffer=35 width=916 height=632 bytes=2318336
KWL MENU set client=5 place=37 menu=38
KWL MENU commit client=5 menu=38 serial=1 items=39 generation=1
KWL MENU commit client=5 menu=38 serial=2 items=39 generation=2
KWL MENU commit client=5 menu=38 serial=3 items=39 generation=3
KWL MENU commit client=5 menu=38 serial=4 items=39 generation=4
KWL MENU commit client=5 menu=38 serial=5 items=39 generation=5
KWL MENU commit client=5 menu=38 serial=6 items=39 generation=6
KWL MENU commit client=5 menu=38 serial=7 items=39 generation=7
KWL DECORATION applied client=5 surface=19 mode=2
KWL MAP client=5 surface=19 x=502 y=372
KWL HOME launched waited_ms=75 at_ms=282814
KWL GLASS launch surface=19 from=996,924 to=502,372 size=916x632 client=5
KWL SURFACE enter surface=19 output=0 client=5
KWL IME app key=app:terminal language=direct from=inherited
ZTERM CLIPBOARD selection text=0
ZTERM PRIMARY offer text=0
KWL TEXT enable client=5 surface=19
KWL RENDER output=0 surfaces=19,19
KWL SYSTEM result client=2 object=42 request=243 applied=0
KWL HOME closed at_ms=282988
KWL IME activate client=5
KEI-IME ACTIVATE
KWL APPS bar count=2 hidden=0 desktop=2 apps=settings,terminal
KWL APPS icon app=settings x=58 y=0 width=34 height=44 windows=1
KWL APPS icon app=terminal x=92 y=0 width=34 height=44 windows=1
KWL MENU bar client=5 surface=19 where=floating item=1 offset=121 top=320 width=52 height=44
KWL MENU bar client=5 surface=19 where=floating item=2 offset=175 top=320 width=47 height=44
KWL MENU bar client=5 surface=19 where=floating item=3 offset=224 top=320 width=51 height=44
KWL MENU bar client=5 surface=19 where=floating item=4 offset=277 top=320 width=69 height=44
KWL MENU bar client=5 surface=19 where=floating item=5 offset=348 top=320 width=49 height=44
KWL SYSTEM result client=2 object=42 request=244 applied=0
KWL TOUCH title held window=5:19 contact=0 x=1048 y=362
KWL TOUCH title drag contact=0 x=1048 y=362
KWL GLASS moved surface=19 x=473 y=165 client=5
KWL TOUCH title held window=5:19 contact=0 x=1012 y=143
KWL TOUCH title tap contact=0 x=1012 y=143
KWL GLASS double-click wait surface=19
KWL GLASS dock surface=19 via=double-click buttons=1892,1858,1824 title=60 x=8 y=52 w=1904 h=1220 client=5
KWL CONFIGURE client=5 surface=19 serial=483 width=1904 height=1220 fullscreen=0
KWL LAYOUT mode=docked reason=double-click at_ms=284997
KWL LAYOUT windows desktop=2 mode=docked floating=0 docked=1 dock_hidden=1 minimized=0 fullscreen=0
ZTERM RESIZE run=term columns=188 rows=54 window=1904x1220
KWL IMPORT client=5 buffer=40 width=1904 height=1220 bytes=9293824
KWL IMPORT client=5 buffer=41 width=1904 height=1220 bytes=9293824
KWL IMPORT client=5 buffer=42 width=1904 height=1220 bytes=9293824
KWL GLASS resized surface=19 docked=1 width=1904 height=1220 after_ms=26 acked_ms=19 committed_ms=26 sent_at_ms=284997 client=5
KWL IME indicator x=1563 label=A
KWL SYSTEM result client=2 object=42 request=245 applied=0
KWL IME indicator x=1534 label=A
KWL IME indicator x=1517 label=A
KWL TOUCH down client=5 surface=19 contact=0 x=1008 y=151
KWL IME indicator x=1510 label=A
KWL MENU bar client=5 surface=19 where=docked item=1 offset=173 top=0 width=52 height=44
KWL MENU bar client=5 surface=19 where=docked item=2 offset=227 top=0 width=47 height=44
KWL MENU bar client=5 surface=19 where=docked item=3 offset=276 top=0 width=51 height=44
KWL MENU bar client=5 surface=19 where=docked item=4 offset=329 top=0 width=69 height=44
KWL MENU bar client=5 surface=19 where=docked item=5 offset=400 top=0 width=49 height=44
KWL IME indicator x=1506 label=A
KWL IME indicator x=1504 label=A
ZTERM TOUCH tap x=1001 y=100 caught=0
ZTERM TOUCH rest view=0 offset=0
KWL NETWORK scan count=18
ZSETTINGS NETWORK scan count=18
KWL SYSTEM result client=2 object=42 request=246 applied=0
KWL OSK press corner=flick source=touch x=1905 y=1260
KWL TOUCH shell contact=0 x=1905 y=1260
KWL OSK armed corner=flick ms=209
KWL PERF 5002ms: passes=482 timeouts=316 | poll 67.4% work 32.2%
KWL PERF compose frames=85 draw_ms=17.97 (acquire 2.42 submit+present 14.95) frame_ms=18.25
KWL SYSTEM result client=2 object=42 request=247 applied=0
KWL NETWORK state reachable=1 connected=0 kind=none interface= wifi=searching ssid=
KWL OSK cancel reason=direction
KWL SYSTEM result client=2 object=42 request=248 applied=0
KWL NETWORK scan count=18
ZSETTINGS NETWORK scan count=18
KWL OSK press corner=qwerty source=touch x=16 y=1260
KWL TOUCH shell contact=0 x=16 y=1260
KWL OSK armed corner=qwerty ms=270
KWL SYSTEM result client=2 object=42 request=249 applied=0
KWL OSK commit corner=qwerty via=distance progress=504
KWL OSK open kind=qwerty x=0 y=820 width=1920 height=460
KWL OSK work-area right=0 bottom=460
KWL OSK work moved surface=19 from=60,417 to=60,108
KWL INSET client=5 surface=19 right=0 bottom=0 reason=2
KWL INSET client=2 surface=19 right=0 bottom=88 reason=2
KWL CONFIGURE client=5 surface=19 serial=486 width=1904 height=760 fullscreen=0
KWL OSK work docked surface=19 width=1904 height=760
KWL OSK qrect face=letters row=0 index=0 x=6 y=862 width=185 height=46 label=Esc
KWL OSK qrect face=letters row=0 index=1 x=197 y=862 width=185 height=46 label=Tab
KWL OSK qrect face=letters row=0 index=2 x=388 y=862 width=185 height=46 label=Ctrl
KWL OSK qrect face=letters row=0 index=3 x=580 y=862 width=185 height=46 label=Alt
KWL OSK qrect face=letters row=0 index=4 x=771 y=862 width=137 height=46 label=|
KWL OSK qrect face=letters row=0 index=5 x=915 y=862 width=137 height=46 label=~
KWL OSK qrect face=letters row=0 index=6 x=1058 y=862 width=137 height=46 label=/
KWL OSK qrect face=letters row=0 index=7 x=1202 y=862 width=137 height=46 label=-
KWL OSK qrect face=letters row=0 index=8 x=1345 y=862 width=137 height=46 label=Home
KWL OSK qrect face=letters row=0 index=9 x=1489 y=862 width=137 height=46 label=End
KWL OSK qrect face=letters row=0 index=10 x=1632 y=862 width=137 height=46 label=PgUp
KWL OSK qrect face=letters row=0 index=11 x=1776 y=862 width=137 height=46 label=PgDn
KWL OSK qrect face=letters row=1 index=0 x=6 y=914 width=185 height=67 label=1
KWL OSK qrect face=letters row=1 index=1 x=197 y=914 width=185 height=67 label=2
KWL OSK qrect face=letters row=1 index=2 x=388 y=914 width=185 height=67 label=3
KWL OSK qrect face=letters row=1 index=3 x=580 y=914 width=185 height=67 label=4
KWL OSK qrect face=letters row=1 index=4 x=771 y=914 width=185 height=67 label=5
KWL OSK qrect face=letters row=1 index=5 x=963 y=914 width=185 height=67 label=6
KWL OSK qrect face=letters row=1 index=6 x=1154 y=914 width=185 height=67 label=7
KWL OSK qrect face=letters row=1 index=7 x=1345 y=914 width=185 height=67 label=8
KWL OSK qrect face=letters row=1 index=8 x=1537 y=914 width=185 height=67 label=9
KWL OSK qrect face=letters row=1 index=9 x=1728 y=914 width=185 height=67 label=0
KWL OSK qrect face=letters row=2 index=0 x=6 y=987 width=185 height=67 label=q
KWL OSK qrect face=letters row=2 index=1 x=197 y=987 width=185 height=67 label=w
KWL OSK qrect face=letters row=2 index=2 x=388 y=987 width=185 height=67 label=e
KWL OSK qrect face=letters row=2 index=3 x=580 y=987 width=185 height=67 label=r
KWL OSK qrect face=letters row=2 index=4 x=771 y=987 width=185 height=67 label=t
KWL OSK qrect face=letters row=2 index=5 x=963 y=987 width=185 height=67 label=y
KWL OSK qrect face=letters row=2 index=6 x=1154 y=987 width=185 height=67 label=u
KWL OSK qrect face=letters row=2 index=7 x=1345 y=987 width=185 height=67 label=i
KWL OSK qrect face=letters row=2 index=8 x=1537 y=987 width=185 height=67 label=o
KWL OSK qrect face=letters row=2 index=9 x=1728 y=987 width=185 height=67 label=p
KWL OSK qrect face=letters row=3 index=0 x=101 y=1060 width=185 height=67 label=a
KWL OSK qrect face=letters row=3 index=1 x=292 y=1060 width=185 height=67 label=s
KWL OSK qrect face=letters row=3 index=2 x=483 y=1060 width=185 height=67 label=d
KWL OSK qrect face=letters row=3 index=3 x=675 y=1060 width=185 height=67 label=f
KWL OSK qrect face=letters row=3 index=4 x=866 y=1060 width=185 height=67 label=g
KWL OSK qrect face=letters row=3 index=5 x=1058 y=1060 width=185 height=67 label=h
KWL OSK qrect face=letters row=3 index=6 x=1249 y=1060 width=185 height=67 label=j
KWL OSK qrect face=letters row=3 index=7 x=1440 y=1060 width=185 height=67 label=k
KWL OSK qrect face=letters row=3 index=8 x=1632 y=1060 width=185 height=67 label=l
KWL OSK qrect face=letters row=4 index=0 x=6 y=1133 width=281 height=67 label=Shift
KWL OSK qrect face=letters row=4 index=1 x=293 y=1133 width=185 height=67 label=z
KWL OSK qrect face=letters row=4 index=2 x=484 y=1133 width=185 height=67 label=x
KWL OSK qrect face=letters row=4 index=3 x=675 y=1133 width=185 height=67 label=c
KWL OSK qrect face=letters row=4 index=4 x=867 y=1133 width=185 height=67 label=v
KWL OSK qrect face=letters row=4 index=5 x=1058 y=1133 width=185 height=67 label=b
KWL OSK qrect face=letters row=4 index=6 x=1250 y=1133 width=185 height=67 label=n
KWL OSK qrect face=letters row=4 index=7 x=1441 y=1133 width=185 height=67 label=m
KWL OSK qrect face=letters row=4 index=8 x=1632 y=1133 width=281 height=67 label=Del
KWL OSK qrect face=letters row=5 index=0 x=6 y=1206 width=233 height=67 label=?123
KWL OSK qrect face=letters row=5 index=1 x=245 y=1206 width=137 height=67 label=,
KWL OSK qrect face=letters row=5 index=2 x=388 y=1206 width=568 height=67 label=space
KWL OSK qrect face=letters row=5 index=3 x=963 y=1206 width=137 height=67 label=.
KWL OSK qrect face=letters row=5 index=4 x=1106 y=1206 width=233 height=67 label=Enter
KWL OSK qrect face=letters row=5 index=5 x=1345 y=1206 width=137 height=67 label=←
KWL OSK qrect face=letters row=5 index=6 x=1489 y=1206 width=137 height=67 label=↑
KWL OSK qrect face=letters row=5 index=7 x=1632 y=1206 width=137 height=67 label=↓
KWL OSK qrect face=letters row=5 index=8 x=1776 y=1206 width=137 height=67 label=→
KWL GLASS glyph codepoint=U+2190 size=4 face=0 cell=1
KWL GLASS glyph codepoint=U+2191 size=4 face=0 cell=2
KWL GLASS glyph codepoint=U+2193 size=4 face=0 cell=3
KWL GLASS glyph codepoint=U+2192 size=4 face=0 cell=4
KWL GLASS fallback font: path=/usr/share/fonts/keiland-fallback.ttf faces=2
KWL GLASS glyph codepoint=U+624B size=1 face=1 cell=5
KWL GLASS glyph codepoint=U+66F8 size=1 face=1 cell=6
KWL GLASS glyph codepoint=U+304D size=1 face=1 cell=7
ZTERM RESIZE run=term columns=188 rows=33 window=1904x760
KWL BOUNDS changed width=1896 height=700 was=1896x1160
KWL BOUNDS client=2 surface=19 width=1896 height=700
ZFILES DESKTOP configure x=0 y=44 width=1920 height=776
KWL CONFIGURE client=2 surface=19 serial=488 width=1180 height=800 fullscreen=0
KWL IMPORT client=5 buffer=45 width=1904 height=760 bytes=5791744
KWL IMPORT client=5 buffer=46 width=1904 height=760 bytes=5791744
KWL IMPORT client=5 buffer=47 width=1904 height=760 bytes=5791744
ZFILES DESKTOP grid width=1920 height=776 columns=19 rows=7
ZFILES DESKTOP ready items=0 cells=0 width=1920 height=776 at_ms=290064 newest_age_ms=-1 hidden=0
KWL DESKTOP ack serial=487
KWL IMPORT client=3 buffer=51 width=1920 height=776 bytes=5959680
KWL IMPORT client=3 buffer=52 width=1920 height=776 bytes=5959680
KWL IMPORT client=3 buffer=53 width=1920 height=776 bytes=5959680
KWL SYSTEM result client=2 object=42 request=250 applied=0
KWL SYSTEM result client=2 object=42 request=251 applied=0
KWL NETWORK scan count=24
ZSETTINGS NETWORK scan count=24
KWL PERF 5003ms: passes=413 timeouts=254 | poll 52.2% work 47.4%
KWL PERF compose frames=136 draw_ms=16.61 (acquire 2.58 submit+present 13.49) frame_ms=17.22
KWL SYSTEM result client=2 object=42 request=252 applied=0
KWL OSK panel-press x=1704 y=1103 key=1
KWL OSK touch down id=0 x=1704 y=1103 taken=1 rollover=0
KWL TOUCH osk contact=0 x=1704 y=1103
KWL OSK qkey face=letters row=3 index=8 label=l shift=0 ms=293156
KWL OSK send via=key code=38 shift=0 held=0
KWL OSK touch up id=0 x=1704 y=1103 acted=1
KWL OSK panel-press x=369 y=1109 key=1
KWL OSK touch down id=0 x=369 y=1109 taken=1 rollover=0
KWL TOUCH osk contact=0 x=369 y=1109
KWL OSK qkey face=letters row=3 index=1 label=s shift=0 ms=293678
KWL OSK send via=key code=31 shift=0 held=0
KWL OSK touch up id=0 x=369 y=1109 acted=1
KWL SYSTEM result client=2 object=42 request=253 applied=0
KWL NETWORK scan count=24
ZSETTINGS NETWORK scan count=24
KWL SYSTEM result client=2 object=42 request=254 applied=0
KWL OSK panel-press x=1250 y=1248 key=1
KWL OSK touch down id=0 x=1250 y=1248 taken=1 rollover=0
KWL TOUCH osk contact=0 x=1250 y=1248
KWL OSK qkey face=letters row=5 index=4 label=Enter shift=0 ms=295637
KWL OSK send via=key code=28 shift=0 held=0
KWL OSK touch up id=0 x=1250 y=1248 acted=1
KWL SYSTEM result client=2 object=42 request=255 applied=0
KWL PERF 5007ms: passes=487 timeouts=418 | poll 92.2% work 7.4%
KWL PERF compose frames=17 draw_ms=19.09 (acquire 0.04 submit+present 18.29) frame_ms=20.68
KWL SYSTEM result client=2 object=42 request=256 applied=0
KWL NETWORK state reachable=1 connected=0 kind=none interface= wifi=searching ssid=
ZSETTINGS NETWORK scanning on=1 renew=1 errno=0
KWL NETWORK scan count=24
ZSETTINGS NETWORK scan count=24
KWL SYSTEM result client=2 object=42 request=257 applied=0
KWL SYSTEM result client=2 object=42 request=258 applied=0
KWL OSK panel-press x=1710 y=1095 key=1
KWL OSK touch down id=0 x=1710 y=1095 taken=1 rollover=0
KWL TOUCH osk contact=0 x=1710 y=1095
KWL OSK qkey face=letters row=3 index=8 label=l shift=0 ms=299536
KWL OSK send via=key code=38 shift=0 held=0
KWL OSK touch up id=0 x=1710 y=1095 acted=1
KWL OSK panel-press x=364 y=1105 key=1
KWL OSK touch down id=0 x=364 y=1105 taken=1 rollover=0
KWL TOUCH osk contact=0 x=364 y=1105
KWL OSK qkey face=letters row=3 index=1 label=s shift=0 ms=300186
KWL OSK send via=key code=31 shift=0 held=0
KWL OSK touch up id=0 x=372 y=1105 acted=1
KWL SYSTEM result client=2 object=42 request=259 applied=0
KWL NETWORK scan count=24
ZSETTINGS NETWORK scan count=24
KWL OSK panel-press x=872 y=1233 key=1
KWL OSK touch down id=0 x=872 y=1233 taken=1 rollover=0
KWL TOUCH osk contact=0 x=872 y=1233
KWL OSK qkey face=letters row=5 index=2 label=space shift=0 ms=300957
KWL OSK send via=key code=57 shift=0 held=0
KWL OSK touch up id=0 x=875 y=1212 acted=1
KWL SYSTEM result client=2 object=42 request=260 applied=0
KWL OSK panel-press x=1252 y=886 key=1
KWL OSK touch down id=0 x=1252 y=886 taken=1 rollover=0
KWL TOUCH osk contact=0 x=1252 y=886
KWL OSK qkey face=letters row=0 index=7 label=- shift=0 ms=301818
KWL OSK send via=key code=12 shift=0 held=0
KWL OSK touch up id=0 x=1252 y=886 acted=1
KWL PERF 5007ms: passes=485 timeouts=404 | poll 88.9% work 10.8%
KWL PERF compose frames=24 draw_ms=20.33 (acquire 0.04 submit+present 19.53) frame_ms=21.79
KWL SYSTEM result client=2 object=42 request=261 applied=0
KWL OSK panel-press x=1687 y=1112 key=1
KWL OSK touch down id=0 x=1687 y=1112 taken=1 rollover=0
KWL TOUCH osk contact=0 x=1687 y=1112
KWL OSK qkey face=letters row=3 index=8 label=l shift=0 ms=302878
KWL OSK send via=key code=38 shift=0 held=0
KWL OSK touch up id=0 x=1687 y=1112 acted=1
KWL SYSTEM result client=2 object=42 request=262 applied=0
KWL NETWORK scan count=17
ZSETTINGS NETWORK scan count=17
KWL OSK panel-press x=1160 y=1107 key=1
KWL OSK touch down id=0 x=1160 y=1107 taken=1 rollover=0
KWL TOUCH osk contact=0 x=1160 y=1107
KWL OSK qkey face=letters row=3 index=5 label=h shift=0 ms=304177
KWL OSK send via=key code=35 shift=0 held=0
KWL OSK touch up id=0 x=1160 y=1107 acted=1
KWL SYSTEM result client=2 object=42 request=263 applied=0
KWL OSK panel-press x=208 y=1116 key=1
KWL OSK touch down id=0 x=208 y=1116 taken=1 rollover=0
KWL TOUCH osk contact=0 x=208 y=1116
KWL OSK qkey face=letters row=3 index=0 label=a shift=0 ms=305007
KWL OSK send via=key code=30 shift=0 held=0
KWL OSK touch up id=0 x=208 y=1116 acted=1
KWL OSK panel-press x=1279 y=1244 key=1
KWL OSK touch down id=0 x=1279 y=1244 taken=1 rollover=0
KWL TOUCH osk contact=0 x=1279 y=1244
KWL OSK qkey face=letters row=5 index=4 label=Enter shift=0 ms=305777
KWL OSK send via=key code=28 shift=0 held=0
KWL OSK touch up id=0 x=1279 y=1244 acted=1
KWL SYSTEM result client=2 object=42 request=264 applied=0
KWL NETWORK scan count=17
ZSETTINGS NETWORK scan count=17
KWL SYSTEM result client=2 object=42 request=265 applied=0
KWL PERF 5004ms: passes=485 timeouts=404 | poll 90.4% work 9.3%
KWL PERF compose frames=22 draw_ms=18.79 (acquire 0.04 submit+present 17.98) frame_ms=20.34
KWL NETWORK state reachable=1 connected=0 kind=none interface= wifi=searching ssid=
KWL SYSTEM result client=2 object=42 request=266 applied=0
KWL SYSTEM result client=2 object=42 request=267 applied=0
KWL NETWORK scan count=17
ZSETTINGS NETWORK scan count=17
KWL SYSTEM result client=2 object=42 request=268 applied=0
KWL SYSTEM result client=2 object=42 request=269 applied=0
KWL OSK panel-press x=1900 y=846 key=0
KWL OSK touch down id=0 x=1900 y=846 taken=1 rollover=0
KWL TOUCH osk contact=0 x=1900 y=846
KWL OSK close kind=qwerty reason=key
KWL OSK work-area right=0 bottom=0
KWL OSK work back surface=19 to=60,417
KWL INSET client=5 surface=19 right=0 bottom=0 reason=0
KWL INSET client=2 surface=19 right=0 bottom=0 reason=0
KWL CONFIGURE client=5 surface=19 serial=511 width=1904 height=1220 fullscreen=0
KWL OSK work docked surface=19 width=1904 height=1220
KWL OSK touch up id=0 x=1900 y=846 acted=1
ZTERM RESIZE run=term columns=188 rows=54 window=1904x1220
KWL BOUNDS changed width=1896 height=1160 was=1896x700
KWL BOUNDS client=2 surface=19 width=1896 height=1160
KWL CONFIGURE client=2 surface=19 serial=513 width=1180 height=800 fullscreen=0
ZFILES DESKTOP configure x=0 y=44 width=1920 height=1236
KWL IMPORT client=5 buffer=63 width=1904 height=1220 bytes=9293824
KWL IMPORT client=5 buffer=64 width=1904 height=1220 bytes=9293824
KWL IMPORT client=5 buffer=65 width=1904 height=1220 bytes=9293824
KWL DESKTOP ack serial=512
ZFILES DESKTOP grid width=1920 height=1236 columns=19 rows=11
ZFILES DESKTOP ready items=0 cells=0 width=1920 height=1236 at_ms=311598 newest_age_ms=-1 hidden=0
KWL IMPORT client=3 buffer=55 width=1920 height=1236 bytes=9494528
KWL IMPORT client=3 buffer=56 width=1920 height=1236 bytes=9494528
KWL IMPORT client=3 buffer=57 width=1920 height=1236 bytes=9494528
KWL PERF 5004ms: passes=497 timeouts=458 | poll 92.5% work 7.1%
KWL PERF compose frames=14 draw_ms=20.67 (acquire 0.04 submit+present 19.91) frame_ms=22.57
KWL SYSTEM result client=2 object=42 request=270 applied=0
KWL NETWORK scan count=13
ZSETTINGS NETWORK scan count=13
KWL OSK press corner=flick source=touch x=1910 y=1262
KWL TOUCH shell contact=0 x=1910 y=1262
KWL SYSTEM result client=2 object=42 request=271 applied=0
KWL OSK armed corner=flick ms=188
KWL OSK commit corner=flick via=distance progress=554
KWL OSK open kind=flick x=1506 y=44 width=414 height=1236
KWL OSK work-area right=414 bottom=0
KWL INSET client=5 surface=19 right=0 bottom=0 reason=1
KWL INSET client=2 surface=19 right=0 bottom=0 reason=1
KWL CONFIGURE client=5 surface=19 serial=514 width=1490 height=1220 fullscreen=0
KWL OSK work docked surface=19 width=1490 height=1220
KWL GLASS glyph codepoint=U+304B size=1 face=1 cell=8
KWL GLASS glyph codepoint=U+306A size=1 face=1 cell=9
KWL GLASS glyph codepoint=U+524D size=1 face=1 cell=10
KWL GLASS glyph codepoint=U+306E size=1 face=1 cell=11
KWL GLASS glyph codepoint=U+7DE8 size=1 face=1 cell=12
KWL GLASS glyph codepoint=U+96C6 size=1 face=1 cell=13
KWL GLASS glyph codepoint=U+5019 size=1 face=1 cell=14
KWL GLASS glyph codepoint=U+88DC size=1 face=1 cell=15
KWL GLASS glyph codepoint=U+5C65 size=1 face=1 cell=16
KWL GLASS glyph codepoint=U+6B74 size=1 face=1 cell=17
KWL GLASS glyph codepoint=U+7D75 size=1 face=1 cell=18
KWL GLASS glyph codepoint=U+6587 size=1 face=1 cell=19
KWL GLASS glyph codepoint=U+5B57 size=1 face=1 cell=20
KWL GLASS glyph codepoint=U+2190 size=1 face=0 cell=21
KWL GLASS glyph codepoint=U+2191 size=1 face=0 cell=22
KWL GLASS glyph codepoint=U+2193 size=1 face=0 cell=23
KWL GLASS glyph codepoint=U+2192 size=1 face=0 cell=24
KWL GLASS glyph codepoint=U+884C size=1 face=1 cell=25
KWL GLASS glyph codepoint=U+982D size=1 face=1 cell=26
KWL GLASS glyph codepoint=U+672B size=1 face=1 cell=27
KWL GLASS glyph codepoint=U+9078 size=1 face=1 cell=28
KWL GLASS glyph codepoint=U+629E size=1 face=1 cell=29
KWL GLASS glyph codepoint=U+5168 size=1 face=1 cell=30
KWL GLASS glyph codepoint=U+53D6 size=1 face=1 cell=31
KWL GLASS glyph codepoint=U+6D88 size=1 face=1 cell=32
KWL GLASS glyph codepoint=U+3084 size=1 face=1 cell=33
KWL GLASS glyph codepoint=U+308A size=1 face=1 cell=34
KWL GLASS glyph codepoint=U+76F4 size=1 face=1 cell=35
KWL GLASS glyph codepoint=U+3057 size=1 face=1 cell=36
KWL GLASS glyph codepoint=U+30B3 size=1 face=1 cell=37
KWL GLASS glyph codepoint=U+30D4 size=1 face=1 cell=38
KWL GLASS glyph codepoint=U+30FC size=1 face=1 cell=39
KWL GLASS glyph codepoint=U+5207 size=1 face=1 cell=40
KWL GLASS glyph codepoint=U+8CBC size=1 face=1 cell=41
KWL GLASS glyph codepoint=U+4ED8 size=1 face=1 cell=42
KWL GLASS glyph codepoint=U+3051 size=1 face=1 cell=43
KWL GLASS glyph codepoint=U+3042 size=4 face=1 cell=44
KWL GLASS glyph codepoint=U+304B size=4 face=1 cell=45
KWL GLASS glyph codepoint=U+3055 size=4 face=1 cell=46
KWL GLASS glyph codepoint=U+305F size=4 face=1 cell=47
KWL GLASS glyph codepoint=U+306A size=4 face=1 cell=48
KWL GLASS glyph codepoint=U+306F size=4 face=1 cell=49
KWL GLASS glyph codepoint=U+7A7A size=2 face=1 cell=50
KWL GLASS glyph codepoint=U+767D size=2 face=1 cell=51
KWL GLASS glyph codepoint=U+307E size=4 face=1 cell=52
KWL GLASS glyph codepoint=U+3084 size=4 face=1 cell=53
KWL GLASS glyph codepoint=U+3089 size=4 face=1 cell=54
KWL GLASS glyph codepoint=U+6539 size=2 face=1 cell=55
KWL GLASS glyph codepoint=U+884C size=2 face=1 cell=56
KWL GLASS glyph codepoint=U+309B size=2 face=1 cell=57
KWL GLASS glyph codepoint=U+309C size=2 face=1 cell=58
KWL GLASS glyph codepoint=U+5C0F size=2 face=1 cell=59
KWL GLASS glyph codepoint=U+308F size=4 face=1 cell=60
KWL GLASS glyph codepoint=U+3001 size=4 face=1 cell=61
ZTERM RESIZE run=term columns=147 rows=54 window=1490x1220
KWL BOUNDS changed width=1482 height=1160 was=1896x1160
KWL BOUNDS client=2 surface=19 width=1482 height=1160
KWL CONFIGURE client=2 surface=19 serial=516 width=1180 height=800 fullscreen=0
ZFILES DESKTOP configure x=0 y=44 width=1506 height=1236
KWL IMPORT client=5 buffer=67 width=1490 height=1220 bytes=7274496
KWL IMPORT client=5 buffer=68 width=1490 height=1220 bytes=7274496
KWL IMPORT client=5 buffer=69 width=1490 height=1220 bytes=7274496
ZFILES DESKTOP grid width=1506 height=1236 columns=15 rows=11
KWL DESKTOP ack serial=515
ZFILES DESKTOP ready items=0 cells=0 width=1506 height=1236 at_ms=314251 newest_age_ms=-1 hidden=0
KWL IMPORT client=3 buffer=59 width=1506 height=1236 bytes=7446528
KWL IMPORT client=3 buffer=60 width=1506 height=1236 bytes=7446528
KWL IMPORT client=3 buffer=61 width=1506 height=1236 bytes=7446528
KWL SYSTEM result client=2 object=42 request=272 applied=0
KWL NETWORK scan count=13
ZSETTINGS NETWORK scan count=13
KWL SYSTEM result client=2 object=42 request=273 applied=0
KWL OSK panel-press x=1550 y=939 key=1
KWL OSK touch down id=0 x=1550 y=939 taken=1 rollover=0
KWL TOUCH osk contact=0 x=1550 y=939
KWL GLASS glyph codepoint=U+3044 size=4 face=1 cell=62
KWL GLASS glyph codepoint=U+3046 size=4 face=1 cell=63
KWL GLASS glyph codepoint=U+3048 size=4 face=1 cell=64
KWL GLASS glyph codepoint=U+304A size=4 face=1 cell=65
KWL OSK key face=kana row=0 column=0 dir=center action=0 text=あ
KWL OSK send via=commit text=あ before=0
KWL OSK reading=あ serial=1 error=0
KWL OSK touch up id=0 x=1560 y=947 acted=1
ZTERM IME commit bytes=3 text=あ
KEI-IME PREDICT serial=1 reading=あ bytes=138
KWL OSK predictions serial=1 reading=あ count=12 first=亜
KWL OSK crect slot=0 x=1512 y=178 width=130 height=167
KWL OSK crect slot=1 x=1648 y=178 width=130 height=167
KWL OSK crect slot=2 x=1784 y=178 width=130 height=167
KWL OSK crect slot=3 x=1512 y=351 width=130 height=167
KWL OSK crect slot=4 x=1648 y=351 width=130 height=167
KWL OSK crect slot=5 x=1784 y=351 width=130 height=167
KWL OSK crect slot=6 x=1512 y=524 width=130 height=167
KWL OSK crect slot=7 x=1648 y=524 width=130 height=167
KWL OSK crect slot=8 x=1784 y=524 width=130 height=167
KWL OSK crect slot=9 x=1512 y=697 width=130 height=167
KWL OSK crect slot=10 x=1648 y=697 width=130 height=167
KWL OSK crect slot=11 x=1784 y=697 width=130 height=167
KWL GLASS glyph codepoint=U+4E9C size=1 face=1 cell=66
KWL GLASS glyph codepoint=U+79CB size=1 face=1 cell=67
KWL GLASS glyph codepoint=U+671D size=1 face=1 cell=68
KWL GLASS glyph codepoint=U+8DB3 size=1 face=1 cell=69
KWL GLASS glyph codepoint=U+5473 size=1 face=1 cell=70
KWL GLASS glyph codepoint=U+660E size=1 face=1 cell=71
KWL GLASS glyph codepoint=U+65E5 size=1 face=1 cell=72
KWL GLASS glyph codepoint=U+5F8C size=1 face=1 cell=73
KWL GLASS glyph codepoint=U+5144 size=1 face=1 cell=74
KWL GLASS glyph codepoint=U+59C9 size=1 face=1 cell=75
KWL GLASS glyph codepoint=U+3042 size=1 face=1 cell=76
KWL GLASS glyph codepoint=U+96E8 size=1 face=1 cell=77
KWL GLASS glyph codepoint=U+308C size=1 face=1 cell=78
KWL SYSTEM result client=2 object=42 request=274 applied=0
KWL OSK panel-press x=1571 y=932 key=1
KWL OSK touch down id=0 x=1571 y=932 taken=1 rollover=0
KWL TOUCH osk contact=0 x=1571 y=932
KWL PERF 5000ms: passes=475 timeouts=367 | poll 76.2% work 23.5%
KWL PERF compose frames=61 draw_ms=17.86 (acquire 2.83 submit+present 14.47) frame_ms=18.51
KWL OSK key face=kana row=0 column=0 dir=left action=0 text=い
KWL OSK send via=commit text=い before=0
KWL OSK reading=あい serial=2 error=0
KWL OSK touch up id=0 x=1474 y=958 acted=1
ZTERM IME commit bytes=3 text=い
KEI-IME PREDICT serial=2 reading=あい bytes=240
KWL OSK predictions serial=2 reading=あい count=12 first=愛
KWL OSK crect slot=0 x=1512 y=178 width=130 height=167
KWL OSK crect slot=1 x=1648 y=178 width=130 height=167
KWL OSK crect slot=2 x=1784 y=178 width=130 height=167
KWL OSK crect slot=3 x=1512 y=351 width=130 height=167
KWL OSK crect slot=4 x=1648 y=351 width=130 height=167
KWL OSK crect slot=5 x=1784 y=351 width=130 height=167
KWL OSK crect slot=6 x=1512 y=524 width=130 height=167
KWL OSK crect slot=7 x=1648 y=524 width=130 height=167
KWL OSK crect slot=8 x=1784 y=524 width=130 height=167
KWL OSK crect slot=9 x=1512 y=697 width=130 height=167
KWL OSK crect slot=10 x=1648 y=697 width=130 height=167
KWL OSK crect slot=11 x=1784 y=697 width=130 height=167
KWL GLASS glyph codepoint=U+611B size=1 face=1 cell=79
KWL GLASS glyph codepoint=U+85CD size=1 face=1 cell=80
KWL GLASS glyph codepoint=U+30A2 size=1 face=1 cell=81
KWL GLASS glyph codepoint=U+30A4 size=1 face=1 cell=82
KWL GLASS glyph codepoint=U+30F3 size=1 face=1 cell=83
KWL GLASS glyph codepoint=U+6328 size=1 face=1 cell=84
KWL GLASS glyph codepoint=U+62F6 size=1 face=1 cell=85
KWL GLASS glyph codepoint=U+30B9 size=1 face=1 cell=86
KWL GLASS glyph codepoint=U+30AF size=1 face=1 cell=87
KWL GLASS glyph codepoint=U+30EA size=1 face=1 cell=88
KWL GLASS glyph codepoint=U+30E0 size=1 face=1 cell=89
KWL GLASS glyph codepoint=U+3044 size=1 face=1 cell=90
KWL GLASS glyph codepoint=U+3055 size=1 face=1 cell=91
KWL GLASS glyph codepoint=U+3064 size=1 face=1 cell=92
KWL GLASS glyph codepoint=U+9593 size=1 face=1 cell=93
KWL GLASS glyph codepoint=U+7740 size=1 face=1 cell=94
KWL GLASS glyph codepoint=U+9867 size=1 face=1 cell=95
KWL GLASS glyph codepoint=U+5408 size=1 face=1 cell=96
KWL GLASS glyph codepoint=U+56F3 size=1 face=1 cell=97
KWL GLASS glyph codepoint=U+60F3 size=1 face=1 cell=98
KWL GLASS glyph codepoint=U+77E5 size=1 face=1 cell=99
KWL GLASS glyph codepoint=U+4F1A size=1 face=1 cell=100
KWL GLASS glyph codepoint=U+6D25 size=1 face=1 cell=101
KWL OSK panel-press x=1587 y=947 key=1
KWL OSK touch down id=0 x=1587 y=947 taken=1 rollover=0
KWL TOUCH osk contact=0 x=1587 y=947
KWL OSK key face=kana row=0 column=0 dir=up action=0 text=う
KWL OSK send via=commit text=う before=0
KWL OSK reading=あいう serial=3 error=0
KWL OSK touch up id=0 x=1606 y=814 acted=1
KEI-IME PREDICT serial=3 reading=あいう bytes=0
ZTERM IME commit bytes=3 text=う
KWL OSK predictions serial=3 reading=あいう count=0 first=-
KWL GLASS glyph codepoint=U+5019 size=0 face=1 cell=102
KWL GLASS glyph codepoint=U+88DC size=0 face=1 cell=103
KWL GLASS glyph codepoint=U+306F size=0 face=1 cell=104
KWL GLASS glyph codepoint=U+3042 size=0 face=1 cell=105
KWL GLASS glyph codepoint=U+308A size=0 face=1 cell=106
KWL GLASS glyph codepoint=U+307E size=0 face=1 cell=107
KWL GLASS glyph codepoint=U+305B size=0 face=1 cell=108
KWL GLASS glyph codepoint=U+3093 size=0 face=1 cell=109
KWL OSK panel-press x=1556 y=952 key=1
KWL OSK touch down id=0 x=1556 y=952 taken=1 rollover=0
KWL TOUCH osk contact=0 x=1556 y=952
KWL NETWORK state reachable=1 connected=0 kind=none interface= wifi=searching ssid=
KWL OSK key face=kana row=0 column=0 dir=right action=0 text=え
KWL OSK send via=commit text=え before=0
KWL OSK reading=あいうえ serial=4 error=0
KWL OSK touch up id=0 x=1691 y=920 acted=1
ZTERM IME commit bytes=3 text=え
KEI-IME PREDICT serial=4 reading=あいうえ bytes=0
KWL OSK predictions serial=4 reading=あいうえ count=0 first=-
KWL SYSTEM result client=2 object=42 request=275 applied=0
KWL OSK panel-press x=1556 y=928 key=1
KWL OSK touch down id=0 x=1556 y=928 taken=1 rollover=0
KWL TOUCH osk contact=0 x=1556 y=928
KWL OSK key face=kana row=0 column=0 dir=down action=0 text=お
KWL OSK send via=commit text=お before=0
KWL OSK reading=あいうえお serial=5 error=0
KWL OSK touch up id=0 x=1558 y=1085 acted=1
KEI-IME PREDICT serial=5 reading=あいうえお bytes=0
ZTERM IME commit bytes=3 text=お
KWL OSK predictions serial=5 reading=あいうえお count=0 first=-
KWL NETWORK scan count=13
ZSETTINGS NETWORK scan count=13
KWL SYSTEM result client=2 object=42 request=276 applied=0
KWL OSK panel-press x=1874 y=1136 key=1
KWL OSK touch down id=0 x=1874 y=1136 taken=1 rollover=0
KWL TOUCH osk contact=0 x=1874 y=1136
KWL OSK key face=kana row=2 column=3 dir=center action=3 text=\n
KWL OSK send via=key code=28 shift=0 held=0
KWL OSK reading end reason=other reading=あいうえお
KWL OSK touch up id=0 x=1874 y=1136 acted=1
KWL GLASS glyph codepoint=U+304B size=0 face=1 cell=110
KWL GLASS glyph codepoint=U+306A size=0 face=1 cell=111
KWL GLASS glyph codepoint=U+3092 size=0 face=1 cell=112
KWL GLASS glyph codepoint=U+5165 size=0 face=1 cell=113
KWL GLASS glyph codepoint=U+529B size=0 face=1 cell=114
KWL GLASS glyph codepoint=U+3059 size=0 face=1 cell=115
KWL GLASS glyph codepoint=U+308B size=0 face=1 cell=116
KWL GLASS glyph codepoint=U+3068 size=0 face=1 cell=117
KWL GLASS glyph codepoint=U+304C size=0 face=1 cell=118
KWL GLASS glyph codepoint=U+51FA size=0 face=1 cell=119
KWL SYSTEM result client=2 object=42 request=277 applied=0
KWL SYSTEM result client=2 object=42 request=278 applied=0
KWL NETWORK scan count=24
ZSETTINGS NETWORK scan count=24
KWL OSK panel-press x=1666 y=941 key=1
KWL OSK touch down id=0 x=1666 y=941 taken=1 rollover=0
KWL TOUCH osk contact=0 x=1666 y=941
KWL GLASS glyph codepoint=U+304D size=4 face=1 cell=120
KWL GLASS glyph codepoint=U+304F size=4 face=1 cell=121
KWL GLASS glyph codepoint=U+3051 size=4 face=1 cell=122
KWL GLASS glyph codepoint=U+3053 size=4 face=1 cell=123
KWL OSK key face=kana row=0 column=1 dir=center action=0 text=か
KWL OSK send via=commit text=か before=0
KWL OSK reading=か serial=7 error=0
KWL OSK touch up id=0 x=1666 y=941 acted=1
ZTERM IME commit bytes=3 text=か
KEI-IME PREDICT serial=7 reading=か bytes=120
KWL OSK predictions serial=7 reading=か count=12 first=可
KWL OSK crect slot=0 x=1512 y=178 width=130 height=167
KWL OSK crect slot=1 x=1648 y=178 width=130 height=167
KWL OSK crect slot=2 x=1784 y=178 width=130 height=167
KWL OSK crect slot=3 x=1512 y=351 width=130 height=167
KWL OSK crect slot=4 x=1648 y=351 width=130 height=167
KWL OSK crect slot=5 x=1784 y=351 width=130 height=167
KWL OSK crect slot=6 x=1512 y=524 width=130 height=167
KWL OSK crect slot=7 x=1648 y=524 width=130 height=167
KWL OSK crect slot=8 x=1784 y=524 width=130 height=167
KWL OSK crect slot=9 x=1512 y=697 width=130 height=167
KWL OSK crect slot=10 x=1648 y=697 width=130 height=167
KWL OSK crect slot=11 x=1784 y=697 width=130 height=167
KWL GLASS glyph codepoint=U+53EF size=1 face=1 cell=124
KWL GLASS glyph codepoint=U+52A0 size=1 face=1 cell=125
KWL GLASS glyph codepoint=U+868A size=1 face=1 cell=126
KWL GLASS glyph codepoint=U+79D1 size=1 face=1 cell=127
KWL GLASS glyph codepoint=U+8AB2 size=1 face=1 cell=128
KWL GLASS glyph codepoint=U+67B6 size=1 face=1 cell=129
KWL GLASS glyph codepoint=U+9854 size=1 face=1 cell=130
KWL GLASS glyph codepoint=U+9375 size=1 face=1 cell=131
KWL GLASS glyph codepoint=U+904E size=1 face=1 cell=132
KWL GLASS glyph codepoint=U+53BB size=1 face=1 cell=133
KWL GLASS glyph codepoint=U+5098 size=1 face=1 cell=134
KWL GLASS glyph codepoint=U+706B size=1 face=1 cell=135
KWL GLASS glyph codepoint=U+4E8B size=1 face=1 cell=136
KWL GLASS glyph codepoint=U+6570 size=1 face=1 cell=137
KWL OSK panel-press x=1666 y=922 key=1
KWL OSK touch down id=0 x=1666 y=922 taken=1 rollover=0
KWL TOUCH osk contact=0 x=1666 y=922
KWL PERF 5000ms: passes=510 timeouts=414 | poll 85.8% work 13.9%
KWL PERF compose frames=32 draw_ms=19.98 (acquire 0.04 submit+present 19.29) frame_ms=20.45
KWL OSK key face=kana row=0 column=1 dir=left action=0 text=き
KWL OSK send via=commit text=き before=0
KWL OSK reading=かき serial=8 error=0
KWL OSK touch up id=0 x=1580 y=905 acted=1
KEI-IME PREDICT serial=8 reading=かき bytes=216
ZTERM IME commit bytes=3 text=き
KWL OSK predictions serial=8 reading=かき count=12 first=牡蠣
KWL OSK crect slot=0 x=1512 y=178 width=130 height=167
KWL OSK crect slot=1 x=1648 y=178 width=130 height=167
KWL OSK crect slot=2 x=1784 y=178 width=130 height=167
KWL OSK crect slot=3 x=1512 y=351 width=130 height=167
KWL OSK crect slot=4 x=1648 y=351 width=130 height=167
KWL OSK crect slot=5 x=1784 y=351 width=130 height=167
KWL OSK crect slot=6 x=1512 y=524 width=130 height=167
KWL OSK crect slot=7 x=1648 y=524 width=130 height=167
KWL OSK crect slot=8 x=1784 y=524 width=130 height=167
KWL OSK crect slot=9 x=1512 y=697 width=130 height=167
KWL OSK crect slot=10 x=1648 y=697 width=130 height=167
KWL OSK crect slot=11 x=1784 y=697 width=130 height=167
KWL GLASS glyph codepoint=U+7261 size=1 face=1 cell=138
KWL GLASS glyph codepoint=U+8823 size=1 face=1 cell=139
KWL GLASS glyph codepoint=U+4E0B size=1 face=1 cell=140
KWL GLASS glyph codepoint=U+8A18 size=1 face=1 cell=141
KWL GLASS glyph codepoint=U+57A3 size=1 face=1 cell=142
KWL GLASS glyph codepoint=U+67FF size=1 face=1 cell=143
KWL GLASS glyph codepoint=U+590F size=1 face=1 cell=144
KWL GLASS glyph codepoint=U+671F size=1 face=1 cell=145
KWL GLASS glyph codepoint=U+5B63 size=1 face=1 cell=146
KWL GLASS glyph codepoint=U+91D1 size=1 face=1 cell=147
KWL GLASS glyph codepoint=U+63DA size=1 face=1 cell=148
KWL GLASS glyph codepoint=U+3052 size=1 face=1 cell=149
KWL GLASS glyph codepoint=U+7F6E size=1 face=1 cell=150
KWL GLASS glyph codepoint=U+63DB size=1 face=1 cell=151
KWL GLASS glyph codepoint=U+3048 size=1 face=1 cell=152
KWL GLASS glyph codepoint=U+65B9 size=1 face=1 cell=153
KWL SYSTEM result client=2 object=42 request=279 applied=0
KWL OSK panel-press x=1676 y=917 key=1
KWL OSK touch down id=0 x=1676 y=917 taken=1 rollover=0
KWL TOUCH osk contact=0 x=1676 y=917
KWL OSK key face=kana row=0 column=1 dir=up action=0 text=く
KWL OSK send via=commit text=く before=0
KWL OSK reading=かきく serial=9 error=0
KWL OSK touch up id=0 x=1677 y=806 acted=1
KEI-IME PREDICT serial=9 reading=かきく bytes=0
ZTERM IME commit bytes=3 text=く
KWL OSK predictions serial=9 reading=かきく count=0 first=-
KWL OSK panel-press x=1873 y=928 key=1
KWL OSK touch down id=0 x=1873 y=928 taken=1 rollover=0
KWL TOUCH osk contact=0 x=1873 y=928
KWL OSK key face=kana row=0 column=3 dir=center action=1 text=
KWL OSK send via=key code=14 shift=0 held=0
KWL OSK reading=かき serial=10 error=0
KWL OSK touch up id=0 x=1873 y=928 acted=1
KEI-IME PREDICT serial=10 reading=かき bytes=216
KWL OSK predictions serial=10 reading=かき count=12 first=牡蠣
KWL OSK crect slot=0 x=1512 y=178 width=130 height=167
KWL OSK crect slot=1 x=1648 y=178 width=130 height=167
KWL OSK crect slot=2 x=1784 y=178 width=130 height=167
KWL OSK crect slot=3 x=1512 y=351 width=130 height=167
KWL OSK crect slot=4 x=1648 y=351 width=130 height=167
KWL OSK crect slot=5 x=1784 y=351 width=130 height=167
KWL OSK crect slot=6 x=1512 y=524 width=130 height=167
KWL OSK crect slot=7 x=1648 y=524 width=130 height=167
KWL OSK crect slot=8 x=1784 y=524 width=130 height=167
KWL OSK crect slot=9 x=1512 y=697 width=130 height=167
KWL OSK crect slot=10 x=1648 y=697 width=130 height=167
KWL OSK crect slot=11 x=1784 y=697 width=130 height=167
KWL SYSTEM result client=2 object=42 request=280 applied=0
KWL SYSTEM result client=2 object=42 request=281 applied=0
KWL OSK touch down id=0 x=1556 y=289 taken=1 rollover=0
KWL TOUCH osk contact=0 x=1556 y=289
KWL OSK send via=commit text=牡蠣 before=6
KWL OSK candidate commit sent=1 slot=0 word=牡蠣 reading=かき
KWL OSK reading end reason=chosen reading=かき
KWL OSK touch up id=0 x=1556 y=289 acted=1
KEI-IME LEARN reading=かき word=牡蠣
ZTERM IME delete ignored bytes=6
ZTERM IME commit bytes=6 text=牡蠣
KWL NETWORK scan count=24
ZSETTINGS NETWORK scan count=24
KWL SYSTEM result client=2 object=42 request=282 applied=0
KWL OSK panel-press x=1869 y=927 key=1
KWL OSK touch down id=0 x=1869 y=927 taken=1 rollover=0
KWL TOUCH osk contact=0 x=1869 y=927
KWL OSK key face=kana row=0 column=3 dir=center action=1 text=
KWL OSK send via=key code=14 shift=0 held=0
KWL OSK touch up id=0 x=1869 y=927 acted=1
KWL OSK panel-press x=1865 y=936 key=1
KWL OSK touch down id=0 x=1865 y=936 taken=1 rollover=0
KWL TOUCH osk contact=0 x=1865 y=936
KWL OSK key face=kana row=0 column=3 dir=center action=1 text=
KWL OSK send via=key code=14 shift=0 held=0
KWL OSK touch up id=0 x=1865 y=936 acted=1
KWL OSK panel-press x=1853 y=942 key=1
KWL OSK touch down id=0 x=1853 y=942 taken=1 rollover=0
KWL TOUCH osk contact=0 x=1853 y=942
KWL OSK key face=kana row=0 column=3 dir=center action=1 text=
KWL OSK send via=key code=14 shift=0 held=0
KWL OSK touch up id=0 x=1853 y=942 acted=1
KWL OSK panel-press x=1840 y=951 key=1
KWL OSK touch down id=0 x=1840 y=951 taken=1 rollover=0
KWL TOUCH osk contact=0 x=1840 y=951
KWL OSK key face=kana row=0 column=3 dir=center action=1 text=
KWL OSK send via=key code=14 shift=0 held=0
KWL OSK touch up id=0 x=1840 y=951 acted=1
KWL SYSTEM result client=2 object=42 request=283 applied=0
KWL OSK panel-press x=1837 y=945 key=1
KWL OSK touch down id=0 x=1837 y=945 taken=1 rollover=0
KWL TOUCH osk contact=0 x=1837 y=945
KWL OSK key face=kana row=0 column=3 dir=center action=1 text=
KWL OSK send via=key code=14 shift=0 held=0
KWL OSK touch up id=0 x=1837 y=945 acted=1
KWL OSK panel-press x=1673 y=911 key=1
KWL OSK touch down id=0 x=1673 y=911 taken=1 rollover=0
KWL TOUCH osk contact=0 x=1673 y=911
KWL OSK key face=kana row=0 column=1 dir=center action=0 text=か
KWL OSK send via=commit text=か before=0
KWL OSK reading=か serial=12 error=0
KWL OSK touch up id=0 x=1673 y=911 acted=1
ZTERM IME commit bytes=3 text=か
KEI-IME PREDICT serial=12 reading=か bytes=123
KWL PERF 5003ms: passes=514 timeouts=394 | poll 84.0% work 15.6%
KWL PERF compose frames=39 draw_ms=18.69 (acquire 0.04 submit+present 18.03) frame_ms=19.84
KWL OSK predictions serial=12 reading=か count=12 first=可
KWL OSK crect slot=0 x=1512 y=178 width=130 height=167
KWL OSK crect slot=1 x=1648 y=178 width=130 height=167
KWL OSK crect slot=2 x=1784 y=178 width=130 height=167
KWL OSK crect slot=3 x=1512 y=351 width=130 height=167
KWL OSK crect slot=4 x=1648 y=351 width=130 height=167
KWL OSK crect slot=5 x=1784 y=351 width=130 height=167
KWL OSK crect slot=6 x=1512 y=524 width=130 height=167
KWL OSK crect slot=7 x=1648 y=524 width=130 height=167
KWL OSK crect slot=8 x=1784 y=524 width=130 height=167
KWL OSK crect slot=9 x=1512 y=697 width=130 height=167
KWL OSK crect slot=10 x=1648 y=697 width=130 height=167
KWL OSK crect slot=11 x=1784 y=697 width=130 height=167
KWL OSK panel-press x=1658 y=913 key=1
KWL OSK touch down id=0 x=1658 y=913 taken=1 rollover=0
KWL TOUCH osk contact=0 x=1658 y=913
KWL OSK key face=kana row=0 column=1 dir=left action=0 text=き
KWL OSK send via=commit text=き before=0
KWL OSK reading=かき serial=13 error=0
KWL OSK touch up id=0 x=1572 y=912 acted=1
ZTERM IME commit bytes=3 text=き
KEI-IME PREDICT serial=13 reading=かき bytes=216
KWL OSK predictions serial=13 reading=かき count=12 first=牡蠣
KWL OSK crect slot=0 x=1512 y=178 width=130 height=167
KWL OSK crect slot=1 x=1648 y=178 width=130 height=167
KWL OSK crect slot=2 x=1784 y=178 width=130 height=167
KWL OSK crect slot=3 x=1512 y=351 width=130 height=167
KWL OSK crect slot=4 x=1648 y=351 width=130 height=167
KWL OSK crect slot=5 x=1784 y=351 width=130 height=167
KWL OSK crect slot=6 x=1512 y=524 width=130 height=167
KWL OSK crect slot=7 x=1648 y=524 width=130 height=167
KWL OSK crect slot=8 x=1784 y=524 width=130 height=167
KWL OSK crect slot=9 x=1512 y=697 width=130 height=167
KWL OSK crect slot=10 x=1648 y=697 width=130 height=167
KWL OSK crect slot=11 x=1784 y=697 width=130 height=167
KWL NETWORK state reachable=1 connected=0 kind=none interface= wifi=searching ssid=
ZSETTINGS NETWORK scanning on=1 renew=1 errno=0
KWL SYSTEM result client=2 object=42 request=284 applied=0
KWL NETWORK scan count=24
ZSETTINGS NETWORK scan count=24
KWL OSK touch down id=0 x=1663 y=271 taken=1 rollover=0
KWL TOUCH osk contact=0 x=1663 y=271
KWL OSK send via=commit text=下記 before=6
KWL OSK candidate commit sent=1 slot=1 word=下記 reading=かき
KWL OSK reading end reason=chosen reading=かき
KWL OSK touch up id=0 x=1663 y=271 acted=1
KEI-IME LEARN reading=かき word=下記
ZTERM IME delete ignored bytes=6
ZTERM IME commit bytes=6 text=下記
KWL SYSTEM result client=2 object=42 request=285 applied=0
KWL OSK panel-press x=1669 y=1009 key=1
KWL OSK touch down id=0 x=1669 y=1009 taken=1 rollover=0
KWL TOUCH osk contact=0 x=1669 y=1009
KWL GLASS glyph codepoint=U+306B size=4 face=1 cell=154
KWL GLASS glyph codepoint=U+306C size=4 face=1 cell=155
KWL GLASS glyph codepoint=U+306D size=4 face=1 cell=156
KWL GLASS glyph codepoint=U+306E size=4 face=1 cell=157
KWL OSK key face=kana row=1 column=1 dir=down action=0 text=の
KWL OSK send via=commit text=の before=0
KWL OSK reading=の serial=15 error=0
KWL OSK touch up id=0 x=1691 y=1200 acted=1
ZTERM IME commit bytes=3 text=の
KEI-IME PREDICT serial=15 reading=の bytes=177
KWL OSK predictions serial=15 reading=の count=12 first=野
KWL OSK crect slot=0 x=1512 y=178 width=130 height=167
KWL OSK crect slot=1 x=1648 y=178 width=130 height=167
KWL OSK crect slot=2 x=1784 y=178 width=130 height=167
KWL OSK crect slot=3 x=1512 y=351 width=130 height=167
KWL OSK crect slot=4 x=1648 y=351 width=130 height=167
KWL OSK crect slot=5 x=1784 y=351 width=130 height=167
KWL OSK crect slot=6 x=1512 y=524 width=130 height=167
KWL OSK crect slot=7 x=1648 y=524 width=130 height=167
KWL OSK crect slot=8 x=1784 y=524 width=130 height=167
KWL OSK crect slot=9 x=1512 y=697 width=130 height=167
KWL OSK crect slot=10 x=1648 y=697 width=130 height=167
KWL OSK crect slot=11 x=1784 y=697 width=130 height=167
KWL GLASS glyph codepoint=U+91CE size=1 face=1 cell=158
KWL GLASS glyph codepoint=U+5589 size=1 face=1 cell=159
KWL GLASS glyph codepoint=U+30CE size=1 face=1 cell=160
KWL GLASS glyph codepoint=U+30C8 size=1 face=1 cell=161
KWL GLASS glyph codepoint=U+98F2 size=1 face=1 cell=162
KWL GLASS glyph codepoint=U+307F size=1 face=1 cell=163
KWL GLASS glyph codepoint=U+7269 size=1 face=1 cell=164
KWL GLASS glyph codepoint=U+4E57 size=1 face=1 cell=165
KWL GLASS glyph codepoint=U+3069 size=1 face=1 cell=166
KWL GLASS glyph codepoint=U+8133 size=1 face=1 cell=167
KWL GLASS glyph codepoint=U+8ED2 size=1 face=1 cell=168
KWL GLASS glyph codepoint=U+4E43 size=1 face=1 cell=169
KWL GLASS glyph codepoint=U+6728 size=1 face=1 cell=170
KWL GLASS glyph codepoint=U+71A8 size=1 face=1 cell=171
KWL GLASS glyph codepoint=U+6597 size=1 face=1 cell=172
KWL GLASS glyph codepoint=U+80FD size=1 face=1 cell=173
KWL GLASS glyph codepoint=U+767B size=1 face=1 cell=174
KWL GLASS glyph codepoint=U+4F38 size=1 face=1 cell=175
KWL GLASS glyph codepoint=U+3073 size=1 face=1 cell=176
KWL SYSTEM result client=2 object=42 request=286 applied=0
KWL NETWORK scan count=24
ZSETTINGS NETWORK scan count=24
KWL SYSTEM result client=2 object=42 request=287 applied=0
KWL PERF 5005ms: passes=502 timeouts=439 | poll 82.8% work 16.9%
KWL PERF compose frames=24 draw_ms=33.23 (acquire 0.03 submit+present 32.61) frame_ms=35.01
KWL SYSTEM result client=2 object=42 request=288 applied=0
KWL SYSTEM result client=2 object=42 request=289 applied=0
KWL NETWORK scan count=15
ZSETTINGS NETWORK scan count=15
KWL SYSTEM result client=2 object=42 request=290 applied=0
KWL OSK panel-press x=1871 y=1123 key=1
KWL OSK touch down id=0 x=1871 y=1123 taken=1 rollover=0
KWL TOUCH osk contact=0 x=1871 y=1123
KWL OSK key face=kana row=2 column=3 dir=center action=3 text=\n
KWL OSK send via=key code=28 shift=0 held=0
KWL OSK reading end reason=other reading=の
KWL OSK touch up id=0 x=1871 y=1123 acted=1
KWL SYSTEM result client=2 object=42 request=291 applied=0
KWL OSK panel-press x=1656 y=917 key=1
KWL OSK touch down id=0 x=1656 y=917 taken=1 rollover=0
KWL TOUCH osk contact=0 x=1656 y=917
KWL OSK key face=kana row=0 column=1 dir=center action=0 text=か
KWL OSK send via=commit text=か before=0
KWL OSK reading=か serial=17 error=0
KWL OSK touch up id=0 x=1656 y=917 acted=1
ZTERM IME commit bytes=3 text=か
KEI-IME PREDICT serial=17 reading=か bytes=123
KWL OSK predictions serial=17 reading=か count=12 first=可
KWL OSK crect slot=0 x=1512 y=178 width=130 height=167
KWL OSK crect slot=1 x=1648 y=178 width=130 height=167
KWL OSK crect slot=2 x=1784 y=178 width=130 height=167
KWL OSK crect slot=3 x=1512 y=351 width=130 height=167
KWL OSK crect slot=4 x=1648 y=351 width=130 height=167
KWL OSK crect slot=5 x=1784 y=351 width=130 height=167
KWL OSK crect slot=6 x=1512 y=524 width=130 height=167
KWL OSK crect slot=7 x=1648 y=524 width=130 height=167
KWL OSK crect slot=8 x=1784 y=524 width=130 height=167
KWL OSK crect slot=9 x=1512 y=697 width=130 height=167
KWL OSK crect slot=10 x=1648 y=697 width=130 height=167
KWL OSK crect slot=11 x=1784 y=697 width=130 height=167
KWL OSK panel-press x=1662 y=930 key=1
KWL OSK touch down id=0 x=1662 y=930 taken=1 rollover=0
KWL TOUCH osk contact=0 x=1662 y=930
KWL OSK key face=kana row=0 column=1 dir=left action=0 text=き
KWL OSK send via=commit text=き before=0
KWL OSK reading=かき serial=18 error=0
KWL OSK touch up id=0 x=1574 y=946 acted=1
ZTERM IME commit bytes=3 text=き
KEI-IME PREDICT serial=18 reading=かき bytes=216
KWL OSK predictions serial=18 reading=かき count=12 first=下記
KWL OSK crect slot=0 x=1512 y=178 width=130 height=167
KWL OSK crect slot=1 x=1648 y=178 width=130 height=167
KWL OSK crect slot=2 x=1784 y=178 width=130 height=167
KWL OSK crect slot=3 x=1512 y=351 width=130 height=167
KWL OSK crect slot=4 x=1648 y=351 width=130 height=167
KWL OSK crect slot=5 x=1784 y=351 width=130 height=167
KWL OSK crect slot=6 x=1512 y=524 width=130 height=167
KWL OSK crect slot=7 x=1648 y=524 width=130 height=167
KWL OSK crect slot=8 x=1784 y=524 width=130 height=167
KWL OSK crect slot=9 x=1512 y=697 width=130 height=167
KWL OSK crect slot=10 x=1648 y=697 width=130 height=167
KWL OSK crect slot=11 x=1784 y=697 width=130 height=167
KWL SYSTEM result client=2 object=42 request=292 applied=0
KWL NETWORK scan count=15
ZSETTINGS NETWORK scan count=15
KWL OSK touch down id=0 x=1558 y=266 taken=1 rollover=0
KWL TOUCH osk contact=0 x=1558 y=266
KWL OSK send via=commit text=下記 before=6
KWL OSK candidate commit sent=1 slot=0 word=下記 reading=かき
KWL OSK reading end reason=chosen reading=かき
KWL OSK touch up id=0 x=1558 y=266 acted=1
KEI-IME LEARN reading=かき word=下記
ZTERM IME delete ignored bytes=6
ZTERM IME commit bytes=6 text=下記
KWL PERF 5000ms: passes=508 timeouts=437 | poll 88.7% work 11.0%
KWL PERF compose frames=25 draw_ms=20.00 (acquire 0.04 submit+present 19.36) frame_ms=21.61
KWL SYSTEM result client=2 object=42 request=293 applied=0
KWL NETWORK state reachable=1 connected=0 kind=none interface= wifi=searching ssid=
KWL OSK panel-press x=1653 y=1018 key=1
KWL OSK touch down id=0 x=1653 y=1018 taken=1 rollover=0
KWL TOUCH osk contact=0 x=1653 y=1018
KWL OSK key face=kana row=1 column=1 dir=down action=0 text=の
KWL OSK send via=commit text=の before=0
KWL OSK reading=の serial=20 error=0
KWL OSK touch up id=0 x=1682 y=1195 acted=1
ZTERM IME commit bytes=3 text=の
KEI-IME PREDICT serial=20 reading=の bytes=177
KWL OSK predictions serial=20 reading=の count=12 first=野
KWL OSK crect slot=0 x=1512 y=178 width=130 height=167
KWL OSK crect slot=1 x=1648 y=178 width=130 height=167
KWL OSK crect slot=2 x=1784 y=178 width=130 height=167
KWL OSK crect slot=3 x=1512 y=351 width=130 height=167
KWL OSK crect slot=4 x=1648 y=351 width=130 height=167
KWL OSK crect slot=5 x=1784 y=351 width=130 height=167
KWL OSK crect slot=6 x=1512 y=524 width=130 height=167
KWL OSK crect slot=7 x=1648 y=524 width=130 height=167
KWL OSK crect slot=8 x=1784 y=524 width=130 height=167
KWL OSK crect slot=9 x=1512 y=697 width=130 height=167
KWL OSK crect slot=10 x=1648 y=697 width=130 height=167
KWL OSK crect slot=11 x=1784 y=697 width=130 height=167
KWL SYSTEM result client=2 object=42 request=294 applied=0
KWL NETWORK scan count=15
KWL SYSTEM result client=2 object=42 request=295 applied=0
ZSETTINGS NETWORK scan count=15
KWL OSK touch down id=0 x=1558 y=615 taken=1 rollover=0
KWL TOUCH osk contact=0 x=1558 y=615
KWL OSK send via=commit text=脳 before=3
KWL OSK candidate commit sent=1 slot=6 word=脳 reading=のう
KWL OSK reading end reason=chosen reading=の
KWL OSK touch up id=0 x=1558 y=615 acted=1
KEI-IME LEARN reading=のう word=脳
ZTERM IME delete bytes=3 characters=1
ZTERM IME commit bytes=3 text=脳
KWL SYSTEM result client=2 object=42 request=296 applied=0
KWL OSK panel-press x=1862 y=915 key=1
KWL OSK touch down id=0 x=1862 y=915 taken=1 rollover=0
KWL TOUCH osk contact=0 x=1862 y=915
KWL OSK key face=kana row=0 column=3 dir=center action=1 text=
KWL OSK send via=key code=14 shift=0 held=0
KWL OSK touch up id=0 x=1862 y=915 acted=1
KWL SYSTEM result client=2 object=42 request=297 applied=0
KWL OSK panel-press x=1650 y=1028 key=1
KWL OSK touch down id=0 x=1650 y=1028 taken=1 rollover=0
KWL TOUCH osk contact=0 x=1650 y=1028
KWL PERF 5006ms: passes=513 timeouts=441 | poll 89.8% work 9.9%
KWL PERF compose frames=23 draw_ms=19.37 (acquire 0.04 submit+present 18.75) frame_ms=20.55
KWL OSK key face=kana row=1 column=1 dir=down action=0 text=の
KWL OSK send via=commit text=の before=0
KWL OSK reading=の serial=22 error=0
KWL OSK touch up id=0 x=1668 y=1158 acted=1
ZTERM IME commit bytes=3 text=の
KEI-IME PREDICT serial=22 reading=の bytes=177
KWL OSK predictions serial=22 reading=の count=12 first=野
KWL OSK crect slot=0 x=1512 y=178 width=130 height=167
KWL OSK crect slot=1 x=1648 y=178 width=130 height=167
KWL OSK crect slot=2 x=1784 y=178 width=130 height=167
KWL OSK crect slot=3 x=1512 y=351 width=130 height=167
KWL OSK crect slot=4 x=1648 y=351 width=130 height=167
KWL OSK crect slot=5 x=1784 y=351 width=130 height=167
KWL OSK crect slot=6 x=1512 y=524 width=130 height=167
KWL OSK crect slot=7 x=1648 y=524 width=130 height=167
KWL OSK crect slot=8 x=1784 y=524 width=130 height=167
KWL OSK crect slot=9 x=1512 y=697 width=130 height=167
KWL OSK crect slot=10 x=1648 y=697 width=130 height=167
KWL OSK crect slot=11 x=1784 y=697 width=130 height=167
KWL NETWORK scan count=23
ZSETTINGS NETWORK scan count=23
KWL SYSTEM result client=2 object=42 request=298 applied=0
KWL SYSTEM result client=2 object=42 request=299 applied=0
KWL OSK panel-press x=1756 y=909 key=1
KWL OSK touch down id=0 x=1756 y=909 taken=1 rollover=0
KWL TOUCH osk contact=0 x=1756 y=909
KWL GLASS glyph codepoint=U+3057 size=4 face=1 cell=177
KWL GLASS glyph codepoint=U+3059 size=4 face=1 cell=178
KWL GLASS glyph codepoint=U+305B size=4 face=1 cell=179
KWL GLASS glyph codepoint=U+305D size=4 face=1 cell=180
KWL OSK key face=kana row=0 column=2 dir=left action=0 text=し
KWL OSK send via=commit text=し before=0
KWL OSK reading=のし serial=23 error=0
KWL OSK touch up id=0 x=1636 y=921 acted=1
ZTERM IME commit bytes=3 text=し
KEI-IME PREDICT serial=23 reading=のし bytes=40
KWL OSK predictions serial=23 reading=のし count=2 first=熨斗
KWL OSK crect slot=0 x=1512 y=178 width=130 height=167
KWL OSK crect slot=1 x=1648 y=178 width=130 height=167
KWL GLASS glyph codepoint=U+888B size=1 face=1 cell=181
KWL SYSTEM result client=2 object=42 request=300 applied=0
KWL OSK panel-press x=1657 y=1124 key=1
KWL OSK touch down id=0 x=1657 y=1124 taken=1 rollover=0
KWL TOUCH osk contact=0 x=1657 y=1124
KWL GLASS glyph codepoint=U+FF08 size=4 face=1 cell=182
KWL GLASS glyph codepoint=U+3086 size=4 face=1 cell=183
KWL GLASS glyph codepoint=U+FF09 size=4 face=1 cell=184
KWL GLASS glyph codepoint=U+3088 size=4 face=1 cell=185
KWL OSK key face=kana row=2 column=1 dir=down action=0 text=よ
KWL OSK send via=commit text=よ before=0
KWL OSK reading=のしよ serial=24 error=0
KWL OSK touch up id=0 x=1668 y=1215 acted=1
ZTERM IME commit bytes=3 text=よ
KEI-IME PREDICT serial=24 reading=のしよ bytes=0
KWL OSK predictions serial=24 reading=のしよ count=0 first=-
KWL OSK panel-press x=1560 y=1227 key=1
KWL OSK touch down id=0 x=1560 y=1227 taken=1 rollover=0
KWL TOUCH osk contact=0 x=1560 y=1227
KWL NETWORK scan count=23
ZSETTINGS NETWORK scan count=23
KWL OSK key face=kana row=3 column=0 dir=center action=5 text=
KWL OSK send via=commit text=ょ before=3
KWL OSK reading=のしょ serial=25 error=0
KWL OSK touch up id=0 x=1560 y=1227 acted=1
ZTERM IME delete bytes=3 characters=1
ZTERM IME commit bytes=3 text=ょ
KEI-IME PREDICT serial=25 reading=のしょ bytes=0
KWL OSK predictions serial=25 reading=のしょ count=0 first=-
KWL SYSTEM result client=2 object=42 request=301 applied=0
KWL OSK panel-press x=1747 y=921 key=1
KWL OSK touch down id=0 x=1747 y=921 taken=1 rollover=0
KWL TOUCH osk contact=0 x=1747 y=921
KWL PERF 5002ms: passes=513 timeouts=430 | poll 89.1% work 10.6%
KWL PERF compose frames=23 draw_ms=20.79 (acquire 0.04 submit+present 20.13) frame_ms=21.10
KWL OSK key face=kana row=0 column=2 dir=right action=0 text=せ
KWL OSK send via=commit text=せ before=0
KWL OSK reading=のしょせ serial=26 error=0
KWL OSK touch up id=0 x=1842 y=909 acted=1
ZTERM IME commit bytes=3 text=せ
KEI-IME PREDICT serial=26 reading=のしょせ bytes=0
KWL OSK predictions serial=26 reading=のしょせ count=0 first=-
KWL SYSTEM result client=2 object=42 request=302 applied=0
KWL OSK panel-press x=1676 y=918 key=1
KWL OSK touch down id=0 x=1676 y=918 taken=1 rollover=0
KWL TOUCH osk contact=0 x=1676 y=918
KWL OSK key face=kana row=0 column=1 dir=left action=0 text=き
KWL OSK send via=commit text=き before=0
KWL OSK reading=のしょせき serial=27 error=0
KWL OSK touch up id=0 x=1558 y=945 acted=1
ZTERM IME commit bytes=3 text=き
KEI-IME PREDICT serial=27 reading=のしょせき bytes=0
KWL OSK predictions serial=27 reading=のしょせき count=0 first=-
KWL NETWORK state reachable=1 connected=0 kind=none interface= wifi=searching ssid=
KWL OSK panel-press x=1755 y=1032 key=1
KWL OSK touch down id=0 x=1755 y=1032 taken=1 rollover=0
KWL TOUCH osk contact=0 x=1755 y=1032
KWL GLASS glyph codepoint=U+3072 size=4 face=1 cell=186
KWL GLASS glyph codepoint=U+3075 size=4 face=1 cell=187
KWL GLASS glyph codepoint=U+3078 size=4 face=1 cell=188
KWL GLASS glyph codepoint=U+307B size=4 face=1 cell=189
KWL OSK key face=kana row=1 column=2 dir=center action=0 text=は
KWL OSK send via=commit text=は before=0
KWL OSK reading=のしょせきは serial=28 error=0
KWL OSK touch up id=0 x=1755 y=1032 acted=1
ZTERM IME commit bytes=3 text=は
KEI-IME PREDICT serial=28 reading=のしょせきは bytes=0
KWL OSK predictions serial=28 reading=のしょせきは count=0 first=-
KWL SYSTEM result client=2 object=42 request=303 applied=0
KWL NETWORK scan count=23
ZSETTINGS NETWORK scan count=23
KWL OSK panel-press x=1875 y=935 key=1
KWL OSK touch down id=0 x=1875 y=935 taken=1 rollover=0
KWL TOUCH osk contact=0 x=1875 y=935
KWL OSK key face=kana row=0 column=3 dir=center action=1 text=
KWL OSK send via=key code=14 shift=0 held=0
KWL OSK reading=のしょせき serial=29 error=0
KWL OSK touch up id=0 x=1875 y=935 acted=1
KEI-IME PREDICT serial=29 reading=のしょせき bytes=0
KWL OSK predictions serial=29 reading=のしょせき count=0 first=-
KWL SYSTEM result client=2 object=42 request=304 applied=0
KWL OSK panel-press x=1851 y=930 key=1
KWL OSK touch down id=0 x=1851 y=930 taken=1 rollover=0
KWL TOUCH osk contact=0 x=1851 y=930
KWL OSK key face=kana row=0 column=3 dir=center action=1 text=
KWL OSK send via=key code=14 shift=0 held=0
KWL OSK reading=のしょせ serial=30 error=0
KWL OSK touch up id=0 x=1851 y=930 acted=1
KEI-IME PREDICT serial=30 reading=のしょせ bytes=0
KWL OSK predictions serial=30 reading=のしょせ count=0 first=-
KWL OSK panel-press x=1834 y=938 key=1
KWL OSK touch down id=0 x=1834 y=938 taken=1 rollover=0
KWL TOUCH osk contact=0 x=1834 y=938
KWL OSK key face=kana row=0 column=3 dir=center action=1 text=
KWL OSK send via=key code=14 shift=0 held=0
KWL OSK reading=のしょ serial=31 error=0
KWL OSK touch up id=0 x=1834 y=938 acted=1
KEI-IME PREDICT serial=31 reading=のしょ bytes=0
KWL OSK predictions serial=31 reading=のしょ count=0 first=-
KWL OSK panel-press x=1834 y=935 key=1
KWL OSK touch down id=0 x=1834 y=935 taken=1 rollover=0
KWL TOUCH osk contact=0 x=1834 y=935
KWL OSK key face=kana row=0 column=3 dir=center action=1 text=
KWL OSK send via=key code=14 shift=0 held=0
KWL OSK reading=のし serial=32 error=0
KWL OSK touch up id=0 x=1834 y=935 acted=1
KEI-IME PREDICT serial=32 reading=のし bytes=40
KWL SYSTEM result client=2 object=42 request=305 applied=0
KWL OSK predictions serial=32 reading=のし count=2 first=熨斗
KWL OSK crect slot=0 x=1512 y=178 width=130 height=167
KWL OSK crect slot=1 x=1648 y=178 width=130 height=167
KWL OSK panel-press x=1829 y=933 key=1
KWL OSK touch down id=0 x=1829 y=933 taken=1 rollover=0
KWL TOUCH osk contact=0 x=1829 y=933
KWL OSK key face=kana row=0 column=3 dir=center action=1 text=
KWL OSK send via=key code=14 shift=0 held=0
KWL OSK reading=の serial=33 error=0
KWL OSK touch up id=0 x=1829 y=933 acted=1
KEI-IME PREDICT serial=33 reading=の bytes=177
KWL OSK predictions serial=33 reading=の count=12 first=野
KWL OSK crect slot=0 x=1512 y=178 width=130 height=167
KWL OSK crect slot=1 x=1648 y=178 width=130 height=167
KWL OSK crect slot=2 x=1784 y=178 width=130 height=167
KWL OSK crect slot=3 x=1512 y=351 width=130 height=167
KWL OSK crect slot=4 x=1648 y=351 width=130 height=167
KWL OSK crect slot=5 x=1784 y=351 width=130 height=167
KWL OSK crect slot=6 x=1512 y=524 width=130 height=167
KWL OSK crect slot=7 x=1648 y=524 width=130 height=167
KWL OSK crect slot=8 x=1784 y=524 width=130 height=167
KWL OSK crect slot=9 x=1512 y=697 width=130 height=167
KWL OSK crect slot=10 x=1648 y=697 width=130 height=167
KWL OSK crect slot=11 x=1784 y=697 width=130 height=167
KWL SYSTEM result client=2 object=42 request=306 applied=0
KWL NETWORK scan count=24
ZSETTINGS NETWORK scan count=24
KWL PERF 5000ms: passes=519 timeouts=411 | poll 85.5% work 14.3%
KWL PERF compose frames=38 draw_ms=17.58 (acquire 0.03 submit+present 17.14) frame_ms=19.17
KWL SYSTEM result client=2 object=42 request=307 applied=0
KWL SYSTEM result client=2 object=42 request=308 applied=0
KWL NETWORK scan count=24
ZSETTINGS NETWORK scan count=24
KWL SYSTEM result client=2 object=42 request=309 applied=0
KWL SYSTEM result client=2 object=42 request=310 applied=0
KWL PERF 5006ms: passes=507 timeouts=489 | poll 96.7% work 3.1%
KWL PERF compose frames=6 draw_ms=20.11 (acquire 0.02 submit+present 19.71) frame_ms=22.59
KWL SYSTEM result client=2 object=42 request=311 applied=0
KWL NETWORK state reachable=1 connected=0 kind=none interface= wifi=searching ssid=
ZSETTINGS NETWORK scanning on=1 renew=1 errno=0
KWL NETWORK scan count=24
ZSETTINGS NETWORK scan count=24
KWL SYSTEM result client=2 object=42 request=312 applied=0
KWL SYSTEM result client=2 object=42 request=313 applied=0
KWL OSK panel-press x=1885 y=74 key=0
KWL OSK touch down id=0 x=1885 y=74 taken=1 rollover=0
KWL TOUCH osk contact=0 x=1885 y=74
KWL OSK close kind=flick reason=key
KWL OSK reading end reason=close reading=の
KWL OSK work-area right=0 bottom=0
KWL INSET client=5 surface=19 right=0 bottom=0 reason=0
KWL INSET client=2 surface=19 right=0 bottom=0 reason=0
KWL CONFIGURE client=5 surface=19 serial=545 width=1904 height=1220 fullscreen=0
KWL OSK work docked surface=19 width=1904 height=1220
KWL OSK touch up id=0 x=1885 y=74 acted=1
ZTERM RESIZE run=term columns=188 rows=54 window=1904x1220
KWL BOUNDS changed width=1896 height=1160 was=1482x1160
KWL BOUNDS client=2 surface=19 width=1896 height=1160
KWL CONFIGURE client=2 surface=19 serial=547 width=1180 height=800 fullscreen=0
ZFILES DESKTOP configure x=0 y=44 width=1920 height=1236
KWL IMPORT client=5 buffer=116 width=1904 height=1220 bytes=9293824
KWL IMPORT client=5 buffer=117 width=1904 height=1220 bytes=9293824
KWL IMPORT client=5 buffer=118 width=1904 height=1220 bytes=9293824
ZFILES DESKTOP grid width=1920 height=1236 columns=19 rows=11
ZFILES DESKTOP ready items=0 cells=0 width=1920 height=1236 at_ms=360159 newest_age_ms=-1 hidden=0
KWL DESKTOP ack serial=546
KWL IMPORT client=3 buffer=63 width=1920 height=1236 bytes=9494528
KWL IMPORT client=3 buffer=64 width=1920 height=1236 bytes=9494528
KWL IMPORT client=3 buffer=65 width=1920 height=1236 bytes=9494528
KWL SYSTEM result client=2 object=42 request=314 applied=0
KWL NETWORK scan count=24
ZSETTINGS NETWORK scan count=24
KWL SYSTEM result client=2 object=42 request=315 applied=0
KWL PERF 5007ms: passes=492 timeouts=446 | poll 91.7% work 8.1%
KWL PERF compose frames=17 draw_ms=19.87 (acquire 0.03 submit+present 19.45) frame_ms=21.90
KWL GLASS undock surface=19 via=button x=473 y=165 client=5
KWL BOUNDS client=5 surface=19 width=1896 height=1160
KWL CONFIGURE client=5 surface=19 serial=548 width=916 height=632 fullscreen=0
KWL LAYOUT mode=windowed reason=button at_ms=362262
KWL LAYOUT leave via=button front=19 quiet=0
KWL LAYOUT windows desktop=2 mode=windowed floating=2 docked=0 dock_hidden=0 minimized=0 fullscreen=0
KWL TOUCH shell contact=0 x=1863 y=32
ZTERM RESIZE run=term columns=90 rows=28 window=916x632
KWL IMPORT client=5 buffer=120 width=916 height=632 bytes=2318336
KWL IMPORT client=5 buffer=121 width=916 height=632 bytes=2318336
KWL IMPORT client=5 buffer=122 width=916 height=632 bytes=2318336
KWL GLASS resized surface=19 docked=0 width=916 height=632 after_ms=30 acked_ms=24 committed_ms=29 sent_at_ms=362262 client=5
KWL IME indicator x=1565 label=A
KWL IME indicator x=1594 label=A
KWL IME indicator x=1615 label=A
KWL MENU bar client=5 surface=19 where=floating item=1 offset=121 top=113 width=52 height=44
KWL MENU bar client=5 surface=19 where=floating item=2 offset=175 top=113 width=47 height=44
KWL MENU bar client=5 surface=19 where=floating item=3 offset=224 top=113 width=51 height=44
KWL MENU bar client=5 surface=19 where=floating item=4 offset=277 top=113 width=69 height=44
KWL MENU bar client=5 surface=19 where=floating item=5 offset=348 top=113 width=49 height=44
KWL IME indicator x=1622 label=A
KWL SYSTEM result client=2 object=42 request=316 applied=0
KWL SYSTEM result client=2 object=42 request=317 applied=0
KWL NETWORK scan count=13
ZSETTINGS NETWORK scan count=13
KWL TOUCH title held window=5:19 contact=0 x=1012 y=141
KWL SYSTEM result client=2 object=42 request=318 applied=0
KWL TOUCH title drag contact=0 x=1012 y=141
KWL GLASS moved surface=19 x=506 y=297 client=5
KWL TOUCH title held window=5:19 contact=0 x=1048 y=273
KWL TOUCH title tap contact=0 x=1048 y=273
KWL GLASS double-click wait surface=19
KWL GLASS dock surface=19 via=double-click buttons=1892,1858,1824 title=60 x=8 y=52 w=1904 h=1220 client=5
KWL CONFIGURE client=5 surface=19 serial=549 width=1904 height=1220 fullscreen=0
KWL LAYOUT mode=docked reason=double-click at_ms=365655
KWL LAYOUT windows desktop=2 mode=docked floating=0 docked=1 dock_hidden=1 minimized=0 fullscreen=0
ZTERM RESIZE run=term columns=188 rows=54 window=1904x1220
KWL IMPORT client=5 buffer=124 width=1904 height=1220 bytes=9293824
KWL IMPORT client=5 buffer=125 width=1904 height=1220 bytes=9293824
KWL IMPORT client=5 buffer=126 width=1904 height=1220 bytes=9293824
KWL GLASS resized surface=19 docked=1 width=1904 height=1220 after_ms=28 acked_ms=20 committed_ms=28 sent_at_ms=365655 client=5
KWL IME indicator x=1575 label=A
KWL IME indicator x=1543 label=A
KWL TOUCH down client=5 surface=19 contact=0 x=1041 y=280
KWL IME indicator x=1521 label=A
KWL IME indicator x=1509 label=A
ZTERM TOUCH tap x=1033 y=228 caught=0
ZTERM TOUCH rest view=0 offset=0
KWL MENU bar client=5 surface=19 where=docked item=1 offset=173 top=0 width=52 height=44
KWL MENU bar client=5 surface=19 where=docked item=2 offset=227 top=0 width=47 height=44
KWL MENU bar client=5 surface=19 where=docked item=3 offset=276 top=0 width=51 height=44
KWL MENU bar client=5 surface=19 where=docked item=4 offset=329 top=0 width=69 height=44
KWL MENU bar client=5 surface=19 where=docked item=5 offset=400 top=0 width=49 height=44
KWL IME indicator x=1505 label=A
KWL IME indicator x=1504 label=A
KWL SYSTEM result client=2 object=42 request=319 applied=0
KWL NETWORK scan count=13
ZSETTINGS NETWORK scan count=13
KWL TOUCH shell contact=0 x=1569 y=26
KWL SYSTEM result client=2 object=42 request=320 applied=0
KWL PERF 5001ms: passes=500 timeouts=389 | poll 78.5% work 21.2%
KWL PERF compose frames=56 draw_ms=17.63 (acquire 1.22 submit+present 16.03) frame_ms=18.30
KWL TOUCH shell contact=0 x=1576 y=41
KWL NETWORK state reachable=1 connected=0 kind=none interface= wifi=searching ssid=
KWL VOLUME popup open x=1455 y=50 width=260 height=116 slider=91 mute=125 sound=1
KWL TOUCH shell contact=0 x=1575 y=38
KWL SYSTEM result client=2 object=42 request=321 applied=0
KWL VOLUME set value=62 muted=0 via=slider final=0 at_ms=368651
KWL TOUCH shell contact=0 x=1610 y=108
ZSETTINGS LOOK changed key=sound.volume opacity=100 wallpaper=
ZSETTINGS SOUND report reachable=1 device=1 value=62 muted=0
KWL VOLUME set value=61 muted=0 via=slider final=0 at_ms=368731
KWL VOLUME set value=54 muted=0 via=slider final=0 at_ms=368752
KWL VOLUME set value=55 muted=0 via=slider final=0 at_ms=368752
KWL VOLUME set value=52 muted=0 via=slider final=0 at_ms=368764
ZSETTINGS LOOK changed key=sound.volume opacity=100 wallpaper=
ZSETTINGS SOUND report reachable=1 device=1 value=61 muted=0
KWL VOLUME set value=49 muted=0 via=slider final=0 at_ms=368777
KWL VOLUME set value=44 muted=0 via=slider final=0 at_ms=368795
KWL VOLUME set value=40 muted=0 via=slider final=0 at_ms=368810
KWL VOLUME set value=36 muted=0 via=slider final=0 at_ms=368828
ZSETTINGS LOOK changed key=sound.volume opacity=100 wallpaper=
KWL VOLUME set value=34 muted=0 via=slider final=0 at_ms=368843
KWL VOLUME set value=35 muted=0 via=slider final=0 at_ms=368843
KWL VOLUME set value=32 muted=0 via=slider final=0 at_ms=368861
KWL VOLUME set value=30 muted=0 via=slider final=0 at_ms=368877
ZSETTINGS SOUND report reachable=1 device=1 value=44 muted=0
KWL VOLUME set value=29 muted=0 via=slider final=0 at_ms=368894
KWL VOLUME set value=28 muted=0 via=slider final=0 at_ms=368911
KWL VOLUME set value=27 muted=0 via=slider final=0 at_ms=368927
ZSETTINGS LOOK changed key=sound.volume opacity=100 wallpaper=
ZSETTINGS SOUND report reachable=1 device=1 value=32 muted=0
KWL VOLUME set value=26 muted=0 via=slider final=0 at_ms=368962
KWL VOLUME set value=27 muted=0 via=slider final=0 at_ms=368977
ZSETTINGS LOOK changed key=sound.volume opacity=100 wallpaper=
ZSETTINGS SOUND report reachable=1 device=1 value=28 muted=0
KWL VOLUME set value=30 muted=0 via=slider final=0 at_ms=369035
ZSETTINGS LOOK changed key=sound.volume opacity=100 wallpaper=
ZSETTINGS SOUND report reachable=1 device=1 value=26 muted=0
KWL VOLUME set value=35 muted=0 via=slider final=0 at_ms=369047
KWL VOLUME set value=38 muted=0 via=slider final=0 at_ms=369061
KWL VOLUME set value=37 muted=0 via=slider final=0 at_ms=369061
KWL VOLUME set value=39 muted=0 via=slider final=0 at_ms=369078
ZSETTINGS LOOK changed key=sound.volume opacity=100 wallpaper=
ZSETTINGS SOUND report reachable=1 device=1 value=27 muted=0
KWL VOLUME set value=40 muted=0 via=slider final=0 at_ms=369094
KWL VOLUME set value=42 muted=0 via=slider final=0 at_ms=369094
KWL VOLUME set value=43 muted=0 via=slider final=0 at_ms=369112
KWL VOLUME set value=45 muted=0 via=slider final=0 at_ms=369128
ZSETTINGS LOOK changed key=sound.volume opacity=100 wallpaper=
ZSETTINGS SOUND report reachable=1 device=1 value=39 muted=0
KWL VOLUME set value=46 muted=0 via=slider final=0 at_ms=369161
ZSETTINGS LOOK changed key=sound.volume opacity=100 wallpaper=
ZSETTINGS SOUND report reachable=1 device=1 value=45 muted=0
KWL SYSTEM result client=2 object=42 request=322 applied=0
ZSETTINGS SOUND report reachable=1 device=1 value=46 muted=0
KWL VOLUME set value=46 muted=0 via=slider final=1 at_ms=369365
KWL VOLUME feedback at_ms=369365 via=slider
KWL VOLUME popup close via=outside
KWL TOUCH shell contact=0 x=1439 y=35
KWL NETWORK scan count=13
ZSETTINGS NETWORK scan count=13
KWL TOUCH shell contact=0 x=1422 y=40
KWL SYSTEM result client=2 object=42 request=323 applied=0
KWL ARRANGE menu open x=1155 y=50 width=536 height=260
KWL ARRANGE menu item=columns x=1290 y=84
KWL ARRANGE menu item=rows x=1556 y=84
KWL ARRANGE menu item=left-main x=1290 y=148
KWL ARRANGE menu item=right-main x=1556 y=148
KWL ARRANGE menu item=top-main x=1290 y=212
KWL ARRANGE menu item=bottom-main x=1556 y=212
KWL ARRANGE menu item=grid x=1423 y=276
KWL ARRANGE menu settled ms=215
KWL TOUCH shell contact=0 x=1302 y=151
KWL ARRANGE menu lit item=left-main
KWL SYSTEM result client=2 object=42 request=324 applied=0
KWL ARRANGE menu close via=choice
KWL LAYOUT float-quiet surface=19 x=506 y=297 w=916 h=632 client=5
KWL BOUNDS client=5 surface=19 width=1896 height=1160
KWL CONFIGURE client=5 surface=19 serial=552 width=916 height=632 fullscreen=0
KWL LAYOUT mode=windowed reason=arrange at_ms=371374
KWL LAYOUT leave via=arrange front=0 quiet=1
KWL LAYOUT windows desktop=2 mode=windowed floating=2 docked=0 dock_hidden=0 minimized=0 fullscreen=0
KWL IME app key=app:settings language=direct from=remembered
KWL IME deactivate
KWL IME app key=app:terminal language=direct from=remembered
KWL BOUNDS client=2 surface=19 width=1896 height=1160
KWL CONFIGURE client=2 surface=19 serial=563 width=948 height=1156 fullscreen=0
KWL BOUNDS client=5 surface=19 width=1896 height=1160
KWL CONFIGURE client=5 surface=19 serial=564 width=948 height=1156 fullscreen=0
KWL ARRANGE apply layout=left-main desktop=2 windows=2 slots=19@8,52,948,1208;19@964,52,948,1208
KEI-IME DEACTIVATE
KWL TITLEBAR control client=2 surface=19 where=floating id=1 x=183 y=367 width=30 height=30 shown=1
KWL TITLEBAR control client=2 surface=19 where=floating id=2 x=217 y=367 width=30 height=30 shown=1
KWL TITLEBAR control client=2 surface=19 where=floating id=3 x=251 y=367 width=30 height=30 shown=1
KWL TITLEBAR control client=2 surface=19 where=floating id=4 x=291 y=367 width=153 height=30 shown=1
KWL TITLEBAR control client=2 surface=19 where=floating id=5 x=829 y=367 width=220 height=30 shown=1
KWL TITLEBAR control client=2 surface=19 where=floating id=6 x=1053 y=367 width=30 height=30 shown=1
KWL TITLEBAR control client=2 surface=19 where=floating id=0 x=1093 y=367 width=30 height=30 shown=1
KWL MENU bar client=5 surface=19 where=floating item=1 offset=121 top=0 width=52 height=44
KWL MENU bar client=5 surface=19 where=floating item=2 offset=175 top=0 width=47 height=44
KWL MENU bar client=5 surface=19 where=floating item=3 offset=224 top=0 width=51 height=44
KWL MENU bar client=5 surface=19 where=floating item=4 offset=277 top=0 width=69 height=44
KWL MENU bar client=5 surface=19 where=floating item=5 offset=348 top=0 width=49 height=44
ZTERM RESIZE run=term columns=90 rows=28 window=916x632
ZTERM CLIPBOARD selection text=0
ZTERM PRIMARY offer text=0
KWL IMPORT client=5 buffer=129 width=916 height=632 bytes=2318336
KWL IMPORT client=5 buffer=130 width=916 height=632 bytes=2318336
KWL IMPORT client=5 buffer=131 width=916 height=632 bytes=2318336
KWL TEXT disable client=5 surface=19
KWL TEXT enable client=5 surface=19
KWL IME activate client=5
KEI-IME ACTIVATE
KWL GLASS resized surface=19 docked=0 width=916 height=632 after_ms=34 acked_ms=34 committed_ms=34 sent_at_ms=371374 client=5
KWL TITLEBAR control client=2 surface=19 where=floating id=1 x=157 y=213 width=30 height=30 shown=1
KWL TITLEBAR control client=2 surface=19 where=floating id=2 x=191 y=213 width=30 height=30 shown=1
KWL TITLEBAR control client=2 surface=19 where=floating id=3 x=225 y=213 width=30 height=30 shown=1
KWL TITLEBAR control client=2 surface=19 where=floating id=4 x=265 y=213 width=153 height=30 shown=1
KWL TITLEBAR control client=2 surface=19 where=floating id=5 x=688 y=213 width=220 height=30 shown=1
KWL TITLEBAR control client=2 surface=19 where=floating id=6 x=912 y=213 width=30 height=30 shown=1
KWL TITLEBAR control client=2 surface=19 where=floating id=0 x=952 y=213 width=30 height=30 shown=1
KWL IME indicator x=1559 label=A
ZTERM RESIZE run=term columns=93 rows=51 window=948x1156
KWL IMPORT client=5 buffer=133 width=948 height=1156 bytes=4386816
KWL IMPORT client=2 buffer=352 width=948 height=1156 bytes=4386816
KWL IMPORT client=5 buffer=134 width=948 height=1156 bytes=4386816
KWL IMPORT client=2 buffer=353 width=948 height=1156 bytes=4386816
KWL IMPORT client=5 buffer=135 width=948 height=1156 bytes=4386816
KWL IMPORT client=2 buffer=354 width=948 height=1156 bytes=4386816
ZSETTINGS LAYOUT page=network controls=7
ZSETTINGS CONTROL index=1 x=850 y=361 width=52 height=32
ZSETTINGS CONTROL index=100 x=298 y=411 width=608 height=46
ZSETTINGS CONTROL index=101 x=298 y=461 width=608 height=46
ZSETTINGS CONTROL index=102 x=298 y=511 width=608 height=46
ZSETTINGS CONTROL index=103 x=298 y=561 width=608 height=46
ZSETTINGS CONTROL index=8 x=298 y=611 width=608 height=36
ZSETTINGS CONTROL index=7 x=818 y=757 width=80 height=32
ZSETTINGS GLASS panels count=2
KWL TITLEBAR control client=2 surface=19 where=floating id=1 x=143 y=131 width=30 height=30 shown=1
KWL TITLEBAR control client=2 surface=19 where=floating id=2 x=177 y=131 width=30 height=30 shown=1
KWL TITLEBAR control client=2 surface=19 where=floating id=3 x=211 y=131 width=30 height=30 shown=1
KWL TITLEBAR control client=2 surface=19 where=floating id=4 x=251 y=131 width=153 height=30 shown=1
KWL TITLEBAR control client=2 surface=19 where=floating id=5 x=613 y=131 width=220 height=30 shown=1
KWL TITLEBAR control client=2 surface=19 where=floating id=6 x=837 y=131 width=30 height=30 shown=1
KWL TITLEBAR control client=2 surface=19 where=floating id=0 x=877 y=131 width=30 height=30 shown=1
KWL IME indicator x=1594 label=A
KWL GLASS client=2 surface=19 panels=2 card:0,0,248,1156,16 card:256,0,692,1156,16
KWL GLASS resized surface=19 docked=0 width=948 height=1156 after_ms=96 acked_ms=27 committed_ms=96 sent_at_ms=371374 client=2
KWL TITLEBAR control client=2 surface=19 where=floating id=1 x=134 y=72 width=30 height=30 shown=1
KWL TITLEBAR control client=2 surface=19 where=floating id=2 x=168 y=72 width=30 height=30 shown=1
KWL TITLEBAR control client=2 surface=19 where=floating id=3 x=202 y=72 width=30 height=30 shown=1
KWL TITLEBAR control client=2 surface=19 where=floating id=4 x=242 y=72 width=153 height=30 shown=1
KWL TITLEBAR control client=2 surface=19 where=floating id=5 x=561 y=72 width=220 height=30 shown=1
KWL TITLEBAR control client=2 surface=19 where=floating id=6 x=785 y=72 width=30 height=30 shown=1
KWL TITLEBAR control client=2 surface=19 where=floating id=0 x=825 y=72 width=30 height=30 shown=1
KWL IME indicator x=1617 label=A
KWL TITLEBAR control client=2 surface=19 where=floating id=1 x=132 y=60 width=30 height=30 shown=1
KWL TITLEBAR control client=2 surface=19 where=floating id=2 x=166 y=60 width=30 height=30 shown=1
KWL TITLEBAR control client=2 surface=19 where=floating id=3 x=200 y=60 width=30 height=30 shown=1
KWL TITLEBAR control client=2 surface=19 where=floating id=4 x=240 y=60 width=153 height=30 shown=1
KWL TITLEBAR control client=2 surface=19 where=floating id=5 x=550 y=60 width=220 height=30 shown=1
KWL TITLEBAR control client=2 surface=19 where=floating id=6 x=774 y=60 width=30 height=30 shown=1
KWL TITLEBAR control client=2 surface=19 where=floating id=0 x=814 y=60 width=30 height=30 shown=1
KWL IME indicator x=1622 label=A
KWL ARRANGE glide-end surface=19 slot=0
KWL TITLEBAR control client=2 surface=19 where=floating id=1 x=131 y=59 width=30 height=30 shown=1
KWL TITLEBAR control client=2 surface=19 where=floating id=2 x=165 y=59 width=30 height=30 shown=1
KWL TITLEBAR control client=2 surface=19 where=floating id=3 x=199 y=59 width=30 height=30 shown=1
KWL TITLEBAR control client=2 surface=19 where=floating id=4 x=239 y=59 width=153 height=30 shown=1
KWL TITLEBAR control client=2 surface=19 where=floating id=5 x=548 y=59 width=220 height=30 shown=1
KWL TITLEBAR control client=2 surface=19 where=floating id=6 x=772 y=59 width=30 height=30 shown=1
KWL TITLEBAR control client=2 surface=19 where=floating id=0 x=812 y=59 width=30 height=30 shown=1
KWL ARRANGE glide-end surface=19 slot=1
KWL PERF 5005ms: passes=504 timeouts=369 | poll 76.2% work 23.5%
KWL PERF compose frames=61 draw_ms=17.84 (acquire 1.56 submit+present 15.95) frame_ms=18.67
KWL SYSTEM result client=2 object=42 request=325 applied=0
KWL NETWORK scan count=20
ZSETTINGS NETWORK scan count=20
KWL TOUCH shell contact=0 x=1576 y=22
KWL ARRANGE menu open x=1273 y=50 width=536 height=260
KWL ARRANGE menu item=columns x=1408 y=84
KWL ARRANGE menu item=rows x=1674 y=84
KWL ARRANGE menu item=left-main x=1408 y=148
KWL ARRANGE menu item=right-main x=1674 y=148
KWL ARRANGE menu item=top-main x=1408 y=212
KWL ARRANGE menu item=bottom-main x=1674 y=212
KWL ARRANGE menu item=grid x=1541 y=276
KWL SYSTEM result client=2 object=42 request=326 applied=0
KWL ARRANGE menu settled ms=182
KWL TOUCH shell contact=0 x=1700 y=248
KWL ARRANGE menu lit item=grid
KWL ARRANGE menu close via=choice
KWL IME app key=app:settings language=direct from=remembered
KWL IME deactivate
KWL IME app key=app:terminal language=direct from=remembered
KWL BOUNDS client=2 surface=19 width=1896 height=1160
KWL CONFIGURE client=2 surface=19 serial=575 width=948 height=1156 fullscreen=0
KWL BOUNDS client=5 surface=19 width=1896 height=1160
KWL CONFIGURE client=5 surface=19 serial=576 width=948 height=1156 fullscreen=0
KWL ARRANGE apply layout=grid desktop=2 windows=2 slots=19@8,52,948,1208;19@964,52,948,1208
ZTERM CLIPBOARD selection text=0
ZTERM PRIMARY offer text=0
KEI-IME DEACTIVATE
KWL TEXT disable client=5 surface=19
KWL TEXT enable client=5 surface=19
KWL IME activate client=5
KEI-IME ACTIVATE
KWL GLASS resized surface=19 docked=0 width=948 height=1156 after_ms=27 acked_ms=27 committed_ms=27 sent_at_ms=374544 client=2
KWL SYSTEM result client=2 object=42 request=327 applied=0
KWL ARRANGE glide-end surface=19 slot=0
KWL ARRANGE glide-end surface=19 slot=1
KWL TOUCH shell contact=0 x=1549 y=26
KWL ARRANGE menu open x=1273 y=50 width=536 height=260
KWL ARRANGE menu item=columns x=1408 y=84
KWL ARRANGE menu item=rows x=1674 y=84
KWL ARRANGE menu item=left-main x=1408 y=148
KWL ARRANGE menu item=right-main x=1674 y=148
KWL ARRANGE menu item=top-main x=1408 y=212
KWL ARRANGE menu item=bottom-main x=1674 y=212
KWL ARRANGE menu item=grid x=1541 y=276
KWL SYSTEM result client=2 object=42 request=328 applied=0
KWL NETWORK scan count=20
ZSETTINGS NETWORK scan count=20
KWL ARRANGE menu settled ms=184
KWL TOUCH shell contact=0 x=1693 y=233
KWL ARRANGE menu lit item=bottom-main
KWL ARRANGE menu close via=choice
KWL IME app key=app:settings language=direct from=remembered
KWL IME deactivate
KWL IME app key=app:terminal language=direct from=remembered
KWL BOUNDS client=5 surface=19 width=1896 height=1160
KWL CONFIGURE client=5 surface=19 serial=587 width=1904 height=548 fullscreen=0
KWL BOUNDS client=2 surface=19 width=1896 height=1160
KWL CONFIGURE client=2 surface=19 serial=588 width=1904 height=548 fullscreen=0
KWL ARRANGE apply layout=bottom-main desktop=2 windows=2 slots=19@8,660,1904,600;19@8,52,1904,600
ZTERM CLIPBOARD selection text=0
ZTERM PRIMARY offer text=0
KEI-IME DEACTIVATE
ZTERM RESIZE run=term columns=188 rows=24 window=1904x548
KWL TEXT disable client=5 surface=19
KWL TEXT enable client=5 surface=19
KWL IME activate client=5
KEI-IME ACTIVATE
KWL IMPORT client=5 buffer=137 width=1904 height=548 bytes=4173824
KWL IMPORT client=5 buffer=138 width=1904 height=548 bytes=4173824
KWL IMPORT client=5 buffer=139 width=1904 height=548 bytes=4173824
KWL GLASS resized surface=19 docked=0 width=1904 height=548 after_ms=35 acked_ms=28 committed_ms=35 sent_at_ms=376376 client=5
KWL TITLEBAR control client=2 surface=19 where=floating id=1 x=131 y=59 width=30 height=30 shown=1
KWL TITLEBAR control client=2 surface=19 where=floating id=2 x=165 y=59 width=30 height=30 shown=1
KWL TITLEBAR control client=2 surface=19 where=floating id=3 x=199 y=59 width=30 height=30 shown=1
KWL TITLEBAR control client=2 surface=19 where=floating id=4 x=239 y=59 width=153 height=30 shown=1
KWL TITLEBAR control client=2 surface=19 where=floating id=5 x=1044 y=59 width=220 height=30 shown=1
KWL TITLEBAR control client=2 surface=19 where=floating id=6 x=1268 y=59 width=30 height=30 shown=1
KWL TITLEBAR control client=2 surface=19 where=floating id=0 x=1308 y=59 width=30 height=30 shown=1
KWL IMPORT client=2 buffer=365 width=1904 height=548 bytes=4173824
KWL IMPORT client=2 buffer=366 width=1904 height=548 bytes=4173824
KWL IMPORT client=2 buffer=367 width=1904 height=548 bytes=4173824
ZSETTINGS LAYOUT page=network controls=7
ZSETTINGS CONTROL index=1 x=1084 y=271 width=52 height=32
ZSETTINGS CONTROL index=100 x=298 y=321 width=842 height=46
ZSETTINGS CONTROL index=101 x=298 y=371 width=842 height=46
ZSETTINGS CONTROL index=102 x=298 y=421 width=842 height=46
ZSETTINGS CONTROL index=103 x=298 y=471 width=842 height=46
ZSETTINGS CONTROL index=8 x=298 y=521 width=842 height=36
ZSETTINGS CONTROL index=7 x=1774 y=331 width=80 height=32
ZSETTINGS GLASS panels count=2
KWL TITLEBAR control client=2 surface=19 where=floating id=1 x=131 y=59 width=30 height=30 shown=1
KWL TITLEBAR control client=2 surface=19 where=floating id=2 x=165 y=59 width=30 height=30 shown=1
KWL TITLEBAR control client=2 surface=19 where=floating id=3 x=199 y=59 width=30 height=30 shown=1
KWL TITLEBAR control client=2 surface=19 where=floating id=4 x=239 y=59 width=153 height=30 shown=1
KWL TITLEBAR control client=2 surface=19 where=floating id=5 x=1291 y=59 width=220 height=30 shown=1
KWL TITLEBAR control client=2 surface=19 where=floating id=6 x=1515 y=59 width=30 height=30 shown=1
KWL TITLEBAR control client=2 surface=19 where=floating id=0 x=1555 y=59 width=30 height=30 shown=1
KWL GLASS client=2 surface=19 panels=2 card:0,0,248,548,16 card:256,0,1648,548,16
KWL GLASS resized surface=19 docked=0 width=1904 height=548 after_ms=89 acked_ms=28 committed_ms=89 sent_at_ms=376376 client=2
KWL TITLEBAR control client=2 surface=19 where=floating id=1 x=131 y=59 width=30 height=30 shown=1
KWL TITLEBAR control client=2 surface=19 where=floating id=2 x=165 y=59 width=30 height=30 shown=1
KWL TITLEBAR control client=2 surface=19 where=floating id=3 x=199 y=59 width=30 height=30 shown=1
KWL TITLEBAR control client=2 surface=19 where=floating id=4 x=239 y=59 width=153 height=30 shown=1
KWL TITLEBAR control client=2 surface=19 where=floating id=5 x=1426 y=59 width=220 height=30 shown=1
KWL TITLEBAR control client=2 surface=19 where=floating id=6 x=1650 y=59 width=30 height=30 shown=1
KWL TITLEBAR control client=2 surface=19 where=floating id=0 x=1690 y=59 width=30 height=30 shown=1
KWL TITLEBAR control client=2 surface=19 where=floating id=1 x=131 y=59 width=30 height=30 shown=1
KWL TITLEBAR control client=2 surface=19 where=floating id=2 x=165 y=59 width=30 height=30 shown=1
KWL TITLEBAR control client=2 surface=19 where=floating id=3 x=199 y=59 width=30 height=30 shown=1
KWL TITLEBAR control client=2 surface=19 where=floating id=4 x=239 y=59 width=153 height=30 shown=1
KWL TITLEBAR control client=2 surface=19 where=floating id=5 x=1499 y=59 width=220 height=30 shown=1
KWL TITLEBAR control client=2 surface=19 where=floating id=6 x=1723 y=59 width=30 height=30 shown=1
KWL TITLEBAR control client=2 surface=19 where=floating id=0 x=1763 y=59 width=30 height=30 shown=1
KWL ARRANGE glide-end surface=19 slot=1
KWL TITLEBAR control client=2 surface=19 where=floating id=1 x=131 y=59 width=30 height=30 shown=1
KWL TITLEBAR control client=2 surface=19 where=floating id=2 x=165 y=59 width=30 height=30 shown=1
KWL TITLEBAR control client=2 surface=19 where=floating id=3 x=199 y=59 width=30 height=30 shown=1
KWL TITLEBAR control client=2 surface=19 where=floating id=4 x=239 y=59 width=153 height=30 shown=1
KWL TITLEBAR control client=2 surface=19 where=floating id=5 x=1504 y=59 width=220 height=30 shown=1
KWL TITLEBAR control client=2 surface=19 where=floating id=6 x=1728 y=59 width=30 height=30 shown=1
KWL TITLEBAR control client=2 surface=19 where=floating id=0 x=1768 y=59 width=30 height=30 shown=1
KWL ARRANGE glide-end surface=19 slot=0
KWL SYSTEM result client=2 object=42 request=329 applied=0
KWL PERF 5000ms: passes=490 timeouts=403 | poll 83.7% work 16.1%
KWL PERF compose frames=32 draw_ms=22.99 (acquire 0.03 submit+present 22.56) frame_ms=24.30
KWL TOUCH shell contact=0 x=1557 y=41
KWL ARRANGE menu open x=1273 y=50 width=536 height=260
KWL ARRANGE menu item=columns x=1408 y=84
KWL ARRANGE menu item=rows x=1674 y=84
KWL ARRANGE menu item=left-main x=1408 y=148
KWL ARRANGE menu item=right-main x=1674 y=148
KWL ARRANGE menu item=top-main x=1408 y=212
KWL ARRANGE menu item=bottom-main x=1674 y=212
KWL ARRANGE menu item=grid x=1541 y=276
KWL ARRANGE menu settled ms=185
KWL NETWORK state reachable=1 connected=0 kind=none interface= wifi=searching ssid=
KWL SYSTEM result client=2 object=42 request=330 applied=0
KWL TOUCH shell contact=0 x=1417 y=233
KWL ARRANGE menu lit item=top-main
KWL ARRANGE menu close via=choice
KWL IME app key=app:settings language=direct from=remembered
KWL IME deactivate
KWL IME app key=app:terminal language=direct from=remembered
KWL BOUNDS client=2 surface=19 width=1896 height=1160
KWL CONFIGURE client=2 surface=19 serial=599 width=1904 height=548 fullscreen=0
KWL BOUNDS client=5 surface=19 width=1896 height=1160
KWL CONFIGURE client=5 surface=19 serial=600 width=1904 height=548 fullscreen=0
KWL ARRANGE apply layout=top-main desktop=2 windows=2 slots=19@8,52,1904,600;19@8,660,1904,600
ZTERM CLIPBOARD selection text=0
ZTERM PRIMARY offer text=0
KEI-IME DEACTIVATE
KWL TEXT disable client=5 surface=19
KWL TEXT enable client=5 surface=19
KWL IME activate client=5
KEI-IME ACTIVATE
KWL GLASS resized surface=19 docked=0 width=1904 height=548 after_ms=26 acked_ms=26 committed_ms=26 sent_at_ms=378036 client=2
KWL ARRANGE glide-end surface=19 slot=0
KWL ARRANGE glide-end surface=19 slot=1
KWL TOUCH shell contact=0 x=1529 y=41
KWL NETWORK scan count=20
ZSETTINGS NETWORK scan count=20
KWL ARRANGE menu open x=1273 y=50 width=536 height=260
KWL ARRANGE menu item=columns x=1408 y=84
KWL ARRANGE menu item=rows x=1674 y=84
KWL ARRANGE menu item=left-main x=1408 y=148
KWL ARRANGE menu item=right-main x=1674 y=148
KWL ARRANGE menu item=top-main x=1408 y=212
KWL ARRANGE menu item=bottom-main x=1674 y=212
KWL ARRANGE menu item=grid x=1541 y=276
KWL ARRANGE menu settled ms=191
KWL SYSTEM result client=2 object=42 request=331 applied=0
KWL TOUCH shell contact=0 x=1549 y=298
KWL ARRANGE menu lit item=grid
KWL ARRANGE menu close via=choice
KWL IME app key=app:settings language=direct from=remembered
KWL IME deactivate
KWL IME app key=app:terminal language=direct from=remembered
KWL BOUNDS client=5 surface=19 width=1896 height=1160
KWL CONFIGURE client=5 surface=19 serial=611 width=948 height=1156 fullscreen=0
KWL BOUNDS client=2 surface=19 width=1896 height=1160
KWL CONFIGURE client=2 surface=19 serial=612 width=948 height=1156 fullscreen=0
KWL ARRANGE apply layout=grid desktop=2 windows=2 slots=19@8,52,948,1208;19@964,52,948,1208
ZTERM CLIPBOARD selection text=0
ZTERM PRIMARY offer text=0
KEI-IME DEACTIVATE
KWL TITLEBAR control client=2 surface=19 where=floating id=1 x=146 y=59 width=30 height=30 shown=1
KWL TITLEBAR control client=2 surface=19 where=floating id=2 x=180 y=59 width=30 height=30 shown=1
KWL TITLEBAR control client=2 surface=19 where=floating id=3 x=214 y=59 width=30 height=30 shown=1
KWL TITLEBAR control client=2 surface=19 where=floating id=4 x=254 y=59 width=153 height=30 shown=1
KWL TITLEBAR control client=2 surface=19 where=floating id=5 x=1504 y=59 width=220 height=30 shown=1
KWL TITLEBAR control client=2 surface=19 where=floating id=6 x=1728 y=59 width=30 height=30 shown=1
KWL TITLEBAR control client=2 surface=19 where=floating id=0 x=1768 y=59 width=30 height=30 shown=1
ZTERM RESIZE run=term columns=93 rows=51 window=948x1156
KWL TEXT disable client=5 surface=19
KWL TEXT enable client=5 surface=19
KWL IME activate client=5
KEI-IME ACTIVATE
KWL IMPORT client=5 buffer=141 width=948 height=1156 bytes=4386816
KWL IMPORT client=5 buffer=142 width=948 height=1156 bytes=4386816
KWL IMPORT client=5 buffer=143 width=948 height=1156 bytes=4386816
KWL GLASS resized surface=19 docked=0 width=948 height=1156 after_ms=37 acked_ms=37 committed_ms=37 sent_at_ms=379406 client=5
KWL TITLEBAR control client=2 surface=19 where=floating id=1 x=646 y=59 width=30 height=30 shown=1
KWL TITLEBAR control client=2 surface=19 where=floating id=2 x=680 y=59 width=30 height=30 shown=1
KWL TITLEBAR control client=2 surface=19 where=floating id=3 x=714 y=59 width=30 height=30 shown=1
KWL TITLEBAR control client=2 surface=19 where=floating id=4 x=754 y=59 width=153 height=30 shown=1
KWL TITLEBAR control client=2 surface=19 where=floating id=5 x=1504 y=59 width=220 height=30 shown=1
KWL TITLEBAR control client=2 surface=19 where=floating id=6 x=1728 y=59 width=30 height=30 shown=1
KWL TITLEBAR control client=2 surface=19 where=floating id=0 x=1768 y=59 width=30 height=30 shown=1
ZSETTINGS LAYOUT page=network controls=7
ZSETTINGS CONTROL index=1 x=850 y=361 width=52 height=32
ZSETTINGS CONTROL index=100 x=298 y=411 width=608 height=46
ZSETTINGS CONTROL index=101 x=298 y=461 width=608 height=46
ZSETTINGS CONTROL index=102 x=298 y=511 width=608 height=46
ZSETTINGS CONTROL index=103 x=298 y=561 width=608 height=46
ZSETTINGS CONTROL index=8 x=298 y=611 width=608 height=36
ZSETTINGS CONTROL index=7 x=818 y=757 width=80 height=32
ZSETTINGS GLASS panels count=2
KWL IMPORT client=2 buffer=375 width=948 height=1156 bytes=4386816
KWL IMPORT client=2 buffer=376 width=948 height=1156 bytes=4386816
KWL IMPORT client=2 buffer=377 width=948 height=1156 bytes=4386816
KWL GLASS client=2 surface=19 panels=2 card:0,0,248,1156,16 card:256,0,692,1156,16
KWL GLASS resized surface=19 docked=0 width=948 height=1156 after_ms=75 acked_ms=27 committed_ms=75 sent_at_ms=379406 client=2
KWL TITLEBAR control client=2 surface=19 where=floating id=1 x=955 y=59 width=30 height=30 shown=1
KWL TITLEBAR control client=2 surface=19 where=floating id=2 x=989 y=59 width=30 height=30 shown=1
KWL TITLEBAR control client=2 surface=19 where=floating id=3 x=1023 y=59 width=30 height=30 shown=1
KWL TITLEBAR control client=2 surface=19 where=floating id=4 x=1063 y=59 width=153 height=30 shown=1
KWL TITLEBAR control client=2 surface=19 where=floating id=5 x=1504 y=59 width=220 height=30 shown=1
KWL TITLEBAR control client=2 surface=19 where=floating id=6 x=1728 y=59 width=30 height=30 shown=1
KWL TITLEBAR control client=2 surface=19 where=floating id=0 x=1768 y=59 width=30 height=30 shown=1
KWL TITLEBAR control client=2 surface=19 where=floating id=1 x=1071 y=59 width=30 height=30 shown=1
KWL TITLEBAR control client=2 surface=19 where=floating id=2 x=1105 y=59 width=30 height=30 shown=1
KWL TITLEBAR control client=2 surface=19 where=floating id=3 x=1139 y=59 width=30 height=30 shown=1
KWL TITLEBAR control client=2 surface=19 where=floating id=4 x=1179 y=59 width=153 height=30 shown=1
KWL TITLEBAR control client=2 surface=19 where=floating id=5 x=1504 y=59 width=220 height=30 shown=1
KWL TITLEBAR control client=2 surface=19 where=floating id=6 x=1728 y=59 width=30 height=30 shown=1
KWL TITLEBAR control client=2 surface=19 where=floating id=0 x=1768 y=59 width=30 height=30 shown=1
KWL ARRANGE glide-end surface=19 slot=1
KWL TITLEBAR control client=2 surface=19 where=floating id=1 x=1087 y=59 width=30 height=30 shown=1
KWL TITLEBAR control client=2 surface=19 where=floating id=2 x=1121 y=59 width=30 height=30 shown=1
KWL TITLEBAR control client=2 surface=19 where=floating id=3 x=1155 y=59 width=30 height=30 shown=1
KWL TITLEBAR control client=2 surface=19 where=floating id=4 x=1195 y=59 width=153 height=30 shown=1
KWL TITLEBAR control client=2 surface=19 where=floating id=5 x=1504 y=59 width=220 height=30 shown=1
KWL TITLEBAR control client=2 surface=19 where=floating id=6 x=1728 y=59 width=30 height=30 shown=1
KWL TITLEBAR control client=2 surface=19 where=floating id=0 x=1768 y=59 width=30 height=30 shown=1
KWL ARRANGE glide-end surface=19 slot=0
KWL TOUCH shell contact=0 x=1538 y=31
KWL ARRANGE menu open x=1273 y=50 width=536 height=260
KWL ARRANGE menu item=columns x=1408 y=84
KWL ARRANGE menu item=rows x=1674 y=84
KWL ARRANGE menu item=left-main x=1408 y=148
KWL ARRANGE menu item=right-main x=1674 y=148
KWL ARRANGE menu item=top-main x=1408 y=212
KWL ARRANGE menu item=bottom-main x=1674 y=212
KWL ARRANGE menu item=grid x=1541 y=276
KWL ARRANGE menu settled ms=184
KWL SYSTEM result client=2 object=42 request=332 applied=0
KWL TOUCH shell contact=0 x=1417 y=165
KWL ARRANGE menu lit item=left-main
KWL ARRANGE menu close via=choice
KWL IME app key=app:settings language=direct from=remembered
KWL IME deactivate
KWL IME app key=app:terminal language=direct from=remembered
KWL BOUNDS client=5 surface=19 width=1896 height=1160
KWL CONFIGURE client=5 surface=19 serial=623 width=948 height=1156 fullscreen=0
KWL BOUNDS client=2 surface=19 width=1896 height=1160
KWL CONFIGURE client=2 surface=19 serial=624 width=948 height=1156 fullscreen=0
KWL ARRANGE apply layout=left-main desktop=2 windows=2 slots=19@8,52,948,1208;19@964,52,948,1208
KEI-IME DEACTIVATE
ZTERM CLIPBOARD selection text=0
ZTERM PRIMARY offer text=0
KWL TEXT disable client=5 surface=19
KWL TEXT enable client=5 surface=19
KWL IME activate client=5
KEI-IME ACTIVATE
KWL GLASS resized surface=19 docked=0 width=948 height=1156 after_ms=26 acked_ms=26 committed_ms=26 sent_at_ms=380774 client=2
KWL ARRANGE glide-end surface=19 slot=1
KWL ARRANGE glide-end surface=19 slot=0
KWL SYSTEM result client=2 object=42 request=333 applied=0
KWL TOUCH shell contact=0 x=1532 y=34
KWL NETWORK scan count=23
ZSETTINGS NETWORK scan count=23
KWL ARRANGE menu open x=1273 y=50 width=536 height=260
KWL ARRANGE menu item=columns x=1408 y=84
KWL ARRANGE menu item=rows x=1674 y=84
KWL ARRANGE menu item=left-main x=1408 y=148
KWL ARRANGE menu item=right-main x=1674 y=148
KWL ARRANGE menu item=top-main x=1408 y=212
KWL ARRANGE menu item=bottom-main x=1674 y=212
KWL ARRANGE menu item=grid x=1541 y=276
KWL ARRANGE menu settled ms=186
KWL PERF 5007ms: passes=470 timeouts=385 | poll 74.1% work 25.6%
KWL PERF compose frames=52 draw_ms=23.27 (acquire 0.04 submit+present 22.80) frame_ms=24.78
KWL ARRANGE menu close via=outside
KWL TOUCH shell contact=0 x=331 y=568
KWL SYSTEM result client=2 object=42 request=334 applied=0
KWL SYSTEM result client=2 object=42 request=335 applied=0
KWL IME app key=app:settings language=direct from=remembered
KWL IME deactivate
KWL TOUCH down client=2 surface=19 contact=0 x=986 y=1250
KEI-IME DEACTIVATE
KWL TEXT disable client=5 surface=0
ZSETTINGS TOUCH scroll start pane=list
ZSETTINGS TOUCH scroll end pane=list scroll=0
KWL TOUCH down client=2 surface=19 contact=0 x=1808 y=1131
ZSETTINGS TOUCH scroll start pane=page
ZSETTINGS TOUCH scroll end pane=page scroll=0
KWL SYSTEM result client=2 object=42 request=336 applied=0
KWL NETWORK scan count=23
ZSETTINGS NETWORK scan count=23
KWL TOUCH shell contact=0 x=981 y=1265
KWL HOME rise swipe
KWL SYSTEM result client=2 object=42 request=337 applied=0
KWL HOME open via=edge at_ms=385874
KWL IME activate field home
KEI-IME ACTIVATE
KWL HOME layer=cover after_ms=1
KWL HOME layer=content after_ms=2
KWL FIRST_FRAME what=home-open frame=4120 request_ms=385874 ms=19
KWL HOME opened apps=17 pages=2 page=1 at_ms=386123
KWL HOME icon name="Files" x=600 y=960
KWL HOME icon name="Notes" x=744 y=960
KWL HOME icon name="Settings" x=888 y=960
KWL HOME icon name="Terminal" x=1032 y=960
KWL HOME icon name="PDF Viewer" x=1176 y=960
KWL HOME icon name="Image Viewer" x=1320 y=960
KWL HOME icon name="Video Player" x=600 y=1112
KWL HOME icon name="Music" x=744 y=1112
KWL HOME icon name="Photos" x=888 y=1112
KWL HOME icon name="Phone" x=1032 y=1112
KWL HOME icon name="Calendar" x=1176 y=1112
KWL HOME icon name="Mail" x=1320 y=1112
KWL HOME icon name="Text Editor" x=2520 y=1112
KWL HOME icon name="System Monitor" x=2664 y=1112
KWL HOME icon name="Browser" x=2808 y=1112
KWL HOME icon name="Lock Screen" x=2952 y=1112
KWL HOME icon name="Power Off" x=3096 y=1112
KWL SYSTEM result client=2 object=42 request=338 applied=0
KWL PERF 5001ms: passes=467 timeouts=382 | poll 80.5% work 19.2%
KWL PERF compose frames=42 draw_ms=21.68 (acquire 0.26 submit+present 20.62) frame_ms=22.68
KWL NETWORK state reachable=1 connected=0 kind=none interface= wifi=searching ssid=
ZSETTINGS NETWORK scanning on=1 renew=1 errno=0
KWL NETWORK scan count=23
ZSETTINGS NETWORK scan count=23
KWL TOUCH shell contact=0 x=742 y=1115
KWL ACTIVATION token client=0 app=/bin/music granted=1 reason=spawn at_ms=388054
KWL HOME launch name=Music pid=136
KWL HOME close via=launch at_ms=388058
KWL IME deactivate
KEI-IME DEACTIVATE
KWL FIRST_FRAME what=home-close frame=4132 request_ms=388058 ms=23
MUSIC LIBRARY songs=0 error=0
KWL CLIENT client=6 fd=22
KWL AUDIO stream client=6 id=5 pid=136 create format=1 channels=2 rate=48000 buffer=24000 period=960
KWL SYSTEM result client=2 object=42 request=339 applied=0
KWL AUDIO stream client=6 id=5 ready capacity=24000 bytes=102400
MUSIC AUDIO error=0
MUSIC CODEC load error=1 major=0 reason=libavcodec is not installed
KWL CLIENT client=7 fd=31
KWL INSET create client=7 inset=23 toplevel=21
KWL EDIT create client=7 edit=25 toplevel=21
KWL BOUNDS client=7 surface=19 width=1896 height=1160
KWL CONFIGURE client=7 surface=19 serial=634 width=0 height=0 fullscreen=0
KWL SEAT client=7 pointer=1 keyboard=0 touch=0
KWL SEAT client=7 pointer=1 keyboard=1 touch=0
KWL SEAT client=7 pointer=1 keyboard=1 touch=1
KWL IMPORT client=7 buffer=33 width=1040 height=680 bytes=2830336
MUSIC GLASS see_through=1
MUSIC READY width=1040 height=680
KWL IMPORT client=7 buffer=34 width=1040 height=680 bytes=2830336
KWL IMPORT client=7 buffer=35 width=1040 height=680 bytes=2830336
KWL MENU set client=7 place=37 menu=38
KWL MENU commit client=7 menu=38 serial=1 items=6 generation=1
KWL IMPORT client=7 buffer=39 width=1040 height=680 bytes=2830336
KWL IMPORT client=7 buffer=40 width=1040 height=680 bytes=2830336
KWL IMPORT client=7 buffer=41 width=1040 height=680 bytes=2830336
KWL EDIT state client=7 edit=25 actions=0xff flags=0xd
KWL GLASS client=7 surface=19 panels=3 card:0,0,291,592,16 card:299,0,741,592,16 card:0,600,1040,80,16
KWL DECORATION applied client=7 surface=19 mode=2
KWL MAP client=7 surface=19 x=440 y=348
KWL ARRANGE end desktop=2 reason=new
KWL HOME launched waited_ms=132 at_ms=388190
KWL GLASS launch surface=19 from=708,1076 to=440,348 size=1040x680 client=7
KWL SURFACE enter surface=19 output=0 client=7
KWL IME app key=app:music language=direct from=inherited
KWL RENDER output=0 surfaces=19,19,19
KWL HOME closed at_ms=388307
KWL APPS bar count=3 hidden=0 desktop=2 apps=settings,terminal,music
KWL APPS icon app=settings x=58 y=0 width=34 height=44 windows=1
KWL APPS icon app=terminal x=92 y=0 width=34 height=44 windows=1
KWL APPS icon app=music x=126 y=0 width=34 height=44 windows=1
KWL MENU bar client=7 surface=19 where=floating item=1 offset=100 top=296 width=45 height=44
KWL MENU bar client=7 surface=19 where=floating item=3 offset=147 top=296 width=78 height=44
KWL SYSTEM result client=2 object=42 request=340 applied=0
KWL VOLUME popup open x=1573 y=50 width=260 height=116 slider=91 mute=125 sound=1
KWL TOUCH shell contact=0 x=1703 y=24
KWL SYSTEM result client=2 object=42 request=341 applied=0
KWL VOLUME popup close via=outside
KWL TOUCH shell contact=0 x=1553 y=37
KWL NETWORK scan count=23
ZSETTINGS NETWORK scan count=23
KWL TOUCH shell contact=0 x=1545 y=36
KWL ARRANGE menu open x=1273 y=50 width=536 height=260
KWL ARRANGE menu item=columns x=1408 y=84
KWL ARRANGE menu item=rows x=1674 y=84
KWL ARRANGE menu item=left-main x=1408 y=148
KWL ARRANGE menu item=right-main x=1674 y=148
KWL ARRANGE menu item=top-main x=1408 y=212
KWL ARRANGE menu item=bottom-main x=1674 y=212
KWL ARRANGE menu item=grid x=1541 y=276
KWL SYSTEM result client=2 object=42 request=342 applied=0
KWL ARRANGE menu settled ms=200
KWL PERF 5007ms: passes=528 timeouts=417 | poll 82.5% work 17.2%
KWL PERF compose frames=30 draw_ms=26.62 (acquire 0.05 submit+present 25.94) frame_ms=27.88
KWL TOUCH shell contact=0 x=1411 y=163
KWL ARRANGE menu lit item=left-main
KWL ARRANGE menu close via=choice
KWL IME app key=app:terminal language=direct from=remembered
KWL IME app key=app:settings language=direct from=remembered
KWL IME app key=app:music language=direct from=remembered
KWL BOUNDS client=5 surface=19 width=1896 height=1160
KWL CONFIGURE client=5 surface=19 serial=655 width=948 height=1156 fullscreen=0
KWL BOUNDS client=2 surface=19 width=1896 height=1160
KWL CONFIGURE client=2 surface=19 serial=656 width=948 height=548 fullscreen=0
KWL BOUNDS client=7 surface=19 width=1896 height=1160
KWL CONFIGURE client=7 surface=19 serial=657 width=948 height=548 fullscreen=0
KWL ARRANGE apply layout=left-main desktop=2 windows=3 slots=19@8,52,948,1208;19@964,52,948,600;19@964,660,948,600
ZTERM CLIPBOARD selection text=0
ZTERM PRIMARY offer text=0
ZSETTINGS GLASS panels count=2
KWL TEXT enable client=5 surface=0
KWL TEXT disable client=5 surface=0
KWL IMPORT client=2 buffer=401 width=948 height=548 bytes=2080768
KWL IMPORT client=2 buffer=402 width=948 height=548 bytes=2080768
KWL IMPORT client=2 buffer=403 width=948 height=548 bytes=2080768
KWL GLASS client=2 surface=19 panels=2 card:0,0,248,548,16 card:256,0,692,548,16
KWL GLASS resized surface=19 docked=0 width=948 height=548 after_ms=36 acked_ms=30 committed_ms=36 sent_at_ms=392335 client=2
KWL IMPORT client=7 buffer=47 width=948 height=548 bytes=2080768
KWL IMPORT client=7 buffer=48 width=948 height=548 bytes=2080768
KWL IMPORT client=7 buffer=49 width=948 height=548 bytes=2080768
KWL SYSTEM result client=2 object=42 request=343 applied=0
KWL GLASS client=7 surface=19 panels=3 card:0,0,265,460,16 card:273,0,675,460,16 card:0,468,948,80,16
KWL GLASS resized surface=19 docked=0 width=948 height=548 after_ms=74 acked_ms=30 committed_ms=73 sent_at_ms=392335 client=7
KWL ARRANGE glide-end surface=19 slot=0
KWL ARRANGE glide-end surface=19 slot=1
KWL ARRANGE glide-end surface=19 slot=2
KWL TOUCH title held window=7:19 contact=0 x=1474 y=680
KWL SYSTEM result client=2 object=42 request=344 applied=0
KWL ARRANGE swap-start surface=19 slot=2
KWL TOUCH title drag contact=0 x=1474 y=680
KWL NETWORK scan count=17
ZSETTINGS NETWORK scan count=17
KWL BOUNDS client=7 surface=19 width=1896 height=1160
KWL CONFIGURE client=7 surface=19 serial=658 width=948 height=1156 fullscreen=0
KWL BOUNDS client=5 surface=19 width=1896 height=1160
KWL CONFIGURE client=5 surface=19 serial=659 width=948 height=548 fullscreen=0
KWL ARRANGE swap a=19 b=19 slots=2,0
ZTERM RESIZE run=term columns=93 rows=24 window=948x548
KWL IMPORT client=7 buffer=51 width=948 height=1156 bytes=4386816
KWL IMPORT client=7 buffer=52 width=948 height=1156 bytes=4386816
KWL IMPORT client=5 buffer=145 width=948 height=548 bytes=2080768
KWL IMPORT client=7 buffer=53 width=948 height=1156 bytes=4386816
KWL IMPORT client=5 buffer=146 width=948 height=548 bytes=2080768
KWL GLASS client=7 surface=19 panels=3 card:0,0,265,1068,16 card:273,0,675,1068,16 card:0,1076,948,80,16
KWL IMPORT client=5 buffer=147 width=948 height=548 bytes=2080768
KWL GLASS resized surface=19 docked=0 width=948 height=1156 after_ms=64 acked_ms=58 committed_ms=58 sent_at_ms=394211 client=7
KWL GLASS resized surface=19 docked=0 width=948 height=548 after_ms=66 acked_ms=24 committed_ms=64 sent_at_ms=394211 client=5
KWL ARRANGE glide-end surface=19 slot=2
KWL ARRANGE glide-end surface=19 slot=0
KWL SYSTEM result client=2 object=42 request=345 applied=0
KWL TOUCH down client=7 surface=19 contact=0 x=613 y=393
KWL SYSTEM result client=2 object=42 request=346 applied=0
KWL SYSTEM result client=2 object=42 request=347 applied=0
KWL NETWORK scan count=17
ZSETTINGS NETWORK scan count=17
KWL TOUCH title held window=2:19 contact=0 x=1414 y=89
KWL IME app key=app:settings language=direct from=remembered
KWL ARRANGE swap-start surface=19 slot=1
KWL TOUCH title drag contact=0 x=1414 y=89
KWL PERF 5006ms: passes=482 timeouts=310 | poll 68.4% work 31.2%
KWL PERF compose frames=70 draw_ms=20.83 (acquire 0.32 submit+present 19.85) frame_ms=21.21
KWL BOUNDS client=2 surface=19 width=1896 height=1160
KWL CONFIGURE client=2 surface=19 serial=667 width=948 height=1156 fullscreen=0
KWL BOUNDS client=7 surface=19 width=1896 height=1160
KWL CONFIGURE client=7 surface=19 serial=668 width=948 height=548 fullscreen=0
KWL ARRANGE swap a=19 b=19 slots=1,0
KWL IMPORT client=7 buffer=75 width=948 height=548 bytes=2080768
KWL IMPORT client=2 buffer=413 width=948 height=1156 bytes=4386816
KWL IMPORT client=7 buffer=76 width=948 height=548 bytes=2080768
KWL IMPORT client=2 buffer=414 width=948 height=1156 bytes=4386816
KWL IMPORT client=7 buffer=77 width=948 height=548 bytes=2080768
KWL IMPORT client=2 buffer=415 width=948 height=1156 bytes=4386816
ZSETTINGS GLASS panels count=2
KWL GLASS client=7 surface=19 panels=3 card:0,0,265,460,16 card:273,0,675,460,16 card:0,468,948,80,16
KWL GLASS resized surface=19 docked=0 width=948 height=548 after_ms=69 acked_ms=24 committed_ms=69 sent_at_ms=397593 client=7
KWL NETWORK state reachable=1 connected=0 kind=none interface= wifi=searching ssid=
KWL GLASS client=2 surface=19 panels=2 card:0,0,248,1156,16 card:256,0,692,1156,16
KWL GLASS resized surface=19 docked=0 width=948 height=1156 after_ms=73 acked_ms=24 committed_ms=73 sent_at_ms=397593 client=2
KWL ARRANGE glide-end surface=19 slot=1
KWL ARRANGE glide-end surface=19 slot=0
KWL SYSTEM result client=2 object=42 request=348 applied=0
KWL SYSTEM result client=2 object=42 request=349 applied=0
KWL NETWORK scan count=17
ZSETTINGS NETWORK scan count=17
KWL SYSTEM result client=2 object=42 request=350 applied=0
KWL SYSTEM result client=2 object=42 request=351 applied=0
KWL PERF 5005ms: passes=470 timeouts=421 | poll 83.9% work 15.8%
KWL PERF compose frames=35 draw_ms=20.77 (acquire 0.32 submit+present 19.77) frame_ms=22.42
KWL SYSTEM result client=2 object=42 request=352 applied=0
KWL NETWORK scan count=19
ZSETTINGS NETWORK scan count=19
KWL SYSTEM result client=2 object=42 request=353 applied=0
KWL SYSTEM result client=2 object=42 request=354 applied=0
KWL SYSTEM result client=2 object=42 request=355 applied=0
KWL NETWORK scan count=19
ZSETTINGS NETWORK scan count=19
KWL SYSTEM result client=2 object=42 request=356 applied=0
KWL PERF 5004ms: passes=502 timeouts=477 | poll 94.7% work 4.9%
KWL PERF compose frames=9 draw_ms=22.75 (acquire 0.03 submit+present 22.18) frame_ms=25.20
KWL NETWORK state reachable=1 connected=0 kind=none interface= wifi=searching ssid=
KWL SYSTEM result client=2 object=42 request=357 applied=0
KWL SYSTEM result client=2 object=42 request=358 applied=0
KWL NETWORK scan count=19
ZSETTINGS NETWORK scan count=19
KWL SYSTEM result client=2 object=42 request=359 applied=0
KWL SYSTEM result client=2 object=42 request=360 applied=0
KWL NETWORK scan count=24
ZSETTINGS NETWORK scan count=24
KWL PERF 5007ms: passes=497 timeouts=479 | poll 94.5% work 5.2%
KWL PERF compose frames=9 draw_ms=23.68 (acquire 0.04 submit+present 23.01) frame_ms=25.82
KWL SYSTEM result client=2 object=42 request=361 applied=0
KWL SYSTEM result client=2 object=42 request=362 applied=0
KWL SYSTEM result client=2 object=42 request=363 applied=0
KWL NETWORK scan count=24
ZSETTINGS NETWORK scan count=24
KWL SYSTEM result client=2 object=42 request=364 applied=0
KWL SYSTEM result client=2 object=42 request=365 applied=0
KWL PERF 5003ms: passes=503 timeouts=481 | poll 95.7% work 3.9%
KWL PERF compose frames=7 draw_ms=21.77 (acquire 0.04 submit+present 21.11) frame_ms=24.29
KWL SYSTEM result client=2 object=42 request=366 applied=0
KWL NETWORK state reachable=1 connected=0 kind=none interface= wifi=searching ssid=
ZSETTINGS NETWORK scanning on=1 renew=1 errno=0
KWL NETWORK scan count=24
ZSETTINGS NETWORK scan count=24
KWL SYSTEM result client=2 object=42 request=367 applied=0
KWL SYSTEM result client=2 object=42 request=368 applied=0
KWL EVENT input changed
KWL INPUT_CLOSED device=/dev/input/event4 errno=5
KWL TABLET removed device=/dev/input/event4
KWL EVENT input changed
KWL INPUT_CLOSED device=/dev/input/event3 errno=5
KWL TOUCH removed device=/dev/input/event3
KWL OUTPUT display index=0 name=zedbsd-port-v1:pci:0000:00:02.0:dp:TC2 internal=0 shown=1 width=1920 height=1280
KWL OUTPUT display index=1 name=zedbsd-port-v1:pci:0000:00:02.0:edp:A internal=1 shown=0 width=1920 height=1080
KWL OUTPUT displays count=2
KWL SYSTEM result client=2 object=42 request=369 applied=0
KWL NETWORK scan count=24
KWL OUTPUT lost operation=acquire result=-1000000000
KWL OUTPUT display index=0 name=zedbsd-port-v1:pci:0000:00:02.0:edp:A internal=1 shown=0 width=1920 height=1080
KWL OUTPUT displays count=1
KWL OUTPUT display index=0 name=zedbsd-port-v1:pci:0000:00:02.0:edp:A internal=1 shown=0 width=1920 height=1080
KWL OUTPUT displays count=1
KWL OUTPUT closed
KWL STARTUP step=output-display ms=1
KWL STARTUP step=output-pipelines ms=0
KWL STARTUP step=output-swapchain ms=12
KWL STARTUP step=output-targets ms=0
KWL OUTPUT open width=1920 height=1080 images=3 format=37
KWL STARTUP step=wallpaper-picture ms=17
ZSETTINGS NETWORK scan count=24
KWL GLASS resize width=1920 height=1080 ms=301
KWL OUTPUT window surface=19 state=floating x=960 y=108 w=948 h=548
KWL OUTPUT window surface=19 state=floating x=960 y=520 w=948 h=548
KWL OUTPUT window surface=19 state=floating x=12 y=108 w=948 h=1156
KWL OUTPUT resized width=1920 height=1080 refresh_mhz=60011
KWL OUTPUT switch name=zedbsd-port-v1:pci:0000:00:02.0:edp:A width=1920 height=1080 refresh_mhz=60011
KWL BACKDROP ready width=240 height=135
KWL BOUNDS changed width=1896 height=960 was=1896x1160
ZFILES DESKTOP configure x=0 y=44 width=1920 height=1036
KWL BOUNDS client=7 surface=19 width=1896 height=960
KWL CONFIGURE client=7 surface=19 serial=670 width=948 height=548 fullscreen=0
KWL BOUNDS client=5 surface=19 width=1896 height=960
KWL CONFIGURE client=5 surface=19 serial=671 width=948 height=548 fullscreen=0
KWL BOUNDS client=2 surface=19 width=1896 height=960
KWL CONFIGURE client=2 surface=19 serial=672 width=948 height=1156 fullscreen=0
KWL DESKTOP ack serial=669
ZFILES DESKTOP grid width=1920 height=1036 columns=19 rows=9
ZFILES DESKTOP ready items=0 cells=0 width=1920 height=1036 at_ms=421212 newest_age_ms=-1 hidden=0
ZFILES SLOW-FRAME draw=2 present=567 copy=5 acquire=0 queue=1 wait=0
KWL IMPORT client=3 buffer=67 width=1920 height=1036 bytes=7958528
KWL IMPORT client=3 buffer=68 width=1920 height=1036 bytes=7958528
KWL IMPORT client=3 buffer=69 width=1920 height=1036 bytes=7958528
KWL SYSTEM result client=2 object=42 request=370 applied=0
KWL PERF 5000ms: passes=408 timeouts=381 | poll 76.0% work 23.7%
KWL PERF compose frames=10 draw_ms=79.85 (acquire 57.69 submit+present 21.44) frame_ms=81.74
KWL SYSTEM result client=2 object=42 request=371 applied=0
KWL NETWORK scan count=24
ZSETTINGS NETWORK scan count=24
KWL SYSTEM result client=2 object=42 request=372 applied=0
KWL SYSTEM result client=2 object=42 request=373 applied=0
KWL SYSTEM result client=2 object=42 request=374 applied=0
KWL NETWORK scan count=24
ZSETTINGS NETWORK scan count=24
KWL PERF 5004ms: passes=500 timeouts=480 | poll 95.3% work 4.4%
KWL PERF compose frames=8 draw_ms=22.41 (acquire 0.03 submit+present 21.91) frame_ms=24.66
KWL SYSTEM result client=2 object=42 request=375 applied=0
KWL NETWORK state reachable=1 connected=0 kind=none interface= wifi=searching ssid=
KWL SYSTEM result client=2 object=42 request=376 applied=0
KWL SYSTEM result client=2 object=42 request=377 applied=0
KWL NETWORK scan count=24
ZSETTINGS NETWORK scan count=24
KWL SYSTEM result client=2 object=42 request=378 applied=0
KWL SYSTEM result client=2 object=42 request=379 applied=0
KWL PERF 5002ms: passes=505 timeouts=483 | poll 95.4% work 4.3%
KWL PERF compose frames=8 draw_ms=22.50 (acquire 0.02 submit+present 22.08) frame_ms=24.59
KWL SYSTEM result client=2 object=42 request=380 applied=0
KWL NETWORK scan count=23
ZSETTINGS NETWORK scan count=23
KWL SYSTEM result client=2 object=42 request=381 applied=0
KWL SYSTEM result client=2 object=42 request=382 applied=0
KWL NETWORK scan count=23
ZSETTINGS NETWORK scan count=23
KWL SYSTEM result client=2 object=42 request=383 applied=0
KWL PERF 5007ms: passes=507 timeouts=487 | poll 95.7% work 4.1%
KWL PERF compose frames=8 draw_ms=21.31 (acquire 0.02 submit+present 20.94) frame_ms=23.41
KWL SYSTEM result client=2 object=42 request=384 applied=0
KWL NETWORK state reachable=1 connected=0 kind=none interface= wifi=searching ssid=
KWL SYSTEM result client=2 object=42 request=385 applied=0
KWL NETWORK scan count=23
ZSETTINGS NETWORK scan count=23
KWL SYSTEM result client=2 object=42 request=386 applied=0
KWL SYSTEM result client=2 object=42 request=387 applied=0
KWL SYSTEM result client=2 object=42 request=388 applied=0
KWL NETWORK scan count=21
ZSETTINGS NETWORK scan count=21
KWL PERF 5001ms: passes=504 timeouts=481 | poll 94.4% work 5.2%
KWL PERF compose frames=10 draw_ms=21.81 (acquire 0.03 submit+present 21.21) frame_ms=23.97
KWL SYSTEM result client=2 object=42 request=389 applied=0
KWL SYSTEM result client=2 object=42 request=390 applied=0
KWL NETWORK scan count=21
ZSETTINGS NETWORK scan count=21
KWL SYSTEM result client=2 object=42 request=391 applied=0
KWL SYSTEM result client=2 object=42 request=392 applied=0
KWL PERF 5008ms: passes=508 timeouts=490 | poll 96.3% work 3.4%
KWL PERF compose frames=6 draw_ms=21.37 (acquire 0.03 submit+present 20.80) frame_ms=23.53
KWL SYSTEM result client=2 object=42 request=393 applied=0
KWL NETWORK state reachable=1 connected=0 kind=none interface= wifi=searching ssid=
ZSETTINGS NETWORK scanning on=1 renew=1 errno=0
KWL NETWORK scan count=21
ZSETTINGS NETWORK scan count=21
KWL SYSTEM result client=2 object=42 request=394 applied=0
KWL SYSTEM result client=2 object=42 request=395 applied=0
KWL SYSTEM result client=2 object=42 request=396 applied=0
KWL NETWORK scan count=21
ZSETTINGS NETWORK scan count=21
KWL SYSTEM result client=2 object=42 request=397 applied=0
KWL PERF 5007ms: passes=506 timeouts=481 | poll 94.6% work 5.1%
KWL PERF compose frames=10 draw_ms=21.76 (acquire 0.03 submit+present 21.26) frame_ms=23.74
KWL SYSTEM result client=2 object=42 request=398 applied=0
KWL SYSTEM result client=2 object=42 request=399 applied=0
KWL NETWORK scan count=21
ZSETTINGS NETWORK scan count=21
KWL SYSTEM result client=2 object=42 request=400 applied=0
KWL SYSTEM result client=2 object=42 request=401 applied=0
KWL NETWORK scan count=21
ZSETTINGS NETWORK scan count=21
KWL PERF 5007ms: passes=502 timeouts=482 | poll 95.1% work 4.6%
KWL PERF compose frames=9 draw_ms=22.20 (acquire 0.02 submit+present 21.83) frame_ms=24.70
KWL SYSTEM result client=2 object=42 request=402 applied=0
KWL NETWORK state reachable=1 connected=0 kind=none interface= wifi=searching ssid=
KWL NETWORK state reachable=1 connected=0 kind=none interface= wifi=searching ssid=
KWL SYSTEM result client=2 object=42 request=403 applied=0
ZSETTINGS NETWORK wired-link name=ue0 mode=1 address= router=
ZSETTINGS LAYOUT page=network controls=8
ZSETTINGS CONTROL index=1 x=850 y=361 width=52 height=32
ZSETTINGS CONTROL index=100 x=298 y=411 width=608 height=46
ZSETTINGS CONTROL index=101 x=298 y=461 width=608 height=46
ZSETTINGS CONTROL index=102 x=298 y=511 width=608 height=46
ZSETTINGS CONTROL index=103 x=298 y=561 width=608 height=46
ZSETTINGS CONTROL index=8 x=298 y=611 width=608 height=36
ZSETTINGS CONTROL index=7 x=818 y=757 width=80 height=32
ZSETTINGS CONTROL index=7 x=818 y=815 width=80 height=32
KWL SYSTEM result client=2 object=42 request=404 applied=0
KWL NETWORK scan count=21
ZSETTINGS NETWORK scan count=21
KWL SYSTEM result client=2 object=42 request=405 applied=0
KWL SYSTEM result client=2 object=42 request=406 applied=0
KWL NETWORK state reachable=1 connected=0 kind=none interface= wifi=searching ssid=
KWL NETWORK state reachable=1 connected=1 kind=wired interface=ue0 wifi=searching ssid=
ZSETTINGS NETWORK state reachable=1 connected=1 kind=1 interface=ue0 wifi=2 ssid=
KWL PERF 5009ms: passes=497 timeouts=474 | poll 93.9% work 5.9%
KWL PERF compose frames=11 draw_ms=23.70 (acquire 0.02 submit+present 23.27) frame_ms=26.11
KWL NETWORK state reachable=1 connected=1 kind=wired interface=ue0 wifi=searching ssid=
KWL SYSTEM result client=2 object=42 request=407 applied=0
ZSETTINGS NETWORK wired-link name=ue0 mode=1 address=10.0.30.3 router=10.0.0.1
KWL NETWORK scan count=17
ZSETTINGS NETWORK scan count=17
KWL SYSTEM result client=2 object=42 request=408 applied=0
KWL SYSTEM result client=2 object=42 request=409 applied=0
KWL SYSTEM result client=2 object=42 request=410 applied=0
KWL NETWORK scan count=17
ZSETTINGS NETWORK scan count=17
KWL SYSTEM result client=2 object=42 request=411 applied=0
KWL PERF 5004ms: passes=505 timeouts=480 | poll 94.3% work 5.5%
KWL PERF compose frames=11 draw_ms=22.26 (acquire 0.02 submit+present 21.89) frame_ms=24.16
KWL NETWORK state reachable=1 connected=1 kind=wired interface=ue0 wifi=searching ssid=
KWL SYSTEM result client=2 object=42 request=412 applied=0
KWL NETWORK scan count=17
ZSETTINGS NETWORK scan count=17
KWL SYSTEM result client=2 object=42 request=413 applied=0
KWL CURSOR shown by=touchpad
KWL SYSTEM result client=2 object=42 request=414 applied=0
KWL PING pong client=2 serial=674
ZSETTINGS PAGE bluetooth
ZSETTINGS NETWORK scanning on=0 renew=0 errno=0
ZSETTINGS BLUETOOTH watch on=1 errno=0
ZSETTINGS BLUETOOTH scan on=1 errno=0
ZSETTINGS TITLEBAR state back=1 forward=0 parts=2 last=Bluetooth sidebar=1 query= focus=0
ZSETTINGS MENU state back=1 forward=0 sidebar=1 page=bluetooth
ZSETTINGS LAYOUT page=bluetooth controls=0
KWL NETWORK scan holders=0
KWL SYSTEM scanning client=2 id=42 on=0
KWL TITLEBAR commit client=2 titlebar=69 serial=23 mode=1 controls=6 tabs=0 generation=23
KWL TITLEBAR commit client=2 titlebar=69 serial=24 mode=1 controls=6 tabs=0 generation=24
KWL MENU commit client=2 menu=67 serial=17 items=41 generation=17
KWL MENU commit client=2 menu=67 serial=18 items=41 generation=18
KWL BT watch on=1
KWL BT scan on=1
KWL NETWORK state reachable=1 connected=1 kind=wired interface=ue0 wifi=searching ssid=
KWL TITLEBAR control client=2 surface=19 where=floating id=1 x=135 y=63 width=30 height=30 shown=1
KWL TITLEBAR control client=2 surface=19 where=floating id=2 x=169 y=63 width=30 height=30 shown=1
KWL TITLEBAR control client=2 surface=19 where=floating id=3 x=203 y=63 width=30 height=30 shown=1
KWL TITLEBAR control client=2 surface=19 where=floating id=4 x=243 y=63 width=164 height=30 shown=1
KWL TITLEBAR control client=2 surface=19 where=floating id=5 x=552 y=63 width=220 height=30 shown=1
KWL TITLEBAR control client=2 surface=19 where=floating id=6 x=776 y=63 width=30 height=30 shown=1
KWL TITLEBAR control client=2 surface=19 where=floating id=0 x=816 y=63 width=30 height=30 shown=1
KWL SYSTEM result client=2 object=42 request=415 applied=0
KWL PING pong client=2 serial=677
KWL PERF 5005ms: passes=476 timeouts=344 | poll 72.5% work 27.3%
KWL PERF compose frames=80 draw_ms=16.50 (acquire 4.26 submit+present 11.89) frame_ms=16.86
KWL SYSTEM result client=2 object=42 request=416 applied=0
KWL SYSTEM result client=2 object=42 request=417 applied=0
KWL SYSTEM result client=2 object=42 request=418 applied=0
KWL SYSTEM result client=2 object=42 request=419 applied=0
KWL SYSTEM result client=2 object=42 request=420 applied=0
KWL PERF 5000ms: passes=509 timeouts=499 | poll 99.0% work 0.7%
KWL SYSTEM result client=2 object=42 request=421 applied=0
KWL SYSTEM result client=2 object=42 request=422 applied=0
KWL SYSTEM result client=2 object=42 request=423 applied=0
KWL SYSTEM result client=2 object=42 request=424 applied=0
KWL SYSTEM result client=2 object=42 request=425 applied=0
KWL PERF 5004ms: passes=510 timeouts=500 | poll 99.0% work 0.7%
KWL SYSTEM result client=2 object=42 request=426 applied=0
KWL SYSTEM result client=2 object=42 request=427 applied=0
KWL SYSTEM result client=2 object=42 request=428 applied=0
KWL SYSTEM result client=2 object=42 request=429 applied=0
KWL SYSTEM result client=2 object=42 request=430 applied=0
KWL PERF 5003ms: passes=507 timeouts=497 | poll 99.1% work 0.6%
KWL SYSTEM result client=2 object=42 request=431 applied=0
KWL SYSTEM result client=2 object=42 request=432 applied=0
KWL SYSTEM result client=2 object=42 request=433 applied=0
KWL SYSTEM result client=2 object=42 request=434 applied=0
KWL SYSTEM result client=2 object=42 request=435 applied=0
KWL PERF 5000ms: passes=507 timeouts=497 | poll 99.2% work 0.5%
KWL SYSTEM result client=2 object=42 request=436 applied=0
KWL SYSTEM result client=2 object=42 request=437 applied=0
KWL SYSTEM result client=2 object=42 request=438 applied=0
KWL SYSTEM result client=2 object=42 request=439 applied=0
KWL SYSTEM result client=2 object=42 request=440 applied=0
KWL PERF 5000ms: passes=510 timeouts=500 | poll 99.3% work 0.5%
KWL SYSTEM result client=2 object=42 request=441 applied=0
KWL SYSTEM result client=2 object=42 request=442 applied=0
KWL SYSTEM result client=2 object=42 request=443 applied=0
ZSETTINGS BLUETOOTH scan on=1 errno=0
KWL SYSTEM result client=2 object=42 request=444 applied=0
KWL PERF 5001ms: passes=505 timeouts=496 | poll 99.1% work 0.7%
KWL SYSTEM result client=2 object=42 request=445 applied=0
KWL SYSTEM result client=2 object=42 request=446 applied=0
KWL SYSTEM result client=2 object=42 request=447 applied=0
KWL SYSTEM result client=2 object=42 request=448 applied=0
KWL SYSTEM result client=2 object=42 request=449 applied=0
KWL PERF 5001ms: passes=510 timeouts=500 | poll 99.2% work 0.5%
KWL SYSTEM result client=2 object=42 request=450 applied=0
KWL SYSTEM result client=2 object=42 request=451 applied=0
KWL SYSTEM result client=2 object=42 request=452 applied=0
KWL SYSTEM result client=2 object=42 request=453 applied=0
KWL SYSTEM result client=2 object=42 request=454 applied=0
KWL PERF 5005ms: passes=500 timeouts=490 | poll 99.0% work 0.7%
KWL SYSTEM result client=2 object=42 request=455 applied=0
KWL SYSTEM result client=2 object=42 request=456 applied=0
KWL SYSTEM result client=2 object=42 request=457 applied=0
KWL SYSTEM result client=2 object=42 request=458 applied=0
KWL SYSTEM result client=2 object=42 request=459 applied=0
KWL PERF 5008ms: passes=501 timeouts=491 | poll 98.4% work 1.3%
KWL PERF compose frames=1 draw_ms=27.15 (acquire 0.02 submit+present 26.76) frame_ms=29.02
KWL SYSTEM result client=2 object=42 request=460 applied=0
KWL SYSTEM result client=2 object=42 request=461 applied=0
KWL SYSTEM result client=2 object=42 request=462 applied=0
KWL SYSTEM result client=2 object=42 request=463 applied=0
KWL SYSTEM result client=2 object=42 request=464 applied=0
KWL PERF 5000ms: passes=508 timeouts=498 | poll 99.1% work 0.6%
KWL SYSTEM result client=2 object=42 request=465 applied=0
KWL SYSTEM result client=2 object=42 request=466 applied=0
KWL SYSTEM result client=2 object=42 request=467 applied=0
KWL SYSTEM result client=2 object=42 request=468 applied=0
KWL SYSTEM result client=2 object=42 request=469 applied=0
KWL PERF 5001ms: passes=509 timeouts=499 | poll 98.9% work 0.8%
KWL SYSTEM result client=2 object=42 request=470 applied=0
KWL SYSTEM result client=2 object=42 request=471 applied=0
KWL SYSTEM result client=2 object=42 request=472 applied=0
ZSETTINGS BLUETOOTH scan on=1 errno=0
KWL SYSTEM result client=2 object=42 request=473 applied=0
KWL PERF 5008ms: passes=496 timeouts=487 | poll 98.9% work 0.8%
KWL SYSTEM result client=2 object=42 request=474 applied=0
KWL SYSTEM result client=2 object=42 request=475 applied=0
KWL SYSTEM result client=2 object=42 request=476 applied=0
KWL SYSTEM result client=2 object=42 request=477 applied=0
KWL SYSTEM result client=2 object=42 request=478 applied=0
KWL PERF 5002ms: passes=497 timeouts=487 | poll 98.9% work 0.8%
KWL SYSTEM result client=2 object=42 request=479 applied=0
KWL SYSTEM result client=2 object=42 request=480 applied=0
KWL SYSTEM result client=2 object=42 request=481 applied=0
KWL SYSTEM result client=2 object=42 request=482 applied=0
KWL SYSTEM result client=2 object=42 request=483 applied=0
KWL PERF 5003ms: passes=499 timeouts=489 | poll 99.0% work 0.7%
KWL SYSTEM result client=2 object=42 request=484 applied=0
KWL SYSTEM result client=2 object=42 request=485 applied=0
KWL SYSTEM result client=2 object=42 request=486 applied=0
KWL SYSTEM result client=2 object=42 request=487 applied=0
KWL SYSTEM result client=2 object=42 request=488 applied=0
KWL PERF 5001ms: passes=506 timeouts=496 | poll 98.8% work 0.8%
KWL SYSTEM result client=2 object=42 request=489 applied=0
KWL SYSTEM result client=2 object=42 request=490 applied=0
KWL SYSTEM result client=2 object=42 request=491 applied=0
KWL SYSTEM result client=2 object=42 request=492 applied=0
KWL SYSTEM result client=2 object=42 request=493 applied=0
KWL PERF 5000ms: passes=505 timeouts=495 | poll 99.0% work 0.7%
KWL SYSTEM result client=2 object=42 request=494 applied=0
KWL SYSTEM result client=2 object=42 request=495 applied=0
KWL SYSTEM result client=2 object=42 request=496 applied=0
KWL SYSTEM result client=2 object=42 request=497 applied=0
KWL SYSTEM result client=2 object=42 request=498 applied=0
KWL PERF 5000ms: passes=505 timeouts=495 | poll 99.2% work 0.6%
KWL SYSTEM result client=2 object=42 request=499 applied=0
KWL SYSTEM result client=2 object=42 request=500 applied=0
KWL SYSTEM result client=2 object=42 request=501 applied=0
ZSETTINGS BLUETOOTH scan on=1 errno=0
KWL SYSTEM result client=2 object=42 request=502 applied=0
KWL PERF 5002ms: passes=505 timeouts=496 | poll 99.2% work 0.6%
KWL SYSTEM result client=2 object=42 request=503 applied=0
KWL SYSTEM result client=2 object=42 request=504 applied=0
KWL SYSTEM result client=2 object=42 request=505 applied=0
KWL SYSTEM result client=2 object=42 request=506 applied=0
KWL SYSTEM result client=2 object=42 request=507 applied=0
KWL PERF 5000ms: passes=505 timeouts=495 | poll 99.2% work 0.6%
KWL SYSTEM result client=2 object=42 request=508 applied=0
KWL SYSTEM result client=2 object=42 request=509 applied=0
KWL SYSTEM result client=2 object=42 request=510 applied=0
KWL SYSTEM result client=2 object=42 request=511 applied=0
KWL SYSTEM result client=2 object=42 request=512 applied=0
KWL PERF 5001ms: passes=508 timeouts=498 | poll 99.3% work 0.5%
KWL SYSTEM result client=2 object=42 request=513 applied=0
KWL SYSTEM result client=2 object=42 request=514 applied=0
KWL SYSTEM result client=2 object=42 request=515 applied=0
KWL SYSTEM result client=2 object=42 request=516 applied=0
KWL SYSTEM result client=2 object=42 request=517 applied=0
KWL PERF 5002ms: passes=508 timeouts=498 | poll 98.8% work 1.0%
KWL PERF compose frames=1 draw_ms=26.42 (acquire 0.02 submit+present 26.03) frame_ms=28.05
KWL SYSTEM result client=2 object=42 request=518 applied=0
KWL SYSTEM result client=2 object=42 request=519 applied=0
KWL SYSTEM result client=2 object=42 request=520 applied=0
KWL SYSTEM result client=2 object=42 request=521 applied=0
KWL SYSTEM result client=2 object=42 request=522 applied=0
KWL PERF 5000ms: passes=510 timeouts=500 | poll 98.9% work 0.8%
KWL SYSTEM result client=2 object=42 request=523 applied=0
KWL SYSTEM result client=2 object=42 request=524 applied=0
KWL SYSTEM result client=2 object=42 request=525 applied=0
KWL SYSTEM result client=2 object=42 request=526 applied=0
KWL SYSTEM result client=2 object=42 request=527 applied=0
KWL PERF 5000ms: passes=510 timeouts=500 | poll 99.0% work 0.8%
KWL SYSTEM result client=2 object=42 request=528 applied=0
KWL SYSTEM result client=2 object=42 request=529 applied=0
KWL SYSTEM result client=2 object=42 request=530 applied=0
ZSETTINGS BLUETOOTH scan on=1 errno=0
KWL SYSTEM result client=2 object=42 request=531 applied=0
KWL PERF 5001ms: passes=500 timeouts=491 | poll 99.0% work 0.7%
KWL SYSTEM result client=2 object=42 request=532 applied=0
KWL SYSTEM result client=2 object=42 request=533 applied=0
KWL SYSTEM result client=2 object=42 request=534 applied=0
KWL SYSTEM result client=2 object=42 request=535 applied=0
KWL SYSTEM result client=2 object=42 request=536 applied=0
KWL PERF 5000ms: passes=498 timeouts=488 | poll 99.1% work 0.7%
KWL SYSTEM result client=2 object=42 request=537 applied=0
KWL SYSTEM result client=2 object=42 request=538 applied=0
KWL SYSTEM result client=2 object=42 request=539 applied=0
KWL SYSTEM result client=2 object=42 request=540 applied=0
KWL SYSTEM result client=2 object=42 request=541 applied=0
KWL PERF 5002ms: passes=507 timeouts=497 | poll 99.2% work 0.6%
KWL SYSTEM result client=2 object=42 request=542 applied=0
KWL SYSTEM result client=2 object=42 request=543 applied=0
KWL SYSTEM result client=2 object=42 request=544 applied=0
KWL SYSTEM result client=2 object=42 request=545 applied=0
KWL SYSTEM result client=2 object=42 request=546 applied=0
KWL PERF 5000ms: passes=506 timeouts=496 | poll 99.2% work 0.6%
KWL SYSTEM result client=2 object=42 request=547 applied=0
KWL SYSTEM result client=2 object=42 request=548 applied=0
KWL SYSTEM result client=2 object=42 request=549 applied=0
KWL SYSTEM result client=2 object=42 request=550 applied=0
KWL SYSTEM result client=2 object=42 request=551 applied=0
KWL PERF 5002ms: passes=505 timeouts=495 | poll 99.1% work 0.7%
KWL SYSTEM result client=2 object=42 request=552 applied=0
KWL SYSTEM result client=2 object=42 request=553 applied=0
KWL SYSTEM result client=2 object=42 request=554 applied=0
KWL SYSTEM result client=2 object=42 request=555 applied=0
KWL SYSTEM result client=2 object=42 request=556 applied=0
KWL PERF 5001ms: passes=505 timeouts=495 | poll 98.7% work 0.9%
KWL SYSTEM result client=2 object=42 request=557 applied=0
KWL SYSTEM result client=2 object=42 request=558 applied=0
KWL SYSTEM result client=2 object=42 request=559 applied=0
ZSETTINGS BLUETOOTH scan on=1 errno=0
KWL SYSTEM result client=2 object=42 request=560 applied=0
KWL PERF 5002ms: passes=506 timeouts=497 | poll 98.8% work 0.9%
KWL SYSTEM result client=2 object=42 request=561 applied=0
KWL SYSTEM result client=2 object=42 request=562 applied=0
KWL SYSTEM result client=2 object=42 request=563 applied=0
KWL SYSTEM result client=2 object=42 request=564 applied=0
KWL SYSTEM result client=2 object=42 request=565 applied=0
KWL PERF 5000ms: passes=509 timeouts=499 | poll 99.1% work 0.7%
KWL SYSTEM result client=2 object=42 request=566 applied=0
KWL SYSTEM result client=2 object=42 request=567 applied=0
KWL SYSTEM result client=2 object=42 request=568 applied=0
KWL SYSTEM result client=2 object=42 request=569 applied=0
KWL SYSTEM result client=2 object=42 request=570 applied=0
KWL PERF 5001ms: passes=508 timeouts=498 | poll 98.8% work 0.9%
KWL SYSTEM result client=2 object=42 request=571 applied=0
KWL SYSTEM result client=2 object=42 request=572 applied=0
KWL SYSTEM result client=2 object=42 request=573 applied=0
KWL SYSTEM result client=2 object=42 request=574 applied=0
KWL SYSTEM result client=2 object=42 request=575 applied=0
KWL PERF 5001ms: passes=505 timeouts=495 | poll 98.3% work 1.4%
KWL PERF compose frames=1 draw_ms=26.67 (acquire 0.03 submit+present 26.06) frame_ms=29.08
KWL SYSTEM result client=2 object=42 request=576 applied=0
KWL SYSTEM result client=2 object=42 request=577 applied=0
KWL SYSTEM result client=2 object=42 request=578 applied=0
KWL SYSTEM result client=2 object=42 request=579 applied=0
KWL SYSTEM result client=2 object=42 request=580 applied=0
KWL PERF 5002ms: passes=501 timeouts=491 | poll 98.8% work 0.8%
KWL SYSTEM result client=2 object=42 request=581 applied=0
KWL SYSTEM result client=2 object=42 request=582 applied=0
KWL SYSTEM result client=2 object=42 request=583 applied=0
KWL SYSTEM result client=2 object=42 request=584 applied=0
KWL SYSTEM result client=2 object=42 request=585 applied=0
KWL PERF 5000ms: passes=505 timeouts=495 | poll 98.9% work 0.8%
KWL SYSTEM result client=2 object=42 request=586 applied=0
KWL SYSTEM result client=2 object=42 request=587 applied=0
KWL SYSTEM result client=2 object=42 request=588 applied=0
ZSETTINGS BLUETOOTH scan on=1 errno=0
KWL SYSTEM result client=2 object=42 request=589 applied=0
KWL PERF 5006ms: passes=505 timeouts=496 | poll 98.9% work 0.8%
KWL SYSTEM result client=2 object=42 request=590 applied=0
KWL SYSTEM result client=2 object=42 request=591 applied=0
KWL SYSTEM result client=2 object=42 request=592 applied=0
KWL SYSTEM result client=2 object=42 request=593 applied=0
KWL SYSTEM result client=2 object=42 request=594 applied=0
KWL PERF 5000ms: passes=506 timeouts=496 | poll 98.8% work 0.8%
KWL SYSTEM result client=2 object=42 request=595 applied=0
KWL SYSTEM result client=2 object=42 request=596 applied=0
KWL SYSTEM result client=2 object=42 request=597 applied=0
KWL SYSTEM result client=2 object=42 request=598 applied=0
KWL SYSTEM result client=2 object=42 request=599 applied=0
KWL PERF 5003ms: passes=509 timeouts=499 | poll 98.9% work 0.8%
KWL SYSTEM result client=2 object=42 request=600 applied=0
KWL SYSTEM result client=2 object=42 request=601 applied=0
KWL SYSTEM result client=2 object=42 request=602 applied=0
KWL SYSTEM result client=2 object=42 request=603 applied=0
KWL SYSTEM result client=2 object=42 request=604 applied=0
KWL PERF 5003ms: passes=505 timeouts=495 | poll 98.9% work 0.8%
KWL SYSTEM result client=2 object=42 request=605 applied=0
KWL SYSTEM result client=2 object=42 request=606 applied=0
KWL SYSTEM result client=2 object=42 request=607 applied=0
KWL SYSTEM result client=2 object=42 request=608 applied=0
KWL SYSTEM result client=2 object=42 request=609 applied=0
KWL PERF 5002ms: passes=506 timeouts=496 | poll 99.0% work 0.7%
KWL SYSTEM result client=2 object=42 request=610 applied=0
KWL SYSTEM result client=2 object=42 request=611 applied=0
KWL SYSTEM result client=2 object=42 request=612 applied=0
KWL SYSTEM result client=2 object=42 request=613 applied=0
KWL SYSTEM result client=2 object=42 request=614 applied=0
KWL PERF 5007ms: passes=496 timeouts=486 | poll 98.9% work 0.7%
KWL SYSTEM result client=2 object=42 request=615 applied=0
KWL SYSTEM result client=2 object=42 request=616 applied=0
KWL SYSTEM result client=2 object=42 request=617 applied=0
ZSETTINGS BLUETOOTH scan on=1 errno=0
KWL SYSTEM result client=2 object=42 request=618 applied=0
KWL PERF 5006ms: passes=504 timeouts=495 | poll 98.9% work 0.7%
KWL SYSTEM result client=2 object=42 request=619 applied=0
KWL SYSTEM result client=2 object=42 request=620 applied=0
KWL SYSTEM result client=2 object=42 request=621 applied=0
KWL SYSTEM result client=2 object=42 request=622 applied=0
KWL SYSTEM result client=2 object=42 request=623 applied=0
KWL PERF 5005ms: passes=510 timeouts=500 | poll 98.9% work 0.8%
KWL SYSTEM result client=2 object=42 request=624 applied=0
KWL SYSTEM result client=2 object=42 request=625 applied=0
KWL SYSTEM result client=2 object=42 request=626 applied=0
KWL SYSTEM result client=2 object=42 request=627 applied=0
KWL SYSTEM result client=2 object=42 request=628 applied=0
KWL PERF 5004ms: passes=510 timeouts=500 | poll 98.8% work 0.8%
KWL SYSTEM result client=2 object=42 request=629 applied=0
KWL SYSTEM result client=2 object=42 request=630 applied=0
KWL SYSTEM result client=2 object=42 request=631 applied=0
KWL SYSTEM result client=2 object=42 request=632 applied=0
KWL SYSTEM result client=2 object=42 request=633 applied=0
KWL PERF 5005ms: passes=508 timeouts=498 | poll 98.3% work 1.3%
KWL PERF compose frames=1 draw_ms=27.22 (acquire 0.03 submit+present 26.61) frame_ms=29.07
KWL SYSTEM result client=2 object=42 request=634 applied=0
KWL SYSTEM result client=2 object=42 request=635 applied=0
KWL SYSTEM result client=2 object=42 request=636 applied=0
KWL SYSTEM result client=2 object=42 request=637 applied=0
KWL SYSTEM result client=2 object=42 request=638 applied=0
KWL PERF 5001ms: passes=510 timeouts=500 | poll 98.8% work 0.8%
KWL SYSTEM result client=2 object=42 request=639 applied=0
KWL SYSTEM result client=2 object=42 request=640 applied=0
KWL SYSTEM result client=2 object=42 request=641 applied=0
KWL SYSTEM result client=2 object=42 request=642 applied=0
KWL SYSTEM result client=2 object=42 request=643 applied=0
KWL PERF 5000ms: passes=510 timeouts=500 | poll 98.8% work 0.8%
KWL SYSTEM result client=2 object=42 request=644 applied=0
KWL SYSTEM result client=2 object=42 request=645 applied=0
KWL SYSTEM result client=2 object=42 request=646 applied=0
ZSETTINGS BLUETOOTH scan on=1 errno=0
KWL SYSTEM result client=2 object=42 request=647 applied=0
KWL PERF 5004ms: passes=508 timeouts=499 | poll 98.8% work 0.8%
KWL SYSTEM result client=2 object=42 request=648 applied=0
KWL SYSTEM result client=2 object=42 request=649 applied=0
KWL SYSTEM result client=2 object=42 request=650 applied=0
KWL SYSTEM result client=2 object=42 request=651 applied=0
KWL SYSTEM result client=2 object=42 request=652 applied=0
KWL PERF 5000ms: passes=505 timeouts=495 | poll 98.8% work 0.8%
KWL SYSTEM result client=2 object=42 request=653 applied=0
KWL SYSTEM result client=2 object=42 request=654 applied=0
KWL SYSTEM result client=2 object=42 request=655 applied=0
KWL SYSTEM result client=2 object=42 request=656 applied=0
KWL SYSTEM result client=2 object=42 request=657 applied=0
KWL PERF 5002ms: passes=507 timeouts=497 | poll 98.8% work 0.8%
KWL SYSTEM result client=2 object=42 request=658 applied=0
KWL SYSTEM result client=2 object=42 request=659 applied=0
KWL SYSTEM result client=2 object=42 request=660 applied=0
KWL SYSTEM result client=2 object=42 request=661 applied=0
KWL SYSTEM result client=2 object=42 request=662 applied=0
KWL PERF 5005ms: passes=510 timeouts=500 | poll 98.8% work 0.8%
KWL SYSTEM result client=2 object=42 request=663 applied=0
KWL SYSTEM result client=2 object=42 request=664 applied=0
KWL SYSTEM result client=2 object=42 request=665 applied=0
KWL SYSTEM result client=2 object=42 request=666 applied=0
KWL SYSTEM result client=2 object=42 request=667 applied=0
KWL PERF 5000ms: passes=505 timeouts=495 | poll 98.9% work 0.8%
KWL SYSTEM result client=2 object=42 request=668 applied=0
KWL SYSTEM result client=2 object=42 request=669 applied=0
KWL SYSTEM result client=2 object=42 request=670 applied=0
KWL SYSTEM result client=2 object=42 request=671 applied=0
KWL SYSTEM result client=2 object=42 request=672 applied=0
KWL PERF 5002ms: passes=504 timeouts=494 | poll 99.0% work 0.7%
KWL SYSTEM result client=2 object=42 request=673 applied=0
KWL SYSTEM result client=2 object=42 request=674 applied=0
KWL SYSTEM result client=2 object=42 request=675 applied=0
ZSETTINGS BLUETOOTH scan on=1 errno=0
KWL SYSTEM result client=2 object=42 request=676 applied=0
KWL PERF 5010ms: passes=485 timeouts=476 | poll 98.9% work 0.8%
KWL SYSTEM result client=2 object=42 request=677 applied=0
KWL SYSTEM result client=2 object=42 request=678 applied=0
KWL SYSTEM result client=2 object=42 request=679 applied=0
KWL SYSTEM result client=2 object=42 request=680 applied=0
KWL SYSTEM result client=2 object=42 request=681 applied=0
KWL PERF 5005ms: passes=486 timeouts=476 | poll 98.9% work 0.8%
KWL SYSTEM result client=2 object=42 request=682 applied=0
KWL SYSTEM result client=2 object=42 request=683 applied=0
KWL SYSTEM result client=2 object=42 request=684 applied=0
KWL SYSTEM result client=2 object=42 request=685 applied=0
KWL SYSTEM result client=2 object=42 request=686 applied=0
KWL PERF 5007ms: passes=487 timeouts=477 | poll 98.9% work 0.8%
KWL SYSTEM result client=2 object=42 request=687 applied=0
KWL SYSTEM result client=2 object=42 request=688 applied=0
KWL SYSTEM result client=2 object=42 request=689 applied=0
KWL SYSTEM result client=2 object=42 request=690 applied=0
KWL SYSTEM result client=2 object=42 request=691 applied=0
KWL PERF 5009ms: passes=483 timeouts=473 | poll 98.4% work 1.3%
KWL PERF compose frames=1 draw_ms=26.67 (acquire 0.03 submit+present 26.07) frame_ms=29.05
KWL SYSTEM result client=2 object=42 request=692 applied=0
KWL SYSTEM result client=2 object=42 request=693 applied=0
KWL SYSTEM result client=2 object=42 request=694 applied=0
KWL SYSTEM result client=2 object=42 request=695 applied=0
KWL SYSTEM result client=2 object=42 request=696 applied=0
KWL PERF 5005ms: passes=485 timeouts=475 | poll 98.9% work 0.8%
KWL SYSTEM result client=2 object=42 request=697 applied=0
KWL SYSTEM result client=2 object=42 request=698 applied=0
KWL SYSTEM result client=2 object=42 request=699 applied=0
KWL SYSTEM result client=2 object=42 request=700 applied=0
KWL SYSTEM result client=2 object=42 request=701 applied=0
KWL PERF 5003ms: passes=483 timeouts=473 | poll 98.9% work 0.8%
KWL SYSTEM result client=2 object=42 request=702 applied=0
KWL SYSTEM result client=2 object=42 request=703 applied=0
KWL SYSTEM result client=2 object=42 request=704 applied=0
ZSETTINGS BLUETOOTH scan on=1 errno=0
KWL SYSTEM result client=2 object=42 request=705 applied=0
KWL PERF 5000ms: passes=484 timeouts=475 | poll 98.9% work 0.8%
KWL SYSTEM result client=2 object=42 request=706 applied=0
KWL SYSTEM result client=2 object=42 request=707 applied=0
KWL SYSTEM result client=2 object=42 request=708 applied=0
KWL SYSTEM result client=2 object=42 request=709 applied=0
KWL SYSTEM result client=2 object=42 request=710 applied=0
KWL PERF 5009ms: passes=489 timeouts=479 | poll 98.9% work 0.8%
KWL SYSTEM result client=2 object=42 request=711 applied=0
KWL SYSTEM result client=2 object=42 request=712 applied=0
KWL SYSTEM result client=2 object=42 request=713 applied=0
KWL SYSTEM result client=2 object=42 request=714 applied=0
KWL SYSTEM result client=2 object=42 request=715 applied=0
KWL PERF 5001ms: passes=492 timeouts=482 | poll 99.0% work 0.7%
KWL SYSTEM result client=2 object=42 request=716 applied=0
KWL SYSTEM result client=2 object=42 request=717 applied=0
KWL SYSTEM result client=2 object=42 request=718 applied=0
KWL SYSTEM result client=2 object=42 request=719 applied=0
KWL SYSTEM result client=2 object=42 request=720 applied=0
KWL PERF 5000ms: passes=510 timeouts=500 | poll 98.9% work 0.8%
KWL SYSTEM result client=2 object=42 request=721 applied=0
KWL SYSTEM result client=2 object=42 request=722 applied=0
KWL SYSTEM result client=2 object=42 request=723 applied=0
KWL SYSTEM result client=2 object=42 request=724 applied=0
KWL SYSTEM result client=2 object=42 request=725 applied=0
KWL PERF 5000ms: passes=510 timeouts=500 | poll 98.8% work 0.8%
KWL SYSTEM result client=2 object=42 request=726 applied=0
KWL SYSTEM result client=2 object=42 request=727 applied=0
KWL SYSTEM result client=2 object=42 request=728 applied=0
KWL SYSTEM result client=2 object=42 request=729 applied=0
KWL SYSTEM result client=2 object=42 request=730 applied=0
KWL PERF 5002ms: passes=499 timeouts=489 | poll 98.9% work 0.8%
KWL SYSTEM result client=2 object=42 request=731 applied=0
KWL SYSTEM result client=2 object=42 request=732 applied=0
KWL SYSTEM result client=2 object=42 request=733 applied=0
ZSETTINGS BLUETOOTH scan on=1 errno=0
KWL SYSTEM result client=2 object=42 request=734 applied=0
KWL PERF 5007ms: passes=484 timeouts=475 | poll 98.9% work 0.8%
KWL SYSTEM result client=2 object=42 request=735 applied=0
KWL SYSTEM result client=2 object=42 request=736 applied=0
KWL SYSTEM result client=2 object=42 request=737 applied=0
KWL SYSTEM result client=2 object=42 request=738 applied=0
KWL SYSTEM result client=2 object=42 request=739 applied=0
KWL PERF 5004ms: passes=509 timeouts=499 | poll 99.0% work 0.7%
KWL SYSTEM result client=2 object=42 request=740 applied=0
KWL SYSTEM result client=2 object=42 request=741 applied=0
KWL SYSTEM result client=2 object=42 request=742 applied=0
KWL SYSTEM result client=2 object=42 request=743 applied=0
KWL SYSTEM result client=2 object=42 request=744 applied=0
KWL PERF 5000ms: passes=510 timeouts=500 | poll 99.1% work 0.6%
KWL SYSTEM result client=2 object=42 request=745 applied=0
KWL SYSTEM result client=2 object=42 request=746 applied=0
KWL SYSTEM result client=2 object=42 request=747 applied=0
KWL SYSTEM result client=2 object=42 request=748 applied=0
KWL SYSTEM result client=2 object=42 request=749 applied=0
KWL PERF 5001ms: passes=499 timeouts=489 | poll 98.4% work 1.3%
KWL PERF compose frames=1 draw_ms=27.52 (acquire 0.03 submit+present 26.88) frame_ms=29.09
KWL SYSTEM result client=2 object=42 request=750 applied=0
KWL SYSTEM result client=2 object=42 request=751 applied=0
KWL SYSTEM result client=2 object=42 request=752 applied=0
KWL SYSTEM result client=2 object=42 request=753 applied=0
KWL SYSTEM result client=2 object=42 request=754 applied=0
KWL PERF 5004ms: passes=496 timeouts=486 | poll 98.9% work 0.7%
KWL SYSTEM result client=2 object=42 request=755 applied=0
KWL SYSTEM result client=2 object=42 request=756 applied=0
KWL SYSTEM result client=2 object=42 request=757 applied=0
KWL SYSTEM result client=2 object=42 request=758 applied=0
KWL SYSTEM result client=2 object=42 request=759 applied=0
KWL PERF 5002ms: passes=508 timeouts=498 | poll 99.1% work 0.6%
KWL SYSTEM result client=2 object=42 request=760 applied=0
KWL SYSTEM result client=2 object=42 request=761 applied=0
KWL SYSTEM result client=2 object=42 request=762 applied=0
ZSETTINGS BLUETOOTH scan on=1 errno=0
KWL SYSTEM result client=2 object=42 request=763 applied=0
KWL PERF 5002ms: passes=509 timeouts=500 | poll 98.9% work 0.8%
KWL SYSTEM result client=2 object=42 request=764 applied=0
KWL SYSTEM result client=2 object=42 request=765 applied=0
KWL SYSTEM result client=2 object=42 request=766 applied=0
KWL SYSTEM result client=2 object=42 request=767 applied=0
KWL SYSTEM result client=2 object=42 request=768 applied=0
KWL PERF 5000ms: passes=510 timeouts=500 | poll 98.9% work 0.7%
KWL SYSTEM result client=2 object=42 request=769 applied=0
KWL SYSTEM result client=2 object=42 request=770 applied=0
KWL SYSTEM result client=2 object=42 request=771 applied=0
KWL SYSTEM result client=2 object=42 request=772 applied=0
KWL SYSTEM result client=2 object=42 request=773 applied=0
KWL PERF 5003ms: passes=508 timeouts=498 | poll 98.9% work 0.8%
KWL SYSTEM result client=2 object=42 request=774 applied=0
KWL SYSTEM result client=2 object=42 request=775 applied=0
KWL SYSTEM result client=2 object=42 request=776 applied=0
