phase	kind	file	line	target(old)	change	text	exempt
p002	docs	AGENTS.md	386	include/drivers/i915.h	stale: path -> include/drivers/pci/pci-i915.h	- `include/drivers/i915.h`: `drv_i915_pci_driver_register()` のみ公開。	exempt
p002	plan-records	plan/AGENTS.md	132	include/drivers/i915.h	stale: path -> include/drivers/pci/pci-i915.h	- `include/drivers/i915.h`: `drv_i915_pci_driver_register()` のみ公開。	exempt
p002	plan-records	plan/history/index.md	127	include/drivers/i915.h	stale: path -> include/drivers/pci/pci-i915.h	- `include/drivers/i915.h`: `drv_i915_pci_driver_register()` のみ公開。	exempt
p002	plan-records	plan/history/queue-q304.md	43	include/drivers/gpu.h	stale: path -> include/drivers/gpu/gpu.h	| `include/drivers/gpu.h` | `fbcdd1ec161f308b52399c78c10e28423e711dbc56a6538620484bf6d28c4a3e` |	exempt
p002	plan-records	plan/history/queue-q304.md	46	include/drivers/pci.h	stale: path -> include/drivers/pci/pci.h	| `include/drivers/pci.h` | `e9ce00c11a77c94a2cd0f80b9e81f5c09fcc780425fec620b8685ab459bb9214` |	exempt
p002	plan-records	plan/history/queue-q305.md	41	include/drivers/gpu.h	stale: path -> include/drivers/gpu/gpu.h	| `include/drivers/gpu.h` | `4b9719e1a5bfc3c0f9c3defe5690e92f2d90211a9b96fe8cbb93b1935a095617` |	exempt
p002	plan-records	plan/history/queue-q305.md	48	include/drivers/pci.h	stale: path -> include/drivers/pci/pci.h	| `include/drivers/pci.h` | `e9ce00c11a77c94a2cd0f80b9e81f5c09fcc780425fec620b8685ab459bb9214` |	exempt
p002	plan-records	plan/history/queue-q314.md	72	include/drivers/i915.h	stale: path -> include/drivers/pci/pci-i915.h	- `include/drivers/i915.h`: `drv_i915_pci_driver_register()` のみ公開。	exempt
p002	plan-records	plan/master.md	1165	include/drivers/hid/ps2-8042.h	stale: path -> include/drivers/platform/pcat/ps2-8042.h	ヘッダは `include/drivers/hid/ps2-8042.h`、入口は `drv_pcat_ps2_8042_init()`。	exempt
p002	plan-records	plan/master.md	1949	include/drivers/i915.h	stale: path -> include/drivers/pci/pci-i915.h	- `include/drivers/i915.h`: `drv_i915_pci_driver_register()` のみ公開。	exempt
p002	plan-records	plan/tmp/github-import/review/ws003-p003.md	148	include/drivers/pci.h	stale: path -> include/drivers/pci/pci.h	- `drivers/pci.c` and `include/drivers/pci.h`, if balanced command-state or BAR	exempt
p002	plan-records	plan/tmp/github-import/review/ws003-p003.md	150	include/drivers/usb.h	stale: path -> include/drivers/usb/usb.h	- `drivers/usb.c` and `include/drivers/usb.h` for checked xHCI quiesce and	exempt
p002	plan-records	plan/tmp/github-import/review/ws003-p004.md	123	include/drivers/usb.h	stale: path -> include/drivers/usb/usb.h	- `drivers/usb.c` and `include/drivers/usb.h` for reset completion and EP0	exempt
p002	plan-records	plan/tmp/github-import/review/ws003-p005.md	114	include/drivers/usb.h	stale: path -> include/drivers/usb/usb.h	- `drivers/usb.c` and `include/drivers/usb.h` for an optional checked device	exempt
p002	plan-records	plan/tmp/github-import/review/ws003-p007.md	74	include/drivers/dma.h	stale: path -> include/drivers/generic/dma.h	public lifetime contract is recorded in `include/drivers/dma.h`.	exempt
p002	plan-records	plan/tmp/github-import/review/ws003-p010.md	145	include/drivers/usb-storage-bot.h	stale: path -> include/drivers/usb/usb-storage-bot.h	- `include/drivers/usb-storage-bot.h`	exempt
p002	plan-records	plan/tmp/github-import/review/ws003-p010.md	146	include/drivers/usb-storage-scsi.h	stale: path -> include/drivers/usb/usb-storage-scsi.h	- `include/drivers/usb-storage-scsi.h`	exempt
p002	plan-records	plan/tmp/github-import/review/ws004-p031.md	66	include/drivers/usb.h	stale: path -> include/drivers/usb/usb.h	- `include/drivers/usb.h` already defines concurrent ownership as one active	exempt
p002	plan-records	plan/tmp/github-import/review/ws004-p031.md	414	include/drivers/pci.h	stale: path -> include/drivers/pci/pci.h	include/drivers/pci.h include/drivers/usb.h \	exempt
p002	plan-records	plan/tmp/github-import/review/ws004-p031.md	414	include/drivers/usb.h	stale: path -> include/drivers/usb/usb.h	include/drivers/pci.h include/drivers/usb.h \	exempt
p002	plan-records	plan/tmp/github-import/review/ws004-p032.md	56	include/drivers/usb.h	stale: path -> include/drivers/usb/usb.h	- `include/drivers/usb.h` declares `drv_usb_device_reset()`, while	exempt
p002	plan-records	plan/tmp/github-import/review/ws004-p032.md	84	include/drivers/usb.h	stale: path -> include/drivers/usb/usb.h	Add the following class-driver operation to `include/drivers/usb.h`:	exempt
p002	plan-records	plan/tmp/github-import/review/ws018-p002.md	127	include/drivers/disklabel.h	stale: path -> include/drivers/disklabel/disklabel.h	`include/drivers/disklabel.h`; the generic registry and scan policy remain	exempt
p002	plan-records	plan/tmp/github-import/review/ws018-p008.md	50	include/drivers/hid/	stale: path -> 	include/drivers/hid/ps2-mouse.h	exempt
p002	plan-records	plan/tmp/github-import/review/ws018-p008.md	51	include/drivers/hid/pc98-busmouse.h	stale: path -> include/drivers/platform/pc98/pc98-busmouse.h	include/drivers/hid/pc98-busmouse.h	exempt
p002	plan-records	plan/tmp/github-import/review/ws018-p008.md	195	include/drivers/hid/	stale: path -> 	`src/drivers/hid/` and `include/drivers/hid/` paths.  Each driver owns its	exempt
p002	plan-records	plan/tmp/github-import/review/ws025-p004.md	23	include/drivers/dma.h	stale: path -> include/drivers/generic/dma.h	- `include/drivers/dma.h`	exempt
p002	plan-records	plan/tmp/github-import/review/ws025-p009.md	19	include/drivers/usb.h	stale: path -> include/drivers/usb/usb.h	- `include/drivers/usb.h`	exempt
p002	plan-records	plan/tmp/github-import/review/ws025-p024.md	26	include/drivers/dma.h	stale: path -> include/drivers/generic/dma.h	- `include/drivers/dma.h`	exempt
p002	plan-records	plan/tmp/github-import/review/ws025-p024.md	28	include/drivers/usb.h	stale: path -> include/drivers/usb/usb.h	- `include/drivers/usb.h`	exempt
p002	plan-records	plan/tmp/github-import/review/ws025-p029.md	75	include/drivers/usb.h	stale: path -> include/drivers/usb/usb.h	- `include/drivers/usb.h`	exempt
p002	plan-records	plan/tmp/github-import/review/ws025-p029.md	111	include/drivers/usb.h	stale: path -> include/drivers/usb/usb.h	対象: src/drivers/usb/（新UAS owner）、include/drivers/usb.h、src/drivers/pci/pci-xhci.c、src/kern/disk.c。	exempt
p002	plan-records	plan/tmp/github-import/ws003-p003-published.md	156	include/drivers/pci.h	stale: path -> include/drivers/pci/pci.h	- `drivers/pci.c` and `include/drivers/pci.h`, if balanced command-state or BAR	exempt
p002	plan-records	plan/tmp/github-import/ws003-p003-published.md	158	include/drivers/usb.h	stale: path -> include/drivers/usb/usb.h	- `drivers/usb.c` and `include/drivers/usb.h` for checked xHCI quiesce and	exempt
p002	plan-records	plan/tmp/github-import/ws003-p003.md	156	include/drivers/pci.h	stale: path -> include/drivers/pci/pci.h	- `drivers/pci.c` and `include/drivers/pci.h`, if balanced command-state or BAR	exempt
p002	plan-records	plan/tmp/github-import/ws003-p003.md	158	include/drivers/usb.h	stale: path -> include/drivers/usb/usb.h	- `drivers/usb.c` and `include/drivers/usb.h` for checked xHCI quiesce and	exempt
p002	plan-records	plan/tmp/github-import/ws003-p004-published.md	131	include/drivers/usb.h	stale: path -> include/drivers/usb/usb.h	- `drivers/usb.c` and `include/drivers/usb.h` for reset completion and EP0	exempt
p002	plan-records	plan/tmp/github-import/ws003-p004.md	131	include/drivers/usb.h	stale: path -> include/drivers/usb/usb.h	- `drivers/usb.c` and `include/drivers/usb.h` for reset completion and EP0	exempt
p002	plan-records	plan/tmp/github-import/ws003-p005-published.md	122	include/drivers/usb.h	stale: path -> include/drivers/usb/usb.h	- `drivers/usb.c` and `include/drivers/usb.h` for an optional checked device	exempt
p002	plan-records	plan/tmp/github-import/ws003-p005.md	122	include/drivers/usb.h	stale: path -> include/drivers/usb/usb.h	- `drivers/usb.c` and `include/drivers/usb.h` for an optional checked device	exempt
p002	plan-records	plan/tmp/github-import/ws003-p007-published.md	82	include/drivers/dma.h	stale: path -> include/drivers/generic/dma.h	public lifetime contract is recorded in `include/drivers/dma.h`.	exempt
p002	plan-records	plan/tmp/github-import/ws003-p007.md	82	include/drivers/dma.h	stale: path -> include/drivers/generic/dma.h	public lifetime contract is recorded in `include/drivers/dma.h`.	exempt
p002	plan-records	plan/tmp/github-import/ws003-p010-published.md	153	include/drivers/usb-storage-bot.h	stale: path -> include/drivers/usb/usb-storage-bot.h	- `include/drivers/usb-storage-bot.h`	exempt
p002	plan-records	plan/tmp/github-import/ws003-p010-published.md	154	include/drivers/usb-storage-scsi.h	stale: path -> include/drivers/usb/usb-storage-scsi.h	- `include/drivers/usb-storage-scsi.h`	exempt
p002	plan-records	plan/tmp/github-import/ws003-p010.md	153	include/drivers/usb-storage-bot.h	stale: path -> include/drivers/usb/usb-storage-bot.h	- `include/drivers/usb-storage-bot.h`	exempt
p002	plan-records	plan/tmp/github-import/ws003-p010.md	154	include/drivers/usb-storage-scsi.h	stale: path -> include/drivers/usb/usb-storage-scsi.h	- `include/drivers/usb-storage-scsi.h`	exempt
p002	plan-records	plan/tmp/github-import/ws004-p031-published.md	74	include/drivers/usb.h	stale: path -> include/drivers/usb/usb.h	- `include/drivers/usb.h` already defines concurrent ownership as one active	exempt
p002	plan-records	plan/tmp/github-import/ws004-p031-published.md	422	include/drivers/pci.h	stale: path -> include/drivers/pci/pci.h	include/drivers/pci.h include/drivers/usb.h \	exempt
p002	plan-records	plan/tmp/github-import/ws004-p031-published.md	422	include/drivers/usb.h	stale: path -> include/drivers/usb/usb.h	include/drivers/pci.h include/drivers/usb.h \	exempt
p002	plan-records	plan/tmp/github-import/ws004-p031.md	74	include/drivers/usb.h	stale: path -> include/drivers/usb/usb.h	- `include/drivers/usb.h` already defines concurrent ownership as one active	exempt
p002	plan-records	plan/tmp/github-import/ws004-p031.md	422	include/drivers/pci.h	stale: path -> include/drivers/pci/pci.h	include/drivers/pci.h include/drivers/usb.h \	exempt
p002	plan-records	plan/tmp/github-import/ws004-p031.md	422	include/drivers/usb.h	stale: path -> include/drivers/usb/usb.h	include/drivers/pci.h include/drivers/usb.h \	exempt
p002	plan-records	plan/tmp/github-import/ws004-p032-published.md	64	include/drivers/usb.h	stale: path -> include/drivers/usb/usb.h	- `include/drivers/usb.h` declares `drv_usb_device_reset()`, while	exempt
p002	plan-records	plan/tmp/github-import/ws004-p032-published.md	92	include/drivers/usb.h	stale: path -> include/drivers/usb/usb.h	Add the following class-driver operation to `include/drivers/usb.h`:	exempt
p002	plan-records	plan/tmp/github-import/ws004-p032.md	64	include/drivers/usb.h	stale: path -> include/drivers/usb/usb.h	- `include/drivers/usb.h` declares `drv_usb_device_reset()`, while	exempt
p002	plan-records	plan/tmp/github-import/ws004-p032.md	92	include/drivers/usb.h	stale: path -> include/drivers/usb/usb.h	Add the following class-driver operation to `include/drivers/usb.h`:	exempt
p002	plan-records	plan/tmp/github-import/ws018-p002-published.md	135	include/drivers/disklabel.h	stale: path -> include/drivers/disklabel/disklabel.h	`include/drivers/disklabel.h`; the generic registry and scan policy remain	exempt
p002	plan-records	plan/tmp/github-import/ws018-p002.md	135	include/drivers/disklabel.h	stale: path -> include/drivers/disklabel/disklabel.h	`include/drivers/disklabel.h`; the generic registry and scan policy remain	exempt
p002	plan-records	plan/tmp/github-import/ws018-p008-published.md	58	include/drivers/hid/	stale: path -> 	include/drivers/hid/ps2-mouse.h	exempt
p002	plan-records	plan/tmp/github-import/ws018-p008-published.md	59	include/drivers/hid/pc98-busmouse.h	stale: path -> include/drivers/platform/pc98/pc98-busmouse.h	include/drivers/hid/pc98-busmouse.h	exempt
p002	plan-records	plan/tmp/github-import/ws018-p008-published.md	203	include/drivers/hid/	stale: path -> 	`src/drivers/hid/` and `include/drivers/hid/` paths.  Each driver owns its	exempt
p002	plan-records	plan/tmp/github-import/ws018-p008.md	58	include/drivers/hid/	stale: path -> 	include/drivers/hid/ps2-mouse.h	exempt
p002	plan-records	plan/tmp/github-import/ws018-p008.md	59	include/drivers/hid/pc98-busmouse.h	stale: path -> include/drivers/platform/pc98/pc98-busmouse.h	include/drivers/hid/pc98-busmouse.h	exempt
p002	plan-records	plan/tmp/github-import/ws018-p008.md	203	include/drivers/hid/	stale: path -> 	`src/drivers/hid/` and `include/drivers/hid/` paths.  Each driver owns its	exempt
p002	plan-records	plan/tmp/github-import/ws025-p004-published.md	31	include/drivers/dma.h	stale: path -> include/drivers/generic/dma.h	- `include/drivers/dma.h`	exempt
p002	plan-records	plan/tmp/github-import/ws025-p004.md	31	include/drivers/dma.h	stale: path -> include/drivers/generic/dma.h	- `include/drivers/dma.h`	exempt
p002	plan-records	plan/tmp/github-import/ws025-p009-published.md	27	include/drivers/usb.h	stale: path -> include/drivers/usb/usb.h	- `include/drivers/usb.h`	exempt
p002	plan-records	plan/tmp/github-import/ws025-p009.md	27	include/drivers/usb.h	stale: path -> include/drivers/usb/usb.h	- `include/drivers/usb.h`	exempt
p002	plan-records	plan/tmp/github-import/ws025-p024-published.md	34	include/drivers/dma.h	stale: path -> include/drivers/generic/dma.h	- `include/drivers/dma.h`	exempt
p002	plan-records	plan/tmp/github-import/ws025-p024-published.md	36	include/drivers/usb.h	stale: path -> include/drivers/usb/usb.h	- `include/drivers/usb.h`	exempt
p002	plan-records	plan/tmp/github-import/ws025-p024.md	34	include/drivers/dma.h	stale: path -> include/drivers/generic/dma.h	- `include/drivers/dma.h`	exempt
p002	plan-records	plan/tmp/github-import/ws025-p024.md	36	include/drivers/usb.h	stale: path -> include/drivers/usb/usb.h	- `include/drivers/usb.h`	exempt
p002	plan-records	plan/tmp/github-import/ws025-p029-published.md	83	include/drivers/usb.h	stale: path -> include/drivers/usb/usb.h	- `include/drivers/usb.h`	exempt
p002	plan-records	plan/tmp/github-import/ws025-p029-published.md	119	include/drivers/usb.h	stale: path -> include/drivers/usb/usb.h	対象: src/drivers/usb/（新UAS owner）、include/drivers/usb.h、src/drivers/pci/pci-xhci.c、src/kern/disk.c。	exempt
p002	plan-records	plan/tmp/github-import/ws025-p029.md	83	include/drivers/usb.h	stale: path -> include/drivers/usb/usb.h	- `include/drivers/usb.h`	exempt
p002	plan-records	plan/tmp/github-import/ws025-p029.md	119	include/drivers/usb.h	stale: path -> include/drivers/usb/usb.h	対象: src/drivers/usb/（新UAS owner）、include/drivers/usb.h、src/drivers/pci/pci-xhci.c、src/kern/disk.c。	exempt
p002	plan-records	plan/tmp/project-deploy/issues-first.json	1	include/drivers/pci.h	stale: path -> include/drivers/pci/pci.h	{"data":{"repository":{"issues":{"nodes":[{"id":"I_kwDOT3uw488AAAABQp0_AQ","number":1,"body":"<!-- awesome-plan project=zedbsd record=master -->\n\n既存計画の取り込み。本文はローカルの現行記録、リポジトリ資料へのリンクは基準コミットの履歴です。Issue作成・open状態は実行承認や未完了判定を意味しません。Awesome Planの状態同期導入前のため、実際の状態は本文を参照してください。\n\n元資料: `plan/master.md`\n\n	exempt
p002	plan-records	plan/tmp/project-deploy/issues-first.json	1	include/drivers/usb.h	stale: path -> include/drivers/usb/usb.h	{"data":{"repository":{"issues":{"nodes":[{"id":"I_kwDOT3uw488AAAABQp0_AQ","number":1,"body":"<!-- awesome-plan project=zedbsd record=master -->\n\n既存計画の取り込み。本文はローカルの現行記録、リポジトリ資料へのリンクは基準コミットの履歴です。Issue作成・open状態は実行承認や未完了判定を意味しません。Awesome Planの状態同期導入前のため、実際の状態は本文を参照してください。\n\n元資料: `plan/master.md`\n\n	exempt
p002	plan-records	plan/tmp/project-deploy/issues-first.json	1	include/drivers/dma.h	stale: path -> include/drivers/generic/dma.h	{"data":{"repository":{"issues":{"nodes":[{"id":"I_kwDOT3uw488AAAABQp0_AQ","number":1,"body":"<!-- awesome-plan project=zedbsd record=master -->\n\n既存計画の取り込み。本文はローカルの現行記録、リポジトリ資料へのリンクは基準コミットの履歴です。Issue作成・open状態は実行承認や未完了判定を意味しません。Awesome Planの状態同期導入前のため、実際の状態は本文を参照してください。\n\n元資料: `plan/master.md`\n\n	exempt
p002	plan-records	plan/tmp/project-deploy/issues-first.json	1	include/drivers/usb-storage-bot.h	stale: path -> include/drivers/usb/usb-storage-bot.h	{"data":{"repository":{"issues":{"nodes":[{"id":"I_kwDOT3uw488AAAABQp0_AQ","number":1,"body":"<!-- awesome-plan project=zedbsd record=master -->\n\n既存計画の取り込み。本文はローカルの現行記録、リポジトリ資料へのリンクは基準コミットの履歴です。Issue作成・open状態は実行承認や未完了判定を意味しません。Awesome Planの状態同期導入前のため、実際の状態は本文を参照してください。\n\n元資料: `plan/master.md`\n\n	exempt
p002	plan-records	plan/tmp/project-deploy/issues-first.json	1	include/drivers/usb-storage-scsi.h	stale: path -> include/drivers/usb/usb-storage-scsi.h	{"data":{"repository":{"issues":{"nodes":[{"id":"I_kwDOT3uw488AAAABQp0_AQ","number":1,"body":"<!-- awesome-plan project=zedbsd record=master -->\n\n既存計画の取り込み。本文はローカルの現行記録、リポジトリ資料へのリンクは基準コミットの履歴です。Issue作成・open状態は実行承認や未完了判定を意味しません。Awesome Planの状態同期導入前のため、実際の状態は本文を参照してください。\n\n元資料: `plan/master.md`\n\n	exempt
p002	plan-records	plan/tmp/project-deploy/issues.json	345	include/drivers/pci.h	stale: path -> include/drivers/pci/pci.h	"body": "<!-- awesome-plan project=zedbsd record=ws003-p003 -->\n\n既存計画の取り込み。本文はローカルの現行記録、リポジトリ資料へのリンクは基準コミットの履歴です。Issue作成・open状態は実行承認や未完了判定を意味しません。Awesome Planの状態同期導入前のため、実際の状態は本文を参照してください。\n\n元資料: `plan/ws003/phase003/phase.md`\n\n親: [ws003](https://github.com/awemorris/zedBSD/issues/4)\n\n# WS003	exempt
p002	plan-records	plan/tmp/project-deploy/issues.json	345	include/drivers/usb.h	stale: path -> include/drivers/usb/usb.h	"body": "<!-- awesome-plan project=zedbsd record=ws003-p003 -->\n\n既存計画の取り込み。本文はローカルの現行記録、リポジトリ資料へのリンクは基準コミットの履歴です。Issue作成・open状態は実行承認や未完了判定を意味しません。Awesome Planの状態同期導入前のため、実際の状態は本文を参照してください。\n\n元資料: `plan/ws003/phase003/phase.md`\n\n親: [ws003](https://github.com/awemorris/zedBSD/issues/4)\n\n# WS003	exempt
p002	plan-records	plan/tmp/project-deploy/issues.json	350	include/drivers/usb.h	stale: path -> include/drivers/usb/usb.h	"body": "<!-- awesome-plan project=zedbsd record=ws003-p004 -->\n\n既存計画の取り込み。本文はローカルの現行記録、リポジトリ資料へのリンクは基準コミットの履歴です。Issue作成・open状態は実行承認や未完了判定を意味しません。Awesome Planの状態同期導入前のため、実際の状態は本文を参照してください。\n\n元資料: `plan/ws003/phase004/phase.md`\n\n親: [ws003](https://github.com/awemorris/zedBSD/issues/4)\n\n# WS003	exempt
p002	plan-records	plan/tmp/project-deploy/issues.json	355	include/drivers/usb.h	stale: path -> include/drivers/usb/usb.h	"body": "<!-- awesome-plan project=zedbsd record=ws003-p005 -->\n\n既存計画の取り込み。本文はローカルの現行記録、リポジトリ資料へのリンクは基準コミットの履歴です。Issue作成・open状態は実行承認や未完了判定を意味しません。Awesome Planの状態同期導入前のため、実際の状態は本文を参照してください。\n\n元資料: `plan/ws003/phase005/phase.md`\n\n親: [ws003](https://github.com/awemorris/zedBSD/issues/4)\n\n# WS003	exempt
p002	plan-records	plan/tmp/project-deploy/issues.json	365	include/drivers/dma.h	stale: path -> include/drivers/generic/dma.h	"body": "<!-- awesome-plan project=zedbsd record=ws003-p007 -->\n\n既存計画の取り込み。本文はローカルの現行記録、リポジトリ資料へのリンクは基準コミットの履歴です。Issue作成・open状態は実行承認や未完了判定を意味しません。Awesome Planの状態同期導入前のため、実際の状態は本文を参照してください。\n\n元資料: `plan/ws003/phase007/phase.md`\n\n親: [ws003](https://github.com/awemorris/zedBSD/issues/4)\n\n# WS003	exempt
p002	plan-records	plan/tmp/project-deploy/issues.json	380	include/drivers/usb-storage-bot.h	stale: path -> include/drivers/usb/usb-storage-bot.h	"body": "<!-- awesome-plan project=zedbsd record=ws003-p010 -->\n\n既存計画の取り込み。本文はローカルの現行記録、リポジトリ資料へのリンクは基準コミットの履歴です。Issue作成・open状態は実行承認や未完了判定を意味しません。Awesome Planの状態同期導入前のため、実際の状態は本文を参照してください。\n\n元資料: `plan/ws003/phase010/phase.md`\n\n親: [ws003](https://github.com/awemorris/zedBSD/issues/4)\n\n# WS003	exempt
p002	plan-records	plan/tmp/project-deploy/issues.json	380	include/drivers/usb-storage-scsi.h	stale: path -> include/drivers/usb/usb-storage-scsi.h	"body": "<!-- awesome-plan project=zedbsd record=ws003-p010 -->\n\n既存計画の取り込み。本文はローカルの現行記録、リポジトリ資料へのリンクは基準コミットの履歴です。Issue作成・open状態は実行承認や未完了判定を意味しません。Awesome Planの状態同期導入前のため、実際の状態は本文を参照してください。\n\n元資料: `plan/ws003/phase010/phase.md`\n\n親: [ws003](https://github.com/awemorris/zedBSD/issues/4)\n\n# WS003	exempt
p002	plan-records	plan/tmp/project-deploy/issues.json	610	include/drivers/usb.h	stale: path -> include/drivers/usb/usb.h	"body": "<!-- awesome-plan project=zedbsd record=ws004-p031 -->\n\n既存計画の取り込み。本文はローカルの現行記録、リポジトリ資料へのリンクは基準コミットの履歴です。Issue作成・open状態は実行承認や未完了判定を意味しません。Awesome Planの状態同期導入前のため、実際の状態は本文を参照してください。\n\n元資料: `plan/ws004/phase031/phase.md`\n\n親: [ws004](https://github.com/awemorris/zedBSD/issues/5)\n\n# WS004	exempt
p002	plan-records	plan/tmp/project-deploy/issues.json	610	include/drivers/pci.h	stale: path -> include/drivers/pci/pci.h	"body": "<!-- awesome-plan project=zedbsd record=ws004-p031 -->\n\n既存計画の取り込み。本文はローカルの現行記録、リポジトリ資料へのリンクは基準コミットの履歴です。Issue作成・open状態は実行承認や未完了判定を意味しません。Awesome Planの状態同期導入前のため、実際の状態は本文を参照してください。\n\n元資料: `plan/ws004/phase031/phase.md`\n\n親: [ws004](https://github.com/awemorris/zedBSD/issues/5)\n\n# WS004	exempt
p002	plan-records	plan/tmp/project-deploy/issues.json	615	include/drivers/usb.h	stale: path -> include/drivers/usb/usb.h	"body": "<!-- awesome-plan project=zedbsd record=ws004-p032 -->\n\n既存計画の取り込み。本文はローカルの現行記録、リポジトリ資料へのリンクは基準コミットの履歴です。Issue作成・open状態は実行承認や未完了判定を意味しません。Awesome Planの状態同期導入前のため、実際の状態は本文を参照してください。\n\n元資料: `plan/ws004/phase032/phase.md`\n\n親: [ws004](https://github.com/awemorris/zedBSD/issues/5)\n\n# WS004	exempt
p002	plan-records	plan/tmp/project-deploy/issues.json	1120	include/drivers/disklabel.h	stale: path -> include/drivers/disklabel/disklabel.h	"body": "<!-- awesome-plan project=zedbsd record=ws018-p002 -->\n\n既存計画の取り込み。本文はローカルの現行記録、リポジトリ資料へのリンクは基準コミットの履歴です。Issue作成・open状態は実行承認や未完了判定を意味しません。Awesome Planの状態同期導入前のため、実際の状態は本文を参照してください。\n\n元資料: `plan/ws018/phase002/phase.md`\n\n親: [ws018](https://github.com/awemorris/zedBSD/issues/19)\n\n# WS01	exempt
p002	plan-records	plan/tmp/project-deploy/issues.json	1150	include/drivers/hid/	stale: path -> 	"body": "<!-- awesome-plan project=zedbsd record=ws018-p008 -->\n\n既存計画の取り込み。本文はローカルの現行記録、リポジトリ資料へのリンクは基準コミットの履歴です。Issue作成・open状態は実行承認や未完了判定を意味しません。Awesome Planの状態同期導入前のため、実際の状態は本文を参照してください。\n\n元資料: `plan/ws018/phase008/phase.md`\n\n親: [ws018](https://github.com/awemorris/zedBSD/issues/19)\n\n# WS01	exempt
p002	plan-records	plan/tmp/project-deploy/issues.json	1635	include/drivers/dma.h	stale: path -> include/drivers/generic/dma.h	"body": "<!-- awesome-plan project=zedbsd record=ws025-p004 -->\n\n既存計画の取り込み。本文はローカルの現行記録、リポジトリ資料へのリンクは基準コミットの履歴です。Issue作成・open状態は実行承認や未完了判定を意味しません。Awesome Planの状態同期導入前のため、実際の状態は本文を参照してください。\n\n元資料: `plan/ws025/phase004/phase.md`\n\n親: [ws025](https://github.com/awemorris/zedBSD/issues/26)\n\n# ws02	exempt
p002	plan-records	plan/tmp/project-deploy/issues.json	1660	include/drivers/usb.h	stale: path -> include/drivers/usb/usb.h	"body": "<!-- awesome-plan project=zedbsd record=ws025-p009 -->\n\n既存計画の取り込み。本文はローカルの現行記録、リポジトリ資料へのリンクは基準コミットの履歴です。Issue作成・open状態は実行承認や未完了判定を意味しません。Awesome Planの状態同期導入前のため、実際の状態は本文を参照してください。\n\n元資料: `plan/ws025/phase009/phase.md`\n\n親: [ws025](https://github.com/awemorris/zedBSD/issues/26)\n\n# ws02	exempt
p002	plan-records	plan/tmp/project-deploy/issues.json	1735	include/drivers/dma.h	stale: path -> include/drivers/generic/dma.h	"body": "<!-- awesome-plan project=zedbsd record=ws025-p024 -->\n\n既存計画の取り込み。本文はローカルの現行記録、リポジトリ資料へのリンクは基準コミットの履歴です。Issue作成・open状態は実行承認や未完了判定を意味しません。Awesome Planの状態同期導入前のため、実際の状態は本文を参照してください。\n\n元資料: `plan/ws025/phase024/phase.md`\n\n親: [ws025](https://github.com/awemorris/zedBSD/issues/26)\n\n# ws02	exempt
p002	plan-records	plan/tmp/project-deploy/issues.json	1735	include/drivers/usb.h	stale: path -> include/drivers/usb/usb.h	"body": "<!-- awesome-plan project=zedbsd record=ws025-p024 -->\n\n既存計画の取り込み。本文はローカルの現行記録、リポジトリ資料へのリンクは基準コミットの履歴です。Issue作成・open状態は実行承認や未完了判定を意味しません。Awesome Planの状態同期導入前のため、実際の状態は本文を参照してください。\n\n元資料: `plan/ws025/phase024/phase.md`\n\n親: [ws025](https://github.com/awemorris/zedBSD/issues/26)\n\n# ws02	exempt
p002	plan-records	plan/tmp/project-deploy/issues.json	1760	include/drivers/usb.h	stale: path -> include/drivers/usb/usb.h	"body": "<!-- awesome-plan project=zedbsd record=ws025-p029 -->\n\n既存計画の取り込み。本文はローカルの現行記録、リポジトリ資料へのリンクは基準コミットの履歴です。Issue作成・open状態は実行承認や未完了判定を意味しません。Awesome Planの状態同期導入前のため、実際の状態は本文を参照してください。\n\n元資料: `plan/ws025/phase029/phase.md`\n\n親: [ws025](https://github.com/awemorris/zedBSD/issues/26)\n\n# ws02	exempt
p002	plan-records	plan/ws003/phase003/phase.md	164	include/drivers/pci.h	stale: path -> include/drivers/pci/pci.h	- `drivers/pci.c` and `include/drivers/pci.h`, if balanced command-state or BAR	exempt
p002	plan-records	plan/ws003/phase003/phase.md	166	include/drivers/usb.h	stale: path -> include/drivers/usb/usb.h	- `drivers/usb.c` and `include/drivers/usb.h` for checked xHCI quiesce and	exempt
p002	plan-records	plan/ws003/phase004/phase.md	139	include/drivers/usb.h	stale: path -> include/drivers/usb/usb.h	- `drivers/usb.c` and `include/drivers/usb.h` for reset completion and EP0	exempt
p002	plan-records	plan/ws003/phase005/phase.md	130	include/drivers/usb.h	stale: path -> include/drivers/usb/usb.h	- `drivers/usb.c` and `include/drivers/usb.h` for an optional checked device	exempt
p002	plan-records	plan/ws003/phase007/phase.md	90	include/drivers/dma.h	stale: path -> include/drivers/generic/dma.h	public lifetime contract is recorded in `include/drivers/dma.h`.	exempt
p002	plan-records	plan/ws003/phase010/phase.md	161	include/drivers/usb-storage-bot.h	stale: path -> include/drivers/usb/usb-storage-bot.h	- `include/drivers/usb-storage-bot.h`	exempt
p002	plan-records	plan/ws003/phase010/phase.md	162	include/drivers/usb-storage-scsi.h	stale: path -> include/drivers/usb/usb-storage-scsi.h	- `include/drivers/usb-storage-scsi.h`	exempt
p002	plan-records	plan/ws027/ppc-openfirmware-plan.md	67	include/drivers/usb.h	stale: path -> include/drivers/usb/usb.h	ユーザーの本タスクでのAPM+FAT、独自ローダ、zedboot.cfg、同一FATのvmunix、後続のrootfs.img/data.imgという指示。先行のHFS+直接ELFロード案は採用しない。既存UEFI仕様: bootloader/uefi/README.md、zedbsd-config.c/.h。USB HCD: include/drivers/usb.h。	exempt
p002	plan-records	plan/ws004/phase031/phase.md	66	include/drivers/usb.h	stale: path -> include/drivers/usb/usb.h	- `include/drivers/usb.h` already defines concurrent ownership as one active	exempt
p002	plan-records	plan/ws004/phase031/phase.md	414	include/drivers/pci.h	stale: path -> include/drivers/pci/pci.h	include/drivers/pci.h include/drivers/usb.h \	exempt
p002	plan-records	plan/ws004/phase031/phase.md	414	include/drivers/usb.h	stale: path -> include/drivers/usb/usb.h	include/drivers/pci.h include/drivers/usb.h \	exempt
p002	plan-records	plan/ws004/phase032/phase.md	56	include/drivers/usb.h	stale: path -> include/drivers/usb/usb.h	- `include/drivers/usb.h` declares `drv_usb_device_reset()`, while	exempt
p002	plan-records	plan/ws004/phase032/phase.md	84	include/drivers/usb.h	stale: path -> include/drivers/usb/usb.h	Add the following class-driver operation to `include/drivers/usb.h`:	exempt
p002	plan-records	plan/ws014/gpu-framework.md	6	include/drivers/gpu.h	stale: path -> include/drivers/gpu/gpu.h	実装元は `include/drivers/gpu.h`、`include/uapi/gpu.h`、`src/drivers/gpu/gpu.c`。	exempt
p002	plan-records	plan/ws014/gpu-framework.md	140	include/drivers/gpu.h	stale: path -> include/drivers/gpu/gpu.h	本節は2026-09-13の実装を`include/drivers/gpu.h`、`gpu-share.h`、`gpu-display.h`、`include/uapi/gpu*.h`、`include/kern/handle.h`、`fd-object.h`とGPU coreへ照合した記録。q305/p002の登録設計と実績を保持し、p003・WS030からp006までに具体化された現在の境界を示す。単体検証と最終QEMU受入は[p006](phase006/phase.md)の結果で区別する。	exempt
p002	plan-records	plan/ws014/gpu-stack-review3-response.md	192	include/drivers/gpu-fence.h	stale: path -> include/drivers/gpu/gpu-fence.h	| `include/kern/fence.h` | `include/drivers/gpu-fence.h`へ移動する。 |	exempt
p002	plan-records	plan/ws014/phase002/phase.md	27	include/drivers/gpu.h	stale: path -> include/drivers/gpu/gpu.h	実装元は `include/drivers/gpu.h`、`include/uapi/gpu.h`、`src/drivers/gpu/gpu.c`。	exempt
p002	plan-records	plan/ws014/phase002/phase.md	177	include/drivers/gpu.h	stale: path -> include/drivers/gpu/gpu.h	| `include/drivers/gpu.h` | `4b9719e1a5bfc3c0f9c3defe5690e92f2d90211a9b96fe8cbb93b1935a095617` |	exempt
p002	plan-records	plan/ws014/phase002/phase.md	184	include/drivers/pci.h	stale: path -> include/drivers/pci/pci.h	| `include/drivers/pci.h` | `e9ce00c11a77c94a2cd0f80b9e81f5c09fcc780425fec620b8685ab459bb9214` |	exempt
p002	plan-records	plan/ws014/phase002/phase.md	253	include/drivers/gpu.h	stale: path -> include/drivers/gpu/gpu.h	q304 / q304-i01、2026-09-12。実装元は `include/drivers/gpu.h`、	exempt
p002	plan-records	plan/ws014/phase002/phase.md	410	include/drivers/gpu.h	stale: path -> include/drivers/gpu/gpu.h	| `include/drivers/gpu.h` | `fbcdd1ec161f308b52399c78c10e28423e711dbc56a6538620484bf6d28c4a3e` |	exempt
p002	plan-records	plan/ws014/phase002/phase.md	413	include/drivers/pci.h	stale: path -> include/drivers/pci/pci.h	| `include/drivers/pci.h` | `e9ce00c11a77c94a2cd0f80b9e81f5c09fcc780425fec620b8685ab459bb9214` |	exempt
p002	plan-records	plan/ws014/phase003/evidence/final-source-build.json	17	include/drivers/gpu.h	stale: path -> include/drivers/gpu/gpu.h	"include/drivers/gpu.h": "b776ecfe2953aee70124a4f7a74d3f2e105a069d437e4e9f02dda282a4812b57",	exempt
p002	plan-records	plan/ws014/phase003/evidence/final-source-build.json	18	include/drivers/venus.h	stale: path -> include/drivers/pci/pci-venus.h	"include/drivers/venus.h": "b36beec8e960cafbded47cc88b1eae49d1a47f79a973b1f783634f39b7ca7cfe",	exempt
p002	plan-records	plan/ws014/phase003/evidence/q306-2d-005/build-and-remote.json	389	include/drivers/gpu.h	stale: path -> include/drivers/gpu/gpu.h	"include/drivers/gpu.h": "b776ecfe2953aee70124a4f7a74d3f2e105a069d437e4e9f02dda282a4812b57",	exempt
p002	plan-records	plan/ws014/phase003/evidence/q306-2d-005/build-and-remote.json	390	include/drivers/venus.h	stale: path -> include/drivers/pci/pci-venus.h	"include/drivers/venus.h": "b36beec8e960cafbded47cc88b1eae49d1a47f79a973b1f783634f39b7ca7cfe",	exempt
p002	plan-records	plan/ws014/phase003/evidence/q306-2d-005/build-and-remote.json	415	include/drivers/gpu.h	stale: path -> include/drivers/gpu/gpu.h	"include/drivers/gpu.h": "b776ecfe2953aee70124a4f7a74d3f2e105a069d437e4e9f02dda282a4812b57",	exempt
p002	plan-records	plan/ws014/phase003/evidence/q306-2d-005/build-and-remote.json	416	include/drivers/venus.h	stale: path -> include/drivers/pci/pci-venus.h	"include/drivers/venus.h": "b36beec8e960cafbded47cc88b1eae49d1a47f79a973b1f783634f39b7ca7cfe",	exempt
p002	plan-records	plan/ws014/phase003/evidence/q306-2d-006/build-and-remote.json	379	include/drivers/gpu.h	stale: path -> include/drivers/gpu/gpu.h	"include/drivers/gpu.h": "b776ecfe2953aee70124a4f7a74d3f2e105a069d437e4e9f02dda282a4812b57",	exempt
p002	plan-records	plan/ws014/phase003/evidence/q306-2d-006/build-and-remote.json	380	include/drivers/venus.h	stale: path -> include/drivers/pci/pci-venus.h	"include/drivers/venus.h": "b36beec8e960cafbded47cc88b1eae49d1a47f79a973b1f783634f39b7ca7cfe",	exempt
p002	plan-records	plan/ws014/phase003/evidence/q306-2d-006/build-and-remote.json	405	include/drivers/gpu.h	stale: path -> include/drivers/gpu/gpu.h	"include/drivers/gpu.h": "b776ecfe2953aee70124a4f7a74d3f2e105a069d437e4e9f02dda282a4812b57",	exempt
p002	plan-records	plan/ws014/phase003/evidence/q306-2d-006/build-and-remote.json	406	include/drivers/venus.h	stale: path -> include/drivers/pci/pci-venus.h	"include/drivers/venus.h": "b36beec8e960cafbded47cc88b1eae49d1a47f79a973b1f783634f39b7ca7cfe",	exempt
p002	plan-records	plan/ws014/phase003/evidence/q306-venus-003/build-and-remote.json	389	include/drivers/gpu.h	stale: path -> include/drivers/gpu/gpu.h	"include/drivers/gpu.h": "b776ecfe2953aee70124a4f7a74d3f2e105a069d437e4e9f02dda282a4812b57",	exempt
p002	plan-records	plan/ws014/phase003/evidence/q306-venus-003/build-and-remote.json	390	include/drivers/venus.h	stale: path -> include/drivers/pci/pci-venus.h	"include/drivers/venus.h": "b36beec8e960cafbded47cc88b1eae49d1a47f79a973b1f783634f39b7ca7cfe",	exempt
p002	plan-records	plan/ws014/phase003/evidence/q306-venus-003/build-and-remote.json	415	include/drivers/gpu.h	stale: path -> include/drivers/gpu/gpu.h	"include/drivers/gpu.h": "b776ecfe2953aee70124a4f7a74d3f2e105a069d437e4e9f02dda282a4812b57",	exempt
p002	plan-records	plan/ws014/phase003/evidence/q306-venus-003/build-and-remote.json	416	include/drivers/venus.h	stale: path -> include/drivers/pci/pci-venus.h	"include/drivers/venus.h": "b36beec8e960cafbded47cc88b1eae49d1a47f79a973b1f783634f39b7ca7cfe",	exempt
p002	plan-records	plan/ws014/phase003/evidence/q306-venus-004/build-and-remote.json	389	include/drivers/gpu.h	stale: path -> include/drivers/gpu/gpu.h	"include/drivers/gpu.h": "b776ecfe2953aee70124a4f7a74d3f2e105a069d437e4e9f02dda282a4812b57",	exempt
p002	plan-records	plan/ws014/phase003/evidence/q306-venus-004/build-and-remote.json	390	include/drivers/venus.h	stale: path -> include/drivers/pci/pci-venus.h	"include/drivers/venus.h": "b36beec8e960cafbded47cc88b1eae49d1a47f79a973b1f783634f39b7ca7cfe",	exempt
p002	plan-records	plan/ws014/phase003/evidence/q306-venus-004/build-and-remote.json	415	include/drivers/gpu.h	stale: path -> include/drivers/gpu/gpu.h	"include/drivers/gpu.h": "b776ecfe2953aee70124a4f7a74d3f2e105a069d437e4e9f02dda282a4812b57",	exempt
p002	plan-records	plan/ws014/phase003/evidence/q306-venus-004/build-and-remote.json	416	include/drivers/venus.h	stale: path -> include/drivers/pci/pci-venus.h	"include/drivers/venus.h": "b36beec8e960cafbded47cc88b1eae49d1a47f79a973b1f783634f39b7ca7cfe",	exempt
p002	plan-records	plan/ws014/phase005/evidence/q307-regress-2d-001/build-and-remote.json	390	include/drivers/gpu.h	stale: path -> include/drivers/gpu/gpu.h	"include/drivers/gpu.h": "b776ecfe2953aee70124a4f7a74d3f2e105a069d437e4e9f02dda282a4812b57",	exempt
p002	plan-records	plan/ws014/phase005/evidence/q307-regress-2d-001/build-and-remote.json	391	include/drivers/venus.h	stale: path -> include/drivers/pci/pci-venus.h	"include/drivers/venus.h": "b36beec8e960cafbded47cc88b1eae49d1a47f79a973b1f783634f39b7ca7cfe",	exempt
p002	plan-records	plan/ws014/phase005/evidence/q307-regress-2d-001/build-and-remote.json	418	include/drivers/gpu.h	stale: path -> include/drivers/gpu/gpu.h	"include/drivers/gpu.h": "b776ecfe2953aee70124a4f7a74d3f2e105a069d437e4e9f02dda282a4812b57",	exempt
p002	plan-records	plan/ws014/phase005/evidence/q307-regress-2d-001/build-and-remote.json	419	include/drivers/venus.h	stale: path -> include/drivers/pci/pci-venus.h	"include/drivers/venus.h": "b36beec8e960cafbded47cc88b1eae49d1a47f79a973b1f783634f39b7ca7cfe",	exempt
p002	plan-records	plan/ws014/phase005/evidence/q307-regress-2d-002/build-and-remote.json	390	include/drivers/gpu.h	stale: path -> include/drivers/gpu/gpu.h	"include/drivers/gpu.h": "b776ecfe2953aee70124a4f7a74d3f2e105a069d437e4e9f02dda282a4812b57",	exempt
p002	plan-records	plan/ws014/phase005/evidence/q307-regress-2d-002/build-and-remote.json	391	include/drivers/venus.h	stale: path -> include/drivers/pci/pci-venus.h	"include/drivers/venus.h": "b36beec8e960cafbded47cc88b1eae49d1a47f79a973b1f783634f39b7ca7cfe",	exempt
p002	plan-records	plan/ws014/phase005/evidence/q307-regress-2d-002/build-and-remote.json	418	include/drivers/gpu.h	stale: path -> include/drivers/gpu/gpu.h	"include/drivers/gpu.h": "b776ecfe2953aee70124a4f7a74d3f2e105a069d437e4e9f02dda282a4812b57",	exempt
p002	plan-records	plan/ws014/phase005/evidence/q307-regress-2d-002/build-and-remote.json	419	include/drivers/venus.h	stale: path -> include/drivers/pci/pci-venus.h	"include/drivers/venus.h": "b36beec8e960cafbded47cc88b1eae49d1a47f79a973b1f783634f39b7ca7cfe",	exempt
p002	plan-records	plan/ws014/phase005/evidence/q307-regress-venus-001/build-and-remote.json	390	include/drivers/gpu.h	stale: path -> include/drivers/gpu/gpu.h	"include/drivers/gpu.h": "b776ecfe2953aee70124a4f7a74d3f2e105a069d437e4e9f02dda282a4812b57",	exempt
p002	plan-records	plan/ws014/phase005/evidence/q307-regress-venus-001/build-and-remote.json	391	include/drivers/venus.h	stale: path -> include/drivers/pci/pci-venus.h	"include/drivers/venus.h": "b36beec8e960cafbded47cc88b1eae49d1a47f79a973b1f783634f39b7ca7cfe",	exempt
p002	plan-records	plan/ws014/phase005/evidence/q307-regress-venus-001/build-and-remote.json	418	include/drivers/gpu.h	stale: path -> include/drivers/gpu/gpu.h	"include/drivers/gpu.h": "b776ecfe2953aee70124a4f7a74d3f2e105a069d437e4e9f02dda282a4812b57",	exempt
p002	plan-records	plan/ws014/phase005/evidence/q307-regress-venus-001/build-and-remote.json	419	include/drivers/venus.h	stale: path -> include/drivers/pci/pci-venus.h	"include/drivers/venus.h": "b36beec8e960cafbded47cc88b1eae49d1a47f79a973b1f783634f39b7ca7cfe",	exempt
p002	plan-records	plan/ws014/phase005/evidence/q307-vkdemo-001/build-and-remote.json	745	include/drivers/gpu.h	stale: path -> include/drivers/gpu/gpu.h	"include/drivers/gpu.h": "b776ecfe2953aee70124a4f7a74d3f2e105a069d437e4e9f02dda282a4812b57",	exempt
p002	plan-records	plan/ws014/phase005/evidence/q307-vkdemo-001/build-and-remote.json	746	include/drivers/venus.h	stale: path -> include/drivers/pci/pci-venus.h	"include/drivers/venus.h": "b36beec8e960cafbded47cc88b1eae49d1a47f79a973b1f783634f39b7ca7cfe",	exempt
p002	plan-records	plan/ws014/phase005/evidence/q307-vkdemo-001/build-and-remote.json	789	include/drivers/gpu.h	stale: path -> include/drivers/gpu/gpu.h	"include/drivers/gpu.h": "b776ecfe2953aee70124a4f7a74d3f2e105a069d437e4e9f02dda282a4812b57",	exempt
p002	plan-records	plan/ws014/phase005/evidence/q307-vkdemo-001/build-and-remote.json	790	include/drivers/venus.h	stale: path -> include/drivers/pci/pci-venus.h	"include/drivers/venus.h": "b36beec8e960cafbded47cc88b1eae49d1a47f79a973b1f783634f39b7ca7cfe",	exempt
p002	plan-records	plan/ws014/phase005/evidence/q307-vkdemo-002/build-and-remote.json	815	include/drivers/gpu.h	stale: path -> include/drivers/gpu/gpu.h	"include/drivers/gpu.h": "b776ecfe2953aee70124a4f7a74d3f2e105a069d437e4e9f02dda282a4812b57",	exempt
p002	plan-records	plan/ws014/phase005/evidence/q307-vkdemo-002/build-and-remote.json	816	include/drivers/venus.h	stale: path -> include/drivers/pci/pci-venus.h	"include/drivers/venus.h": "b36beec8e960cafbded47cc88b1eae49d1a47f79a973b1f783634f39b7ca7cfe",	exempt
p002	plan-records	plan/ws014/phase005/evidence/q307-vkdemo-002/build-and-remote.json	860	include/drivers/gpu.h	stale: path -> include/drivers/gpu/gpu.h	"include/drivers/gpu.h": "b776ecfe2953aee70124a4f7a74d3f2e105a069d437e4e9f02dda282a4812b57",	exempt
p002	plan-records	plan/ws014/phase005/evidence/q307-vkdemo-002/build-and-remote.json	861	include/drivers/venus.h	stale: path -> include/drivers/pci/pci-venus.h	"include/drivers/venus.h": "b36beec8e960cafbded47cc88b1eae49d1a47f79a973b1f783634f39b7ca7cfe",	exempt
p002	plan-records	plan/ws014/phase006/checkpoint001.json	941	include/drivers/gpu-display.h	stale: path -> include/drivers/gpu/gpu-display.h	"include/drivers/gpu-display.h": "a69481d45ec0a87b7fc7a20db84485b3c3a601bcf98bd0722a472bc53a421504",	exempt
p002	plan-records	plan/ws014/phase006/checkpoint001.json	942	include/drivers/gpu-share.h	stale: path -> include/drivers/gpu/gpu-share.h	"include/drivers/gpu-share.h": "695545e98d7b40da6797ee20d5e3451c2cdc8dad63d50d7aea0a499cafcab9cc",	exempt
p002	plan-records	plan/ws014/phase006/checkpoint001.json	943	include/drivers/gpu.h	stale: path -> include/drivers/gpu/gpu.h	"include/drivers/gpu.h": "83fa9ce328207dd450b95fef51c5a14219e6f7caac90cc1eb87ab4fe93373300",	exempt
p002	plan-records	plan/ws014/phase006/checkpoint001.json	944	include/drivers/pci.h	stale: path -> include/drivers/pci/pci.h	"include/drivers/pci.h": "8cbcdf7946853913fc646c749d92e192fbb25b12f31d5c04dc3f36a640eb983c",	exempt
p002	plan-records	plan/ws014/phase006/checkpoint001.json	945	include/drivers/venus.h	stale: path -> include/drivers/pci/pci-venus.h	"include/drivers/venus.h": "b36beec8e960cafbded47cc88b1eae49d1a47f79a973b1f783634f39b7ca7cfe",	exempt
p002	plan-records	plan/ws014/phase006/checkpoint001.json	1114	include/drivers/gpu-display.h	stale: path -> include/drivers/gpu/gpu-display.h	"include/drivers/gpu-display.h": "a69481d45ec0a87b7fc7a20db84485b3c3a601bcf98bd0722a472bc53a421504",	exempt
p002	plan-records	plan/ws014/phase006/checkpoint001.json	1115	include/drivers/gpu-share.h	stale: path -> include/drivers/gpu/gpu-share.h	"include/drivers/gpu-share.h": "695545e98d7b40da6797ee20d5e3451c2cdc8dad63d50d7aea0a499cafcab9cc",	exempt
p002	plan-records	plan/ws014/phase006/checkpoint001.json	1116	include/drivers/gpu.h	stale: path -> include/drivers/gpu/gpu.h	"include/drivers/gpu.h": "83fa9ce328207dd450b95fef51c5a14219e6f7caac90cc1eb87ab4fe93373300",	exempt
p002	plan-records	plan/ws014/phase006/checkpoint001.json	1117	include/drivers/pci.h	stale: path -> include/drivers/pci/pci.h	"include/drivers/pci.h": "8cbcdf7946853913fc646c749d92e192fbb25b12f31d5c04dc3f36a640eb983c",	exempt
p002	plan-records	plan/ws014/phase006/checkpoint001.json	1118	include/drivers/venus.h	stale: path -> include/drivers/pci/pci-venus.h	"include/drivers/venus.h": "b36beec8e960cafbded47cc88b1eae49d1a47f79a973b1f783634f39b7ca7cfe",	exempt
p002	plan-records	plan/ws014/phase006/final-evidence/verification.json	912	include/drivers/gpu-display.h	stale: path -> include/drivers/gpu/gpu-display.h	"include/drivers/gpu-display.h": "a69481d45ec0a87b7fc7a20db84485b3c3a601bcf98bd0722a472bc53a421504",	exempt
p002	plan-records	plan/ws014/phase006/final-evidence/verification.json	913	include/drivers/gpu.h	stale: path -> include/drivers/gpu/gpu.h	"include/drivers/gpu.h": "83fa9ce328207dd450b95fef51c5a14219e6f7caac90cc1eb87ab4fe93373300",	exempt
p002	plan-records	plan/ws014/phase006/final-evidence/verification.json	914	include/drivers/pci.h	stale: path -> include/drivers/pci/pci.h	"include/drivers/pci.h": "8cbcdf7946853913fc646c749d92e192fbb25b12f31d5c04dc3f36a640eb983c",	exempt
p002	plan-records	plan/ws014/phase006/final-evidence/verification.json	915	include/drivers/venus.h	stale: path -> include/drivers/pci/pci-venus.h	"include/drivers/venus.h": "b36beec8e960cafbded47cc88b1eae49d1a47f79a973b1f783634f39b7ca7cfe",	exempt
p002	plan-records	plan/ws014/phase006/final-evidence/verification.json	1064	include/drivers/gpu-display.h	stale: path -> include/drivers/gpu/gpu-display.h	"include/drivers/gpu-display.h": "a69481d45ec0a87b7fc7a20db84485b3c3a601bcf98bd0722a472bc53a421504",	exempt
p002	plan-records	plan/ws014/phase006/final-evidence/verification.json	1065	include/drivers/gpu.h	stale: path -> include/drivers/gpu/gpu.h	"include/drivers/gpu.h": "83fa9ce328207dd450b95fef51c5a14219e6f7caac90cc1eb87ab4fe93373300",	exempt
p002	plan-records	plan/ws014/phase006/final-evidence/verification.json	1066	include/drivers/pci.h	stale: path -> include/drivers/pci/pci.h	"include/drivers/pci.h": "8cbcdf7946853913fc646c749d92e192fbb25b12f31d5c04dc3f36a640eb983c",	exempt
p002	plan-records	plan/ws014/phase006/final-evidence/verification.json	1067	include/drivers/venus.h	stale: path -> include/drivers/pci/pci-venus.h	"include/drivers/venus.h": "b36beec8e960cafbded47cc88b1eae49d1a47f79a973b1f783634f39b7ca7cfe",	exempt
p002	plan-records	plan/ws014/phase006/final-evidence/verification.json	2329	include/drivers/gpu-display.h	stale: path -> include/drivers/gpu/gpu-display.h	"include/drivers/gpu-display.h": "a69481d45ec0a87b7fc7a20db84485b3c3a601bcf98bd0722a472bc53a421504",	exempt
p002	plan-records	plan/ws014/phase006/final-evidence/verification.json	2330	include/drivers/gpu-share.h	stale: path -> include/drivers/gpu/gpu-share.h	"include/drivers/gpu-share.h": "695545e98d7b40da6797ee20d5e3451c2cdc8dad63d50d7aea0a499cafcab9cc",	exempt
p002	plan-records	plan/ws014/phase006/final-evidence/verification.json	2331	include/drivers/gpu.h	stale: path -> include/drivers/gpu/gpu.h	"include/drivers/gpu.h": "83fa9ce328207dd450b95fef51c5a14219e6f7caac90cc1eb87ab4fe93373300",	exempt
p002	plan-records	plan/ws014/phase006/final-evidence/verification.json	2332	include/drivers/pci.h	stale: path -> include/drivers/pci/pci.h	"include/drivers/pci.h": "8cbcdf7946853913fc646c749d92e192fbb25b12f31d5c04dc3f36a640eb983c",	exempt
p002	plan-records	plan/ws014/phase006/final-evidence/verification.json	2333	include/drivers/venus.h	stale: path -> include/drivers/pci/pci-venus.h	"include/drivers/venus.h": "b36beec8e960cafbded47cc88b1eae49d1a47f79a973b1f783634f39b7ca7cfe",	exempt
p002	plan-records	plan/ws014/phase006/final-evidence/verification.json	2509	include/drivers/gpu-display.h	stale: path -> include/drivers/gpu/gpu-display.h	"include/drivers/gpu-display.h": "a69481d45ec0a87b7fc7a20db84485b3c3a601bcf98bd0722a472bc53a421504",	exempt
p002	plan-records	plan/ws014/phase006/final-evidence/verification.json	2510	include/drivers/gpu-share.h	stale: path -> include/drivers/gpu/gpu-share.h	"include/drivers/gpu-share.h": "695545e98d7b40da6797ee20d5e3451c2cdc8dad63d50d7aea0a499cafcab9cc",	exempt
p002	plan-records	plan/ws014/phase006/final-evidence/verification.json	2511	include/drivers/gpu.h	stale: path -> include/drivers/gpu/gpu.h	"include/drivers/gpu.h": "83fa9ce328207dd450b95fef51c5a14219e6f7caac90cc1eb87ab4fe93373300",	exempt
p002	plan-records	plan/ws014/phase006/final-evidence/verification.json	2512	include/drivers/pci.h	stale: path -> include/drivers/pci/pci.h	"include/drivers/pci.h": "8cbcdf7946853913fc646c749d92e192fbb25b12f31d5c04dc3f36a640eb983c",	exempt
p002	plan-records	plan/ws014/phase006/final-evidence/verification.json	2513	include/drivers/venus.h	stale: path -> include/drivers/pci/pci-venus.h	"include/drivers/venus.h": "b36beec8e960cafbded47cc88b1eae49d1a47f79a973b1f783634f39b7ca7cfe",	exempt
p002	plan-records	plan/ws014/phase007/kernel-final-verification.json	129	include/drivers/gpu.h	stale: path -> include/drivers/gpu/gpu.h	"include/drivers/gpu.h": "b40c2c789884829e1f07f8594fa01434fac604d934603a4f2a2cd36b804ea17b",	exempt
p002	plan-records	plan/ws014/phase007/kernel-final-verification.json	137	include/drivers/gpu.h	stale: path -> include/drivers/gpu/gpu.h	"include/drivers/gpu.h": "b40c2c789884829e1f07f8594fa01434fac604d934603a4f2a2cd36b804ea17b",	exempt
p002	plan-records	plan/ws014/phase008/gpu-core-verification/final-k-regressions.json	8	include/drivers/gpu.h	stale: path -> include/drivers/gpu/gpu.h	"include/drivers/gpu.h": "23686e50618d0828bc7fead47e27583fae7965773197e5bacb925fcae901dba4",	exempt
p002	plan-records	plan/ws014/phase008/gpu-core-verification/final-k-regressions.json	9	include/drivers/gpu-fence.h	stale: path -> include/drivers/gpu/gpu-fence.h	"include/drivers/gpu-fence.h": "90a0b3cf39b253fabee9da570609590cc63cf5ee8d83d6389a61f2c7e3969762",	exempt
p002	plan-records	plan/ws014/phase008/gpu-job-contract.md	7	include/drivers/gpu-fence.h	stale: path -> include/drivers/gpu/gpu-fence.h	- 実装は [src/drivers/gpu/gpu-fence.c](../../../src/drivers/gpu/gpu-fence.c)、公開するK内部宣言は [include/drivers/gpu-fence.h](../../../include/drivers/gpu-fence.h)。K内部名は `drv_gpu_fence_*`。既存の `GPU_FENCE_*` ioctl、fdのユーザー向け意味は維持する。	exempt
p002	plan-records	plan/ws014/phase008/phase.md	38	include/drivers/gpu-fence.h	stale: path -> include/drivers/gpu/gpu-fence.h	| fence所属 | src/kern/fence.c→src/drivers/gpu/gpu-fence.c、include/kern/fence.h→include/drivers/gpu-fence.h、kernel_fence_*→drv_gpu_fence_*。kernは不透明fd/handle/refcount/poll/SCM_RIGHTSを所有し、GPU/fence型列挙を共通DRIVER＋driver ops識別へ。GPU共通層とfenceをbackend選択時だけbuildし、6platformの無GPU構成から除外する。 |	exempt
p002	plan-records	plan/ws014/phase008/results.md	9	include/drivers/gpu-fence.h	stale: path -> include/drivers/gpu/gpu-fence.h	| fenceの所属 | `src/drivers/gpu/gpu-fence.c` / `include/drivers/gpu-fence.h` / `drv_gpu_fence_*`へ移動。kernは不透明handle/fd/refcount/poll/SCM_RIGHTSを所有する。共通DRIVER tagの取得後、GPU側でops identityを検査する。GPU backend選択時だけcoreとfenceをリンク。 |	exempt
p002	plan-records	plan/ws014/phase008/source-freeze.json	6	include/drivers/gpu-fence.h	stale: path -> include/drivers/gpu/gpu-fence.h	"include/drivers/gpu-fence.h": "90a0b3cf39b253fabee9da570609590cc63cf5ee8d83d6389a61f2c7e3969762",	exempt
p002	plan-records	plan/ws014/phase008/source-freeze.json	7	include/drivers/gpu.h	stale: path -> include/drivers/gpu/gpu.h	"include/drivers/gpu.h": "23686e50618d0828bc7fead47e27583fae7965773197e5bacb925fcae901dba4",	exempt
p002	plan-records	plan/ws014/phase009/gpu-core-verification/verification.json	204	include/drivers/gpu.h	stale: path -> include/drivers/gpu/gpu.h	"include/drivers/gpu.h": "bbe8278715e6bab484ef701bcc505c6e10721f5a5fd6cf859b15ca6e209e3a21",	exempt
p002	plan-records	plan/ws014/phase009/source-freeze-before-fault-fixture-fix.json	9	include/drivers/disklabel.h	stale: path -> include/drivers/disklabel/disklabel.h	"include/drivers/disklabel.h": "febecc17ce8aa8e50a59b664c4751bd3a58c51a266b39af57685d441589811dc",	exempt
p002	plan-records	plan/ws014/phase009/source-freeze-before-fault-fixture-fix.json	10	include/drivers/dma.h	stale: path -> include/drivers/generic/dma.h	"include/drivers/dma.h": "0f7c39f24c97ddb3b65e8015d2f01158d6df01decfc1a70223aac6513df80504",	exempt
p002	plan-records	plan/ws014/phase009/source-freeze-before-fault-fixture-fix.json	11	include/drivers/dp8390.h	stale: path -> include/drivers/ethernet/dp8390.h	"include/drivers/dp8390.h": "0b41d2d569e82c90bd6ae9f69c78bf17063a31d2472ea93f5d4e993d5c2f7c6d",	exempt
p002	plan-records	plan/ws014/phase009/source-freeze-before-fault-fixture-fix.json	12	include/drivers/gpu-display.h	stale: path -> include/drivers/gpu/gpu-display.h	"include/drivers/gpu-display.h": "4a4e870e34ab7c6bb31a9e6911fd5b16ea58c7cc756a6e01eec1ec96aa8766e0",	exempt
p002	plan-records	plan/ws014/phase009/source-freeze-before-fault-fixture-fix.json	13	include/drivers/gpu-fence.h	stale: path -> include/drivers/gpu/gpu-fence.h	"include/drivers/gpu-fence.h": "90a0b3cf39b253fabee9da570609590cc63cf5ee8d83d6389a61f2c7e3969762",	exempt
p002	plan-records	plan/ws014/phase009/source-freeze-before-fault-fixture-fix.json	14	include/drivers/gpu-scanout.h	stale: path -> include/drivers/gpu/gpu-scanout.h	"include/drivers/gpu-scanout.h": "2122cdcc9d48ea74323c629a1782bdaa33fb9d7864ea1539383b4a5da860a0a6",	exempt
p002	plan-records	plan/ws014/phase009/source-freeze-before-fault-fixture-fix.json	15	include/drivers/gpu-share.h	stale: path -> include/drivers/gpu/gpu-share.h	"include/drivers/gpu-share.h": "2e8a8aec2a9427b6628eb0a5ec011d6efc0a04c987953e3d2597b5b320639e62",	exempt
p002	plan-records	plan/ws014/phase009/source-freeze-before-fault-fixture-fix.json	16	include/drivers/gpu.h	stale: path -> include/drivers/gpu/gpu.h	"include/drivers/gpu.h": "bbe8278715e6bab484ef701bcc505c6e10721f5a5fd6cf859b15ca6e209e3a21",	exempt
p002	plan-records	plan/ws014/phase009/source-freeze-before-fault-fixture-fix.json	17	include/drivers/graphics/pc98.h	stale: path -> include/drivers/platform/pc98/graphics/pc98.h	"include/drivers/graphics/pc98.h": "a346cb98f87db7df30e7ffa64e6c03b9cb01521b617a38106dea6b50f7c6a548",	exempt
p002	plan-records	plan/ws014/phase009/source-freeze-before-fault-fixture-fix.json	18	include/drivers/graphics/pcat.h	stale: path -> include/drivers/platform/pcat/graphics/pcat.h	"include/drivers/graphics/pcat.h": "b09c0dd687645f48fd3534dd390dfe92f94e3d7eba5342fb504d274ae1e62949",	exempt
p002	plan-records	plan/ws014/phase009/source-freeze-before-fault-fixture-fix.json	19	include/drivers/hid/hid-report.h	stale: path -> include/drivers/usb/hid-report.h	"include/drivers/hid/hid-report.h": "89c635e97ec2d32ebe7ead9d9bd7ecba9ec5b389509aaae359b3981c0a8c05b9",	exempt
p002	plan-records	plan/ws014/phase009/source-freeze-before-fault-fixture-fix.json	20	include/drivers/hid/pc98-busmouse.h	stale: path -> include/drivers/platform/pc98/pc98-busmouse.h	"include/drivers/hid/pc98-busmouse.h": "e42670f1bb0c49305298ae8b30ffec39a5eff9a3d7bc9d949e037b216ac857de",	exempt
p002	plan-records	plan/ws014/phase009/source-freeze-before-fault-fixture-fix.json	21	include/drivers/hid/ps2-8042.h	stale: path -> include/drivers/platform/pcat/ps2-8042.h	"include/drivers/hid/ps2-8042.h": "6bc0d8456eaa608ce83bc7b6f9bceafceedcaccdccf6941471044b0ae0cebb39",	exempt
p002	plan-records	plan/ws014/phase009/source-freeze-before-fault-fixture-fix.json	22	include/drivers/pc98-lgy98.h	stale: path -> include/drivers/platform/pc98/pc98-lgy98.h	"include/drivers/pc98-lgy98.h": "b50cfe8d1fcca899203f7056942e09f4f0dab22653b052c4196a500825eb843d",	exempt
p002	plan-records	plan/ws014/phase009/source-freeze-before-fault-fixture-fix.json	23	include/drivers/pcat-ide.h	stale: path -> include/drivers/platform/pcat/pcat-ide.h	"include/drivers/pcat-ide.h": "8c574a9b0619c06b8ad90702f27b91120b9a2b6d884595e160b7a36964092f32",	exempt
p002	plan-records	plan/ws014/phase009/source-freeze-before-fault-fixture-fix.json	24	include/drivers/pcat-ne2000.h	stale: path -> include/drivers/isa/pcat-ne2000.h	"include/drivers/pcat-ne2000.h": "4c86ecfe40cd2026cdf1b725b9254632f9fe1c36250b67e6de207d0318dcaf2a",	exempt
p002	plan-records	plan/ws014/phase009/source-freeze-before-fault-fixture-fix.json	25	include/drivers/pci-ehci.h	stale: path -> include/drivers/pci/pci-ehci.h	"include/drivers/pci-ehci.h": "0ffd4a67865b79c3531374308225ec760274222103e724f05953ebeb7abe9cce",	exempt
p002	plan-records	plan/ws014/phase009/source-freeze-before-fault-fixture-fix.json	26	include/drivers/pci-intel-ax211.h	stale: path -> include/drivers/wifi/intel-ax211/pci-intel-ax211.h	"include/drivers/pci-intel-ax211.h": "11e549e961691a2e218daf4865451d7757e3c1c2d483c6a81de630f565f0c067",	exempt
p002	plan-records	plan/ws014/phase009/source-freeze-before-fault-fixture-fix.json	27	include/drivers/pci-nvme-protocol.h	stale: path -> include/drivers/pci/pci-nvme-protocol.h	"include/drivers/pci-nvme-protocol.h": "a6a78400503800ecd6d977f610778e2246dbe0d2c777651ab8ffc05860ed4204",	exempt
p002	plan-records	plan/ws014/phase009/source-freeze-before-fault-fixture-fix.json	28	include/drivers/pci-nvme.h	stale: path -> include/drivers/pci/pci-nvme.h	"include/drivers/pci-nvme.h": "88ef5dead927b7d1c20677865a75b3b694267bbdee1c039ba6a8ed1162605ff6",	exempt
p002	plan-records	plan/ws014/phase009/source-freeze-before-fault-fixture-fix.json	29	include/drivers/pci-pcat.h	stale: path -> include/drivers/pci/pci-pcat.h	"include/drivers/pci-pcat.h": "c9aca92765fbd824233f4fb40cf61598fee8e8445b717d9c127a20cab29162df",	exempt
p002	plan-records	plan/ws014/phase009/source-freeze-before-fault-fixture-fix.json	30	include/drivers/pci-uhci.h	stale: path -> include/drivers/pci/pci-uhci.h	"include/drivers/pci-uhci.h": "bac4e3340f853f20e89b540921e0e88ae2df2eddc6858a7823e96249925e3242",	exempt
p002	plan-records	plan/ws014/phase009/source-freeze-before-fault-fixture-fix.json	31	include/drivers/pci-xhci-capability.h	stale: path -> include/drivers/pci/pci-xhci-capability.h	"include/drivers/pci-xhci-capability.h": "bd88e57ee8e0e90977e2a9b8fff132a352c606b9eece94f86cf40bbff84246c1",	exempt
p002	plan-records	plan/ws014/phase009/source-freeze-before-fault-fixture-fix.json	32	include/drivers/pci-xhci-control.h	stale: path -> include/drivers/pci/pci-xhci-control.h	"include/drivers/pci-xhci-control.h": "965397402d487707de5b3f7d2d2ca28181110768578ff4b085acffe8f374a4b0",	exempt
p002	plan-records	plan/ws014/phase009/source-freeze-before-fault-fixture-fix.json	33	include/drivers/pci-xhci-lifecycle.h	stale: path -> include/drivers/pci/pci-xhci-lifecycle.h	"include/drivers/pci-xhci-lifecycle.h": "46f13c875b03e597576895295f4eb157394c973d247ddf86bfc7124eef56c8c9",	exempt
p002	plan-records	plan/ws014/phase009/source-freeze-before-fault-fixture-fix.json	34	include/drivers/pci-xhci.h	stale: path -> include/drivers/pci/pci-xhci.h	"include/drivers/pci-xhci.h": "604020a340533fa878ca595e0c562c13827b5b4b173b1e918b27dca11f1059a1",	exempt
p002	plan-records	plan/ws014/phase009/source-freeze-before-fault-fixture-fix.json	35	include/drivers/pci.h	stale: path -> include/drivers/pci/pci.h	"include/drivers/pci.h": "493de61098400ae75c41c85cbedb0f49b00045a2771607a4e6ff13564f404b34",	exempt
p002	plan-records	plan/ws014/phase009/source-freeze-before-fault-fixture-fix.json	36	include/drivers/usb-cdc-ecm.h	stale: path -> include/drivers/usb/usb-cdc-ecm.h	"include/drivers/usb-cdc-ecm.h": "1bce9f07ccc83081855c2636a66b77ecdf70d986aa402837b4e90bc6124702b9",	exempt
p002	plan-records	plan/ws014/phase009/source-freeze-before-fault-fixture-fix.json	37	include/drivers/usb-cdc-ncm.h	stale: path -> include/drivers/usb/usb-cdc-ncm.h	"include/drivers/usb-cdc-ncm.h": "41f8c05cd2e642b18db88e7fe55b7c95da79273bcdc2af238e2311d77fda95eb",	exempt
p002	plan-records	plan/ws014/phase009/source-freeze-before-fault-fixture-fix.json	38	include/drivers/usb-hid.h	stale: path -> include/drivers/usb/usb-hid.h	"include/drivers/usb-hid.h": "c9d70d42711b76c4ba2899a3cfcd1f892654544b9aa0e706ef1ddb39d3512827",	exempt
p002	plan-records	plan/ws014/phase009/source-freeze-before-fault-fixture-fix.json	39	include/drivers/usb-rtl8822bu.h	stale: path -> include/drivers/usb/usb-rtl8822bu.h	"include/drivers/usb-rtl8822bu.h": "e27d7ce8d183636088c52c33ea9279835037554d0987ef21cf639d39afb9613c",	exempt
p002	plan-records	plan/ws014/phase009/source-freeze-before-fault-fixture-fix.json	40	include/drivers/usb-storage-bot.h	stale: path -> include/drivers/usb/usb-storage-bot.h	"include/drivers/usb-storage-bot.h": "253a659a6d713f4708039babb231aedb4905b400e828410c47b660f3dab17478",	exempt
p002	plan-records	plan/ws014/phase009/source-freeze-before-fault-fixture-fix.json	41	include/drivers/usb-storage-scsi.h	stale: path -> include/drivers/usb/usb-storage-scsi.h	"include/drivers/usb-storage-scsi.h": "56fec14ff3e89dba22dc00b360b8f3c2b98bb7eb52975412f8e6c55729b42c9d",	exempt
p002	plan-records	plan/ws014/phase009/source-freeze-before-fault-fixture-fix.json	42	include/drivers/usb-storage.h	stale: path -> include/drivers/usb/usb-storage.h	"include/drivers/usb-storage.h": "8cb358d581ac874841fc5a8712a9de71e8913500210d0c9e5e2dc15cad5eadac",	exempt
p002	plan-records	plan/ws014/phase009/source-freeze-before-fault-fixture-fix.json	43	include/drivers/usb-uas.h	stale: path -> include/drivers/usb/usb-uas.h	"include/drivers/usb-uas.h": "3f0d5c32ba812f6f7a4d0e467b1bbba037e77a41efdeece798d4c52a05a0c2b9",	exempt
p002	plan-records	plan/ws014/phase009/source-freeze-before-fault-fixture-fix.json	44	include/drivers/usb.h	stale: path -> include/drivers/usb/usb.h	"include/drivers/usb.h": "3ed5fccb0323ee05b8c296286f08d50f78e288bd1a9e96d07957fb5c4cbef624",	exempt
p002	plan-records	plan/ws014/phase009/source-freeze-before-fault-fixture-fix.json	45	include/drivers/venus.h	stale: path -> include/drivers/pci/pci-venus.h	"include/drivers/venus.h": "168c5136914f96bc363b44b2a57a649424f97b3e7a9f06ec9b9a95fb0147aaac",	exempt
p002	plan-records	plan/ws014/phase009/source-freeze.json	9	include/drivers/disklabel.h	stale: path -> include/drivers/disklabel/disklabel.h	"include/drivers/disklabel.h": "febecc17ce8aa8e50a59b664c4751bd3a58c51a266b39af57685d441589811dc",	exempt
p002	plan-records	plan/ws014/phase009/source-freeze.json	10	include/drivers/dma.h	stale: path -> include/drivers/generic/dma.h	"include/drivers/dma.h": "0f7c39f24c97ddb3b65e8015d2f01158d6df01decfc1a70223aac6513df80504",	exempt
p002	plan-records	plan/ws014/phase009/source-freeze.json	11	include/drivers/dp8390.h	stale: path -> include/drivers/ethernet/dp8390.h	"include/drivers/dp8390.h": "0b41d2d569e82c90bd6ae9f69c78bf17063a31d2472ea93f5d4e993d5c2f7c6d",	exempt
p002	plan-records	plan/ws014/phase009/source-freeze.json	12	include/drivers/gpu-display.h	stale: path -> include/drivers/gpu/gpu-display.h	"include/drivers/gpu-display.h": "4a4e870e34ab7c6bb31a9e6911fd5b16ea58c7cc756a6e01eec1ec96aa8766e0",	exempt
p002	plan-records	plan/ws014/phase009/source-freeze.json	13	include/drivers/gpu-fence.h	stale: path -> include/drivers/gpu/gpu-fence.h	"include/drivers/gpu-fence.h": "90a0b3cf39b253fabee9da570609590cc63cf5ee8d83d6389a61f2c7e3969762",	exempt
p002	plan-records	plan/ws014/phase009/source-freeze.json	14	include/drivers/gpu-scanout.h	stale: path -> include/drivers/gpu/gpu-scanout.h	"include/drivers/gpu-scanout.h": "2122cdcc9d48ea74323c629a1782bdaa33fb9d7864ea1539383b4a5da860a0a6",	exempt
p002	plan-records	plan/ws014/phase009/source-freeze.json	15	include/drivers/gpu-share.h	stale: path -> include/drivers/gpu/gpu-share.h	"include/drivers/gpu-share.h": "2e8a8aec2a9427b6628eb0a5ec011d6efc0a04c987953e3d2597b5b320639e62",	exempt
p002	plan-records	plan/ws014/phase009/source-freeze.json	16	include/drivers/gpu.h	stale: path -> include/drivers/gpu/gpu.h	"include/drivers/gpu.h": "bbe8278715e6bab484ef701bcc505c6e10721f5a5fd6cf859b15ca6e209e3a21",	exempt
p002	plan-records	plan/ws014/phase009/source-freeze.json	17	include/drivers/graphics/pc98.h	stale: path -> include/drivers/platform/pc98/graphics/pc98.h	"include/drivers/graphics/pc98.h": "a346cb98f87db7df30e7ffa64e6c03b9cb01521b617a38106dea6b50f7c6a548",	exempt
p002	plan-records	plan/ws014/phase009/source-freeze.json	18	include/drivers/graphics/pcat.h	stale: path -> include/drivers/platform/pcat/graphics/pcat.h	"include/drivers/graphics/pcat.h": "b09c0dd687645f48fd3534dd390dfe92f94e3d7eba5342fb504d274ae1e62949",	exempt
p002	plan-records	plan/ws014/phase009/source-freeze.json	19	include/drivers/hid/hid-report.h	stale: path -> include/drivers/usb/hid-report.h	"include/drivers/hid/hid-report.h": "89c635e97ec2d32ebe7ead9d9bd7ecba9ec5b389509aaae359b3981c0a8c05b9",	exempt
p002	plan-records	plan/ws014/phase009/source-freeze.json	20	include/drivers/hid/pc98-busmouse.h	stale: path -> include/drivers/platform/pc98/pc98-busmouse.h	"include/drivers/hid/pc98-busmouse.h": "e42670f1bb0c49305298ae8b30ffec39a5eff9a3d7bc9d949e037b216ac857de",	exempt
p002	plan-records	plan/ws014/phase009/source-freeze.json	21	include/drivers/hid/ps2-8042.h	stale: path -> include/drivers/platform/pcat/ps2-8042.h	"include/drivers/hid/ps2-8042.h": "6bc0d8456eaa608ce83bc7b6f9bceafceedcaccdccf6941471044b0ae0cebb39",	exempt
p002	plan-records	plan/ws014/phase009/source-freeze.json	22	include/drivers/pc98-lgy98.h	stale: path -> include/drivers/platform/pc98/pc98-lgy98.h	"include/drivers/pc98-lgy98.h": "b50cfe8d1fcca899203f7056942e09f4f0dab22653b052c4196a500825eb843d",	exempt
p002	plan-records	plan/ws014/phase009/source-freeze.json	23	include/drivers/pcat-ide.h	stale: path -> include/drivers/platform/pcat/pcat-ide.h	"include/drivers/pcat-ide.h": "8c574a9b0619c06b8ad90702f27b91120b9a2b6d884595e160b7a36964092f32",	exempt
p002	plan-records	plan/ws014/phase009/source-freeze.json	24	include/drivers/pcat-ne2000.h	stale: path -> include/drivers/isa/pcat-ne2000.h	"include/drivers/pcat-ne2000.h": "4c86ecfe40cd2026cdf1b725b9254632f9fe1c36250b67e6de207d0318dcaf2a",	exempt
p002	plan-records	plan/ws014/phase009/source-freeze.json	25	include/drivers/pci-ehci.h	stale: path -> include/drivers/pci/pci-ehci.h	"include/drivers/pci-ehci.h": "0ffd4a67865b79c3531374308225ec760274222103e724f05953ebeb7abe9cce",	exempt
p002	plan-records	plan/ws014/phase009/source-freeze.json	26	include/drivers/pci-intel-ax211.h	stale: path -> include/drivers/wifi/intel-ax211/pci-intel-ax211.h	"include/drivers/pci-intel-ax211.h": "11e549e961691a2e218daf4865451d7757e3c1c2d483c6a81de630f565f0c067",	exempt
p002	plan-records	plan/ws014/phase009/source-freeze.json	27	include/drivers/pci-nvme-protocol.h	stale: path -> include/drivers/pci/pci-nvme-protocol.h	"include/drivers/pci-nvme-protocol.h": "a6a78400503800ecd6d977f610778e2246dbe0d2c777651ab8ffc05860ed4204",	exempt
p002	plan-records	plan/ws014/phase009/source-freeze.json	28	include/drivers/pci-nvme.h	stale: path -> include/drivers/pci/pci-nvme.h	"include/drivers/pci-nvme.h": "88ef5dead927b7d1c20677865a75b3b694267bbdee1c039ba6a8ed1162605ff6",	exempt
p002	plan-records	plan/ws014/phase009/source-freeze.json	29	include/drivers/pci-pcat.h	stale: path -> include/drivers/pci/pci-pcat.h	"include/drivers/pci-pcat.h": "c9aca92765fbd824233f4fb40cf61598fee8e8445b717d9c127a20cab29162df",	exempt
p002	plan-records	plan/ws014/phase009/source-freeze.json	30	include/drivers/pci-uhci.h	stale: path -> include/drivers/pci/pci-uhci.h	"include/drivers/pci-uhci.h": "bac4e3340f853f20e89b540921e0e88ae2df2eddc6858a7823e96249925e3242",	exempt
p002	plan-records	plan/ws014/phase009/source-freeze.json	31	include/drivers/pci-xhci-capability.h	stale: path -> include/drivers/pci/pci-xhci-capability.h	"include/drivers/pci-xhci-capability.h": "bd88e57ee8e0e90977e2a9b8fff132a352c606b9eece94f86cf40bbff84246c1",	exempt
p002	plan-records	plan/ws014/phase009/source-freeze.json	32	include/drivers/pci-xhci-control.h	stale: path -> include/drivers/pci/pci-xhci-control.h	"include/drivers/pci-xhci-control.h": "965397402d487707de5b3f7d2d2ca28181110768578ff4b085acffe8f374a4b0",	exempt
p002	plan-records	plan/ws014/phase009/source-freeze.json	33	include/drivers/pci-xhci-lifecycle.h	stale: path -> include/drivers/pci/pci-xhci-lifecycle.h	"include/drivers/pci-xhci-lifecycle.h": "46f13c875b03e597576895295f4eb157394c973d247ddf86bfc7124eef56c8c9",	exempt
p002	plan-records	plan/ws014/phase009/source-freeze.json	34	include/drivers/pci-xhci.h	stale: path -> include/drivers/pci/pci-xhci.h	"include/drivers/pci-xhci.h": "604020a340533fa878ca595e0c562c13827b5b4b173b1e918b27dca11f1059a1",	exempt
p002	plan-records	plan/ws014/phase009/source-freeze.json	35	include/drivers/pci.h	stale: path -> include/drivers/pci/pci.h	"include/drivers/pci.h": "493de61098400ae75c41c85cbedb0f49b00045a2771607a4e6ff13564f404b34",	exempt
p002	plan-records	plan/ws014/phase009/source-freeze.json	36	include/drivers/usb-cdc-ecm.h	stale: path -> include/drivers/usb/usb-cdc-ecm.h	"include/drivers/usb-cdc-ecm.h": "1bce9f07ccc83081855c2636a66b77ecdf70d986aa402837b4e90bc6124702b9",	exempt
p002	plan-records	plan/ws014/phase009/source-freeze.json	37	include/drivers/usb-cdc-ncm.h	stale: path -> include/drivers/usb/usb-cdc-ncm.h	"include/drivers/usb-cdc-ncm.h": "41f8c05cd2e642b18db88e7fe55b7c95da79273bcdc2af238e2311d77fda95eb",	exempt
p002	plan-records	plan/ws014/phase009/source-freeze.json	38	include/drivers/usb-hid.h	stale: path -> include/drivers/usb/usb-hid.h	"include/drivers/usb-hid.h": "c9d70d42711b76c4ba2899a3cfcd1f892654544b9aa0e706ef1ddb39d3512827",	exempt
p002	plan-records	plan/ws014/phase009/source-freeze.json	39	include/drivers/usb-rtl8822bu.h	stale: path -> include/drivers/usb/usb-rtl8822bu.h	"include/drivers/usb-rtl8822bu.h": "e27d7ce8d183636088c52c33ea9279835037554d0987ef21cf639d39afb9613c",	exempt
p002	plan-records	plan/ws014/phase009/source-freeze.json	40	include/drivers/usb-storage-bot.h	stale: path -> include/drivers/usb/usb-storage-bot.h	"include/drivers/usb-storage-bot.h": "253a659a6d713f4708039babb231aedb4905b400e828410c47b660f3dab17478",	exempt
p002	plan-records	plan/ws014/phase009/source-freeze.json	41	include/drivers/usb-storage-scsi.h	stale: path -> include/drivers/usb/usb-storage-scsi.h	"include/drivers/usb-storage-scsi.h": "56fec14ff3e89dba22dc00b360b8f3c2b98bb7eb52975412f8e6c55729b42c9d",	exempt
p002	plan-records	plan/ws014/phase009/source-freeze.json	42	include/drivers/usb-storage.h	stale: path -> include/drivers/usb/usb-storage.h	"include/drivers/usb-storage.h": "8cb358d581ac874841fc5a8712a9de71e8913500210d0c9e5e2dc15cad5eadac",	exempt
p002	plan-records	plan/ws014/phase009/source-freeze.json	43	include/drivers/usb-uas.h	stale: path -> include/drivers/usb/usb-uas.h	"include/drivers/usb-uas.h": "3f0d5c32ba812f6f7a4d0e467b1bbba037e77a41efdeece798d4c52a05a0c2b9",	exempt
p002	plan-records	plan/ws014/phase009/source-freeze.json	44	include/drivers/usb.h	stale: path -> include/drivers/usb/usb.h	"include/drivers/usb.h": "3ed5fccb0323ee05b8c296286f08d50f78e288bd1a9e96d07957fb5c4cbef624",	exempt
p002	plan-records	plan/ws014/phase009/source-freeze.json	45	include/drivers/venus.h	stale: path -> include/drivers/pci/pci-venus.h	"include/drivers/venus.h": "168c5136914f96bc363b44b2a57a649424f97b3e7a9f06ec9b9a95fb0147aaac",	exempt
p002	plan-records	plan/ws014/phase010/core-verification/checkpoint-s1s2s4b6.json	10	include/drivers/gpu.h	stale: path -> include/drivers/gpu/gpu.h	"include/drivers/gpu.h": "00a9dede8cca49aeba230c6c94f1d582ed3d46b93ba08130595b0debd17caf19",	exempt
p002	plan-records	plan/ws014/phase010/core-verification/verification.json	40	include/drivers/gpu.h	stale: path -> include/drivers/gpu/gpu.h	"include/drivers/gpu.h": "7a20b3531f9065a455568be8f2c3beb568fec1eebd37c987b116618786f57962",	exempt
p002	plan-records	plan/ws014/phase010/results.md	68	include/drivers/gpu.h	stale: path -> include/drivers/gpu/gpu.h	| include/drivers/gpu.h | `7a20b3531f9065a455568be8f2c3beb568fec1eebd37c987b116618786f57962` |	exempt
p002	plan-records	plan/ws018/phase002/phase.md	127	include/drivers/disklabel.h	stale: path -> include/drivers/disklabel/disklabel.h	`include/drivers/disklabel.h`; the generic registry and scan policy remain	exempt
p002	plan-records	plan/ws018/phase008/phase.md	50	include/drivers/hid/	stale: path -> 	include/drivers/hid/ps2-mouse.h	exempt
p002	plan-records	plan/ws018/phase008/phase.md	51	include/drivers/hid/pc98-busmouse.h	stale: path -> include/drivers/platform/pc98/pc98-busmouse.h	include/drivers/hid/pc98-busmouse.h	exempt
p002	plan-records	plan/ws018/phase008/phase.md	195	include/drivers/hid/	stale: path -> 	`src/drivers/hid/` and `include/drivers/hid/` paths.  Each driver owns its	exempt
p002	plan-records	plan/ws025/phase004/phase.md	23	include/drivers/dma.h	stale: path -> include/drivers/generic/dma.h	- `include/drivers/dma.h`	exempt
p002	plan-records	plan/ws025/phase009/phase.md	19	include/drivers/usb.h	stale: path -> include/drivers/usb/usb.h	- `include/drivers/usb.h`	exempt
p002	plan-records	plan/ws025/phase024/phase.md	26	include/drivers/dma.h	stale: path -> include/drivers/generic/dma.h	- `include/drivers/dma.h`	exempt
p002	plan-records	plan/ws025/phase024/phase.md	28	include/drivers/usb.h	stale: path -> include/drivers/usb/usb.h	- `include/drivers/usb.h`	exempt
p002	plan-records	plan/ws025/phase025/results.md	12	include/drivers/usb-storage-scsi.h	stale: path -> include/drivers/usb/usb-storage-scsi.h	include/drivers/usb-storage-scsi.h and tested 4096 current/deferred/ASCQ combinations	exempt
p002	plan-records	plan/ws025/phase029/phase.md	98	include/drivers/usb.h	stale: path -> include/drivers/usb/usb.h	- `include/drivers/usb.h`	exempt
p002	plan-records	plan/ws025/phase029/phase.md	134	include/drivers/usb.h	stale: path -> include/drivers/usb/usb.h	対象: src/drivers/usb/（新UAS owner）、include/drivers/usb.h、src/drivers/pci/pci-xhci.c、src/kern/disk.c。	exempt
p002	plan-records	plan/ws025/phase029/transport-design.md	7	include/drivers/usb-uas.h	stale: path -> include/drivers/usb/usb-uas.h	`include/drivers/usb-uas.h`. `tests/run-uas-descriptor-host.sh` compiles the	exempt
p002	plan-records	plan/ws026/ws.md	58	include/drivers/hid/	stale: path -> 	`plan/ws018/tests/run-input-hid-host-test.sh` が、削除済みの `include/drivers/hid/ps2-mouse.h` と存在しない `src/drivers/hid` を参照していて動かない（ws035-p002で発見、移動前から失敗）。直すか廃止するかを、このWSで扱う。	exempt
p002	plan-records	plan/ws029/i915-design.md	64	include/drivers/i915.h	stale: path -> include/drivers/pci/pci-i915.h	include/drivers/i915.h  drv_i915_pci_driver_register() だけ公開	exempt
p002	plan-records	plan/ws029/phase002/phase.md	29	include/drivers/i915.h	stale: path -> include/drivers/pci/pci-i915.h	2. **公開 header と内部 header**: `include/drivers/i915.h`（`int drv_i915_pci_driver_register(void);` だけ）、`src/drivers/gpu/i915/internal.h`（設計資料 §4 の構造体、`I915_ENGINE_RCS0=0`/`I915_ENGINE_BCS0=1`、`I915_RCS0_BASE 0x2000`/`I915_BCS0_BASE 0x22000` は `.inc` の値を参照）。	exempt
p002	plan-records	plan/ws029/phase002/phase.md	51	include/drivers/i915.h	stale: path -> include/drivers/pci/pci-i915.h	- `include/drivers/i915.h`: `drv_i915_pci_driver_register()` のみ公開。	exempt
p002	plan-records	plan/ws029/results-q314.md	27	include/drivers/i915.h	stale: path -> include/drivers/pci/pci-i915.h	- `include/drivers/i915.h`。build 配線（`Makefile`、`platform/amd64/vmunix.mk`、`src/kern/platform/pcat.c`、`config/drivers/pci.drivers`、`config/kernel-options.list`）。	exempt
p002	plan-records	plan/ws029/ws.md	108	include/drivers/i915.h	stale: path -> include/drivers/pci/pci-i915.h	- `include/drivers/i915.h`: `drv_i915_pci_driver_register()` のみ公開。	exempt
p002	plan-records	plan/ws030/phase002/checkpoint002-evidence/pci-source.json	5	include/drivers/pci.h	stale: path -> include/drivers/pci/pci.h	"include/drivers/pci.h": "8cbcdf7946853913fc646c749d92e192fbb25b12f31d5c04dc3f36a640eb983c",	exempt
p002	plan-records	plan/ws030/phase002/checkpoint002-evidence/q308-aperture256-001-local-result.json	350	include/drivers/gpu-display.h	stale: path -> include/drivers/gpu/gpu-display.h	"include/drivers/gpu-display.h": "a69481d45ec0a87b7fc7a20db84485b3c3a601bcf98bd0722a472bc53a421504",	exempt
p002	plan-records	plan/ws030/phase002/checkpoint002-evidence/q308-aperture256-001-local-result.json	351	include/drivers/gpu.h	stale: path -> include/drivers/gpu/gpu.h	"include/drivers/gpu.h": "e4e5203f706bb4bceb45a7afbb6ae88edeb0e746f02292a668cb505658d59a28",	exempt
p002	plan-records	plan/ws030/phase002/checkpoint002-evidence/q308-aperture256-001-local-result.json	352	include/drivers/pci.h	stale: path -> include/drivers/pci/pci.h	"include/drivers/pci.h": "8cbcdf7946853913fc646c749d92e192fbb25b12f31d5c04dc3f36a640eb983c",	exempt
p002	plan-records	plan/ws030/phase002/checkpoint002-evidence/q308-aperture256-001-local-result.json	353	include/drivers/venus.h	stale: path -> include/drivers/pci/pci-venus.h	"include/drivers/venus.h": "b36beec8e960cafbded47cc88b1eae49d1a47f79a973b1f783634f39b7ca7cfe",	exempt
p002	plan-records	plan/ws030/phase002/checkpoint002-evidence/q308-aperture256-001-local-result.json	398	include/drivers/gpu-display.h	stale: path -> include/drivers/gpu/gpu-display.h	"include/drivers/gpu-display.h": "a69481d45ec0a87b7fc7a20db84485b3c3a601bcf98bd0722a472bc53a421504",	exempt
p002	plan-records	plan/ws030/phase002/checkpoint002-evidence/q308-aperture256-001-local-result.json	399	include/drivers/gpu.h	stale: path -> include/drivers/gpu/gpu.h	"include/drivers/gpu.h": "e4e5203f706bb4bceb45a7afbb6ae88edeb0e746f02292a668cb505658d59a28",	exempt
p002	plan-records	plan/ws030/phase002/checkpoint002-evidence/q308-aperture256-001-local-result.json	400	include/drivers/pci.h	stale: path -> include/drivers/pci/pci.h	"include/drivers/pci.h": "8cbcdf7946853913fc646c749d92e192fbb25b12f31d5c04dc3f36a640eb983c",	exempt
p002	plan-records	plan/ws030/phase002/checkpoint002-evidence/q308-aperture256-001-local-result.json	401	include/drivers/venus.h	stale: path -> include/drivers/pci/pci-venus.h	"include/drivers/venus.h": "b36beec8e960cafbded47cc88b1eae49d1a47f79a973b1f783634f39b7ca7cfe",	exempt
p002	plan-records	plan/ws030/phase002/checkpoint002-evidence/q308-aperture256-002-local-result.json	390	include/drivers/gpu-display.h	stale: path -> include/drivers/gpu/gpu-display.h	"include/drivers/gpu-display.h": "a69481d45ec0a87b7fc7a20db84485b3c3a601bcf98bd0722a472bc53a421504",	exempt
p002	plan-records	plan/ws030/phase002/checkpoint002-evidence/q308-aperture256-002-local-result.json	391	include/drivers/gpu.h	stale: path -> include/drivers/gpu/gpu.h	"include/drivers/gpu.h": "e4e5203f706bb4bceb45a7afbb6ae88edeb0e746f02292a668cb505658d59a28",	exempt
p002	plan-records	plan/ws030/phase002/checkpoint002-evidence/q308-aperture256-002-local-result.json	392	include/drivers/pci.h	stale: path -> include/drivers/pci/pci.h	"include/drivers/pci.h": "8cbcdf7946853913fc646c749d92e192fbb25b12f31d5c04dc3f36a640eb983c",	exempt
p002	plan-records	plan/ws030/phase002/checkpoint002-evidence/q308-aperture256-002-local-result.json	393	include/drivers/venus.h	stale: path -> include/drivers/pci/pci-venus.h	"include/drivers/venus.h": "b36beec8e960cafbded47cc88b1eae49d1a47f79a973b1f783634f39b7ca7cfe",	exempt
p002	plan-records	plan/ws030/phase002/checkpoint002-evidence/q308-aperture256-002-local-result.json	438	include/drivers/gpu-display.h	stale: path -> include/drivers/gpu/gpu-display.h	"include/drivers/gpu-display.h": "a69481d45ec0a87b7fc7a20db84485b3c3a601bcf98bd0722a472bc53a421504",	exempt
p002	plan-records	plan/ws030/phase002/checkpoint002-evidence/q308-aperture256-002-local-result.json	439	include/drivers/gpu.h	stale: path -> include/drivers/gpu/gpu.h	"include/drivers/gpu.h": "e4e5203f706bb4bceb45a7afbb6ae88edeb0e746f02292a668cb505658d59a28",	exempt
p002	plan-records	plan/ws030/phase002/checkpoint002-evidence/q308-aperture256-002-local-result.json	440	include/drivers/pci.h	stale: path -> include/drivers/pci/pci.h	"include/drivers/pci.h": "8cbcdf7946853913fc646c749d92e192fbb25b12f31d5c04dc3f36a640eb983c",	exempt
p002	plan-records	plan/ws030/phase002/checkpoint002-evidence/q308-aperture256-002-local-result.json	441	include/drivers/venus.h	stale: path -> include/drivers/pci/pci-venus.h	"include/drivers/venus.h": "b36beec8e960cafbded47cc88b1eae49d1a47f79a973b1f783634f39b7ca7cfe",	exempt
p002	plan-records	plan/ws030/phase004/checkpoint003-evidence/q308-lifecycle-001-local-result.json	890	include/drivers/gpu-display.h	stale: path -> include/drivers/gpu/gpu-display.h	"include/drivers/gpu-display.h": "a69481d45ec0a87b7fc7a20db84485b3c3a601bcf98bd0722a472bc53a421504",	exempt
p002	plan-records	plan/ws030/phase004/checkpoint003-evidence/q308-lifecycle-001-local-result.json	891	include/drivers/gpu.h	stale: path -> include/drivers/gpu/gpu.h	"include/drivers/gpu.h": "86cdf978bd0406a42529c29a03de01624036edf6e1a7dcfecc8465de5ab8c4c6",	exempt
p002	plan-records	plan/ws030/phase004/checkpoint003-evidence/q308-lifecycle-001-local-result.json	892	include/drivers/pci.h	stale: path -> include/drivers/pci/pci.h	"include/drivers/pci.h": "8cbcdf7946853913fc646c749d92e192fbb25b12f31d5c04dc3f36a640eb983c",	exempt
p002	plan-records	plan/ws030/phase004/checkpoint003-evidence/q308-lifecycle-001-local-result.json	893	include/drivers/venus.h	stale: path -> include/drivers/pci/pci-venus.h	"include/drivers/venus.h": "b36beec8e960cafbded47cc88b1eae49d1a47f79a973b1f783634f39b7ca7cfe",	exempt
p002	plan-records	plan/ws030/phase004/checkpoint003-evidence/q308-lifecycle-001-local-result.json	1000	include/drivers/gpu-display.h	stale: path -> include/drivers/gpu/gpu-display.h	"include/drivers/gpu-display.h": "a69481d45ec0a87b7fc7a20db84485b3c3a601bcf98bd0722a472bc53a421504",	exempt
p002	plan-records	plan/ws030/phase004/checkpoint003-evidence/q308-lifecycle-001-local-result.json	1001	include/drivers/gpu.h	stale: path -> include/drivers/gpu/gpu.h	"include/drivers/gpu.h": "86cdf978bd0406a42529c29a03de01624036edf6e1a7dcfecc8465de5ab8c4c6",	exempt
p002	plan-records	plan/ws030/phase004/checkpoint003-evidence/q308-lifecycle-001-local-result.json	1002	include/drivers/pci.h	stale: path -> include/drivers/pci/pci.h	"include/drivers/pci.h": "8cbcdf7946853913fc646c749d92e192fbb25b12f31d5c04dc3f36a640eb983c",	exempt
p002	plan-records	plan/ws030/phase004/checkpoint003-evidence/q308-lifecycle-001-local-result.json	1003	include/drivers/venus.h	stale: path -> include/drivers/pci/pci-venus.h	"include/drivers/venus.h": "b36beec8e960cafbded47cc88b1eae49d1a47f79a973b1f783634f39b7ca7cfe",	exempt
p002	plan-records	plan/ws030/phase004/checkpoint003-evidence/q308-standard-vkdemo-001-local-result.json	728	include/drivers/gpu-display.h	stale: path -> include/drivers/gpu/gpu-display.h	"include/drivers/gpu-display.h": "a69481d45ec0a87b7fc7a20db84485b3c3a601bcf98bd0722a472bc53a421504",	exempt
p002	plan-records	plan/ws030/phase004/checkpoint003-evidence/q308-standard-vkdemo-001-local-result.json	729	include/drivers/gpu.h	stale: path -> include/drivers/gpu/gpu.h	"include/drivers/gpu.h": "e4e5203f706bb4bceb45a7afbb6ae88edeb0e746f02292a668cb505658d59a28",	exempt
p002	plan-records	plan/ws030/phase004/checkpoint003-evidence/q308-standard-vkdemo-001-local-result.json	730	include/drivers/pci.h	stale: path -> include/drivers/pci/pci.h	"include/drivers/pci.h": "8cbcdf7946853913fc646c749d92e192fbb25b12f31d5c04dc3f36a640eb983c",	exempt
p002	plan-records	plan/ws030/phase004/checkpoint003-evidence/q308-standard-vkdemo-001-local-result.json	731	include/drivers/venus.h	stale: path -> include/drivers/pci/pci-venus.h	"include/drivers/venus.h": "b36beec8e960cafbded47cc88b1eae49d1a47f79a973b1f783634f39b7ca7cfe",	exempt
p002	plan-records	plan/ws030/phase004/checkpoint003-evidence/q308-standard-vkdemo-001-local-result.json	837	include/drivers/gpu-display.h	stale: path -> include/drivers/gpu/gpu-display.h	"include/drivers/gpu-display.h": "a69481d45ec0a87b7fc7a20db84485b3c3a601bcf98bd0722a472bc53a421504",	exempt
p002	plan-records	plan/ws030/phase004/checkpoint003-evidence/q308-standard-vkdemo-001-local-result.json	838	include/drivers/gpu.h	stale: path -> include/drivers/gpu/gpu.h	"include/drivers/gpu.h": "e4e5203f706bb4bceb45a7afbb6ae88edeb0e746f02292a668cb505658d59a28",	exempt
p002	plan-records	plan/ws030/phase004/checkpoint003-evidence/q308-standard-vkdemo-001-local-result.json	839	include/drivers/pci.h	stale: path -> include/drivers/pci/pci.h	"include/drivers/pci.h": "8cbcdf7946853913fc646c749d92e192fbb25b12f31d5c04dc3f36a640eb983c",	exempt
p002	plan-records	plan/ws030/phase004/checkpoint003-evidence/q308-standard-vkdemo-001-local-result.json	840	include/drivers/venus.h	stale: path -> include/drivers/pci/pci-venus.h	"include/drivers/venus.h": "b36beec8e960cafbded47cc88b1eae49d1a47f79a973b1f783634f39b7ca7cfe",	exempt
p002	plan-records	plan/ws030/phase004/checkpoint003-evidence/q308-standard-vkdemo-002-local-result.json	773	include/drivers/gpu-display.h	stale: path -> include/drivers/gpu/gpu-display.h	"include/drivers/gpu-display.h": "a69481d45ec0a87b7fc7a20db84485b3c3a601bcf98bd0722a472bc53a421504",	exempt
p002	plan-records	plan/ws030/phase004/checkpoint003-evidence/q308-standard-vkdemo-002-local-result.json	774	include/drivers/gpu.h	stale: path -> include/drivers/gpu/gpu.h	"include/drivers/gpu.h": "e4e5203f706bb4bceb45a7afbb6ae88edeb0e746f02292a668cb505658d59a28",	exempt
p002	plan-records	plan/ws030/phase004/checkpoint003-evidence/q308-standard-vkdemo-002-local-result.json	775	include/drivers/pci.h	stale: path -> include/drivers/pci/pci.h	"include/drivers/pci.h": "8cbcdf7946853913fc646c749d92e192fbb25b12f31d5c04dc3f36a640eb983c",	exempt
p002	plan-records	plan/ws030/phase004/checkpoint003-evidence/q308-standard-vkdemo-002-local-result.json	776	include/drivers/venus.h	stale: path -> include/drivers/pci/pci-venus.h	"include/drivers/venus.h": "b36beec8e960cafbded47cc88b1eae49d1a47f79a973b1f783634f39b7ca7cfe",	exempt
p002	plan-records	plan/ws030/phase004/checkpoint003-evidence/q308-standard-vkdemo-002-local-result.json	882	include/drivers/gpu-display.h	stale: path -> include/drivers/gpu/gpu-display.h	"include/drivers/gpu-display.h": "a69481d45ec0a87b7fc7a20db84485b3c3a601bcf98bd0722a472bc53a421504",	exempt
p002	plan-records	plan/ws030/phase004/checkpoint003-evidence/q308-standard-vkdemo-002-local-result.json	883	include/drivers/gpu.h	stale: path -> include/drivers/gpu/gpu.h	"include/drivers/gpu.h": "e4e5203f706bb4bceb45a7afbb6ae88edeb0e746f02292a668cb505658d59a28",	exempt
p002	plan-records	plan/ws030/phase004/checkpoint003-evidence/q308-standard-vkdemo-002-local-result.json	884	include/drivers/pci.h	stale: path -> include/drivers/pci/pci.h	"include/drivers/pci.h": "8cbcdf7946853913fc646c749d92e192fbb25b12f31d5c04dc3f36a640eb983c",	exempt
p002	plan-records	plan/ws030/phase004/checkpoint003-evidence/q308-standard-vkdemo-002-local-result.json	885	include/drivers/venus.h	stale: path -> include/drivers/pci/pci-venus.h	"include/drivers/venus.h": "b36beec8e960cafbded47cc88b1eae49d1a47f79a973b1f783634f39b7ca7cfe",	exempt
p002	plan-records	plan/ws030/phase004/final-evidence/runtime-local.json	906	include/drivers/gpu-display.h	stale: path -> include/drivers/gpu/gpu-display.h	"include/drivers/gpu-display.h": "a69481d45ec0a87b7fc7a20db84485b3c3a601bcf98bd0722a472bc53a421504",	exempt
p002	plan-records	plan/ws030/phase004/final-evidence/runtime-local.json	907	include/drivers/gpu.h	stale: path -> include/drivers/gpu/gpu.h	"include/drivers/gpu.h": "86cdf978bd0406a42529c29a03de01624036edf6e1a7dcfecc8465de5ab8c4c6",	exempt
p002	plan-records	plan/ws030/phase004/final-evidence/runtime-local.json	908	include/drivers/pci.h	stale: path -> include/drivers/pci/pci.h	"include/drivers/pci.h": "8cbcdf7946853913fc646c749d92e192fbb25b12f31d5c04dc3f36a640eb983c",	exempt
p002	plan-records	plan/ws030/phase004/final-evidence/runtime-local.json	909	include/drivers/venus.h	stale: path -> include/drivers/pci/pci-venus.h	"include/drivers/venus.h": "b36beec8e960cafbded47cc88b1eae49d1a47f79a973b1f783634f39b7ca7cfe",	exempt
p002	plan-records	plan/ws030/phase004/final-evidence/runtime-local.json	1022	include/drivers/gpu-display.h	stale: path -> include/drivers/gpu/gpu-display.h	"include/drivers/gpu-display.h": "a69481d45ec0a87b7fc7a20db84485b3c3a601bcf98bd0722a472bc53a421504",	exempt
p002	plan-records	plan/ws030/phase004/final-evidence/runtime-local.json	1023	include/drivers/gpu.h	stale: path -> include/drivers/gpu/gpu.h	"include/drivers/gpu.h": "86cdf978bd0406a42529c29a03de01624036edf6e1a7dcfecc8465de5ab8c4c6",	exempt
p002	plan-records	plan/ws030/phase004/final-evidence/runtime-local.json	1024	include/drivers/pci.h	stale: path -> include/drivers/pci/pci.h	"include/drivers/pci.h": "8cbcdf7946853913fc646c749d92e192fbb25b12f31d5c04dc3f36a640eb983c",	exempt
p002	plan-records	plan/ws030/phase004/final-evidence/runtime-local.json	1025	include/drivers/venus.h	stale: path -> include/drivers/pci/pci-venus.h	"include/drivers/venus.h": "b36beec8e960cafbded47cc88b1eae49d1a47f79a973b1f783634f39b7ca7cfe",	exempt
p002	plan-records	plan/ws030/phase004/final-evidence/verification.json	192	include/drivers/gpu-display.h	stale: path -> include/drivers/gpu/gpu-display.h	"include/drivers/gpu-display.h": "a69481d45ec0a87b7fc7a20db84485b3c3a601bcf98bd0722a472bc53a421504",	exempt
p002	plan-records	plan/ws030/phase004/final-evidence/verification.json	193	include/drivers/gpu.h	stale: path -> include/drivers/gpu/gpu.h	"include/drivers/gpu.h": "86cdf978bd0406a42529c29a03de01624036edf6e1a7dcfecc8465de5ab8c4c6",	exempt
p002	plan-records	plan/ws030/phase004/final-evidence/verification.json	194	include/drivers/pci.h	stale: path -> include/drivers/pci/pci.h	"include/drivers/pci.h": "8cbcdf7946853913fc646c749d92e192fbb25b12f31d5c04dc3f36a640eb983c",	exempt
p002	plan-records	plan/ws030/phase004/final-evidence/verification.json	195	include/drivers/venus.h	stale: path -> include/drivers/pci/pci-venus.h	"include/drivers/venus.h": "b36beec8e960cafbded47cc88b1eae49d1a47f79a973b1f783634f39b7ca7cfe",	exempt
p002	plan-records	plan/ws031/external-design.md	169	include/drivers/gpu.h	stale: path -> include/drivers/gpu/gpu.h	- `include/drivers/gpu.h`（UAPI layout/ioctl 番号は不変）。	exempt
p002	plan-records	plan/ws031/handover/increment-results/e97-e119-changes.patch	148124	include/drivers/gpu-fence.h	stale: path -> include/drivers/gpu/gpu-fence.h	+- `include/kern/fence.h~` は `include/drivers/gpu-fence.h` の古い backup（tilde 無しは存在しない）。	exempt
p002	plan-records	plan/ws031/handover/increment-results/e97-e119-changes.patch	148446	include/drivers/gpu.h	stale: path -> include/drivers/gpu/gpu.h	+GPU core が backend に要求する ops 表（`include/drivers/gpu.h:119-`）と、legacy i915 が現在埋めている範囲（`i915.c:563-596`）:	exempt
p002	plan-records	plan/ws031/handover/increment-results/e97-e119-changes.patch	148963	include/drivers/gpu.h	stale: path -> include/drivers/gpu/gpu.h	+- device node: `/dev/gpuN`（GPU core が公開、`include/drivers/gpu.h:197`。libvulkan は `/dev/gpu*` を走査、`instance.c:1325`）。	exempt
p002	plan-records	plan/ws031/handover/increment-results/e97-e120-changes.patch	173317	include/drivers/gpu-fence.h	stale: path -> include/drivers/gpu/gpu-fence.h	+- `include/kern/fence.h~` は `include/drivers/gpu-fence.h` の古い backup（tilde 無しは存在しない）。	exempt
p002	plan-records	plan/ws031/handover/increment-results/e97-e120-changes.patch	173639	include/drivers/gpu.h	stale: path -> include/drivers/gpu/gpu.h	+GPU core が backend に要求する ops 表（`include/drivers/gpu.h:119-`）と、legacy i915 が現在埋めている範囲（`i915.c:563-596`）:	exempt
p002	plan-records	plan/ws031/handover/increment-results/e97-e120-changes.patch	174156	include/drivers/gpu.h	stale: path -> include/drivers/gpu/gpu.h	+- device node: `/dev/gpuN`（GPU core が公開、`include/drivers/gpu.h:197`。libvulkan は `/dev/gpu*` を走査、`instance.c:1325`）。	exempt
p002	plan-records	plan/ws031/handover/notes/gpu-job-completion-contract.md	23	include/drivers/gpu-fence.h	stale: path -> include/drivers/gpu/gpu-fence.h	- `include/kern/fence.h~` は `include/drivers/gpu-fence.h` の古い backup（tilde 無しは存在しない）。	exempt
p002	plan-records	plan/ws031/handover/notes/libvulkan-executor-scope.md	78	include/drivers/gpu.h	stale: path -> include/drivers/gpu/gpu.h	GPU core が backend に要求する ops 表（`include/drivers/gpu.h:119-`）と、legacy i915 が現在埋めている範囲（`i915.c:563-596`）:	exempt
p002	plan-records	plan/ws031/handover/notes/survey-libvulkan-path.md	43	include/drivers/gpu.h	stale: path -> include/drivers/gpu/gpu.h	- device node: `/dev/gpuN`（GPU core が公開、`include/drivers/gpu.h:197`。libvulkan は `/dev/gpu*` を走査、`instance.c:1325`）。	exempt
p002	plan-records	plan/ws031/i915-refactoring-assets.md	428	include/drivers/i915.h	stale: path -> include/drivers/pci/pci-i915.h	| [include/drivers/i915.h](../../include/drivers/i915.h) / [i915-parity.h](../../include/drivers/i915-parity.h) | 登録とreadinessのE契約。旧parity名廃止時は本番callerごと置換 |	exempt
p002	plan-records	plan/ws031/i915-refactoring-design.md	106	include/drivers/i915.h	stale: path -> include/drivers/pci/pci-i915.h	| PCI/kernel外部 | `include/drivers/i915.h` | driver内部構造体 |	exempt
p002	plan-records	plan/ws031/i915-refactoring-design.md	133	include/drivers/i915.h	stale: path -> include/drivers/pci/pci-i915.h	| E | `include/drivers/i915.h` | ドライバ外への公開。登録とkernel readiness通知 |	exempt
p002	plan-records	plan/ws031/i915-refactoring-design.md	149	include/drivers/i915.h	stale: path -> include/drivers/pci/pci-i915.h	| `i915.c` | `include/drivers/i915.h`（E） | `drv_i915_pci_driver_register` | PCI backend登録。既存名維持 |	exempt
p002	plan-records	plan/ws031/i915-refactoring-design.md	150	include/drivers/i915.h	stale: path -> include/drivers/pci/pci-i915.h	| `device.c` | `include/drivers/i915.h`（E） | `drv_i915_runtime_ready` | 現`drv_i915_parity_runner_start`の本番readiness責務。kernelから通知、二重起動防止 |	exempt
p002	plan-records	plan/ws031/i915-refactoring-functions.md	450	include/drivers/i915.h	stale: path -> include/drivers/pci/pci-i915.h	| 115 | `drv_i915_pci_driver_register` | global | `i915.c` | E / `drv_i915_pci_driver_register` | `include/drivers/i915.h` |	exempt
p002	plan-records	plan/ws031/i915-refactoring-functions.md	3783	include/drivers/i915.h	stale: path -> include/drivers/pci/pci-i915.h	| 205 | `drv_i915_parity_runner_start` | global | `device.c` | E / `drv_i915_runtime_ready` | `include/drivers/i915.h` |	exempt
p002	plan-records	plan/ws031/native-vulkan-design.md	15	include/drivers/gpu.h	stale: path -> include/drivers/gpu/gpu.h	- drv_gpu UAPI（`include/drivers/gpu.h`）は**汎用のcommand-blob転送**で、capsetがプロトコルを広告する。Vulkan/Venus/i915/GENは焼き込まれていない。	exempt
p002	plan-records	plan/ws031/phase001/approval.json	11	include/drivers/gpu.h	stale: path -> include/drivers/gpu/gpu.h	"UAPI（include/drivers/gpu.h の layout/ioctl）不変を既定、必要時は事前提示",	exempt
p002	plan-records	plan/ws031/phase001/phase.md	9	include/drivers/gpu.h	stale: path -> include/drivers/gpu/gpu.h	- 触れない: §7 の禁止一覧（HAL、`include/drivers/gpu.h`、WS029 core ロジック、libvulkan、他 driver）。core への結線は p002 以降。	exempt
p002	plan-records	plan/ws031/results-ws031.md	151	include/drivers/gpu.h	stale: path -> include/drivers/gpu/gpu.h	drv_gpu UAPI の command/submit op（include/drivers/gpu.h L131/L134）は **reply out 引数を	exempt
p002	plan-records	plan/ws031/ws.md	206	include/drivers/gpu.h	stale: path -> include/drivers/gpu/gpu.h	[Guardrail](https://github.com/awemorris/zedBSD/issues/363)とローカル`plan/coding-style.md`の全文を実装前に読む。HAL責務/`hal.h`の変更は別途適用承認が必要。UAPI（`include/drivers/gpu.h`のlayout/ioctl番号）は不変を既定とし、必要になれば事前に提示して承認を得る。aggregate make checkは禁止、対象buildは`make -j16`と意味のある限定確認を用いる。無関係な変更を保護する。	exempt
p002	plan-records	plan/ws035/phase001/include-audit/amd64-sim-p023.json	74	include/drivers/disklabel.h	stale: path -> include/drivers/disklabel/disklabel.h	"include/drivers/disklabel.h": 4,	exempt
p002	plan-records	plan/ws035/phase001/include-audit/amd64-sim-p023.json	75	include/drivers/dma.h	stale: path -> include/drivers/generic/dma.h	"include/drivers/dma.h": 23,	exempt
p002	plan-records	plan/ws035/phase001/include-audit/amd64-sim-p023.json	76	include/drivers/dp8390.h	stale: path -> include/drivers/ethernet/dp8390.h	"include/drivers/dp8390.h": 2,	exempt
p002	plan-records	plan/ws035/phase001/include-audit/amd64-sim-p023.json	77	include/drivers/graphics/pcat.h	stale: path -> include/drivers/platform/pcat/graphics/pcat.h	"include/drivers/graphics/pcat.h": 2,	exempt
p002	plan-records	plan/ws035/phase001/include-audit/amd64-sim-p023.json	78	include/drivers/hid/hid-report.h	stale: path -> include/drivers/usb/hid-report.h	"include/drivers/hid/hid-report.h": 1,	exempt
p002	plan-records	plan/ws035/phase001/include-audit/amd64-sim-p023.json	79	include/drivers/hid/ps2-8042.h	stale: path -> include/drivers/platform/pcat/ps2-8042.h	"include/drivers/hid/ps2-8042.h": 2,	exempt
p002	plan-records	plan/ws035/phase001/include-audit/amd64-sim-p023.json	80	include/drivers/i915.h	stale: path -> include/drivers/pci/pci-i915.h	"include/drivers/i915.h": 1,	exempt
p002	plan-records	plan/ws035/phase001/include-audit/amd64-sim-p023.json	81	include/drivers/pcat-ide.h	stale: path -> include/drivers/platform/pcat/pcat-ide.h	"include/drivers/pcat-ide.h": 2,	exempt
p002	plan-records	plan/ws035/phase001/include-audit/amd64-sim-p023.json	82	include/drivers/pcat-ne2000.h	stale: path -> include/drivers/isa/pcat-ne2000.h	"include/drivers/pcat-ne2000.h": 1,	exempt
p002	plan-records	plan/ws035/phase001/include-audit/amd64-sim-p023.json	83	include/drivers/pci-ehci.h	stale: path -> include/drivers/pci/pci-ehci.h	"include/drivers/pci-ehci.h": 2,	exempt
p002	plan-records	plan/ws035/phase001/include-audit/amd64-sim-p023.json	84	include/drivers/pci-intel-ax211.h	stale: path -> include/drivers/wifi/intel-ax211/pci-intel-ax211.h	"include/drivers/pci-intel-ax211.h": 2,	exempt
p002	plan-records	plan/ws035/phase001/include-audit/amd64-sim-p023.json	85	include/drivers/pci-nvme-protocol.h	stale: path -> include/drivers/pci/pci-nvme-protocol.h	"include/drivers/pci-nvme-protocol.h": 1,	exempt
p002	plan-records	plan/ws035/phase001/include-audit/amd64-sim-p023.json	86	include/drivers/pci-nvme.h	stale: path -> include/drivers/pci/pci-nvme.h	"include/drivers/pci-nvme.h": 2,	exempt
p002	plan-records	plan/ws035/phase001/include-audit/amd64-sim-p023.json	87	include/drivers/pci-pcat.h	stale: path -> include/drivers/pci/pci-pcat.h	"include/drivers/pci-pcat.h": 2,	exempt
p002	plan-records	plan/ws035/phase001/include-audit/amd64-sim-p023.json	88	include/drivers/pci-uhci.h	stale: path -> include/drivers/pci/pci-uhci.h	"include/drivers/pci-uhci.h": 2,	exempt
p002	plan-records	plan/ws035/phase001/include-audit/amd64-sim-p023.json	89	include/drivers/pci-xhci-capability.h	stale: path -> include/drivers/pci/pci-xhci-capability.h	"include/drivers/pci-xhci-capability.h": 1,	exempt
p002	plan-records	plan/ws035/phase001/include-audit/amd64-sim-p023.json	90	include/drivers/pci-xhci-control.h	stale: path -> include/drivers/pci/pci-xhci-control.h	"include/drivers/pci-xhci-control.h": 1,	exempt
p002	plan-records	plan/ws035/phase001/include-audit/amd64-sim-p023.json	91	include/drivers/pci-xhci-lifecycle.h	stale: path -> include/drivers/pci/pci-xhci-lifecycle.h	"include/drivers/pci-xhci-lifecycle.h": 1,	exempt
p002	plan-records	plan/ws035/phase001/include-audit/amd64-sim-p023.json	92	include/drivers/pci-xhci.h	stale: path -> include/drivers/pci/pci-xhci.h	"include/drivers/pci-xhci.h": 2,	exempt
p002	plan-records	plan/ws035/phase001/include-audit/amd64-sim-p023.json	93	include/drivers/pci.h	stale: path -> include/drivers/pci/pci.h	"include/drivers/pci.h": 9,	exempt
p002	plan-records	plan/ws035/phase001/include-audit/amd64-sim-p023.json	94	include/drivers/usb-cdc-ecm.h	stale: path -> include/drivers/usb/usb-cdc-ecm.h	"include/drivers/usb-cdc-ecm.h": 2,	exempt
p002	plan-records	plan/ws035/phase001/include-audit/amd64-sim-p023.json	95	include/drivers/usb-cdc-ncm.h	stale: path -> include/drivers/usb/usb-cdc-ncm.h	"include/drivers/usb-cdc-ncm.h": 3,	exempt
p002	plan-records	plan/ws035/phase001/include-audit/amd64-sim-p023.json	96	include/drivers/usb-hid.h	stale: path -> include/drivers/usb/usb-hid.h	"include/drivers/usb-hid.h": 2,	exempt
p002	plan-records	plan/ws035/phase001/include-audit/amd64-sim-p023.json	97	include/drivers/usb-rtl8822bu.h	stale: path -> include/drivers/usb/usb-rtl8822bu.h	"include/drivers/usb-rtl8822bu.h": 2,	exempt
p002	plan-records	plan/ws035/phase001/include-audit/amd64-sim-p023.json	98	include/drivers/usb-storage-bot.h	stale: path -> include/drivers/usb/usb-storage-bot.h	"include/drivers/usb-storage-bot.h": 1,	exempt
p002	plan-records	plan/ws035/phase001/include-audit/amd64-sim-p023.json	99	include/drivers/usb-storage-scsi.h	stale: path -> include/drivers/usb/usb-storage-scsi.h	"include/drivers/usb-storage-scsi.h": 2,	exempt
p002	plan-records	plan/ws035/phase001/include-audit/amd64-sim-p023.json	100	include/drivers/usb-storage.h	stale: path -> include/drivers/usb/usb-storage.h	"include/drivers/usb-storage.h": 2,	exempt
p002	plan-records	plan/ws035/phase001/include-audit/amd64-sim-p023.json	101	include/drivers/usb-uas.h	stale: path -> include/drivers/usb/usb-uas.h	"include/drivers/usb-uas.h": 4,	exempt
p002	plan-records	plan/ws035/phase001/include-audit/amd64-sim-p023.json	102	include/drivers/usb.h	stale: path -> include/drivers/usb/usb.h	"include/drivers/usb.h": 12,	exempt
p002	plan-records	plan/ws035/phase001/include-audit/amd64.json	74	include/drivers/disklabel.h	stale: path -> include/drivers/disklabel/disklabel.h	"include/drivers/disklabel.h": 4,	exempt
p002	plan-records	plan/ws035/phase001/include-audit/amd64.json	75	include/drivers/dma.h	stale: path -> include/drivers/generic/dma.h	"include/drivers/dma.h": 23,	exempt
p002	plan-records	plan/ws035/phase001/include-audit/amd64.json	76	include/drivers/dp8390.h	stale: path -> include/drivers/ethernet/dp8390.h	"include/drivers/dp8390.h": 2,	exempt
p002	plan-records	plan/ws035/phase001/include-audit/amd64.json	77	include/drivers/graphics/pcat.h	stale: path -> include/drivers/platform/pcat/graphics/pcat.h	"include/drivers/graphics/pcat.h": 2,	exempt
p002	plan-records	plan/ws035/phase001/include-audit/amd64.json	78	include/drivers/hid/hid-report.h	stale: path -> include/drivers/usb/hid-report.h	"include/drivers/hid/hid-report.h": 1,	exempt
p002	plan-records	plan/ws035/phase001/include-audit/amd64.json	79	include/drivers/hid/ps2-8042.h	stale: path -> include/drivers/platform/pcat/ps2-8042.h	"include/drivers/hid/ps2-8042.h": 2,	exempt
p002	plan-records	plan/ws035/phase001/include-audit/amd64.json	80	include/drivers/i915.h	stale: path -> include/drivers/pci/pci-i915.h	"include/drivers/i915.h": 1,	exempt
p002	plan-records	plan/ws035/phase001/include-audit/amd64.json	81	include/drivers/pcat-ide.h	stale: path -> include/drivers/platform/pcat/pcat-ide.h	"include/drivers/pcat-ide.h": 2,	exempt
p002	plan-records	plan/ws035/phase001/include-audit/amd64.json	82	include/drivers/pcat-ne2000.h	stale: path -> include/drivers/isa/pcat-ne2000.h	"include/drivers/pcat-ne2000.h": 1,	exempt
p002	plan-records	plan/ws035/phase001/include-audit/amd64.json	83	include/drivers/pci-ehci.h	stale: path -> include/drivers/pci/pci-ehci.h	"include/drivers/pci-ehci.h": 2,	exempt
p002	plan-records	plan/ws035/phase001/include-audit/amd64.json	84	include/drivers/pci-intel-ax211.h	stale: path -> include/drivers/wifi/intel-ax211/pci-intel-ax211.h	"include/drivers/pci-intel-ax211.h": 2,	exempt
p002	plan-records	plan/ws035/phase001/include-audit/amd64.json	85	include/drivers/pci-nvme-protocol.h	stale: path -> include/drivers/pci/pci-nvme-protocol.h	"include/drivers/pci-nvme-protocol.h": 1,	exempt
p002	plan-records	plan/ws035/phase001/include-audit/amd64.json	86	include/drivers/pci-nvme.h	stale: path -> include/drivers/pci/pci-nvme.h	"include/drivers/pci-nvme.h": 2,	exempt
p002	plan-records	plan/ws035/phase001/include-audit/amd64.json	87	include/drivers/pci-pcat.h	stale: path -> include/drivers/pci/pci-pcat.h	"include/drivers/pci-pcat.h": 2,	exempt
p002	plan-records	plan/ws035/phase001/include-audit/amd64.json	88	include/drivers/pci-uhci.h	stale: path -> include/drivers/pci/pci-uhci.h	"include/drivers/pci-uhci.h": 2,	exempt
p002	plan-records	plan/ws035/phase001/include-audit/amd64.json	89	include/drivers/pci-xhci-capability.h	stale: path -> include/drivers/pci/pci-xhci-capability.h	"include/drivers/pci-xhci-capability.h": 1,	exempt
p002	plan-records	plan/ws035/phase001/include-audit/amd64.json	90	include/drivers/pci-xhci-control.h	stale: path -> include/drivers/pci/pci-xhci-control.h	"include/drivers/pci-xhci-control.h": 1,	exempt
p002	plan-records	plan/ws035/phase001/include-audit/amd64.json	91	include/drivers/pci-xhci-lifecycle.h	stale: path -> include/drivers/pci/pci-xhci-lifecycle.h	"include/drivers/pci-xhci-lifecycle.h": 1,	exempt
p002	plan-records	plan/ws035/phase001/include-audit/amd64.json	92	include/drivers/pci-xhci.h	stale: path -> include/drivers/pci/pci-xhci.h	"include/drivers/pci-xhci.h": 2,	exempt
p002	plan-records	plan/ws035/phase001/include-audit/amd64.json	93	include/drivers/pci.h	stale: path -> include/drivers/pci/pci.h	"include/drivers/pci.h": 9,	exempt
p002	plan-records	plan/ws035/phase001/include-audit/amd64.json	94	include/drivers/usb-cdc-ecm.h	stale: path -> include/drivers/usb/usb-cdc-ecm.h	"include/drivers/usb-cdc-ecm.h": 2,	exempt
p002	plan-records	plan/ws035/phase001/include-audit/amd64.json	95	include/drivers/usb-cdc-ncm.h	stale: path -> include/drivers/usb/usb-cdc-ncm.h	"include/drivers/usb-cdc-ncm.h": 3,	exempt
p002	plan-records	plan/ws035/phase001/include-audit/amd64.json	96	include/drivers/usb-hid.h	stale: path -> include/drivers/usb/usb-hid.h	"include/drivers/usb-hid.h": 2,	exempt
p002	plan-records	plan/ws035/phase001/include-audit/amd64.json	97	include/drivers/usb-rtl8822bu.h	stale: path -> include/drivers/usb/usb-rtl8822bu.h	"include/drivers/usb-rtl8822bu.h": 2,	exempt
p002	plan-records	plan/ws035/phase001/include-audit/amd64.json	98	include/drivers/usb-storage-bot.h	stale: path -> include/drivers/usb/usb-storage-bot.h	"include/drivers/usb-storage-bot.h": 1,	exempt
p002	plan-records	plan/ws035/phase001/include-audit/amd64.json	99	include/drivers/usb-storage-scsi.h	stale: path -> include/drivers/usb/usb-storage-scsi.h	"include/drivers/usb-storage-scsi.h": 2,	exempt
p002	plan-records	plan/ws035/phase001/include-audit/amd64.json	100	include/drivers/usb-storage.h	stale: path -> include/drivers/usb/usb-storage.h	"include/drivers/usb-storage.h": 2,	exempt
p002	plan-records	plan/ws035/phase001/include-audit/amd64.json	101	include/drivers/usb-uas.h	stale: path -> include/drivers/usb/usb-uas.h	"include/drivers/usb-uas.h": 4,	exempt
p002	plan-records	plan/ws035/phase001/include-audit/amd64.json	102	include/drivers/usb.h	stale: path -> include/drivers/usb/usb.h	"include/drivers/usb.h": 12,	exempt
p002	plan-records	plan/ws035/phase001/include-audit/i915-amd64.json	74	include/drivers/disklabel.h	stale: path -> include/drivers/disklabel/disklabel.h	"include/drivers/disklabel.h": 4,	exempt
p002	plan-records	plan/ws035/phase001/include-audit/i915-amd64.json	75	include/drivers/dma.h	stale: path -> include/drivers/generic/dma.h	"include/drivers/dma.h": 49,	exempt
p002	plan-records	plan/ws035/phase001/include-audit/i915-amd64.json	76	include/drivers/dp8390.h	stale: path -> include/drivers/ethernet/dp8390.h	"include/drivers/dp8390.h": 2,	exempt
p002	plan-records	plan/ws035/phase001/include-audit/i915-amd64.json	77	include/drivers/gpu-display.h	stale: path -> include/drivers/gpu/gpu-display.h	"include/drivers/gpu-display.h": 32,	exempt
p002	plan-records	plan/ws035/phase001/include-audit/i915-amd64.json	78	include/drivers/gpu-fence.h	stale: path -> include/drivers/gpu/gpu-fence.h	"include/drivers/gpu-fence.h": 2,	exempt
p002	plan-records	plan/ws035/phase001/include-audit/i915-amd64.json	79	include/drivers/gpu-scanout.h	stale: path -> include/drivers/gpu/gpu-scanout.h	"include/drivers/gpu-scanout.h": 32,	exempt
p002	plan-records	plan/ws035/phase001/include-audit/i915-amd64.json	80	include/drivers/gpu-share.h	stale: path -> include/drivers/gpu/gpu-share.h	"include/drivers/gpu-share.h": 32,	exempt
p002	plan-records	plan/ws035/phase001/include-audit/i915-amd64.json	81	include/drivers/gpu.h	stale: path -> include/drivers/gpu/gpu.h	"include/drivers/gpu.h": 32,	exempt
p002	plan-records	plan/ws035/phase001/include-audit/i915-amd64.json	82	include/drivers/graphics/pcat.h	stale: path -> include/drivers/platform/pcat/graphics/pcat.h	"include/drivers/graphics/pcat.h": 2,	exempt
p002	plan-records	plan/ws035/phase001/include-audit/i915-amd64.json	83	include/drivers/hid/ps2-8042.h	stale: path -> include/drivers/platform/pcat/ps2-8042.h	"include/drivers/hid/ps2-8042.h": 2,	exempt
p002	plan-records	plan/ws035/phase001/include-audit/i915-amd64.json	84	include/drivers/i915.h	stale: path -> include/drivers/pci/pci-i915.h	"include/drivers/i915.h": 4,	exempt
p002	plan-records	plan/ws035/phase001/include-audit/i915-amd64.json	85	include/drivers/pcat-ide.h	stale: path -> include/drivers/platform/pcat/pcat-ide.h	"include/drivers/pcat-ide.h": 2,	exempt
p002	plan-records	plan/ws035/phase001/include-audit/i915-amd64.json	86	include/drivers/pcat-ne2000.h	stale: path -> include/drivers/isa/pcat-ne2000.h	"include/drivers/pcat-ne2000.h": 1,	exempt
p002	plan-records	plan/ws035/phase001/include-audit/i915-amd64.json	87	include/drivers/pci-pcat.h	stale: path -> include/drivers/pci/pci-pcat.h	"include/drivers/pci-pcat.h": 2,	exempt
p002	plan-records	plan/ws035/phase001/include-audit/i915-amd64.json	88	include/drivers/pci-xhci-capability.h	stale: path -> include/drivers/pci/pci-xhci-capability.h	"include/drivers/pci-xhci-capability.h": 1,	exempt
p002	plan-records	plan/ws035/phase001/include-audit/i915-amd64.json	89	include/drivers/pci-xhci-control.h	stale: path -> include/drivers/pci/pci-xhci-control.h	"include/drivers/pci-xhci-control.h": 1,	exempt
p002	plan-records	plan/ws035/phase001/include-audit/i915-amd64.json	90	include/drivers/pci-xhci-lifecycle.h	stale: path -> include/drivers/pci/pci-xhci-lifecycle.h	"include/drivers/pci-xhci-lifecycle.h": 1,	exempt
p002	plan-records	plan/ws035/phase001/include-audit/i915-amd64.json	91	include/drivers/pci-xhci.h	stale: path -> include/drivers/pci/pci-xhci.h	"include/drivers/pci-xhci.h": 2,	exempt
p002	plan-records	plan/ws035/phase001/include-audit/i915-amd64.json	92	include/drivers/pci.h	stale: path -> include/drivers/pci/pci.h	"include/drivers/pci.h": 37,	exempt
p002	plan-records	plan/ws035/phase001/include-audit/i915-amd64.json	93	include/drivers/usb-storage-bot.h	stale: path -> include/drivers/usb/usb-storage-bot.h	"include/drivers/usb-storage-bot.h": 1,	exempt
p002	plan-records	plan/ws035/phase001/include-audit/i915-amd64.json	94	include/drivers/usb-storage-scsi.h	stale: path -> include/drivers/usb/usb-storage-scsi.h	"include/drivers/usb-storage-scsi.h": 2,	exempt
p002	plan-records	plan/ws035/phase001/include-audit/i915-amd64.json	95	include/drivers/usb-storage.h	stale: path -> include/drivers/usb/usb-storage.h	"include/drivers/usb-storage.h": 2,	exempt
p002	plan-records	plan/ws035/phase001/include-audit/i915-amd64.json	96	include/drivers/usb-uas.h	stale: path -> include/drivers/usb/usb-uas.h	"include/drivers/usb-uas.h": 4,	exempt
p002	plan-records	plan/ws035/phase001/include-audit/i915-amd64.json	97	include/drivers/usb.h	stale: path -> include/drivers/usb/usb.h	"include/drivers/usb.h": 6,	exempt
p002	plan-records	plan/ws035/phase001/include-audit/pc98.json	52	include/drivers/disklabel.h	stale: path -> include/drivers/disklabel/disklabel.h	"include/drivers/disklabel.h": 3,	exempt
p002	plan-records	plan/ws035/phase001/include-audit/pc98.json	53	include/drivers/dp8390.h	stale: path -> include/drivers/ethernet/dp8390.h	"include/drivers/dp8390.h": 2,	exempt
p002	plan-records	plan/ws035/phase001/include-audit/pc98.json	54	include/drivers/graphics/pc98.h	stale: path -> include/drivers/platform/pc98/graphics/pc98.h	"include/drivers/graphics/pc98.h": 2,	exempt
p002	plan-records	plan/ws035/phase001/include-audit/pc98.json	55	include/drivers/hid/pc98-busmouse.h	stale: path -> include/drivers/platform/pc98/pc98-busmouse.h	"include/drivers/hid/pc98-busmouse.h": 2,	exempt
p002	plan-records	plan/ws035/phase001/include-audit/pc98.json	56	include/drivers/i915.h	stale: path -> include/drivers/pci/pci-i915.h	"include/drivers/i915.h": 1,	exempt
p002	plan-records	plan/ws035/phase001/include-audit/pc98.json	57	include/drivers/pc98-lgy98.h	stale: path -> include/drivers/platform/pc98/pc98-lgy98.h	"include/drivers/pc98-lgy98.h": 2,	exempt
p002	plan-records	plan/ws035/phase001/include-audit/pcat-sim-p023.json	54	include/drivers/disklabel.h	stale: path -> include/drivers/disklabel/disklabel.h	"include/drivers/disklabel.h": 4,	exempt
p002	plan-records	plan/ws035/phase001/include-audit/pcat-sim-p023.json	55	include/drivers/dma.h	stale: path -> include/drivers/generic/dma.h	"include/drivers/dma.h": 17,	exempt
p002	plan-records	plan/ws035/phase001/include-audit/pcat-sim-p023.json	56	include/drivers/dp8390.h	stale: path -> include/drivers/ethernet/dp8390.h	"include/drivers/dp8390.h": 2,	exempt
p002	plan-records	plan/ws035/phase001/include-audit/pcat-sim-p023.json	57	include/drivers/graphics/pcat.h	stale: path -> include/drivers/platform/pcat/graphics/pcat.h	"include/drivers/graphics/pcat.h": 2,	exempt
p002	plan-records	plan/ws035/phase001/include-audit/pcat-sim-p023.json	58	include/drivers/hid/hid-report.h	stale: path -> include/drivers/usb/hid-report.h	"include/drivers/hid/hid-report.h": 1,	exempt
p002	plan-records	plan/ws035/phase001/include-audit/pcat-sim-p023.json	59	include/drivers/hid/ps2-8042.h	stale: path -> include/drivers/platform/pcat/ps2-8042.h	"include/drivers/hid/ps2-8042.h": 2,	exempt
p002	plan-records	plan/ws035/phase001/include-audit/pcat-sim-p023.json	60	include/drivers/i915.h	stale: path -> include/drivers/pci/pci-i915.h	"include/drivers/i915.h": 1,	exempt
p002	plan-records	plan/ws035/phase001/include-audit/pcat-sim-p023.json	61	include/drivers/pcat-ide.h	stale: path -> include/drivers/platform/pcat/pcat-ide.h	"include/drivers/pcat-ide.h": 2,	exempt
p002	plan-records	plan/ws035/phase001/include-audit/pcat-sim-p023.json	62	include/drivers/pcat-ne2000.h	stale: path -> include/drivers/isa/pcat-ne2000.h	"include/drivers/pcat-ne2000.h": 2,	exempt
p002	plan-records	plan/ws035/phase001/include-audit/pcat-sim-p023.json	63	include/drivers/pci-ehci.h	stale: path -> include/drivers/pci/pci-ehci.h	"include/drivers/pci-ehci.h": 2,	exempt
p002	plan-records	plan/ws035/phase001/include-audit/pcat-sim-p023.json	64	include/drivers/pci-nvme-protocol.h	stale: path -> include/drivers/pci/pci-nvme-protocol.h	"include/drivers/pci-nvme-protocol.h": 1,	exempt
p002	plan-records	plan/ws035/phase001/include-audit/pcat-sim-p023.json	65	include/drivers/pci-nvme.h	stale: path -> include/drivers/pci/pci-nvme.h	"include/drivers/pci-nvme.h": 2,	exempt
p002	plan-records	plan/ws035/phase001/include-audit/pcat-sim-p023.json	66	include/drivers/pci-pcat.h	stale: path -> include/drivers/pci/pci-pcat.h	"include/drivers/pci-pcat.h": 2,	exempt
p002	plan-records	plan/ws035/phase001/include-audit/pcat-sim-p023.json	67	include/drivers/pci-uhci.h	stale: path -> include/drivers/pci/pci-uhci.h	"include/drivers/pci-uhci.h": 2,	exempt
p002	plan-records	plan/ws035/phase001/include-audit/pcat-sim-p023.json	68	include/drivers/pci-xhci-capability.h	stale: path -> include/drivers/pci/pci-xhci-capability.h	"include/drivers/pci-xhci-capability.h": 1,	exempt
p002	plan-records	plan/ws035/phase001/include-audit/pcat-sim-p023.json	69	include/drivers/pci-xhci-control.h	stale: path -> include/drivers/pci/pci-xhci-control.h	"include/drivers/pci-xhci-control.h": 1,	exempt
p002	plan-records	plan/ws035/phase001/include-audit/pcat-sim-p023.json	70	include/drivers/pci-xhci-lifecycle.h	stale: path -> include/drivers/pci/pci-xhci-lifecycle.h	"include/drivers/pci-xhci-lifecycle.h": 1,	exempt
p002	plan-records	plan/ws035/phase001/include-audit/pcat-sim-p023.json	71	include/drivers/pci-xhci.h	stale: path -> include/drivers/pci/pci-xhci.h	"include/drivers/pci-xhci.h": 2,	exempt
p002	plan-records	plan/ws035/phase001/include-audit/pcat-sim-p023.json	72	include/drivers/pci.h	stale: path -> include/drivers/pci/pci.h	"include/drivers/pci.h": 8,	exempt
p002	plan-records	plan/ws035/phase001/include-audit/pcat-sim-p023.json	73	include/drivers/usb-cdc-ecm.h	stale: path -> include/drivers/usb/usb-cdc-ecm.h	"include/drivers/usb-cdc-ecm.h": 2,	exempt
p002	plan-records	plan/ws035/phase001/include-audit/pcat-sim-p023.json	74	include/drivers/usb-cdc-ncm.h	stale: path -> include/drivers/usb/usb-cdc-ncm.h	"include/drivers/usb-cdc-ncm.h": 3,	exempt
p002	plan-records	plan/ws035/phase001/include-audit/pcat-sim-p023.json	75	include/drivers/usb-hid.h	stale: path -> include/drivers/usb/usb-hid.h	"include/drivers/usb-hid.h": 2,	exempt
p002	plan-records	plan/ws035/phase001/include-audit/pcat-sim-p023.json	76	include/drivers/usb-rtl8822bu.h	stale: path -> include/drivers/usb/usb-rtl8822bu.h	"include/drivers/usb-rtl8822bu.h": 2,	exempt
p002	plan-records	plan/ws035/phase001/include-audit/pcat-sim-p023.json	77	include/drivers/usb-storage-bot.h	stale: path -> include/drivers/usb/usb-storage-bot.h	"include/drivers/usb-storage-bot.h": 1,	exempt
p002	plan-records	plan/ws035/phase001/include-audit/pcat-sim-p023.json	78	include/drivers/usb-storage-scsi.h	stale: path -> include/drivers/usb/usb-storage-scsi.h	"include/drivers/usb-storage-scsi.h": 2,	exempt
p002	plan-records	plan/ws035/phase001/include-audit/pcat-sim-p023.json	79	include/drivers/usb-storage.h	stale: path -> include/drivers/usb/usb-storage.h	"include/drivers/usb-storage.h": 2,	exempt
p002	plan-records	plan/ws035/phase001/include-audit/pcat-sim-p023.json	80	include/drivers/usb-uas.h	stale: path -> include/drivers/usb/usb-uas.h	"include/drivers/usb-uas.h": 4,	exempt
p002	plan-records	plan/ws035/phase001/include-audit/pcat-sim-p023.json	81	include/drivers/usb.h	stale: path -> include/drivers/usb/usb.h	"include/drivers/usb.h": 12,	exempt
p002	plan-records	plan/ws035/phase001/include-audit/pcat.json	54	include/drivers/disklabel.h	stale: path -> include/drivers/disklabel/disklabel.h	"include/drivers/disklabel.h": 4,	exempt
p002	plan-records	plan/ws035/phase001/include-audit/pcat.json	55	include/drivers/dma.h	stale: path -> include/drivers/generic/dma.h	"include/drivers/dma.h": 17,	exempt
p002	plan-records	plan/ws035/phase001/include-audit/pcat.json	56	include/drivers/dp8390.h	stale: path -> include/drivers/ethernet/dp8390.h	"include/drivers/dp8390.h": 2,	exempt
p002	plan-records	plan/ws035/phase001/include-audit/pcat.json	57	include/drivers/graphics/pcat.h	stale: path -> include/drivers/platform/pcat/graphics/pcat.h	"include/drivers/graphics/pcat.h": 2,	exempt
p002	plan-records	plan/ws035/phase001/include-audit/pcat.json	58	include/drivers/hid/hid-report.h	stale: path -> include/drivers/usb/hid-report.h	"include/drivers/hid/hid-report.h": 1,	exempt
p002	plan-records	plan/ws035/phase001/include-audit/pcat.json	59	include/drivers/hid/ps2-8042.h	stale: path -> include/drivers/platform/pcat/ps2-8042.h	"include/drivers/hid/ps2-8042.h": 2,	exempt
p002	plan-records	plan/ws035/phase001/include-audit/pcat.json	60	include/drivers/i915.h	stale: path -> include/drivers/pci/pci-i915.h	"include/drivers/i915.h": 1,	exempt
p002	plan-records	plan/ws035/phase001/include-audit/pcat.json	61	include/drivers/pcat-ide.h	stale: path -> include/drivers/platform/pcat/pcat-ide.h	"include/drivers/pcat-ide.h": 2,	exempt
p002	plan-records	plan/ws035/phase001/include-audit/pcat.json	62	include/drivers/pcat-ne2000.h	stale: path -> include/drivers/isa/pcat-ne2000.h	"include/drivers/pcat-ne2000.h": 2,	exempt
p002	plan-records	plan/ws035/phase001/include-audit/pcat.json	63	include/drivers/pci-ehci.h	stale: path -> include/drivers/pci/pci-ehci.h	"include/drivers/pci-ehci.h": 2,	exempt
p002	plan-records	plan/ws035/phase001/include-audit/pcat.json	64	include/drivers/pci-nvme-protocol.h	stale: path -> include/drivers/pci/pci-nvme-protocol.h	"include/drivers/pci-nvme-protocol.h": 1,	exempt
p002	plan-records	plan/ws035/phase001/include-audit/pcat.json	65	include/drivers/pci-nvme.h	stale: path -> include/drivers/pci/pci-nvme.h	"include/drivers/pci-nvme.h": 2,	exempt
p002	plan-records	plan/ws035/phase001/include-audit/pcat.json	66	include/drivers/pci-pcat.h	stale: path -> include/drivers/pci/pci-pcat.h	"include/drivers/pci-pcat.h": 2,	exempt
p002	plan-records	plan/ws035/phase001/include-audit/pcat.json	67	include/drivers/pci-uhci.h	stale: path -> include/drivers/pci/pci-uhci.h	"include/drivers/pci-uhci.h": 2,	exempt
p002	plan-records	plan/ws035/phase001/include-audit/pcat.json	68	include/drivers/pci-xhci-capability.h	stale: path -> include/drivers/pci/pci-xhci-capability.h	"include/drivers/pci-xhci-capability.h": 1,	exempt
p002	plan-records	plan/ws035/phase001/include-audit/pcat.json	69	include/drivers/pci-xhci-control.h	stale: path -> include/drivers/pci/pci-xhci-control.h	"include/drivers/pci-xhci-control.h": 1,	exempt
p002	plan-records	plan/ws035/phase001/include-audit/pcat.json	70	include/drivers/pci-xhci-lifecycle.h	stale: path -> include/drivers/pci/pci-xhci-lifecycle.h	"include/drivers/pci-xhci-lifecycle.h": 1,	exempt
p002	plan-records	plan/ws035/phase001/include-audit/pcat.json	71	include/drivers/pci-xhci.h	stale: path -> include/drivers/pci/pci-xhci.h	"include/drivers/pci-xhci.h": 2,	exempt
p002	plan-records	plan/ws035/phase001/include-audit/pcat.json	72	include/drivers/pci.h	stale: path -> include/drivers/pci/pci.h	"include/drivers/pci.h": 8,	exempt
p002	plan-records	plan/ws035/phase001/include-audit/pcat.json	73	include/drivers/usb-cdc-ecm.h	stale: path -> include/drivers/usb/usb-cdc-ecm.h	"include/drivers/usb-cdc-ecm.h": 2,	exempt
p002	plan-records	plan/ws035/phase001/include-audit/pcat.json	74	include/drivers/usb-cdc-ncm.h	stale: path -> include/drivers/usb/usb-cdc-ncm.h	"include/drivers/usb-cdc-ncm.h": 3,	exempt
p002	plan-records	plan/ws035/phase001/include-audit/pcat.json	75	include/drivers/usb-hid.h	stale: path -> include/drivers/usb/usb-hid.h	"include/drivers/usb-hid.h": 2,	exempt
p002	plan-records	plan/ws035/phase001/include-audit/pcat.json	76	include/drivers/usb-rtl8822bu.h	stale: path -> include/drivers/usb/usb-rtl8822bu.h	"include/drivers/usb-rtl8822bu.h": 2,	exempt
p002	plan-records	plan/ws035/phase001/include-audit/pcat.json	77	include/drivers/usb-storage-bot.h	stale: path -> include/drivers/usb/usb-storage-bot.h	"include/drivers/usb-storage-bot.h": 1,	exempt
p002	plan-records	plan/ws035/phase001/include-audit/pcat.json	78	include/drivers/usb-storage-scsi.h	stale: path -> include/drivers/usb/usb-storage-scsi.h	"include/drivers/usb-storage-scsi.h": 2,	exempt
p002	plan-records	plan/ws035/phase001/include-audit/pcat.json	79	include/drivers/usb-storage.h	stale: path -> include/drivers/usb/usb-storage.h	"include/drivers/usb-storage.h": 2,	exempt
p002	plan-records	plan/ws035/phase001/include-audit/pcat.json	80	include/drivers/usb-uas.h	stale: path -> include/drivers/usb/usb-uas.h	"include/drivers/usb-uas.h": 4,	exempt
p002	plan-records	plan/ws035/phase001/include-audit/pcat.json	81	include/drivers/usb.h	stale: path -> include/drivers/usb/usb.h	"include/drivers/usb.h": 12,	exempt
p002	plan-records	plan/ws035/phase001/include-audit/rpi4.json	44	include/drivers/disklabel.h	stale: path -> include/drivers/disklabel/disklabel.h	"include/drivers/disklabel.h": 2,	exempt
p002	plan-records	plan/ws035/phase001/include-audit/rpi4.json	45	include/drivers/i915.h	stale: path -> include/drivers/pci/pci-i915.h	"include/drivers/i915.h": 1,	exempt
p002	plan-records	plan/ws035/phase001/include-audit/sun4u.json	41	include/drivers/disklabel.h	stale: path -> include/drivers/disklabel/disklabel.h	"include/drivers/disklabel.h": 2,	exempt
p002	plan-records	plan/ws035/phase001/include-audit/sun4u.json	42	include/drivers/i915.h	stale: path -> include/drivers/pci/pci-i915.h	"include/drivers/i915.h": 1,	exempt
p002	plan-records	plan/ws035/phase001/include-audit/x68k.json	51	include/drivers/disklabel.h	stale: path -> include/drivers/disklabel/disklabel.h	"include/drivers/disklabel.h": 2,	exempt
p002	plan-records	plan/ws035/phase001/include-audit/x68k.json	52	include/drivers/i915.h	stale: path -> include/drivers/pci/pci-i915.h	"include/drivers/i915.h": 1,	exempt
p002	plan-records	plan/ws035/phase002/pre-refs/moves.tsv	2	include/drivers/disklabel.h	stale: path -> include/drivers/disklabel/disklabel.h	p002 include/drivers/disklabel.h include/drivers/disklabel/disklabel.h src/drivers/disklabel/*.c	exempt
p002	plan-records	plan/ws035/phase002/pre-refs/moves.tsv	3	include/drivers/dma.h	stale: path -> include/drivers/generic/dma.h	p002 include/drivers/dma.h include/drivers/generic/dma.h src/drivers/generic/dma.c	exempt
p002	plan-records	plan/ws035/phase002/pre-refs/moves.tsv	4	include/drivers/dp8390.h	stale: path -> include/drivers/ethernet/dp8390.h	p002 include/drivers/dp8390.h include/drivers/ethernet/dp8390.h src/drivers/ethernet/dp8390.c	exempt
p002	plan-records	plan/ws035/phase002/pre-refs/moves.tsv	5	include/drivers/gpu-display.h	stale: path -> include/drivers/gpu/gpu-display.h	p002 include/drivers/gpu-display.h include/drivers/gpu/gpu-display.h src/drivers/gpu/gpu.c	exempt
p002	plan-records	plan/ws035/phase002/pre-refs/moves.tsv	6	include/drivers/gpu-fence.h	stale: path -> include/drivers/gpu/gpu-fence.h	p002 include/drivers/gpu-fence.h include/drivers/gpu/gpu-fence.h src/drivers/gpu/gpu-fence.c	exempt
p002	plan-records	plan/ws035/phase002/pre-refs/moves.tsv	7	include/drivers/gpu-scanout.h	stale: path -> include/drivers/gpu/gpu-scanout.h	p002 include/drivers/gpu-scanout.h include/drivers/gpu/gpu-scanout.h src/drivers/gpu/gpu.c	exempt
p002	plan-records	plan/ws035/phase002/pre-refs/moves.tsv	8	include/drivers/gpu-share.h	stale: path -> include/drivers/gpu/gpu-share.h	p002 include/drivers/gpu-share.h include/drivers/gpu/gpu-share.h src/drivers/gpu/gpu.c	exempt
p002	plan-records	plan/ws035/phase002/pre-refs/moves.tsv	9	include/drivers/gpu.h	stale: path -> include/drivers/gpu/gpu.h	p002 include/drivers/gpu.h include/drivers/gpu/gpu.h src/drivers/gpu/gpu.c	exempt
p002	plan-records	plan/ws035/phase002/pre-refs/moves.tsv	10	include/drivers/graphics/pc98.h	stale: path -> include/drivers/platform/pc98/graphics/pc98.h	p002 include/drivers/graphics/pc98.h include/drivers/platform/pc98/graphics/pc98.h src/drivers/platform/pc98/graphics/pc98-graphics.c	exempt
p002	plan-records	plan/ws035/phase002/pre-refs/moves.tsv	11	include/drivers/graphics/pcat.h	stale: path -> include/drivers/platform/pcat/graphics/pcat.h	p002 include/drivers/graphics/pcat.h include/drivers/platform/pcat/graphics/pcat.h src/drivers/platform/pcat/graphics/pcat-graphics.c	exempt
p002	plan-records	plan/ws035/phase002/pre-refs/moves.tsv	12	include/drivers/hid/hid-report.h	stale: path -> include/drivers/usb/hid-report.h	p002 include/drivers/hid/hid-report.h include/drivers/usb/hid-report.h src/drivers/usb/usb-hid.c (only kernel user)	exempt
p002	plan-records	plan/ws035/phase002/pre-refs/moves.tsv	13	include/drivers/hid/pc98-busmouse.h	stale: path -> include/drivers/platform/pc98/pc98-busmouse.h	p002 include/drivers/hid/pc98-busmouse.h include/drivers/platform/pc98/pc98-busmouse.h src/drivers/platform/pc98/pc98-busmouse.c	exempt
p002	plan-records	plan/ws035/phase002/pre-refs/moves.tsv	14	include/drivers/hid/ps2-8042.h	stale: path -> include/drivers/platform/pcat/ps2-8042.h	p002 include/drivers/hid/ps2-8042.h include/drivers/platform/pcat/ps2-8042.h src/drivers/platform/pcat/ps2-8042.c	exempt
p002	plan-records	plan/ws035/phase002/pre-refs/moves.tsv	15	include/drivers/i915.h	stale: path -> include/drivers/pci/pci-i915.h	p002 include/drivers/i915.h include/drivers/pci/pci-i915.h src/drivers/gpu/i915/ (PCI registration)	exempt
p002	plan-records	plan/ws035/phase002/pre-refs/moves.tsv	16	include/drivers/pc98-lgy98.h	stale: path -> include/drivers/platform/pc98/pc98-lgy98.h	p002 include/drivers/pc98-lgy98.h include/drivers/platform/pc98/pc98-lgy98.h src/drivers/platform/pc98/pc98-lgy98.c	exempt
p002	plan-records	plan/ws035/phase002/pre-refs/moves.tsv	17	include/drivers/pcat-ide.h	stale: path -> include/drivers/platform/pcat/pcat-ide.h	p002 include/drivers/pcat-ide.h include/drivers/platform/pcat/pcat-ide.h src/drivers/platform/pcat/pcat-ide.c	exempt
p002	plan-records	plan/ws035/phase002/pre-refs/moves.tsv	18	include/drivers/pcat-ne2000.h	stale: path -> include/drivers/isa/pcat-ne2000.h	p002 include/drivers/pcat-ne2000.h include/drivers/isa/pcat-ne2000.h src/drivers/isa/ne2000.c	exempt
p002	plan-records	plan/ws035/phase002/pre-refs/moves.tsv	19	include/drivers/pci-ehci.h	stale: path -> include/drivers/pci/pci-ehci.h	p002 include/drivers/pci-ehci.h include/drivers/pci/pci-ehci.h src/drivers/pci/pci-ehci.c	exempt
p002	plan-records	plan/ws035/phase002/pre-refs/moves.tsv	20	include/drivers/pci-intel-ax211.h	stale: path -> include/drivers/wifi/intel-ax211/pci-intel-ax211.h	p002 include/drivers/pci-intel-ax211.h include/drivers/wifi/intel-ax211/pci-intel-ax211.h src/drivers/wifi/intel-ax211/intel-ax211.c	exempt
p002	plan-records	plan/ws035/phase002/pre-refs/moves.tsv	21	include/drivers/pci-nvme-protocol.h	stale: path -> include/drivers/pci/pci-nvme-protocol.h	p002 include/drivers/pci-nvme-protocol.h include/drivers/pci/pci-nvme-protocol.h src/drivers/pci/pci-nvme.c	exempt
p002	plan-records	plan/ws035/phase002/pre-refs/moves.tsv	22	include/drivers/pci-nvme.h	stale: path -> include/drivers/pci/pci-nvme.h	p002 include/drivers/pci-nvme.h include/drivers/pci/pci-nvme.h src/drivers/pci/pci-nvme.c	exempt
p002	plan-records	plan/ws035/phase002/pre-refs/moves.tsv	23	include/drivers/pci-pcat.h	stale: path -> include/drivers/pci/pci-pcat.h	p002 include/drivers/pci-pcat.h include/drivers/pci/pci-pcat.h src/drivers/pci/pci-pcat.c	exempt
p002	plan-records	plan/ws035/phase002/pre-refs/moves.tsv	24	include/drivers/pci-uhci.h	stale: path -> include/drivers/pci/pci-uhci.h	p002 include/drivers/pci-uhci.h include/drivers/pci/pci-uhci.h src/drivers/pci/pci-uhci.c	exempt
p002	plan-records	plan/ws035/phase002/pre-refs/moves.tsv	25	include/drivers/pci-xhci-capability.h	stale: path -> include/drivers/pci/pci-xhci-capability.h	p002 include/drivers/pci-xhci-capability.h include/drivers/pci/pci-xhci-capability.h src/drivers/pci/pci-xhci.c	exempt
p002	plan-records	plan/ws035/phase002/pre-refs/moves.tsv	26	include/drivers/pci-xhci-control.h	stale: path -> include/drivers/pci/pci-xhci-control.h	p002 include/drivers/pci-xhci-control.h include/drivers/pci/pci-xhci-control.h src/drivers/pci/pci-xhci.c	exempt
p002	plan-records	plan/ws035/phase002/pre-refs/moves.tsv	27	include/drivers/pci-xhci-lifecycle.h	stale: path -> include/drivers/pci/pci-xhci-lifecycle.h	p002 include/drivers/pci-xhci-lifecycle.h include/drivers/pci/pci-xhci-lifecycle.h src/drivers/pci/pci-xhci.c	exempt
p002	plan-records	plan/ws035/phase002/pre-refs/moves.tsv	28	include/drivers/pci-xhci.h	stale: path -> include/drivers/pci/pci-xhci.h	p002 include/drivers/pci-xhci.h include/drivers/pci/pci-xhci.h src/drivers/pci/pci-xhci.c	exempt
p002	plan-records	plan/ws035/phase002/pre-refs/moves.tsv	29	include/drivers/pci.h	stale: path -> include/drivers/pci/pci.h	p002 include/drivers/pci.h include/drivers/pci/pci.h src/drivers/pci/pci.c	exempt
p002	plan-records	plan/ws035/phase002/pre-refs/moves.tsv	30	include/drivers/usb-cdc-ecm.h	stale: path -> include/drivers/usb/usb-cdc-ecm.h	p002 include/drivers/usb-cdc-ecm.h include/drivers/usb/usb-cdc-ecm.h src/drivers/usb/usb-cdc-ecm.c	exempt
p002	plan-records	plan/ws035/phase002/pre-refs/moves.tsv	31	include/drivers/usb-cdc-ncm.h	stale: path -> include/drivers/usb/usb-cdc-ncm.h	p002 include/drivers/usb-cdc-ncm.h include/drivers/usb/usb-cdc-ncm.h src/drivers/usb/usb-cdc-ncm.c	exempt
p002	plan-records	plan/ws035/phase002/pre-refs/moves.tsv	32	include/drivers/usb-hid.h	stale: path -> include/drivers/usb/usb-hid.h	p002 include/drivers/usb-hid.h include/drivers/usb/usb-hid.h src/drivers/usb/usb-hid.c	exempt
p002	plan-records	plan/ws035/phase002/pre-refs/moves.tsv	33	include/drivers/usb-rtl8822bu.h	stale: path -> include/drivers/usb/usb-rtl8822bu.h	p002 include/drivers/usb-rtl8822bu.h include/drivers/usb/usb-rtl8822bu.h src/drivers/usb/usb-rtl8822bu.c	exempt
p002	plan-records	plan/ws035/phase002/pre-refs/moves.tsv	34	include/drivers/usb-storage-bot.h	stale: path -> include/drivers/usb/usb-storage-bot.h	p002 include/drivers/usb-storage-bot.h include/drivers/usb/usb-storage-bot.h src/drivers/usb/usb-storage.c	exempt
p002	plan-records	plan/ws035/phase002/pre-refs/moves.tsv	35	include/drivers/usb-storage-scsi.h	stale: path -> include/drivers/usb/usb-storage-scsi.h	p002 include/drivers/usb-storage-scsi.h include/drivers/usb/usb-storage-scsi.h src/drivers/usb/usb-storage.c	exempt
p002	plan-records	plan/ws035/phase002/pre-refs/moves.tsv	36	include/drivers/usb-storage.h	stale: path -> include/drivers/usb/usb-storage.h	p002 include/drivers/usb-storage.h include/drivers/usb/usb-storage.h src/drivers/usb/usb-storage.c	exempt
p002	plan-records	plan/ws035/phase002/pre-refs/moves.tsv	37	include/drivers/usb-uas.h	stale: path -> include/drivers/usb/usb-uas.h	p002 include/drivers/usb-uas.h include/drivers/usb/usb-uas.h src/drivers/usb/usb-uas*.c	exempt
p002	plan-records	plan/ws035/phase002/pre-refs/moves.tsv	38	include/drivers/usb.h	stale: path -> include/drivers/usb/usb.h	p002 include/drivers/usb.h include/drivers/usb/usb.h src/drivers/usb/usb.c	exempt
p002	plan-records	plan/ws035/phase002/pre-refs/moves.tsv	39	include/drivers/venus.h	stale: path -> include/drivers/pci/pci-venus.h	p002 include/drivers/venus.h include/drivers/pci/pci-venus.h src/drivers/gpu/venus/venus.c (PCI registration)	exempt
p002	plan-records	plan/ws035/phase002/pre-refs/refs.tsv	2	include/drivers/gpu-share.h	stale: path -> include/drivers/gpu/gpu-share.h	p002 c-include include/drivers/gpu-share.h 16 include/drivers/gpu-scanout.h drivers/gpu-scanout.h -> drivers/gpu/gpu-scanout.h #include <drivers/gpu-scanout.h>	exempt
p002	plan-records	plan/ws035/phase002/pre-refs/refs.tsv	2	include/drivers/gpu-scanout.h	stale: path -> include/drivers/gpu/gpu-scanout.h	p002 c-include include/drivers/gpu-share.h 16 include/drivers/gpu-scanout.h drivers/gpu-scanout.h -> drivers/gpu/gpu-scanout.h #include <drivers/gpu-scanout.h>	exempt
p002	plan-records	plan/ws035/phase002/pre-refs/refs.tsv	3	include/drivers/gpu.h	stale: path -> include/drivers/gpu/gpu.h	p002 c-include include/drivers/gpu.h 16 include/drivers/gpu-display.h drivers/gpu-display.h -> drivers/gpu/gpu-display.h #include <drivers/gpu-display.h>	exempt
p002	plan-records	plan/ws035/phase002/pre-refs/refs.tsv	3	include/drivers/gpu-display.h	stale: path -> include/drivers/gpu/gpu-display.h	p002 c-include include/drivers/gpu.h 16 include/drivers/gpu-display.h drivers/gpu-display.h -> drivers/gpu/gpu-display.h #include <drivers/gpu-display.h>	exempt
p002	plan-records	plan/ws035/phase002/pre-refs/refs.tsv	4	include/drivers/gpu.h	stale: path -> include/drivers/gpu/gpu.h	p002 c-include include/drivers/gpu.h 17 include/drivers/gpu-share.h drivers/gpu-share.h -> drivers/gpu/gpu-share.h #include <drivers/gpu-share.h>	exempt
p002	plan-records	plan/ws035/phase002/pre-refs/refs.tsv	4	include/drivers/gpu-share.h	stale: path -> include/drivers/gpu/gpu-share.h	p002 c-include include/drivers/gpu.h 17 include/drivers/gpu-share.h drivers/gpu-share.h -> drivers/gpu/gpu-share.h #include <drivers/gpu-share.h>	exempt
p002	plan-records	plan/ws035/phase002/pre-refs/refs.tsv	5	include/drivers/gpu.h	stale: path -> include/drivers/gpu/gpu.h	p002 c-include include/drivers/gpu.h 18 include/drivers/gpu-scanout.h drivers/gpu-scanout.h -> drivers/gpu/gpu-scanout.h #include <drivers/gpu-scanout.h>	exempt
p002	plan-records	plan/ws035/phase002/pre-refs/refs.tsv	5	include/drivers/gpu-scanout.h	stale: path -> include/drivers/gpu/gpu-scanout.h	p002 c-include include/drivers/gpu.h 18 include/drivers/gpu-scanout.h drivers/gpu-scanout.h -> drivers/gpu/gpu-scanout.h #include <drivers/gpu-scanout.h>	exempt
p002	plan-records	plan/ws035/phase002/pre-refs/refs.tsv	6	include/drivers/pci-xhci-control.h	stale: path -> include/drivers/pci/pci-xhci-control.h	p002 c-include include/drivers/pci-xhci-control.h 15 include/drivers/usb.h drivers/usb.h -> drivers/usb/usb.h #include <drivers/usb.h>	exempt
p002	plan-records	plan/ws035/phase002/pre-refs/refs.tsv	6	include/drivers/usb.h	stale: path -> include/drivers/usb/usb.h	p002 c-include include/drivers/pci-xhci-control.h 15 include/drivers/usb.h drivers/usb.h -> drivers/usb/usb.h #include <drivers/usb.h>	exempt
p002	plan-records	plan/ws035/phase002/pre-refs/refs.tsv	7	include/drivers/pci.h	stale: path -> include/drivers/pci/pci.h	p002 c-include include/drivers/pci.h 22 include/drivers/dma.h drivers/dma.h -> drivers/generic/dma.h #include <drivers/dma.h>	exempt
p002	plan-records	plan/ws035/phase002/pre-refs/refs.tsv	7	include/drivers/dma.h	stale: path -> include/drivers/generic/dma.h	p002 c-include include/drivers/pci.h 22 include/drivers/dma.h drivers/dma.h -> drivers/generic/dma.h #include <drivers/dma.h>	exempt
p002	plan-records	plan/ws035/phase002/pre-refs/refs.tsv	8	include/drivers/usb.h	stale: path -> include/drivers/usb/usb.h	p002 c-include include/drivers/usb.h 25 include/drivers/dma.h drivers/dma.h -> drivers/generic/dma.h #include <drivers/dma.h>	exempt
p002	plan-records	plan/ws035/phase002/pre-refs/refs.tsv	8	include/drivers/dma.h	stale: path -> include/drivers/generic/dma.h	p002 c-include include/drivers/usb.h 25 include/drivers/dma.h drivers/dma.h -> drivers/generic/dma.h #include <drivers/dma.h>	exempt
p002	plan-records	plan/ws035/phase002/pre-refs/refs.tsv	9	include/drivers/disklabel.h	stale: path -> include/drivers/disklabel/disklabel.h	p002 c-include src/drivers/disklabel/gpt.c 12 include/drivers/disklabel.h drivers/disklabel.h -> drivers/disklabel/disklabel.h #include <drivers/disklabel.h>	exempt
p002	plan-records	plan/ws035/phase002/pre-refs/refs.tsv	10	include/drivers/disklabel.h	stale: path -> include/drivers/disklabel/disklabel.h	p002 c-include src/drivers/disklabel/mbr.c 11 include/drivers/disklabel.h drivers/disklabel.h -> drivers/disklabel/disklabel.h #include <drivers/disklabel.h>	exempt
p002	plan-records	plan/ws035/phase002/pre-refs/refs.tsv	11	include/drivers/disklabel.h	stale: path -> include/drivers/disklabel/disklabel.h	p002 c-include src/drivers/disklabel/pc98.c 12 include/drivers/disklabel.h drivers/disklabel.h -> drivers/disklabel/disklabel.h #include <drivers/disklabel.h>	exempt
p002	plan-records	plan/ws035/phase002/pre-refs/refs.tsv	12	include/drivers/disklabel.h	stale: path -> include/drivers/disklabel/disklabel.h	p002 c-include src/drivers/disklabel/pcat.c 12 include/drivers/disklabel.h drivers/disklabel.h -> drivers/disklabel/disklabel.h #include <drivers/disklabel.h>	exempt
p002	plan-records	plan/ws035/phase002/pre-refs/refs.tsv	13	include/drivers/disklabel.h	stale: path -> include/drivers/disklabel/disklabel.h	p002 c-include src/drivers/disklabel/sun.c 12 include/drivers/disklabel.h drivers/disklabel.h -> drivers/disklabel/disklabel.h #include <drivers/disklabel.h>	exempt
p002	plan-records	plan/ws035/phase002/pre-refs/refs.tsv	14	include/drivers/disklabel.h	stale: path -> include/drivers/disklabel/disklabel.h	p002 c-include src/drivers/disklabel/x68k.c 12 include/drivers/disklabel.h drivers/disklabel.h -> drivers/disklabel/disklabel.h #include <drivers/disklabel.h>	exempt
p002	plan-records	plan/ws035/phase002/pre-refs/refs.tsv	15	include/drivers/dp8390.h	stale: path -> include/drivers/ethernet/dp8390.h	p002 c-include src/drivers/ethernet/dp8390.c 12 include/drivers/dp8390.h drivers/dp8390.h -> drivers/ethernet/dp8390.h #include "drivers/dp8390.h"	exempt
p002	plan-records	plan/ws035/phase002/pre-refs/refs.tsv	16	include/drivers/dma.h	stale: path -> include/drivers/generic/dma.h	p002 c-include src/drivers/generic/dma.c 12 include/drivers/dma.h drivers/dma.h -> drivers/generic/dma.h #include <drivers/dma.h>	exempt
p002	plan-records	plan/ws035/phase002/pre-refs/refs.tsv	17	include/drivers/gpu-fence.h	stale: path -> include/drivers/gpu/gpu-fence.h	p002 c-include src/drivers/gpu/gpu-fence.c 14 include/drivers/gpu-fence.h drivers/gpu-fence.h -> drivers/gpu/gpu-fence.h #include <drivers/gpu-fence.h>	exempt
p002	plan-records	plan/ws035/phase002/pre-refs/refs.tsv	18	include/drivers/gpu.h	stale: path -> include/drivers/gpu/gpu.h	p002 c-include src/drivers/gpu/gpu.c 13 include/drivers/gpu.h drivers/gpu.h -> drivers/gpu/gpu.h #include <drivers/gpu.h>	exempt
p002	plan-records	plan/ws035/phase002/pre-refs/refs.tsv	19	include/drivers/gpu-scanout.h	stale: path -> include/drivers/gpu/gpu-scanout.h	p002 c-include src/drivers/gpu/gpu.c 14 include/drivers/gpu-scanout.h drivers/gpu-scanout.h -> drivers/gpu/gpu-scanout.h #include <drivers/gpu-scanout.h>	exempt
p002	plan-records	plan/ws035/phase002/pre-refs/refs.tsv	20	include/drivers/gpu-fence.h	stale: path -> include/drivers/gpu/gpu-fence.h	p002 c-include src/drivers/gpu/gpu.c 18 include/drivers/gpu-fence.h drivers/gpu-fence.h -> drivers/gpu/gpu-fence.h #include <drivers/gpu-fence.h>	exempt
p002	plan-records	plan/ws035/phase002/pre-refs/refs.tsv	21	include/drivers/gpu.h	stale: path -> include/drivers/gpu/gpu.h	p002 c-include src/drivers/gpu/i915-old/i915.c 21 include/drivers/gpu.h drivers/gpu.h -> drivers/gpu/gpu.h #include <drivers/gpu.h>	exempt
p002	plan-records	plan/ws035/phase002/pre-refs/refs.tsv	22	include/drivers/i915.h	stale: path -> include/drivers/pci/pci-i915.h	p002 c-include src/drivers/gpu/i915-old/i915.c 22 include/drivers/i915.h drivers/i915.h -> drivers/pci/pci-i915.h #include <drivers/i915.h>	exempt
p002	plan-records	plan/ws035/phase002/pre-refs/refs.tsv	23	include/drivers/gpu-display.h	stale: path -> include/drivers/gpu/gpu-display.h	p002 c-include src/drivers/gpu/i915-old/i915.c 32 include/drivers/gpu-display.h drivers/gpu-display.h -> drivers/gpu/gpu-display.h #include <drivers/gpu-display.h>	exempt
p002	plan-records	plan/ws035/phase002/pre-refs/refs.tsv	24	include/drivers/gpu-scanout.h	stale: path -> include/drivers/gpu/gpu-scanout.h	p002 c-include src/drivers/gpu/i915-old/i915.c 33 include/drivers/gpu-scanout.h drivers/gpu-scanout.h -> drivers/gpu/gpu-scanout.h #include <drivers/gpu-scanout.h>	exempt
p002	plan-records	plan/ws035/phase002/pre-refs/refs.tsv	25	include/drivers/gpu-share.h	stale: path -> include/drivers/gpu/gpu-share.h	p002 c-include src/drivers/gpu/i915-old/i915.c 34 include/drivers/gpu-share.h drivers/gpu-share.h -> drivers/gpu/gpu-share.h #include <drivers/gpu-share.h>	exempt
p002	plan-records	plan/ws035/phase002/pre-refs/refs.tsv	26	include/drivers/pci.h	stale: path -> include/drivers/pci/pci.h	p002 c-include src/drivers/gpu/i915-old/internal.h 19 include/drivers/pci.h drivers/pci.h -> drivers/pci/pci.h #include <drivers/pci.h>	exempt
p002	plan-records	plan/ws035/phase002/pre-refs/refs.tsv	27	include/drivers/dma.h	stale: path -> include/drivers/generic/dma.h	p002 c-include src/drivers/gpu/i915-old/parity/backend_dma.c 11 include/drivers/dma.h drivers/dma.h -> drivers/generic/dma.h #include <drivers/dma.h>	exempt
p002	plan-records	plan/ws035/phase002/pre-refs/refs.tsv	28	include/drivers/dma.h	stale: path -> include/drivers/generic/dma.h	p002 c-include src/drivers/gpu/i915-old/parity/gt_mem.c 16 include/drivers/dma.h drivers/dma.h -> drivers/generic/dma.h #include <drivers/dma.h>	exempt
p002	plan-records	plan/ws035/phase002/pre-refs/refs.tsv	29	include/drivers/dma.h	stale: path -> include/drivers/generic/dma.h	p002 c-include src/drivers/gpu/i915-old/parity/gt_mem.h 39 include/drivers/dma.h drivers/dma.h -> drivers/generic/dma.h #include <drivers/dma.h>	exempt
p002	plan-records	plan/ws035/phase002/pre-refs/refs.tsv	30	include/drivers/dma.h	stale: path -> include/drivers/generic/dma.h	p002 c-include src/drivers/gpu/i915-old/parity/ktest.c 54 include/drivers/dma.h drivers/dma.h -> drivers/generic/dma.h #include <drivers/dma.h>	exempt
p002	plan-records	plan/ws035/phase002/pre-refs/refs.tsv	31	include/drivers/pci.h	stale: path -> include/drivers/pci/pci.h	p002 c-include src/drivers/gpu/i915-old/parity/pch.c 6 include/drivers/pci.h drivers/pci.h -> drivers/pci/pci.h #include <drivers/pci.h>	exempt
p002	plan-records	plan/ws035/phase002/pre-refs/refs.tsv	32	include/drivers/dma.h	stale: path -> include/drivers/generic/dma.h	p002 c-include src/drivers/gpu/i915-old/parity/probe.c 12 include/drivers/dma.h drivers/dma.h -> drivers/generic/dma.h #include <drivers/dma.h>	exempt
p002	plan-records	plan/ws035/phase002/pre-refs/refs.tsv	33	include/drivers/gpu.h	stale: path -> include/drivers/gpu/gpu.h	p002 c-include src/drivers/gpu/i915-old/parity/resident_display.c 35 include/drivers/gpu.h drivers/gpu.h -> drivers/gpu/gpu.h #include <drivers/gpu.h>	exempt
p002	plan-records	plan/ws035/phase002/pre-refs/refs.tsv	34	include/drivers/gpu-display.h	stale: path -> include/drivers/gpu/gpu-display.h	p002 c-include src/drivers/gpu/i915-old/parity/resident_display.c 36 include/drivers/gpu-display.h drivers/gpu-display.h -> drivers/gpu/gpu-display.h #include <drivers/gpu-display.h>	exempt
p002	plan-records	plan/ws035/phase002/pre-refs/refs.tsv	35	include/drivers/gpu-scanout.h	stale: path -> include/drivers/gpu/gpu-scanout.h	p002 c-include src/drivers/gpu/i915-old/parity/resident_display.c 37 include/drivers/gpu-scanout.h drivers/gpu-scanout.h -> drivers/gpu/gpu-scanout.h #include <drivers/gpu-scanout.h>	exempt
p002	plan-records	plan/ws035/phase002/pre-refs/refs.tsv	36	include/drivers/pci.h	stale: path -> include/drivers/pci/pci.h	p002 c-include src/drivers/gpu/i915-old/parity/vga.c 14 include/drivers/pci.h drivers/pci.h -> drivers/pci/pci.h #include <drivers/pci.h>	exempt
p002	plan-records	plan/ws035/phase002/pre-refs/refs.tsv	37	include/drivers/gpu.h	stale: path -> include/drivers/gpu/gpu.h	p002 c-include src/drivers/gpu/i915-old/request.c 25 include/drivers/gpu.h drivers/gpu.h -> drivers/gpu/gpu.h #include <drivers/gpu.h>	exempt
p002	plan-records	plan/ws035/phase002/pre-refs/refs.tsv	38	include/drivers/gpu.h	stale: path -> include/drivers/gpu/gpu.h	p002 c-include src/drivers/gpu/i915/command.c 32 include/drivers/gpu.h drivers/gpu.h -> drivers/gpu/gpu.h #include <drivers/gpu.h>	exempt
p002	plan-records	plan/ws035/phase002/pre-refs/refs.tsv	39	include/drivers/dma.h	stale: path -> include/drivers/generic/dma.h	p002 c-include src/drivers/gpu/i915/device.c 29 include/drivers/dma.h drivers/dma.h -> drivers/generic/dma.h #include <drivers/dma.h>	exempt
p002	plan-records	plan/ws035/phase002/pre-refs/refs.tsv	40	include/drivers/i915.h	stale: path -> include/drivers/pci/pci-i915.h	p002 c-include src/drivers/gpu/i915/device.c 30 include/drivers/i915.h drivers/i915.h -> drivers/pci/pci-i915.h #include <drivers/i915.h>	exempt
p002	plan-records	plan/ws035/phase002/pre-refs/refs.tsv	41	include/drivers/pci.h	stale: path -> include/drivers/pci/pci.h	p002 c-include src/drivers/gpu/i915/device.c 31 include/drivers/pci.h drivers/pci.h -> drivers/pci/pci.h #include <drivers/pci.h>	exempt
p002	plan-records	plan/ws035/phase002/pre-refs/refs.tsv	42	include/drivers/gpu.h	stale: path -> include/drivers/gpu/gpu.h	p002 c-include src/drivers/gpu/i915/display/capture.c 93 include/drivers/gpu.h drivers/gpu.h -> drivers/gpu/gpu.h #include <drivers/gpu.h>	exempt
p002	plan-records	plan/ws035/phase002/pre-refs/refs.tsv	43	include/drivers/gpu-display.h	stale: path -> include/drivers/gpu/gpu-display.h	p002 c-include src/drivers/gpu/i915/display/capture.c 94 include/drivers/gpu-display.h drivers/gpu-display.h -> drivers/gpu/gpu-display.h #include <drivers/gpu-display.h>	exempt
p002	plan-records	plan/ws035/phase002/pre-refs/refs.tsv	44	include/drivers/gpu.h	stale: path -> include/drivers/gpu/gpu.h	p002 c-include src/drivers/gpu/i915/display/display.c 57 include/drivers/gpu.h drivers/gpu.h -> drivers/gpu/gpu.h #include <drivers/gpu.h>	exempt
p002	plan-records	plan/ws035/phase002/pre-refs/refs.tsv	45	include/drivers/gpu-display.h	stale: path -> include/drivers/gpu/gpu-display.h	p002 c-include src/drivers/gpu/i915/display/display.c 58 include/drivers/gpu-display.h drivers/gpu-display.h -> drivers/gpu/gpu-display.h #include <drivers/gpu-display.h>	exempt
p002	plan-records	plan/ws035/phase002/pre-refs/refs.tsv	46	include/drivers/gpu-scanout.h	stale: path -> include/drivers/gpu/gpu-scanout.h	p002 c-include src/drivers/gpu/i915/display/display.c 59 include/drivers/gpu-scanout.h drivers/gpu-scanout.h -> drivers/gpu/gpu-scanout.h #include <drivers/gpu-scanout.h>	exempt
p002	plan-records	plan/ws035/phase002/pre-refs/refs.tsv	47	include/drivers/pci.h	stale: path -> include/drivers/pci/pci.h	p002 c-include src/drivers/gpu/i915/display/display.c 60 include/drivers/pci.h drivers/pci.h -> drivers/pci/pci.h #include <drivers/pci.h>	exempt
p002	plan-records	plan/ws035/phase002/pre-refs/refs.tsv	48	include/drivers/gpu.h	stale: path -> include/drivers/gpu/gpu.h	p002 c-include src/drivers/gpu/i915/display/present.c 52 include/drivers/gpu.h drivers/gpu.h -> drivers/gpu/gpu.h #include <drivers/gpu.h>	exempt
p002	plan-records	plan/ws035/phase002/pre-refs/refs.tsv	49	include/drivers/gpu-display.h	stale: path -> include/drivers/gpu/gpu-display.h	p002 c-include src/drivers/gpu/i915/display/present.c 53 include/drivers/gpu-display.h drivers/gpu-display.h -> drivers/gpu/gpu-display.h #include <drivers/gpu-display.h>	exempt
p002	plan-records	plan/ws035/phase002/pre-refs/refs.tsv	50	include/drivers/gpu.h	stale: path -> include/drivers/gpu/gpu.h	p002 c-include src/drivers/gpu/i915/display/scanout.c 46 include/drivers/gpu.h drivers/gpu.h -> drivers/gpu/gpu.h #include <drivers/gpu.h>	exempt
p002	plan-records	plan/ws035/phase002/pre-refs/refs.tsv	51	include/drivers/gpu-scanout.h	stale: path -> include/drivers/gpu/gpu-scanout.h	p002 c-include src/drivers/gpu/i915/display/scanout.c 47 include/drivers/gpu-scanout.h drivers/gpu-scanout.h -> drivers/gpu/gpu-scanout.h #include <drivers/gpu-scanout.h>	exempt
p002	plan-records	plan/ws035/phase002/pre-refs/refs.tsv	52	include/drivers/pci.h	stale: path -> include/drivers/pci/pci.h	p002 c-include src/drivers/gpu/i915/display/takeover.c 76 include/drivers/pci.h drivers/pci.h -> drivers/pci/pci.h #include <drivers/pci.h>	exempt
p002	plan-records	plan/ws035/phase002/pre-refs/refs.tsv	53	include/drivers/dma.h	stale: path -> include/drivers/generic/dma.h	p002 c-include src/drivers/gpu/i915/dma.c 23 include/drivers/dma.h drivers/dma.h -> drivers/generic/dma.h #include <drivers/dma.h>	exempt
p002	plan-records	plan/ws035/phase002/pre-refs/refs.tsv	54	include/drivers/dma.h	stale: path -> include/drivers/generic/dma.h	p002 c-include src/drivers/gpu/i915/gt.h 19 include/drivers/dma.h drivers/dma.h -> drivers/generic/dma.h #include <drivers/dma.h>	exempt
p002	plan-records	plan/ws035/phase002/pre-refs/refs.tsv	55	include/drivers/pci.h	stale: path -> include/drivers/pci/pci.h	p002 c-include src/drivers/gpu/i915/gt.h 20 include/drivers/pci.h drivers/pci.h -> drivers/pci/pci.h #include <drivers/pci.h>	exempt
p002	plan-records	plan/ws035/phase002/pre-refs/refs.tsv	56	include/drivers/gpu.h	stale: path -> include/drivers/gpu/gpu.h	p002 c-include src/drivers/gpu/i915/i915.c 27 include/drivers/gpu.h drivers/gpu.h -> drivers/gpu/gpu.h #include <drivers/gpu.h>	exempt
p002	plan-records	plan/ws035/phase002/pre-refs/refs.tsv	57	include/drivers/i915.h	stale: path -> include/drivers/pci/pci-i915.h	p002 c-include src/drivers/gpu/i915/i915.c 28 include/drivers/i915.h drivers/i915.h -> drivers/pci/pci-i915.h #include <drivers/i915.h>	exempt
p002	plan-records	plan/ws035/phase002/pre-refs/refs.tsv	58	include/drivers/pci.h	stale: path -> include/drivers/pci/pci.h	p002 c-include src/drivers/gpu/i915/i915.c 29 include/drivers/pci.h drivers/pci.h -> drivers/pci/pci.h #include <drivers/pci.h>	exempt
p002	plan-records	plan/ws035/phase002/pre-refs/refs.tsv	59	include/drivers/gpu.h	stale: path -> include/drivers/gpu/gpu.h	p002 c-include src/drivers/gpu/i915/i915.h 19 include/drivers/gpu.h drivers/gpu.h -> drivers/gpu/gpu.h #include <drivers/gpu.h>	exempt
p002	plan-records	plan/ws035/phase002/pre-refs/refs.tsv	60	include/drivers/pci.h	stale: path -> include/drivers/pci/pci.h	p002 c-include src/drivers/gpu/i915/i915.h 20 include/drivers/pci.h drivers/pci.h -> drivers/pci/pci.h #include <drivers/pci.h>	exempt
p002	plan-records	plan/ws035/phase002/pre-refs/refs.tsv	61	include/drivers/gpu.h	stale: path -> include/drivers/gpu/gpu.h	p002 c-include src/drivers/gpu/i915/job.c 25 include/drivers/gpu.h drivers/gpu.h -> drivers/gpu/gpu.h #include <drivers/gpu.h>	exempt
p002	plan-records	plan/ws035/phase002/pre-refs/refs.tsv	62	include/drivers/dma.h	stale: path -> include/drivers/generic/dma.h	p002 c-include src/drivers/gpu/i915/memory.c 26 include/drivers/dma.h drivers/dma.h -> drivers/generic/dma.h #include <drivers/dma.h>	exempt
p002	plan-records	plan/ws035/phase002/pre-refs/refs.tsv	63	include/drivers/dma.h	stale: path -> include/drivers/generic/dma.h	p002 c-include src/drivers/gpu/i915/memory.h 33 include/drivers/dma.h drivers/dma.h -> drivers/generic/dma.h #include <drivers/dma.h>	exempt
p002	plan-records	plan/ws035/phase002/pre-refs/refs.tsv	64	include/drivers/pci.h	stale: path -> include/drivers/pci/pci.h	p002 c-include src/drivers/gpu/i915/pci.c 21 include/drivers/pci.h drivers/pci.h -> drivers/pci/pci.h #include <drivers/pci.h>	exempt
p002	plan-records	plan/ws035/phase002/pre-refs/refs.tsv	65	include/drivers/gpu.h	stale: path -> include/drivers/gpu/gpu.h	p002 c-include src/drivers/gpu/i915/request-queue.c 20 include/drivers/gpu.h drivers/gpu.h -> drivers/gpu/gpu.h #include <drivers/gpu.h>	exempt
p002	plan-records	plan/ws035/phase002/pre-refs/refs.tsv	66	include/drivers/gpu.h	stale: path -> include/drivers/gpu/gpu.h	p002 c-include src/drivers/gpu/i915/reset.c 29 include/drivers/gpu.h drivers/gpu.h -> drivers/gpu/gpu.h #include <drivers/gpu.h>	exempt
p002	plan-records	plan/ws035/phase002/pre-refs/refs.tsv	67	include/drivers/gpu.h	stale: path -> include/drivers/gpu/gpu.h	p002 c-include src/drivers/gpu/i915/resource.c 28 include/drivers/gpu.h drivers/gpu.h -> drivers/gpu/gpu.h #include <drivers/gpu.h>	exempt
p002	plan-records	plan/ws035/phase002/pre-refs/refs.tsv	68	include/drivers/gpu-share.h	stale: path -> include/drivers/gpu/gpu-share.h	p002 c-include src/drivers/gpu/i915/resource.c 29 include/drivers/gpu-share.h drivers/gpu-share.h -> drivers/gpu/gpu-share.h #include <drivers/gpu-share.h>	exempt
p002	plan-records	plan/ws035/phase002/pre-refs/refs.tsv	69	include/drivers/gpu.h	stale: path -> include/drivers/gpu/gpu.h	p002 c-include src/drivers/gpu/i915/session.c 27 include/drivers/gpu.h drivers/gpu.h -> drivers/gpu/gpu.h #include <drivers/gpu.h>	exempt
p002	plan-records	plan/ws035/phase002/pre-refs/refs.tsv	70	include/drivers/dma.h	stale: path -> include/drivers/generic/dma.h	p002 c-include src/drivers/gpu/i915/tests/contracts/host_unreached.c 23 include/drivers/dma.h drivers/dma.h -> drivers/generic/dma.h #include <drivers/dma.h>	exempt
p002	plan-records	plan/ws035/phase002/pre-refs/refs.tsv	71	include/drivers/pci.h	stale: path -> include/drivers/pci/pci.h	p002 c-include src/drivers/gpu/i915/tests/contracts/host_unreached.c 24 include/drivers/pci.h drivers/pci.h -> drivers/pci/pci.h #include <drivers/pci.h>	exempt
p002	plan-records	plan/ws035/phase002/pre-refs/refs.tsv	72	include/drivers/pci.h	stale: path -> include/drivers/pci/pci.h	p002 c-include src/drivers/gpu/i915/tests/display/host-kernel.c 45 include/drivers/pci.h drivers/pci.h -> drivers/pci/pci.h #include <drivers/pci.h>	exempt
p002	plan-records	plan/ws035/phase002/pre-refs/refs.tsv	73	include/drivers/dma.h	stale: path -> include/drivers/generic/dma.h	p002 c-include src/drivers/gpu/i915/tests/display/lcd-show-ktest.c 55 include/drivers/dma.h drivers/dma.h -> drivers/generic/dma.h #include <drivers/dma.h>	exempt
p002	plan-records	plan/ws035/phase002/pre-refs/refs.tsv	74	include/drivers/dma.h	stale: path -> include/drivers/generic/dma.h	p002 c-include src/drivers/gpu/i915/tests/display/lcdg-ktest.c 46 include/drivers/dma.h drivers/dma.h -> drivers/generic/dma.h #include <drivers/dma.h>	exempt
p002	plan-records	plan/ws035/phase002/pre-refs/refs.tsv	75	include/drivers/dma.h	stale: path -> include/drivers/generic/dma.h	p002 c-include src/drivers/gpu/i915/tests/display/scanout-ktest.c 28 include/drivers/dma.h drivers/dma.h -> drivers/generic/dma.h #include <drivers/dma.h>	exempt
p002	plan-records	plan/ws035/phase002/pre-refs/refs.tsv	76	include/drivers/dma.h	stale: path -> include/drivers/generic/dma.h	p002 c-include src/drivers/gpu/i915/tests/execution/ktest-gt.c 53 include/drivers/dma.h drivers/dma.h -> drivers/generic/dma.h #include <drivers/dma.h>	exempt
p002	plan-records	plan/ws035/phase002/pre-refs/refs.tsv	77	include/drivers/gpu.h	stale: path -> include/drivers/gpu/gpu.h	p002 c-include src/drivers/gpu/i915/tests/render/compiler.c 44 include/drivers/gpu.h drivers/gpu.h -> drivers/gpu/gpu.h #include <drivers/gpu.h>	exempt
p002	plan-records	plan/ws035/phase002/pre-refs/refs.tsv	78	include/drivers/gpu.h	stale: path -> include/drivers/gpu/gpu.h	p002 c-include src/drivers/gpu/i915/tests/render/executor.c 42 include/drivers/gpu.h drivers/gpu.h -> drivers/gpu/gpu.h #include <drivers/gpu.h>	exempt
p002	plan-records	plan/ws035/phase002/pre-refs/refs.tsv	79	include/drivers/gpu.h	stale: path -> include/drivers/gpu/gpu.h	p002 c-include src/drivers/gpu/i915/tests/render/features.c 47 include/drivers/gpu.h drivers/gpu.h -> drivers/gpu/gpu.h #include <drivers/gpu.h>	exempt
p002	plan-records	plan/ws035/phase002/pre-refs/refs.tsv	80	include/drivers/gpu.h	stale: path -> include/drivers/gpu/gpu.h	p002 c-include src/drivers/gpu/i915/tests/render/generality.c 57 include/drivers/gpu.h drivers/gpu.h -> drivers/gpu/gpu.h #include <drivers/gpu.h>	exempt
p002	plan-records	plan/ws035/phase002/pre-refs/refs.tsv	81	include/drivers/gpu.h	stale: path -> include/drivers/gpu/gpu.h	p002 c-include src/drivers/gpu/venus/display.c 15 include/drivers/gpu.h drivers/gpu.h -> drivers/gpu/gpu.h #include <drivers/gpu.h>	exempt
p002	plan-records	plan/ws035/phase002/pre-refs/refs.tsv	82	include/drivers/dma.h	stale: path -> include/drivers/generic/dma.h	p002 c-include src/drivers/gpu/venus/internal.h 15 include/drivers/dma.h drivers/dma.h -> drivers/generic/dma.h #include <drivers/dma.h>	exempt
p002	plan-records	plan/ws035/phase002/pre-refs/refs.tsv	83	include/drivers/pci.h	stale: path -> include/drivers/pci/pci.h	p002 c-include src/drivers/gpu/venus/internal.h 16 include/drivers/pci.h drivers/pci.h -> drivers/pci/pci.h #include <drivers/pci.h>	exempt
p002	plan-records	plan/ws035/phase002/pre-refs/refs.tsv	84	include/drivers/gpu-share.h	stale: path -> include/drivers/gpu/gpu-share.h	p002 c-include src/drivers/gpu/venus/share.c 14 include/drivers/gpu-share.h drivers/gpu-share.h -> drivers/gpu/gpu-share.h #include <drivers/gpu-share.h>	exempt
p002	plan-records	plan/ws035/phase002/pre-refs/refs.tsv	85	include/drivers/gpu.h	stale: path -> include/drivers/gpu/gpu.h	p002 c-include src/drivers/gpu/venus/transport.c 14 include/drivers/gpu.h drivers/gpu.h -> drivers/gpu/gpu.h #include <drivers/gpu.h>	exempt
p002	plan-records	plan/ws035/phase002/pre-refs/refs.tsv	86	include/drivers/gpu.h	stale: path -> include/drivers/gpu/gpu.h	p002 c-include src/drivers/gpu/venus/venus.c 14 include/drivers/gpu.h drivers/gpu.h -> drivers/gpu/gpu.h #include <drivers/gpu.h>	exempt
p002	plan-records	plan/ws035/phase002/pre-refs/refs.tsv	87	include/drivers/venus.h	stale: path -> include/drivers/pci/pci-venus.h	p002 c-include src/drivers/gpu/venus/venus.c 18 include/drivers/venus.h drivers/venus.h -> drivers/pci/pci-venus.h #include <drivers/venus.h>	exempt
p002	plan-records	plan/ws035/phase002/pre-refs/refs.tsv	88	include/drivers/pcat-ne2000.h	stale: path -> include/drivers/isa/pcat-ne2000.h	p002 c-include src/drivers/isa/ne2000.c 12 include/drivers/pcat-ne2000.h drivers/pcat-ne2000.h -> drivers/isa/pcat-ne2000.h #include "drivers/pcat-ne2000.h"	exempt
p002	plan-records	plan/ws035/phase002/pre-refs/refs.tsv	89	include/drivers/dp8390.h	stale: path -> include/drivers/ethernet/dp8390.h	p002 c-include src/drivers/isa/ne2000.c 13 include/drivers/dp8390.h drivers/dp8390.h -> drivers/ethernet/dp8390.h #include "drivers/dp8390.h"	exempt
p002	plan-records	plan/ws035/phase002/pre-refs/refs.tsv	90	include/drivers/pci-ehci.h	stale: path -> include/drivers/pci/pci-ehci.h	p002 c-include src/drivers/pci/pci-ehci.c 12 include/drivers/pci-ehci.h drivers/pci-ehci.h -> drivers/pci/pci-ehci.h #include <drivers/pci-ehci.h>	exempt
p002	plan-records	plan/ws035/phase002/pre-refs/refs.tsv	91	include/drivers/pci.h	stale: path -> include/drivers/pci/pci.h	p002 c-include src/drivers/pci/pci-ehci.c 13 include/drivers/pci.h drivers/pci.h -> drivers/pci/pci.h #include <drivers/pci.h>	exempt
p002	plan-records	plan/ws035/phase002/pre-refs/refs.tsv	92	include/drivers/usb.h	stale: path -> include/drivers/usb/usb.h	p002 c-include src/drivers/pci/pci-ehci.c 14 include/drivers/usb.h drivers/usb.h -> drivers/usb/usb.h #include <drivers/usb.h>	exempt
p002	plan-records	plan/ws035/phase002/pre-refs/refs.tsv	93	include/drivers/pci-nvme.h	stale: path -> include/drivers/pci/pci-nvme.h	p002 c-include src/drivers/pci/pci-nvme.c 12 include/drivers/pci-nvme.h drivers/pci-nvme.h -> drivers/pci/pci-nvme.h #include <drivers/pci-nvme.h>	exempt
p002	plan-records	plan/ws035/phase002/pre-refs/refs.tsv	94	include/drivers/pci-nvme-protocol.h	stale: path -> include/drivers/pci/pci-nvme-protocol.h	p002 c-include src/drivers/pci/pci-nvme.c 13 include/drivers/pci-nvme-protocol.h drivers/pci-nvme-protocol.h -> drivers/pci/pci-nvme-protocol.h #include <drivers/pci-nvme-protocol.h>	exempt
p002	plan-records	plan/ws035/phase002/pre-refs/refs.tsv	95	include/drivers/pci.h	stale: path -> include/drivers/pci/pci.h	p002 c-include src/drivers/pci/pci-nvme.c 14 include/drivers/pci.h drivers/pci.h -> drivers/pci/pci.h #include <drivers/pci.h>	exempt
p002	plan-records	plan/ws035/phase002/pre-refs/refs.tsv	96	include/drivers/pci-pcat.h	stale: path -> include/drivers/pci/pci-pcat.h	p002 c-include src/drivers/pci/pci-pcat.c 12 include/drivers/pci-pcat.h drivers/pci-pcat.h -> drivers/pci/pci-pcat.h #include <drivers/pci-pcat.h>	exempt
p002	plan-records	plan/ws035/phase002/pre-refs/refs.tsv	97	include/drivers/pci.h	stale: path -> include/drivers/pci/pci.h	p002 c-include src/drivers/pci/pci-pcat.c 13 include/drivers/pci.h drivers/pci.h -> drivers/pci/pci.h #include <drivers/pci.h>	exempt
p002	plan-records	plan/ws035/phase002/pre-refs/refs.tsv	98	include/drivers/pci-uhci.h	stale: path -> include/drivers/pci/pci-uhci.h	p002 c-include src/drivers/pci/pci-uhci.c 12 include/drivers/pci-uhci.h drivers/pci-uhci.h -> drivers/pci/pci-uhci.h #include <drivers/pci-uhci.h>	exempt
p002	plan-records	plan/ws035/phase002/pre-refs/refs.tsv	99	include/drivers/pci.h	stale: path -> include/drivers/pci/pci.h	p002 c-include src/drivers/pci/pci-uhci.c 13 include/drivers/pci.h drivers/pci.h -> drivers/pci/pci.h #include <drivers/pci.h>	exempt
p002	plan-records	plan/ws035/phase002/pre-refs/refs.tsv	100	include/drivers/usb.h	stale: path -> include/drivers/usb/usb.h	p002 c-include src/drivers/pci/pci-uhci.c 14 include/drivers/usb.h drivers/usb.h -> drivers/usb/usb.h #include <drivers/usb.h>	exempt
p002	plan-records	plan/ws035/phase002/pre-refs/refs.tsv	101	include/drivers/pci-xhci.h	stale: path -> include/drivers/pci/pci-xhci.h	p002 c-include src/drivers/pci/pci-xhci.c 12 include/drivers/pci-xhci.h drivers/pci-xhci.h -> drivers/pci/pci-xhci.h #include <drivers/pci-xhci.h>	exempt
p002	plan-records	plan/ws035/phase002/pre-refs/refs.tsv	102	include/drivers/pci.h	stale: path -> include/drivers/pci/pci.h	p002 c-include src/drivers/pci/pci-xhci.c 13 include/drivers/pci.h drivers/pci.h -> drivers/pci/pci.h #include <drivers/pci.h>	exempt
p002	plan-records	plan/ws035/phase002/pre-refs/refs.tsv	103	include/drivers/pci-xhci-capability.h	stale: path -> include/drivers/pci/pci-xhci-capability.h	p002 c-include src/drivers/pci/pci-xhci.c 14 include/drivers/pci-xhci-capability.h drivers/pci-xhci-capability.h -> drivers/pci/pci-xhci-capability.h #include <drivers/pci-xhci-capability.h>	exempt
p002	plan-records	plan/ws035/phase002/pre-refs/refs.tsv	104	include/drivers/pci-xhci-control.h	stale: path -> include/drivers/pci/pci-xhci-control.h	p002 c-include src/drivers/pci/pci-xhci.c 15 include/drivers/pci-xhci-control.h drivers/pci-xhci-control.h -> drivers/pci/pci-xhci-control.h #include <drivers/pci-xhci-control.h>	exempt
p002	plan-records	plan/ws035/phase002/pre-refs/refs.tsv	105	include/drivers/pci-xhci-lifecycle.h	stale: path -> include/drivers/pci/pci-xhci-lifecycle.h	p002 c-include src/drivers/pci/pci-xhci.c 16 include/drivers/pci-xhci-lifecycle.h drivers/pci-xhci-lifecycle.h -> drivers/pci/pci-xhci-lifecycle.h #include <drivers/pci-xhci-lifecycle.h>	exempt
p002	plan-records	plan/ws035/phase002/pre-refs/refs.tsv	106	include/drivers/usb.h	stale: path -> include/drivers/usb/usb.h	p002 c-include src/drivers/pci/pci-xhci.c 17 include/drivers/usb.h drivers/usb.h -> drivers/usb/usb.h #include <drivers/usb.h>	exempt
p002	plan-records	plan/ws035/phase002/pre-refs/refs.tsv	107	include/drivers/pci.h	stale: path -> include/drivers/pci/pci.h	p002 c-include src/drivers/pci/pci.c 12 include/drivers/pci.h drivers/pci.h -> drivers/pci/pci.h #include <drivers/pci.h>	exempt
p002	plan-records	plan/ws035/phase002/pre-refs/refs.tsv	108	include/drivers/graphics/pc98.h	stale: path -> include/drivers/platform/pc98/graphics/pc98.h	p002 c-include src/drivers/platform/pc98/graphics/backend.c 13 include/drivers/graphics/pc98.h drivers/graphics/pc98.h -> drivers/platform/pc98/graphics/pc98.h #include "drivers/graphics/pc98.h"	exempt
p002	plan-records	plan/ws035/phase002/pre-refs/refs.tsv	109	include/drivers/hid/pc98-busmouse.h	stale: path -> include/drivers/platform/pc98/pc98-busmouse.h	p002 c-include src/drivers/platform/pc98/pc98-busmouse.c 12 include/drivers/hid/pc98-busmouse.h drivers/hid/pc98-busmouse.h -> drivers/platform/pc98/pc98-busmouse.h #include "drivers/hid/pc98-busmouse.h"	exempt
p002	plan-records	plan/ws035/phase002/pre-refs/refs.tsv	110	include/drivers/pc98-lgy98.h	stale: path -> include/drivers/platform/pc98/pc98-lgy98.h	p002 c-include src/drivers/platform/pc98/pc98-lgy98.c 13 include/drivers/pc98-lgy98.h drivers/pc98-lgy98.h -> drivers/platform/pc98/pc98-lgy98.h #include "drivers/pc98-lgy98.h"	exempt
p002	plan-records	plan/ws035/phase002/pre-refs/refs.tsv	111	include/drivers/dp8390.h	stale: path -> include/drivers/ethernet/dp8390.h	p002 c-include src/drivers/platform/pc98/pc98-lgy98.c 14 include/drivers/dp8390.h drivers/dp8390.h -> drivers/ethernet/dp8390.h #include "drivers/dp8390.h"	exempt
p002	plan-records	plan/ws035/phase002/pre-refs/refs.tsv	112	include/drivers/graphics/pcat.h	stale: path -> include/drivers/platform/pcat/graphics/pcat.h	p002 c-include src/drivers/platform/pcat/graphics/backend.c 15 include/drivers/graphics/pcat.h drivers/graphics/pcat.h -> drivers/platform/pcat/graphics/pcat.h #include "drivers/graphics/pcat.h"	exempt
p002	plan-records	plan/ws035/phase002/pre-refs/refs.tsv	113	include/drivers/pci.h	stale: path -> include/drivers/pci/pci.h	p002 c-include src/drivers/platform/pcat/graphics/backend.c 17 include/drivers/pci.h drivers/pci.h -> drivers/pci/pci.h #include <drivers/pci.h>	exempt
p002	plan-records	plan/ws035/phase002/pre-refs/refs.tsv	114	include/drivers/pcat-ide.h	stale: path -> include/drivers/platform/pcat/pcat-ide.h	p002 c-include src/drivers/platform/pcat/pcat-ide.c 12 include/drivers/pcat-ide.h drivers/pcat-ide.h -> drivers/platform/pcat/pcat-ide.h #include "drivers/pcat-ide.h"	exempt
p002	plan-records	plan/ws035/phase002/pre-refs/refs.tsv	115	include/drivers/hid/ps2-8042.h	stale: path -> include/drivers/platform/pcat/ps2-8042.h	p002 c-include src/drivers/platform/pcat/ps2-8042.c 12 include/drivers/hid/ps2-8042.h drivers/hid/ps2-8042.h -> drivers/platform/pcat/ps2-8042.h #include "drivers/hid/ps2-8042.h"	exempt
p002	plan-records	plan/ws035/phase002/pre-refs/refs.tsv	116	include/drivers/usb-cdc-ecm.h	stale: path -> include/drivers/usb/usb-cdc-ecm.h	p002 c-include src/drivers/usb/usb-cdc-ecm.c 14 include/drivers/usb-cdc-ecm.h drivers/usb-cdc-ecm.h -> drivers/usb/usb-cdc-ecm.h #include <drivers/usb-cdc-ecm.h>	exempt
p002	plan-records	plan/ws035/phase002/pre-refs/refs.tsv	117	include/drivers/usb.h	stale: path -> include/drivers/usb/usb.h	p002 c-include src/drivers/usb/usb-cdc-ecm.c 15 include/drivers/usb.h drivers/usb.h -> drivers/usb/usb.h #include <drivers/usb.h>	exempt
p002	plan-records	plan/ws035/phase002/pre-refs/refs.tsv	118	include/drivers/usb-cdc-ncm.h	stale: path -> include/drivers/usb/usb-cdc-ncm.h	p002 c-include src/drivers/usb/usb-cdc-ncm-net.c 14 include/drivers/usb-cdc-ncm.h drivers/usb-cdc-ncm.h -> drivers/usb/usb-cdc-ncm.h #include <drivers/usb-cdc-ncm.h>	exempt
p002	plan-records	plan/ws035/phase002/pre-refs/refs.tsv	119	include/drivers/usb.h	stale: path -> include/drivers/usb/usb.h	p002 c-include src/drivers/usb/usb-cdc-ncm-net.c 15 include/drivers/usb.h drivers/usb.h -> drivers/usb/usb.h #include <drivers/usb.h>	exempt
p002	plan-records	plan/ws035/phase002/pre-refs/refs.tsv	120	include/drivers/usb-cdc-ncm.h	stale: path -> include/drivers/usb/usb-cdc-ncm.h	p002 c-include src/drivers/usb/usb-cdc-ncm.c 14 include/drivers/usb-cdc-ncm.h drivers/usb-cdc-ncm.h -> drivers/usb/usb-cdc-ncm.h #include <drivers/usb-cdc-ncm.h>	exempt
p002	plan-records	plan/ws035/phase002/pre-refs/refs.tsv	121	include/drivers/usb.h	stale: path -> include/drivers/usb/usb.h	p002 c-include src/drivers/usb/usb-hid-checkpoint.c 14 include/drivers/usb.h drivers/usb.h -> drivers/usb/usb.h #include <drivers/usb.h>	exempt
p002	plan-records	plan/ws035/phase002/pre-refs/refs.tsv	122	include/drivers/hid/hid-report.h	stale: path -> include/drivers/usb/hid-report.h	p002 c-include src/drivers/usb/usb-hid.c 14 include/drivers/hid/hid-report.h drivers/hid/hid-report.h -> drivers/usb/hid-report.h #include <drivers/hid/hid-report.h>	exempt
p002	plan-records	plan/ws035/phase002/pre-refs/refs.tsv	123	include/drivers/usb-hid.h	stale: path -> include/drivers/usb/usb-hid.h	p002 c-include src/drivers/usb/usb-hid.c 15 include/drivers/usb-hid.h drivers/usb-hid.h -> drivers/usb/usb-hid.h #include <drivers/usb-hid.h>	exempt
p002	plan-records	plan/ws035/phase002/pre-refs/refs.tsv	124	include/drivers/usb.h	stale: path -> include/drivers/usb/usb.h	p002 c-include src/drivers/usb/usb-hid.c 16 include/drivers/usb.h drivers/usb.h -> drivers/usb/usb.h #include <drivers/usb.h>	exempt
p002	plan-records	plan/ws035/phase002/pre-refs/refs.tsv	125	include/drivers/usb-rtl8822bu.h	stale: path -> include/drivers/usb/usb-rtl8822bu.h	p002 c-include src/drivers/usb/usb-rtl8822bu.c 18 include/drivers/usb-rtl8822bu.h drivers/usb-rtl8822bu.h -> drivers/usb/usb-rtl8822bu.h #include <drivers/usb-rtl8822bu.h>	exempt
p002	plan-records	plan/ws035/phase002/pre-refs/refs.tsv	126	include/drivers/usb.h	stale: path -> include/drivers/usb/usb.h	p002 c-include src/drivers/usb/usb-rtl8822bu.c 19 include/drivers/usb.h drivers/usb.h -> drivers/usb/usb.h #include <drivers/usb.h>	exempt
p002	plan-records	plan/ws035/phase002/pre-refs/refs.tsv	127	include/drivers/usb-storage.h	stale: path -> include/drivers/usb/usb-storage.h	p002 c-include src/drivers/usb/usb-storage.c 12 include/drivers/usb-storage.h drivers/usb-storage.h -> drivers/usb/usb-storage.h #include <drivers/usb-storage.h>	exempt
p002	plan-records	plan/ws035/phase002/pre-refs/refs.tsv	128	include/drivers/usb-storage-bot.h	stale: path -> include/drivers/usb/usb-storage-bot.h	p002 c-include src/drivers/usb/usb-storage.c 13 include/drivers/usb-storage-bot.h drivers/usb-storage-bot.h -> drivers/usb/usb-storage-bot.h #include <drivers/usb-storage-bot.h>	exempt
p002	plan-records	plan/ws035/phase002/pre-refs/refs.tsv	129	include/drivers/usb-storage-scsi.h	stale: path -> include/drivers/usb/usb-storage-scsi.h	p002 c-include src/drivers/usb/usb-storage.c 14 include/drivers/usb-storage-scsi.h drivers/usb-storage-scsi.h -> drivers/usb/usb-storage-scsi.h #include <drivers/usb-storage-scsi.h>	exempt
p002	plan-records	plan/ws035/phase002/pre-refs/refs.tsv	130	include/drivers/usb.h	stale: path -> include/drivers/usb/usb.h	p002 c-include src/drivers/usb/usb-storage.c 15 include/drivers/usb.h drivers/usb.h -> drivers/usb/usb.h #include <drivers/usb.h>	exempt
p002	plan-records	plan/ws035/phase002/pre-refs/refs.tsv	131	include/drivers/usb.h	stale: path -> include/drivers/usb/usb.h	p002 c-include src/drivers/usb/usb-uas-disk.c 14 include/drivers/usb.h drivers/usb.h -> drivers/usb/usb.h #include <drivers/usb.h>	exempt
p002	plan-records	plan/ws035/phase002/pre-refs/refs.tsv	132	include/drivers/usb-uas.h	stale: path -> include/drivers/usb/usb-uas.h	p002 c-include src/drivers/usb/usb-uas-disk.c 15 include/drivers/usb-uas.h drivers/usb-uas.h -> drivers/usb/usb-uas.h #include <drivers/usb-uas.h>	exempt
p002	plan-records	plan/ws035/phase002/pre-refs/refs.tsv	133	include/drivers/usb-storage-scsi.h	stale: path -> include/drivers/usb/usb-storage-scsi.h	p002 c-include src/drivers/usb/usb-uas-disk.c 16 include/drivers/usb-storage-scsi.h drivers/usb-storage-scsi.h -> drivers/usb/usb-storage-scsi.h #include <drivers/usb-storage-scsi.h>	exempt
p002	plan-records	plan/ws035/phase002/pre-refs/refs.tsv	134	include/drivers/usb.h	stale: path -> include/drivers/usb/usb.h	p002 c-include src/drivers/usb/usb-uas-transport.c 14 include/drivers/usb.h drivers/usb.h -> drivers/usb/usb.h #include <drivers/usb.h>	exempt
p002	plan-records	plan/ws035/phase002/pre-refs/refs.tsv	135	include/drivers/usb-uas.h	stale: path -> include/drivers/usb/usb-uas.h	p002 c-include src/drivers/usb/usb-uas-transport.c 15 include/drivers/usb-uas.h drivers/usb-uas.h -> drivers/usb/usb-uas.h #include <drivers/usb-uas.h>	exempt
p002	plan-records	plan/ws035/phase002/pre-refs/refs.tsv	136	include/drivers/usb-uas.h	stale: path -> include/drivers/usb/usb-uas.h	p002 c-include src/drivers/usb/usb-uas.c 14 include/drivers/usb-uas.h drivers/usb-uas.h -> drivers/usb/usb-uas.h #include <drivers/usb-uas.h>	exempt
p002	plan-records	plan/ws035/phase002/pre-refs/refs.tsv	137	include/drivers/usb.h	stale: path -> include/drivers/usb/usb.h	p002 c-include src/drivers/usb/usb.c 18 include/drivers/usb.h drivers/usb.h -> drivers/usb/usb.h #include <drivers/usb.h>	exempt
p002	plan-records	plan/ws035/phase002/pre-refs/refs.tsv	138	include/drivers/dma.h	stale: path -> include/drivers/generic/dma.h	p002 c-include src/drivers/wifi/intel-ax211/intel-ax211-dma.h 56 include/drivers/dma.h drivers/dma.h -> drivers/generic/dma.h #include <drivers/dma.h>	exempt
p002	plan-records	plan/ws035/phase002/pre-refs/refs.tsv	139	include/drivers/dma.h	stale: path -> include/drivers/generic/dma.h	p002 c-include src/drivers/wifi/intel-ax211/intel-ax211-tx-ring.h 58 include/drivers/dma.h drivers/dma.h -> drivers/generic/dma.h #include <drivers/dma.h>	exempt
p002	plan-records	plan/ws035/phase002/pre-refs/refs.tsv	140	include/drivers/pci-intel-ax211.h	stale: path -> include/drivers/wifi/intel-ax211/pci-intel-ax211.h	p002 c-include src/drivers/wifi/intel-ax211/intel-ax211.c 1209 include/drivers/pci-intel-ax211.h drivers/pci-intel-ax211.h -> drivers/wifi/intel-ax211/pci-intel-ax211.h #include <drivers/pci-intel-ax211.h>	exempt
p002	plan-records	plan/ws035/phase002/pre-refs/refs.tsv	141	include/drivers/pci.h	stale: path -> include/drivers/pci/pci.h	p002 c-include src/drivers/wifi/intel-ax211/intel-ax211.c 1210 include/drivers/pci.h drivers/pci.h -> drivers/pci/pci.h #include <drivers/pci.h>	exempt
p002	plan-records	plan/ws035/phase002/pre-refs/refs.tsv	142	include/drivers/i915.h	stale: path -> include/drivers/pci/pci-i915.h	p002 c-include src/kern/main.c 18 include/drivers/i915.h drivers/i915.h -> drivers/pci/pci-i915.h #include <drivers/i915.h>	exempt
p002	plan-records	plan/ws035/phase002/pre-refs/refs.tsv	143	include/drivers/disklabel.h	stale: path -> include/drivers/disklabel/disklabel.h	p002 c-include src/kern/platform/pc98.c 20 include/drivers/disklabel.h drivers/disklabel.h -> drivers/disklabel/disklabel.h #include <drivers/disklabel.h>	exempt
p002	plan-records	plan/ws035/phase002/pre-refs/refs.tsv	144	include/drivers/hid/pc98-busmouse.h	stale: path -> include/drivers/platform/pc98/pc98-busmouse.h	p002 c-include src/kern/platform/pc98.c 22 include/drivers/hid/pc98-busmouse.h drivers/hid/pc98-busmouse.h -> drivers/platform/pc98/pc98-busmouse.h #include "drivers/hid/pc98-busmouse.h"	exempt
p002	plan-records	plan/ws035/phase002/pre-refs/refs.tsv	145	include/drivers/pc98-lgy98.h	stale: path -> include/drivers/platform/pc98/pc98-lgy98.h	p002 c-include src/kern/platform/pc98.c 25 include/drivers/pc98-lgy98.h drivers/pc98-lgy98.h -> drivers/platform/pc98/pc98-lgy98.h #include "drivers/pc98-lgy98.h"	exempt
p002	plan-records	plan/ws035/phase002/pre-refs/refs.tsv	146	include/drivers/graphics/pc98.h	stale: path -> include/drivers/platform/pc98/graphics/pc98.h	p002 c-include src/kern/platform/pc98.c 28 include/drivers/graphics/pc98.h drivers/graphics/pc98.h -> drivers/platform/pc98/graphics/pc98.h #include "drivers/graphics/pc98.h"	exempt
p002	plan-records	plan/ws035/phase002/pre-refs/refs.tsv	147	include/drivers/disklabel.h	stale: path -> include/drivers/disklabel/disklabel.h	p002 c-include src/kern/platform/pcat.c 21 include/drivers/disklabel.h drivers/disklabel.h -> drivers/disklabel/disklabel.h #include <drivers/disklabel.h>	exempt
p002	plan-records	plan/ws035/phase002/pre-refs/refs.tsv	148	include/drivers/pcat-ide.h	stale: path -> include/drivers/platform/pcat/pcat-ide.h	p002 c-include src/kern/platform/pcat.c 22 include/drivers/pcat-ide.h drivers/pcat-ide.h -> drivers/platform/pcat/pcat-ide.h #include "drivers/pcat-ide.h"	exempt
p002	plan-records	plan/ws035/phase002/pre-refs/refs.tsv	149	include/drivers/pci-pcat.h	stale: path -> include/drivers/pci/pci-pcat.h	p002 c-include src/kern/platform/pcat.c 23 include/drivers/pci-pcat.h drivers/pci-pcat.h -> drivers/pci/pci-pcat.h #include "drivers/pci-pcat.h"	exempt
p002	plan-records	plan/ws035/phase002/pre-refs/refs.tsv	150	include/drivers/hid/ps2-8042.h	stale: path -> include/drivers/platform/pcat/ps2-8042.h	p002 c-include src/kern/platform/pcat.c 24 include/drivers/hid/ps2-8042.h drivers/hid/ps2-8042.h -> drivers/platform/pcat/ps2-8042.h #include "drivers/hid/ps2-8042.h"	exempt
p002	plan-records	plan/ws035/phase002/pre-refs/refs.tsv	151	include/drivers/pci-uhci.h	stale: path -> include/drivers/pci/pci-uhci.h	p002 c-include src/kern/platform/pcat.c 26 include/drivers/pci-uhci.h drivers/pci-uhci.h -> drivers/pci/pci-uhci.h #include "drivers/pci-uhci.h"	exempt
p002	plan-records	plan/ws035/phase002/pre-refs/refs.tsv	152	include/drivers/pci-ehci.h	stale: path -> include/drivers/pci/pci-ehci.h	p002 c-include src/kern/platform/pcat.c 29 include/drivers/pci-ehci.h drivers/pci-ehci.h -> drivers/pci/pci-ehci.h #include "drivers/pci-ehci.h"	exempt
p002	plan-records	plan/ws035/phase002/pre-refs/refs.tsv	153	include/drivers/pci-xhci.h	stale: path -> include/drivers/pci/pci-xhci.h	p002 c-include src/kern/platform/pcat.c 32 include/drivers/pci-xhci.h drivers/pci-xhci.h -> drivers/pci/pci-xhci.h #include "drivers/pci-xhci.h"	exempt
p002	plan-records	plan/ws035/phase002/pre-refs/refs.tsv	154	include/drivers/pci-nvme.h	stale: path -> include/drivers/pci/pci-nvme.h	p002 c-include src/kern/platform/pcat.c 35 include/drivers/pci-nvme.h drivers/pci-nvme.h -> drivers/pci/pci-nvme.h #include <drivers/pci-nvme.h>	exempt
p002	plan-records	plan/ws035/phase002/pre-refs/refs.tsv	155	include/drivers/pci-intel-ax211.h	stale: path -> include/drivers/wifi/intel-ax211/pci-intel-ax211.h	p002 c-include src/kern/platform/pcat.c 38 include/drivers/pci-intel-ax211.h drivers/pci-intel-ax211.h -> drivers/wifi/intel-ax211/pci-intel-ax211.h #include <drivers/pci-intel-ax211.h>	exempt
p002	plan-records	plan/ws035/phase002/pre-refs/refs.tsv	156	include/drivers/venus.h	stale: path -> include/drivers/pci/pci-venus.h	p002 c-include src/kern/platform/pcat.c 41 include/drivers/venus.h drivers/venus.h -> drivers/pci/pci-venus.h #include <drivers/venus.h>	exempt
p002	plan-records	plan/ws035/phase002/pre-refs/refs.tsv	157	include/drivers/i915.h	stale: path -> include/drivers/pci/pci-i915.h	p002 c-include src/kern/platform/pcat.c 44 include/drivers/i915.h drivers/i915.h -> drivers/pci/pci-i915.h #include <drivers/i915.h>	exempt
p002	plan-records	plan/ws035/phase002/pre-refs/refs.tsv	158	include/drivers/usb-storage.h	stale: path -> include/drivers/usb/usb-storage.h	p002 c-include src/kern/platform/pcat.c 47 include/drivers/usb-storage.h drivers/usb-storage.h -> drivers/usb/usb-storage.h #include "drivers/usb-storage.h"	exempt
p002	plan-records	plan/ws035/phase002/pre-refs/refs.tsv	159	include/drivers/usb-uas.h	stale: path -> include/drivers/usb/usb-uas.h	p002 c-include src/kern/platform/pcat.c 48 include/drivers/usb-uas.h drivers/usb-uas.h -> drivers/usb/usb-uas.h #include <drivers/usb-uas.h>	exempt
p002	plan-records	plan/ws035/phase002/pre-refs/refs.tsv	160	include/drivers/usb-cdc-ncm.h	stale: path -> include/drivers/usb/usb-cdc-ncm.h	p002 c-include src/kern/platform/pcat.c 51 include/drivers/usb-cdc-ncm.h drivers/usb-cdc-ncm.h -> drivers/usb/usb-cdc-ncm.h #include <drivers/usb-cdc-ncm.h>	exempt
p002	plan-records	plan/ws035/phase002/pre-refs/refs.tsv	161	include/drivers/usb-cdc-ecm.h	stale: path -> include/drivers/usb/usb-cdc-ecm.h	p002 c-include src/kern/platform/pcat.c 54 include/drivers/usb-cdc-ecm.h drivers/usb-cdc-ecm.h -> drivers/usb/usb-cdc-ecm.h #include <drivers/usb-cdc-ecm.h>	exempt
p002	plan-records	plan/ws035/phase002/pre-refs/refs.tsv	162	include/drivers/usb-hid.h	stale: path -> include/drivers/usb/usb-hid.h	p002 c-include src/kern/platform/pcat.c 57 include/drivers/usb-hid.h drivers/usb-hid.h -> drivers/usb/usb-hid.h #include <drivers/usb-hid.h>	exempt
p002	plan-records	plan/ws035/phase002/pre-refs/refs.tsv	163	include/drivers/usb-rtl8822bu.h	stale: path -> include/drivers/usb/usb-rtl8822bu.h	p002 c-include src/kern/platform/pcat.c 60 include/drivers/usb-rtl8822bu.h drivers/usb-rtl8822bu.h -> drivers/usb/usb-rtl8822bu.h #include <drivers/usb-rtl8822bu.h>	exempt
p002	plan-records	plan/ws035/phase002/pre-refs/refs.tsv	164	include/drivers/pci.h	stale: path -> include/drivers/pci/pci.h	p002 c-include src/kern/platform/pcat.c 62 include/drivers/pci.h drivers/pci.h -> drivers/pci/pci.h #include <drivers/pci.h>	exempt
p002	plan-records	plan/ws035/phase002/pre-refs/refs.tsv	165	include/drivers/usb.h	stale: path -> include/drivers/usb/usb.h	p002 c-include src/kern/platform/pcat.c 63 include/drivers/usb.h drivers/usb.h -> drivers/usb/usb.h #include <drivers/usb.h>	exempt
p002	plan-records	plan/ws035/phase002/pre-refs/refs.tsv	166	include/drivers/pcat-ne2000.h	stale: path -> include/drivers/isa/pcat-ne2000.h	p002 c-include src/kern/platform/pcat.c 65 include/drivers/pcat-ne2000.h drivers/pcat-ne2000.h -> drivers/isa/pcat-ne2000.h #include "drivers/pcat-ne2000.h"	exempt
p002	plan-records	plan/ws035/phase002/pre-refs/refs.tsv	167	include/drivers/graphics/pcat.h	stale: path -> include/drivers/platform/pcat/graphics/pcat.h	p002 c-include src/kern/platform/pcat.c 68 include/drivers/graphics/pcat.h drivers/graphics/pcat.h -> drivers/platform/pcat/graphics/pcat.h #include "drivers/graphics/pcat.h"	exempt
p002	plan-records	plan/ws035/phase002/pre-refs/refs.tsv	168	include/drivers/disklabel.h	stale: path -> include/drivers/disklabel/disklabel.h	p002 c-include src/kern/platform/rpi4.c 17 include/drivers/disklabel.h drivers/disklabel.h -> drivers/disklabel/disklabel.h #include <drivers/disklabel.h>	exempt
p002	plan-records	plan/ws035/phase002/pre-refs/refs.tsv	169	include/drivers/disklabel.h	stale: path -> include/drivers/disklabel/disklabel.h	p002 c-include src/kern/platform/sun4u.c 17 include/drivers/disklabel.h drivers/disklabel.h -> drivers/disklabel/disklabel.h #include <drivers/disklabel.h>	exempt
p002	plan-records	plan/ws035/phase002/pre-refs/refs.tsv	170	include/drivers/disklabel.h	stale: path -> include/drivers/disklabel/disklabel.h	p002 c-include src/kern/platform/x68k.c 18 include/drivers/disklabel.h drivers/disklabel.h -> drivers/disklabel/disklabel.h #include <drivers/disklabel.h>	exempt
p002	plan-records	plan/ws035/phase002/pre-refs/refs.tsv	171	include/drivers/i915.h	stale: path -> include/drivers/pci/pci-i915.h	p002 docs AGENTS.md 386 include/drivers/i915.h path - `include/drivers/i915.h`: `drv_i915_pci_driver_register()` のみ公開。	exempt
p002	plan-records	plan/ws035/phase002/pre-refs/refs.tsv	172	include/drivers/gpu.h	stale: path -> include/drivers/gpu/gpu.h	p002 plan-tests plan/ws014/tests/run-venus-remote.py 37 include/drivers/gpu.h path 'plan/ws014/tests/config-wayland-amd64.mk', 'include/drivers/gpu.h', 'include/drivers/venus.h',	exempt
p002	plan-records	plan/ws035/phase002/pre-refs/refs.tsv	172	include/drivers/venus.h	stale: path -> include/drivers/pci/pci-venus.h	p002 plan-tests plan/ws014/tests/run-venus-remote.py 37 include/drivers/gpu.h path 'plan/ws014/tests/config-wayland-amd64.mk', 'include/drivers/gpu.h', 'include/drivers/venus.h',	exempt
p002	plan-records	plan/ws035/phase002/pre-refs/refs.tsv	173	include/drivers/venus.h	stale: path -> include/drivers/pci/pci-venus.h	p002 plan-tests plan/ws014/tests/run-venus-remote.py 37 include/drivers/venus.h path 'plan/ws014/tests/config-wayland-amd64.mk', 'include/drivers/gpu.h', 'include/drivers/venus.h',	exempt
p002	plan-records	plan/ws035/phase002/pre-refs/refs.tsv	173	include/drivers/gpu.h	stale: path -> include/drivers/gpu/gpu.h	p002 plan-tests plan/ws014/tests/run-venus-remote.py 37 include/drivers/venus.h path 'plan/ws014/tests/config-wayland-amd64.mk', 'include/drivers/gpu.h', 'include/drivers/venus.h',	exempt
p002	plan-records	plan/ws035/phase002/pre-refs/refs.tsv	174	include/drivers/gpu-fence.h	stale: path -> include/drivers/gpu/gpu-fence.h	p002 plan-tests plan/ws014/tests/run-venus-remote.py 39 include/drivers/gpu-fence.h path 'include/drivers/gpu-fence.h', 'src/drivers/gpu/gpu-fence.c', 'include/uapi/gpu-fence.h',	exempt
p002	plan-records	plan/ws035/phase002/pre-refs/refs.tsv	175	include/drivers/gpu-scanout.h	stale: path -> include/drivers/gpu/gpu-scanout.h	p002 plan-tests plan/ws014/tests/run-venus-remote.py 40 include/drivers/gpu-scanout.h path 'include/uapi/gpu-scanout.h', 'include/drivers/gpu-scanout.h',	exempt
p002	plan-records	plan/ws035/phase002/pre-refs/refs.tsv	176	include/drivers/gpu-display.h	stale: path -> include/drivers/gpu/gpu-display.h	p002 plan-tests plan/ws014/tests/run-venus-remote.py 53 include/drivers/gpu-display.h path 'include/drivers/gpu-display.h', 'include/uapi/gpu-display.h',	exempt
p002	plan-records	plan/ws035/phase002/pre-refs/refs.tsv	177	include/drivers/pci.h	stale: path -> include/drivers/pci/pci.h	p002 plan-tests plan/ws014/tests/run-venus-remote.py 54 include/drivers/pci.h path 'include/drivers/pci.h', 'src/drivers/pci/pci-pcat.c',	exempt
p002	plan-records	plan/ws035/phase002/pre-refs/refs.tsv	178	include/drivers/gpu-fence.h	stale: path -> include/drivers/gpu/gpu-fence.h	p002 plan-tests plan/ws014/tests/run-venus-remote.py 96 include/drivers/gpu-fence.h path 'include/drivers/gpu-fence.h', 'src/drivers/gpu/gpu-fence.c',	exempt
p002	plan-records	plan/ws035/phase002/pre-refs/refs.tsv	179	include/drivers/gpu-scanout.h	stale: path -> include/drivers/gpu/gpu-scanout.h	p002 plan-tests plan/ws014/tests/run-venus-remote.py 98 include/drivers/gpu-scanout.h path 'include/drivers/gpu-scanout.h',	exempt
p002	plan-records	plan/ws035/phase002/pre-refs/refs.tsv	180	include/drivers/gpu-share.h	stale: path -> include/drivers/gpu/gpu-share.h	p002 plan-tests plan/ws014/tests/run-venus-remote.py 105 include/drivers/gpu-share.h path 'include/drivers/gpu-share.h', 'libc/include/errno.h', 'libc/include/stddef.h', 'libc/string.c',	exempt
p002	plan-records	plan/ws035/phase002/pre-refs/refs.tsv	181	include/drivers/usb.h	stale: path -> include/drivers/usb/usb.h	p002 plan-tests plan/ws025/tests/run-usb-reserve-host.py 20 include/drivers/usb.h path (out/'source.json').write_text(json.dumps({p:hashlib.sha256((repo/p).read_bytes()).hexdigest() for p in ('src/drivers/usb/usb.c','src/drivers/pci/pci-xhci.c','src/drivers/usb/usb-storage.c','include/drivers/usb.h'	exempt
p002	plan-records	plan/ws035/phase002/pre-refs/refs.tsv	182	include/drivers/i915.h	stale: path -> include/drivers/pci/pci-i915.h	p002 plan-tests plan/ws029/tests/retired/run-i915-remote.py 37 include/drivers/i915.h path 'source_files': ['include/drivers/i915.h'],	exempt
p002	plan-records	plan/ws035/phase002/pre-refs/refs.tsv	183	include/drivers/pci.h	stale: path -> include/drivers/pci/pci.h	p002 plan-tests plan/ws030/tests/run-pci-device-cache-test.py 41 include/drivers/pci.h path paths = [*sources, "include/drivers/pci.h", "include/kern/pmem.h", "include/hal/hal.h",	exempt
p002	plan-records	plan/ws035/phase002/pre-refs/refs.tsv	191	include/drivers/graphics/	stale: path -> 	p002 plan-tests plan/ws035/tests/refactor-refs.py 372 include/drivers/ path "include/drivers": "p002", "include/drivers/graphics": "p002",	exempt
p002	plan-records	plan/ws035/phase002/pre-refs/refs.tsv	192	include/drivers/graphics/	stale: path -> 	p002 plan-tests plan/ws035/tests/refactor-refs.py 372 include/drivers/graphics/ path "include/drivers": "p002", "include/drivers/graphics": "p002",	exempt
p002	plan-records	plan/ws035/phase002/pre-refs/refs.tsv	193	include/drivers/hid/	stale: path -> 	p002 plan-tests plan/ws035/tests/refactor-refs.py 373 include/drivers/hid/ path "include/drivers/hid": "p002",	exempt
p002	plan-records	plan/ws035/phase002/pre-refs/refs.tsv	196	include/drivers/dma.h	stale: path -> include/drivers/generic/dma.h	p002 plan-tests/include plan/ws003/tests/dma-allocation-lock-test.c 6 include/drivers/dma.h drivers/dma.h -> drivers/generic/dma.h #include <drivers/dma.h>	exempt
p002	plan-records	plan/ws035/phase002/pre-refs/refs.tsv	197	include/drivers/usb.h	stale: path -> include/drivers/usb/usb.h	p002 plan-tests/include plan/ws003/tests/usb-hcd-unregister-test.c 6 include/drivers/usb.h drivers/usb.h -> drivers/usb/usb.h #include <drivers/usb.h>	exempt
p002	plan-records	plan/ws035/phase002/pre-refs/refs.tsv	198	include/drivers/usb-storage-bot.h	stale: path -> include/drivers/usb/usb-storage-bot.h	p002 plan-tests/include plan/ws003/tests/usb-storage-flush-test.c 2 include/drivers/usb-storage-bot.h drivers/usb-storage-bot.h -> drivers/usb/usb-storage-bot.h #include <drivers/usb-storage-bot.h>	exempt
p002	plan-records	plan/ws035/phase002/pre-refs/refs.tsv	199	include/drivers/usb-storage-scsi.h	stale: path -> include/drivers/usb/usb-storage-scsi.h	p002 plan-tests/include plan/ws003/tests/usb-storage-flush-test.c 3 include/drivers/usb-storage-scsi.h drivers/usb-storage-scsi.h -> drivers/usb/usb-storage-scsi.h #include <drivers/usb-storage-scsi.h>	exempt
p002	plan-records	plan/ws035/phase002/pre-refs/refs.tsv	200	include/drivers/pci-xhci-lifecycle.h	stale: path -> include/drivers/pci/pci-xhci-lifecycle.h	p002 plan-tests/include plan/ws003/tests/xhci-cancel-command-test.c 6 include/drivers/pci-xhci-lifecycle.h drivers/pci-xhci-lifecycle.h -> drivers/pci/pci-xhci-lifecycle.h #include <drivers/pci-xhci-lifecycle.h>	exempt
p002	plan-records	plan/ws035/phase002/pre-refs/refs.tsv	201	include/drivers/pci-xhci-capability.h	stale: path -> include/drivers/pci/pci-xhci-capability.h	p002 plan-tests/include plan/ws003/tests/xhci-capability-mmio-test.c 6 include/drivers/pci-xhci-capability.h drivers/pci-xhci-capability.h -> drivers/pci/pci-xhci-capability.h #include <drivers/pci-xhci-capability.h>	exempt
p002	plan-records	plan/ws035/phase002/pre-refs/refs.tsv	202	include/drivers/pci.h	stale: path -> include/drivers/pci/pci.h	p002 plan-tests/include plan/ws003/tests/xhci-capability-mmio-test.c 7 include/drivers/pci.h drivers/pci.h -> drivers/pci/pci.h #include <drivers/pci.h>	exempt
p002	plan-records	plan/ws035/phase002/pre-refs/refs.tsv	203	include/drivers/pci-xhci-control.h	stale: path -> include/drivers/pci/pci-xhci-control.h	p002 plan-tests/include plan/ws003/tests/xhci-control-ep0-reset-test.c 6 include/drivers/pci-xhci-control.h drivers/pci-xhci-control.h -> drivers/pci/pci-xhci-control.h #include <drivers/pci-xhci-control.h>	exempt
p002	plan-records	plan/ws035/phase002/pre-refs/refs.tsv	204	include/drivers/dma.h	stale: path -> include/drivers/generic/dma.h	p002 plan-tests/include plan/ws004/tests/dma-constraints-test.c 1 include/drivers/dma.h drivers/dma.h -> drivers/generic/dma.h #include <drivers/dma.h>	exempt
p002	plan-records	plan/ws035/phase002/pre-refs/refs.tsv	205	include/drivers/disklabel.h	stale: path -> include/drivers/disklabel/disklabel.h	p002 plan-tests/include plan/ws004/tests/gpt-host-test.c 6 include/drivers/disklabel.h drivers/disklabel.h -> drivers/disklabel/disklabel.h #include <drivers/disklabel.h>	exempt
p002	plan-records	plan/ws035/phase002/pre-refs/refs.tsv	206	include/drivers/dma.h	stale: path -> include/drivers/generic/dma.h	p002 plan-tests/include plan/ws004/tests/intel-ax211-dma-test.c 7 include/drivers/dma.h drivers/dma.h -> drivers/generic/dma.h #include <drivers/dma.h>	exempt
p002	plan-records	plan/ws035/phase002/pre-refs/refs.tsv	207	include/drivers/pci.h	stale: path -> include/drivers/pci/pci.h	p002 plan-tests/include plan/ws004/tests/intel-ax211-pci-test.c 6 include/drivers/pci.h drivers/pci.h -> drivers/pci/pci.h #include <drivers/pci.h>	exempt
p002	plan-records	plan/ws035/phase002/pre-refs/refs.tsv	208	include/drivers/dma.h	stale: path -> include/drivers/generic/dma.h	p002 plan-tests/include plan/ws004/tests/intel-ax211-tx-ring-test.c 4 include/drivers/dma.h drivers/dma.h -> drivers/generic/dma.h #include <drivers/dma.h>	exempt
p002	plan-records	plan/ws035/phase002/pre-refs/refs.tsv	209	include/drivers/pci-nvme-protocol.h	stale: path -> include/drivers/pci/pci-nvme-protocol.h	p002 plan-tests/include plan/ws004/tests/nvme-admin-test.c 6 include/drivers/pci-nvme-protocol.h drivers/pci-nvme-protocol.h -> drivers/pci/pci-nvme-protocol.h #include <drivers/pci-nvme-protocol.h>	exempt
p002	plan-records	plan/ws035/phase002/pre-refs/refs.tsv	210	include/drivers/pci-nvme-protocol.h	stale: path -> include/drivers/pci/pci-nvme-protocol.h	p002 plan-tests/include plan/ws004/tests/nvme-io-test.c 6 include/drivers/pci-nvme-protocol.h drivers/pci-nvme-protocol.h -> drivers/pci/pci-nvme-protocol.h #include <drivers/pci-nvme-protocol.h>	exempt
p002	plan-records	plan/ws035/phase002/pre-refs/refs.tsv	211	include/drivers/pci.h	stale: path -> include/drivers/pci/pci.h	p002 plan-tests/include plan/ws004/tests/pci-msi-qemu.c 4 include/drivers/pci.h drivers/pci.h -> drivers/pci/pci.h #include <drivers/pci.h>	exempt
p002	plan-records	plan/ws035/phase002/pre-refs/refs.tsv	212	include/drivers/pci.h	stale: path -> include/drivers/pci/pci.h	p002 plan-tests/include plan/ws004/tests/pci-msi-test.c 1 include/drivers/pci.h drivers/pci.h -> drivers/pci/pci.h #include <drivers/pci.h>	exempt
p002	plan-records	plan/ws035/phase002/pre-refs/refs.tsv	213	include/drivers/pci.h	stale: path -> include/drivers/pci/pci.h	p002 plan-tests/include plan/ws004/tests/pci-rescan-test.c 1 include/drivers/pci.h drivers/pci.h -> drivers/pci/pci.h #include <drivers/pci.h>	exempt
p002	plan-records	plan/ws035/phase002/pre-refs/refs.tsv	214	include/drivers/pci.h	stale: path -> include/drivers/pci/pci.h	p002 plan-tests/include plan/ws004/tests/pci-shared-intx-test.c 4 include/drivers/pci.h drivers/pci.h -> drivers/pci/pci.h #include <drivers/pci.h>	exempt
p002	plan-records	plan/ws035/phase002/pre-refs/refs.tsv	215	include/drivers/pci.h	stale: path -> include/drivers/pci/pci.h	p002 plan-tests/include plan/ws004/tests/pcie-capability-test.c 1 include/drivers/pci.h drivers/pci.h -> drivers/pci/pci.h #include <drivers/pci.h>	exempt
p002	plan-records	plan/ws035/phase002/pre-refs/refs.tsv	216	include/drivers/usb-cdc-ncm.h	stale: path -> include/drivers/usb/usb-cdc-ncm.h	p002 plan-tests/include plan/ws004/tests/usb-cdc-ncm-wire-test.c 2 include/drivers/usb-cdc-ncm.h drivers/usb-cdc-ncm.h -> drivers/usb/usb-cdc-ncm.h #include <drivers/usb-cdc-ncm.h>	exempt
p002	plan-records	plan/ws035/phase002/pre-refs/refs.tsv	217	include/drivers/usb.h	stale: path -> include/drivers/usb/usb.h	p002 plan-tests/include plan/ws004/tests/usb-function-model-test.c 6 include/drivers/usb.h drivers/usb.h -> drivers/usb/usb.h #include <drivers/usb.h>	exempt
p002	plan-records	plan/ws035/phase002/pre-refs/refs.tsv	218	include/drivers/usb.h	stale: path -> include/drivers/usb/usb.h	p002 plan-tests/include plan/ws004/tests/usb-rtl8822bu-driver-test.c 6 include/drivers/usb.h drivers/usb.h -> drivers/usb/usb.h #include <drivers/usb.h>	exempt
p002	plan-records	plan/ws035/phase002/pre-refs/refs.tsv	219	include/drivers/usb-storage-scsi.h	stale: path -> include/drivers/usb/usb-storage-scsi.h	p002 plan-tests/include plan/ws004/tests/usb-storage-scsi-test.c 2 include/drivers/usb-storage-scsi.h drivers/usb-storage-scsi.h -> drivers/usb/usb-storage-scsi.h #include <drivers/usb-storage-scsi.h>	exempt
p002	plan-records	plan/ws035/phase002/pre-refs/refs.tsv	220	include/drivers/pci-xhci-lifecycle.h	stale: path -> include/drivers/pci/pci-xhci-lifecycle.h	p002 plan-tests/include plan/ws004/tests/xhci-concurrent-urbs-test.c 2 include/drivers/pci-xhci-lifecycle.h drivers/pci-xhci-lifecycle.h -> drivers/pci/pci-xhci-lifecycle.h #include <drivers/pci-xhci-lifecycle.h>	exempt
p002	plan-records	plan/ws035/phase002/pre-refs/refs.tsv	221	include/drivers/usb.h	stale: path -> include/drivers/usb/usb.h	p002 plan-tests/include plan/ws004/tests/xhci-concurrent-urbs-test.c 3 include/drivers/usb.h drivers/usb.h -> drivers/usb/usb.h #include <drivers/usb.h>	exempt
p002	plan-records	plan/ws035/phase002/pre-refs/refs.tsv	222	include/drivers/pci-xhci-capability.h	stale: path -> include/drivers/pci/pci-xhci-capability.h	p002 plan-tests/include plan/ws004/tests/xhci-model-test.c 2 include/drivers/pci-xhci-capability.h drivers/pci-xhci-capability.h -> drivers/pci/pci-xhci-capability.h #include <drivers/pci-xhci-capability.h>	exempt
p002	plan-records	plan/ws035/phase002/pre-refs/refs.tsv	223	include/drivers/pci-xhci-lifecycle.h	stale: path -> include/drivers/pci/pci-xhci-lifecycle.h	p002 plan-tests/include plan/ws004/tests/xhci-model-test.c 3 include/drivers/pci-xhci-lifecycle.h drivers/pci-xhci-lifecycle.h -> drivers/pci/pci-xhci-lifecycle.h #include <drivers/pci-xhci-lifecycle.h>	exempt
p002	plan-records	plan/ws035/phase002/pre-refs/refs.tsv	224	include/drivers/pci-xhci-control.h	stale: path -> include/drivers/pci/pci-xhci-control.h	p002 plan-tests/include plan/ws004/tests/xhci-superspeed-interrupt-context-test.c 6 include/drivers/pci-xhci-control.h drivers/pci-xhci-control.h -> drivers/pci/pci-xhci-control.h #include <drivers/pci-xhci-control.h>	exempt
p002	plan-records	plan/ws035/phase002/pre-refs/refs.tsv	225	include/drivers/hid/hid-report.h	stale: path -> include/drivers/usb/hid-report.h	p002 plan-tests/include plan/ws006/tests/hid-report-test.c 2 include/drivers/hid/hid-report.h drivers/hid/hid-report.h -> drivers/usb/hid-report.h #include "drivers/hid/hid-report.h"	exempt
p002	plan-records	plan/ws035/phase002/pre-refs/refs.tsv	226	include/drivers/usb.h	stale: path -> include/drivers/usb/usb.h	p002 plan-tests/include plan/ws006/tests/usb-hid-driver-test.c 2 include/drivers/usb.h drivers/usb.h -> drivers/usb/usb.h #include <drivers/usb.h>	exempt
p002	plan-records	plan/ws035/phase002/pre-refs/refs.tsv	227	include/drivers/pci-xhci-lifecycle.h	stale: path -> include/drivers/pci/pci-xhci-lifecycle.h	p002 plan-tests/include plan/ws006/tests/xhci-hid-hot-unplug-test.c 2 include/drivers/pci-xhci-lifecycle.h drivers/pci-xhci-lifecycle.h -> drivers/pci/pci-xhci-lifecycle.h #include <drivers/pci-xhci-lifecycle.h>	exempt
p002	plan-records	plan/ws035/phase002/pre-refs/refs.tsv	228	include/drivers/gpu-fence.h	stale: path -> include/drivers/gpu/gpu-fence.h	p002 plan-tests/include plan/ws014/tests/gpu-fence-payload.c 12 include/drivers/gpu-fence.h drivers/gpu-fence.h -> drivers/gpu/gpu-fence.h #include <drivers/gpu-fence.h>	exempt
p002	plan-records	plan/ws035/phase002/pre-refs/refs.tsv	229	include/drivers/gpu-fence.h	stale: path -> include/drivers/gpu/gpu-fence.h	p002 plan-tests/include plan/ws014/tests/gpu-fence.c 15 include/drivers/gpu-fence.h drivers/gpu-fence.h -> drivers/gpu/gpu-fence.h #include <drivers/gpu-fence.h>	exempt
p002	plan-records	plan/ws035/phase002/pre-refs/refs.tsv	230	include/drivers/gpu.h	stale: path -> include/drivers/gpu/gpu.h	p002 plan-tests/include plan/ws014/tests/gpu-framework.c 18 include/drivers/gpu.h drivers/gpu.h -> drivers/gpu/gpu.h #include <drivers/gpu.h>	exempt
p002	plan-records	plan/ws035/phase002/pre-refs/refs.tsv	231	include/drivers/pci.h	stale: path -> include/drivers/pci/pci.h	p002 plan-tests/include plan/ws014/tests/gpu-framework.c 19 include/drivers/pci.h drivers/pci.h -> drivers/pci/pci.h #include <drivers/pci.h>	exempt
p002	plan-records	plan/ws035/phase002/pre-refs/refs.tsv	232	include/drivers/pci.h	stale: path -> include/drivers/pci/pci.h	p002 plan-tests/include plan/ws014/tests/pci-service-lifecycle-host.c 14 include/drivers/pci.h drivers/pci.h -> drivers/pci/pci.h #include <drivers/pci.h>	exempt
p002	plan-records	plan/ws035/phase002/pre-refs/refs.tsv	233	include/drivers/disklabel.h	stale: path -> include/drivers/disklabel/disklabel.h	p002 plan-tests/include plan/ws018/tests/disklabel-host-test.c 6 include/drivers/disklabel.h drivers/disklabel.h -> drivers/disklabel/disklabel.h #include <drivers/disklabel.h>	exempt
p002	plan-records	plan/ws035/phase002/pre-refs/refs.tsv	234	include/drivers/disklabel.h	stale: path -> include/drivers/disklabel/disklabel.h	p002 plan-tests/include plan/ws019/tests/storage-foundation-test.c 13 include/drivers/disklabel.h drivers/disklabel.h -> drivers/disklabel/disklabel.h #include <drivers/disklabel.h>	exempt
p002	plan-records	plan/ws035/phase002/pre-refs/refs.tsv	235	include/drivers/usb.h	stale: path -> include/drivers/usb/usb.h	p002 plan-tests/include plan/ws025/tests/media-control-probe.c 2 include/drivers/usb.h drivers/usb.h -> drivers/usb/usb.h #include <drivers/usb.h>	exempt
p002	plan-records	plan/ws035/phase002/pre-refs/refs.tsv	236	include/drivers/dma.h	stale: path -> include/drivers/generic/dma.h	p002 plan-tests/include plan/ws025/tests/sg-kernel.c 3 include/drivers/dma.h drivers/dma.h -> drivers/generic/dma.h #include <drivers/dma.h>	exempt
p002	plan-records	plan/ws035/phase002/pre-refs/refs.tsv	237	include/drivers/usb.h	stale: path -> include/drivers/usb/usb.h	p002 plan-tests/include plan/ws025/tests/sg-kernel.c 4 include/drivers/usb.h drivers/usb.h -> drivers/usb/usb.h #include <drivers/usb.h>	exempt
p002	plan-records	plan/ws035/phase002/pre-refs/refs.tsv	238	include/drivers/usb-uas.h	stale: path -> include/drivers/usb/usb-uas.h	p002 plan-tests/include plan/ws025/tests/uas-command-host.c 2 include/drivers/usb-uas.h drivers/usb-uas.h -> drivers/usb/usb-uas.h #include <drivers/usb-uas.h>	exempt
p002	plan-records	plan/ws035/phase002/pre-refs/refs.tsv	239	include/drivers/usb-uas.h	stale: path -> include/drivers/usb/usb-uas.h	p002 plan-tests/include plan/ws025/tests/uas-descriptor-host.c 2 include/drivers/usb-uas.h drivers/usb-uas.h -> drivers/usb/usb-uas.h #include <drivers/usb-uas.h>	exempt
p002	plan-records	plan/ws035/phase002/pre-refs/refs.tsv	240	include/drivers/usb.h	stale: path -> include/drivers/usb/usb.h	p002 plan-tests/include plan/ws025/tests/uas-super-host.c 2 include/drivers/usb.h drivers/usb.h -> drivers/usb/usb.h #include <drivers/usb.h>	exempt
p002	plan-records	plan/ws035/phase002/pre-refs/refs.tsv	241	include/drivers/usb-uas.h	stale: path -> include/drivers/usb/usb-uas.h	p002 plan-tests/include plan/ws025/tests/uas-super-host.c 3 include/drivers/usb-uas.h drivers/usb-uas.h -> drivers/usb/usb-uas.h #include <drivers/usb-uas.h>	exempt
p002	plan-records	plan/ws035/phase002/pre-refs/refs.tsv	242	include/drivers/usb.h	stale: path -> include/drivers/usb/usb.h	p002 plan-tests/include plan/ws025/tests/uas-transport-host.c 2 include/drivers/usb.h drivers/usb.h -> drivers/usb/usb.h #include <drivers/usb.h>	exempt
p002	plan-records	plan/ws035/phase002/pre-refs/refs.tsv	243	include/drivers/usb-uas.h	stale: path -> include/drivers/usb/usb-uas.h	p002 plan-tests/include plan/ws025/tests/uas-transport-host.c 3 include/drivers/usb-uas.h drivers/usb-uas.h -> drivers/usb/usb-uas.h #include <drivers/usb-uas.h>	exempt
p002	plan-records	plan/ws035/phase002/pre-refs/refs.tsv	244	include/drivers/gpu.h	stale: path -> include/drivers/gpu/gpu.h	p002 plan-tests/include plan/ws029/tests/i915-host-stubs.inc 32 include/drivers/gpu.h drivers/gpu.h -> drivers/gpu/gpu.h #include <drivers/gpu.h>	exempt
p002	plan-records	plan/ws035/phase002/pre-refs/refs.tsv	245	include/drivers/pci.h	stale: path -> include/drivers/pci/pci.h	p002 plan-tests/include plan/ws030/tests/pci-device-cache.c 12 include/drivers/pci.h drivers/pci.h -> drivers/pci/pci.h #include <drivers/pci.h>	exempt
p002	plan-records	plan/ws035/phase002/pre-refs/refs.tsv	452	include/drivers/gpu-share.h	stale: path -> include/drivers/gpu/gpu-share.h	p003 plan-tests plan/ws014/tests/run-venus-remote.py 105 libc/string.c path 'include/drivers/gpu-share.h', 'libc/include/errno.h', 'libc/include/stddef.h', 'libc/string.c',	exempt
p002	plan-records	plan/ws035/phase002/pre-refs/refs.tsv	533	include/drivers/dma.h	stale: path -> include/drivers/generic/dma.h	p023 c-include include/drivers/dma.h 15 libc/include/stddef.h keep-root libc/include->include #include <stddef.h>	exempt
p002	plan-records	plan/ws035/phase002/pre-refs/refs.tsv	534	include/drivers/dma.h	stale: path -> include/drivers/generic/dma.h	p023 c-include include/drivers/dma.h 16 libc/include/stdint.h keep-root libc/include->include #include <stdint.h>	exempt
p002	plan-records	plan/ws035/phase002/pre-refs/refs.tsv	535	include/drivers/dp8390.h	stale: path -> include/drivers/ethernet/dp8390.h	p023 c-include include/drivers/dp8390.h 15 libc/include/stddef.h keep-root libc/include->include #include <stddef.h>	exempt
p002	plan-records	plan/ws035/phase002/pre-refs/refs.tsv	536	include/drivers/dp8390.h	stale: path -> include/drivers/ethernet/dp8390.h	p023 c-include include/drivers/dp8390.h 16 libc/include/stdint.h keep-root libc/include->include #include <stdint.h>	exempt
p002	plan-records	plan/ws035/phase002/pre-refs/refs.tsv	537	include/drivers/gpu-fence.h	stale: path -> include/drivers/gpu/gpu-fence.h	p023 c-include include/drivers/gpu-fence.h 16 libc/include/stdint.h keep-root libc/include->include #include <stdint.h>	exempt
p002	plan-records	plan/ws035/phase002/pre-refs/refs.tsv	538	include/drivers/gpu.h	stale: path -> include/drivers/gpu/gpu.h	p023 c-include include/drivers/gpu.h 20 libc/include/stdint.h keep-root libc/include->include #include <stdint.h>	exempt
p002	plan-records	plan/ws035/phase002/pre-refs/refs.tsv	539	include/drivers/hid/hid-report.h	stale: path -> include/drivers/usb/hid-report.h	p023 c-include include/drivers/hid/hid-report.h 7 libc/include/stddef.h keep-root libc/include->include #include <stddef.h>	exempt
p002	plan-records	plan/ws035/phase002/pre-refs/refs.tsv	540	include/drivers/hid/hid-report.h	stale: path -> include/drivers/usb/hid-report.h	p023 c-include include/drivers/hid/hid-report.h 8 libc/include/stdint.h keep-root libc/include->include #include <stdint.h>	exempt
p002	plan-records	plan/ws035/phase002/pre-refs/refs.tsv	541	include/drivers/pci-nvme-protocol.h	stale: path -> include/drivers/pci/pci-nvme-protocol.h	p023 c-include include/drivers/pci-nvme-protocol.h 15 libc/include/errno.h keep-root libc/include->include #include <errno.h>	exempt
p002	plan-records	plan/ws035/phase002/pre-refs/refs.tsv	542	include/drivers/pci-nvme-protocol.h	stale: path -> include/drivers/pci/pci-nvme-protocol.h	p023 c-include include/drivers/pci-nvme-protocol.h 16 libc/include/stddef.h keep-root libc/include->include #include <stddef.h>	exempt
p002	plan-records	plan/ws035/phase002/pre-refs/refs.tsv	543	include/drivers/pci-nvme-protocol.h	stale: path -> include/drivers/pci/pci-nvme-protocol.h	p023 c-include include/drivers/pci-nvme-protocol.h 17 libc/include/stdint.h keep-root libc/include->include #include <stdint.h>	exempt
p002	plan-records	plan/ws035/phase002/pre-refs/refs.tsv	544	include/drivers/pci-xhci-capability.h	stale: path -> include/drivers/pci/pci-xhci-capability.h	p023 c-include include/drivers/pci-xhci-capability.h 15 libc/include/stddef.h keep-root libc/include->include #include <stddef.h>	exempt
p002	plan-records	plan/ws035/phase002/pre-refs/refs.tsv	545	include/drivers/pci-xhci-capability.h	stale: path -> include/drivers/pci/pci-xhci-capability.h	p023 c-include include/drivers/pci-xhci-capability.h 16 libc/include/stdint.h keep-root libc/include->include #include <stdint.h>	exempt
p002	plan-records	plan/ws035/phase002/pre-refs/refs.tsv	546	include/drivers/pci-xhci-control.h	stale: path -> include/drivers/pci/pci-xhci-control.h	p023 c-include include/drivers/pci-xhci-control.h 17 libc/include/stdint.h keep-root libc/include->include #include <stdint.h>	exempt
p002	plan-records	plan/ws035/phase002/pre-refs/refs.tsv	547	include/drivers/pci-xhci-lifecycle.h	stale: path -> include/drivers/pci/pci-xhci-lifecycle.h	p023 c-include include/drivers/pci-xhci-lifecycle.h 15 libc/include/stddef.h keep-root libc/include->include #include <stddef.h>	exempt
p002	plan-records	plan/ws035/phase002/pre-refs/refs.tsv	548	include/drivers/pci-xhci-lifecycle.h	stale: path -> include/drivers/pci/pci-xhci-lifecycle.h	p023 c-include include/drivers/pci-xhci-lifecycle.h 16 libc/include/stdint.h keep-root libc/include->include #include <stdint.h>	exempt
p002	plan-records	plan/ws035/phase002/pre-refs/refs.tsv	549	include/drivers/pci.h	stale: path -> include/drivers/pci/pci.h	p023 c-include include/drivers/pci.h 18 libc/include/stdbool.h keep-root libc/include->include #include <stdbool.h>	exempt
p002	plan-records	plan/ws035/phase002/pre-refs/refs.tsv	550	include/drivers/pci.h	stale: path -> include/drivers/pci/pci.h	p023 c-include include/drivers/pci.h 19 libc/include/stddef.h keep-root libc/include->include #include <stddef.h>	exempt
p002	plan-records	plan/ws035/phase002/pre-refs/refs.tsv	551	include/drivers/pci.h	stale: path -> include/drivers/pci/pci.h	p023 c-include include/drivers/pci.h 20 libc/include/stdint.h keep-root libc/include->include #include <stdint.h>	exempt
p002	plan-records	plan/ws035/phase002/pre-refs/refs.tsv	552	include/drivers/usb-cdc-ncm.h	stale: path -> include/drivers/usb/usb-cdc-ncm.h	p023 c-include include/drivers/usb-cdc-ncm.h 15 libc/include/stddef.h keep-root libc/include->include #include <stddef.h>	exempt
p002	plan-records	plan/ws035/phase002/pre-refs/refs.tsv	553	include/drivers/usb-cdc-ncm.h	stale: path -> include/drivers/usb/usb-cdc-ncm.h	p023 c-include include/drivers/usb-cdc-ncm.h 16 libc/include/stdint.h keep-root libc/include->include #include <stdint.h>	exempt
p002	plan-records	plan/ws035/phase002/pre-refs/refs.tsv	554	include/drivers/usb-storage-bot.h	stale: path -> include/drivers/usb/usb-storage-bot.h	p023 c-include include/drivers/usb-storage-bot.h 15 libc/include/stddef.h keep-root libc/include->include #include <stddef.h>	exempt
p002	plan-records	plan/ws035/phase002/pre-refs/refs.tsv	555	include/drivers/usb-storage-bot.h	stale: path -> include/drivers/usb/usb-storage-bot.h	p023 c-include include/drivers/usb-storage-bot.h 16 libc/include/stdint.h keep-root libc/include->include #include <stdint.h>	exempt
p002	plan-records	plan/ws035/phase002/pre-refs/refs.tsv	556	include/drivers/usb-storage-scsi.h	stale: path -> include/drivers/usb/usb-storage-scsi.h	p023 c-include include/drivers/usb-storage-scsi.h 15 libc/include/stddef.h keep-root libc/include->include #include <stddef.h>	exempt
p002	plan-records	plan/ws035/phase002/pre-refs/refs.tsv	557	include/drivers/usb-storage-scsi.h	stale: path -> include/drivers/usb/usb-storage-scsi.h	p023 c-include include/drivers/usb-storage-scsi.h 16 libc/include/stdint.h keep-root libc/include->include #include <stdint.h>	exempt
p002	plan-records	plan/ws035/phase002/pre-refs/refs.tsv	558	include/drivers/usb-uas.h	stale: path -> include/drivers/usb/usb-uas.h	p023 c-include include/drivers/usb-uas.h 15 libc/include/stddef.h keep-root libc/include->include #include <stddef.h>	exempt
p002	plan-records	plan/ws035/phase002/pre-refs/refs.tsv	559	include/drivers/usb-uas.h	stale: path -> include/drivers/usb/usb-uas.h	p023 c-include include/drivers/usb-uas.h 16 libc/include/stdint.h keep-root libc/include->include #include <stdint.h>	exempt
p002	plan-records	plan/ws035/phase002/pre-refs/refs.tsv	560	include/drivers/usb.h	stale: path -> include/drivers/usb/usb.h	p023 c-include include/drivers/usb.h 21 libc/include/stdbool.h keep-root libc/include->include #include <stdbool.h>	exempt
p002	plan-records	plan/ws035/phase002/pre-refs/refs.tsv	561	include/drivers/usb.h	stale: path -> include/drivers/usb/usb.h	p023 c-include include/drivers/usb.h 22 libc/include/stddef.h keep-root libc/include->include #include <stddef.h>	exempt
p002	plan-records	plan/ws035/phase002/pre-refs/refs.tsv	562	include/drivers/usb.h	stale: path -> include/drivers/usb/usb.h	p023 c-include include/drivers/usb.h 23 libc/include/stdint.h keep-root libc/include->include #include <stdint.h>	exempt
p002	plan-records	plan/ws035/phase002/pre-refs/refs.tsv	4443	include/drivers/gpu-share.h	stale: path -> include/drivers/gpu/gpu-share.h	p023 plan-tests plan/ws014/tests/run-venus-remote.py 105 libc/include/errno.h path 'include/drivers/gpu-share.h', 'libc/include/errno.h', 'libc/include/stddef.h', 'libc/string.c',	exempt
p002	plan-records	plan/ws035/phase002/pre-refs/refs.tsv	4444	include/drivers/gpu-share.h	stale: path -> include/drivers/gpu/gpu-share.h	p023 plan-tests plan/ws014/tests/run-venus-remote.py 105 libc/include/stddef.h path 'include/drivers/gpu-share.h', 'libc/include/errno.h', 'libc/include/stddef.h', 'libc/string.c',	exempt
p002	plan-records	plan/ws035/phase002/pre-refs/summary.json	70	include/drivers/disklabel.h	stale: path -> include/drivers/disklabel/disklabel.h	"include/drivers/disklabel.h": 54,	exempt
p002	plan-records	plan/ws035/phase002/pre-refs/summary.json	71	include/drivers/dma.h	stale: path -> include/drivers/generic/dma.h	"include/drivers/dma.h": 98,	exempt
p002	plan-records	plan/ws035/phase002/pre-refs/summary.json	72	include/drivers/dp8390.h	stale: path -> include/drivers/ethernet/dp8390.h	"include/drivers/dp8390.h": 21,	exempt
p002	plan-records	plan/ws035/phase002/pre-refs/summary.json	73	include/drivers/gpu-display.h	stale: path -> include/drivers/gpu/gpu-display.h	"include/drivers/gpu-display.h": 60,	exempt
p002	plan-records	plan/ws035/phase002/pre-refs/summary.json	74	include/drivers/gpu-fence.h	stale: path -> include/drivers/gpu/gpu-fence.h	"include/drivers/gpu-fence.h": 39,	exempt
p002	plan-records	plan/ws035/phase002/pre-refs/summary.json	75	include/drivers/gpu-scanout.h	stale: path -> include/drivers/gpu/gpu-scanout.h	"include/drivers/gpu-scanout.h": 26,	exempt
p002	plan-records	plan/ws035/phase002/pre-refs/summary.json	76	include/drivers/gpu-share.h	stale: path -> include/drivers/gpu/gpu-share.h	"include/drivers/gpu-share.h": 30,	exempt
p002	plan-records	plan/ws035/phase002/pre-refs/summary.json	77	include/drivers/gpu.h	stale: path -> include/drivers/gpu/gpu.h	"include/drivers/gpu.h": 197,	exempt
p002	plan-records	plan/ws035/phase002/pre-refs/summary.json	78	include/drivers/graphics/	stale: path -> 	"include/drivers/graphics/": 2,	exempt
p002	plan-records	plan/ws035/phase002/pre-refs/summary.json	79	include/drivers/graphics/pc98.h	stale: path -> include/drivers/platform/pc98/graphics/pc98.h	"include/drivers/graphics/pc98.h": 12,	exempt
p002	plan-records	plan/ws035/phase002/pre-refs/summary.json	80	include/drivers/graphics/pcat.h	stale: path -> include/drivers/platform/pcat/graphics/pcat.h	"include/drivers/graphics/pcat.h": 16,	exempt
p002	plan-records	plan/ws035/phase002/pre-refs/summary.json	81	include/drivers/hid/	stale: path -> 	"include/drivers/hid/": 21,	exempt
p002	plan-records	plan/ws035/phase002/pre-refs/summary.json	82	include/drivers/hid/hid-report.h	stale: path -> include/drivers/usb/hid-report.h	"include/drivers/hid/hid-report.h": 17,	exempt
p002	plan-records	plan/ws035/phase002/pre-refs/summary.json	83	include/drivers/hid/pc98-busmouse.h	stale: path -> include/drivers/platform/pc98/pc98-busmouse.h	"include/drivers/hid/pc98-busmouse.h": 20,	exempt
p002	plan-records	plan/ws035/phase002/pre-refs/summary.json	84	include/drivers/hid/ps2-8042.h	stale: path -> include/drivers/platform/pcat/ps2-8042.h	"include/drivers/hid/ps2-8042.h": 18,	exempt
p002	plan-records	plan/ws035/phase002/pre-refs/summary.json	85	include/drivers/i915.h	stale: path -> include/drivers/pci/pci-i915.h	"include/drivers/i915.h": 58,	exempt
p002	plan-records	plan/ws035/phase002/pre-refs/summary.json	86	include/drivers/pc98-lgy98.h	stale: path -> include/drivers/platform/pc98/pc98-lgy98.h	"include/drivers/pc98-lgy98.h": 12,	exempt
p002	plan-records	plan/ws035/phase002/pre-refs/summary.json	87	include/drivers/pcat-ide.h	stale: path -> include/drivers/platform/pcat/pcat-ide.h	"include/drivers/pcat-ide.h": 16,	exempt
p002	plan-records	plan/ws035/phase002/pre-refs/summary.json	88	include/drivers/pcat-ne2000.h	stale: path -> include/drivers/isa/pcat-ne2000.h	"include/drivers/pcat-ne2000.h": 16,	exempt
p002	plan-records	plan/ws035/phase002/pre-refs/summary.json	89	include/drivers/pci-ehci.h	stale: path -> include/drivers/pci/pci-ehci.h	"include/drivers/pci-ehci.h": 15,	exempt
p002	plan-records	plan/ws035/phase002/pre-refs/summary.json	90	include/drivers/pci-intel-ax211.h	stale: path -> include/drivers/wifi/intel-ax211/pci-intel-ax211.h	"include/drivers/pci-intel-ax211.h": 13,	exempt
p002	plan-records	plan/ws035/phase002/pre-refs/summary.json	91	include/drivers/pci-nvme-protocol.h	stale: path -> include/drivers/pci/pci-nvme-protocol.h	"include/drivers/pci-nvme-protocol.h": 20,	exempt
p002	plan-records	plan/ws035/phase002/pre-refs/summary.json	92	include/drivers/pci-nvme.h	stale: path -> include/drivers/pci/pci-nvme.h	"include/drivers/pci-nvme.h": 15,	exempt
p002	plan-records	plan/ws035/phase002/pre-refs/summary.json	93	include/drivers/pci-pcat.h	stale: path -> include/drivers/pci/pci-pcat.h	"include/drivers/pci-pcat.h": 16,	exempt
p002	plan-records	plan/ws035/phase002/pre-refs/summary.json	94	include/drivers/pci-uhci.h	stale: path -> include/drivers/pci/pci-uhci.h	"include/drivers/pci-uhci.h": 15,	exempt
p002	plan-records	plan/ws035/phase002/pre-refs/summary.json	95	include/drivers/pci-xhci-capability.h	stale: path -> include/drivers/pci/pci-xhci-capability.h	"include/drivers/pci-xhci-capability.h": 20,	exempt
p002	plan-records	plan/ws035/phase002/pre-refs/summary.json	96	include/drivers/pci-xhci-control.h	stale: path -> include/drivers/pci/pci-xhci-control.h	"include/drivers/pci-xhci-control.h": 20,	exempt
p002	plan-records	plan/ws035/phase002/pre-refs/summary.json	97	include/drivers/pci-xhci-lifecycle.h	stale: path -> include/drivers/pci/pci-xhci-lifecycle.h	"include/drivers/pci-xhci-lifecycle.h": 24,	exempt
p002	plan-records	plan/ws035/phase002/pre-refs/summary.json	98	include/drivers/pci-xhci.h	stale: path -> include/drivers/pci/pci-xhci.h	"include/drivers/pci-xhci.h": 19,	exempt
p002	plan-records	plan/ws035/phase002/pre-refs/summary.json	99	include/drivers/pci.h	stale: path -> include/drivers/pci/pci.h	"include/drivers/pci.h": 158,	exempt
p002	plan-records	plan/ws035/phase002/pre-refs/summary.json	100	include/drivers/usb-cdc-ecm.h	stale: path -> include/drivers/usb/usb-cdc-ecm.h	"include/drivers/usb-cdc-ecm.h": 15,	exempt
p002	plan-records	plan/ws035/phase002/pre-refs/summary.json	101	include/drivers/usb-cdc-ncm.h	stale: path -> include/drivers/usb/usb-cdc-ncm.h	"include/drivers/usb-cdc-ncm.h": 21,	exempt
p002	plan-records	plan/ws035/phase002/pre-refs/summary.json	102	include/drivers/usb-hid.h	stale: path -> include/drivers/usb/usb-hid.h	"include/drivers/usb-hid.h": 15,	exempt
p002	plan-records	plan/ws035/phase002/pre-refs/summary.json	103	include/drivers/usb-rtl8822bu.h	stale: path -> include/drivers/usb/usb-rtl8822bu.h	"include/drivers/usb-rtl8822bu.h": 15,	exempt
p002	plan-records	plan/ws035/phase002/pre-refs/summary.json	104	include/drivers/usb-storage-bot.h	stale: path -> include/drivers/usb/usb-storage-bot.h	"include/drivers/usb-storage-bot.h": 30,	exempt
p002	plan-records	plan/ws035/phase002/pre-refs/summary.json	105	include/drivers/usb-storage-scsi.h	stale: path -> include/drivers/usb/usb-storage-scsi.h	"include/drivers/usb-storage-scsi.h": 36,	exempt
p002	plan-records	plan/ws035/phase002/pre-refs/summary.json	106	include/drivers/usb-storage.h	stale: path -> include/drivers/usb/usb-storage.h	"include/drivers/usb-storage.h": 16,	exempt
p002	plan-records	plan/ws035/phase002/pre-refs/summary.json	107	include/drivers/usb-uas.h	stale: path -> include/drivers/usb/usb-uas.h	"include/drivers/usb-uas.h": 32,	exempt
p002	plan-records	plan/ws035/phase002/pre-refs/summary.json	108	include/drivers/usb.h	stale: path -> include/drivers/usb/usb.h	"include/drivers/usb.h": 176,	exempt
p002	plan-records	plan/ws035/phase002/pre-refs/summary.json	109	include/drivers/venus.h	stale: path -> include/drivers/pci/pci-venus.h	"include/drivers/venus.h": 90	exempt
p002	plan-records	plan/ws035/phase002/results.md	65	include/drivers/graphics/	stale: path -> 	- `rmdir include/drivers/graphics include/drivers/hid`（空になったディレクトリ）。	exempt
p002	plan-records	plan/ws035/phase002/results.md	65	include/drivers/hid/	stale: path -> 	- `rmdir include/drivers/graphics include/drivers/hid`（空になったディレクトリ）。	exempt
p002	plan-records	plan/ws035/phase002/results.md	72	include/drivers/hid/	stale: path -> 	`plan/ws018/tests/run-input-hid-host-test.sh:40` の `test -e "$repo/include/drivers/hid/ps2-mouse.h"`。	exempt
p002	plan-records	plan/ws035/phase002/results.md	158	include/drivers/hid/	stale: path -> 	| 旧パスへの参照が、計画の記録と `i915-old/` を除いて0件 | ファイル単位の旧パス38個については達成（0件）。ただし `refactor-refs.py` の検査は1行を報告する: 移動前から存在しないファイル `include/drivers/hid/ps2-mouse.h` を指す試験の行（p002対象外、残課題2）。ほかに `AGENTS.md:386`（q314の記録）を記録として除外した |	exempt
p002	plan-records	plan/ws035/phase002/results.md	181	include/drivers/i915.h	stale: path -> include/drivers/pci/pci-i915.h	3. `AGENTS.md:386` の `include/drivers/i915.h`・`drv_i915_pci_driver_register()` は q314 の記録として残した。	exempt
p002	plan-records	plan/ws035/ws.md	259	include/drivers/pci-xhci.h	stale: path -> include/drivers/pci/pci-xhci.h	- **p002**: 例: `include/drivers/pci-xhci.h` → `include/drivers/usb/xhci/...`、`gpu.h` →	exempt
p002	plan-tests	plan/ws018/tests/run-input-hid-host-test.sh	40	include/drivers/hid/	stale: path -> 	test -e "$repo/include/drivers/hid/ps2-mouse.h"	CHECK
p002	plan-tests	plan/ws035/tests/refactor-refs.py	296	include/drivers/i915.h	stale: path -> include/drivers/pci/pci-i915.h	# history, line "include/drivers/i915.h: drv_i915_pci_driver_register()")	exempt
p002	plan-tests	plan/ws035/tests/refactor-refs.py	388	include/drivers/graphics/	stale: path -> 	"include/drivers": "p002", "include/drivers/graphics": "p002",	exempt
p002	plan-tests	plan/ws035/tests/refactor-refs.py	389	include/drivers/hid/	stale: path -> 	"include/drivers/hid": "p002",	exempt
p002	source-text	src/drivers/gpu/i915-old/i915.c	21	include/drivers/gpu.h	stale: drivers/gpu.h -> drivers/gpu/gpu.h	#include <drivers/gpu.h>	exempt
p002	source-text	src/drivers/gpu/i915-old/i915.c	22	include/drivers/i915.h	stale: drivers/i915.h -> drivers/pci/pci-i915.h	#include <drivers/i915.h>	exempt
p002	source-text	src/drivers/gpu/i915-old/i915.c	32	include/drivers/gpu-display.h	stale: drivers/gpu-display.h -> drivers/gpu/gpu-display.h	#include <drivers/gpu-display.h>	exempt
p002	source-text	src/drivers/gpu/i915-old/i915.c	33	include/drivers/gpu-scanout.h	stale: drivers/gpu-scanout.h -> drivers/gpu/gpu-scanout.h	#include <drivers/gpu-scanout.h>	exempt
p002	source-text	src/drivers/gpu/i915-old/i915.c	34	include/drivers/gpu-share.h	stale: drivers/gpu-share.h -> drivers/gpu/gpu-share.h	#include <drivers/gpu-share.h>	exempt
p002	source-text	src/drivers/gpu/i915-old/internal.h	19	include/drivers/pci.h	stale: drivers/pci.h -> drivers/pci/pci.h	#include <drivers/pci.h>	exempt
p002	source-text	src/drivers/gpu/i915-old/parity/backend_dma.c	11	include/drivers/dma.h	stale: drivers/dma.h -> drivers/generic/dma.h	#include <drivers/dma.h>	exempt
p002	source-text	src/drivers/gpu/i915-old/parity/gt_mem.c	16	include/drivers/dma.h	stale: drivers/dma.h -> drivers/generic/dma.h	#include <drivers/dma.h>	exempt
p002	source-text	src/drivers/gpu/i915-old/parity/gt_mem.h	39	include/drivers/dma.h	stale: drivers/dma.h -> drivers/generic/dma.h	#include <drivers/dma.h>	exempt
p002	source-text	src/drivers/gpu/i915-old/parity/ktest.c	54	include/drivers/dma.h	stale: drivers/dma.h -> drivers/generic/dma.h	#include <drivers/dma.h>	exempt
p002	source-text	src/drivers/gpu/i915-old/parity/pch.c	6	include/drivers/pci.h	stale: drivers/pci.h -> drivers/pci/pci.h	#include <drivers/pci.h>	exempt
p002	source-text	src/drivers/gpu/i915-old/parity/probe.c	12	include/drivers/dma.h	stale: drivers/dma.h -> drivers/generic/dma.h	#include <drivers/dma.h>	exempt
p002	source-text	src/drivers/gpu/i915-old/parity/resident_display.c	35	include/drivers/gpu.h	stale: drivers/gpu.h -> drivers/gpu/gpu.h	#include <drivers/gpu.h>	exempt
p002	source-text	src/drivers/gpu/i915-old/parity/resident_display.c	36	include/drivers/gpu-display.h	stale: drivers/gpu-display.h -> drivers/gpu/gpu-display.h	#include <drivers/gpu-display.h>	exempt
p002	source-text	src/drivers/gpu/i915-old/parity/resident_display.c	37	include/drivers/gpu-scanout.h	stale: drivers/gpu-scanout.h -> drivers/gpu/gpu-scanout.h	#include <drivers/gpu-scanout.h>	exempt
p002	source-text	src/drivers/gpu/i915-old/parity/vga.c	14	include/drivers/pci.h	stale: drivers/pci.h -> drivers/pci/pci.h	#include <drivers/pci.h>	exempt
p002	source-text	src/drivers/gpu/i915-old/request.c	25	include/drivers/gpu.h	stale: drivers/gpu.h -> drivers/gpu/gpu.h	#include <drivers/gpu.h>	exempt
